$MeshFormat
4.1 0 8
$EndMeshFormat
$Entities
0 0 0 1
1 0 0 0 0 0 0 0 0 
$EndEntities
$PartitionedEntities
1024
0
151 507 1488 1129
1 3 1 4 811 812 815 816 7.25548 3.370166 29.32718 0 
2 3 1 4 801 802 803 805 -4.143003 2.713001 26.24233 0 
3 3 1 4 786 787 789 790 6.725624 -2.609249 106.2564 0 
4 3 1 4 505 801 804 816 1.828415 1.418088 20.63351 0 
5 3 1 4 786 787 788 789 6.863944 -2.153165 105.9264 0 
6 3 1 4 401 403 405 406 -3.086664 3.887306 105.5471 0 
7 3 1 4 721 726 727 728 6.716994 2.614505 106.2564 0 
8 3 1 4 805 806 807 808 -2.740061 -0.4773169 33.93906 0 
9 3 1 4 641 643 644 647 7.89771 3.495687 105.4191 0 
10 3 1 4 649 650 656 732 7.880444 3.307087 92.6641 0 
11 3 1 4 49 52 53 54 -9.465386000000001 2.501024 54.69454 0 
12 3 1 4 809 811 812 816 6.336884 4.883021 32 0 
13 3 1 5 801 802 803 804 816 0.9469676 1.178248 24.84004 0 
14 3 1 4 555 556 561 562 6.194071 2.25568 71.48289 0 
15 3 1 4 507 508 511 512 -7.857197 -1.504811 6.767872 0 
16 3 1 5 802 803 805 806 808 -2.275739 2.092555 30.3126 0 
17 3 1 4 835 836 838 849 7.144141 -4.631768 105.8106 0 
18 3 1 4 177 178 180 183 -5.828637 -4.742096 77.55714999999999 0 
19 3 1 4 802 811 815 816 3.033724 1.244198 27.86319 0 
20 3 1 4 721 725 726 728 7.155112 1.694224 106.2564 0 
21 3 1 4 567 569 570 572 7.056499 2.391802 50.78352 0 
22 3 1 4 593 594 595 607 3.57335 3.089071 93.55714999999999 0 
23 3 1 4 51 53 54 55 -2.988512 -4.580592 54.77452 0 
24 3 1 4 809 810 811 812 3.08748 1.141055 35.76755 0 
25 3 1 4 513 515 519 520 3.258147 1.696433 105.8856 0 
26 3 1 4 913 915 919 920 5.683842 -2.429934 76.68762 0 
27 3 1 4 553 554 555 556 7.130132 2.685838 76.31605 0 
28 3 1 4 513 514 515 520 3.226873 2.155745 105.7318 0 
29 3 1 4 570 571 573 574 6.435419 -0.7976648 56.12317 0 
30 3 1 4 905 906 907 908 3.270208 -3.910248 105.1294 0 
31 3 1 4 505 506 508 801 1.578944 3.205912 16.46253 0 
32 3 1 4 466 468 471 472 -2.499413 1.516485 105.6725 0 
34 3 1 4 569 571 572 574 4.430144 -0.1520803 55.5187 0 
35 3 1 4 515 517 519 520 3.100627 1.74594 106.2564 0 
36 3 1 4 517 518 519 520 3.904752 1.685394 106.7566 0 
37 3 1 4 147 149 151 152 -4.068078 -1.165002 106.2564 0 
38 3 1 4 146 149 150 151 -3.239526 -2.413919 106.2564 0 
39 3 1 4 469 470 471 472 -2.390961 2.718217 106.9086 0 
40 3 1 4 147 148 150 159 -3.12077 -2.061019 103.9291 0 
41 3 1 4 149 150 151 152 -4.040932 -2.301428 106.6242 0 
42 3 1 4 465 467 477 478 -4.068078 2.703058 106.2564 0 
43 3 1 4 566 570 571 572 7.187951 4.582288 54.96035 0 
44 3 1 4 566 570 571 573 7.514231 1.156461 57.39842 0 
45 3 1 5 913 914 915 916 920 5.973053 -3.138335 75.39727000000001 0 
46 3 1 4 913 914 915 916 4.027583 -2.603648 75.69622 0 
47 3 1 4 305 306 307 308 -4.880117 4.057298 77.55714999999999 0 
48 3 1 5 506 509 510 511 512 3.002558 -0.1679011 3.268364 0 
49 3 1 4 467 471 472 478 -2.969465 2.051623 106.0315 0 
50 3 1 4 97 98 103 104 -6.971611 -4.087192 104.3685 0 
51 3 1 4 553 554 555 556 6.560943 3.834597 77.55714999999999 0 
52 3 1 4 274 275 279 280 -5.999273 2.528593 103.883 0 
53 3 1 4 641 643 644 645 5.850656 4.443714 106.2564 0 
54 3 1 4 569 570 571 574 5.507613 -1.899532 54.55425 0 
55 3 1 5 553 554 555 556 559 5.284097 4.022504 77.55714999999999 0 
56 3 1 4 721 722 727 728 6.598067 2.671664 105.8605 0 
57 3 1 4 571 573 574 576 4.641244 -1.278679 57.39842 0 
58 3 1 4 981 982 983 984 2.383872 -2.170536 106.2564 0 
59 3 1 4 565 567 568 569 5.973479 4.961656 47.63001 0 
60 3 1 5 49 51 53 54 55 -5.216218 -0.4293503 55.63218 0 
61 3 1 4 52 53 59 60 -6.296021 -0.5027376 50.91992 0 
62 3 1 4 465 466 467 468 -3.50791 2.342944 104.5028 0 
63 3 1 5 465 466 467 471 478 -3.303248 1.723826 105.864 0 
64 3 1 4 92 93 94 96 -6.778515 -3.803681 123.8183 0 
65 3 1 4 333 334 335 336 -6.374841 1.346598 91.90772 0 
66 3 1 4 1 5 7 8 -8.336325 -1.644674 105.2913 0 
67 3 1 4 507 508 510 511 -3.839003 -4.126623 8.381833 0 
68 3 1 4 147 148 149 150 -3.328223 -2.368502 104.8421 0 
69 3 1 5 567 569 570 571 572 4.604603 0.3138176 52.05272 0 
70 3 1 4 274 275 279 280 -6.418154 2.212357 105.1463 0 
71 3 1 4 913 915 916 920 5.643348 -4.790624 75.38273 0 
72 3 1 4 977 981 982 983 2.86264 -1.831304 105.8846 0 
73 3 1 5 503 505 506 509 510 5.273954 0.777132 9.261379 0 
74 3 1 4 3 4 7 8 -7.164601 -2.04216 106.0055 0 
75 3 1 4 905 906 908 911 3.335579 -5.064318 106.2564 0 
76 3 1 4 273 274 275 279 -6.824942 1.877342 105.5503 0 
77 3 1 4 571 573 575 576 5.728159 -0.09653011 57.39842 0 
78 3 1 5 307 308 310 313 314 -6.521872 2.874245 75.01322 0 
79 3 1 4 202 204 213 214 -3.872546 -4.480601 114.8811 0 
80 3 1 4 146 147 149 150 -2.981518 -2.30022 105.9855 0 
81 3 1 4 179 180 184 186 -4.462213 -2.600607 75.30981 0 
82 3 1 4 54 56 187 188 -7.823029 -4.822212 63.05559 0 
83 3 1 4 195 196 197 200 -3.870881 -4.669714 105.8317 0 
84 3 1 4 601 602 603 604 2.274081 4.077575 105.7441 0 
85 3 1 4 566 571 572 576 1.924847 -0.04714731 57.39842 0 
86 3 1 4 177 179 180 183 -5.829026 -4.031292 76.76579 0 
87 3 1 5 506 507 508 510 511 -1.952376 -1.004837 5.388638 0 
88 3 1 4 49 51 52 53 -4.736057 1.097589 53.73734 0 
89 3 1 4 977 978 981 982 3.541245 -2.061657 105.937 0 
90 3 1 4 466 467 468 471 -2.767164 2.044182 105.6614 0 
91 3 1 4 51 53 59 60 -3.583459 -2.499632 52.53166 0 
92 3 1 5 785 786 787 788 789 7.024269 -1.600427 105.2746 0 
93 3 1 5 505 801 802 814 816 0.7024502 4.93912 22.75518 0 
94 3 1 5 802 803 806 808 815 -1.567607 -1.48351 28.84539 0 
95 3 1 7 503 504 505 508 801 803 804 0.1647763 -2.167798 17.97604 0 
96 3 1 4 57 58 59 60 -5.799591 0.8320189 45.9765 0 
97 3 1 4 503 505 804 816 4.220618 -1.630958 19.0059 0 
98 3 1 4 145 146 147 149 -3.053924 -2.047962 106.2564 0 
99 3 1 4 401 402 403 405 -3.081624 4.648201 105.8835 0 
100 3 1 4 505 506 507 508 -1.915113 4.125401 13.43113 0 
101 3 1 4 58 61 62 807 -6.159609 1.113145 37.04324 0 
102 3 1 4 308 309 310 312 -7.604875 1.268722 77.55714999999999 0 
103 3 1 4 146 148 149 150 -2.82787 -2.661397 105.5879 0 
104 3 1 4 565 567 568 810 2.896021 1.030338 41.32304 0 
105 3 1 4 146 147 148 149 -2.568577 -2.062214 105.873 0 
106 3 1 4 506 507 511 512 -0.9432053 2.739854 3.395674 0 
107 3 1 4 58 59 60 61 -3.608537 -2.368787 45.28097 0 
108 3 1 4 57 58 59 61 -5.623487 -0.6908246 43.65211 0 
109 3 1 4 97 98 100 103 -6.822689 -5.083646 106.2564 0 
110 3 1 4 722 727 728 735 7.280331 2.32231 103.2053 0 
111 3 1 5 565 567 809 810 811 1.023795 2.977203 38.02789 0 
112 3 1 4 803 804 808 815 -0.05914626 -4.034957 28.45256 0 
113 3 1 5 52 53 57 59 60 -7.316291 1.596936 52.03764 0 
114 3 1 4 806 811 812 815 0.3723241 -1.772339 32 0 
115 3 1 4 913 915 916 924 3.573196 -2.48106 77.55714999999999 0 
116 3 1 4 54 55 56 187 -5.050516 -4.12443 61.19528 0 
117 3 1 4 567 569 572 574 3.392545 -2.247729 52.36115 0 
118 3 1 4 514 515 517 520 3.086611 2.050509 106.2564 0 
119 3 1 4 49 51 55 56 -3.749541 -0.3286479 57.39842 0 
120 3 1 4 555 556 559 561 4.587909 3.776544 73.29854 0 
121 3 1 4 978 981 982 985 3.517225 -2.378382 105.1488 0 
122 3 1 4 323 324 326 349 -7.091004 4.611583 106.2564 0 
123 3 1 4 721 722 724 727 6.112084 2.703058 106.2564 0 
124 3 1 4 4 5 7 8 -7.719219 -1.792441 105.802 0 
125 3 1 4 571 572 574 576 3.312003 -1.546389 55.40829 0 
126 3 1 4 465 466 477 478 -4.068078 1.165002 106.2564 0 
127 3 1 4 725 726 727 728 7.518954 2.623737 106.2564 0 
128 3 1 4 3 4 8 14 -6.362018 -1.787705 106.2564 0 
129 3 1 4 322 323 324 349 -6.804645 4.010051 104.943 0 
130 3 1 7 802 803 804 806 811 815 816 2.08534 -3.097574 27.00009 0 
131 3 1 4 553 555 559 560 5.184131 2.907575 76.27198 0 
132 3 1 5 587 601 602 603 604 3.085312 4.586425 106.2564 0 
133 3 1 5 306 307 308 309 310 -5.255022 3.05329 77.07185 0 
134 3 1 4 273 274 278 279 -7.254655 2.345668 105.6615 0 
135 3 1 4 569 570 573 574 8.958926 -3.229621 54.80328 0 
136 3 1 5 503 505 506 508 510 1.845204 -1.394548 13.77814 0 
137 3 1 4 145 146 147 148 -2.332771 -1.800541 106.2564 0 
138 3 1 4 553 555 559 560 5.044451 3.492245 77.18259999999999 0 
139 3 1 4 105 106 107 110 -6.347326 -3.625857 92.52001 0 
140 3 1 4 565 568 809 810 7.648933 -0.6169474 40.22473 0 
141 3 1 4 57 58 61 807 -6.156753 4.925508 37.84027 0 
142 3 1 4 179 180 183 186 -5.740626 -3.311739 76.00382999999999 0 
143 3 1 4 465 466 468 473 -3.065907 2.067546 102.3926 0 
144 3 1 4 49 50 52 315 -4.095554 2.772856 57.39842 0 
145 3 1 4 1 4 7 8 -7.243111 -1.57807 105.0694 0 
146 3 1 5 58 62 805 806 807 -2.349601 1.035727 36.74565 0 
147 3 1 4 51 52 53 60 -3.850291 3.181039 50.92787 0 
148 3 1 4 49 54 55 56 -5.960153 -1.669451 57.39842 0 
149 3 1 4 62 806 807 808 -3.515119 -1.621859 36.19893 0 
150 3 1 4 180 183 184 186 -4.476175 -2.70443 76.67194000000001 0 
151 3 1 4 466 469 471 472 -2.782609 1.329386 106.2564 0 
152 3 1 4 466 469 471 472 -2.072084 1.165002 106.2564 0 
1 3 1 3 121 122 124 -8.637684999999999 -5.2171 115.4925 -7.89514 -4.158238 115.5938 0 0 
2 3 1 3 146 148 149 -2.82787 -2.661397 105.5879 -2.568577 -2.062214 105.873 0 2 103 -105 
3 3 1 3 180 183 186 -5.740626 -3.311739 76.00382999999999 -4.476175 -2.70443 76.67194000000001 0 2 142 -150 
4 3 1 3 1 7 8 -8.336325 -1.644674 105.0694 -7.243111 -1.57807 105.2913 0 2 145 -66 
5 3 1 3 4 7 8 -7.719219 -2.211042 105.0694 -7.164601 -1.57807 106.0055 0 2 124 -145 
6 3 1 3 51 53 60 -3.850291 -2.499632 50.92787 -2.434785 3.181039 52.53166 0 2 147 -91 
7 3 1 3 50 52 315 -4.095554 2.772856 57.39842 -3.97676 4.915174 57.39842 0 1 -144 
8 3 1 3 51 52 53 -4.736057 1.097589 50.92787 -3.850291 3.181039 53.73734 0 2 147 -88 
9 3 1 3 105 107 110 -6.347326 -3.625857 92.52001 -5.110081 -3.20655 93.55714999999999 0 1 139 
10 3 1 3 62 806 807 -3.515119 -1.621859 36.19893 -2.349601 1.035727 36.74565 0 2 149 -146 
11 3 1 3 76 77 80 -6.303422 -5.018357 126.6889 -5.762814 -4.704603 126.7633 0 0 
12 3 1 3 1 4 7 -7.243111 -3.181933 105.0694 -6.773046 -1.57807 105.4492 0 1 145 
13 3 1 3 1 4 8 -7.243111 -1.57807 105.0694 -7.154252 -0.6748833 105.1903 0 1 -145 
14 3 1 3 1 2 4 -6.742004 -1.18404 104.1411 -6.0977 -0.7290732 104.273 0 0 
15 3 1 3 273 274 278 -7.254655 2.345668 105.6615 -7.1317 2.778308 106.2564 0 1 134 
16 3 1 3 306 307 309 -5.255022 3.05329 77.07185 -5.211461 3.835234 77.55714999999999 0 1 133 
17 3 1 3 146 147 149 -3.053924 -2.30022 105.873 -2.568577 -2.047962 106.2564 0 2 105 -98 
18 3 1 3 147 148 149 -3.328223 -2.368502 104.8421 -2.568577 -1.838238 105.873 0 2 105 -68 
19 3 1 3 306 307 308 -5.255022 2.704643 76.60599000000001 -4.443535 4.057298 77.55714999999999 0 2 47 -133 
20 3 1 3 307 308 314 -6.521872 1.986791 74.96127 -2.067711 4.17848 75.48769 0 1 78 
21 3 1 3 146 147 148 -2.568577 -2.062214 105.873 -2.332771 -1.800541 106.2564 0 2 137 -105 
22 3 1 3 115 116 117 -7.709998 -5.441573 123.8134 -7.446615 -4.800553 124.0772 0 0 
23 3 1 3 98 103 104 -7.068954 -5.435429 104.3685 -6.289849 -4.087192 105.1949 0 1 50 
24 3 1 3 185 187 188 -7.037481 -5.71394 64.82017 -4.530098 -0.06659545999999983 67.56984 0 0 
25 3 1 3 323 324 349 -7.091004 4.010051 104.943 -6.690238 4.611583 106.2564 0 2 129 -122 
26 3 1 3 97 98 104 -7.507471 -4.087192 104.3685 -6.971611 -3.283461 104.5784 0 1 50 
27 3 1 3 58 59 60 -5.799591 -2.368787 45.28097 -3.608537 0.8320189 45.9765 0 2 107 -96 
28 3 1 3 93 94 96 -6.778515 -4.014146 123.2951 -5.948489 -3.627036 123.8183 0 1 -64 
29 3 1 3 49 55 56 -5.960153 -1.669451 57.39842 -3.749541 -0.3286479 58.2622 0 2 119 -148 
30 3 1 3 54 55 56 -5.960153 -4.560338 57.39842 -5.050516 -1.669451 61.19528 0 2 148 -116 
31 3 1 3 49 52 315 -4.095554 2.772856 57.39842 -1.915279 3.20655 57.39842 0 1 144 
32 3 1 3 49 52 53 -9.465386000000001 1.097589 53.73734 -4.736057 2.501024 55.37543 0 2 88 -11 
33 3 1 3 322 323 324 -8.299985 4.010051 104.7593 -6.804645 4.318787 105.3191 0 1 -129 
34 3 1 3 321 322 323 -8.165032 4.365796 103.4373 -6.638596 5.647447 104.1461 0 0 
35 3 1 3 329 330 368 -7.916559 4.98407 116.3357 -7.411719 5.272756 116.3357 0 0 
36 3 1 3 193 195 196 -4.325064 -4.776203 103.8829 -2.160047 -3.607727 104.6694 0 0 
37 3 1 3 61 62 807 -6.329813 -4.884822 37.04324 -5.961884 1.113145 37.90855 0 1 -101 
38 3 1 3 97 98 100 -7.093056 -5.083646 105.9315 -6.112084 -3.710043 106.2564 0 1 -109 
39 3 1 3 98 100 103 -6.822689 -5.248098 106.2564 -6.112084 -5.083646 106.2564 0 1 109 
40 3 1 3 50 315 320 -8.263871999999999 1.059816 59.55439 -2.751085 3.991776 61.48139 0 0 
41 3 1 3 58 61 807 -6.159609 1.113145 37.04324 -6.156753 4.925508 37.84027 0 2 141 -101 
42 3 1 3 58 59 61 -5.623487 -2.368787 43.65211 -3.608537 -0.6908246 45.28097 0 2 108 -107 
43 3 1 3 57 58 61 -6.156753 -0.6908246 37.84027 -5.623487 4.925508 43.65211 0 2 108 -141 
44 3 1 3 58 61 62 -6.159609 -4.381984 37.04324 -2.600778 1.113145 41.93994 0 1 101 
45 3 1 3 315 316 320 -8.206666999999999 1.495023 63.82617 -2.416124 2.601354 64.79651 0 0 
46 3 1 3 313 314 316 -4.638688 0.07214103000000005 68.85717 -2.892966 5.498286 70.58002 0 0 
47 3 1 3 51 52 60 -3.850291 2.209553 50.92787 -0.5605897 3.181039 52.26104 0 1 -147 
48 3 1 3 307 313 314 -6.521872 2.874245 73.4156 -2.515982 5.064878 75.01322 0 1 -78 
49 3 1 3 178 180 184 -5.57309 -3.827582 77.55714999999999 -5.208945 -2.225898 77.55714999999999 0 0 
50 3 1 3 802 805 806 -2.275739 2.092555 30.3126 -1.340328 3.36716 32 0 1 16 
52 3 1 3 52 57 60 -7.316291 1.596936 49.42379 -2.962443 4.568542 52.03764 0 1 -113 
53 3 1 3 553 555 560 4.132524 0.1795956999999999 76.27198 5.966509 3.492245 77.55714999999999 0 1 -138 
54 3 1 3 130 155 157 -2.325208 -2.43903 116.3357 -1.768444 -1.942263 116.3357 0 0 
55 3 1 3 309 310 312 -8.193516000000001 1.268722 77.55714999999999 -5.117454 3.378127 79.62905000000001 0 1 102 
56 3 1 3 57 59 60 -7.487221 -0.2598286000000001 45.9765 -5.799591 1.596936 52.03764 0 2 96 -113 
57 3 1 3 201 202 206 -4.969118 -3.851159 87.07932 -1.176809 -2.579128 89.2486 0 0 
58 3 1 3 401 403 405 -3.086664 3.887306 105.5471 -3.055053 4.648201 106.2564 0 1 99 
59 3 1 3 503 804 816 2.886158 -6.642539 19.0059 4.458326 -1.630958 21.98323 0 1 -97 
60 3 1 3 401 403 406 -3.086664 3.239598 105.5471 -2.84401 3.887306 105.7312 0 1 -6 
61 3 1 3 802 806 811 0.2507026 -3.097574 27.00009 2.08534 3.424894 32 0 1 130 
62 3 1 3 137 140 143 -2.46768 -1.88762 123.842 -1.800585 -1.252653 124.0385 0 0 
63 3 1 4 802 803 806 808 -2.275739 -1.48351 28.84539 -1.567607 2.092555 30.3126 0 2 94 -16 
64 3 1 3 274 278 279 -8.324173999999999 2.124977 104.4996 -7.254655 2.345668 105.6615 0 1 -134 
65 3 1 3 227 229 230 -2.731208 -4.163408 123.8051 -2.255426 -3.517542 123.8299 0 0 
66 3 1 3 104 109 112 -7.143449 -4.742572 100.8206 -5.878023 -3.68543 101.1583 0 0 
67 3 1 3 709 710 711 5.950104 2.429235 122.8648 6.680574 2.787731 123.3015 0 0 
68 3 1 3 505 801 814 0.7024502 4.933298 16.73708 2.457964 7.613042 22.75518 0 1 93 
69 3 1 3 411 412 416 -4.290836 3.336816 93.55714999999999 -2.538427 4.790771 93.55714999999999 0 0 
70 3 1 3 977 981 982 2.86264 -2.101012 105.8846 3.541245 -1.831304 106.0358 0 2 89 -72 
71 3 1 3 56 187 188 -7.823029 -4.822212 61.91301 -5.965551 -0.3529684 63.05559 0 1 -82 
72 3 1 3 177 179 180 -7.868622 -4.031292 75.65158 -5.829026 -1.670622 76.76579 0 1 -86 
73 3 1 3 195 196 197 -4.068078 -4.669714 105.8317 -3.870881 -3.710043 106.2564 0 1 83 
74 3 1 3 49 51 52 -4.7594 1.079903 53.73734 -0.6054976999999999 2.299332 57.39842 0 1 88 
75 3 1 3 177 178 191 -8.390838 -4.742669 79.28179 -5.647074 -1.842875 79.98446 0 0 
76 3 1 3 433 442 446 -2.768439 3.723476 124.3357 -2.395746 3.976182 124.7974 0 0 
77 3 1 3 503 508 510 -3.962845 -6.949522 12.71414 1.845204 -1.394548 13.77814 0 1 136 
78 3 1 3 274 277 278 -8.108078000000001 2.66438 106.2564 -7.600995 2.703058 106.2564 0 0 
79 3 1 3 905 906 911 3.144259 -5.064318 106.2564 3.638699 -4.161637 106.2564 0 1 -75 
80 3 1 3 97 98 103 -7.120669 -5.083646 104.3685 -6.66486 -4.087192 106.2564 0 2 109 -50 
81 3 1 3 513 514 515 1.852195 1.611298 105.3162 3.226873 2.155745 105.7318 0 1 -28 
82 3 1 3 202 213 214 -4.665419 -4.800166 114.8811 -3.145868 -4.478262 116.3357 0 1 79 
83 3 1 3 419 420 423 -2.735396 4.526376 123.8322 -2.067158 5.16283 124.071 0 0 
84 3 1 3 105 106 107 -6.347326 -3.625857 92.02070000000001 -5.301425 -2.352873 92.52001 0 1 139 
85 3 1 3 49 50 52 -8.166192000000001 2.772856 57.39842 -4.095554 4.913056 57.39842 0 1 144 
86 3 1 3 181 183 184 -4.990703 -3.764414 77.55714999999999 -1.915279 -2.721275 78.46902 0 0 
87 3 1 3 180 183 184 -4.87905 -4.059564 76.67194000000001 -4.476175 -2.70443 77.55714999999999 0 1 150 
88 3 1 3 183 184 186 -4.476175 -2.70443 75.52494 -2.067448 -2.235439 76.67194000000001 0 1 -150 
89 3 1 3 57 58 59 -5.799591 -0.6908246 43.65211 -5.623487 0.8320189 45.9765 0 2 96 -108 
90 3 1 3 195 196 200 -3.870881 -4.835639 105.1556 -1.896427 -4.020881 105.8317 0 1 -83 
91 3 1 3 322 324 349 -6.804645 3.854713 104.943 -6.015741 4.010051 105.4051 0 1 -129 
92 3 1 3 469 471 472 -2.390961 1.561167 106.2564 -1.866597 2.718217 106.9086 0 1 -39 
93 3 1 3 513 514 520 3.226873 2.155745 105.7318 3.562469 3.093752 106.2564 0 1 28 
94 3 1 3 323 324 326 -8.369732000000001 4.348005 105.6691 -7.091004 4.611583 106.2564 0 1 122 
95 3 1 3 457 458 461 -3.679572 1.977424 123.8103 -3.402364 2.611384 123.8538 0 0 
96 3 1 3 9 11 12 -8.636956 -2.256507 114.8112 -7.182654 -1.932053 115.5923 0 0 
97 3 1 3 11 12 40 -8.396176000000001 -1.625985 116.0104 -7.411719 -1.305331 116.3357 0 0 
98 3 1 3 641 644 647 7.89771 3.495687 105.3628 8.299579 4.063744 105.4191 0 1 9 
99 3 1 3 411 415 416 -3.795064 3.20655 91.84247999999999 -1.070081 5.070524 93.55714999999999 0 0 
100 3 1 3 258 260 263 -7.546074 1.087996 123.2955 -7.411917 1.4431 123.3021 0 0 
101 3 1 4 308 310 313 314 -8.085251 2.15378 73.58452 -6.521872 2.874245 75.01322 0 1 78 
102 3 1 3 274 275 279 -6.824942 1.877342 105.1463 -6.418154 2.212357 105.5503 0 2 76 -70 
103 3 1 3 179 180 186 -7.015139 -3.311739 73.89116 -4.462213 -0.6819671999999999 76.00382999999999 0 2 142 -81 
104 3 1 3 676 677 684 7.497799 3.693588 119.08 8.367848 4.178878 119.7605 0 0 
105 3 1 3 12 16 24 -7.101632 -2.157992 114.0227 -6.055556 -1.181694 114.833 0 0 
106 3 1 3 179 183 186 -5.740626 -5.139731 73.56358 -2.571712 -3.311739 76.00382999999999 0 1 -142 
107 3 1 3 34 35 36 -8.307774 -2.894877 123.8103 -8.050113 -2.133841 124.3357 0 0 
108 3 1 3 265 266 267 -8.348765999999999 2.196152 122.8306 -7.543337 2.777105 123.337 0 0 
109 3 1 3 567 572 574 1.125561 -3.111431 52.36115 3.392545 -2.247729 52.75109 0 1 -117 
110 3 1 3 565 809 810 1.023795 -3.176968 37.91802 9.002279 2.977203 40.22473 0 1 -140 
111 3 1 3 514 515 516 2.072084 1.165002 106.2564 2.900948 2.413508 106.2564 0 0 
112 3 1 3 465 466 467 -3.50791 1.723826 104.5028 -3.217223 2.342944 105.864 0 2 62 -63 
113 3 1 3 52 53 60 -6.296021 -0.5027375999999999 50.91992 -3.850291 3.181039 50.92787 0 2 61 -147 
114 3 1 3 465 466 473 -3.671139 0.8267224 101.9193 -3.065907 2.067546 102.3926 0 1 -143 
115 3 1 3 273 275 276 -7.097957 1.852614 106.2564 -5.91249 2.325408 106.7238 0 0 
116 3 1 3 49 53 54 -9.465386000000001 -1.68322 54.69454 -5.216218 2.501024 55.87697 0 2 60 -11 
117 3 1 3 49 51 53 -5.216218 -0.4293503000000001 53.73734 -4.736057 1.097589 55.63218 0 2 60 -88 
118 3 1 3 466 471 478 -3.303248 1.632089 105.864 -3.137694 1.723826 106.2564 0 1 63 
119 3 1 3 106 107 110 -7.891661 -3.625857 92.52001 -6.347326 -3.169829 93.55714999999999 0 1 -139 
120 3 1 3 401 402 405 -4.329641 4.246809 105.8835 -3.081624 5.021234 106.2564 0 1 99 
121 3 1 3 92 93 94 -6.778515 -3.8728 123.8183 -6.307243 -3.474072 124.3357 0 1 64 
122 3 1 3 981 982 983 2.383872 -2.342847 105.8846 2.86264 -1.831304 106.2564 0 2 72 -58 
123 3 1 3 602 603 604 1.902307 4.006096 105.2482 2.274081 4.077575 105.7441 0 1 84 
124 3 1 3 465 467 478 -4.068078 1.723826 105.864 -3.303248 2.703058 106.2564 0 2 42 -63 
125 3 1 4 507 508 510 511 -3.839003 -4.126623 5.388638 -1.952376 -1.004837 8.381833 0 2 67 -87 
126 3 1 3 553 555 559 5.044451 3.492245 77.18259999999999 5.284097 4.022504 77.55714999999999 0 2 138 -55 
127 3 1 3 569 570 571 4.604603 -1.899532 52.05272 6.704211 0.3138175999999999 54.55425 0 2 69 -54 
128 3 1 3 55 56 187 -5.050516 -4.12443 61.19528 -2.038398 -2.330993 62.42033 0 1 116 
129 3 1 3 571 573 576 4.641244 -1.278679 57.39842 5.728159 -0.09653011 57.39842 0 2 77 -57 
130 3 1 4 52 53 57 59 -8.743316999999999 1.596936 52.03764 -7.316291 3.47164 52.0709 0 1 -113 
131 3 1 4 52 53 59 60 -7.316291 -0.5027376000000001 50.91992 -6.296021 1.596936 52.03764 0 2 113 -61 
132 3 1 3 466 468 473 -3.065907 0.7391335 101.7703 -2.670552 2.067546 102.3926 0 1 -143 
133 3 1 3 274 279 280 -7.830476 2.528593 103.883 -5.999273 2.96768 104.905 0 1 -52 
134 3 1 3 467 477 478 -4.068078 2.412996 106.2564 -3.238827 2.703058 106.2564 0 1 -42 
135 3 1 3 465 477 478 -4.329365 1.165002 106.2564 -4.068078 2.703058 106.2564 0 2 42 -126 
136 3 1 3 181 182 183 -3.90384 -5.144378 77.55714999999999 -2.575287 -3.294676 79.33922 0 0 
137 3 1 3 466 467 468 -3.50791 2.033631 104.5028 -2.692989 2.342944 105.6614 0 2 90 -62 
138 3 1 3 5 7 8 -8.336325 -2.60517 105.2913 -7.488007 -1.644674 106.2564 0 1 124 
139 3 1 3 469 470 472 -2.921791 1.483367 106.9086 -2.354987 2.718217 108.3542 0 1 39 
140 3 1 3 333 335 336 -6.487592 1.346598 90.88907 -6.367851 5.077262 92.32706 0 1 65 
141 3 1 3 292 293 294 -7.036436 1.193576 115.5745 -6.022631 1.617822 115.9099 0 0 
142 3 1 3 42 46 47 -8.379158 -1.610489 123.8381 -8.116699000000001 -0.9729785 123.8449 0 0 
143 3 1 3 555 559 560 2.074477 2.213826 74.66355 5.184131 3.53031 77.18259999999999 0 2 131 -138 
144 3 1 3 145 146 147 -3.053924 -2.047962 106.2564 -2.332771 -1.800541 106.2564 0 2 98 -137 
145 3 1 3 307 308 310 -6.521872 2.796718 75.01322 -5.255022 3.05329 77.07185 0 2 133 -78 
146 3 1 3 307 310 313 -7.021956 2.874245 73.95097 -6.521872 5.725921 75.01322 0 1 -78 
147 3 1 3 307 309 310 -5.82452 3.05329 77.07185 -5.255022 4.738651 77.55714999999999 0 1 -133 
148 3 1 3 529 530 532 3.311741 1.384511 114.7813 4.444423 2.496511 115.2131 0 0 
149 3 1 3 503 505 804 0.1647762999999998 -2.167798 17.97604 4.220618 -1.630958 19.0059 0 2 95 -97 
150 3 1 3 503 505 509 5.273954 0.4759823 9.261379 7.985827 0.777132 11.91231 0 1 -73 
151 3 1 3 467 468 471 -2.767164 2.044182 105.4693 -2.051326 2.675339 105.6614 0 1 -90 
152 3 1 3 467 471 478 -3.303248 1.723826 105.864 -2.969465 2.051623 106.0315 0 2 49 -63 
153 3 1 3 180 184 186 -5.243459 -2.70443 75.10024 -4.462213 -0.03545510000000007 76.67194000000001 0 2 150 -81 
154 3 1 3 503 504 508 -6.470758 -4.704178 14.62236 0.1647762999999998 -2.167798 17.97604 0 1 95 
155 3 1 3 3 4 8 -7.24322 -2.04216 105.7589 -6.362018 -1.307685 106.2564 0 2 74 -128 
156 3 1 3 3 4 7 -7.164601 -3.091339 105.6833 -6.612048 -2.04216 106.2564 0 1 -74 
157 3 1 3 721 722 728 6.476615 1.412536 105.7647 6.906778 2.671664 106.2564 0 1 56 
158 3 1 3 3 4 14 -6.362018 -2.325261 106.2564 -5.912442 -1.787705 106.2564 0 1 128 
159 3 1 3 237 239 240 -3.000198 -4.456985 115.5131 -1.549584 -4.142617 115.6176 0 0 
160 3 1 3 503 505 816 4.220618 -4.487747 18.34985 6.622698 -1.630958 19.0059 0 1 97 
161 3 1 3 305 307 308 -4.880117 4.057298 76.57107999999999 -2.575287 5.144378 77.55714999999999 0 1 -47 
162 3 1 3 505 506 509 5.273954 0.7771319999999999 9.261379 6.744859 4.301962 10.35262 0 1 -73 
163 3 1 3 506 509 512 2.927809 -0.1679010999999999 3.248047 6.457901 4.721813 5.142751 0 1 48 
164 3 1 3 308 309 310 -7.604875 1.268722 76.50626 -5.255022 3.05329 77.55714999999999 0 2 133 -102 
165 3 1 3 506 507 512 -0.9432053 2.739854 3.17672 0.8411267999999998 7.955659 3.395674 0 1 -106 
166 3 1 3 306 308 309 -5.255022 2.359064 77.07185 -4.881646 3.05329 77.55714999999999 0 1 -133 
167 3 1 3 507 508 511 -7.857197 -4.126623 6.767872 -3.839003 -1.504811 8.381833 0 2 15 -67 
168 3 1 3 179 185 186 -7.512459 -5.94959 71.52495999999999 -3.491613 -3.754893 71.70124 0 0 
169 3 1 3 641 643 644 5.850656 3.495687 105.4191 7.89771 4.443714 106.2564 0 2 9 -53 
170 3 1 3 566 570 571 7.187951 1.156461 54.96035 7.514231 4.582288 57.39842 0 2 44 -43 
171 3 1 3 978 981 985 3.517225 -2.378382 105.1488 4.230095 -1.442329 105.3185 0 1 -121 
172 3 1 3 513 515 526 1.953248 0.7656189 104.1124 2.598682 1.350861 104.2541 0 0 
173 3 1 3 506 509 510 1.025083 -0.1679010999999999 3.268364 5.273954 2.021633 9.261379 0 2 73 -48 
174 3 1 3 503 509 510 5.273954 -3.635258 9.261379 7.126352 0.7771320000000002 10.51054 0 1 -73 
175 3 1 3 555 556 562 6.194071 0.9531745 71.48289 7.326522 2.25568 72.99173 0 1 -14 
176 3 1 3 147 149 150 -4.288836 -2.368502 104.8421 -3.328223 -1.614598 105.4769 0 1 -68 
177 3 1 3 149 150 152 -4.329464 -2.301428 106.2564 -4.040932 -1.970841 106.6242 0 1 41 
178 3 1 3 508 510 511 -5.477324 -5.830859 8.381833 -3.839003 -4.126623 10.24116 0 1 -67 
179 3 1 3 506 510 511 -1.952376 -1.004837 3.268364 3.002558 -0.1679011 5.388638 0 2 87 -48 
180 3 1 3 205 206 208 -4.290836 -3.167019 91.79741 -2.703142 -1.343404 93.55714999999999 0 0 
181 3 1 4 503 504 803 804 -6.919902 -4.014344 17.97604 0.1647762999999998 -2.167798 20.5788 0 1 -95 
182 3 1 3 507 511 512 -7.857197 -2.929996 2.369951 -0.9432052999999998 2.739854 6.767872 0 2 15 -106 
183 3 1 3 62 807 808 -5.062026 -5.039606 34.65671 -3.515119 -1.621859 36.19893 0 1 149 
184 3 1 3 513 519 526 3.445718 0.7314087 104.0739 4.319622 2.095426 104.5334 0 0 
185 3 1 3 275 279 280 -7.156498 1.240991 104.2575 -6.057894 2.212357 105.1463 0 1 70 
186 3 1 3 324 326 349 -7.091004 4.153536 106.2564 -7.032314 4.611583 106.2564 0 1 -122 
187 3 1 3 563 566 571 3.844477 0.05619366999999997 59.26749 7.112246 0.7590581 59.34291 0 0 
188 3 1 3 506 511 512 -0.9432053 -0.1679010999999999 3.268364 3.002558 2.739854 3.395674 0 2 106 -48 
189 3 1 3 281 283 284 -8.23302 1.208271 113.8949 -7.16482 2.202549 114.3785 0 0 
190 3 1 3 514 517 520 3.086611 2.050509 106.2564 3.47026 2.618713 106.2564 0 1 -118 
191 3 1 3 147 150 159 -4.180303 -2.061019 103.9291 -3.12077 -1.338372 104.2845 0 1 -40 
192 3 1 3 509 511 512 0.08560860000000003 -0.1679011 0 3.002558 0.3240551 3.268364 0 1 48 
193 3 1 3 509 510 511 3.002558 -6.853712 3.268364 4.653621 -0.1679010999999999 4.819849 0 1 48 
194 3 1 3 514 515 520 3.086611 2.028077 105.7318 3.226873 2.155745 106.2564 0 2 28 -118 
195 3 1 3 513 515 520 3.226873 1.696433 105.7318 3.258147 2.155745 105.8856 0 2 25 -28 
196 3 1 3 177 179 183 -6.068884 -6.226701 76.37161999999999 -5.039181 -4.031292 77.55714999999999 0 1 86 
197 3 1 3 177 180 183 -5.829026 -4.742096 76.76579 -5.828637 -4.031292 77.55714999999999 0 2 18 -86 
198 3 1 3 554 555 556 5.284097 3.834597 77.55714999999999 6.560943 4.870416 77.55714999999999 0 2 55 -51 
199 3 1 3 202 204 214 -4.665389 -4.480601 114.8111 -3.313612 -3.914733 114.8811 0 1 79 
200 3 1 3 1005 1007 1008 2.199542 -2.744219 124.0824 2.664499 -2.133841 124.3357 0 0 
201 3 1 3 149 150 151 -4.040932 -2.413919 106.2564 -3.239526 -2.169113 106.6242 0 2 38 -41 
202 3 1 3 147 149 151 -4.068078 -1.631034 106.2564 -3.138129 -1.165002 106.2564 0 1 -37 
203 3 1 3 977 978 980 3.474368 -2.703058 106.2564 4.267641 -1.182778 107.0582 0 0 
204 3 1 3 873 880 889 7.515663 -5.289259 124.1529 7.908569 -4.8685 124.3357 0 0 
205 3 1 3 305 306 308 -4.880117 1.268722 77.55714999999999 -1.915279 4.057298 77.55714999999999 0 1 47 
206 3 1 3 555 561 562 3.412604 0.05467230000000001 71.47108 6.194071 2.25568 71.87982 0 1 14 
207 3 1 3 518 519 520 3.904752 1.661985 106.7566 4.61734 1.685394 107.088 0 1 36 
208 3 1 3 649 650 651 5.227303 2.29437 88.71237000000001 8.938272 4.017548 90.40825 0 0 
209 3 1 3 515 517 520 3.086611 1.74594 106.2564 3.100627 2.050509 106.2564 0 2 118 -35 
210 3 1 3 322 323 349 -6.804645 4.010051 104.943 -5.927895 4.914774 105.7953 0 1 129 
211 3 1 3 515 517 519 3.100627 1.328795 106.2564 3.358248 1.74594 106.2564 0 1 35 
212 3 1 3 981 983 984 2.33654 -2.170536 105.7971 2.704505 -1.14859 106.2564 0 1 -58 
213 3 1 3 97 101 103 -7.890871 -5.020913 105.3821 -7.331747 -3.490249 106.2564 0 0 
214 3 1 3 517 518 520 3.798396 1.685394 106.7566 3.904752 2.724336 107.7391 0 1 36 
215 3 1 3 517 519 520 3.100627 1.685394 106.2564 3.954336 2.080211 106.7566 0 2 35 -36 
216 3 1 3 466 471 472 -2.782609 1.329386 105.6725 -2.499413 1.516485 106.2564 0 2 151 -32 
217 3 1 3 155 156 157 -2.992153 -1.620099 115.6077 -1.539466 -1.556015 115.964 0 0 
218 3 1 3 471 472 478 -3.039262 1.744824 106.0315 -2.969465 2.051623 106.2564 0 1 49 
219 3 1 3 338 341 342 -6.510298 3.750412 123.8065 -5.841372 4.431514 124.0685 0 0 
220 3 1 3 505 506 508 -1.915113 -1.394548 13.43113 1.845204 4.125401 16.46253 0 2 136 -100 
221 3 1 3 506 507 508 -1.952376 -1.004837 5.388638 -1.701941 4.125401 13.43113 0 2 87 -100 
222 3 1 3 506 508 510 -1.952376 -1.394548 5.388638 1.845204 -0.09271130999999999 13.77814 0 2 87 -136 
223 3 1 3 503 505 508 0.1647763 -2.167798 13.77814 1.845204 -1.394548 17.97604 0 2 136 -95 
224 3 1 3 333 334 336 -7.887446 1.346598 91.90772 -6.374841 2.925546 93.55714999999999 0 1 -65 
225 3 1 3 196 197 200 -3.870881 -5.017977 105.8317 -3.289018 -4.669714 106.2564 0 1 -83 
226 3 1 3 150 151 152 -4.040932 -2.656179 106.2564 -3.542384 -2.301428 106.6242 0 1 41 
227 3 1 3 273 275 279 -7.068283 1.704675 105.5503 -6.824942 1.877342 106.2564 0 1 -76 
228 3 1 3 273 278 279 -7.383592 1.61237 105.6615 -7.186118 2.345668 106.2564 0 1 134 
229 3 1 3 273 274 279 -7.254655 1.877342 105.5503 -6.824942 2.345668 105.6615 0 2 76 -134 
230 3 1 3 416 474 475 -2.894026 1.622329 93.55714999999999 -1.81016 2.067921 93.55714999999999 0 0 
231 3 1 3 569 571 572 4.430144 -0.1520803 52.05272 4.604603 0.3138176 55.5187 0 2 69 -34 
232 3 1 3 49 50 315 -4.095554 1.156544 57.39842 -2.665861 2.772856 57.39842 0 1 -144 
233 3 1 3 517 518 519 3.619818 1.181363 106.7566 3.904752 1.685394 106.9353 0 1 -36 
234 3 1 3 403 405 406 -3.086664 3.887306 105.2998 -1.879196 4.067739 105.5471 0 1 -6 
235 3 1 3 401 405 406 -4.243054 3.887306 105.3129 -3.086664 4.019141 105.5471 0 1 6 
236 3 1 3 148 149 150 -3.328223 -2.661397 104.8421 -2.82787 -2.368502 105.5879 0 2 68 -103 
237 3 1 3 146 148 150 -2.82787 -3.095396 105.5879 -2.581585 -2.661397 106.2564 0 1 -103 
238 3 1 3 147 148 150 -3.328223 -2.368502 103.9291 -3.12077 -2.061019 104.8421 0 2 68 -40 
239 3 1 3 354 355 356 -8.543993 4.709047 128.797 -7.915593 5.005423 128.9585 0 0 
240 3 1 3 301 302 304 -6.32573 1.38908 124.0671 -5.808444 1.43142 124.3357 0 0 
241 3 1 3 945 947 950 2.218047 -5.159701 123.6936 2.736582 -4.525149 123.819 0 0 
242 3 1 3 546 547 548 3.513128 1.080586 123.3131 4.075454 1.885639 123.8441 0 0 
243 3 1 3 57 58 60 -5.799591 0.8320189 45.11704 -1.863657 3.871512 46.81825 0 1 -96 
244 3 1 3 465 466 468 -3.50791 1.588228 102.3926 -3.065907 2.342944 104.5028 0 2 143 -62 
245 3 1 3 913 915 916 3.573196 -3.473274 75.69622 4.281865 -2.48106 77.55714999999999 0 2 115 -46 
246 3 1 3 505 804 816 1.828415 -1.630958 19.0059 4.220618 1.418088 20.63351 0 2 97 -4 
247 3 1 3 717 719 720 6.184322 0.9383768 118.2886 6.801937 1.913379 118.812 0 0 
248 3 1 3 553 554 556 7.130132 1.268722 76.31605 7.604875 2.685838 77.55714999999999 0 1 -27 
249 3 1 3 915 919 920 5.124881 -2.963689 76.68762 5.683842 -2.429934 77.55714999999999 0 1 -26 
250 3 1 3 555 556 561 4.587909 2.25568 71.48289 6.194071 3.776544 73.29854 0 2 14 -120 
251 3 1 3 555 556 559 4.587909 3.776544 73.29854 5.314726 5.302357 77.55714999999999 0 2 120 -55 
252 3 1 3 105 106 110 -6.380396 -5.068689 91.9318 -6.347326 -3.625857 92.52001 0 1 -139 
254 3 1 3 553 557 560 4.042906 1.459092 77.55714999999999 4.797474 2.198526 77.55714999999999 0 0 
255 3 1 3 974 989 991 3.877088 -1.57715 127.2346 4.467829 -1.391704 127.6313 0 0 
256 3 1 3 466 469 472 -2.782609 1.165002 106.2564 -2.072084 1.329386 106.2564 0 1 151 
257 3 1 3 551 558 596 1.212265 2.465929 85.0746 4.933527 3.93289 86.7715 0 0 
258 3 1 3 555 559 561 1.915359 3.184072 73.29854 4.587909 3.776544 73.30929999999999 0 1 120 
259 3 1 3 557 559 560 1.915296 2.602156 77.55714999999999 5.051695 3.36637 78.17189999999999 0 0 
260 3 1 3 553 559 560 5.044451 3.20655 77.18259999999999 5.070081 3.492245 77.55714999999999 0 1 138 
261 3 1 3 565 568 810 2.896021 -1.851389 40.22473 9.777380000000001 1.030338 41.32304 0 2 104 -140 
262 3 1 3 505 814 816 0.7024501999999999 2.730051 22.61802 5.632086 5.681514 23.1893 0 1 93 
263 3 1 3 556 561 562 6.194071 2.25568 71.18374 8.175639 3.954012 71.48289 0 1 -14 
264 3 1 3 53 54 55 -5.563269 -4.580592 54.77452 -2.988512 -0.4293502999999999 55.98075 0 2 23 -60 
265 3 1 3 780 781 782 7.75376 -2.415796 122.7721 8.325399000000001 -1.964636 123.3245 0 0 
266 3 1 3 561 562 564 2.471874 4.444603 66.71724 7.211392 5.568627 68.74189 0 0 
267 3 1 3 179 180 183 -5.829026 -4.031292 76.00382999999999 -5.740626 -3.311739 76.76579 0 2 86 -142 
268 3 1 3 905 907 908 2.091852 -3.910248 104.4152 3.270208 -3.68505 105.1294 0 1 30 
269 3 1 3 515 519 520 3.100627 1.696433 105.8856 3.258147 1.74594 106.2564 0 2 25 -35 
270 3 1 3 934 935 936 3.800371 -4.98407 124.0656 4.371719 -4.484073 124.3357 0 0 
271 3 1 3 3 8 14 -6.7754 -1.787705 106.2564 -6.362018 -1.292226 106.2564 0 1 -128 
272 3 1 3 563 565 566 2.509351 1.357442 57.39842 6.203263 4.915205 60.15013 0 0 
273 3 1 3 565 567 568 2.896021 1.030338 41.32304 5.973479 4.961656 47.63001 0 2 104 -59 
274 3 1 3 572 574 576 0.9778392 -2.913397 55.38575 3.312003 -1.546389 55.40829 0 1 125 
275 3 1 3 569 571 574 4.430144 -1.899532 54.55425 5.507613 -0.1520802999999999 55.5187 0 2 34 -54 
276 3 1 3 565 567 810 1.023795 1.030338 38.02789 2.896021 2.977203 41.32304 0 2 111 -104 
277 3 1 3 567 568 569 4.298932 -4.766924999999999 47.01414 6.725576 4.961656 49.12841 0 1 59 
278 3 1 3 51 53 55 -5.216218 -4.580592 54.74025 -2.988512 -0.4293502999999999 55.63218 0 2 23 -60 
279 3 1 3 567 568 810 2.896021 -5.036123 41.32304 5.279503 1.030338 43.66327 0 1 -104 
280 3 1 3 58 62 807 -6.159609 1.035727 36.74565 -2.349601 1.113145 37.04324 0 2 101 -146 
281 3 1 3 594 595 607 3.57335 3.089071 91.66776 4.886118 4.04441 93.55714999999999 0 1 22 
282 3 1 3 121 123 124 -7.975607 -4.469972 116.3357 -7.411719 -3.97407 116.3357 0 0 
283 3 1 3 49 54 56 -6.646166 -1.669451 57.39842 -5.960153 -0.4392469999999999 57.39842 0 1 148 
284 3 1 3 569 570 572 7.056499 2.391802 50.15021 7.10311 4.620187 50.78352 0 1 -21 
285 3 1 3 521 522 524 2.549479 2.252733 115.5687 2.995347 2.67631 115.5809 0 0 
286 3 1 3 845 847 848 6.359423 -3.467184 92.56147 9.110080999999999 -3.187338 93.55714999999999 0 0 
287 3 1 3 569 570 574 5.507613 -3.229621 53.33556 8.958926 -1.899532 54.80328 0 2 54 -135 
288 3 1 3 725 726 728 7.155112 1.303636 106.2564 7.429469 1.694224 106.2564 0 1 -20 
289 3 1 4 274 275 279 280 -6.418154 2.212357 103.883 -5.999273 2.528593 105.1463 0 2 70 -52 
290 3 1 3 593 594 595 3.069025 1.20655 93.55714999999999 3.57335 3.089071 93.55714999999999 0 1 -22 
291 3 1 3 569 572 574 3.392545 -2.247729 52.36115 4.430144 -0.1520802999999999 55.5187 0 2 117 -34 
292 3 1 4 802 811 815 816 2.08534 -3.097574 27.00009 3.033724 1.244198 27.86319 0 2 130 -19 
293 3 1 3 257 258 263 -7.914991 0.9290406 123.8329 -7.716146 1.889194 124.3357 0 0 
294 3 1 3 809 810 812 2.331267 -4.165659 34.61837 7.926576 1.141055 36.29434 0 1 24 
295 3 1 3 625 626 632 1.912631 4.32535 123.309 2.263862 4.474049 123.314 0 0 
296 3 1 3 504 508 801 -6.452757 -2.167798 15.39943 0.1647762999999998 4.728839 17.97604 0 1 -95 
297 3 1 3 681 682 683 7.427261 4.423049 115.9935 8.705418999999999 5.107769 116.3357 0 0 
298 3 1 3 602 604 606 1.820976 4.314335 104.1277 1.985767 5.12068 104.197 0 0 
299 3 1 3 601 602 606 2.791249 3.250391 104.3413 4.048399 3.785481 104.6306 0 0 
300 3 1 3 570 573 574 6.435419 -3.229621 54.80328 8.958926 -0.7976648 56.12317 0 2 29 -135 
301 3 1 3 146 149 150 -2.981518 -2.661397 105.5879 -2.82787 -2.30022 105.9855 0 2 103 -80 
302 3 1 3 273 274 275 -6.824942 1.877342 105.5503 -5.927013 2.367333 105.8954 0 1 -76 
303 3 1 3 513 515 519 2.961433 0.6744481 105.0255 3.258147 1.696433 105.8856 0 1 -25 
304 3 1 3 58 805 807 -4.16673 1.035727 35.78838 -2.349601 4.762426 37.58989 0 1 146 
305 3 1 3 601 603 604 2.274081 4.077575 105.7441 3.085312 4.586425 106.2564 0 2 132 -84 
306 3 1 4 553 554 555 556 6.560943 2.685838 76.31605 7.130132 3.834597 77.55714999999999 0 2 27 -51 
307 3 1 3 573 575 576 5.304667 -6.374092 57.39842 5.728159 -0.09653011000000022 60.08004 0 1 77 
308 3 1 3 835 838 849 6.991419 -4.631768 105.8106 7.144141 -4.074712 106.2564 0 1 17 
309 3 1 3 17 19 20 -6.527014 -2.516913 122.1198 -5.838142 -1.989333 122.2826 0 0 
310 3 1 3 898 901 902 1.474986 -4.522735 114.8351 3.062137 -4.459416 114.8772 0 0 
311 3 1 3 597 598 600 3.869075 3.47413 122.7511 4.357308 3.997703 123.3307 0 0 
312 3 1 3 513 519 520 3.258147 1.696433 105.1368 4.091326 2.671906 105.8856 0 1 -25 
313 3 1 3 57 59 61 -9.994400000000001 -1.160202 43.65211 -5.623487 -0.6908246 45.57279 0 1 -108 
314 3 1 3 469 471 472 -2.072084 1.165002 106.2564 -1.866597 1.561167 106.2564 0 0 
315 3 1 3 601 602 603 2.274081 3.406144 105.2954 2.409604 4.077575 105.7441 0 1 -84 
316 3 1 3 611 612 629 1.474747 4.155431 115.59 2.993163 4.502839 116.3357 0 0 
317 3 1 3 601 602 604 2.274081 4.077575 104.6823 3.506709 4.809302 106.2564 0 2 84 -132 
318 3 1 3 727 728 735 7.280331 1.645614 103.0012 8.336546 2.32231 103.2053 0 1 110 
319 3 1 3 587 602 604 3.085312 4.586425 106.2564 3.337194 5.065794 106.2564 0 1 132 
320 3 1 3 646 647 654 6.201341 3.692629 109.3288 6.726303 5.15387 110.0898 0 0 
321 3 1 3 603 604 615 1.558737 4.123715 106.825 2.995247 4.798001 107.7078 0 0 
322 3 1 3 810 811 812 0.07455575999999997 -0.4928722 35.74317 3.08748 1.141055 35.76755 0 1 24 
323 3 1 3 610 611 629 1.540586 3.741025 115.5683 1.976469 4.162551 115.5861 0 0 
324 3 1 3 466 468 471 -2.767164 1.430746 105.3075 -1.915046 2.044182 105.6725 0 2 90 -32 
325 3 1 4 802 803 804 816 0.9469676 -3.097574 24.84004 2.08534 1.178248 27.00009 0 2 13 -130 
326 3 1 3 615 616 622 2.671896 4.962988 125.2312 2.900847 5.287274 125.3385 0 0 
327 3 1 3 619 621 622 1.872388 4.678882 123.5935 2.168403 5.439174 124.3357 0 0 
328 3 1 3 721 722 727 6.112084 2.671664 105.8605 6.598067 2.703058 106.2564 0 2 123 -56 
329 3 1 3 802 811 816 1.421887 1.244198 27.86319 3.651222 5.965304 32 0 1 19 
330 3 1 3 809 811 816 3.564076 4.803095 32 6.336884 4.883021 32 0 1 -12 
331 3 1 3 505 508 801 -2.502352999999999 3.205912 15.88417 1.578944 7.598568 18.69128 0 1 31 
332 3 1 3 747 748 754 7.685859 1.972733 120.9089 8.092181999999999 2.922162 121.2121 0 0 
333 3 1 3 573 574 576 3.988603 -4.917841 57.39842 4.931479 -1.278679 57.39842 0 1 -57 
334 3 1 3 643 644 647 7.126867 3.495687 105.4191 7.89771 4.597261 106.2564 0 1 -9 
335 3 1 3 570 571 572 4.604603 0.3138176000000001 52.05272 7.187951 4.582288 54.96035 0 2 43 -69 
336 3 1 3 925 926 928 1.182988 -4.058661 91.56792 4.879475 -3.869029 91.8599 0 0 
337 3 1 3 906 907 908 3.270208 -4.825545 104.7853 4.281426 -3.910248 105.1956 0 1 -30 
338 3 1 4 503 505 506 510 1.845204 -1.394548 9.261379 5.273954 0.7771319999999999 13.77814 0 2 73 -136 
339 3 1 3 643 644 645 5.850656 4.443714 106.2564 6.871442 5.038528 106.2564 0 1 53 
340 3 1 3 566 571 572 1.924847 -0.04714731000000016 54.96035 7.187951 5.038503 57.39842 0 2 85 -43 
341 3 1 3 772 774 780 8.027575000000001 -1.886646 123.7325 8.378806000000001 -1.250622 123.8431 0 0 
342 3 1 3 650 656 732 7.880444 3.307087 92.6641 8.370001999999999 4.47907 93.55714999999999 0 1 10 
343 3 1 4 649 650 656 732 6.352509 3.307087 92.6641 7.880444 3.47235 93.55714999999999 0 1 -10 
344 3 1 3 593 595 607 2.295511 2.927731 93.55714999999999 3.57335 3.089071 93.55714999999999 0 1 -22 
345 3 1 3 805 806 808 -5.019461 -0.8745080999999999 30.3126 -2.275739 2.092555 33.93906 0 2 8 -16 
346 3 1 3 721 726 728 6.716994 1.694224 105.9682 7.155112 2.614505 106.2564 0 2 20 -7 
347 3 1 3 995 996 999 1.799594 -4.433343 123.8225 2.171388 -3.800346 124.0919 0 0 
348 3 1 3 665 666 668 5.823986 4.157679 115.6029 7.034163 5.107769 116.3357 0 0 
349 3 1 3 553 554 555 5.284097 3.834597 77.55714999999999 6.560943 4.022504 77.55714999999999 0 2 51 -55 
350 3 1 3 177 178 180 -7.069343 -4.742096 77.55714999999999 -5.828637 -1.477346 78.2572 0 1 18 
351 3 1 3 149 151 152 -4.347689 -2.301428 106.2564 -3.768742 -1.165002 107.1274 0 2 37 -41 
352 3 1 3 571 573 574 4.641244 -1.278679 56.12317 6.435419 -0.7976648 57.39842 0 2 57 -29 
353 3 1 3 571 574 576 3.312003 -1.546389 55.40829 4.641244 -1.278679 57.39842 0 2 57 -125 
354 3 1 3 553 555 556 6.83219 0.5524166000000001 75.4894 7.130132 2.685838 76.31605 0 1 27 
355 3 1 3 689 692 695 7.914879 4.678882 124.3357 8.307774 5.289259 124.3357 0 0 
356 3 1 4 802 803 806 815 -1.567607 -3.097574 27.00009 2.08534 -1.48351 28.84539 0 2 130 -94 
357 3 1 3 713 715 716 5.94953 1.420972 123.306 6.66131 1.783269 123.3294 0 0 
358 3 1 3 787 788 798 7.22208 -2.617219 106.2564 8.370001999999999 -1.879759 106.6354 0 0 
359 3 1 3 575 576 921 2.123739 -6.363823 62.24127 5.423241 -2.075098 63.17911 0 0 
360 3 1 3 565 568 569 5.973479 2.166474 44.60294 9.478700999999999 4.961656 47.63001 0 1 -59 
361 3 1 3 323 349 350 -6.472345 5.248098 106.2564 -6.112084 5.255663 107.0064 0 0 
362 3 1 3 721 722 724 5.85077 1.165002 106.2564 6.179909 2.703058 106.6311 0 1 -123 
363 3 1 3 721 725 726 7.12445 1.694224 106.2564 7.155112 2.034873 106.2564 0 1 -20 
364 3 1 3 722 727 728 6.598067 1.681388 103.2053 7.407296 2.671664 105.8605 0 2 56 -110 
365 3 1 3 823 824 827 6.311602 -1.734219 124.3357 6.704499 -1.431334 124.3357 0 0 
366 3 1 3 726 727 728 6.716994 2.402382 105.95 7.518954 2.623737 106.2564 0 2 127 -7 
367 3 1 3 721 727 728 6.598067 2.614505 105.8605 6.716994 2.671664 106.2564 0 2 7 -56 
368 3 1 3 729 731 732 7.252849 1.734073 110.6355 8.679819 2.376581 111.5832 0 0 
369 3 1 4 725 726 727 728 7.518954 2.623737 106.2564 8.108078000000001 2.703058 106.2564 0 1 127 
370 3 1 3 982 983 984 2.383872 -2.656444 106.2564 2.597196 -2.170536 106.2564 0 1 58 
371 3 1 3 465 467 468 -3.749061 2.342944 104.5028 -3.50791 2.995344 104.6103 0 1 62 
372 3 1 3 586 589 590 3.58075 3.740628 114.7685 4.435298 5.037943 115.5439 0 0 
373 3 1 3 385 386 392 -4.267774 3.97407 124.3357 -3.874868 4.279259 124.3357 0 0 
374 3 1 3 881 884 888 5.912388 -3.97407 124.3357 6.305294 -3.668882 124.3357 0 0 
375 3 1 3 147 148 159 -3.12077 -2.061019 103.9291 -1.979233 -1.303593 104.2776 0 1 40 
376 3 1 3 575 921 922 5.854485 -5.555673 64.15916 7.225729 -0.2053714000000002 67.00476 0 0 
377 3 1 3 865 866 877 6.535688 -5.289259 124.066 6.704499 -4.678882 124.3357 0 0 
378 3 1 3 302 304 320 -6.704499 1.42903 124.3357 -6.311593 1.734219 124.3357 0 0 
379 3 1 3 730 750 751 7.186464 1.193351 115.2315 8.196947 1.974832 115.5853 0 0 
380 3 1 3 53 59 60 -6.296021 -2.499632 50.91992 -3.583459 -0.5027376 52.53166 0 2 61 -91 
381 3 1 4 567 569 570 572 4.604603 0.3138175999999999 50.78352 7.056499 2.391802 52.05272 0 2 21 -69 
382 3 1 3 714 717 719 5.84073 1.02975 118.9757 6.007486 1.60579 119.2494 0 0 
383 3 1 3 66 70 72 -6.100718 -5.218688 115.4073 -5.58332 -4.156338 115.6068 0 0 
384 3 1 3 58 59 60 -3.608537 -3.846572 45.28097 -1.833963 -2.368787 46.71551 0 1 -107 
385 3 1 3 758 764 766 1.801435 1.560564 123.4824 2.296571 1.929023 124.3357 0 0 
386 3 1 3 104 109 112 -6.747639 -5.685734 100.4723 -5.878023 -4.742572 100.8206 0 0 
387 3 1 3 786 787 789 6.725624 -2.609249 105.9264 6.863944 -2.153165 106.2564 0 2 5 -3 
388 3 1 3 148 150 159 -3.27481 -3.177206 103.8712 -3.12077 -2.061019 103.9291 0 1 40 
389 3 1 3 195 197 200 -3.870881 -4.669714 105.8317 -2.995266 -4.160182 106.2564 0 1 83 
390 3 1 3 785 787 788 7.024269 -1.600427 105.2746 7.86502 -0.9253334 105.3281 0 1 -92 
391 3 1 4 786 787 788 789 6.863944 -2.153165 105.2746 7.024269 -1.600427 105.9264 0 2 92 -5 
392 3 1 3 787 788 789 6.863944 -2.27366 105.9264 7.025808 -2.153165 106.2564 0 1 5 
393 3 1 3 801 802 805 -4.143003 2.713001 26.24233 -2.646469 7.421236 29.66253 0 1 -2 
394 3 1 3 786 789 790 5.850797 -2.703058 106.2564 6.725624 -1.165002 106.2564 0 1 -3 
395 3 1 3 145 147 149 -3.053924 -2.047962 106.2564 -3.04005 -1.748062 106.2564 0 1 98 
396 3 1 3 913 915 924 3.573196 -2.48106 77.55714999999999 4.010441 -1.441409 77.55714999999999 0 1 -115 
397 3 1 3 505 801 816 0.7024502 1.418088 20.63351 1.828415 4.93912 22.75518 0 2 4 -93 
398 3 1 3 913 916 924 1.915279 -3.206398 77.55714999999999 3.573196 -2.48106 77.55714999999999 0 1 115 
399 3 1 3 938 939 940 3.324791 -5.054249 114.8387 4.596936 -4.156549 115.6044 0 0 
400 3 1 3 145 147 148 -2.332771 -1.800541 106.2564 -2.072084 -1.165002 106.2564 0 1 -137 
401 3 1 3 907 910 912 2.240218 -5.427083 102.4212 2.891737 -3.308151 103.0199 0 0 
402 3 1 3 803 805 808 -7.999887 -0.04250062999999993 27.8546 -2.275739 2.092555 30.3126 0 1 -16 
403 3 1 3 801 802 803 -4.143003 1.178248 23.30915 0.9469676000000002 2.713001 26.24233 0 2 2 -13 
404 3 1 3 587 601 602 3.085312 3.710043 106.2564 4.068078 4.586425 106.2564 0 1 132 
405 3 1 3 146 149 150 -3.239526 -2.413919 105.9855 -2.981518 -2.30022 106.2564 0 2 80 -38 
406 3 1 3 589 590 591 3.872301 3.68537 116.3357 4.371719 3.97407 116.3357 0 0 
407 3 1 3 504 801 803 -6.894603 -2.167797999999999 17.86247 0.1647762999999998 4.057641 19.53032 0 1 -95 
408 3 1 3 1011 1012 1013 2.162064 -1.734219 124.0926 2.664499 -0.9290345 124.3357 0 0 
409 3 1 3 145 146 148 -2.332771 -1.93403 106.2564 -1.474743 -1.713516 106.681 0 1 137 
410 3 1 3 801 802 816 0.7024502 1.178248 22.75518 0.9469676 4.93912 24.84004 0 2 13 -93 
411 3 1 3 4 8 14 -6.362018 -1.787705 106.2564 -6.112084 -1.165002 106.2564 0 1 128 
412 3 1 3 801 803 804 -1.213562 -2.539531 17.97604 0.9469676000000001 1.178248 24.84004 0 2 95 -13 
413 3 1 3 835 849 850 8.108078000000001 -4.47907 106.2564 8.370001999999999 -3.710043 106.2564 0 0 
414 3 1 3 801 803 805 -7.336266 2.713001 26.24233 -4.143003 3.190486 28.97066 0 1 2 
415 3 1 3 835 836 838 6.112084 -4.631768 105.8106 7.144141 -3.710043 106.2564 0 1 17 
416 3 1 3 505 508 801 0.1647763 -2.167798 16.46253 1.578944 3.205912 17.97604 0 2 95 -31 
417 3 1 3 833 835 836 6.800432 -5.174543 103.9795 8.160660999999999 -3.255859 104.6248 0 0 
418 3 1 3 54 56 187 -7.823029 -4.822212 61.19528 -5.050516 -4.12443 63.05559 0 2 82 -116 
419 3 1 3 801 804 816 0.9469676 1.178248 20.63351 1.828415 1.418088 24.84004 0 2 4 -13 
420 3 1 3 49 51 55 -5.216218 -1.226404 55.63218 -2.608471 -0.3286479 57.39842 0 1 -119 
421 3 1 3 805 806 807 -2.740061 -0.4773168999999999 33.93906 -2.349601 1.035727 36.74565 0 2 146 -8 
422 3 1 3 465 466 478 -4.068078 1.165002 105.864 -3.303248 1.723826 106.2564 0 2 63 -126 
423 3 1 3 829 830 832 6.085137 -2.43903 124.0426 6.307214 -1.939031 124.3357 0 0 
424 3 1 3 722 728 735 7.280331 0.7160105 103.2053 7.432307 2.32231 104.0758 0 1 -110 
425 3 1 3 802 803 805 -4.143003 2.092555 26.24233 -2.275739 2.713001 30.3126 0 2 16 -2 
426 3 1 3 58 59 61 -3.608537 -4.505455 44.38447 -2.831919 -2.368787 45.28097 0 1 107 
427 3 1 3 805 807 808 -7.792681 -0.4773168999999999 32 -2.740061 2.287321 33.93906 0 1 -8 
428 3 1 3 806 807 808 -3.515119 -1.621859 33.93906 -2.740061 -0.4773168999999999 36.19893 0 2 8 -149 
429 3 1 3 977 978 981 3.541245 -2.061657 105.937 4.068078 -1.165002 106.2564 0 1 89 
430 3 1 3 587 601 603 3.085312 4.162459 106.2564 3.143901 4.586425 106.2564 0 1 -132 
431 3 1 3 913 915 919 5.224543 -2.429934 76.25828 5.986308 -1.473164 77.55714999999999 0 1 26 
432 3 1 3 49 54 55 -5.960153 -1.669451 55.63218 -5.216218 -0.4293503000000001 57.39842 0 2 60 -148 
433 3 1 3 806 811 815 0.3723240999999999 -3.097574 27.00009 2.08534 -1.772339 32 0 2 114 -130 
434 3 1 3 917 919 920 6.113499 -5.023045 78.35711000000001 8.813903 -3.508989 79.34084 0 0 
435 3 1 3 786 788 789 6.720562 -1.600427 105.2746 7.115262 -1.255709 106.2564 0 1 -92 
436 3 1 3 809 811 812 3.08748 1.141055 32 6.336884 4.883021 35.76755 0 2 12 -24 
437 3 1 3 567 569 574 1.784525 -3.804171 49.66833 3.392545 -2.247729 52.36115 0 1 117 
438 3 1 3 811 812 815 0.3723241000000002 -2.389362 29.32718 7.25548 3.370166 32 0 2 114 -1 
439 3 1 3 804 815 816 2.08534 -6.61405 25.65946 4.500483 -3.097574 27.00009 0 1 -130 
440 3 1 3 811 815 816 3.033724 1.244198 27.86319 7.25548 3.370166 29.32718 0 2 19 -1 
441 3 1 3 809 810 811 1.023795 1.141055 35.76755 3.08748 2.977203 38.02789 0 2 111 -24 
442 3 1 3 785 786 788 7.024269 -1.600427 105.2681 7.137548 -0.6744083 105.2746 0 1 92 
443 3 1 3 722 727 735 7.280331 2.32231 102.424 7.625334 3.083776 103.2053 0 1 110 
444 3 1 3 806 808 815 -1.567607 -3.493563 28.84539 -1.457804 -1.48351 32 0 1 94 
445 3 1 3 649 650 732 7.880444 3.20655 92.6641 9.110080999999999 3.307087 93.55714999999999 0 1 10 
446 3 1 3 835 836 849 7.144141 -4.853431 105.2548 8.3131 -4.483157 105.8106 0 1 -17 
447 3 1 3 841 842 844 6.306823 -5.043516 114.8368 6.866441 -3.739614 115.572 0 0 
448 3 1 3 836 838 849 6.867163 -5.042801 105.8106 7.144141 -4.631768 106.2564 0 1 -17 
449 3 1 3 466 467 471 -3.303248 1.723826 105.6614 -2.767164 2.044182 105.864 0 2 63 -90 
450 3 1 3 62 806 808 -3.515119 -4.277435 34.97752 -2.42513 -1.621859 36.19893 0 1 -149 
451 3 1 3 839 843 844 6.322215 -5.200825 112.5513 6.638642 -3.685489 113.2967 0 0 
452 3 1 3 977 981 983 2.86264 -1.831304 105.8846 3.001833 -1.630549 106.2564 0 1 72 
453 3 1 3 571 572 576 1.924847 -1.546389 55.40829 3.312003 -0.04714731000000005 57.39842 0 2 125 -85 
454 3 1 4 801 802 814 816 0.7024502 4.93912 22.75518 1.548736 7.848657 25.87739 0 1 93 
455 3 1 3 58 805 806 -2.349601 1.035727 34.48387 -0.7804419 2.612552 36.74565 0 1 -146 
456 3 1 3 297 298 300 -6.295285 1.939203 123.3389 -5.958114 2.082282 123.375 0 0 
457 3 1 3 51 53 59 -3.583459 -3.992868 52.12741 -2.015114 -2.499632 52.53166 0 1 91 
458 3 1 3 905 906 907 2.361187 -3.910248 105.1294 3.270208 -3.4375 105.3584 0 1 30 
459 3 1 3 489 490 494 -2.735174 1.123841 123.8161 -2.664499 1.610954 124.3357 0 0 
460 3 1 3 905 906 908 3.110827 -5.064318 105.1294 3.335579 -3.910248 106.2564 0 2 75 -30 
461 3 1 3 906 908 911 3.335579 -5.248098 106.2564 4.068078 -5.064318 106.2564 0 1 -75 
462 3 1 3 899 905 908 1.811081 -5.018393 105.7889 2.850759 -4.430906 106.2564 0 0 
463 3 1 3 803 804 808 -6.603881 -4.515391 25.67833 -0.0591462599999999 -3.934896 29.53768 0 1 112 
464 3 1 3 803 804 815 -0.0591462599999999 -4.034957 27.00009 2.08534 -3.097574 28.45256 0 2 130 -112 
465 3 1 3 913 914 922 7.08307 -5.677858 71.06065 8.170071999999999 -3.976629 71.14685 0 0 
466 3 1 3 785 786 787 7.024269 -2.88663 104.5616 7.934674 -1.600427 105.2746 0 1 -92 
467 3 1 3 907 908 912 1.824379 -4.667825 103.1821 1.978583 -3.849759 103.3833 0 0 
468 3 1 3 915 916 924 3.573196 -4.763589 77.55714999999999 4.325322 -2.48106 77.55714999999999 0 1 -115 
469 3 1 3 977 978 982 3.182237 -2.327191 105.937 3.541245 -2.061657 106.2564 0 1 -89 
470 3 1 3 977 982 983 2.86264 -1.93403 105.8846 3.062144 -1.831304 106.2564 0 1 -72 
471 3 1 3 978 982 985 3.517225 -3.03213 105.1488 3.6878 -2.378382 105.2483 0 1 121 
472 3 1 3 981 982 985 2.160092 -2.80542 105.1488 3.517225 -2.19884 105.3705 0 1 -121 
473 3 1 3 915 916 920 5.643348 -4.86092 75.38273 5.986221 -4.790624 77.55714999999999 0 1 71 
474 3 1 3 793 794 796 8.198971999999999 -2.673926 115.566 8.637916000000001 -2.254339 115.5699 0 0 
475 3 1 4 913 915 916 920 5.643348 -4.790624 75.38273 5.973053 -3.138335 75.39727000000001 0 2 71 -45 
476 3 1 3 914 921 922 2.719557 -1.094682 68.983 4.356647 -0.1176274 69.25021 0 0 
477 3 1 4 505 506 507 508 -1.915113 4.125401 12.57912 0.005995945000000003 7.999998 13.43113 0 1 100 
478 3 1 4 913 914 915 916 4.027583 -3.138335 75.39727000000001 5.973053 -2.603648 75.69622 0 2 45 -46 
479 3 1 3 347 375 376 -6.672709 4.641564 119.0712 -6.338489 5.483167 119.1248 0 0 
480 3 1 3 571 572 574 3.312003 -1.546389 55.40829 4.430144 -0.1520803000000001 55.5187 0 2 34 -125 
481 3 1 3 913 919 920 5.683842 -2.429934 75.50244000000001 8.091564 -2.171916 76.68762 0 1 26 
482 3 1 3 967 968 976 3.371728 -2.744219 124.3357 3.475663 -2.435916 124.3357 0 0 
483 3 1 3 556 559 561 4.135367 3.776544 73.24585 4.587909 6.234402 73.29854 0 1 -120 
484 3 1 3 933 941 943 3.44996 -5.252621 120.9545 4.370543 -4.926457 121.5154 0 0 
485 3 1 3 506 507 511 -1.952376 -1.004837 3.395674 -0.9432053 2.739854 5.388638 0 2 106 -87 
486 3 1 3 570 571 574 5.507613 -1.899532 54.55425 6.435419 -0.7976648 56.12317 0 2 54 -29 
487 3 1 3 579 583 584 3.404102 4.801076 123.8239 3.406409 5.161086 123.8315 0 0 
488 3 1 3 54 55 187 -5.050516 -5.039496 61.19528 -2.497847 -4.12443 62.21359 0 1 116 
489 3 1 3 466 471 472 -2.499413 1.165002 105.6725 -2.072084 1.516485 106.2564 0 1 32 
490 3 1 4 467 471 472 478 -2.969465 2.051623 106.0315 -2.961901 2.320136 106.2564 0 1 -49 
491 3 1 3 913 916 920 5.643348 -5.769678 75.38273 6.963512 -4.790624 75.42979 0 1 -71 
492 3 1 3 641 642 644 8.197417 4.287166 104.1974 8.355301000000001 5.115547 104.3312 0 0 
493 3 1 3 3 7 8 -7.194842 -2.274689 106.0055 -7.164601 -2.04216 106.2564 0 1 -74 
494 3 1 3 465 468 473 -4.146929 2.067546 102.3926 -3.065907 2.588095 102.4655 0 1 143 
495 3 1 3 58 62 806 -2.349601 -0.5369177000000001 36.74565 -0.07907952000000007 1.035727 38.54079 0 1 146 
496 3 1 3 505 801 804 0.1647763 -2.167798 17.97604 1.828415 1.418088 20.63351 0 2 95 -4 
497 3 1 3 811 812 816 6.336884 3.370166 29.32718 7.25548 4.883021 32 0 2 1 -12 
498 3 1 3 978 981 982 3.517225 -2.378382 105.1488 3.541245 -2.061657 105.937 0 2 121 -89 
499 3 1 3 804 808 815 -2.976819 -7.425533 28.45256 -0.0591462599999999 -4.034957 28.79142 0 1 -112 
500 3 1 3 51 59 60 -3.583459 -3.112423 49.49094 -1.126341 -2.499632 52.53166 0 1 91 
501 3 1 3 913 915 920 5.683842 -3.138335 75.39727000000001 5.973053 -2.429934 76.68762 0 2 45 -26 
502 3 1 3 803 808 815 -1.567607 -4.034957 28.45256 -0.05914626000000001 -1.48351 28.84539 0 2 112 -94 
503 3 1 3 570 571 573 6.435419 -0.7976648 56.12317 7.514231 1.156461 57.39842 0 2 29 -44 
504 3 1 3 981 982 984 1.8634 -2.296413 105.4944 2.383872 -2.170536 106.2564 0 1 58 
505 3 1 3 97 103 104 -8.084618000000001 -4.087192 104.3685 -6.971611 -3.680522 104.448 0 1 -50 
506 3 1 3 913 914 916 4.340772 -6.203284 73.2433 6.138391 -3.138335 75.39727000000001 0 1 -45 
507 3 1 3 913 914 916 2.072093 -2.603648 75.43617 4.027583 -2.221096 75.69622 0 1 46 
508 3 1 3 567 569 572 4.823154 2.391802 50.16534 7.056499 5.03261 50.78352 0 1 -21 
509 3 1 3 567 569 572 2.79628 -2.247729 50.09603 4.604603 0.3138176 52.36115 0 2 69 -117 
1 3 1 2 1023 1024 1.809209 -2.841611 118.5094 2.704705 -1.947308 119.1651 0 0 
2 3 1 2 1021 1023 1.801295 -2.88589 116.3357 2.768444 -1.942967 116.9698 0 0 
3 3 1 2 1021 1022 1.783986 -2.674667 115.6005 2.99703 -1.140332 116.3357 0 0 
4 3 1 2 1020 1021 1.825345 -1.925086 116.3357 2.768444 -0.9732443 116.9784 0 0 
5 3 1 2 1018 1019 2.326894 -1.735443 128.861 2.899148 -1.127069 129.3577 0 0 
6 3 1 2 1015 1016 1.65613 -1.708193 128.7682 2.265145 -1.134715 129.1732 0 0 
7 3 1 2 1014 1016 1.652984 -1.744007 127.181 2.247985 -1.115621 127.6094 0 0 
8 3 1 2 1013 1014 1.63568 -1.716022 125.2105 2.218766 -1.118634 125.8543 0 0 
9 3 1 2 1012 1017 2.312723 -1.742938 125.7873 2.90123 -1.114058 126.2397 0 0 
10 3 1 2 1011 1013 1.768508 -1.929024 123.3092 2.664499 -0.9290345 124.3357 0 1 -408 
11 3 1 2 1010 1011 1.80179 -1.896668 122.7807 2.768348 -0.9685888 123.328 0 0 
12 3 1 2 1009 1010 1.81329 -1.928699 121.1453 2.750063 -0.9470438 121.7735 0 0 
13 3 1 2 1009 1020 1.816876 -1.855802 118.8272 2.704583 -0.9300045 119.7198 0 0 
14 3 1 2 1005 1006 1.768846 -2.939021 122.7679 2.767259 -1.939369 123.3967 0 0 
15 3 1 2 1005 1008 1.768453 -2.939025 123.8447 2.664499 -1.977518 124.3357 0 1 -200 
16 3 1 2 1005 1007 2.199542 -2.744219 123.8123 2.7383 -2.133841 124.3357 0 1 200 
17 3 1 2 1003 1004 2.326412 -4.281634 128.8665 2.896804 -3.689408 129.1565 0 0 
18 3 1 2 1002 1024 1.830259 -2.937011 120.9671 2.747998 -1.944261 121.5352 0 0 
19 3 1 2 1002 1006 1.769972 -2.89473 121.5352 2.757359 -1.95932 122.1601 0 0 
20 3 1 2 1001 1002 2.307703 -4.264305 125.7144 2.901071 -3.659135 126.2361 0 0 
21 3 1 2 1001 1004 2.271594 -4.270134 127.2746 2.891638 -3.678914 127.7007 0 0 
22 3 1 2 999 1000 1.68299 -4.270579 125.7126 2.265268 -3.684248 126.1877 0 0 
23 3 1 2 997 998 1.63536 -4.262769 128.7819 2.265176 -3.692226 129.1031 0 0 
24 3 1 2 997 1000 1.649157 -4.288186 127.0874 2.217571 -3.663782 127.6299 0 0 
25 3 1 2 996 999 1.799594 -4.433343 123.8225 2.171388 -3.800346 124.0919 0 1 347 
26 3 1 2 995 996 1.799594 -4.458202 122.8504 2.768278 -3.516464 124.0919 0 1 347 
27 3 1 2 995 999 1.799594 -4.474066 123.8225 2.271638 -3.668882 124.3357 0 1 -347 
28 3 1 2 993 996 1.775677 -4.473709 121.6935 2.765409 -3.474502 122.798 0 0 
29 3 1 2 993 994 1.772354 -4.453747 119.723 2.766895 -3.483693 120.4648 0 0 
30 3 1 2 991 992 3.921876 -1.740894 128.8357 4.486065 -1.117945 129.1071 0 0 
31 3 1 2 990 1022 1.531188 -2.670649 114.0558 3.061932 -1.14061 114.9048 0 0 
32 3 1 2 989 990 1.622518 -2.690002 111.5958 3.036806 -1.146009 112.9403 0 0 
33 3 1 2 988 989 1.474761 -2.673333 108.4735 3.044109 -1.215355 109.2655 0 0 
34 3 1 2 987 988 2.042191 -3.047834 96.9539 4.305087 -0.6983652999999999 98.1075 0 0 
35 3 1 2 986 988 1.850886 -3.175785 99.93564000000001 4.211804 -0.6805547999999999 101.4564 0 0 
36 3 1 2 995 1002 2.271638 -4.257282 124.3357 2.852422 -3.666111 124.8621 0 0 
37 3 1 2 985 986 1.81038 -3.175769 103.0026 4.329995 -0.7456538000000001 104.3225 0 0 
38 3 1 2 984 988 1.546186 -2.700731 107.519 3.039351 -1.142352 108.2606 0 0 
39 3 1 2 983 984 2.074135 -2.656444 105.7971 3.047796 -1.14859 107.5472 0 2 212 370 
40 3 1 2 982 983 2.383872 -2.656444 105.8846 3.062144 -1.831304 106.5644 0 3 122 370 470 
41 3 1 2 982 985 2.160092 -3.181481 105.1488 3.6878 -2.19884 105.4195 0 2 471 472 
42 3 1 2 982 984 1.8634 -2.703058 105.4944 2.597196 -2.170536 106.2564 0 2 -370 504 
43 3 1 2 981 983 2.33654 -2.342847 105.7773 3.001833 -1.14859 106.2564 0 3 -122 212 452 
44 3 1 2 981 985 1.851081 -2.80542 104.4468 4.230095 -0.6741089 105.3705 0 2 171 -472 
45 3 1 2 981 982 1.8634 -2.80542 105.1488 3.541245 -1.831304 106.2564 0 5 70 122 472 498 504 
46 3 1 2 979 980 3.079716 -2.69392 108.3355 4.649335 -1.196867 108.7884 0 0 
47 3 1 2 978 980 3.61563 -2.417823 106.2564 4.623627 -1.182778 107.1557 0 0 
48 3 1 2 978 981 3.517225 -2.378382 105.1488 4.230095 -1.165002 106.2564 0 3 171 429 498 
49 3 1 2 978 982 3.050587 -3.092021 105.1488 3.715243 -2.061657 106.2564 0 3 469 471 -498 
50 3 1 2 978 985 3.517225 -3.03213 104.4771 4.327037 -1.442329 105.5614 0 2 -171 -471 
51 3 1 2 977 978 3.182237 -2.703058 105.937 4.267641 -1.165002 107.0582 0 3 203 429 469 
52 3 1 2 977 980 3.079488 -2.703058 106.2564 4.267641 -1.182778 107.5445 0 1 -203 
53 3 1 2 977 982 2.86264 -2.327191 105.8846 3.541245 -1.831304 106.2564 0 3 -70 -469 470 
54 3 1 2 977 981 2.86264 -2.101012 105.8846 4.068078 -1.165002 106.2564 0 3 70 -429 452 
55 3 1 2 975 976 3.889264 -1.701145 126.0016 4.502924 -1.114988 126.2126 0 0 
56 3 1 2 974 976 3.918416 -1.739052 126.6154 4.480171 -1.128883 126.8827 0 0 
57 3 1 2 974 989 3.877088 -1.743688 127.1969 4.467829 -1.391704 127.6313 0 1 255 
58 3 1 2 974 991 3.877088 -1.57715 127.2346 4.467829 -1.146633 127.6362 0 1 -255 
59 3 1 2 973 974 3.416727 -1.924068 118.1229 4.344146 -0.9291333000000001 118.6256 0 0 
60 3 1 2 971 972 3.238611 -1.734219 124.3357 3.868569 -1.123841 124.7021 0 0 
61 3 1 2 971 975 3.874876 -1.734219 124.3357 4.371719 -1.123841 124.7909 0 0 
62 3 1 2 969 971 3.403882 -1.928929 123.3111 4.371625 -0.9717434 123.8477 0 0 
63 3 1 2 969 970 3.372553 -1.891856 122.2715 4.337755 -0.9640363 122.8513 0 0 
64 3 1 2 968 972 3.87509 -2.750558 126.4523 4.504829 -2.12849 127.512 0 0 
65 3 1 2 968 976 3.371728 -2.744219 124.3357 3.868569 -2.133841 124.3357 0 1 482 
66 3 1 2 967 968 3.371728 -2.939026 123.8322 4.371719 -1.979875 124.3357 0 1 482 
67 3 1 2 966 967 3.372347 -2.938982 122.7193 4.358139 -1.956892 123.3003 0 0 
68 3 1 2 965 966 3.376982 -2.883971 121.5248 4.369072 -1.946438 121.8783 0 0 
69 3 1 2 964 965 3.402571 -2.937716 119.2278 4.317049 -1.940477 119.8577 0 0 
70 3 1 2 964 979 3.079526 -2.664411 110.8484 4.639698 -1.166157 112.3667 0 0 
71 3 1 2 963 964 3.393019 -2.930243 118.1659 4.359356 -1.954922 118.9478 0 0 
72 3 1 2 962 964 3.141136 -2.646192 113.1574 4.644775 -1.253937 114.1219 0 0 
73 3 1 2 961 973 3.078021 -1.942537 115.9498 4.371719 -1.140329 116.3357 0 0 
74 3 1 2 961 963 3.387261 -2.72773 116.3357 4.371719 -1.942537 116.3357 0 0 
75 3 1 2 961 962 3.137062 -2.686518 114.8735 4.612119 -1.186338 115.6311 0 0 
76 3 1 2 959 960 1.6625 -5.298347 128.0687 2.231595 -4.674556 128.4186 0 0 
77 3 1 2 957 959 1.681005 -5.275009 129.4691 2.232686 -4.679262 129.8734 0 0 
78 3 1 2 956 958 3.238688 -4.279259 124.3357 3.868569 -3.668882 126.4523 0 0 
79 3 1 2 956 957 3.874909 -4.279259 124.3357 4.371719 -3.668882 124.3357 0 0 
80 3 1 2 955 956 3.403294 -4.473889 123.3128 4.371456 -3.517614 123.8321 0 0 
81 3 1 2 954 955 3.375796 -4.473267 121.6546 4.364889 -3.474074 122.2934 0 0 
82 3 1 2 951 952 2.329356 -5.285291 128.9654 2.901506 -4.685877 129.1919 0 0 
83 3 1 2 950 951 2.33451 -5.284557 127.1252 2.901426 -4.683285 127.4236 0 0 
85 3 1 2 947 950 2.218047 -5.159701 123.6936 2.736582 -4.525149 123.819 0 1 241 
86 3 1 2 947 948 1.769994 -5.484062 122.152 2.768193 -4.48418 123.2674 0 0 
87 3 1 2 946 960 1.636668 -5.289049 126.5868 2.239207 -4.706956 127.0096 0 0 
88 3 1 2 945 946 1.63675 -5.294922 124.7868 2.263613 -4.684111 125.3601 0 0 
89 3 1 2 945 950 2.172762 -5.289259 123.6936 2.736582 -4.484074 124.3357 0 1 -241 
90 3 1 2 945 947 1.768458 -5.44195 123.2613 2.736582 -4.525149 123.8214 0 1 241 
91 3 1 2 943 944 3.43098 -5.378723 118.8429 4.325687 -4.484782 119.207 0 0 
92 3 1 2 941 942 3.294137 -5.28644 128.9833 3.868428 -4.686845 129.2097 0 0 
93 3 1 2 941 943 3.44996 -5.480262 120.7956 4.370543 -4.926457 121.5154 0 1 484 
94 3 1 2 940 953 3.375135 -4.473629 116.8655 4.370966 -3.534524 117.6731 0 0 
95 3 1 2 939 940 3.078029 -5.054249 114.8387 4.665419 -3.97407 116.3357 0 1 399 
96 3 1 2 938 940 3.078094 -5.054249 114.8387 4.596936 -3.738499 115.6044 0 1 -399 
97 3 1 2 938 939 3.324791 -5.272705 114.8277 4.665375 -4.156549 115.6044 0 1 399 
98 3 1 2 937 938 3.103434 -5.268784 112.4236 4.665333 -3.685907 113.4409 0 0 
100 3 1 2 934 935 3.800371 -4.98407 123.8272 4.371719 -4.484073 124.3357 0 1 270 
101 3 1 2 934 936 3.404628 -5.442073 123.8018 4.371719 -4.484073 124.3357 0 1 -270 
102 3 1 2 933 934 3.408292 -5.447405 122.7021 4.339932 -4.520003 122.8155 0 0 
103 3 1 2 933 943 3.399846 -5.252621 120.9477 4.370543 -4.515809 121.5154 0 1 -484 
104 3 1 2 933 941 3.44996 -5.458467 120.9545 4.370543 -4.926457 121.641 0 1 484 
105 3 1 2 932 936 3.371719 -5.289259 124.1823 3.868569 -4.678882 124.3357 0 0 
106 3 1 2 931 941 3.241978 -5.281019 127.2652 3.864514 -4.669424 127.716 0 0 
107 3 1 2 930 932 3.874874 -5.159786 130.264 4.504829 -4.685306 130.6853 0 0 
108 3 1 2 929 930 3.875175 -5.284643 128.5432 4.504821 -4.680411 128.9815 0 0 
109 3 1 2 1017 1018 2.272655 -1.715197 127.3674 2.899913 -1.14245 127.6068 0 0 
110 3 1 2 927 928 1.176139 -5.144634 86.92465 4.94481 -1.256904 89.31103 0 0 
111 3 1 2 926 928 1.182988 -5.095747 91.56792 4.879475 -3.869029 91.86501 0 1 336 
112 3 1 2 925 928 1.182988 -4.058661 90.11557000000001 5.068117 -1.320195 91.98276 0 1 -336 
113 3 1 2 925 987 1.849326 -3.092084 93.55714999999999 4.330002 -1.206557 93.55714999999999 0 0 
114 3 1 2 925 926 1.182988 -4.790771 91.56792 5.070081 -3.20655 93.55714999999999 0 1 336 
115 3 1 2 923 927 1.280045 -5.110067 83.03609 5.021446 -1.269937 85.27298999999999 0 0 
116 3 1 2 923 924 1.084238 -5.16231 78.8535 4.974031 -1.258762 81.56476000000001 0 0 
117 3 1 2 921 922 1.916516 -6.274918 64.15916 7.225729 -0.1176273999999999 69.25021 0 2 376 -476 
118 3 1 2 919 920 5.110433 -5.023045 75.50244000000001 9.110080999999999 -2.171916 79.34084 0 3 249 434 481 
119 3 1 2 917 919 5.114557 -5.023045 78.35711000000001 8.90673 -1.32952 80.79029 0 1 434 
120 3 1 2 917 918 5.241163 -5.153919 81.24441 9.01327 -1.207353 83.94422 0 0 
121 3 1 2 917 920 6.113499 -5.144378 77.55714999999999 8.813903 -3.508989 79.34084 0 1 -434 
122 3 1 2 916 924 1.915279 -5.144378 77.55714999999999 4.325322 -2.48106 77.55714999999999 0 2 398 468 
123 3 1 2 915 924 3.573196 -4.763589 77.55714999999999 5.035841 -1.441409 78.8535 0 2 396 -468 
124 3 1 2 915 916 3.573196 -4.86092 75.38273 5.986221 -2.48106 77.55714999999999 0 5 245 468 473 -475 -478 
125 3 1 2 915 920 5.08975 -4.86092 75.38273 5.986221 -2.429934 77.55714999999999 0 4 -249 -473 475 501 
126 3 1 2 914 922 2.069754 -6.379219 68.983 8.170071999999999 -0.1176273999999999 71.3523 0 2 465 476 
127 3 1 2 914 916 2.072093 -6.242267 73.21132 6.138391 -2.221096 75.69622 0 3 478 506 507 
128 3 1 2 913 919 5.224543 -2.429934 75.50244000000001 8.091564 -0.1783512 77.55714999999999 0 2 -431 481 
129 3 1 2 913 915 3.573196 -3.473274 75.39727000000001 5.986308 -1.441409 77.55714999999999 0 5 245 396 431 -478 501 
130 3 1 2 913 924 1.915279 -3.206398 77.55714999999999 4.010441 -1.268722 77.55714999999999 0 2 -396 -398 
131 3 1 2 913 914 2.072093 -6.203284 71.06065 8.263000999999999 -0.1669600999999998 75.69622 0 4 465 478 506 507 
133 3 1 2 913 920 5.643348 -5.769678 75.38273 8.117039 -2.171916 76.68762 0 4 -475 -481 -491 -501 
134 3 1 2 912 937 3.164543 -5.16866 110.6174 4.645103 -3.686724 111.1095 0 0 
135 3 1 2 911 912 3.082419 -5.232826 106.8724 4.663569 -3.737023 108.2653 0 0 
136 3 1 2 910 912 1.822721 -5.427083 101.0862 2.891737 -3.308151 103.0199 0 1 401 
137 3 1 2 909 910 1.810227 -5.605466 98.80886 4.290693 -3.223253 99.86069999999999 0 0 
138 3 1 2 909 926 1.84453 -5.600583 94.84631 4.31635 -3.24459 96.13337 0 0 
139 3 1 2 907 908 1.824379 -5.738985 103.1821 4.281426 -3.68505 105.1956 0 3 268 337 467 
140 3 1 2 907 910 2.240218 -5.654774 101.7449 4.318547 -3.308151 103.1254 0 1 401 
141 3 1 2 907 912 1.824379 -5.427083 102.4212 2.891737 -3.308151 103.3833 0 2 -401 -467 
142 3 1 2 906 911 3.144259 -5.248098 106.2564 4.330002 -3.704415 106.882 0 2 79 -461 
143 3 1 2 906 907 2.361187 -4.825545 104.2463 4.281426 -3.219892 105.3584 0 2 337 458 
144 3 1 2 905 906 2.361187 -5.064318 105.1294 3.638699 -3.219227 106.2564 0 3 79 458 460 
145 3 1 2 905 908 1.811081 -5.064318 104.4152 3.335579 -3.68505 106.2564 0 3 -268 -460 462 
146 3 1 2 905 911 3.085643 -5.064318 106.2564 3.638699 -4.161637 106.2564 0 1 -79 
147 3 1 2 903 904 1.773698 -5.411942 118.2039 2.764706 -4.559754 118.9649 0 0 
148 3 1 2 903 948 1.779635 -5.48397 120.9401 2.761139 -4.50679 121.2023 0 0 
149 3 1 2 929 936 3.934975 -5.27751 127.0446 4.50399 -4.68283 127.2049 0 0 
150 3 1 2 902 994 1.81683 -4.470477 116.9296 2.759995 -3.524643 117.3499 0 0 
151 3 1 2 901 904 1.783986 -5.272771 116.3357 2.768444 -4.487797 116.6577 0 0 
152 3 1 2 901 902 1.474761 -4.522735 114.8351 3.062144 -4.11378 116.3357 0 1 310 
153 3 1 2 1011 1012 2.162064 -1.734219 124.0926 2.768444 -0.9290345 124.3357 0 1 408 
154 3 1 2 899 900 1.477031 -5.254401 106.8828 3.057825 -3.693032 108.1314 0 0 
155 3 1 2 899 905 1.811081 -5.018393 105.7889 3.032981 -3.687364 106.8486 0 1 462 
156 3 1 2 898 902 1.474986 -4.522735 114.8351 3.062137 -3.685393 114.8919 0 1 -310 
157 3 1 2 898 901 1.474986 -5.222816 114.0495 3.062137 -4.459416 114.8772 0 1 310 
158 3 1 2 897 898 1.479421 -5.269968 112.4768 3.062142 -3.708979 113.3312 0 0 
159 3 1 2 897 900 1.476761 -5.244587 109.9822 3.021697 -3.778078 110.81 0 0 
160 3 1 2 895 896 7.915285 -5.288591 125.2719 8.504396 -4.684923 125.7729 0 0 
161 3 1 2 893 894 7.966345 -5.288 128.9203 8.544688000000001 -4.683282 129.1622 0 0 
162 3 1 2 893 895 7.946976 -5.265451 127.193 8.54482 -4.678183 127.5604 0 0 
163 3 1 2 891 892 7.423303 -5.476839 120.4268 8.408101 -4.504018 121.1046 0 0 
164 3 1 2 890 892 7.413082 -5.483979 121.7298 8.404788999999999 -4.495554 122.2664 0 0 
165 3 1 2 889 890 7.411749 -5.484055 123.2683 8.411663000000001 -4.484072 123.8345 0 0 
166 3 1 2 889 896 7.914882 -5.289259 124.3357 8.411719 -4.678882 124.3357 0 0 
167 3 1 2 887 888 6.312021 -4.273961 125.2678 6.941547 -3.66539 125.8015 0 0 
168 3 1 2 886 887 6.363137 -4.286657 127.1185 6.930064 -3.662234 127.5006 0 0 
169 3 1 2 884 896 5.853447 -4.461945 118.4089 6.760834 -3.475706 119.1354 0 0 
170 3 1 2 883 884 5.81557 -4.417955 119.3848 6.787204 -3.484988 119.9838 0 0 
171 3 1 2 882 883 5.822016 -4.472841 121.4481 6.808322 -3.501846 121.8217 0 0 
172 3 1 2 881 884 5.675343 -4.279259 124.3357 6.305294 -3.668882 125.2972 0 1 374 
173 3 1 2 881 882 5.833472 -4.473866 122.5684 6.808286 -3.47411 123.5896 0 0 
174 3 1 2 881 888 5.912388 -4.47407 123.82 6.775798 -3.516605 124.3357 0 1 -374 
175 3 1 2 880 889 7.445749 -5.289259 123.8131 8.113402000000001 -4.484077 124.3357 0 1 204 
176 3 1 2 879 880 6.365106 -5.286893 128.9681 6.941366 -4.688379 129.1927 0 0 
177 3 1 2 878 880 6.312003 -5.274011 127.5158 6.930464 -4.67782 127.7576 0 0 
178 3 1 2 877 878 6.313719 -5.255327 125.737 6.940157 -4.673914 126.2374 0 0 
179 3 1 2 875 876 7.337336 -5.283916 129.0884 7.908538 -4.686651 129.2954 0 0 
180 3 1 2 874 876 7.29943 -5.280479 127.4183 7.906624 -4.677807 127.8376 0 0 
181 3 1 2 873 874 7.292086 -5.297657 125.9419 7.877319 -4.718676 126.1557 0 0 
182 3 1 2 873 880 7.411719 -5.289259 124.1529 7.908569 -4.678882 124.3357 0 1 204 
183 3 1 2 869 870 5.675336 -5.298944 128.5887 6.305217 -4.677901 129.3742 0 0 
184 3 1 2 869 872 5.688394 -5.248468 127.0784 6.287462 -4.670142 127.4006 0 0 
185 3 1 2 868 871 5.817207 -5.406055 118.2052 6.80373 -4.491153 118.9449 0 0 
186 3 1 2 867 868 5.813412 -5.47824 120.9923 6.787781 -4.53529 121.399 0 0 
187 3 1 2 866 872 5.732795 -5.298014 124.8352 6.277037 -4.685602 125.3252 0 0 
188 3 1 2 866 877 6.311603 -5.289259 124.066 6.704499 -4.678882 124.3357 0 1 377 
189 3 1 2 885 886 6.348018 -4.269776 128.7782 6.941552 -3.667116 129.1022 0 0 
190 3 1 2 865 866 5.841957 -5.442298 123.6371 6.704499 -4.524677 124.3357 0 1 377 
191 3 1 2 865 877 6.535688 -5.289259 124.066 6.808444 -4.678882 124.3357 0 1 -377 
192 3 1 2 865 867 5.845099 -5.450326 122.4771 6.783604 -4.514089 122.8138 0 0 
193 3 1 2 863 864 7.970515 -4.277221 129.5625 8.544759000000001 -3.676549 129.8067 0 0 
194 3 1 2 861 863 7.938199 -4.28871 127.7926 8.497812 -3.6599 128.2711 0 0 
195 3 1 2 861 862 7.925435 -4.251699 126.0196 8.543067000000001 -3.65968 126.4732 0 0 
196 3 1 2 859 864 7.415162 -4.44363 119.7162 8.411621999999999 -3.510876 120.4046 0 0 
197 3 1 2 859 860 7.413931 -4.438207 121.7309 8.403197 -3.474974 122.3556 0 0 
198 3 1 2 858 860 7.411991 -4.47396 123.2963 8.411334999999999 -3.474084 123.8197 0 0 
199 3 1 2 857 858 7.411723 -4.279259 124.0648 7.908569 -3.668882 124.3357 0 0 
200 3 1 2 855 856 7.184613 -5.219304 114.8899 8.639322999999999 -3.685428 115.9789 0 0 
201 3 1 2 854 855 7.427261 -5.272754 116.3357 8.411719 -4.487728 116.3357 0 0 
202 3 1 2 854 891 7.416065 -5.468884 118.2793 8.400888 -4.505105 118.9185 0 0 
203 3 1 2 853 855 7.427261 -4.47067 116.3357 8.411719 -3.685372 116.3357 0 0 
204 3 1 2 852 856 7.180759 -5.219284 113.494 8.655976000000001 -3.738537 114.1881 0 0 
205 3 1 2 851 852 7.145655 -5.249539 111.5606 8.672286 -3.731388 112.6823 0 0 
206 3 1 2 850 851 7.167938 -5.231006 108.664 8.703809 -3.693931 109.6144 0 0 
207 3 1 2 849 850 7.13288 -5.248098 106.2564 8.370001999999999 -3.685387 108.0637 0 1 413 
208 3 1 2 847 848 6.359423 -3.467184 92.56147 9.110080999999999 -3.187338 93.55714999999999 0 1 286 
209 3 1 2 846 918 5.118713 -5.203554 87.04071 8.98874 -1.212071 88.81348 0 0 
210 3 1 2 845 848 5.889326 -5.091812 91.98423 9.110080999999999 -3.187338 93.55714999999999 0 1 -286 
211 3 1 2 845 847 5.110082 -3.467184 91.97328 9.110080999999999 -1.324386 93.55714999999999 0 1 286 
212 3 1 2 845 846 5.110751 -5.091549 88.76114 9.109486 -1.207362 91.55642 0 0 
213 3 1 2 843 844 6.322215 -5.200825 112.5513 7.042478 -3.685489 114.0759 0 1 451 
214 3 1 2 843 847 5.896809 -3.174023 94.87381999999999 8.351509 -0.8128944999999999 96.23763 0 0 
215 3 1 2 842 871 5.823986 -5.27277 116.3357 6.808444 -4.487481 116.3357 0 0 
216 3 1 2 842 844 5.514771 -5.27277 114.8109 6.866441 -3.738165 115.572 0 1 447 
217 3 1 2 841 842 5.823986 -5.043516 114.8368 7.102144 -3.68537 116.3357 0 1 447 
218 3 1 2 841 896 5.853447 -4.412345 117.5732 6.727293 -3.483169 118.4089 0 0 
219 3 1 2 841 844 6.306823 -5.043516 114.8202 7.102142 -3.739614 115.572 0 1 -447 
220 3 1 2 840 848 5.961567 -5.734931 95.50861 8.298859999999999 -3.254918 96.30753 0 0 
221 3 1 2 839 844 5.576245 -5.222385 112.4411 6.638642 -3.685489 113.2967 0 1 -451 
222 3 1 2 839 843 6.322215 -5.200825 112.5513 7.047289 -3.685489 113.2967 0 1 451 
223 3 1 2 839 840 5.551031 -5.198118 110.1526 7.100457 -3.708811 111.1242 0 0 
224 3 1 2 837 838 5.514753 -5.252921 106.9145 7.087903 -3.687122 107.2688 0 0 
225 3 1 2 837 840 5.515513 -5.267502 108.6206 7.09927 -3.685564 110.0864 0 0 
226 3 1 2 836 838 5.85069 -5.248098 105.7616 7.144141 -3.710043 106.2564 0 2 415 448 
227 3 1 2 836 849 6.867163 -5.248098 105.2548 8.3131 -4.483157 106.2564 0 2 446 -448 
228 3 1 2 835 849 6.991419 -4.853431 105.2548 8.370001999999999 -3.710043 106.2564 0 3 -308 413 -446 
229 3 1 2 835 836 6.112084 -5.174543 103.9795 8.3131 -3.255859 106.2564 0 3 415 417 446 
230 3 1 2 835 838 6.112084 -4.631768 105.8106 7.144141 -3.710043 106.2564 0 2 308 -415 
231 3 1 2 834 840 5.864492 -5.615896 97.52970999999999 8.333027 -3.247017 98.95237 0 0 
232 3 1 2 833 835 6.800432 -5.174543 103.7967 8.363481999999999 -3.254689 104.6248 0 1 417 
233 3 1 2 833 836 5.865384 -5.685203 103.9795 8.160660999999999 -3.255859 104.6248 0 1 -417 
234 3 1 2 833 834 5.890724 -5.691814 101.0041 8.269168000000001 -3.287084 102.1529 0 0 
235 3 1 2 915 919 5.124881 -2.963689 76.25828 5.986308 -1.473164 77.55714999999999 0 2 249 431 
236 3 1 2 831 832 5.808744 -2.938902 122.6915 6.79376 -1.950659 123.2869 0 0 
237 3 1 2 830 832 6.085137 -2.939028 124.0147 6.808444 -1.939031 124.3357 0 1 423 
238 3 1 2 981 984 1.810858 -2.296413 105.292 2.704505 -1.14859 106.2564 0 2 -212 -504 
239 3 1 2 829 832 5.841308 -2.744219 123.652 6.330832 -1.939031 124.3357 0 1 -423 
240 3 1 2 829 830 5.912388 -2.43903 124.0426 6.307214 -1.939031 124.3357 0 1 423 
241 3 1 2 827 828 6.355677 -1.743224 126.2204 6.907584 -1.114225 126.3449 0 0 
242 3 1 2 826 828 5.842222 -2.930166 116.9743 6.779855 -1.952372 117.6532 0 0 
243 3 1 2 825 826 5.849637 -2.931693 119.3725 6.78991 -1.941732 120.0053 0 0 
244 3 1 2 825 831 5.818806 -2.88939 121.1147 6.796358 -1.950129 121.6218 0 0 
245 3 1 2 824 827 6.311602 -1.734219 124.3357 6.808444 -1.123841 124.3357 0 1 365 
246 3 1 2 823 824 5.84151 -1.887011 123.8255 6.773925 -1.123841 124.3357 0 1 365 
247 3 1 2 822 824 5.808501 -1.893322 122.7953 6.776348 -0.9290328 123.3318 0 0 
248 3 1 2 821 822 5.835288 -1.929009 121.1109 6.806967 -0.9491311 121.8795 0 0 
249 3 1 2 820 821 5.825107 -1.918638 118.3761 6.807396 -0.9715454 119.2121 0 0 
250 3 1 2 818 820 5.823986 -1.92548 116.3357 6.808444 -1.140338 116.3357 0 0 
251 3 1 2 818 828 5.823986 -2.72773 116.3357 6.808444 -1.942589 116.3357 0 0 
252 3 1 2 817 818 5.580747 -2.676494 114.8331 7.037366 -1.192854 115.6013 0 0 
253 3 1 2 817 819 5.56782 -2.684117 113.254 7.102038 -1.197953 114.1197 0 0 
254 3 1 2 815 816 2.08534 -6.61405 24.77033 7.913773 3.370166 29.32718 0 3 292 439 440 
255 3 1 2 916 920 5.643348 -6.236064 75.38273 6.963512 -4.790624 77.55714999999999 0 2 473 491 
256 3 1 2 814 828 6.348741 -1.742448 127.0785 6.864339 -1.146248 127.5014 0 0 
257 3 1 2 814 816 0.7024501999999999 2.730051 22.61802 5.632086 7.848657 25.87739 0 2 262 -454 
258 3 1 2 813 814 6.36762 -1.725524 128.8331 6.941471 -1.128021 129.081 0 0 
259 3 1 2 858 862 7.91491 -4.279259 124.3357 8.411719 -3.668882 124.3357 0 0 
260 3 1 2 812 815 0.3723241000000002 -4.883021 28.3409 8 3.370166 32 0 1 438 
261 3 1 2 811 812 0.07455575999999997 -2.389362 29.32718 7.25548 4.883021 35.76755 0 4 322 436 438 497 
262 3 1 2 811 816 1.421887 1.244198 27.86319 7.25548 5.965304 32 0 4 329 330 -440 -497 
263 3 1 2 811 815 0.3723241000000002 -3.097574 27.00009 7.25548 3.370166 32 0 4 292 433 -438 440 
264 3 1 2 810 812 0.07455575999999997 -5.039623 34.53632 7.926576 1.141055 37.31454 0 2 294 -322 
265 3 1 2 810 811 0.07455575999999997 -0.4928722000000001 35.74317 3.08748 2.977203 38.02789 0 2 322 441 
266 3 1 2 809 810 1.023795 -4.165659 34.61837 9.002279 2.977202999999999 40.22473 0 3 110 294 441 
267 3 1 2 809 811 1.023795 1.141055 32 6.336884 4.883021 38.02789 0 3 330 436 -441 
268 3 1 2 809 812 2.331267 -4.883021 32 8 4.883021 36.29434 0 2 -294 -436 
269 3 1 2 808 815 -2.976819 -7.854653 28.45256 -0.0591462599999999 -1.48351 32 0 3 444 499 502 
270 3 1 2 807 808 -7.794302 -5.039606 32 -2.740061 2.287320999999999 36.19893 0 3 183 427 428 
271 3 1 2 806 808 -5.019461 -4.277435 28.84539 -0.8919627999999999 2.092555 36.19893 0 5 -63 345 -428 444 450 
272 3 1 2 806 815 -1.567607 -3.493563 27.00009 2.08534 -1.48351 32 0 3 -356 -433 -444 
273 3 1 2 806 811 -0.7061008000000001 -3.097574 27.00009 2.08534 3.424894 32 0 2 61 433 
274 3 1 2 805 806 -5.019461 -0.8745080999999999 30.3126 -0.7804419 3.36716 36.74565 0 4 50 345 421 455 
275 3 1 2 805 807 -7.792681 -0.4773168999999999 32 -2.349601 5.036174 37.58989 0 3 304 -421 427 
276 3 1 2 805 808 -7.999887 -0.8745081000000001 27.8546 -2.275739 2.287321 33.93906 0 3 -345 402 -427 
277 3 1 2 804 816 0.9469676000000002 -6.642539 19.0059 5.805783 1.418088 27.00009 0 5 59 246 325 419 -439 
278 3 1 2 804 815 -2.976819 -7.999994 25.65946 4.500483 -3.097574 28.81404 0 3 439 464 -499 
279 3 1 2 803 805 -7.999887 -0.04250062999999993 26.24233 -2.275739 3.190486 30.3126 0 3 402 414 425 
280 3 1 2 803 804 -6.919902 -5.581593 17.97604 2.08534 1.178248 29.53768 0 5 181 325 412 463 464 
281 3 1 2 803 815 -1.567607 -4.034957 27.00009 2.08534 -1.48351 28.84539 0 3 356 -464 -502 
282 3 1 2 803 808 -7.999887 -4.515391 25.67833 -0.0591462599999999 2.092555 30.3126 0 4 63 -402 -463 502 
283 3 1 2 802 805 -4.143003 2.092555 26.24233 -0.7071774 7.857523 32 0 3 50 393 -425 
284 3 1 2 802 816 0.7024501999999999 -3.097574 22.75518 3.651222 7.856707 32 0 5 -292 -325 -329 410 454 
285 3 1 2 906 908 3.110827 -5.252924 104.7853 4.281426 -3.910248 106.2564 0 3 -337 460 461 
286 3 1 2 802 811 0.2507025999999999 -3.097574 27.00009 3.651222 5.965304 32 0 3 -61 292 329 
287 3 1 2 802 806 -2.275739 -3.097574 27.00009 2.08534 3.424894 32 0 4 -50 61 -63 -356 
288 3 1 2 802 803 -4.143003 -3.097574 23.30915 2.08534 2.713001 30.3126 0 5 63 325 356 403 425 
289 3 1 2 801 803 -7.847324 -2.539531 17.86247 0.9469676000000002 4.057641 28.97066 0 4 -403 407 412 414 
290 3 1 2 801 816 0.7024502 1.178248 20.63351 1.828415 4.93912 24.84004 0 3 397 -410 -419 
291 3 1 2 801 802 -4.143003 1.178248 22.75518 1.548736 7.852205 29.66253 0 4 393 403 410 454 
292 3 1 2 801 804 -1.213562 -2.539531 17.97604 1.828415 1.418088 24.84004 0 3 -412 419 496 
293 3 1 2 801 814 0.09927451000000009 4.933298 16.73708 2.457964 7.999384 25.87739 0 2 68 -454 
294 3 1 2 799 800 7.423322 -2.925502 120.0974 8.396984 -1.993252 120.387 0 0 
295 3 1 2 797 798 7.126927 -2.705841 107.0142 8.692610999999999 -1.158288 108.2005 0 0 
296 3 1 2 797 800 7.197787 -2.726452 109.1133 8.600241 -1.165744 110.2181 0 0 
297 3 1 2 795 796 7.11825 -2.724841 113.1216 8.705018000000001 -1.140682 114.0936 0 0 
298 3 1 2 795 800 7.213035 -2.675187 110.7594 8.681141 -1.25529 111.6346 0 0 
299 3 1 2 794 796 7.118019 -2.727704 114.8157 8.638163 -1.194005 115.5699 0 1 474 
300 3 1 2 793 799 7.425703 -2.907103 117.5949 8.380648000000001 -1.956028 118.2934 0 0 
301 3 1 2 793 794 7.427261 -2.673982 115.566 8.705418999999999 -1.93403 116.3357 0 1 474 
302 3 1 2 792 843 5.935489 -3.18279 98.21035999999999 8.268856 -0.8363569 99.70893 0 0 
303 3 1 2 791 819 5.564892 -2.714346 110.6844 7.063648 -1.152891 111.839 0 0 
304 3 1 2 790 791 5.608432 -2.727606 107.0327 7.088543 -1.145284 108.0898 0 0 
305 3 1 2 789 790 5.850797 -2.703058 106.2564 7.090738 -1.148435 107.4299 0 1 394 
306 3 1 2 788 798 7.124662 -2.617219 106.2564 8.370001999999999 -1.165002 106.6446 0 1 358 
307 3 1 2 788 789 6.720562 -2.27366 105.2746 7.115262 -1.255709 106.2564 0 3 391 392 435 
308 3 1 2 787 788 6.863944 -2.617219 105.2746 8.370001999999999 -0.9253334 106.6354 0 4 358 390 391 392 
309 3 1 2 787 798 7.507722 -2.703058 106.2564 8.370001999999999 -1.879759 106.6354 0 1 -358 
310 3 1 2 786 789 5.850797 -2.703058 105.2746 7.115262 -1.165002 106.2564 0 4 -387 -391 394 -435 
311 3 1 2 786 787 6.596894 -3.183927 104.5616 7.934674 -1.600427 106.2564 0 3 387 391 466 
312 3 1 2 786 788 6.720562 -1.600427 105.2681 7.137548 -0.6744083 106.2564 0 2 435 442 
313 3 1 2 785 787 7.024269 -2.88663 104.488 8.360309000000001 -0.9253334 105.3281 0 2 390 -466 
314 3 1 2 785 786 5.850705 -3.185161 103.6331 7.934674 -0.6744082999999998 105.2746 0 2 442 466 
315 3 1 2 785 792 5.869726 -3.072786 102.1449 8.362086 -0.6764837000000001 103.3755 0 0 
316 3 1 2 782 800 7.4127 -2.88665 121.5068 8.405931000000001 -1.976531 121.8448 0 0 
317 3 1 2 781 784 7.444285 -2.939023 123.8098 8.411719 -1.93904 124.3357 0 0 
318 3 1 2 781 782 7.412001 -2.93897 122.7721 8.409959000000001 -1.964636 123.8033 0 1 265 
319 3 1 2 780 781 7.75376 -2.415796 122.7721 8.325399000000001 -1.939071 123.3664 0 1 265 
320 3 1 2 780 782 7.75376 -2.415796 122.385 8.325399000000001 -1.949444 123.3245 0 1 -265 
321 3 1 2 779 780 7.953724 -1.737172 125.2231 8.544826 -1.117307 125.3646 0 0 
322 3 1 2 778 779 7.919362 -1.707568 127.1092 8.540902000000001 -1.119932 127.6614 0 0 
323 3 1 2 777 778 7.965968 -1.74046 128.8103 8.525700000000001 -1.119402 129.1261 0 0 
324 3 1 2 775 776 7.325195 -1.715962 128.808 7.908001 -1.128555 129.1234 0 0 
325 3 1 2 774 780 7.908569 -1.92902 123.7325 8.378806000000001 -0.9290403 124.3357 0 1 341 
326 3 1 2 773 774 7.279509 -1.73711 125.0849 7.860896 -1.129501 125.3214 0 0 
327 3 1 2 773 775 7.278668 -1.704704 127.2421 7.841129 -1.140527 127.5393 0 0 
328 3 1 2 772 774 7.445541 -1.886646 123.7325 8.378806000000001 -0.9706084 123.8446 0 1 341 
329 3 1 2 772 780 8.027575000000001 -1.886646 123.7325 8.378806000000001 -1.250622 123.8431 0 1 -341 
330 3 1 2 771 772 7.449507 -1.894447 122.2366 8.411642000000001 -0.9291352 122.8524 0 0 
331 3 1 2 770 771 7.415526 -1.890711 120.5404 8.410231 -0.9733483000000001 121.2569 0 0 
332 3 1 2 769 794 7.427261 -1.925807 116.3357 8.411719 -1.140329 116.3357 0 0 
333 3 1 2 769 770 7.483896 -1.897252 118.2238 8.398959 -0.9293374 118.9219 0 0 
334 3 1 2 767 768 2.31806 1.129186 128.844 2.90091 1.730713 129.1353 0 0 
335 3 1 2 765 767 2.274696 1.115268 126.825 2.882831 1.735888 127.6618 0 0 
336 3 1 2 765 766 2.272685 1.123406 125.2972 2.901383 1.731886 125.805 0 0 
337 3 1 2 764 766 1.768464 0.9290425 123.2996 2.735095 1.929023 124.3357 0 1 385 
338 3 1 2 763 764 1.76852 0.9290904 122.2205 2.73077 1.928933 122.7962 0 0 
339 3 1 2 761 763 1.768449 0.935489 120.2408 2.702393 1.920155 121.1097 0 0 
340 3 1 2 761 762 1.777207 1.02385 117.9324 2.761317 1.89343 118.9558 0 0 
341 3 1 2 759 760 1.635447 1.152374 128.8125 2.264681 1.719462 129.2302 0 0 
342 3 1 2 758 766 1.801435 0.9290362 123.4824 2.296571 1.929023 124.3357 0 1 -385 
343 3 1 2 758 764 1.801435 1.560564 123.4824 2.296571 1.929023 124.3357 0 1 385 
344 3 1 2 757 758 1.636918 1.115251 125.2708 2.260869 1.731676 125.7835 0 0 
345 3 1 2 757 760 1.643663 1.140023 127.5688 2.261949 1.735181 127.911 0 0 
346 3 1 2 755 756 7.914974 2.133841 124.3357 8.411719 2.744219 124.3357 0 0 
347 3 1 2 753 756 7.443511 1.980178 123.5849 8.38156 2.896712 124.0704 0 0 
348 3 1 2 753 754 7.439432 1.958757 122.2832 8.410741 2.938964 123.3698 0 0 
349 3 1 2 751 752 7.416119 0.9344352 117.5931 8.406988 1.890111 118.3771 0 0 
350 3 1 2 750 751 7.186464 1.193351 115.2315 8.411719 1.974832 116.3357 0 1 379 
351 3 1 2 749 750 7.427261 1.942058 116.3357 8.411719 2.727727 116.3357 0 0 
352 3 1 2 748 754 7.685859 1.972733 120.9089 8.092181999999999 2.303069 121.2121 0 0 
353 3 1 2 748 754 7.440037 1.99295 120.9089 8.040495999999999 2.922162 121.685 0 1 332 
354 3 1 2 747 748 7.411893 1.939088 120.4406 8.092181999999999 2.922162 121.2121 0 1 332 
355 3 1 2 747 754 7.882443 1.972733 120.9089 8.385338000000001 2.922162 121.5058 0 1 -332 
356 3 1 2 747 749 8.094302000000001 1.973559 118.1755 8.402903 2.736189 118.8928 0 0 
357 3 1 2 747 749 7.487062 1.939302 118.3868 8.402326 2.922667 119.0799 0 0 
358 3 1 2 746 748 7.929614 1.154497 127.4808 8.543340000000001 1.730913 127.8841 0 0 
359 3 1 2 745 746 7.961658 1.118432 128.659 8.489973000000001 1.743166 129.3487 0 0 
360 3 1 2 744 752 7.453029 0.9297492000000001 120.2526 8.344067000000001 1.922631 121.0322 0 0 
361 3 1 2 743 744 7.413077 0.9301276000000001 121.7786 8.409801 1.913236 122.7104 0 0 
362 3 1 2 742 743 7.412415 0.9674358 123.288 8.381373999999999 1.928152 123.8227 0 0 
363 3 1 2 741 742 7.914879 1.123841 124.3357 8.411719 1.734219 124.3357 0 0 
364 3 1 2 741 748 7.941096 1.115877 126.1832 8.544135000000001 1.727683 126.3295 0 0 
365 3 1 2 739 740 7.283326 1.118987 125.7878 7.903275 1.732921 126.3141 0 0 
366 3 1 2 739 742 7.411719 1.123841 124.0615 7.908569 1.734219 124.3357 0 0 
367 3 1 2 737 738 7.318672 1.126049 128.823 7.907338 1.711677 129.1197 0 0 
368 3 1 2 737 740 7.292514 1.131036 127.1804 7.90546 1.741912 127.6079 0 0 
369 3 1 2 735 736 5.870382 0.6771754000000001 99.18312 8.191319 3.188135 101.0553 0 0 
370 3 1 2 733 734 6.362537 1.125247 128.8503 6.941379 1.726877 129.1139 0 0 
371 3 1 2 732 736 5.893456 0.6958934999999999 94.87124 8.35374 3.173512 96.42531 0 0 
372 3 1 2 731 732 7.252849 1.429793 109.7115 8.679819 2.724585 111.5832 0 1 368 
373 3 1 2 730 750 7.18457 1.193351 115.2315 8.640574000000001 2.674147 115.5853 0 1 379 
374 3 1 2 729 730 7.119644 1.143431 112.5297 8.660066 2.665379 113.9963 0 0 
375 3 1 2 729 731 7.252849 1.158403 110.6355 8.679819 2.376581 111.5832 0 1 368 
376 3 1 2 727 728 6.598067 1.645614 103.0012 8.369085 2.711467 106.2564 0 5 318 364 366 367 -369 
377 3 1 2 727 735 7.280331 1.645614 102.424 8.336546 3.083776 103.2145 0 2 -318 443 
378 3 1 2 726 728 6.716994 1.165002 105.681 8.370001999999999 2.703058 106.2564 0 4 288 346 -366 369 
379 3 1 2 725 726 7.12445 1.159252 106.2564 8.694706999999999 2.703058 107.227 0 3 288 -363 369 
380 3 1 2 725 731 7.123624 1.140333 107.8118 8.620868 2.711619 108.1838 0 0 
381 3 1 2 723 724 5.539581 1.149577 107.8786 7.077354 2.710907 108.8336 0 0 
382 3 1 2 722 724 5.85077 1.973217 106.2564 6.179909 2.703058 106.6311 0 1 362 
383 3 1 2 722 727 6.112084 1.681388 102.424 7.625334 3.177715 106.2564 0 3 328 364 443 
384 3 1 2 722 728 6.476615 0.6750815 103.2053 7.432307 2.671664 106.2564 0 3 157 -364 424 
385 3 1 2 722 735 5.852733 0.7160104999999999 102.3933 7.625334 3.083776 104.2271 0 2 -424 -443 
386 3 1 2 721 722 5.85077 1.165002 105.7647 6.906778 2.703058 106.6311 0 3 157 328 362 
387 3 1 2 721 724 5.85077 1.165002 106.2564 7.087797 2.704979 107.2792 0 1 -362 
388 3 1 2 721 727 6.112084 2.614505 105.8605 6.716994 2.703058 106.2564 0 2 -328 367 
389 3 1 2 721 726 6.716994 1.694224 105.9682 7.155112 2.614505 106.2564 0 2 346 363 
390 3 1 2 721 728 6.476615 1.412536 105.7647 7.155112 2.671664 106.2564 0 3 -157 -346 -367 
391 3 1 2 719 720 5.820095 0.9383768 118.2109 6.801937 1.913379 118.812 0 1 247 
392 3 1 2 717 718 6.348508 1.121263 126.0212 6.93975 1.718392 126.2887 0 0 
393 3 1 2 717 734 6.328388 1.15318 126.7696 6.909785 1.705262 127.4625 0 0 
394 3 1 2 717 719 5.84073 0.9383768 118.2886 6.801937 1.913379 119.2494 0 2 247 382 
395 3 1 2 716 717 5.675371 1.114776 128.5688 6.305294 1.743565 128.5688 0 0 
397 3 1 2 715 718 6.311601 1.123841 124.3357 6.808444 1.734219 124.3357 0 0 
398 3 1 2 714 717 5.84073 0.9535751 118.9757 6.794293 1.928772 119.6571 0 1 382 
399 3 1 2 713 716 5.845495 0.9635802 122.7792 6.808416 1.783269 123.3294 0 1 -357 
400 3 1 2 713 715 5.94953 1.420972 123.306 6.66131 1.929006 123.3294 0 1 357 
401 3 1 2 713 714 5.857637 0.9292086000000001 121.6032 6.753989 1.928275 121.7282 0 0 
402 3 1 2 711 712 5.840708 1.939034 120.9207 6.781121 2.841864 121.7041 0 0 
403 3 1 2 710 712 5.675931 2.124323 128.5688 6.305294 2.752889 130.6853 0 0 
404 3 1 2 710 711 5.950104 2.429235 122.8648 6.680574 2.93892 123.3015 0 1 67 
405 3 1 2 709 710 5.808497 2.133841 122.8648 6.704499 2.894156 124.3357 0 1 67 
406 3 1 2 709 711 5.839047 1.95118 122.3002 6.807204 2.787731 123.3423 0 1 -67 
407 3 1 2 707 723 5.573633 1.140336 111.1437 7.003928 2.715821 111.7251 0 0 
408 3 1 2 707 708 5.556178 1.141043 113.0995 7.100305 2.675025 114.1172 0 0 
409 3 1 2 706 712 5.855833 1.93929 118.3589 6.802476 2.89231 119.1324 0 0 
410 3 1 2 705 706 5.823986 1.942611 116.3357 6.808444 2.72773 116.3357 0 0 
411 3 1 2 705 708 5.579321 1.192381 115.1444 7.03542 2.675176 115.5899 0 0 
412 3 1 2 703 704 7.972081 3.673606 129.7942 8.544822 4.275161 130.0438 0 0 
413 3 1 2 702 704 7.914881 4.68996 125.7052 8.535704000000001 5.279469 125.8827 0 0 
414 3 1 2 701 702 7.952983 4.688454 128.7904 8.54082 5.2977 129.1479 0 0 
415 3 1 2 756 760 7.278778 2.133841 124.3357 7.908569 2.749289 126.4523 0 0 
416 3 1 2 699 700 6.368577 4.685518 129.6467 6.941524 5.28533 129.8618 0 0 
417 3 1 2 699 704 7.926437 4.710976 126.6692 8.499995999999999 5.260192 127.0308 0 0 
418 3 1 2 699 702 7.922526 4.739628 127.7716 8.523849 5.293416 128.1514 0 0 
419 3 1 2 697 700 6.357922 4.706112 127.9435 6.938578 5.293334 128.1447 0 0 
420 3 1 2 697 698 6.346758 4.670427 126.1176 6.929492 5.245708 126.2719 0 0 
421 3 1 2 695 696 7.280097 4.674894 125.2499 7.906847 5.292919 125.7541 0 0 
422 3 1 2 693 696 7.278943 4.683687 127.2345 7.908457 5.298944 127.7354 0 0 
423 3 1 2 693 694 7.278608 4.683375 128.827 7.908564 5.283493 129.4632 0 0 
424 3 1 2 692 702 7.914882 4.703387 124.8004 8.501711999999999 5.287937 125.247 0 0 
425 3 1 2 691 692 7.414086 4.53198 119.4724 8.411704 5.430479 120.2536 0 0 
426 3 1 2 690 691 7.416678 4.491159 121.146 8.411142 5.40622 121.8142 0 0 
427 3 1 2 689 692 7.914879 4.678882 124.3357 8.411719 5.289259 124.3357 0 1 355 
428 3 1 2 689 695 7.411719 4.484078 123.8303 8.307774 5.484067 124.3357 0 1 -355 
429 3 1 2 689 690 7.447195 4.484121 122.8012 8.411300000000001 5.450974 123.3784 0 0 
430 3 1 2 688 703 7.918265 3.710935 128.1777 8.535743 4.276318 128.5653 0 0 
431 3 1 2 687 688 7.940393 3.669747 125.9809 8.534800000000001 4.287028 126.2908 0 0 
432 3 1 2 685 686 7.15315 3.699707 111.5049 8.700123 5.2711 112.587 0 0 
433 3 1 2 683 692 7.459355 4.496767 118.1274 8.410038 5.46528 118.3709 0 0 
434 3 1 2 682 684 7.443426 3.529361 116.3357 8.407657 4.470705 117.095 0 0 
435 3 1 2 682 683 7.427261 4.423049 115.9935 8.705418999999999 5.107769 116.3357 0 1 297 
436 3 1 2 681 686 7.175755 3.743312 113.6236 8.646165999999999 5.212508 114.4044 0 0 
437 3 1 2 681 682 7.118021 3.685377 114.7693 8.705418999999999 5.107769 116.3357 0 1 297 
438 3 1 2 681 683 7.427261 4.423049 115.9437 8.705418999999999 5.272771 116.3357 0 1 -297 
439 3 1 2 680 687 7.914915 3.668882 124.3357 8.411719 4.279259 124.3357 0 0 
440 3 1 2 679 680 7.442794 3.474078 123.6338 8.152428 4.279259 124.3357 0 0 
441 3 1 2 678 680 7.412485 3.474085 122.718 8.395082 4.474003 123.373 0 0 
442 3 1 2 677 684 7.497799 3.482456 118.9762 8.367848 4.178878 119.7605 0 1 104 
443 3 1 2 677 678 7.423818 3.512315 121.4764 8.39157 4.456972 122.1672 0 0 
444 3 1 2 676 677 7.412397 3.693588 119.08 8.367848 4.446429 120.4745 0 1 104 
445 3 1 2 676 684 7.429619 3.693588 118.786 8.367848 4.449739 119.7605 0 1 -104 
446 3 1 2 675 676 5.675403 4.673966 125.3214 6.302921 5.281811 125.7836 0 0 
447 3 1 2 673 674 5.675427 4.698514 128.794 6.305229 5.264797 129.1215 0 0 
448 3 1 2 673 675 5.724699 4.706968 127.5482 6.304385 5.270611 127.7622 0 0 
449 3 1 2 671 672 5.854799 4.532775 120.2058 6.802654 5.481542 120.7979 0 0 
450 3 1 2 670 676 5.808444 4.678882 124.3357 6.305294 5.289259 124.3357 0 0 
451 3 1 2 669 670 5.841736 4.484095 123.3208 6.808277 5.441699 123.841 0 0 
452 3 1 2 669 672 5.808457 4.484077 121.816 6.808163 5.472793 122.7607 0 0 
453 3 1 2 667 668 5.825275 3.482647 117.6106 6.782504 4.457845 118.1856 0 0 
454 3 1 2 666 671 5.862156 4.484569 116.9634 6.73837 5.479469 117.615 0 0 
455 3 1 2 666 668 5.823986 3.97407 115.6029 7.102144 5.107769 116.3357 0 1 348 
456 3 1 2 665 666 5.823986 4.157679 115.1815 7.034731 5.219071 116.3357 0 1 348 
457 3 1 2 665 668 5.51475 3.68537 115.5776 7.034163 5.107769 116.3357 0 1 -348 
458 3 1 2 663 664 5.808446 3.668882 123.821 6.305294 4.279259 124.3357 0 0 
459 3 1 2 662 664 5.808444 3.474072 123.3002 6.775075 4.474061 123.8308 0 0 
460 3 1 2 931 932 3.283367 -5.270012 125.7225 3.865909 -4.675274 125.9628 0 0 
461 3 1 2 661 662 5.808445 3.474071 122.2074 6.80844 4.474056 122.7406 0 0 
462 3 1 2 661 667 5.899372 3.483281 120.2238 6.723361 4.473898 120.6822 0 0 
463 3 1 2 659 660 6.359023 3.675148 128.8512 6.940451 4.276643 129.1473 0 0 
464 3 1 2 658 664 6.311633 3.668882 124.3357 6.808444 4.279259 124.3357 0 0 
465 3 1 2 657 658 6.314277 3.669323 125.7809 6.941491 4.280724 126.2508 0 0 
466 3 1 2 657 659 6.321634 3.659326 127.4175 6.940428 4.280079 127.7194 0 0 
467 3 1 2 656 732 6.352509 3.307087 92.6641 8.370001999999999 4.47907 93.55714999999999 0 2 342 343 
468 3 1 2 655 656 5.954026 3.21915 96.31998 8.355810999999999 5.638933 97.41410999999999 0 0 
469 3 1 2 653 654 5.51529 3.705206 111.7982 7.074051 5.226904 113.1897 0 0 
470 3 1 2 653 665 5.514863 3.725381 113.9315 7.102144 5.272765 114.8704 0 0 
471 3 1 2 939 944 3.403924 -5.430121 116.3357 4.371719 -4.488234 117.0283 0 0 
472 3 1 2 651 652 5.119035 1.254444 83.72613 9.015040000000001 5.069629 86.46698000000001 0 0 
473 3 1 2 650 732 7.880444 3.20655 92.6641 9.110080999999999 4.47907 93.55714999999999 0 2 -342 445 
474 3 1 2 650 656 5.889326 3.307087 92.6641 8.370001999999999 5.206544 93.55714999999999 0 2 342 343 
475 3 1 2 650 651 5.227303 2.29437 88.04182 8.938272 5.090734 90.40825 0 1 208 
476 3 1 2 649 732 5.889326 1.206566 91.97449 9.110080999999999 3.47235 94.20634 0 2 -343 -445 
477 3 1 2 649 650 5.110081 2.29437 88.71237000000001 9.110080999999999 4.017548 93.55714999999999 0 3 208 343 445 
478 3 1 2 649 651 5.227303 1.338048 88.70383 8.966526999999999 4.017548 90.40825 0 1 -208 
479 3 1 2 648 685 7.120839 3.685432 109.0319 8.636732 5.272518 110.0992 0 0 
480 3 1 2 647 654 5.515346 3.692629 109.3288 6.726303 5.177833 110.6383 0 1 320 
481 3 1 2 647 648 7.122916 3.69399 106.915 8.626524 5.243857 107.9359 0 0 
482 3 1 2 646 654 6.201341 3.692629 109.1014 7.081013 5.15387 110.1216 0 1 -320 
483 3 1 2 646 647 5.537821 3.692629 108.589 6.726303 5.202354 110.0898 0 1 320 
484 3 1 2 645 646 5.515923 3.737655 106.8955 7.079767 5.241269 107.799 0 0 
485 3 1 2 644 645 5.850656 4.443714 106.2564 6.871442 5.248098 106.2564 0 1 339 
486 3 1 2 644 647 7.126867 3.495687 105.3628 8.370001999999999 5.248098 106.2564 0 2 98 334 
487 3 1 2 643 644 5.850656 3.495687 105.4191 7.89771 5.038528 106.2564 0 3 169 334 339 
488 3 1 2 643 645 5.850656 3.710043 106.2564 7.102144 5.038528 106.2564 0 1 -339 
489 3 1 2 643 647 7.126867 3.495687 105.4191 8.108078000000001 4.597261 106.2564 0 1 -334 
490 3 1 2 642 655 5.943016 3.311084 100.1898 8.341642 5.723798 101.7746 0 0 
491 3 1 2 641 643 5.850656 3.21925 104.7627 7.89771 4.443714 106.2564 0 1 169 
492 3 1 2 641 642 5.850806 3.227979 103.1019 8.355301000000001 5.672015 104.5419 0 1 492 
493 3 1 2 641 644 5.850656 3.495687 104.1974 8.355301000000001 5.738743 106.2564 0 3 98 -169 -492 
494 3 1 2 638 639 3.925302 4.680371 128.7713 4.504346 5.29255 129.0854 0 0 
495 3 1 2 637 638 3.892101 4.707935 126.8168 4.504709 5.282756 127.6287 0 0 
496 3 1 2 635 640 2.319196 3.673201 128.8822 2.900975 4.275223 129.1713 0 0 
497 3 1 2 635 636 2.283857 3.659719 127.735 2.896849 4.272738 128.1773 0 0 
498 3 1 2 633 634 1.635448 3.693797 128.9146 2.265249 4.254261 129.3121 0 0 
499 3 1 2 633 635 1.655105 3.661452 127.5486 2.234946 4.221372 127.7025 0 0 
500 3 1 2 631 632 1.797298 3.515542 121.3396 2.745931 4.473672 121.7311 0 0 
501 3 1 2 630 631 1.838287 3.48393 119.4056 2.73527 4.469588 120.0134 0 0 
502 3 1 2 629 630 1.789992 3.480966 116.9992 2.764393 4.45875 117.6629 0 0 
503 3 1 2 628 636 2.315344 3.673611 126.1695 2.900693 4.273826 126.2678 0 0 
504 3 1 2 627 635 1.637964 3.667019 126.6716 2.264531 4.281314 127.2037 0 0 
505 3 1 2 626 627 1.637154 3.659968 124.8206 2.263411 4.272981 125.3815 0 0 
506 3 1 2 626 632 1.802713 3.474102 122.7283 2.768261 4.474049 123.314 0 1 295 
507 3 1 2 625 628 2.272638 3.668882 124.3357 2.768444 4.279259 124.8977 0 0 
509 3 1 2 623 624 1.769057 4.552903 120.1817 2.732845 5.474191 120.6805 0 0 
510 3 1 2 621 624 1.769944 4.48659 121.8532 2.767493 5.483008 122.8352 0 0 
511 3 1 2 621 622 1.872388 4.484074 123.3197 2.768285 5.483907 124.3357 0 1 327 
512 3 1 2 619 620 1.689108 4.689836 125.7295 2.265248 5.274847 125.807 0 0 
513 3 1 2 619 622 1.872388 4.678882 123.5935 2.265294 5.439174 124.3357 0 1 -327 
514 3 1 2 619 621 1.800881 4.678882 123.5935 2.168403 5.439174 124.3357 0 1 327 
515 3 1 2 618 620 1.649415 4.697421 127.5216 2.249802 5.298934 127.8012 0 0 
516 3 1 2 617 618 1.640028 4.712918 128.6823 2.264532 5.274097 129.1214 0 0 
517 3 1 2 615 616 2.295794 4.67825 125.2312 2.900847 5.287274 125.3385 0 1 326 
518 3 1 2 615 622 2.271602 4.708796 124.3357 2.900847 5.287274 125.3385 0 1 -326 
519 3 1 2 614 616 2.332268 4.687326 127.1177 2.901539 5.288214 127.2336 0 0 
521 3 1 2 612 629 1.474747 4.155431 115.59 3.062144 4.502839 116.3357 0 1 316 
522 3 1 2 611 612 1.474747 4.155431 115.59 2.995628 5.220339 116.3357 0 1 316 
523 3 1 2 611 629 1.474747 3.737419 115.4867 2.993163 4.513697 116.3357 0 2 -316 323 
524 3 1 2 610 611 1.474906 3.685491 113.2721 3.058173 5.27183 115.5861 0 1 323 
525 3 1 2 783 784 7.411728 -2.744219 124.3357 7.908569 -2.133841 124.3357 0 0 
526 3 1 2 609 615 1.476622 3.690585 108.1411 3.060106 5.256311 109.737 0 0 
527 3 1 2 609 610 1.512074 3.702635 111.574 3.038719 5.25859 112.6082 0 0 
528 3 1 2 607 608 1.854187 3.24701 94.84784000000001 4.311819 5.610406 95.56650999999999 0 0 
529 3 1 2 605 608 1.811173 3.233406 98.50973999999999 4.242817 5.587282 99.5508 0 0 
530 3 1 2 605 606 1.867218 3.291348 101.7224 4.25665 5.661096 102.553 0 0 
531 3 1 2 604 615 1.558737 4.123715 106.825 2.995247 5.218917 107.7737 0 1 321 
532 3 1 2 603 615 1.558737 3.713064 106.825 3.03203 4.798001 107.7078 0 1 -321 
533 3 1 2 603 604 1.55334 3.897083 105.2482 3.085312 4.798001 107.7078 0 3 123 305 321 
534 3 1 2 602 604 1.820976 4.006096 104.1277 3.506709 5.685979 106.2564 0 4 -123 298 317 319 
535 3 1 2 602 606 1.820976 3.250391 103.2978 4.326312 5.679447 104.6306 0 2 -298 299 
536 3 1 2 601 603 2.274081 3.219204 105.2954 3.143901 4.586425 106.2564 0 3 305 -315 430 
537 3 1 2 601 602 2.274081 3.250391 104.3413 4.257803 4.809302 106.2564 0 4 299 315 317 404 
538 3 1 2 601 604 2.274081 4.077575 104.6823 3.506709 4.809302 106.2564 0 2 -305 -317 
539 3 1 2 601 606 2.791249 3.250391 104.3413 4.048399 3.785481 104.6306 0 1 -299 
540 3 1 2 838 849 6.867163 -5.042801 105.8106 7.144141 -4.074712 106.2564 0 2 308 448 
541 3 1 2 599 600 3.376714 3.499062 121.1582 4.361301 4.444105 121.6621 0 0 
542 3 1 2 598 599 3.238805 3.660388 128.5688 3.868569 4.28853 128.5688 0 0 
543 3 1 2 598 600 3.399164 3.47413 122.7511 4.357308 4.451307 123.3307 0 1 311 
545 3 1 2 1012 1013 2.162064 -1.734219 124.0926 2.664499 -0.9290345 124.3357 0 1 408 
546 3 1 2 597 600 3.869075 3.47413 122.7511 4.357308 3.997703 123.3307 0 1 -311 
547 3 1 2 970 974 3.458812 -1.891098 120.4079 4.357756 -0.9619621 120.6009 0 0 
548 3 1 2 595 596 1.0701 1.206851 89.18095 5.067519 5.206211 91.37391 0 0 
549 3 1 2 899 908 1.811081 -5.248098 105.7889 2.850759 -4.430906 106.2564 0 1 -462 
550 3 1 2 595 607 1.070082 2.927731 91.66776 4.886118 5.080804 93.55714999999999 0 2 281 344 
551 3 1 2 594 595 3.069025 1.20655 91.66776 4.914195 4.04441 93.55714999999999 0 2 281 290 
552 3 1 2 594 607 3.566386 3.089071 91.66776 5.070081 4.04441 93.55714999999999 0 1 -281 
553 3 1 2 593 594 3.069025 1.20655 93.55714999999999 4.330002 3.089071 93.55714999999999 0 1 290 
554 3 1 2 593 595 1.849326 1.20655 92.62260000000001 3.57335 3.089071 93.55714999999999 0 2 -290 344 
555 3 1 2 592 599 3.384399 3.512981 119.5987 4.35229 4.471278 120.4266 0 0 
556 3 1 2 591 592 3.39889 3.542106 118.1648 4.353561 4.462603 118.9504 0 0 
557 3 1 2 590 592 3.426804 4.484581 116.6516 4.371181 5.423397 117.0744 0 0 
558 3 1 2 590 591 3.872301 3.68537 116.3357 4.371719 3.97407 116.3357 0 1 406 
559 3 1 2 589 590 3.387261 3.68537 114.7685 4.435298 5.27277 116.3357 0 2 372 406 
560 3 1 2 589 591 3.387261 3.68537 116.3357 4.371719 4.470223 116.3357 0 1 -406 
561 3 1 2 594 597 3.874905 3.668882 124.3357 4.504829 4.279259 124.9271 0 0 
562 3 1 2 587 602 3.085312 3.710043 106.2564 4.330002 5.248098 106.7278 0 2 319 -404 
563 3 1 2 953 954 3.41119 -4.473865 119.7485 4.314078 -3.474337 120.4371 0 0 
564 3 1 2 587 601 3.085312 3.710043 106.2564 4.068078 4.586425 106.2564 0 2 404 430 
565 3 1 2 587 588 3.082296 3.70755 107.0273 4.565928 5.243927 107.9832 0 0 
566 3 1 2 586 590 3.58075 3.737889 114.7346 4.665355 5.037943 115.5439 0 1 -372 
567 3 1 2 586 589 3.078075 3.740628 113.999 4.435298 5.218858 115.5439 0 1 372 
568 3 1 2 585 588 3.081248 3.70327 110.1324 4.627528 5.235508 111.3703 0 0 
569 3 1 2 957 958 3.874966 -4.284845 126.4523 4.504829 -3.662622 126.4523 0 0 
570 3 1 2 585 586 3.079774 3.744881 112.2873 4.607051 5.233539 113.2248 0 0 
571 3 1 2 584 637 3.920901 4.673009 125.2644 4.503994 5.292814 125.4076 0 0 
572 3 1 2 583 584 3.404102 4.5256 123.7283 4.338368 5.442728 123.8445 0 1 -487 
573 3 1 2 804 808 -6.603881 -7.425533 25.56464 -0.0591462599999999 -3.934896 29.53768 0 2 463 499 
574 3 1 2 582 583 3.401755 4.484723 122.1936 4.368999 5.45141 122.8313 0 0 
575 3 1 2 581 582 3.372271 4.518091 120.6324 4.367916 5.432459 121.1658 0 0 
576 3 1 2 581 592 3.402346 4.484805 118.3071 4.36428 5.464393 118.8245 0 0 
577 3 1 2 579 580 3.283987 4.698194 125.5185 3.866825 5.29154 125.7623 0 0 
578 3 1 2 579 584 3.404102 4.484073 123.8239 3.964056 5.48407 124.3357 0 1 487 
579 3 1 2 578 580 3.239137 4.671399 127.0561 3.843498 5.273897 127.8134 0 0 
580 3 1 2 577 578 3.296251 4.686773 129.0272 3.868533 5.284709 129.2483 0 0 
581 3 1 2 576 921 1.946004 -6.363823 62.24127 5.423241 -2.075098 64.43657 0 1 359 
582 3 1 2 575 576 2.123739 -6.374092 57.39842 5.728159 -0.0326606599999999 63.17911 0 2 307 359 
583 3 1 2 575 921 2.123739 -6.363823 62.24127 7.225729 -0.2053714000000002 67.00476 0 2 -359 376 
584 3 1 2 575 922 5.854485 -5.555673 64.15916 8.215626 -0.2053714000000002 67.00476 0 1 -376 
585 3 1 2 574 576 0.9778392 -4.917841 54.96789 4.931479 -1.278679 57.39842 0 3 274 333 353 
586 3 1 2 573 574 3.988603 -4.917841 54.80328 8.958926 -0.7976648000000002 57.39842 0 3 300 333 352 
587 3 1 2 573 575 5.304667 -6.374092 57.39842 8.227816000000001 -0.09653011000000022 61.78368 0 1 307 
588 3 1 2 573 576 3.988603 -6.374092 57.39842 6.424297 -0.09653011000000022 60.08004 0 3 129 -307 -333 
589 3 1 2 705 720 5.823986 1.140329 115.9051 6.808444 1.92551 116.3357 0 0 
590 3 1 2 572 576 0.2977421 -2.913397 55.38575 3.312003 -0.04714730999999994 57.39842 0 2 -274 453 
591 3 1 2 572 574 0.9778392 -3.111431 52.36115 4.430144 -0.1520802999999999 55.5187 0 4 109 274 291 480 
592 3 1 2 571 576 1.924847 -1.546389 55.40829 5.728159 -0.04714731000000005 57.39842 0 3 -129 -353 -453 
593 3 1 2 571 572 1.924847 -1.546389 52.05272 7.187951 5.038503 57.39842 0 5 231 335 340 453 480 
594 3 1 2 571 574 3.312003 -1.899532 54.55425 6.435419 -0.1520802999999999 57.39842 0 5 275 -352 353 -480 486 
595 3 1 2 571 573 4.641244 -1.278679 56.12317 7.514231 1.156461 57.39842 0 3 129 352 503 
596 3 1 2 570 573 6.435419 -3.229621 54.80328 9.578992 1.156461 57.39842 0 2 300 -503 
597 3 1 2 570 574 5.507613 -3.229621 53.33556 8.958926 -0.7976648 56.12317 0 3 287 -300 -486 
598 3 1 2 570 571 4.604603 -1.899532 52.05272 7.514231 4.582288 57.39842 0 5 127 170 335 486 503 
599 3 1 2 570 572 4.604603 0.3138176000000001 50.15021 8.090724 4.620187 54.96035 0 3 284 -335 381 
600 3 1 2 569 570 4.604603 -3.229621 47.92509 10.12917 4.620187 54.80328 0 4 127 284 287 381 
601 3 1 2 569 574 1.784525 -4.993093 49.66833 8.958926 -0.1520803000000002 55.5187 0 4 -275 -287 -291 437 
603 3 1 2 569 571 4.430144 -1.899532 52.05272 6.704211 0.3138175999999999 55.5187 0 3 -127 231 275 
604 3 1 2 568 569 4.298932 -4.766924999999999 44.60294 10.12695 4.961656 49.28771 0 2 277 360 
605 3 1 2 568 810 2.896021 -5.036123 40.22473 9.777380000000001 1.030338 43.90962 0 2 261 279 
606 3 1 2 567 569 1.784525 -4.766924999999999 46.54181 7.056499 5.03261 52.36115 0 5 -277 381 437 508 509 
607 3 1 2 567 572 0.1263456000000001 -3.111431 50.09603 7.056499 5.03261 52.75109 0 4 109 -381 -508 -509 
608 3 1 2 567 574 1.125561 -3.804171 49.66833 3.392545 -2.247729 52.75109 0 2 -109 -437 
609 3 1 2 567 810 0.280233 -5.036123 38.02789 5.279503 2.977202999999999 43.66327 0 2 276 -279 
610 3 1 2 567 568 2.896021 -5.036123 41.32304 6.725576 4.961656 49.12841 0 3 273 277 279 
611 3 1 2 566 571 1.924847 -0.04714731000000016 54.96035 7.514231 5.038503 59.34291 0 3 -170 187 340 
612 3 1 2 566 572 0.3002502000000002 -0.04714731000000016 54.97301 4.980997 5.038503 57.39842 0 0 
613 3 1 2 566 570 7.187951 1.156461 54.96035 8.264882999999999 4.582288 57.39842 0 1 170 
614 3 1 2 565 566 2.01397 1.357442 57.39842 6.203263 4.915205 60.15013 0 1 272 
615 3 1 2 565 809 1.023795 -3.176968 37.71283 10.12633 4.839828 40.22473 0 1 110 
616 3 1 2 565 569 5.973479 2.166474 44.60294 9.478700999999999 4.961656 47.92509 0 1 -360 
617 3 1 2 565 568 2.896021 -1.851389 40.22473 10.08936 4.961656 47.63001 0 3 261 -273 360 
618 3 1 2 565 567 1.023795 1.030338 38.02789 5.973479 4.961656 47.63001 0 2 273 276 
620 3 1 2 563 564 1.923988 0.03762448999999979 61.93955 8.204948999999999 6.363176 64.32964 0 0 
621 3 1 2 563 565 1.915283 1.357442 57.39842 6.41924 6.380384 61.93955 0 1 272 
622 3 1 2 563 566 2.509351 0.05619366999999986 57.39842 8.238613000000001 4.915205 61.14862 0 2 187 -272 
623 3 1 2 562 564 1.972862 0.09053280000000008 64.37502000000001 8.169599 5.568627 68.74189 0 1 266 
624 3 1 2 561 562 1.919532 0.05467230000000001 66.71724 8.175639 5.568627 71.87982 0 3 206 263 266 
625 3 1 2 561 564 2.471874 4.444603 66.71724 7.211392 6.376806 68.85142 0 1 -266 
626 3 1 2 559 560 1.915296 2.213826 74.66355 5.184131 3.544373 78.17189999999999 0 3 143 259 260 
627 3 1 2 559 561 1.915359 3.184072 73.24585 4.587909 6.234402 73.30929999999999 0 2 258 483 
628 3 1 2 787 789 6.725624 -2.609249 105.9264 7.025808 -2.153165 106.2564 0 2 387 -392 
629 3 1 2 558 596 1.212265 1.220034 85.0746 4.933527 3.93289 86.7715 0 1 257 
630 3 1 2 557 558 1.070745 1.211369 79.20281 5.039835 5.182943 81.27885999999999 0 0 
631 3 1 2 557 560 1.915296 1.268722 77.55714999999999 5.051695 3.36637 78.35241000000001 0 2 -254 -259 
632 3 1 2 557 559 1.250955 2.602156 77.55714999999999 5.051695 5.176182 79.20281 0 1 259 
633 3 1 2 556 559 3.248245 3.776544 73.24585 5.314726 6.234402 77.55714999999999 0 2 251 483 
634 3 1 2 556 561 4.135367 2.25568 71.15672000000001 8.175639 6.234402 73.29854 0 3 250 263 -483 
635 3 1 2 556 562 6.194071 0.9531745 71.18374 8.175639 3.954012 72.99173 0 2 175 -263 
637 3 1 2 555 559 1.915359 2.213826 73.29854 5.314726 5.302357 77.55714999999999 0 4 126 143 -251 258 
638 3 1 2 555 561 1.915359 0.05467230000000001 71.22278 6.194071 3.776544 73.30929999999999 0 3 206 -250 -258 
639 3 1 2 555 556 4.587909 0.5524165999999999 71.48289 7.326522 5.302357 77.55714999999999 0 6 175 198 250 251 -306 354 
640 3 1 2 555 562 5.470915 0.05467230000000001 71.48289 7.326522 2.25568 72.99173 0 2 -175 -206 
641 3 1 2 554 652 5.11277 1.27843 79.26888 9.104132 5.198767 81.62430000000001 0 0 
642 3 1 2 554 555 5.284097 3.834597 77.55714999999999 6.560943 4.870416 77.55714999999999 0 2 198 349 
643 3 1 2 554 556 6.000328 1.268722 76.31605 8.264882999999999 5.144378 77.55714999999999 0 3 -198 248 306 
644 3 1 2 553 554 5.110888 1.268722 76.31605 7.604875 4.022504 79.49945 0 3 248 306 349 
645 3 1 2 553 559 4.959084 3.20655 77.18259999999999 5.284097 4.022504 77.55714999999999 0 2 -126 260 
646 3 1 2 553 560 4.042906 0.1795956999999999 76.27198 5.966509 3.492245 77.55714999999999 0 3 -53 254 -260 
647 3 1 2 553 555 4.132524 0.1729788000000001 75.4894 7.130132 4.022504 77.55714999999999 0 5 53 126 -306 -349 354 
648 3 1 2 553 556 6.83219 0.5524166000000001 75.4894 7.604875 2.685838 77.55714999999999 0 2 -248 -354 
649 3 1 2 551 552 3.875525 1.137614 125.8463 4.44937 1.731191 125.8936 0 0 
650 3 1 2 551 596 1.074213 2.465929 85.0746 4.933527 5.201864 87.45191 0 1 -257 
651 3 1 2 551 558 1.076137 2.465929 82.62727 4.933527 5.045242 86.7715 0 1 257 
652 3 1 2 549 552 3.890126 1.133448 126.9631 4.483314 1.710403 127.5261 0 0 
653 3 1 2 977 983 2.86264 -1.93403 105.8846 3.062144 -1.630549 106.2564 0 2 -452 -470 
654 3 1 2 549 550 3.922623 1.118142 128.6752 4.490922 1.74167 128.9803 0 0 
655 3 1 2 1007 1008 2.199542 -2.744219 124.0824 2.664499 -2.133841 124.3357 0 1 200 
656 3 1 2 547 551 3.874876 1.123841 124.3357 4.371719 1.734219 124.3357 0 0 
658 3 1 2 546 548 3.371734 1.080586 123.3131 4.075454 1.929027 123.8441 0 1 -242 
659 3 1 2 546 547 3.513128 0.9290342 123.3131 4.338442 1.885639 123.8441 0 1 242 
660 3 1 2 545 552 3.376966 0.9297588 119.6692 4.339224 1.928167 120.4818 0 0 
661 3 1 2 545 546 3.372191 0.9290336 122.2168 4.371486 1.928991 122.4318 0 0 
662 3 1 2 543 544 2.271849 2.128686 126.4523 2.901554 2.750541 127.5083 0 0 
663 3 1 2 542 543 3.238973 2.127649 126.4523 3.868569 2.749283 128.5688 0 0 
664 3 1 2 542 544 3.875088 2.128493 126.4523 4.504829 2.75055 126.4523 0 0 
665 3 1 2 541 542 3.402232 1.978207 123.8208 4.371719 2.744219 124.3357 0 0 
666 3 1 2 51 55 -5.216218 -4.580592 54.74025 -1.19553 -0.3286479 57.39842 0 2 -278 420 
667 3 1 2 257 271 -8.540480000000001 1.11908 125.7754 -7.920572 1.734146 126.275 0 0 
668 3 1 2 482 484 -3.018982 1.148266 113.2866 -1.508646 2.658814 114.0758 0 0 
669 3 1 2 65 73 -6.784039 -5.44647 119.6594 -5.814399 -4.485506 120.3872 0 0 
670 3 1 2 189 190 -4.504824 -1.715346 128.7603 -3.874921 -1.145262 129.0343 0 0 
671 3 1 2 539 544 2.271703 2.133841 124.3357 2.768444 2.744219 124.3357 0 0 
672 3 1 2 302 304 -6.704499 1.38908 123.8333 -5.808444 1.887223 124.3357 0 2 240 378 
673 3 1 2 539 540 1.800866 1.939037 123.8115 2.271703 2.939025 124.3357 0 0 
674 3 1 2 157 158 -2.766844 -1.872024 117.5702 -1.789102 -0.9498381 118.5749 0 0 
675 3 1 2 165 176 -4.356176 -2.72773 115.9523 -3.371719 -1.942774 116.3357 0 0 
676 3 1 2 538 539 1.792091 1.9394 122.7375 2.767362 2.939012 123.5857 0 0 
677 3 1 2 204 214 -4.665389 -4.480601 114.8111 -3.313612 -3.738971 115.5822 0 1 199 
678 3 1 2 537 538 1.774885 1.939083 121.1301 2.764398 2.888702 121.7211 0 0 
679 3 1 2 298 302 -6.941521 2.133841 124.3357 -6.311593 2.744219 125.2968 0 0 
680 3 1 2 389 411 -4.601941 3.73222 113.9399 -3.133192 5.221128 114.1239 0 0 
681 3 1 2 495 496 -2.861479 1.126338 128.8308 -2.272506 1.712117 129.1242 0 0 
682 3 1 2 281 282 -8.705418999999999 1.191911 115.1739 -7.118018 2.262087 116.3357 0 0 
683 3 1 2 536 541 3.372546 1.939312 122.7452 4.345405 2.900873 123.3703 0 0 
684 3 1 2 355 356 -8.543993 4.709047 128.797 -7.915593 5.27732 129.1219 0 1 239 
685 3 1 2 303 304 -6.775523 0.9291123 122.8091 -5.841691 1.895402 123.8333 0 0 
686 3 1 2 535 536 3.383159 1.939876 121.6043 4.363344 2.892012 122.1898 0 0 
687 3 1 2 148 150 -3.328223 -3.183551 103.8712 -2.451096 -2.061019 106.2564 0 4 -236 237 238 388 
688 3 1 2 209 210 -4.365054 -4.432762 122.1461 -3.374799 -3.510452 122.7855 0 0 
689 3 1 2 459 460 -4.371113 2.003862 120.1824 -3.371733 2.897864 120.5344 0 0 
690 3 1 2 405 406 -4.283874 3.887306 104.1418 -1.871748 5.682711 105.5471 0 2 234 235 
691 3 1 2 531 532 3.093457 1.199178 111.4299 4.665377 2.659494 112.4942 0 0 
692 3 1 2 446 448 -3.867091 4.672516 126.7573 -3.245415 5.296121 127.6225 0 0 
693 3 1 2 534 535 3.434577 1.939663 119.6238 4.308291 2.935683 120.0051 0 0 
694 3 1 2 178 191 -8.390838 -5.206536 79.28179 -5.110092 -1.842875 82.31247999999999 0 1 75 
695 3 1 2 533 552 3.392398 0.9368937000000001 118.1783 4.357421 1.925898 118.8467 0 0 
696 3 1 2 518 519 3.619818 1.181363 106.7566 4.61734 1.685394 107.1239 0 2 207 233 
697 3 1 2 454 456 -4.326514 0.9301865 119.9218 -3.400718 1.928826 120.5944 0 0 
698 3 1 2 451 453 -4.356176 1.942776 116.3357 -3.371719 2.72773 116.3357 0 0 
699 3 1 2 530 533 3.387261 1.140347 116.3357 4.371719 1.925328 116.3357 0 0 
700 3 1 2 530 532 3.078463 1.14146 114.7664 4.444423 2.496511 115.2131 0 1 148 
701 3 1 2 416 475 -4.290836 1.322507 91.94707 -1.81016 3.07402 93.55714999999999 0 1 -230 
702 3 1 2 332 384 -8.406522000000001 3.492667 118.1401 -7.417005 4.436476 118.9543 0 0 
703 3 1 2 529 534 3.437386 1.939073 116.9989 4.276996 2.88485 117.7968 0 0 
704 3 1 2 529 530 3.311741 1.384511 114.7813 4.665419 2.72773 116.3357 0 1 148 
705 3 1 2 529 532 3.311741 1.384511 113.9931 4.633253 2.672025 115.2131 0 1 -148 
706 3 1 2 414 415 -4.962885 1.314678 88.04170000000001 -1.200525 5.079405 88.7514 0 0 
707 3 1 2 261 262 -7.855615 1.132145 128.8455 -7.279653 1.731726 129.1332 0 0 
708 3 1 2 199 200 -3.055835 -5.248098 106.2564 -1.81016 -3.70324 107.0072 0 0 
709 3 1 2 66 70 -6.100718 -5.218688 115.4073 -5.581233 -4.156338 115.6135 0 1 383 
710 3 1 2 273 279 -7.383592 1.61237 105.5503 -6.824942 2.345668 106.2564 0 3 -227 -228 -229 
711 3 1 2 151 152 -4.347689 -2.727137 106.2564 -3.110013 -1.141291 108.3879 0 2 226 351 
712 3 1 2 525 593 1.882599 0.7194091999999999 97.3133 4.283417 3.091223 98.38081 0 0 
713 3 1 2 525 526 1.811492 0.748308 100.8971 4.242237 3.193951 102.1248 0 0 
714 3 1 2 499 500 -2.757619 1.984197 122.2391 -1.773272 2.938196 122.8486 0 0 
715 3 1 2 333 334 -7.887446 1.346598 91.90772 -5.85016 3.089704 93.55714999999999 0 1 224 
716 3 1 2 523 537 1.777546 1.957866 118.9412 2.764365 2.91519 119.6875 0 0 
717 3 1 2 523 527 1.526781 1.145565 110.9763 3.035887 2.667878 112.7615 0 0 
718 3 1 2 449 450 -4.663786 1.242356 111.432 -3.088828 2.64294 112.2189 0 0 
719 3 1 2 523 524 1.514356 1.142587 113.2041 3.056371 2.724838 114.0934 0 0 
720 3 1 2 522 762 1.783986 1.14033 116.3357 2.768444 1.92513 116.3357 0 0 
721 3 1 2 522 524 1.475072 1.192457 114.8367 2.995347 2.67631 115.596 0 1 285 
722 3 1 2 109 110 -8.306438999999999 -5.719579 95.55109 -5.90467 -3.255492 96.44766 0 0 
723 3 1 2 521 523 1.797062 1.942672 118.1715 2.761025 2.908038 118.4237 0 0 
724 3 1 2 420 426 -2.264099 4.684322 125.2242 -1.63551 5.295097 125.7024 0 0 
725 3 1 2 521 522 1.783986 1.93403 115.5687 3.062144 2.727728 116.3357 0 1 285 
726 3 1 2 506 508 -1.952376 -1.394548 5.388638 1.845204 4.125401 16.46253 0 3 220 -221 222 
727 3 1 2 338 342 -6.775579 3.516694 123.8065 -5.841372 4.431514 124.0685 0 1 -219 
728 3 1 2 471 472 -3.039262 1.165002 105.6725 -1.866597 2.718217 106.9086 0 6 92 216 218 -314 489 490 
729 3 1 2 403 404 -3.060542 3.697191 106.9117 -1.489938 5.266845 107.1408 0 0 
730 3 1 2 519 520 3.100627 1.661985 105.1368 4.665419 2.671906 107.088 0 4 207 215 269 312 
731 3 1 2 481 482 -2.997834 1.188443 115.4697 -1.539599 2.673874 115.9453 0 0 
732 3 1 2 273 276 -7.097957 1.852614 106.2564 -5.91249 2.703058 106.9877 0 1 -115 
733 3 1 2 518 520 3.798396 1.661985 106.7566 4.61734 2.724336 107.7391 0 2 -207 214 
734 3 1 2 518 531 3.157435 1.154692 109.3408 4.653292 2.717919 109.8779 0 0 
735 3 1 2 97 101 -7.890871 -5.020913 105.3821 -7.118018 -3.318105 106.2564 0 1 213 
736 3 1 2 484 487 -3.043646 1.191371 111.9365 -1.474757 2.647665 113.2067 0 0 
737 3 1 2 517 519 3.100627 1.181363 106.2564 3.954336 2.080211 106.9353 0 3 -211 215 -233 
738 3 1 2 517 518 3.07958 1.181363 106.7566 3.904752 2.724336 107.9278 0 2 214 233 
739 3 1 2 517 520 3.086611 1.685394 106.2564 3.954336 2.724336 107.7391 0 4 -190 -209 -214 -215 
740 3 1 2 485 486 -2.218079 1.117641 128.8591 -1.649179 1.742983 129.2582 0 0 
741 3 1 2 516 528 1.475204 1.149868 106.6923 3.049321 2.719172 107.219 0 0 
742 3 1 2 265 272 -8.411709 1.93904 123.8433 -7.908466 2.744219 124.3357 0 0 
743 3 1 2 305 306 -5.069975 1.268722 77.55714999999999 -1.915279 4.529792 79.62468 0 1 205 
744 3 1 2 489 490 -2.735174 0.9290344 123.7044 -1.801207 1.887351 124.3357 0 1 459 
745 3 1 2 149 151 -4.347689 -2.413919 106.2564 -3.091462 -1.165002 107.1274 0 3 -201 202 351 
746 3 1 2 515 516 2.072084 1.165002 106.2564 3.062144 2.413508 106.7057 0 1 111 
747 3 1 2 515 519 2.693128 0.6744481 105.0255 3.4724 1.74594 106.2564 0 3 211 269 303 
748 3 1 2 489 492 -2.731237 0.9645427 122.2635 -1.807115 1.929014 123.29 0 0 
749 3 1 2 177 183 -6.068884 -6.226701 76.37161999999999 -5.039181 -4.031292 77.55714999999999 0 2 -196 -197 
750 3 1 2 515 520 3.086611 1.696433 105.7318 3.258147 2.155745 106.2564 0 4 194 195 209 -269 
751 3 1 2 509 511 0.08560860000000003 -6.853712 0 5.330122 0.3240550999999998 4.819849 0 2 192 -193 
752 3 1 2 26 28 -6.807443 -1.911631 122.0747 -5.809208 -0.9300826 122.8031 0 0 
753 3 1 2 85 86 -8.544444 -4.268266 128.7748 -7.915711 -3.698239 129.0964 0 0 
754 3 1 2 514 515 1.852195 1.165002 105.3162 3.226873 2.413508 106.2564 0 3 81 111 194 
755 3 1 2 225 228 -2.876307 -4.249945 127.3559 -2.280073 -3.661856 127.6511 0 0 
756 3 1 2 188 192 -4.49509 -1.742923 126.2804 -3.908337 -1.145308 126.3713 0 0 
757 3 1 2 514 520 3.086611 2.028077 105.7318 3.562469 3.093752 106.2564 0 3 93 190 -194 
758 3 1 2 466 468 -3.50791 0.7391335 101.7703 -1.81844 2.342944 105.6725 0 4 132 -137 244 324 
759 3 1 2 283 284 -8.23302 1.142574 113.0118 -7.122442 2.202549 114.3785 0 1 189 
760 3 1 2 514 516 1.810822 1.165002 106.2564 2.900948 2.703058 106.2564 0 1 -111 
761 3 1 2 513 514 1.852195 1.611298 105.3162 3.562469 3.185414 106.2564 0 2 81 93 
762 3 1 2 513 520 3.226873 1.696433 105.1368 4.091326 3.093752 106.2564 0 3 -93 -195 -312 
763 3 1 2 513 526 1.852178 0.7314087 103.5104 4.319622 3.150567 104.5334 0 2 -172 -184 
764 3 1 2 513 519 2.961433 0.6744481 104.0739 4.319622 2.671906 105.8856 0 3 184 -303 312 
765 3 1 2 527 528 1.480155 1.215982 108.2607 2.999584 2.722249 109.1262 0 0 
766 3 1 2 75 80 -6.808443 -5.289259 124.3357 -6.311593 -4.678882 124.3357 0 0 
767 3 1 2 511 512 -7.857197 -4.667098 0 3.002558 2.739854 6.767872 0 3 182 188 192 
768 3 1 2 205 206 -5.070079 -5.094013 90.29056 -1.071455 -1.207718 93.55714999999999 0 1 180 
769 3 1 2 510 511 -5.477324 -7.965618 3.268364 4.653621 -0.1679010999999999 10.24116 0 4 125 178 179 193 
770 3 1 2 74 75 -6.807775 -5.441739 123.2602 -5.808609 -4.524895 123.8442 0 0 
771 3 1 2 371 372 -6.883375 4.686814 128.8378 -6.311632 5.284797 129.0542 0 0 
772 3 1 2 149 150 -4.329464 -2.661397 104.8421 -2.82787 -1.614598 106.6242 0 6 176 177 201 236 301 405 
773 3 1 2 509 510 1.025083 -6.853712 3.268364 7.126352 2.021633 10.51054 0 3 173 174 193 
774 3 1 2 69 70 -7.102124 -5.26652 112.7618 -5.51525 -3.685399 113.4032 0 0 
775 3 1 2 421 422 -2.844989 4.683026 128.8078 -2.271637 5.281113 129.0304 0 0 
776 3 1 2 449 480 -4.662556 1.207022 108.1874 -3.085281 2.69556 109.1813 0 0 
777 3 1 2 269 271 -8.520937999999999 1.120282 127.1128 -7.914898 1.738995 127.5433 0 0 
778 3 1 2 508 801 -6.452757 -2.167798 15.39943 1.578944 7.598568 18.69128 0 3 296 331 416 
779 3 1 2 508 510 -5.477324 -6.949522 5.388638 1.845204 -0.09271130999999988 13.77814 0 4 77 125 178 222 
780 3 1 2 185 186 -8.101236 -5.94959 69.1071 -2.037887 -0.05784165999999979 72.03353 0 1 168 
781 3 1 2 161 164 -4.37168 -1.896258 122.7916 -3.40406 -0.9290305 123.3212 0 0 
782 3 1 2 111 122 -8.646359 -5.272768 113.2777 -7.118032 -3.685412 114.0753 0 0 
783 3 1 2 17 18 -6.777585 -2.938985 123.2549 -5.809389 -1.97943 123.8565 0 0 
784 3 1 2 507 508 -7.99332 -4.126623 5.388638 0.005995945000000003 7.999998 13.43113 0 4 125 167 221 477 
785 3 1 2 423 424 -2.900518 4.67527 125.0666 -2.31729 5.283072 125.2973 0 0 
786 3 1 2 196 200 -3.870881 -5.68495 105.1556 -1.859861 -4.020881 106.2564 0 2 90 -225 
787 3 1 2 507 512 -7.857197000000001 -2.929996 2.369951 0.8411268000000001 7.955659 6.807906 0 2 165 -182 
788 3 1 2 308 309 -7.604875 1.268722 76.50626 -4.881646 3.05329 77.55714999999999 0 2 164 166 
789 3 1 2 507 511 -7.857197 -4.126623 2.369951 -0.9432052999999998 2.739853999999999 8.381833 0 4 -125 -167 182 485 
790 3 1 2 506 507 -2.076445 -1.004837 3.17672 2.428449 7.999998 13.43113 0 4 165 221 477 485 
791 3 1 2 506 509 1.025083 -0.1679010999999999 3.248047 7.297171 4.721813 10.35262 0 3 162 163 173 
792 3 1 2 506 510 -1.952376 -1.394548 3.268364 5.273954 2.021633 13.77814 0 4 -173 179 -222 338 
793 3 1 2 454 464 -4.371325 0.9292363 121.7335 -3.371959 1.928938 122.3627 0 0 
794 3 1 2 305 307 -4.880117 4.057298 76.57107999999999 -2.575287 5.144378 77.55714999999999 0 1 161 
795 3 1 2 505 816 0.7024501999999999 -4.487746999999999 18.34985 7.984948 5.681514 23.1893 0 4 160 -246 -262 -397 
796 3 1 2 505 814 0.7024501999999999 2.730051 16.73708 6.785604 7.613042 23.1893 0 2 -68 262 
797 3 1 2 239 240 -3.062133 -4.483209 115.5131 -1.549584 -3.850372 116.3357 0 1 159 
798 3 1 2 505 801 -2.502353 -2.167798 15.88417 2.457964 7.613042 22.75518 0 5 68 -331 397 -416 496 
800 3 1 2 505 506 -1.915113 -1.394547999999999 9.261379 6.744859 7.999998 16.46253 0 4 162 220 338 477 
801 3 1 2 3 4 -7.24322 -3.091339 105.5124 -5.912442 -1.307685 106.2564 0 3 155 156 158 
802 3 1 2 504 508 -7.998505 -4.704178 13.59766 0.1647762999999998 4.728839 17.97604 0 2 154 296 
803 3 1 2 504 803 -7.928429000000001 -4.014344000000001 17.86247 0.1647763000000002 4.057641 20.5788 0 2 181 -407 
804 3 1 2 15 16 -7.100812 -2.71998 111.3037 -5.518027 -1.169866 112.4099 0 0 
805 3 1 2 177 178 -8.390838 -5.202937 77.55714999999999 -5.647074 -1.477346 79.98446 0 2 75 350 
806 3 1 2 467 471 -3.303248 1.723826 105.4693 -2.051326 2.703058 106.2564 0 4 -151 152 449 490 
807 3 1 2 503 505 0.1647762999999998 -4.487747 9.261379 7.985827 0.7771319999999999 19.0059 0 5 149 150 160 223 338 
808 3 1 2 503 508 -6.470758 -6.949522 12.71414 1.845204 -1.394548 17.97604 0 3 77 -154 -223 
809 3 1 2 503 510 -3.962845000000001 -7.948884 9.261379 7.126352 0.7771319999999999 13.99686 0 3 -77 -174 -338 
810 3 1 2 503 504 -6.919902 -4.704178 14.62236 0.1647762999999998 -2.167798 20.5788 0 2 154 181 
811 3 1 2 503 804 -6.919902 -7.846794 17.97604 4.458326 -1.630958 21.98323 0 3 59 -149 -181 
812 3 1 2 307 310 -7.866496 2.796718 73.95097 -5.255022 5.725921 77.55714999999999 0 3 -145 146 -147 
813 3 1 2 370 371 -6.938422 4.672278 127.0395 -6.320894 5.274091 127.4362 0 0 
814 3 1 2 156 157 -2.992153 -1.620099 115.5993 -1.539466 -1.191625 115.964 0 1 217 
815 3 1 2 501 502 -2.707305 1.941872 118.0912 -1.787486 2.938042 118.9262 0 0 
816 3 1 2 345 346 -7.034158 3.738327 115.2037 -5.58141 5.21958 115.9326 0 0 
817 3 1 2 237 239 -3.000198 -5.22601 115.5131 -1.534679 -4.142617 115.6176 0 1 159 
818 3 1 2 499 501 -2.768437 1.939031 120.4461 -1.823548 2.910102 121.3303 0 0 
819 3 1 2 498 500 -2.767729 1.978998 123.3232 -1.768673 2.895718 123.8678 0 0 
820 3 1 2 497 498 -2.265179 2.133841 123.8321 -1.800777 2.744219 124.3357 0 0 
821 3 1 2 145 146 -3.053924 -2.690188 106.2564 -1.474743 -1.713516 107.1891 0 2 144 409 
822 3 1 2 345 348 -6.792901 3.68537 116.3357 -5.808444 4.470071 116.9822 0 0 
823 3 1 2 71 88 -6.732478 -4.328325 118.3588 -5.873926 -3.47413 119.1267 0 0 
824 3 1 2 493 495 -2.887014 1.129941 127.4002 -2.302195 1.742241 127.6129 0 0 
825 3 1 2 493 494 -2.886505 1.118011 126.2668 -2.288577 1.733355 126.3 0 0 
826 3 1 2 84 88 -8.380675999999999 -4.279259 123.8181 -7.914551 -3.474078 124.3357 0 0 
827 3 1 2 165 166 -4.598692 -2.677246 114.8176 -3.079822 -1.140366 115.576 0 0 
828 3 1 2 453 460 -4.337101 1.944386 118.3612 -3.384763 2.880052 119.1754 0 0 
829 3 1 2 46 47 -8.379158 -1.92903 123.3213 -7.411753 -0.9710399 123.8547 0 1 142 
830 3 1 2 257 258 -8.411718 1.123841 124.3357 -7.914868 1.734219 124.3357 0 0 
831 3 1 2 293 294 -7.036436 1.193576 114.7454 -5.514743 2.727649 115.9099 0 1 141 
832 3 1 2 491 492 -2.767323 0.929272 121.005 -1.837928 1.927257 121.6808 0 0 
833 3 1 2 131 134 -2.76499 -2.939029 121.5839 -1.795259 -1.951139 122.3876 0 0 
834 3 1 2 490 494 -2.735174 1.123841 123.8161 -2.271593 1.734219 124.3357 0 1 459 
835 3 1 2 70 72 -7.102102 -5.272741 114.6687 -5.58332 -3.68537 115.6068 0 1 383 
836 3 1 2 333 336 -8.330836 1.346598 90.88907 -6.367851 5.20653 93.55714999999999 0 2 -140 -224 
838 3 1 2 488 490 -2.221998 1.124871 125.0879 -1.635877 1.732697 125.3152 0 0 
839 3 1 2 310 312 -8.918767000000001 2.443291 77.55714999999999 -5.117454 4.982907 80.30237 0 0 
840 3 1 2 327 328 -8.631805 3.73529 111.566 -7.139598 5.269765 112.7997 0 0 
841 3 1 2 470 472 -3.061873 1.483367 106.9086 -2.354987 2.718217 108.3542 0 1 139 
842 3 1 2 101 102 -8.698548000000001 -5.253624 106.9797 -7.121003 -3.687931 107.6868 0 0 
843 3 1 2 487 488 -2.223566 1.1155 126.9973 -1.65871 1.719798 127.2515 0 0 
844 3 1 2 486 487 -2.261337 1.133709 127.5817 -1.637301 1.709358 127.8285 0 0 
845 3 1 2 5 8 -8.336325 -2.60517 105.2913 -7.128904 -1.165002 106.8398 0 1 -138 
846 3 1 2 190 192 -4.477834 -1.739788 127.2231 -3.879622 -1.117367 127.5283 0 0 
847 3 1 2 401 402 -4.329641 3.68919 105.8835 -3.081624 5.021234 106.9801 0 1 120 
848 3 1 2 483 484 -2.756098 0.9398432 116.9696 -1.774645 1.917687 117.6492 0 0 
849 3 1 2 181 182 -5.051921 -5.144378 77.55714999999999 -1.2711 -1.214917 81.91164999999999 0 1 136 
850 3 1 2 483 491 -2.722913 0.9290793000000001 119.1439 -1.77329 1.886905 119.7778 0 0 
851 3 1 2 407 408 -4.286446 3.329691 100.9724 -1.814218 5.677782 102.1502 0 0 
852 3 1 2 236 238 -3.046295 -5.258091 111.5856 -1.487558 -3.70011 112.5878 0 0 
853 3 1 2 481 484 -2.752901 1.140332 116.3357 -1.768444 1.925614 116.3357 0 0 
854 3 1 2 477 478 -4.329365 1.157352 106.2564 -3.078222 2.703058 107.1676 0 2 -134 -135 
855 3 1 2 481 502 -2.752901 1.942281 116.3357 -1.768444 2.727729 116.3357 0 0 
856 3 1 2 402 409 -4.625235 3.706803 107.1537 -3.082379 5.272602 108.3036 0 0 
858 3 1 2 479 480 -4.464769 1.129476 128.7264 -3.874934 1.721855 129.0569 0 0 
859 3 1 2 275 276 -7.097957 1.165002 106.2564 -5.669707 2.325408 107.0844 0 1 115 
860 3 1 2 418 419 -2.734045 4.484226 122.3478 -1.803132 5.448538 122.8881 0 0 
861 3 1 2 361 362 -7.849708 4.685009 128.7478 -7.278611 5.284002 129.1888 0 0 
862 3 1 2 477 480 -4.665299 1.140382 107.0204 -3.092204 2.697626 108.3504 0 0 
863 3 1 2 351 352 -7.019594 3.688334 111.3328 -5.638237 5.241188 112.0971 0 0 
864 3 1 2 476 480 -4.504585 1.164378 127.5913 -3.943815 1.684341 127.8451 0 0 
865 3 1 2 53 59 -10.00411 -4.958382 50.91992 -2.015114 3.47164 52.68494 0 4 130 131 380 457 
866 3 1 2 118 120 -7.846419 -5.283903 127.1192 -7.278703 -4.682894 127.416 0 0 
867 3 1 2 475 476 -4.503119 1.115433 125.2969 -3.904791 1.728983 125.4288 0 0 
868 3 1 2 259 260 -8.378024 0.9325974 121.0615 -7.444264 1.905953 121.7124 0 0 
869 3 1 2 474 475 -4.256541 0.6741230999999999 93.55714999999999 -1.81016 3.182262 94.98459 0 1 230 
870 3 1 2 467 478 -4.068078 1.723826 105.864 -2.961901 2.703058 106.2564 0 4 124 134 -152 -490 
871 3 1 2 473 474 -4.302352 0.7882254 97.68115 -1.810502 3.187738 99.47371 0 0 
872 3 1 2 205 207 -4.290836 -5.206509 93.55714999999999 -1.81016 -3.337999 93.55714999999999 0 0 
873 3 1 2 404 429 -3.028664 3.729223 108.6712 -1.479821 5.164961 110.1118 0 0 
874 3 1 2 101 103 -8.369669 -5.248098 105.3121 -7.331747 -3.490249 106.2564 0 1 213 
875 3 1 2 290 303 -6.807206 0.9311375 121.6043 -5.88771 1.929009 122.267 0 0 
876 3 1 2 92 93 -6.808439 -4.279259 123.8183 -6.307243 -3.474072 124.3357 0 1 121 
877 3 1 2 106 110 -8.330836 -5.068689 91.87716 -6.347326 -3.169829 93.55714999999999 0 2 -119 252 
878 3 1 2 223 224 -3.812242 -5.285072 128.9789 -3.238625 -4.686112 129.2034 0 0 
879 3 1 2 471 478 -3.303248 1.632089 105.864 -2.969465 2.051623 106.2564 0 3 118 152 -218 
880 3 1 2 53 54 -10.10274 -5.037437 54.51408 -2.988512 2.501024 55.98075 0 2 116 264 
881 3 1 2 470 487 -3.062144 1.180399 110.2893 -1.629497 2.697749 110.8952 0 0 
882 3 1 2 469 472 -2.945584 1.165002 106.2564 -1.866597 2.718217 108.3542 0 4 -92 -139 -256 314 
883 3 1 2 469 470 -2.921791 1.151185 106.9086 -1.478103 2.727694 108.7344 0 1 139 
884 3 1 2 469 471 -2.390961 1.561167 106.2564 -1.81016 2.718217 106.9086 0 1 92 
885 3 1 2 145 148 -2.332771 -1.93403 106.2564 -1.474743 -1.165002 106.681 0 2 -400 -409 
886 3 1 2 468 473 -4.146929 0.7391335000000001 101.2194 -1.907771 3.112617 102.4655 0 2 132 494 
887 3 1 2 163 164 -4.329293 -1.87604 121.1362 -3.389205 -0.9459877 121.82 0 0 
888 3 1 2 458 461 -3.868464 1.977424 123.8103 -3.402364 2.744219 124.3357 0 1 95 
889 3 1 2 145 154 -3.062107 -2.727097 107.5173 -1.474744 -1.141227 108.1381 0 0 
890 3 1 2 467 468 -3.749061 2.033631 104.5028 -2.051326 3.184967 105.6614 0 3 137 151 371 
891 3 1 2 19 20 -6.803649 -2.890028 121.0648 -5.838142 -1.989333 122.2826 0 1 309 
892 3 1 2 327 330 -8.659093 3.743135 114.0432 -7.175983 5.231543 114.5014 0 0 
894 3 1 2 466 473 -3.671139 0.7391335 101.7703 -2.670552 2.067546 102.3926 0 2 114 -132 
895 3 1 2 670 698 6.311604 4.678882 124.3357 6.808444 5.289259 124.3357 0 0 
896 3 1 2 466 478 -4.068078 1.165002 105.864 -3.137694 1.723826 106.2564 0 2 -118 422 
897 3 1 2 5 6 -8.703709 -2.726979 106.9711 -7.147126 -1.145353 107.8359 0 0 
898 3 1 2 466 467 -3.50791 1.723826 104.5028 -2.692989 2.342944 105.864 0 3 112 137 449 
899 3 1 2 465 478 -4.329365 1.165002 105.7441 -3.303248 2.703058 106.2564 0 3 -124 135 -422 
900 3 1 2 465 467 -4.068078 1.723826 104.5028 -3.217223 2.995344 106.2564 0 3 -112 124 371 
901 3 1 2 465 466 -4.068078 0.7599454 101.9193 -3.065907 2.342944 106.2564 0 4 112 114 244 422 
902 3 1 2 465 468 -4.146929 1.588228 102.3926 -3.065907 2.995344 104.6103 0 3 -244 -371 494 
903 3 1 2 465 473 -4.290364 0.8267224 101.9193 -3.065907 2.588095 102.4655 0 2 -114 -494 
904 3 1 2 249 253 -2.763211 -5.47009 118.2229 -1.779922 -4.503639 118.712 0 0 
905 3 1 2 205 208 -4.290836 -3.167019 91.79741 -1.81016 -1.206553 93.55714999999999 0 1 -180 
906 3 1 2 114 128 -8.405077 -5.451204 118.838 -7.413886 -4.507827 119.4206 0 0 
907 3 1 2 219 220 -4.323737 -5.465219 119.6522 -3.374368 -4.536826 120.3889 0 0 
908 3 1 2 179 186 -8.130061 -5.94959 71.52495999999999 -2.571712 -0.6819671999999999 76.00382999999999 0 3 -103 -106 -168 
909 3 1 2 463 475 -4.371718 1.123841 124.1774 -3.874868 1.734219 124.3357 0 0 
910 3 1 2 274 275 -6.824942 1.877342 103.883 -5.927013 2.528593 105.8954 0 3 102 289 302 
911 3 1 2 463 464 -4.338682 0.9290484 123.2971 -3.371762 1.888281 123.8311 0 0 
912 3 1 2 462 463 -3.874026 0.9290351999999999 123.8211 -3.404384 1.888281 124.3357 0 0 
913 3 1 2 111 112 -8.702635000000001 -5.267684 110.9983 -7.11968 -3.685795 111.9022 0 0 
914 3 1 2 12 24 -7.101632 -2.673361 114.0227 -5.514917 -1.181694 115.5955 0 1 -105 
915 3 1 2 431 432 -3.062134 3.685396 114.7794 -1.474743 4.824996 116.3357 0 0 
916 3 1 2 450 452 -4.62566 1.178653 113.3333 -3.079847 2.682257 114.7377 0 0 
917 3 1 2 458 460 -4.504683 2.133841 124.3357 -3.874868 2.744219 126.4523 0 0 
918 3 1 2 166 176 -4.611631 -2.717866 113.0794 -3.188704 -1.159621 113.9725 0 0 
919 3 1 2 197 198 -4.663035 -5.248098 106.2564 -3.106515 -3.693821 107.4725 0 0 
920 3 1 2 308 310 -8.085251 1.268722 73.58452 -5.255022 3.05329 77.55714999999999 0 3 101 145 -164 
921 3 1 2 254 256 -2.849925 -5.275102 127.3667 -2.272115 -4.685244 127.622 0 0 
922 3 1 2 457 458 -4.37146 1.977424 123.2931 -3.402364 2.896064 123.8647 0 1 95 
923 3 1 2 23 27 -6.807363 -1.872178 116.974 -5.810144 -0.9822544 117.6527 0 0 
924 3 1 2 457 459 -4.357943 1.979113 122.1627 -3.381087 2.939024 122.5597 0 0 
925 3 1 2 250 252 -2.768412 -5.483805 121.6144 -1.785444 -4.497495 122.9768 0 0 
926 3 1 2 262 264 -7.906977 1.154517 127.1466 -7.286457 1.731407 127.5758 0 0 
927 3 1 2 415 416 -5.069004 1.207536 90.27144 -1.070081 5.070524 93.55714999999999 0 1 99 
928 3 1 2 455 456 -4.364749 0.9425621 118.1551 -3.375421 1.897422 118.7685 0 0 
929 3 1 2 218 220 -4.361393 -5.484016 121.4341 -3.378504 -4.488302 122.5578 0 0 
930 3 1 2 11 12 -8.638730000000001 -2.256507 114.8112 -7.118018 -1.305331 116.3357 0 2 96 97 
931 3 1 2 324 326 -8.369732000000001 3.710043 105.6691 -7.032314 4.611583 106.2564 0 2 94 186 
932 3 1 2 451 452 -4.605844 1.187657 115.3097 -3.139205 2.68121 115.938 0 0 
933 3 1 2 451 455 -4.356176 1.140329 116.3357 -3.371719 1.925329 116.3357 0 0 
934 3 1 2 251 252 -2.768443 -5.483914 123.2636 -1.799211 -4.484152 124.0061 0 0 
935 3 1 2 322 349 -6.804645 3.854713 104.943 -5.855209 4.914774 105.7953 0 2 -91 -210 
936 3 1 2 406 408 -4.266859 3.260722 102.1502 -1.811387 5.737142 104.4392 0 0 
937 3 1 2 503 816 2.886158 -6.642539 18.34985 6.622698 -1.630958 21.98323 0 2 -59 -160 
938 3 1 2 505 804 0.1647762999999998 -2.167798 17.97604 4.220618 1.418088 20.63351 0 3 149 246 -496 
939 3 1 2 162 188 -4.502517 -1.739474 124.8248 -3.875005 -1.1346 125.3556 0 0 
940 3 1 2 333 335 -6.487592 1.346598 90.88907 -5.271358 5.077262 92.32706 0 1 140 
941 3 1 2 612 623 1.784141 4.584968 117.5525 2.713674 5.428743 118.2906 0 0 
942 3 1 2 57 59 -9.994400000000001 -1.160202 43.65211 -5.623487 3.47164 52.0709 0 4 56 -89 -130 313 
943 3 1 2 183 184 -4.990703 -4.059564 75.52494 -1.915279 -2.235439 78.46902 0 3 86 87 88 
944 3 1 2 447 448 -3.814065 4.687385 128.9907 -3.23876 5.286249 129.2116 0 0 
945 3 1 2 258 260 -8.381610999999999 0.956939 122.742 -7.411917 1.901529 123.3115 0 1 100 
946 3 1 2 445 446 -3.86439 4.670279 125.7446 -3.251134 5.2953 126.2643 0 0 
947 3 1 2 443 444 -2.860023 3.678435 128.8706 -2.272083 4.270641 129.159 0 0 
948 3 1 2 49 50 -8.166192000000001 0.07321879999999981 57.39842 -2.665861 4.913056 58.33002 0 2 85 232 
949 3 1 2 442 443 -2.901357 3.660279 127.5258 -2.293917 4.262257 128.1744 0 0 
951 3 1 2 214 215 -4.312271 -4.473865 116.8512 -3.372656 -3.531661 117.2575 0 0 
952 3 1 2 311 335 -9.041839 1.217705 85.38602 -5.175889 5.177254 87.3066 0 0 
953 3 1 2 730 751 7.186464 1.193351 115.2315 8.196947 1.974832 115.5853 0 1 -379 
954 3 1 2 438 440 -2.260321 3.664686 126.6772 -1.651352 4.250994 127.3396 0 0 
955 3 1 2 38 39 -8.409485 -2.916894 120.2585 -7.431145 -1.982445 121.0174 0 0 
956 3 1 2 437 438 -2.223084 3.661217 128.8464 -1.651224 4.283427 129.2704 0 0 
957 3 1 2 17 19 -6.527014 -2.516913 122.1198 -5.838142 -1.97203 122.4467 0 1 309 
958 3 1 2 105 106 -9.092381 -5.206498 88.79163 -5.301425 -1.2618 92.52001 0 2 84 252 
959 3 1 2 436 440 -2.768308 3.516058 120.3448 -1.785986 4.459604 120.8973 0 0 
960 3 1 2 202 213 -4.665419 -5.219425 114.8811 -3.145868 -4.478262 116.3357 0 1 82 
961 3 1 2 435 436 -2.7629 3.474249 121.9404 -1.807312 4.471662 122.3758 0 0 
962 3 1 2 97 103 -8.084618000000001 -5.083646 104.3685 -6.66486 -3.490249 106.2564 0 3 -80 -213 505 
963 3 1 2 374 376 -6.779778 4.484087 121.5811 -5.826392 5.468619 122.2559 0 0 
964 3 1 2 434 440 -2.238337 3.670096 126.213 -1.637813 4.277144 126.6381 0 0 
965 3 1 2 277 278 -8.369446999999999 1.142963 106.2564 -7.130842 2.703058 106.9938 0 1 -78 
966 3 1 2 433 442 -2.768439 3.668882 124.3357 -2.395746 3.976182 124.7974 0 1 76 
967 3 1 2 433 434 -2.265253 3.666907 124.3357 -1.768444 4.279259 124.8178 0 0 
968 3 1 2 433 435 -2.768177 3.474115 123.2749 -1.799394 4.432285 123.8711 0 0 
969 3 1 2 3 14 -7.094616 -2.703058 106.2564 -5.912442 -1.292226 106.7888 0 2 -158 -271 
970 3 1 2 167 168 -4.353658 -1.9187 118.3101 -3.372414 -0.9560056 119.159 0 0 
971 3 1 2 297 298 -6.307248 1.939031 123.2586 -5.808952 2.896549 124.3357 0 1 456 
972 3 1 2 431 439 -2.732216 3.524004 116.6327 -1.775388 4.462504 117.0789 0 0 
973 3 1 2 853 864 7.483971 -4.440894 118.3141 8.401579 -3.495972 119.0561 0 0 
974 3 1 2 331 333 -8.329598000000001 3.246325 94.35005 -5.866515 5.596672 94.94134 0 0 
975 3 1 2 263 264 -7.869132 1.123135 125.2988 -7.278732 1.730003 125.7922 0 0 
976 3 1 2 369 373 -6.775817 4.484071 123.8299 -6.243666 5.48407 124.3357 0 0 
977 3 1 2 258 263 -8.10924 0.9290406 123.2955 -7.411917 1.889194 124.3357 0 2 -100 293 
978 3 1 2 430 432 -3.004923 3.740037 113.97 -1.533775 5.213766 114.3985 0 0 
979 3 1 2 506 512 -0.9432053000000002 -0.1679011000000004 3.17672 6.457901 7.955658999999999 5.142751 0 3 -163 -165 -188 
980 3 1 2 429 430 -3.009501 3.69615 111.4979 -1.533179 5.222287 112.5234 0 0 
981 3 1 2 221 222 -3.866337 -5.253563 125.5612 -3.240549 -4.684889 125.8622 0 0 
982 3 1 2 389 390 -4.665403 3.914869 114.7981 -3.078018 5.272715 116.3357 0 0 
983 3 1 2 427 428 -2.221806 4.669601 128.8285 -1.638999 5.293961 129.2725 0 0 
984 3 1 2 426 428 -2.190774 4.708023 127.2713 -1.638459 5.254302 127.6843 0 0 
985 3 1 2 49 51 -5.216218 -1.226404 53.73734 -0.05039683999999989 2.299332 57.39842 0 3 74 117 420 
986 3 1 2 105 192 -9.00032 -5.192186 85.21088 -5.129395 -1.298738 87.61042999999999 0 0 
987 3 1 2 305 413 -5.069479 1.232269 79.34851999999999 -1.304682 5.102422 82.06319000000001 0 0 
988 3 1 2 196 197 -4.329053 -5.248098 105.8317 -3.289018 -3.710043 106.2564 0 2 73 225 
989 3 1 2 421 424 -2.891558 4.669453 126.7698 -2.30979 5.298587 127.2451 0 0 
990 3 1 2 420 423 -2.735396 4.526376 123.8322 -1.872388 5.289259 124.3357 0 1 83 
991 3 1 2 419 420 -2.735396 4.526376 123.8322 -1.801948 5.442572 124.0763 0 1 83 
992 3 1 2 419 423 -2.768413 4.484079 123.3313 -2.067158 5.16283 124.071 0 1 -83 
993 3 1 2 343 348 -6.789846 3.557333 118.2455 -5.846887 4.46851 119.0455 0 0 
994 3 1 2 265 267 -8.411339999999999 2.196152 122.8306 -7.543337 2.93903 123.337 0 1 -108 
995 3 1 2 41 43 -8.529697000000001 -1.743058 127.1416 -7.937401 -1.114732 127.6555 0 0 
996 3 1 2 285 334 -8.369223 0.6813956000000001 97.01263 -5.871863 3.053522 97.87202000000001 0 0 
997 3 1 2 179 180 -7.868622 -4.031292 73.89116 -4.462213 -0.6819671999999999 76.76579 0 3 72 103 267 
998 3 1 2 417 418 -2.751912 4.507518 121.0624 -1.781924 5.410068 121.8167 0 0 
999 3 1 2 275 279 -7.156498 1.165002 104.2575 -5.968958 2.212357 106.2564 0 3 102 185 227 
1000 3 1 2 468 471 -2.767164 1.430746 105.3075 -1.813077 2.675339 105.6725 0 2 151 324 
1001 3 1 2 413 414 -5.06367 1.304689 83.21064 -1.096235 5.058179 86.22797 0 0 
1002 3 1 2 217 218 -4.371717 -5.484047 123.0585 -3.372093 -4.48421 123.576 0 0 
1003 3 1 2 152 175 -4.626841 -2.722874 108.8866 -3.085648 -1.202363 110.1817 0 0 
1004 3 1 2 56 187 -7.823029 -4.822212 61.12862 -2.038398 -0.3385703000000002 63.05559 0 3 71 128 418 
1005 3 1 2 394 400 -4.339954 4.678882 123.826 -3.874868 5.289259 124.3357 0 0 
1006 3 1 2 411 412 -4.290836 3.336816 93.55714999999999 -1.828329 5.206543 94.91499 0 1 69 
1007 3 1 2 411 416 -4.290836 3.20655 91.84247999999999 -1.070081 5.070524 93.55714999999999 0 2 -69 -99 
1008 3 1 2 411 415 -3.795064 3.20655 90.26815999999999 -1.070081 5.205898 93.55714999999999 0 1 99 
1009 3 1 2 229 235 -2.229091 -4.258812 124.798 -1.685323 -3.661672 125.2733 0 0 
1010 3 1 2 410 411 -4.665076 3.695795 112.4751 -3.110422 5.234618 113.2426 0 0 
1011 3 1 2 338 341 -6.510298 3.668882 123.8065 -5.841372 4.47407 124.3357 0 1 219 
1012 3 1 2 291 292 -6.795885 0.9360514 117.6395 -5.823784 1.910384 118.3545 0 0 
1013 3 1 2 439 440 -2.662087 3.611907 118.93 -1.772982 4.427094 119.2914 0 0 
1014 3 1 2 409 410 -4.558888 3.709663 110.2775 -3.09172 5.228279 111.3621 0 0 
1015 3 1 2 280 285 -8.279741 0.6994547 100.642 -5.864191 3.182739 102.6867 0 0 
1016 3 1 2 380 381 -7.908527 3.668882 124.3357 -7.278608 4.279259 124.6576 0 0 
1017 3 1 2 109 112 -8.357371000000001 -5.685734 99.48994 -5.878023 -3.229158 101.1583 0 2 66 -386 
1018 3 1 2 217 248 -4.371718 -5.289259 124.3357 -3.874868 -4.678882 124.3357 0 0 
1019 3 1 2 27 28 -6.770716 -1.929023 120.2391 -5.85989 -0.9943714 120.5214 0 0 
1020 3 1 2 407 412 -4.310278 3.269504 97.09929 -1.819707 5.687281 98.77323 0 0 
1021 3 1 2 274 279 -8.324173999999999 1.877342 103.883 -5.999273 2.96768 105.6615 0 5 -64 -102 133 229 -289 
1022 3 1 2 137 143 -2.76833 -1.88762 123.3455 -1.800585 -0.9717466 124.0385 0 1 -62 
1023 3 1 2 150 151 -4.040932 -2.656179 106.2564 -3.239526 -2.169113 106.6242 0 2 201 226 
1024 3 1 2 227 228 -2.854261 -4.262205 125.5285 -2.272583 -3.667813 125.7801 0 0 
1025 3 1 2 266 267 -8.348765999999999 1.980326 122.2384 -7.434152 2.777105 123.337 0 1 108 
1026 3 1 2 311 312 -9.083712 1.228546 81.21747999999999 -5.111682 5.200475 84.06211 0 0 
1027 3 1 2 317 318 -6.881958 1.131251 128.5407 -6.311662 1.729643 129.0263 0 0 
1028 3 1 2 403 406 -3.086664 3.239598 105.2998 -1.879196 4.067739 105.7312 0 2 60 -234 
1029 3 1 2 403 405 -3.086664 3.710043 105.2998 -1.81016 5.248098 106.2564 0 2 58 234 
1030 3 1 2 201 202 -5.05587 -5.151506 85.44154 -1.176809 -2.579128 89.2486 0 1 57 
1031 3 1 2 309 312 -8.193516000000001 1.208047 77.55714999999999 -5.117454 3.378127 79.78478 0 1 -55 
1032 3 1 2 402 405 -4.329641 4.246809 105.734 -3.081624 5.248098 106.2564 0 1 120 
1033 3 1 2 51 59 -3.583459 -3.992868 49.49094 -1.126341 -2.499632 52.53166 0 2 -457 500 
1034 3 1 2 69 99 -7.086628 -5.256102 109.6901 -5.559663 -3.68651 110.6222 0 0 
1035 3 1 2 401 406 -4.243054 3.21931 105.1302 -2.84401 4.019141 105.7312 0 2 -60 -235 
1037 3 1 2 401 403 -3.088227 3.239598 105.5471 -2.602515 4.648201 106.2564 0 2 58 60 
1038 3 1 2 399 400 -4.504612 4.66917 125.7789 -3.915991 5.268663 126.3012 0 0 
1039 3 1 2 905 907 2.091852 -3.910248 104.4152 3.270208 -3.4375 105.3584 0 2 268 -458 
1040 3 1 2 133 135 -2.265886 -2.744219 124.1545 -1.768444 -1.939036 124.3357 0 0 
1041 3 1 2 339 340 -6.901503 3.670992 128.7973 -6.311648 4.27243 129.1003 0 0 
1042 3 1 2 398 399 -4.496719 4.687122 127.3586 -3.874876 5.294556 127.7532 0 0 
1043 3 1 2 174 176 -4.360068 -2.931573 116.9749 -3.376493 -1.952196 118.3728 0 0 
1044 3 1 2 397 398 -4.504263 4.710126 128.7799 -3.875733 5.276641 129.0968 0 0 
1045 3 1 2 362 364 -7.852994 4.687844 127.1165 -7.278624 5.288254 127.4139 0 0 
1046 3 1 2 130 155 -2.735211 -2.884733 116.3357 -1.768444 -1.942263 117.3276 0 1 54 
1047 3 1 2 233 234 -2.214618 -4.286477 128.8132 -1.65661 -3.663532 129.2522 0 0 
1048 3 1 2 57 60 -7.487221 -0.2598286000000001 45.11704 -1.863657 4.568542 52.03764 0 3 52 -56 -243 
1049 3 1 2 395 396 -4.338613 4.498348 119.6248 -3.375669 5.432696 119.828 0 0 
1050 3 1 2 394 445 -3.86856 4.678882 124.3357 -3.371719 5.289259 124.3357 0 0 
1051 3 1 2 393 394 -4.371538 4.525309 123.3086 -3.404499 5.483889 123.839 0 0 
1052 3 1 2 23 24 -7.102141 -2.317328 115.5859 -5.514743 -1.192342 116.3357 0 0 
1053 3 1 2 81 82 -8.393992000000001 -4.472526 121.6491 -7.416793 -3.502289 122.144 0 0 
1054 3 1 2 393 396 -4.370416 4.485367 121.6525 -3.404609 5.48258 122.8037 0 0 
1055 3 1 2 165 167 -4.356176 -1.925311 116.3357 -3.371719 -1.140345 116.3357 0 0 
1056 3 1 2 391 392 -4.362903 3.486347 118.2904 -3.377361 4.467236 119.1804 0 0 
1057 3 1 2 71 72 -6.792901 -4.470075 115.9193 -5.808444 -3.68537 116.3357 0 0 
1058 3 1 2 390 395 -4.318193 4.484769 116.6484 -3.372126 5.419648 117.0876 0 0 
1059 3 1 2 245 246 -4.504366 -5.258265 128.7945 -3.87567 -4.689967 129.2082 0 0 
1060 3 1 2 299 300 -6.804506 1.956881 120.9974 -5.839874 2.896553 121.6408 0 0 
1061 3 1 2 42 46 -8.379158 -1.92902 123.8381 -7.90856 -0.9290382 124.3357 0 1 142 
1062 3 1 2 202 206 -5.068544 -5.205105 87.07932 -1.176809 -2.579128 90.52879 0 1 57 
1063 3 1 2 148 159 -3.27481 -3.177206 103.3454 -1.810255 -1.303593 104.2776 0 2 375 -388 
1064 3 1 2 279 280 -8.369331000000001 0.7423225 103.0961 -5.999273 2.96768 105.1463 0 3 133 185 -289 
1065 3 1 2 123 124 -8.360275 -4.469972 116.3357 -7.411719 -3.520843 116.9903 0 1 -282 
1066 3 1 2 180 184 -6.030021 -4.059564 75.10024 -4.192109 -0.03545510000000007 77.55714999999999 0 3 49 -87 153 
1067 3 1 2 387 388 -4.371029 3.474146 121.0021 -3.39418 4.473661 122.2244 0 0 
1068 3 1 2 387 392 -4.359709 3.513524 118.9213 -3.377361 4.471611 119.8041 0 0 
1069 3 1 2 65 66 -6.788381 -5.476177 117.2906 -5.844358 -4.494253 117.6901 0 0 
1070 3 1 2 504 801 -6.894603 -2.167798 15.39943 0.1647762999999998 4.728839 19.53032 0 2 -296 407 
1071 3 1 2 386 388 -4.371712 3.474114 122.7344 -3.371927 4.474045 123.7186 0 0 
1072 3 1 2 386 392 -4.371715 3.668882 124.3357 -3.874868 4.279259 124.3357 0 1 373 
1073 3 1 2 385 386 -4.267774 3.668882 123.8287 -3.371719 4.474068 124.3357 0 1 373 
1074 3 1 2 277 288 -8.644584 1.17333 106.9882 -7.159285 2.722091 107.9757 0 0 
1075 3 1 2 239 253 -2.734899 -5.43181 116.654 -1.774155 -4.4973 117.1181 0 0 
1076 3 1 2 382 383 -8.384506 3.47418 121.8118 -7.412531 4.470637 122.7633 0 0 
1077 3 1 2 313 314 -8.085251 0.07214103000000005 68.85717 -2.515982 5.904748 75.01322 0 3 46 48 101 
1078 3 1 2 315 316 -8.206666999999999 1.495023 63.82617 -1.935522 6.290583 66.58789 0 1 45 
1079 3 1 2 127 128 -8.537553000000001 -5.296083 126.7682 -7.970992 -4.680649 127.1949 0 0 
1080 3 1 2 381 382 -8.411509000000001 3.474101 123.276 -7.445589 4.432327 123.832 0 0 
1081 3 1 2 342 344 -6.778255 3.514031 122.2928 -5.838789 4.473334 122.8253 0 0 
1082 3 1 2 369 370 -6.895575 4.697745 125.2874 -6.355952 5.291664 125.7422 0 0 
1083 3 1 2 378 381 -8.411714999999999 3.668882 124.3357 -7.914868 4.279259 124.3357 0 0 
1084 3 1 2 378 379 -8.511595 3.664417 127.2203 -7.919345 4.287217 127.7099 0 0 
1085 3 1 2 325 328 -8.695589999999999 3.694669 109.0329 -7.122324 5.189736 110.7138 0 0 
1086 3 1 2 58 61 -6.159609 -4.505455 37.04324 -2.600778 4.925508 45.28097 0 5 41 -42 43 44 -426 
1087 3 1 2 375 379 -8.544784 3.666662 128.9257 -7.915006 4.277559 129.3709 0 0 
1088 3 1 2 375 376 -6.672709 4.492663 119.0712 -5.81907 5.483167 119.8155 0 1 479 
1089 3 1 2 315 320 -8.263871999999999 1.059816 59.55439 -2.416124 3.991776 64.79651 0 2 40 -45 
1090 3 1 2 373 374 -6.8084 4.484087 122.8656 -5.808447 5.484032 123.3476 0 0 
1091 3 1 2 91 92 -6.893959 -4.262671 125.734 -6.312686 -3.667914 125.989 0 0 
1092 3 1 2 47 48 -8.409037 -1.928834 121.8822 -7.44606 -0.9292953 122.8066 0 0 
1093 3 1 2 79 80 -6.898393 -5.268992 125.7017 -6.314592 -4.674815 125.9306 0 0 
1094 3 1 2 257 258 -8.116977 0.9290406 123.8329 -7.716146 1.92902 124.3357 0 1 293 
1095 3 1 2 83 84 -8.028179 -4.474062 123.7137 -7.443794 -3.668882 124.3357 0 0 
1096 3 1 2 98 100 -7.093056 -5.248098 105.9315 -5.668194 -3.710043 106.61 0 2 38 39 
1097 3 1 2 337 338 -6.940573 3.660891 125.2857 -6.343847 4.275709 125.399 0 0 
1099 3 1 2 366 367 -6.29308 4.682387 126.6701 -5.67641 5.276807 127.4001 0 0 
1100 3 1 2 365 366 -6.259691 4.670347 128.7662 -5.693467 5.298117 129.1151 0 0 
1101 3 1 2 193 194 -4.317863 -5.672039 100.4457 -1.875127 -3.227243 102.4918 0 0 
1102 3 1 2 147 159 -4.180303 -2.061019 103.9291 -1.979233 -0.7452875 104.2845 0 2 -191 -375 
1103 3 1 2 363 364 -7.884356 4.678321 125.2325 -7.279315 5.2871 125.6793 0 0 
1104 3 1 2 363 373 -6.30528 4.678882 124.3357 -5.808444 5.289259 124.3357 0 0 
1105 3 1 2 363 367 -6.265223 4.699451 124.8448 -5.676039 5.294648 125.3867 0 0 
1106 3 1 2 325 326 -8.704179 3.687729 106.9982 -7.122886 5.270195 107.7544 0 0 
1107 3 1 2 290 299 -6.790824 1.979724 119.0655 -5.8512 2.938664 119.8646 0 0 
1108 3 1 2 107 108 -8.331538 -3.128889 94.87868 -5.868863 -0.705211 96.37882 0 0 
1109 3 1 2 61 807 -9.970311000000001 -4.884822 36.29532 -5.961884 4.925508000000001 37.90855 0 2 -37 41 
1110 3 1 2 360 368 -8.407138 4.485176 118.3248 -7.429207 5.452851 118.9781 0 0 
1111 3 1 2 195 196 -4.325064 -4.835639 103.8829 -1.896427 -3.607727 106.2564 0 3 36 73 90 
1112 3 1 2 191 192 -9.076624000000001 -5.019822 82.84972 -5.127445 -1.241632 85.21088 0 0 
1113 3 1 2 359 360 -8.403053999999999 4.505308 120.681 -7.422687 5.402599 121.2418 0 0 
1114 3 1 2 358 359 -8.410983 4.484319 122.2656 -7.445983 5.447478 122.8428 0 0 
1115 3 1 2 273 275 -7.097957 1.704675 105.5503 -5.91249 2.367333 106.7238 0 3 115 227 -302 
1116 3 1 2 50 320 -8.263871999999999 0.04620760000000002 59.13851 -2.751085 3.991776 61.48139 0 1 -40 
1117 3 1 2 729 732 7.252849 1.734073 110.6123 8.679819 2.685598 111.5832 0 1 -368 
1118 3 1 2 357 363 -7.908561 4.678882 124.3357 -7.411719 5.289259 124.3357 0 0 
1119 3 1 2 357 358 -8.411705 4.526462 123.3194 -7.445516 5.442658 123.8489 0 0 
1120 3 1 2 59 61 -9.994400000000001 -5.028617 43.39136 -2.831919 -0.6908246 45.57279 0 3 42 313 426 
1121 3 1 2 242 251 -2.768443 -5.289259 124.3357 -2.271593 -4.678882 124.3357 0 0 
1122 3 1 2 354 356 -8.543993 4.709047 128.797 -8.076307999999999 4.961142 128.95 0 0 
1123 3 1 2 354 355 -8.543993 4.709047 128.4148 -7.915593 5.297649 128.9585 0 1 239 
1124 3 1 2 353 355 -8.529191000000001 4.694599 125.7415 -7.91493 5.296716 126.2033 0 0 
1125 3 1 2 353 354 -8.537159000000001 4.688546 127.0446 -7.944748 5.297001 127.6599 0 0 
1126 3 1 2 237 238 -3.061152 -5.233881 113.3804 -1.480916 -3.728333 114.1778 0 0 
1127 3 1 2 350 352 -7.088903 3.689027 107.8017 -5.518163 5.245681 109.2083 0 0 
1129 3 1 2 349 350 -7.084257 3.698365 106.2564 -5.550058 5.255663 107.7432 0 1 361 
1130 3 1 2 195 200 -3.870881 -4.835639 105.1556 -1.896427 -3.710043 106.2564 0 2 -90 -389 
1131 3 1 2 41 42 -8.508293999999999 -1.709735 125.5398 -7.917692 -1.118527 125.7906 0 0 
1132 3 1 2 347 376 -6.766872 4.641564 119.0712 -6.338489 5.483167 119.3194 0 1 -479 
1133 3 1 2 346 351 -7.041813 3.73294 113.334 -5.570368 5.214697 114.1093 0 0 
1134 3 1 2 329 330 -8.641859999999999 3.737328 115.2557 -7.118018 5.272756 116.3357 0 1 35 
1135 3 1 2 345 347 -6.792901 4.48835 116.3357 -5.808444 5.27277 116.3357 0 0 
1136 3 1 2 145 147 -3.053924 -2.047962 106.2564 -2.072084 -1.165002 106.2564 0 3 -144 395 400 
1137 3 1 2 161 162 -4.371718 -1.929025 123.7206 -3.405012 -0.9712978 124.3357 0 0 
1138 3 1 2 513 515 1.852195 0.6744481 104.1124 3.258147 2.155745 105.8856 0 4 -81 172 195 303 
1139 3 1 2 343 344 -6.699028 3.488998 120.3849 -5.829419 4.457746 121.5952 0 0 
1140 3 1 2 425 432 -2.752901 4.487998 116.3357 -1.768444 5.272771 116.3357 0 0 
1141 3 1 2 341 342 -6.510298 3.750412 123.8065 -5.841372 4.431514 124.0685 0 1 219 
1142 3 1 2 242 248 -2.846739 -5.293409 124.3357 -2.271593 -4.694208 124.7959 0 0 
1143 3 1 2 268 288 -8.411640999999999 1.977328 119.1889 -7.411974 2.903284 119.922 0 0 
1144 3 1 2 322 323 -8.364701 4.010051 103.4373 -5.927895 5.647447 105.7953 0 3 33 34 210 
1145 3 1 2 3 7 -7.194842 -3.091339 105.6833 -6.612048 -2.04216 106.2564 0 2 -156 493 
1146 3 1 2 49 52 -9.465386000000001 1.079903 53.73734 -0.6054976999999999 4.913056 57.39842 0 4 31 32 -74 -85 
1147 3 1 2 133 134 -2.768163 -2.939008 123.2821 -1.798285 -1.939055 123.8602 0 0 
1148 3 1 2 337 340 -6.899842 3.663213 127.16 -6.323526 4.282177 127.5414 0 0 
1149 3 1 2 5 7 -8.369393000000001 -2.703058 105.2913 -7.488007 -1.644674 106.2564 0 1 138 
1150 3 1 2 335 336 -9.089613 1.207057 89.33228 -6.367851 5.205787 92.32706 0 1 140 
1151 3 1 2 217 221 -3.872523 -5.48407 123.8161 -3.403818 -4.678882 124.3357 0 0 
1152 3 1 2 131 132 -2.215815 -1.741612 128.7818 -1.65712 -1.118797 129.1016 0 0 
1153 3 1 2 227 230 -2.73719 -4.163408 123.8051 -2.255426 -3.517542 123.8299 0 1 -65 
1154 3 1 2 334 336 -8.330836 1.346598 91.85187000000001 -6.374841 2.925546 93.55714999999999 0 1 224 
1155 3 1 2 55 56 -5.960153 -4.560338 57.39842 -1.920161 -0.3286479 62.42033 0 3 29 30 128 
1156 3 1 2 93 96 -6.807344 -4.461174 122.8227 -5.808634 -3.627036 123.8183 0 1 -28 
1157 3 1 2 54 56 -8.123747 -4.822212 57.39842 -5.050516 -0.4392469999999999 63.05559 0 3 -30 283 418 
1158 3 1 2 58 60 -5.799591 -3.846572 43.69371 -0.05780391000000007 3.871512 47.21515 0 3 -27 243 -384 
1159 3 1 2 284 287 -8.68744 1.189695 111.6024 -7.172012 2.689437 112.4114 0 0 
1160 3 1 2 248 253 -2.900999 -5.293577 125.1951 -2.308855 -4.688202 125.4717 0 0 
1161 3 1 2 709 719 6.311697 2.133841 124.3357 6.808444 2.744219 124.3357 0 0 
1162 3 1 2 329 332 -8.396176000000001 3.685373 116.3357 -7.411719 4.470045 116.6731 0 0 
1163 3 1 2 9 12 -8.705417000000001 -2.256507 114.0679 -7.118215 -1.140337 115.5923 0 1 -96 
1164 3 1 2 87 88 -8.543453 -4.282539 125.2529 -7.959727 -3.677311 125.5507 0 0 
1165 3 1 2 184 186 -5.243459 -2.70443 75.10024 -2.067448 -0.03545510000000007 76.67194000000001 0 2 88 153 
1166 3 1 2 281 283 -8.23302 1.140449 113.8949 -7.118373 2.202549 114.7802 0 1 189 
1167 3 1 2 177 179 -8.194195000000001 -6.226701 75.65158 -5.039181 -1.670622 77.55714999999999 0 2 72 196 
1168 3 1 2 383 384 -8.410734 3.525485 120.2692 -7.416155 4.418703 120.9406 0 0 
1169 3 1 2 169 171 -4.339381 -2.939022 123.263 -3.401799 -1.97738 123.8626 0 0 
1170 3 1 2 182 201 -4.933588 -5.204244 83.13252 -1.176635 -1.207811 84.98231 0 0 
1171 3 1 2 56 188 -8.093335 -4.822212 61.91301 -5.965551 -0.3529684 64.48688 0 1 -71 
1172 3 1 2 13 14 -7.097139 -2.723413 106.9989 -5.552935 -1.185889 107.8936 0 0 
1173 3 1 2 97 98 -7.507471 -5.083646 104.3685 -6.112084 -3.221065 106.2564 0 3 26 38 80 
1174 3 1 2 234 235 -2.264095 -4.285667 126.8971 -1.642372 -3.689147 127.4208 0 0 
1175 3 1 2 247 248 -4.503314 -5.297718 125.2712 -3.878367 -4.684174 125.8009 0 0 
1176 3 1 2 305 308 -4.880117 3.20655 76.57107999999999 -1.915279 5.144378 77.55714999999999 0 2 -161 -205 
1177 3 1 2 801 805 -7.336266 2.713001 26.24233 -2.646469 7.421236 29.66253 0 2 -393 -414 
1178 3 1 2 323 349 -7.091004 4.010051 104.943 -5.927895 5.255663 107.0064 0 3 -25 210 361 
1179 3 1 2 323 326 -8.369732000000001 4.348005 105.6691 -7.091004 5.248098 106.2564 0 1 -94 
1180 3 1 2 323 324 -8.369732000000001 4.010051 104.7593 -6.690238 4.611583 106.2564 0 3 25 33 94 
1181 3 1 2 185 187 -7.037481 -6.37895 64.82017 -1.93192 -0.06659545999999983 69.34993 0 1 24 
1182 3 1 2 509 512 0.08560860000000003 -0.1679010999999999 0 7.316634 4.721813 5.142751 0 2 163 -192 
1183 3 1 2 322 324 -8.299985 3.221087 104.7593 -6.015741 4.318787 105.488 0 2 -33 91 
1184 3 1 2 389 391 -4.356176 3.68537 116.3357 -3.371719 4.470428 116.3357 0 0 
1185 3 1 2 321 331 -8.369358 3.221997 98.52834 -6.016325 5.662919 99.84090999999999 0 0 
1186 3 1 2 178 184 -5.57309 -3.827582 77.55714999999999 -5.110081 -2.225898 77.55714999999999 0 1 -49 
1187 3 1 2 321 322 -8.360987 3.249594 101.4373 -5.85119 5.647447 104.1966 0 1 34 
1188 3 1 2 321 323 -8.165032 4.365796 103.4373 -6.638596 5.684469 104.1461 0 1 -34 
1190 3 1 2 225 226 -2.834994 -4.274122 128.8957 -2.272413 -3.688121 129.1825 0 0 
1191 3 1 2 98 104 -7.507471 -5.435429 103.5 -5.857146 -3.247513 105.1949 0 2 -23 26 
1192 3 1 2 115 116 -8.378337999999999 -5.441573 123.8134 -7.446615 -4.525385 124.0772 0 1 22 
1193 3 1 2 319 320 -6.940525 1.115552 124.852 -6.313089 1.718091 125.4306 0 0 
1194 3 1 2 318 319 -6.918426 1.14337 126.7856 -6.327457 1.736362 127.3391 0 0 
1195 3 1 2 316 320 -8.206666999999999 0.07994508000000011 63.17379 -2.416124 2.601354 64.79651 0 1 45 
1196 3 1 2 57 58 -6.156753 -0.6908246 37.84027 -1.863657 5.000522 46.81825 0 3 43 89 243 
1197 3 1 2 140 143 -2.664499 -1.88762 123.842 -1.800585 -1.123841 124.3357 0 1 62 
1198 3 1 2 18 20 -6.305188 -2.744219 124.3357 -5.808444 -2.133841 124.3357 0 0 
1199 3 1 2 274 280 -7.830476 2.528593 103.6331 -5.999273 3.174398 104.905 0 1 -133 
1200 3 1 2 314 316 -4.638688 0.07214103000000005 68.85717 -1.915429 5.498286 70.58002 0 1 46 
1201 3 1 2 313 316 -8.263494 0.07214103000000005 66.68713 -2.892966 6.381217 70.58002 0 1 -46 
1202 3 1 2 62 64 -7.876741 -1.743102 127.1428 -7.280221 -1.142552 127.6046 0 0 
1203 3 1 2 309 310 -8.193516000000001 1.268722 76.50626 -5.117454 4.738651 79.62905000000001 0 3 55 147 164 
1204 3 1 2 310 313 -8.128280999999999 2.15378 73.58452 -6.521872 5.725921 75.01322 0 2 101 146 
1205 3 1 2 170 172 -4.50469 -2.749479 125.2864 -3.874868 -2.127489 126.4523 0 0 
1206 3 1 2 308 314 -8.085251 0.03501349999999981 73.50087000000001 -2.067711 4.17848 75.63723 0 2 20 -101 
1207 3 1 2 177 180 -7.868622 -4.742096 75.65158 -5.828637 -1.268722 78.2572 0 3 -72 197 -350 
1208 3 1 2 307 314 -6.521872 1.986791 73.4156 -2.067711 5.064878 75.48769 0 2 -20 -48 
1209 3 1 2 307 308 -6.521872 1.986791 74.96127 -2.067711 5.144378 77.55714999999999 0 4 19 20 145 161 
1210 3 1 2 147 149 -4.288836 -2.368502 104.8421 -2.568577 -0.9306613 106.2564 0 5 17 -18 176 202 395 
1211 3 1 2 307 309 -5.82452 3.05329 77.07185 -5.211461 4.738651 77.55714999999999 0 2 16 147 
1212 3 1 2 307 313 -7.021956 2.874245 73.4156 -2.515982 6.377031 75.48654999999999 0 2 48 -146 
1213 3 1 2 306 308 -5.255022 1.268722 76.55408 -1.915279 4.057298 77.55714999999999 0 3 -19 166 205 
1214 3 1 2 306 309 -5.255022 2.359064 77.07185 -4.881646 3.835234 77.55714999999999 0 2 -16 -166 
1215 3 1 2 306 307 -5.255022 2.704643 76.60599000000001 -4.443535 4.057298 77.55714999999999 0 2 16 19 
1216 3 1 2 172 173 -4.370537 -2.895636 121.5418 -3.383165 -1.959782 122.0125 0 0 
1217 3 1 2 59 60 -7.487221 -3.846572 45.28097 -1.126341 1.596936 52.53166 0 6 27 56 131 380 384 500 
1218 3 1 2 304 320 -6.808443 1.123841 124.3357 -6.311593 1.734219 124.3357 0 1 378 
1219 3 1 2 273 278 -7.383592 1.61237 105.6615 -6.989732 2.778308 106.2564 0 2 -15 228 
1220 3 1 2 58 806 -2.349601 -0.5369177000000001 34.48387 -0.07907952000000007 2.612552 38.54079 0 2 -455 -495 
1221 3 1 2 1 2 -8.367808 -3.193757 102.5942 -5.861625 -0.6744281999999999 104.273 0 1 14 
1222 3 1 2 175 176 -4.581428 -2.70075 112.0478 -3.078508 -1.230159 112.7351 0 0 
1223 3 1 2 92 94 -6.778515 -3.8728 123.8183 -6.307243 -3.474072 124.3357 0 1 -121 
1224 3 1 2 301 302 -6.32573 1.38908 124.0671 -5.808444 1.734219 124.3357 0 1 240 
1225 3 1 2 298 300 -6.807132 1.939203 122.6991 -5.82775 2.938907 123.375 0 1 456 
1226 3 1 2 117 118 -7.904732 -5.257622 125.7145 -7.282027 -4.680886 126.0211 0 0 
1227 3 1 2 126 128 -8.544148 -5.288927 127.4646 -7.930819 -4.674806 127.8557 0 0 
1228 3 1 2 295 296 -7.095756 1.160098 109.8423 -5.563491 2.597562 110.652 0 0 
1229 3 1 2 215 216 -4.327487 -4.461722 118.1669 -3.418557 -3.494979 118.9249 0 0 
1230 3 1 2 275 280 -7.156498 1.240991 103.883 -5.851669 2.528593 105.1463 0 2 -185 289 
1231 3 1 2 194 207 -4.280165 -5.678495 96.9948 -1.815879 -3.281083 98.01402 0 0 
1232 3 1 2 139 140 -2.26334 -1.704654 125.7476 -1.635829 -1.147669 126.1597 0 0 
1233 3 1 2 137 138 -2.768247 -1.897473 122.2934 -1.800148 -0.9290926 122.8257 0 0 
1234 3 1 2 293 295 -7.090825 1.141142 113.0646 -5.515153 2.727728 113.7174 0 0 
1235 3 1 2 292 294 -7.036436 1.193576 115.5745 -5.808444 1.925223 116.3357 0 1 -141 
1236 3 1 2 179 183 -6.068884 -6.375166 73.56358 -2.571712 -3.311739 77.55714999999999 0 3 106 196 -267 
1237 3 1 2 292 293 -7.036436 1.193576 115.5673 -6.022631 1.617822 115.9099 0 1 141 
1238 3 1 2 1 4 -7.243111 -3.181933 103.8956 -5.85559 -0.6748833000000001 105.4492 0 3 12 13 -14 
1239 3 1 2 290 291 -6.806321 0.9314205 120.22 -5.842878 1.927373 120.8743 0 0 
1240 3 1 2 289 294 -6.792901 1.942646 116.3357 -5.808444 2.72773 116.3357 0 0 
1242 3 1 2 289 290 -6.750959 1.95796 118.3684 -5.8512 2.938987 119.0655 0 0 
1243 3 1 2 202 204 -4.665389 -5.214501 114.0316 -3.13839 -3.914733 114.8811 0 1 199 
1244 3 1 2 287 288 -8.704504999999999 1.147533 108.7122 -7.16747 2.646542 109.4474 0 0 
1245 3 1 2 286 288 -8.389033 1.940378 118.2885 -7.429768 2.90029 118.8927 0 0 
1246 3 1 2 11 37 -8.396176000000001 -2.727726 116.3357 -7.411719 -1.943236 116.3357 0 0 
1248 3 1 2 347 375 -6.672709 4.591691 118.994 -5.859854 5.483167 119.1248 0 1 479 
1249 3 1 2 77 80 -6.303422 -5.281965 126.6544 -5.675717 -4.704603 127.3326 0 1 -11 
1250 3 1 2 282 283 -8.375726 0.9796678 116.9696 -7.417305 1.916812 117.2731 0 0 
1251 3 1 2 195 197 -4.068078 -4.669714 105.8317 -2.995266 -3.321989 106.2564 0 2 -73 389 
1252 3 1 2 281 286 -8.396176000000001 1.943266 116.3357 -7.411719 2.727726 116.3357 0 0 
1253 3 1 2 281 284 -8.705418999999999 1.208271 113.8949 -7.16482 2.664022 114.8031 0 1 -189 
1254 3 1 2 49 54 -9.886982 -1.68322 54.69454 -5.216218 2.501024 57.39842 0 3 -116 283 432 
1255 3 1 2 73 74 -6.782937 -5.483195 121.5558 -5.818403 -4.486695 122.5298 0 0 
1256 3 1 2 62 807 -6.329813 -5.039606 34.65671 -2.349601 1.113145 37.90855 0 4 -10 37 183 280 
1257 3 1 2 324 349 -7.091004 3.710043 104.943 -6.015741 4.611583 106.2564 0 3 25 91 -186 
1258 3 1 2 278 279 -8.327267000000001 1.120645 104.4996 -7.186118 2.345668 106.2564 0 2 64 228 
1259 3 1 2 141 142 -2.855166 -1.715713 128.8151 -2.272099 -1.128627 129.1311 0 0 
1260 3 1 2 66 72 -6.792901 -5.219907 115.4073 -5.514743 -4.156338 116.3357 0 1 -383 
1262 3 1 2 276 296 -7.083957 1.152775 107.1278 -5.515104 2.726599 107.9926 0 0 
1263 3 1 2 163 168 -4.304263 -1.897637 119.159 -3.371896 -0.9560056 119.6693 0 0 
1264 3 1 2 105 110 -6.380396 -5.068689 91.9318 -5.110081 -3.20655 93.55714999999999 0 2 -9 -252 
1265 3 1 2 129 131 -2.76499 -2.938175 120.9822 -1.775775 -1.955651 121.5839 0 0 
1266 3 1 2 199 236 -3.045103 -5.23133 107.7818 -1.496347 -3.724547 109.1146 0 0 
1267 3 1 2 155 157 -2.992153 -2.43903 115.6077 -1.474743 -1.305331 116.3357 0 2 54 -217 
1268 3 1 2 274 278 -8.324173999999999 2.124977 104.4996 -7.1317 2.778308 106.2564 0 3 15 64 78 
1269 3 1 2 456 460 -4.50448 2.124377 128.5688 -3.874868 2.752745 128.5688 0 0 
1270 3 1 2 99 100 -7.095301 -5.229851 106.8202 -5.561427 -3.687417 107.8277 0 0 
1271 3 1 2 137 140 -2.46768 -1.88762 123.842 -1.800585 -1.252653 124.0385 0 1 62 
1272 3 1 2 273 274 -7.254655 1.877342 105.5503 -5.927013 3.092001 106.2564 0 3 15 229 302 
1273 3 1 2 54 55 -5.960153 -6.317902 54.77452 -2.497847 -0.4293502999999999 62.21359 0 4 30 264 432 488 
1274 3 1 2 52 53 -9.465386000000001 -0.5027375999999999 50.91992 -3.850291 3.47164 55.37543 0 5 8 32 113 130 131 
1275 3 1 2 417 425 -2.676982 4.593114 118.7311 -1.809857 5.483624 119.1166 0 0 
1276 3 1 2 39 48 -8.323229 -1.920043 120.0108 -7.424548 -1.034362 120.648 0 0 
1277 3 1 2 269 270 -8.543479 1.14406 128.723 -7.91487 1.710322 129.063 0 0 
1278 3 1 2 193 195 -4.325064 -4.776203 103.8829 -2.160047 -3.249215 104.6694 0 1 36 
1279 3 1 2 267 268 -8.404180999999999 1.940578 121.0851 -7.427805 2.892122 121.7045 0 0 
1280 3 1 2 125 126 -8.544767 -5.265862 128.808 -7.914925 -4.697144 129.1248 0 0 
1281 3 1 2 57 61 -10.03035 -1.160202 37.84027 -5.623487 4.925508 45.57279 0 2 -43 -313 
1282 3 1 2 230 231 -2.741568 -4.430201 122.253 -1.795301 -3.515365 122.8198 0 0 
1283 3 1 2 213 214 -4.665419 -4.800166 114.8811 -3.078018 -4.100674 116.3357 0 1 82 
1284 3 1 2 51 53 -5.216218 -4.580592 50.92787 -2.015114 3.181039 55.63218 0 5 6 -8 117 278 457 
1285 3 1 2 104 112 -8.35004 -5.710094 100.4723 -5.878023 -3.230629 103.3951 0 2 -66 386 
1286 3 1 2 133 136 -2.768433 -2.744219 124.3357 -2.271593 -2.133841 124.3357 0 0 
1287 3 1 2 124 128 -8.408265 -5.425908 116.9535 -7.453229 -4.528853 118.3096 0 0 
1288 3 1 2 726 727 6.716994 2.402382 105.95 7.518954 2.747534 106.2564 0 1 366 
1289 3 1 2 29 31 -6.932522 -1.740757 127.9328 -6.311785 -1.128753 128.4627 0 0 
1290 3 1 2 259 283 -8.363918 1.015277 118.8412 -7.449099 1.925569 119.2183 0 0 
1291 3 1 2 2 108 -8.363852 -3.105106 99.67829 -5.861854 -0.6780267 100.7643 0 0 
1292 3 1 2 243 244 -2.219489 -5.28346 125.7506 -1.636413 -4.67939 126.2186 0 0 
1293 3 1 2 257 263 -7.914991 0.9290406 123.8329 -7.515663 1.889194 124.3357 0 1 -293 
1294 3 1 2 113 114 -8.389786000000001 -5.480307 121.0512 -7.416093 -4.521498 121.2249 0 0 
1295 3 1 2 785 788 7.024269 -1.600427 105.2681 7.86502 -0.6744083 105.3281 0 2 -390 -442 
1296 3 1 2 150 152 -4.329464 -2.703058 106.2564 -3.542384 -1.970841 106.6242 0 2 177 -226 
1297 3 1 2 255 256 -2.84199 -5.283662 129.0554 -2.271598 -4.684727 129.2717 0 0 
1298 3 1 2 4 7 -7.719219 -3.181933 105.0694 -6.612048 -1.57807 106.2564 0 3 5 12 156 
1299 3 1 2 17 20 -6.795172 -2.939028 122.1198 -5.823816 -1.989333 122.7098 0 1 -309 
1300 3 1 2 253 254 -2.857581 -5.273192 125.6698 -2.273707 -4.676472 125.9146 0 0 
1301 3 1 2 155 156 -2.996205 -2.675873 115.5953 -1.539466 -1.556015 115.964 0 1 217 
1302 3 1 2 50 315 -8.263871999999999 1.059816 57.39842 -2.146866 6.373812 61.48139 0 3 -7 40 232 
1303 3 1 2 16 24 -7.101632 -1.905538 114.0227 -6.055556 -1.181694 114.8398 0 1 105 
1304 3 1 2 43 44 -8.544241 -1.708843 128.808 -7.915011 -1.138429 129.1214 0 0 
1305 3 1 2 187 188 -7.823029 -5.71394 61.91301 -4.530098 -0.06659545999999983 67.56984 0 2 24 71 
1306 3 1 2 54 187 -7.823029 -6.378315 61.19528 -2.497847 -4.12443 63.29981 0 2 -418 -488 
1307 3 1 2 13 15 -7.062209 -2.67261 108.6879 -5.548476 -1.15264 109.5757 0 0 
1308 3 1 2 106 107 -8.330836 -3.625857 92.00949 -5.301425 -1.206557 93.55714999999999 0 2 84 119 
1309 3 1 2 249 250 -2.766245 -5.477728 120.3173 -1.809037 -4.491054 121.0355 0 0 
1310 3 1 2 52 57 -8.743316999999999 1.596936 49.42379 -2.962443 5.035188 52.0709 0 2 52 -130 
1311 3 1 2 160 208 -4.314876 -3.139285 96.22255 -1.890994 -0.7083576 97.64062 0 0 
1312 3 1 2 95 96 -6.791548 -4.459005 121.5469 -5.840441 -3.50344 122.2598 0 0 
1313 3 1 2 245 247 -4.482788 -5.288079 127.1008 -3.897612 -4.671268 127.3306 0 0 
1314 3 1 2 241 242 -2.265287 -5.279537 129.1936 -1.687442 -4.692356 129.4588 0 0 
1315 3 1 2 86 87 -8.485339 -4.252769 127.4368 -7.920106 -3.667488 127.6504 0 0 
1316 3 1 2 237 240 -3.000198 -4.456985 115.5131 -1.549584 -3.733893 115.6176 0 1 -159 
1317 3 1 2 51 60 -3.850291 -3.112423 49.49094 -0.05040039000000007 3.181039 52.53166 0 3 -6 -47 -500 
1318 3 1 2 82 123 -8.40138 -4.447535 118.8425 -7.413555 -3.491256 119.6074 0 0 
1319 3 1 2 107 110 -7.891661 -3.625857 92.52001 -5.110081 -3.169829 93.55714999999999 0 2 9 119 
1320 3 1 2 1 8 -8.336325 -1.644674 105.0694 -7.154252 -0.6748833 105.2913 0 2 -4 -13 
1321 3 1 2 266 271 -7.908114 2.12544 128.5688 -7.278608 2.753651 130.6853 0 0 
1322 3 1 2 61 62 -6.329813 -5.022566 37.04324 -2.600778 1.113145 41.93994 0 2 37 44 
1323 3 1 2 50 52 -6.212713 2.772856 57.39842 -3.97676 4.915174 57.39842 0 2 7 85 
1324 3 1 2 227 229 -2.731208 -4.279259 123.8051 -2.180983 -3.517542 124.3357 0 1 65 
1325 3 1 2 232 240 -2.729636 -4.408787 117.5925 -1.84237 -3.488554 118.2648 0 0 
1326 3 1 2 231 232 -2.735985 -4.469908 120.435 -1.769645 -3.529795 121.2296 0 0 
1327 3 1 2 153 156 -3.008877 -2.725097 113.2743 -1.522468 -1.194953 114.1902 0 0 
1328 3 1 2 229 230 -2.731208 -4.434357 123.8051 -1.800398 -3.517542 123.8502 0 1 65 
1329 3 1 2 171 172 -4.35169 -2.938915 122.1477 -3.398001 -1.969196 122.5627 0 0 
1330 3 1 2 39 40 -8.378905 -1.896701 118.1443 -7.416527 -0.948881 118.995 0 0 
1331 3 1 2 183 186 -5.740626 -5.139731 73.48454 -1.916484 -2.235439 76.67194000000001 0 3 3 -88 106 
1332 3 1 2 210 216 -4.361672 -4.398589 120.3821 -3.373707 -3.503576 121.2036 0 0 
1333 3 1 2 12 40 -8.396176000000001 -1.625985 116.0104 -7.411719 -1.140335 116.3357 0 1 97 
1334 3 1 2 182 183 -3.90384 -5.144378 77.55714999999999 -2.575287 -3.294676 79.33922 0 1 136 
1335 3 1 2 222 224 -3.837303 -5.298143 126.9926 -3.251197 -4.677236 127.5404 0 0 
1336 3 1 2 146 148 -2.82787 -3.095396 105.5129 -1.474743 -1.713516 106.681 0 4 2 -21 237 409 
1337 3 1 2 97 100 -7.093056 -4.598838 105.9315 -6.717277 -3.798765 106.2564 0 0 
1338 3 1 2 81 84 -8.385735 -4.45733 122.7643 -7.412021 -3.47409 123.3063 0 0 
1339 3 1 2 209 211 -4.340271 -4.433758 123.3048 -3.371929 -3.47411 123.8486 0 0 
1340 3 1 2 103 104 -8.36683 -5.693942 103.3951 -6.289849 -3.680522 105.1949 0 2 23 505 
1341 3 1 2 213 219 -4.355037 -5.47512 116.9817 -3.377306 -4.496376 117.6899 0 0 
1342 3 1 2 89 90 -6.902446 -4.271242 128.8969 -6.311624 -3.67017 129.1851 0 0 
1343 3 1 2 58 807 -6.159609 1.035727 35.78838 -2.349601 4.925508 37.84027 0 3 -41 -280 -304 
1344 3 1 2 181 183 -4.990703 -5.144378 77.55714999999999 -1.915279 -2.721275 79.33922 0 2 86 -136 
1345 3 1 2 212 215 -3.868459 -4.284514 126.4523 -3.238608 -3.662794 126.4523 0 0 
1347 3 1 2 9 10 -8.70205 -2.718292 112.3482 -7.150542 -1.185016 114.0135 0 0 
1348 3 1 2 25 30 -6.808443 -1.734219 124.3357 -6.311593 -1.123841 124.3357 0 0 
1349 3 1 2 442 446 -2.90154 3.723476 124.3357 -2.273259 4.263476 124.8865 0 1 76 
1350 3 1 2 62 808 -5.062026 -5.039606 34.65671 -2.42513 -1.621859 36.19893 0 2 -183 -450 
1351 3 1 2 115 117 -7.913542 -5.484067 123.8134 -7.446615 -4.678882 124.3357 0 1 -22 
1352 3 1 2 52 60 -7.316291 -0.5027376000000001 49.42379 -0.5605897 4.568542 52.26104 0 4 47 -52 -113 -131 
1353 3 1 2 88 95 -6.74614 -4.473982 119.6074 -5.866085 -3.474554 119.9068 0 0 
1354 3 1 2 203 204 -4.663224 -5.214131 111.4651 -3.135838 -3.734822 112.8383 0 0 
1355 3 1 2 138 158 -2.698837 -1.88173 120.4281 -1.812124 -0.9718526 120.5958 0 0 
1356 3 1 2 201 206 -4.969118 -3.851159 87.07932 -1.176809 -1.315602 89.2486 0 1 -57 
1357 3 1 2 162 168 -3.86856 -1.734219 124.3357 -3.371719 -1.123841 124.653 0 0 
1358 3 1 2 11 40 -8.396176000000001 -1.924814 116.0104 -7.411719 -1.305331 116.3357 0 1 -97 
1359 3 1 2 241 243 -2.244509 -5.28919 127.5485 -1.638276 -4.67839 128.166 0 0 
1360 3 1 2 198 203 -4.567425 -5.259237 109.3779 -3.078675 -3.726547 109.9696 0 0 
1361 3 1 2 197 200 -3.870881 -5.017977 105.8317 -2.995266 -4.160182 106.2564 0 2 225 389 
1362 3 1 2 12 16 -7.101632 -2.67065 114.0154 -5.569281 -1.181694 114.833 0 1 105 
1363 3 1 2 67 68 -6.886693 -5.286355 128.9829 -6.311823 -4.687738 129.2097 0 0 
1364 3 1 2 113 116 -8.381451 -5.44536 122.2689 -7.444082 -4.484152 122.8665 0 0 
1365 3 1 2 193 196 -4.325064 -5.738632 102.9144 -1.824194 -3.291134 104.6694 0 1 -36 
1366 3 1 2 19 21 -6.771903 -2.938837 119.0806 -5.833404 -1.939085 119.7657 0 0 
1367 3 1 2 519 526 3.445718 0.7314087 104.0739 4.319622 2.095426 104.5334 0 1 184 
1368 3 1 2 185 188 -8.261642999999999 -5.71394 64.82017 -4.530098 -0.05492178999999986 67.56984 0 1 -24 
1369 3 1 2 146 150 -3.239526 -3.095396 105.5879 -2.581585 -2.30022 106.2564 0 3 -237 -301 -405 
1370 3 1 2 77 78 -6.2679 -5.298921 128.7578 -5.701252 -4.671868 129.099 0 0 
1371 3 1 2 181 184 -5.069605 -3.764414 77.55714999999999 -1.915279 -1.268722 78.50233 0 1 -86 
1372 3 1 2 25 26 -6.808015 -1.928722 123.3163 -5.841404 -0.9290845 123.8348 0 0 
1373 3 1 2 330 368 -7.916559 4.98407 116.3357 -7.411719 5.272756 116.3357 0 1 35 
1374 3 1 2 159 160 -4.290425 -3.167935 100.3298 -1.920577 -0.6756624 101.6065 0 0 
1376 3 1 2 728 735 7.280331 0.7160105 103.0012 8.336546 2.32231 104.0789 0 2 318 424 
1377 3 1 2 180 183 -5.829026 -4.742096 76.00382999999999 -4.476175 -2.70443 77.55714999999999 0 4 3 87 197 267 
1378 3 1 2 179 185 -7.512459 -6.33817 71.52495999999999 -3.491613 -3.754893 72.28626 0 1 168 
1379 3 1 2 9 11 -8.636956 -2.727656 114.8068 -7.182654 -1.932053 115.5923 0 1 96 
1380 3 1 2 143 144 -2.900634 -1.737152 125.0834 -2.31916 -1.129523 125.3196 0 0 
1381 3 1 2 178 180 -7.069343 -4.742096 77.55714999999999 -5.208945 -1.477346 78.2572 0 2 49 350 
1382 3 1 2 416 474 -2.894026 1.622329 93.55714999999999 -1.81016 2.067921 93.55714999999999 0 1 230 
1383 3 1 2 34 35 -8.411709 -2.894877 123.8103 -8.050113 -2.133841 124.3357 0 1 107 
1384 3 1 2 33 34 -8.392518000000001 -2.899731 122.7212 -7.438555 -1.957099 123.0976 0 0 
1385 3 1 2 177 191 -9.109956 -4.742669 79.26519999999999 -5.647074 -1.212047 79.98446 0 1 -75 
1386 3 1 2 33 39 -8.410361999999999 -2.935508 121.0032 -7.426771 -1.942412 121.6341 0 0 
1387 3 1 2 119 120 -7.851359 -5.28544 128.9627 -7.278664 -4.686192 129.1861 0 0 
1388 3 1 2 173 174 -4.320702 -2.929014 119.5647 -3.386435 -1.939512 120.1859 0 0 
1389 3 1 2 52 315 -4.095554 2.772856 57.39842 -1.915279 4.915174 57.39842 0 2 7 31 
1390 3 1 2 146 147 -3.053924 -2.30022 105.873 -2.332771 -1.800541 106.2564 0 3 17 21 144 
1391 3 1 2 22 24 -6.792901 -2.887727 116.3357 -5.808444 -1.942646 117.0123 0 0 
1392 3 1 2 3 8 -7.24322 -2.274689 105.7589 -6.362018 -1.292226 106.2564 0 3 -155 271 -493 
1393 3 1 2 98 103 -7.120669 -5.435429 104.3685 -6.112084 -4.087192 106.2564 0 3 23 -39 80 
1394 3 1 2 206 208 -4.290836 -3.167019 91.79741 -2.703142 -1.343404 93.55714999999999 0 1 180 
1395 3 1 2 301 304 -6.32573 1.123841 124.0671 -5.808444 1.43142 124.3357 0 1 -240 
1396 3 1 2 508 511 -7.857197 -5.830859 6.767872 -3.839003 -1.504811 10.47079 0 2 167 -178 
1397 3 1 2 150 159 -4.280162 -3.177206 103.5484 -3.12077 -1.338372 104.53 0 2 191 388 
1398 3 1 2 989 991 3.877088 -1.739603 127.2346 4.467829 -1.391704 127.6875 0 1 255 
1399 3 1 2 1 7 -8.336325 -3.181933 104.4486 -6.773046 -1.57807 105.4492 0 2 4 -12 
1400 3 1 2 67 79 -6.92151 -5.267308 127.2576 -6.335294 -4.669761 127.6411 0 0 
1401 3 1 2 153 154 -2.929037 -2.726517 110.4299 -1.492983 -1.193448 111.1912 0 0 
1402 3 1 2 116 117 -7.709998 -5.441573 123.8134 -7.444952 -4.800553 124.0772 0 1 22 
1403 3 1 2 55 187 -5.050516 -5.039496 61.19528 -2.038398 -2.330993 62.42033 0 2 -128 488 
1404 3 1 2 149 152 -4.347689 -2.301428 106.2564 -3.768742 -1.165002 107.1274 0 2 -177 -351 
1405 3 1 2 25 32 -6.305287 -1.734219 124.3357 -5.675333 -1.123841 124.6947 0 0 
1406 3 1 2 37 38 -8.396914000000001 -2.915591 118.1059 -7.412723 -1.962951 118.6462 0 0 
1407 3 1 2 75 76 -6.304906 -5.289881 124.8155 -5.722202 -4.699729 124.9033 0 0 
1408 3 1 2 147 148 -3.328223 -2.368502 103.9291 -1.979233 -0.915162 106.2564 0 5 18 21 238 375 400 
1409 3 1 2 147 150 -4.288836 -2.368502 103.9291 -3.12077 -1.338372 105.4769 0 3 -176 191 -238 
1410 3 1 2 4 8 -7.719219 -2.211042 105.0694 -6.112084 -0.6748833 106.2564 0 4 -5 13 155 411 
1412 3 1 2 498 504 -2.901379 2.127526 126.4523 -2.271593 2.749304 126.4523 0 0 
1413 3 1 2 142 144 -2.901415 -1.704876 127.1116 -2.339182 -1.140575 127.3195 0 0 
1414 3 1 2 45 62 -7.908095 -1.742927 126.2411 -7.310982 -1.149119 126.7089 0 0 
1415 3 1 2 472 478 -3.053931 1.744824 106.0315 -2.961901 2.320136 106.2564 0 2 218 490 
1416 3 1 2 58 62 -6.159609 -4.381984 36.74565 -0.07907952000000007 1.113145 41.93994 0 3 -44 280 495 
1417 3 1 2 90 91 -6.910672 -4.254374 127.5156 -6.319101 -3.663126 127.7706 0 0 
1418 3 1 2 97 104 -8.084618000000001 -4.087192 104.3685 -6.971611 -3.283461 104.5784 0 2 -26 -505 
1419 3 1 2 51 52 -4.7594 1.079903 50.92787 -0.5605897 3.193934 57.39842 0 3 8 47 74 
1420 3 1 2 129 130 -2.739511 -2.855538 118.7343 -1.837507 -1.951061 119.3608 0 0 
1421 3 1 2 34 36 -8.307774 -2.896279 123.8073 -7.411719 -1.939039 124.3357 0 1 -107 
1422 3 1 2 29 30 -6.941545 -1.72691 126.2357 -6.366803 -1.134892 126.3083 0 0 
1423 3 1 2 505 509 5.273954 0.4759823000000001 9.261379 7.985827 4.301962 11.91231 0 2 150 -162 
1424 3 1 2 62 806 -3.515119 -4.277435 34.97752 -0.07907952000000007 1.035727 38.54079 0 3 10 450 495 
1425 3 1 2 121 122 -8.637684999999999 -5.219809 115.4925 -7.185417 -3.738901 115.6013 0 1 1 
1426 3 1 2 506 511 -1.952376 -1.004837 3.268364 3.002558 2.739854 5.388638 0 3 -179 188 -485 
1427 3 1 2 115 127 -8.542386 -5.29829 125.253 -7.942399 -4.685469 125.3803 0 0 
1428 3 1 2 6 10 -8.573886 -2.589206 109.6733 -7.164328 -1.142364 110.5179 0 0 
1429 3 1 2 4 14 -6.362018 -2.325261 106.2564 -5.85016 -1.165002 106.2564 0 2 158 -411 
1430 3 1 2 35 36 -8.307774 -2.894877 123.8103 -7.914868 -2.133841 124.3357 0 1 107 
1431 3 1 2 122 124 -8.638894000000001 -5.2171 115.4925 -7.89514 -4.158238 115.5938 0 1 1 
1432 3 1 2 58 805 -4.16673 1.035727 34.48387 -0.7804419 4.762426 37.58989 0 2 304 455 
1433 3 1 2 49 56 -6.646166 -1.669451 57.39842 -3.749541 -0.03324050000000001 58.2622 0 2 -29 -283 
1434 3 1 2 104 109 -7.143449 -4.742572 100.8206 -5.878023 -3.68543 101.1583 0 1 66 
1435 3 1 2 433 446 -2.768439 3.723476 124.3357 -2.271593 4.279259 124.7974 0 1 -76 
1436 3 1 2 45 46 -7.90856 -1.710697 124.3357 -7.327799 -1.121276 124.8682 0 0 
1437 3 1 2 102 112 -8.705253000000001 -5.236648 109.4025 -7.203268 -3.709198 110.1704 0 0 
1438 3 1 2 49 55 -5.960153 -1.669451 55.63218 -3.749541 -0.3286479 58.2622 0 2 29 -432 
1439 3 1 2 602 603 1.902307 3.406144 105.2482 2.409604 4.077575 105.7441 0 2 123 315 
1440 3 1 2 49 53 -9.465386000000001 -1.68322 53.73734 -4.736057 2.501024 55.87697 0 3 -32 116 -117 
1441 3 1 2 31 32 -6.888919 -1.723806 129.7897 -6.36718 -1.12581 130.2417 0 0 
1442 3 1 2 131 139 -2.249769 -1.744009 127.8921 -1.661193 -1.114802 128.3221 0 0 
1443 3 1 2 355 357 -8.411718 4.678882 124.3357 -7.914868 5.289259 124.3357 0 0 
1444 3 1 2 329 368 -8.396176000000001 4.488097 116.3357 -7.411719 5.272756 116.3357 0 1 -35 
1445 3 1 2 94 96 -6.778515 -4.014146 123.2834 -5.948489 -3.474211 123.8183 0 1 28 
1446 3 1 2 806 807 -3.515119 -1.621859 33.93906 -2.349601 1.035727 36.74565 0 3 10 421 428 
1447 3 1 2 76 80 -6.303422 -5.274254 126.2276 -5.678697 -4.704603 126.7633 0 1 11 
1448 3 1 2 466 472 -2.782609 1.165002 105.6725 -2.072084 1.516485 106.2564 0 3 -216 256 -489 
1449 3 1 2 244 251 -2.265282 -5.289259 124.3357 -1.768444 -4.678882 124.3357 0 0 
1450 3 1 2 412 416 -3.829707 3.336816 93.55714999999999 -2.538427 4.346312 93.55714999999999 0 1 69 
1451 3 1 2 63 64 -7.853184 -1.735452 128.8594 -7.281031 -1.13497 129.1469 0 0 
1452 3 1 2 753 760 7.279024 2.124418 128.5688 7.908569 2.752538 128.5688 0 0 
1453 3 1 2 105 107 -6.347326 -3.625857 92.02070000000001 -5.110081 -2.352873 93.55714999999999 0 2 9 -84 
1454 3 1 2 148 149 -3.328223 -2.661397 104.8421 -2.568577 -1.838238 105.873 0 3 2 18 236 
1455 3 1 2 8 14 -6.7754 -1.787705 106.2564 -6.112084 -1.165002 106.2564 0 2 271 411 
1456 3 1 2 53 55 -5.563269 -4.580592 54.74025 -2.988512 -0.4293502999999999 55.98075 0 2 -264 278 
1457 3 1 2 53 60 -6.296021 -2.499632 50.91992 -2.434785 3.181039 52.53166 0 3 6 113 -380 
1458 3 1 2 49 315 -4.095554 1.156544 57.39842 -1.915279 3.20655 57.39842 0 2 -31 -232 
1459 3 1 2 873 889 7.515663 -5.289259 124.1529 7.908569 -4.8685 124.3357 0 1 -204 
1460 3 1 2 21 22 -6.755944 -2.827666 118.7931 -5.861419 -1.943042 119.1826 0 0 
1461 3 1 2 18 21 -6.808434 -2.744219 124.3357 -6.311593 -2.133841 124.3357 0 0 
1462 3 1 2 503 509 5.273954 -3.635258 9.261379 7.985827 0.7771320000000002 11.91231 0 2 -150 174 
1463 3 1 2 949 950 2.301085 -5.297631 124.8129 2.844866 -4.693306 125.3012 0 0 
1464 3 1 2 949 950 2.273232 -5.281446 126.5467 2.890462 -4.684356 126.6955 0 0 
1465 3 1 2 935 936 3.800371 -5.289259 124.0656 4.371719 -4.484073 124.3357 0 1 270 
1466 3 1 2 935 936 3.875426 -5.283539 125.7421 4.504538 -4.68482 126.2028 0 0 
1467 3 1 2 913 916 4.340772 -6.203284 73.2433 6.963512 -3.138335 75.42979 0 4 475 491 -506 -507 
1468 3 1 2 913 916 1.915279 -3.473274 75.43617 4.281865 -2.221096 77.55714999999999 0 2 -245 398 
1469 3 1 2 715 716 5.808455 0.9711042 123.3019 6.775305 1.783269 123.8328 0 1 357 
1470 3 1 2 715 716 5.808444 1.123841 124.3357 6.305294 1.734219 124.3357 0 0 
1471 3 1 2 625 626 1.768447 3.668882 124.3357 2.265294 4.279259 124.3357 0 0 
1472 3 1 2 625 626 1.768457 3.516076 123.2738 2.768261 4.474049 123.8305 0 1 295 
1473 3 1 2 613 614 2.330571 4.684253 129.4021 2.841371 5.283304 129.8431 0 0 
1474 3 1 2 613 614 2.271601 4.685718 127.6047 2.848729 5.281517 127.8475 0 0 
1475 3 1 2 597 598 3.404259 3.47413 122.7511 4.370704 4.432694 123.8717 0 1 311 
1476 3 1 2 597 598 3.371723 3.668882 124.3357 3.868569 4.279259 124.3357 0 0 
1477 3 1 2 569 572 2.79628 -2.247729 50.09603 4.604603 0.3138176 55.5187 0 2 -231 291 
1478 3 1 2 569 572 4.823154 2.391802 50.15021 7.10311 5.03261 50.78352 0 3 -284 508 509 
1479 3 1 2 565 810 7.648933 -3.176968 37.91802 9.777380000000001 -0.6169474000000001 41.17028 0 1 -110 
1480 3 1 2 565 810 1.023795 -0.6169474000000001 38.02789 7.648933 2.977203 41.32304 0 2 -261 -276 
1481 3 1 2 555 560 2.074477 0.1795956999999999 74.66355 5.966509 2.907575 77.55714999999999 0 1 53 
1482 3 1 2 555 560 4.393021 2.907575 76.27198 5.184131 3.53031 77.18259999999999 0 1 -143 
1483 3 1 2 547 548 3.40487 1.080586 123.3131 4.075454 1.886624 123.8454 0 1 242 
1484 3 1 2 547 548 3.371719 1.123841 124.3357 3.868569 1.734219 124.3357 0 0 
1485 3 1 2 505 508 0.1647763 -2.167798 13.77814 1.845204 3.205912 17.97604 0 3 -220 223 416 
1486 3 1 2 505 508 -2.502352999999999 3.205912 12.57912 1.578944 7.999998 18.69128 0 2 331 -477 
1487 3 1 2 377 378 -8.543219000000001 3.668213 126.6677 -7.919345 4.276275 127.2203 0 0 
1488 3 1 2 377 378 -8.543415 3.660347 125.268 -7.943277 4.273453 125.3911 0 0 
1489 3 1 2 265 266 -7.908466 2.133841 124.0723 -7.411719 2.744219 124.3357 0 0 
1490 3 1 2 265 266 -8.348765999999999 1.93932 122.8306 -7.442161 2.777105 123.8181 0 1 108 
1491 3 1 2 466 471 -3.303248 1.329386 105.6614 -2.499413 2.044182 106.2564 0 4 118 216 -324 -449 
1492 3 1 2 466 471 -2.499413 1.165002 105.3075 -1.915046 1.516485 106.2564 0 1 489 
1493 3 1 2 441 442 -2.900349 3.660731 125.2397 -2.275572 4.275961 125.755 0 0 
1494 3 1 2 441 442 -2.851783 3.677506 127.0417 -2.271616 4.284892 127.3993 0 0 
1495 3 1 2 401 405 -4.329641 3.887306 105.3129 -3.081624 4.648201 106.2564 0 2 -120 235 
1496 3 1 2 401 405 -3.292047 4.584928 105.8835 -3.055053 5.021234 106.2564 0 1 -58 
1497 3 1 2 211 212 -3.868528 -4.279259 124.3357 -3.238608 -3.668882 124.6934 0 0 
1498 3 1 2 211 212 -4.371716 -4.279259 124.3357 -3.874868 -3.668882 124.3357 0 0 
1499 3 1 2 93 94 -6.778515 -4.014146 123.2951 -5.948489 -3.474072 124.3357 0 2 28 121 
1500 3 1 2 93 94 -6.305257 -4.279259 124.3357 -5.808444 -3.668882 124.3357 0 0 
1501 3 1 2 121 124 -8.705418999999999 -5.272771 115.4925 -7.411719 -4.158238 116.3357 0 1 -1 
1502 3 1 2 121 124 -8.396176000000001 -4.469972 116.0015 -7.411719 -3.685373 116.3357 0 1 282 
1503 3 1 2 169 170 -3.868467 -2.744219 124.3357 -3.371719 -2.133841 124.9269 0 0 
1504 3 1 2 169 170 -4.37171 -2.744219 124.3357 -3.874868 -2.133841 124.3357 0 0 
1505 3 1 2 58 59 -3.608537 -4.505455 44.38447 -1.833963 -2.368787 46.71551 0 2 384 426 
1506 3 1 2 58 59 -5.799591 -2.368787 43.65211 -3.608537 0.8320189 45.9765 0 3 27 42 89 
1507 3 1 2 202 214 -4.665419 -4.616063 114.8111 -3.863158 -4.156393 116.3357 0 1 -82 
1508 3 1 2 202 214 -3.872546 -4.800166 114.8336 -3.145208 -3.914733 115.5897 0 1 -199 
1509 3 1 2 7 8 -7.719219 -2.60517 105.802 -7.164601 -1.792441 106.2564 0 2 138 493 
1510 3 1 2 7 8 -8.336325 -1.792441 105.0694 -7.243111 -1.57807 105.802 0 2 4 5 
1511 3 1 2 180 186 -7.015139 -2.600607 73.89116 -4.462213 -0.03545510000000007 75.30981 0 0 
1512 3 1 2 180 186 -5.740626 -3.311739 75.30981 -4.462213 -2.600607 76.67194000000001 0 3 -3 103 -153 
1513 3 1 2 146 149 -3.239526 -2.413919 105.9855 -2.981518 -2.047962 106.2564 0 2 -17 405 
1514 3 1 2 146 149 -2.981518 -2.661397 105.5879 -2.568577 -2.062214 105.9855 0 2 -2 301 
2 3 1 1 509 0.08560860000000003 -6.853712 0 8 4.721812999999999 11.91231 0 6 751 773 -791 1182 -1423 -1462 
3 3 1 1 511 -7.857197 -7.965618 0 5.330122 2.739854 10.47079 0 6 -751 767 -769 -789 -1396 -1426 
4 3 1 1 510 -5.477324 -7.965618 3.268364 7.126352 2.021633 13.99686 0 5 769 -773 -779 -792 -809 
5 3 1 1 506 -2.076445 -1.394547999999999 3.17672 7.297171 7.999998 16.46253 0 7 726 790 791 792 -800 979 1426 
6 3 1 1 512 -7.999453 -4.667098000000001 0 7.316634 7.959306 6.807906 0 4 -767 -787 -979 -1182 
7 3 1 1 503 -6.919902 -7.987281000000001 9.261379 7.985827 0.7771320000000004 21.98323 0 7 807 808 809 810 811 937 1462 
8 3 1 1 505 -2.502353 -4.487747000000001 9.261379 7.985827 7.999998 23.1893 0 9 795 796 798 800 -807 938 1423 1485 1486 
9 3 1 1 508 -7.998505 -6.949522 5.388638 1.845204 7.999998 18.69128 0 9 -726 778 779 -784 -802 -808 1396 -1485 -1486 
10 3 1 1 507 -7.99332 -4.126623 2.369951 2.428449000000001 7.999998 13.43113 0 4 784 787 789 -790 
12 3 1 1 804 -6.919902 -7.999994 17.97604 5.805783 1.418088 29.53768 0 7 277 278 -280 -292 573 -811 -938 
13 3 1 1 803 -7.999983 -5.581593 17.86247 2.08534 4.057641 30.3126 0 7 279 280 281 282 -288 -289 -803 
14 3 1 1 816 0.7024501999999999 -6.642538999999999 18.34985 7.984948 7.856707 32 0 8 -254 -257 -262 -277 -284 -290 -795 -937 
15 3 1 1 801 -7.847324 -2.539531 15.39943 2.457964 7.999383999999999 29.66253 0 9 289 290 291 292 293 -778 -798 -1070 1177 
16 3 1 1 815 -2.976818999999999 -7.999994 24.77033 8 3.370166 32 0 7 254 -260 -263 -269 -272 -278 -281 
17 3 1 1 808 -7.999887 -7.854653 25.56464 -0.0591462599999999 2.287321 36.19893 0 7 269 -270 -271 -276 -282 -573 -1350 
19 3 1 1 812 0.07455575999999997 -5.039623 28.3409 8 4.883021 37.31454 0 4 260 -261 -264 -268 
20 3 1 1 802 -4.143003 -3.097574 22.75518 3.651222000000001 7.999998 32 0 6 283 284 286 287 288 -291 
21 3 1 1 805 -7.999887 -0.8745081000000003 26.24233 -0.7071774 7.857523 37.58989 0 7 274 275 276 -279 -283 -1177 -1432 
22 3 1 1 811 -0.7061007999999998 -3.097574 27.00009 7.25548 5.965304 38.02789 0 7 261 262 263 -265 -267 -273 -286 
23 3 1 1 806 -5.019461 -4.277435 27.00009 2.08534 3.424894 38.54079 0 8 271 272 273 -274 -287 -1220 -1424 1446 
24 3 1 1 810 0.06523175999999964 -5.039623 34.53632 9.777380000000001 2.977203 43.90962 0 7 264 265 -266 -605 -609 -1479 -1480 
25 3 1 1 809 1.023795 -4.883021 32 10.12977 5.037975 40.22473 0 4 266 267 268 -615 
27 3 1 1 807 -10.1297 -5.039606 32 -2.349601 5.036174 37.90855 0 6 270 -275 -1109 -1256 -1343 -1446 
28 3 1 1 61 -10.12762 -5.028617 36.29532 -2.600778 4.925508 45.57279 0 5 -1086 1109 -1120 -1281 1322 
30 3 1 1 58 -6.159609 -4.505455000000001 34.48387 -0.05780391000000007 5.000522 47.21515 0 9 1086 1158 -1196 1220 1343 1416 1432 1505 1506 
31 3 1 1 57 -10.03035 -1.160202 37.84027 -1.863657 5.035188 52.0709 0 5 942 1048 1196 1281 -1310 
32 3 1 1 574 0.9778392 -5.031882 49.66833 8.958926 -0.1520803000000002 57.39842 0 7 585 -586 -591 -594 -597 -601 -608 
33 3 1 1 573 3.988603 -6.374092 54.80328 9.578992 1.156461 61.78368 0 5 586 587 588 -595 -596 
34 3 1 1 570 4.604603 -3.229621 47.92509 10.12977 4.620187 57.39842 0 6 596 597 598 599 -600 -613 
35 3 1 1 571 1.924847 -1.899532 52.05272 7.514231 5.038503 59.34291 0 7 592 593 594 595 -598 -603 -611 
36 3 1 1 569 1.784525 -5.006401 44.60294 10.12917 5.03261 55.5187 0 8 600 601 603 -604 -606 -616 1477 1478 
37 3 1 1 576 0.2977420999999998 -6.374092 54.96789 6.424297 -0.0326606599999999 64.43657 0 6 581 -582 -585 -588 -590 -592 
38 3 1 1 572 0.1220013999999998 -3.111431 50.09603 8.090724 5.038503 57.39842 0 8 590 591 -593 -599 -607 -612 -1477 -1478 
39 3 1 1 567 0.07227236999999986 -5.036123 38.02789 7.056499 5.03261 52.75109 0 6 606 607 608 609 610 -618 
40 3 1 1 575 2.123739 -6.374092 57.39842 8.227816000000001 -0.0326606599999999 67.00476 0 4 582 583 584 -587 
41 3 1 1 921 1.916516 -6.375686 62.24127 7.225729 -0.1176273999999999 69.25021 0 3 117 -581 -583 
42 3 1 1 922 1.916516 -6.379219 64.15916 8.236094 -0.1176273999999999 71.3523 0 3 -117 -126 -584 
43 3 1 1 568 2.896021 -5.036123 40.22473 10.12695 4.961656 49.28771 0 4 604 605 -610 -617 
44 3 1 1 566 0.3002501999999998 -0.04714731000000016 54.96035 8.264882999999999 5.038503 61.14862 0 5 611 612 613 -614 -622 
45 3 1 1 563 1.915283 0.03762448999999979 57.39842 8.238613000000001 6.380384 64.32964 0 3 620 621 622 
46 3 1 1 59 -10.1106 -5.028617 43.39136 -1.126341 3.47164 52.68494 0 7 -865 -942 -1033 1120 1217 -1505 -1506 
47 3 1 1 60 -7.487221 -3.846572 43.69371 -0.05040039000000007 4.568541999999999 52.53166 0 6 -1048 -1158 -1217 -1317 -1352 -1457 
48 3 1 1 52 -9.465386000000001 -0.5027376000000001 49.42379 -0.5605896999999995 5.037415 57.39842 0 7 -1146 1274 1310 -1323 1352 1389 -1419 
49 3 1 1 53 -10.10274 -5.037437 50.91992 -2.015114000000001 3.47164 55.98075 0 7 865 880 -1274 -1284 -1440 1456 1457 
50 3 1 1 51 -5.216218 -4.580592 49.49094 -0.05039683999999989 3.193934 57.39842 0 6 666 -985 1033 1284 1317 1419 
51 3 1 1 49 -9.886982 -1.68322 53.73734 -0.05039684000000033 4.913056 58.33002 0 8 948 985 1146 1254 1433 1438 1440 1458 
52 3 1 1 55 -5.960153 -6.317902 54.74025 -1.19553 -0.3286479 62.42033 0 6 -666 1155 -1273 1403 -1438 -1456 
53 3 1 1 54 -10.10274 -6.378315 54.51408 -2.497847 2.501024 63.29981 0 5 -880 1157 -1254 1273 1306 
54 3 1 1 56 -8.123747 -4.822212 57.39842 -1.920161 -0.03324049999999978 64.48688 0 5 1004 -1155 -1157 1171 -1433 
56 3 1 1 50 -8.263871999999999 0.04620759999999979 57.39842 -2.146866 6.373812 61.48139 0 4 -948 1116 1302 1323 
57 3 1 1 315 -8.263871999999999 1.059816 57.39842 -1.915279 6.373812 66.58789 0 5 1078 1089 -1302 -1389 -1458 
58 3 1 1 187 -7.823029 -6.37895 61.12862 -1.9157 -0.06659545999999983 69.34993 0 5 -1004 -1181 1305 -1306 -1403 
59 3 1 1 185 -8.261642999999999 -6.37895 64.82017 -1.93192 -0.05492178999999986 72.28626 0 4 780 1181 1368 -1378 
61 3 1 1 555 1.915359 0.03291310999999997 71.22278 7.326522 5.302357 77.55714999999999 0 8 637 638 639 640 -642 -647 1481 1482 
62 3 1 1 559 1.250955 2.213826 73.24585 5.314726 6.234402 79.20281 0 6 626 627 -632 -633 -637 -645 
63 3 1 1 560 1.915296 0.1795956999999999 74.66355 5.966509 3.544373 78.35241000000001 0 5 -626 -631 -646 -1481 -1482 
64 3 1 1 553 4.042906 0.1729788000000001 75.4894 7.604875 4.022504 79.49945 0 5 644 645 646 647 648 
65 3 1 1 556 3.248245 0.5524165999999999 71.15672000000001 8.264882999999999 6.381257 77.55714999999999 0 6 633 634 635 -639 -643 -648 
66 3 1 1 554 5.110888 1.268722 76.31605 9.110080999999999 5.198767 81.62430000000001 0 4 641 642 643 -644 
67 3 1 1 561 1.915359 0.05467230000000001 66.71724 8.175639 6.380629 73.30929999999999 0 5 624 625 -627 -634 -638 
68 3 1 1 562 1.919532 0.05467230000000001 64.37502000000001 8.216994 5.568627 72.99173 0 4 623 -624 -635 -640 
69 3 1 1 564 1.923988 0.03762448999999979 61.93955 8.204948999999999 6.376806 68.85142 0 3 -620 -623 -625 
70 3 1 1 652 5.11277 1.208843 79.26888 9.104132 5.198767 86.46698000000001 0 2 -472 -641 
71 3 1 1 558 1.070745 1.211369 79.20281 5.06739 5.182943 86.7715 0 3 629 -630 -651 
72 3 1 1 557 1.070745 1.211369 77.55714999999999 5.059621 5.182943 81.27885999999999 0 3 630 631 632 
73 3 1 1 913 1.915279 -6.203284 71.06065 8.263000999999999 -0.03185452999999994 77.55714999999999 0 7 128 129 130 131 133 1467 1468 
74 3 1 1 914 1.915279 -6.379219 68.983 8.263000999999999 -0.03197883999999984 75.69622 0 3 126 127 -131 
75 3 1 1 919 5.110433 -5.023045 75.50244000000001 9.110080999999999 -0.1783511999999998 80.79029 0 4 118 -119 -128 -235 
76 3 1 1 916 1.915279 -6.381301 73.21132 6.963512 -2.221096 77.55714999999999 0 6 122 -124 -127 255 -1467 -1468 
77 3 1 1 915 3.573196 -4.86092 75.38273 5.986308 -1.441409 78.8535 0 5 123 124 125 -129 235 
78 3 1 1 920 5.08975 -6.236064 75.38273 9.110080999999999 -2.171916 79.34084 0 5 -118 -121 -125 -133 -255 
79 3 1 1 917 5.114557 -5.153919 77.55714999999999 9.096549 -1.207353 83.94422 0 3 119 120 121 
80 3 1 1 924 1.084238 -5.16231 77.55714999999999 5.069063 -1.208634 81.56476000000001 0 4 -116 -122 -123 -130 
81 3 1 1 927 1.072288 -5.157421 83.03609 5.048763 -1.239308 89.31103 0 2 110 -115 
82 3 1 1 923 1.084238 -5.204612 78.8535 5.049507 -1.258762 85.27298999999999 0 2 115 116 
83 3 1 1 313 -8.264882999999999 0.07214103000000005 66.68713 -2.515982 6.381217 75.48654999999999 0 4 1077 1201 -1204 -1212 
84 3 1 1 314 -8.085251 0.03501349999999981 68.85717 -1.915429 5.904748 75.63723 0 4 -1077 1200 -1206 -1208 
85 3 1 1 308 -8.085251 0.03501349999999981 73.50087000000001 -1.915279 5.144378 77.55714999999999 0 6 788 920 -1176 1206 -1209 -1213 
86 3 1 1 307 -7.866496 1.986791 73.4156 -2.067711 6.377031 77.55714999999999 0 7 -794 812 1208 1209 1211 1212 -1215 
87 3 1 1 310 -8.918767000000001 1.268722 73.58452 -5.117454 5.725921 80.30237 0 5 -812 839 -920 -1203 1204 
88 3 1 1 306 -5.255022 1.268722 76.55408 -1.915279 4.529792 79.62468 0 4 -743 1213 1214 1215 
89 3 1 1 305 -5.069975 1.232269 76.57107999999999 -1.070081 5.144378 82.06319000000001 0 4 743 794 987 1176 
90 3 1 1 309 -8.193516000000001 1.208047 76.50626 -4.881646 4.738651 79.78478 0 5 -788 1031 1203 -1211 -1214 
91 3 1 1 312 -9.098182 1.208047 77.55714999999999 -5.111682 5.200475 84.06211 0 3 -839 -1026 -1031 
92 3 1 1 413 -5.069479 1.208592 79.34851999999999 -1.071476 5.197637 86.22797 0 2 -987 1001 
93 3 1 1 414 -5.06367 1.212722 83.21064 -1.070753 5.204395 88.7514 0 2 706 -1001 
94 3 1 1 415 -5.069004 1.207536 88.04170000000001 -1.070081 5.205898 93.55714999999999 0 3 -706 927 -1008 
95 3 1 1 184 -6.030021 -4.059564 75.10024 -1.915279 -0.03545510000000007 78.50233 0 5 -943 -1066 1165 -1186 -1371 
96 3 1 1 180 -7.868622 -4.742096 73.89116 -4.192109 -0.03545510000000007 78.2572 0 7 -997 1066 -1207 1377 -1381 1511 1512 
97 3 1 1 177 -9.109956 -6.226701 75.65158 -5.039181 -1.212047 79.98446 0 5 749 805 1167 1207 1385 
98 3 1 1 178 -8.390838 -5.206536 77.55714999999999 -5.110081 -1.477346 82.31247999999999 0 4 694 -805 1186 1381 
99 3 1 1 179 -8.264821 -6.375166 71.52495999999999 -2.571712 -0.6819671999999999 77.55714999999999 0 5 908 997 -1167 1236 1378 
100 3 1 1 183 -6.068884 -6.375166 73.48454 -1.915279 -2.235439 79.33922 0 7 -749 943 -1236 1331 -1334 -1344 -1377 
101 3 1 1 186 -8.263671 -5.94959 69.1071 -1.916484 -0.03545510000000007 76.67194000000001 0 6 -780 -908 -1165 -1331 -1511 -1512 
102 3 1 1 181 -5.069605 -5.144378 77.55714999999999 -1.070081 -1.214917 81.91164999999999 0 3 849 1344 1371 
103 3 1 1 182 -5.051921 -5.204244 77.55714999999999 -1.085221 -1.207811 84.98231 0 3 -849 1170 1334 
104 3 1 1 201 -5.05587 -5.204244 83.13252 -1.078836 -1.207811 89.2486 0 3 1030 -1170 1356 
106 3 1 1 206 -5.070079 -5.205105 87.07932 -1.071455 -1.207718 93.55714999999999 0 4 -768 -1062 -1356 1394 
107 3 1 1 191 -9.109956 -5.206536 79.26519999999999 -5.110092 -1.212047 85.21088 0 3 -694 1112 -1385 
109 3 1 1 105 -9.092381 -5.206498 85.21088 -5.110081 -1.2618 93.55714999999999 0 4 958 986 1264 1453 
110 3 1 1 650 5.110081 2.29437 88.04182 9.110080999999999 5.206544 93.55714999999999 0 4 473 474 475 -477 
111 3 1 1 649 5.110081 1.206566 88.70383 9.110080999999999 4.017548 94.20634 0 3 476 477 478 
112 3 1 1 656 5.889326 3.21915 92.6641 8.370001999999999 5.738979 97.41410999999999 0 3 467 -468 -474 
114 3 1 1 651 5.115228 1.206609 83.72613 9.109699000000001 5.198274 90.40825 0 3 472 -475 -478 
115 3 1 1 607 1.070082 2.927731 91.66776 5.070081 5.738941 95.56650999999999 0 3 528 -550 -552 
116 3 1 1 595 1.070082 1.20655 89.18095 5.067519 5.206211 93.55714999999999 0 4 548 550 -551 -554 
118 3 1 1 593 1.837364 0.6741090000000001 92.62260000000001 4.330002 3.182331 98.38081 0 3 553 554 -712 
119 3 1 1 596 1.0701 1.206851 85.0746 5.067519 5.206211 91.37391 0 3 -548 -629 -650 
121 3 1 1 605 1.811173 3.21964 98.50973999999999 4.329903 5.737523 102.553 0 2 529 530 
122 3 1 1 608 1.811173 3.233406 94.84784000000001 4.325694 5.733697 99.5508 0 2 -528 -529 
123 3 1 1 526 1.810593 0.6776967 100.8971 4.319991 3.193951 104.5334 0 3 -713 -763 -1367 
124 3 1 1 525 1.811492 0.6760605 97.3133 4.328163 3.193951 102.1248 0 2 712 713 
125 3 1 1 918 5.118713 -5.203554 81.24441 9.106688999999999 -1.207353 88.81348 0 2 -120 -209 
126 3 1 1 846 5.110751 -5.203554 87.04071 9.109486 -1.207362 91.55642 0 2 209 -212 
127 3 1 1 845 5.110082 -5.205518 88.76114 9.110080999999999 -1.207362 93.55714999999999 0 3 210 211 212 
128 3 1 1 847 5.110082 -3.467184 91.97328 9.110080999999999 -0.6741088 96.23763 0 3 208 -211 -214 
129 3 1 1 926 1.182988 -5.738987 91.56792 5.070081 -3.20655 96.13337 0 3 111 -114 -138 
130 3 1 1 925 1.070085 -4.790771 90.11557000000001 5.070081 -1.206557 93.55714999999999 0 3 112 113 114 
131 3 1 1 928 1.110888 -5.198581 86.92465 5.068117 -1.206551 91.98276 0 3 -110 -111 -112 
132 3 1 1 987 1.815899 -3.183634 93.55714999999999 4.330002 -0.6741136999999999 98.1075 0 2 34 -113 
134 3 1 1 986 1.81038 -3.178098 99.93564000000001 4.329995 -0.6754583000000001 104.3225 0 2 35 -37 
135 3 1 1 416 -5.070081 1.207536 90.27144 -1.070081 5.070524 93.55714999999999 0 5 701 -927 -1007 1382 -1450 
138 3 1 1 474 -4.31157 0.6741230999999999 93.55714999999999 -1.81016 3.187738 99.47371 0 3 869 -871 -1382 
139 3 1 1 408 -4.286446 3.220362 100.9724 -1.811387 5.737142 104.4392 0 2 -851 -936 
140 3 1 1 407 -4.326884 3.22097 97.09929 -1.814218 5.72608 102.1502 0 2 851 1020 
141 3 1 1 406 -4.32333 3.21931 102.1502 -1.811387 5.737142 105.7312 0 4 -690 936 -1028 -1035 
142 3 1 1 405 -4.329641 3.710043 104.1418 -1.81016 5.738753 106.2564 0 5 690 -1029 -1032 -1495 -1496 
143 3 1 1 403 -3.088227 3.239598 105.2998 -1.474743 5.266845 107.1408 0 4 729 1028 1029 -1037 
144 3 1 1 401 -4.329641 3.219244 105.1302 -2.602515 5.021234 106.9801 0 5 847 1035 1037 1495 1496 
145 3 1 1 333 -8.330836 1.346598 90.88907 -5.110081 5.738945 94.94134 0 4 715 836 940 -974 
146 3 1 1 336 -9.11008 1.207057 89.33228 -6.367851 5.20653 93.55714999999999 0 3 -836 -1150 -1154 
147 3 1 1 334 -8.369223 0.6741112 91.85187000000001 -5.85016 3.187109 97.87202000000001 0 3 -715 -996 1154 
148 3 1 1 335 -9.089613 1.207057 85.38602 -5.11117 5.205787 92.32706 0 3 -940 -952 1150 
149 3 1 1 311 -9.083712 1.217705 81.21747999999999 -5.111682 5.200475 87.3066 0 2 952 1026 
150 3 1 1 205 -5.070079 -5.206509 90.29056 -1.070081 -1.206553 93.55714999999999 0 3 768 872 905 
151 3 1 1 208 -4.314876 -3.180816 91.79741 -1.81016 -0.6741102999999999 97.64062 0 3 -905 -1311 -1394 
152 3 1 1 160 -4.32937 -3.169237 96.22255 -1.815087 -0.6756624 101.6065 0 2 1311 -1374 
153 3 1 1 159 -4.329893 -3.180933 100.3298 -1.810255 -0.6751251999999999 104.53 0 4 -1063 -1102 1374 -1397 
154 3 1 1 148 -3.328223 -3.183551 103.3454 -1.474743 -0.915162 106.681 0 6 687 -885 1063 -1336 -1408 1454 
155 3 1 1 193 -4.325064 -5.738632 100.4457 -1.824194 -3.227243 104.6694 0 3 1101 1278 1365 
156 3 1 1 194 -4.329888 -5.730788 96.9948 -1.81023 -3.219497 102.4918 0 2 -1101 1231 
157 3 1 1 196 -4.329053 -5.73899 102.9144 -1.818255 -3.291134 106.2564 0 4 786 988 -1111 -1365 
158 3 1 1 195 -4.325064 -4.835639 103.8829 -1.896427 -3.219271 106.2564 0 4 1111 1130 1251 -1278 
159 3 1 1 200 -3.870881 -5.68495 105.1556 -1.81016 -3.70324 107.0072 0 4 -708 -786 -1130 -1361 
160 3 1 1 107 -8.331538 -3.625857 92.00949 -5.110081 -0.6741171000000001 96.37882 0 4 1108 -1308 1319 -1453 
161 3 1 1 106 -9.110078 -5.206498 88.79163 -5.301425 -1.206557 93.55714999999999 0 3 877 -958 1308 
162 3 1 1 110 -8.330836 -5.738989 91.87716 -5.110081 -3.169829 96.44766 0 4 -722 -877 -1264 -1319 
163 3 1 1 108 -8.363852 -3.172971 94.87868 -5.85288 -0.6780267 100.7643 0 2 -1108 -1291 
164 3 1 1 2 -8.367808 -3.193757 99.67829 -5.861625 -0.6744281999999999 104.273 0 2 -1221 1291 
165 3 1 1 104 -8.36683 -5.726124 100.4723 -5.851896 -3.230629 105.1949 0 5 -1191 1285 -1340 -1418 1434 
166 3 1 1 103 -8.369669 -5.738054 103.3951 -6.112084 -3.490249 106.2564 0 4 -874 -962 1340 -1393 
168 3 1 1 98 -7.507471 -5.435429 103.5 -5.668194 -3.221065 106.61 0 4 1096 -1173 1191 1393 
169 3 1 1 109 -8.357371000000001 -5.719579 95.55109 -5.878023 -3.220583 101.1583 0 3 722 1017 -1434 
170 3 1 1 644 5.850656 3.495687 104.1974 8.370001999999999 5.738743 106.2564 0 4 485 486 -487 -493 
171 3 1 1 641 5.850656 3.21925 103.1019 8.355301000000001 5.738743 106.2564 0 3 491 492 493 
172 3 1 1 643 5.850656 3.21925 104.7627 8.108078000000001 5.038528 106.2564 0 4 487 488 489 -491 
174 3 1 1 642 5.850806 3.227979 100.1898 8.369133 5.737368 104.5419 0 2 490 -492 
175 3 1 1 655 5.872185 3.21915 96.31998 8.368682 5.723798 101.7746 0 2 468 -490 
176 3 1 1 645 5.515923 3.685676 106.2564 7.102144 5.248098 107.799 0 3 484 -485 -488 
177 3 1 1 646 5.515923 3.692629 106.8955 7.102105 5.271093 110.1216 0 3 482 483 -484 
178 3 1 1 654 5.515265 3.692629 109.1014 7.081013 5.266709 113.1897 0 3 -469 -480 -482 
179 3 1 1 653 5.514863 3.703263 111.7982 7.102144 5.272765 114.8704 0 2 469 470 
180 3 1 1 685 7.120839 3.685374 109.0319 8.700123 5.272518 112.587 0 2 432 -479 
181 3 1 1 648 7.120839 3.685432 106.915 8.703645 5.272518 110.0992 0 2 479 -481 
182 3 1 1 728 6.476615 0.6750815000000001 103.0012 8.370001999999999 2.711467 106.2564 0 5 -376 -378 -384 -390 1376 
183 3 1 1 726 6.716994 1.159252 105.681 8.705418999999999 2.747534 107.227 0 4 378 -379 -389 1288 
184 3 1 1 721 5.85077 1.165002 105.7647 7.155112 2.704979 107.2792 0 5 386 387 388 389 390 
185 3 1 1 725 7.123026 1.140333 106.2564 8.694706999999999 2.711619 108.1838 0 2 379 380 
186 3 1 1 722 5.85077 0.6750815000000001 102.3933 7.625334 3.177715 106.6311 0 5 382 383 384 385 -386 
187 3 1 1 727 6.112084 1.645614 102.424 8.369085 3.193898 106.2564 0 5 376 377 -383 -388 -1288 
188 3 1 1 735 5.852733 0.6771753999999999 99.18312 8.369137 3.193382 104.2271 0 4 369 -377 -385 -1376 
189 3 1 1 724 5.515964 1.149577 106.2564 7.096536 2.710907 108.8336 0 3 -381 -382 -387 
190 3 1 1 736 5.869071 0.6771754000000001 94.87124 8.368563 3.188135 101.0553 0 2 -369 -371 
191 3 1 1 731 7.123624 1.140333 107.8118 8.700481 2.724585 111.5832 0 3 372 -375 -380 
192 3 1 1 729 7.119644 1.143431 110.6123 8.698059000000001 2.72773 113.9963 0 3 374 375 1117 
193 3 1 1 723 5.517331 1.140336 107.8786 7.090092 2.715821 111.7251 0 2 381 -407 
194 3 1 1 602 1.820976 3.250391 103.2978 4.330002 5.738754 106.7278 0 5 534 535 -537 -562 1439 
195 3 1 1 606 1.818305 3.229985 101.7224 4.326312 5.738041 104.6306 0 3 -530 -535 -539 
196 3 1 1 601 2.274081 3.219204 104.3413 4.257803 4.809302 106.2564 0 5 536 537 538 539 -564 
197 3 1 1 604 1.474967 3.897083 104.1277 3.506709 5.685979 107.7737 0 4 531 -533 -534 -538 
198 3 1 1 603 1.55334 3.219204 105.2482 3.143901 4.798001 107.7078 0 4 532 533 -536 -1439 
200 3 1 1 609 1.476622 3.690585 108.1411 3.061368 5.25859 112.6082 0 2 526 527 
201 3 1 1 587 3.082296 3.690324 106.2564 4.665419 5.248098 107.9832 0 3 562 564 565 
202 3 1 1 585 3.079774 3.687735 110.1324 4.663375 5.267233 113.2248 0 2 568 570 
203 3 1 1 588 3.081248 3.685561 107.0273 4.637123 5.264817 111.3703 0 2 -565 -568 
204 3 1 1 514 1.810822 1.165002 105.3162 3.562469 3.193936 106.2564 0 4 754 757 760 -761 
205 3 1 1 515 1.852195 0.6744481 104.1124 3.4724 2.413508 106.7057 0 5 746 747 750 -754 -1138 
206 3 1 1 513 1.852178 0.6744481 103.5104 4.319622 3.185414 106.2564 0 5 761 762 763 764 1138 
207 3 1 1 520 3.086611 1.661985 105.1368 4.665419 3.093752 107.7391 0 6 -730 -733 -739 -750 -757 -762 
208 3 1 1 519 2.693128 0.6744481 104.0739 4.665419 2.671906 107.1239 0 6 -696 730 -737 -747 -764 1367 
209 3 1 1 528 1.475204 1.146987 106.6923 3.049321 2.722249 109.1262 0 2 -741 -765 
210 3 1 1 516 1.475204 1.149868 106.2564 3.062144 2.719172 107.219 0 3 741 -746 -760 
212 3 1 1 527 1.480155 1.145565 108.2607 3.056685 2.727712 112.7615 0 2 -717 765 
213 3 1 1 517 3.07958 1.181363 106.2564 3.954336 2.724336 107.9278 0 3 737 738 739 
214 3 1 1 518 3.07958 1.145076 106.7566 4.664519 2.724336 109.8779 0 4 696 733 734 -738 
215 3 1 1 531 3.093457 1.144054 109.3408 4.665377 2.717919 112.4942 0 2 691 -734 
216 3 1 1 785 5.850705 -3.185161 102.1449 8.362086 -0.6744082999999998 105.3281 0 4 313 314 315 1295 
217 3 1 1 787 6.596894 -3.193879 104.488 8.370001999999999 -0.9253334 106.6354 0 5 308 309 -311 -313 628 
218 3 1 1 786 5.850705 -3.185161 103.6331 7.934674 -0.6744082999999998 106.2564 0 4 310 311 312 -314 
219 3 1 1 792 5.860529 -3.183602 98.21035999999999 8.369983 -0.6755257000000001 103.3755 0 2 302 -315 
220 3 1 1 788 6.720562 -2.617219 105.2681 8.370001999999999 -0.6744083 106.6446 0 5 306 307 -308 -312 -1295 
221 3 1 1 789 5.850797 -2.703058 105.2746 7.115262 -1.148435 107.4299 0 4 305 -307 -310 -628 
222 3 1 1 798 7.124309 -2.705841 106.2564 8.705418999999999 -1.146062 108.2005 0 3 -295 -306 -309 
223 3 1 1 797 7.126927 -2.726452 107.0142 8.695214999999999 -1.158288 110.2181 0 2 295 296 
224 3 1 1 791 5.519599 -2.727606 107.0327 7.100628 -1.145284 111.839 0 2 303 -304 
225 3 1 1 817 5.51484 -2.727401 113.254 7.102109 -1.14033 115.6013 0 2 252 253 
226 3 1 1 819 5.517801 -2.723365 110.6844 7.102038 -1.142228 114.1197 0 2 -253 -303 
227 3 1 1 790 5.515028 -2.727606 106.2564 7.090738 -1.145284 108.0898 0 2 304 -305 
228 3 1 1 849 6.867163 -5.248098 105.2548 8.370001999999999 -3.685387 108.0637 0 4 207 -227 -228 -540 
229 3 1 1 835 6.112084 -5.174543 103.7967 8.370001999999999 -3.21929 106.2564 0 4 228 229 230 -232 
230 3 1 1 836 5.85069 -5.738348 103.9795 8.3131 -3.255859 106.2564 0 4 226 227 -229 -233 
231 3 1 1 833 5.850866 -5.734662 101.0041 8.363481999999999 -3.254689 104.6248 0 3 232 233 234 
232 3 1 1 838 5.514753 -5.252921 105.7616 7.144141 -3.687122 107.2688 0 4 -224 -226 -230 540 
233 3 1 1 837 5.514753 -5.267502 106.9145 7.09927 -3.685564 110.0864 0 2 224 225 
234 3 1 1 850 7.13288 -5.271991 106.2564 8.705418999999999 -3.685387 109.6144 0 2 206 -207 
235 3 1 1 851 7.121511 -5.258872 108.664 8.703809 -3.693931 112.6823 0 2 205 -206 
236 3 1 1 839 5.517013 -5.272385 110.1526 7.101907 -3.685489 113.2967 0 3 221 222 223 
238 3 1 1 844 5.514759 -5.27277 112.4411 7.102142 -3.685378 115.572 0 4 -213 -216 -219 -221 
240 3 1 1 985 1.81038 -3.182305 103.0026 4.329995 -0.6741089 105.5614 0 4 37 -41 -44 -50 
241 3 1 1 982 1.8634 -3.193941 105.1488 3.715243 -1.831304 106.5644 0 6 40 41 42 -45 -49 -53 
242 3 1 1 978 3.050587 -3.092021 104.4771 4.665419 -1.165002 107.1557 0 5 47 48 49 50 -51 
243 3 1 1 981 1.810858 -2.80542 104.4468 4.230095 -0.6741089 106.2564 0 6 43 44 45 -48 -54 238 
244 3 1 1 977 2.86264 -2.703058 105.8846 4.267641 -1.165002 107.5445 0 5 51 52 53 54 653 
245 3 1 1 983 2.074135 -2.656444 105.7773 3.062144 -1.14859 107.5472 0 4 39 -40 -43 -653 
246 3 1 1 984 1.475217 -2.727675 105.292 3.047796 -1.142352 108.2606 0 4 38 -39 -42 -238 
247 3 1 1 980 3.079488 -2.726906 106.2564 4.662678 -1.159986 108.7884 0 3 -46 -47 -52 
249 3 1 1 905 1.811081 -5.064318 104.4152 3.638699 -3.219227 106.8486 0 5 144 145 146 -155 1039 
250 3 1 1 899 1.477031 -5.254401 105.7889 3.057825 -3.687364 108.1314 0 3 154 155 549 
251 3 1 1 900 1.47583 -5.254401 106.8828 3.06198 -3.693032 110.81 0 2 -154 -159 
252 3 1 1 908 1.811081 -5.738985 103.1821 4.281426 -3.68505 106.2564 0 4 -139 -145 -285 -549 
253 3 1 1 906 2.361187 -5.252924 104.2463 4.330002 -3.219227 106.882 0 4 142 143 -144 285 
254 3 1 1 907 1.824379 -5.738985 101.7449 4.320791 -3.219892 105.3584 0 5 139 140 141 -143 -1039 
255 3 1 1 910 1.810227 -5.73825 98.80886 4.327848 -3.223253 103.1254 0 3 136 -137 -140 
257 3 1 1 911 3.082419 -5.248098 106.2564 4.665419 -3.685371 108.2653 0 3 135 -142 -146 
258 3 1 1 402 -4.665347 3.68919 105.734 -3.081624 5.272602 108.3036 0 3 -847 856 1032 
259 3 1 1 409 -4.665416 3.686188 107.1537 -3.078722 5.272602 111.3621 0 2 -856 1014 
260 3 1 1 404 -3.060542 3.690635 106.9117 -1.479821 5.266845 110.1118 0 2 -729 873 
261 3 1 1 471 -3.303248 1.165002 105.3075 -1.81016 2.718217 106.9086 0 7 728 -806 879 -884 -1000 -1491 -1492 
262 3 1 1 467 -4.068078 1.723826 104.5028 -2.051326 3.19388 106.2564 0 5 806 870 890 -898 -900 
263 3 1 1 468 -4.146929 0.7391334999999999 101.2194 -1.813077 3.184967 105.6725 0 5 -758 886 -890 -902 1000 
264 3 1 1 472 -3.061873 1.165002 105.6725 -1.866597 2.718217 108.3542 0 5 -728 -841 -882 1415 -1448 
265 3 1 1 478 -4.329365 1.157352 105.7441 -2.961901 2.703058 107.1676 0 6 -854 -870 -879 -896 -899 -1415 
266 3 1 1 469 -2.945584 1.151185 106.2564 -1.474743 2.727694 108.7344 0 3 882 883 884 
267 3 1 1 470 -3.062144 1.148187 106.9086 -1.478103 2.727694 110.8952 0 3 841 881 -883 
268 3 1 1 466 -4.068078 0.6742918 101.7703 -1.81844 2.342944 106.2564 0 8 758 894 896 898 -901 1448 1491 1492 
269 3 1 1 465 -4.32979 0.7599453999999999 101.9193 -3.065907 2.995344 106.2564 0 5 899 900 901 902 903 
270 3 1 1 473 -4.302352 0.6993219000000002 97.68115 -1.810502 3.193936 102.4655 0 4 871 -886 -894 -903 
272 3 1 1 477 -4.665299 1.140382 106.2564 -3.078222 2.726961 108.3504 0 2 854 862 
273 3 1 1 449 -4.663786 1.145397 108.1874 -3.084261 2.716299 112.2189 0 2 718 776 
274 3 1 1 323 -8.369732000000001 4.010051 103.4373 -5.927895 5.738449 107.0064 0 5 -1144 1178 1179 1180 -1188 
275 3 1 1 349 -7.099526 3.698365 104.943 -5.550058 5.255663 107.7432 0 4 -935 1129 -1178 -1257 
276 3 1 1 322 -8.364701 3.221087 101.4373 -5.85119 5.647447 105.7953 0 4 935 1144 1183 -1187 
277 3 1 1 324 -8.369732000000001 3.219152 104.7593 -6.015741 4.611583 106.2564 0 4 931 -1180 -1183 1257 
278 3 1 1 326 -8.704179 3.687729 105.6691 -7.032314 5.270195 107.7544 0 3 -931 -1106 -1179 
279 3 1 1 325 -8.704179 3.687729 106.9982 -7.122324 5.270195 110.7138 0 2 1085 1106 
280 3 1 1 321 -8.369358 3.221997 98.52834 -5.85119 5.732289 104.1966 0 3 1185 1187 1188 
281 3 1 1 352 -7.098894 3.688334 107.8017 -5.518163 5.270455 112.0971 0 2 -863 -1127 
282 3 1 1 350 -7.088903 3.689027 106.2564 -5.514743 5.258037 109.2083 0 2 1127 -1129 
283 3 1 1 328 -8.69693 3.687194 109.0329 -7.122324 5.269765 112.7997 0 2 -840 -1085 
284 3 1 1 327 -8.70528 3.68537 111.566 -7.118128 5.269765 114.5014 0 2 840 892 
285 3 1 1 329 -8.705415 3.685373 115.2557 -7.118018 5.272756 116.6731 0 3 1134 1162 1444 
286 3 1 1 330 -8.705204999999999 3.685425 114.0432 -7.118018 5.272756 116.3357 0 3 -892 -1134 1373 
287 3 1 1 278 -8.369446999999999 1.120645 104.4996 -6.989732 2.778308 106.9938 0 4 -965 -1219 1258 -1268 
288 3 1 1 279 -8.369331000000001 0.6741147000000001 103.0961 -5.968958 2.96768 106.2564 0 5 -710 -999 -1021 1064 -1258 
289 3 1 1 274 -8.324173999999999 1.877342 103.6331 -5.927013 3.193907 106.2564 0 5 910 1021 1199 1268 -1272 
290 3 1 1 273 -7.383592 1.61237 105.5503 -5.91249 3.092001 106.9877 0 5 710 732 1115 1219 1272 
291 3 1 1 275 -7.156498 1.165002 103.883 -5.669707 2.528593 107.0844 0 5 859 -910 999 -1115 1230 
292 3 1 1 280 -8.369331000000001 0.6769567000000001 100.642 -5.851669 3.182739 105.1463 0 4 1015 -1064 -1199 -1230 
293 3 1 1 285 -8.369223 0.6813955999999999 97.01263 -5.864191 3.182739 102.6867 0 2 996 -1015 
294 3 1 1 276 -7.097957 1.152775 106.2564 -5.514743 2.726599 107.9926 0 3 -732 -859 1262 
295 3 1 1 295 -7.100491 1.141142 109.8423 -5.515153 2.727728 113.7174 0 2 1228 -1234 
296 3 1 1 296 -7.099537 1.150373 107.1278 -5.515104 2.727075 110.652 0 2 -1228 -1262 
297 3 1 1 277 -8.703984999999999 1.142963 106.2564 -7.130842 2.723434 107.9757 0 2 965 1074 
299 3 1 1 150 -4.329464 -3.193887 103.5484 -2.451096 -1.338372 106.6242 0 7 -687 -772 1023 1296 -1369 1397 -1409 
300 3 1 1 149 -4.347689 -2.661397 104.8421 -2.568577 -0.9306613 107.1274 0 7 745 772 -1210 1404 -1454 -1513 -1514 
301 3 1 1 147 -4.288836 -2.368502 103.9291 -1.979233 -0.67411 106.2564 0 6 1102 -1136 1210 -1390 1408 1409 
302 3 1 1 146 -3.239526 -3.095396 105.5129 -1.474743 -1.713516 107.1891 0 6 -821 1336 1369 1390 1513 1514 
303 3 1 1 151 -4.347689 -2.727137 106.2564 -3.078023 -1.141291 108.3879 0 3 711 -745 -1023 
304 3 1 1 152 -4.665261 -2.727137 106.2564 -3.085648 -1.141291 110.1817 0 4 -711 1003 -1296 -1404 
305 3 1 1 145 -3.062107 -2.727097 106.2564 -1.474743 -1.141227 108.1381 0 4 821 885 889 1136 
306 3 1 1 154 -3.062107 -2.727097 107.5173 -1.474744 -1.141227 111.1912 0 2 -889 -1401 
307 3 1 1 153 -3.06173 -2.726517 110.4299 -1.476485 -1.140666 114.1902 0 2 1327 1401 
308 3 1 1 175 -4.665405 -2.727275 108.8866 -3.078508 -1.143158 112.7351 0 2 -1003 1222 
310 3 1 1 197 -4.663035 -5.248098 105.8317 -2.995266 -3.321989 107.4725 0 4 919 -988 -1251 1361 
311 3 1 1 198 -4.663275 -5.259237 106.2564 -3.078675 -3.693821 109.9696 0 2 -919 1360 
312 3 1 1 199 -3.058498 -5.272163 106.2564 -1.474743 -3.685399 109.1146 0 2 708 1266 
313 3 1 1 236 -3.048736 -5.258091 107.7818 -1.487558 -3.685424 112.5878 0 2 852 -1266 
314 3 1 1 8 -8.336325 -2.60517 105.0694 -6.112084 -0.6748833 106.8398 0 7 -845 -1320 -1392 -1410 1455 -1509 -1510 
315 3 1 1 7 -8.369393000000001 -3.193892 104.4486 -6.612048 -1.57807 106.2564 0 6 -1145 -1149 -1298 -1399 1509 1510 
316 3 1 1 4 -7.719219 -3.181933 103.8956 -5.85016 -0.6748833000000001 106.2564 0 5 -801 -1238 1298 1410 1429 
317 3 1 1 1 -8.367808 -3.193757 102.5942 -5.85559 -0.6744281999999999 105.4492 0 4 1221 1238 1320 1399 
318 3 1 1 3 -7.24322 -3.091339 105.5124 -5.912442 -1.292226 106.7888 0 4 801 969 1145 1392 
319 3 1 1 5 -8.703709 -2.726979 105.2913 -7.128904 -1.145353 107.8359 0 3 845 897 1149 
320 3 1 1 14 -7.097139 -2.723413 106.2564 -5.514743 -1.165002 107.8936 0 4 -969 -1172 -1429 -1455 
321 3 1 1 13 -7.097139 -2.726664 106.9989 -5.519429 -1.1451 109.5757 0 2 1172 1307 
322 3 1 1 15 -7.100812 -2.71998 108.6879 -5.518027 -1.144005 112.4099 0 2 804 -1307 
324 3 1 1 16 -7.101632 -2.725809 111.3037 -5.514753 -1.169866 114.8398 0 3 -804 1303 -1362 
325 3 1 1 24 -7.102141 -2.93903 114.0227 -5.514743 -1.140335 117.0123 0 4 -914 -1052 -1303 -1391 
326 3 1 1 6 -8.703709 -2.726979 106.9711 -7.134675 -1.142364 110.5179 0 2 -897 1428 
327 3 1 1 10 -8.70205 -2.718292 109.6733 -7.150542 -1.142364 114.0135 0 2 -1347 -1428 
328 3 1 1 9 -8.705417000000001 -2.727656 112.3482 -7.118023 -1.140337 115.5923 0 3 1163 1347 1379 
329 3 1 1 97 -8.084618000000001 -5.083646 104.3685 -6.112084 -3.219154 106.2564 0 5 735 962 1173 1337 1418 
330 3 1 1 100 -7.095301 -5.248098 105.9315 -5.514743 -3.687417 107.8277 0 3 -1096 -1270 -1337 
331 3 1 1 101 -8.698548000000001 -5.253624 105.3121 -7.118018 -3.318105 107.6868 0 3 -735 842 874 
332 3 1 1 99 -7.102005 -5.272769 106.8202 -5.514848 -3.68651 110.6222 0 2 -1034 1270 
333 3 1 1 69 -7.102124 -5.27277 109.6901 -5.51525 -3.685399 113.4032 0 2 774 1034 
334 3 1 1 683 7.41518 4.423049 115.9437 8.705418999999999 5.48407 118.3709 0 3 433 -435 -438 
335 3 1 1 681 7.118021 3.685377 113.6236 8.705418999999999 5.272771 116.3357 0 3 436 437 438 
336 3 1 1 682 7.118021 3.474078 114.7693 8.705418999999999 5.107769 117.095 0 3 434 435 -437 
337 3 1 1 677 7.412397 3.476627 118.9762 8.4091 4.460035 122.1672 0 3 442 443 -444 
339 3 1 1 684 7.41805 3.480732 116.3357 8.407657 4.470705 119.7605 0 3 -434 -442 -445 
340 3 1 1 686 7.118324 3.685457 111.5049 8.705418999999999 5.272771 114.4044 0 2 -432 -436 
341 3 1 1 665 5.51475 3.68537 113.9315 7.102144 5.272765 116.3357 0 3 456 457 -470 
342 3 1 1 666 5.823986 3.97407 115.1815 7.102144 5.484065 117.615 0 3 454 455 -456 
343 3 1 1 668 5.51475 3.474071 115.5776 7.102144 5.107769 118.1856 0 3 -453 -455 -457 
344 3 1 1 667 5.813487 3.474657 117.6106 6.804689 4.473898 120.6822 0 2 453 -462 
345 3 1 1 671 5.808868 4.484569 116.9634 6.807727 5.481542 120.7979 0 2 449 -454 
346 3 1 1 672 5.808457 4.484077 120.2058 6.808411 5.483676 122.7607 0 2 -449 -452 
347 3 1 1 750 7.118022 1.193351 115.2315 8.705418999999999 2.727727 116.3357 0 3 350 -351 -373 
348 3 1 1 751 7.186464 0.9290358 115.2315 8.411719 1.974832 118.3771 0 3 349 -350 -953 
349 3 1 1 749 7.412222 1.939046 116.3357 8.411719 2.939027 119.0799 0 3 351 -356 -357 
350 3 1 1 730 7.118068 1.140369 112.5297 8.705088999999999 2.727721 115.5853 0 3 373 -374 953 
351 3 1 1 752 7.416119 0.9297492000000001 117.5931 8.406988 1.928747 121.0322 0 2 -349 -360 
352 3 1 1 744 7.413077 0.9297492000000001 120.2526 8.409801 1.928844 122.7104 0 2 360 -361 
353 3 1 1 705 5.514768 1.140329 115.1444 7.102144 2.72773 116.3357 0 3 410 411 589 
355 3 1 1 706 5.813519 1.93929 116.3357 6.808444 2.93903 119.1324 0 2 409 -410 
356 3 1 1 708 5.514978 1.140457 113.0995 7.102137 2.727721 115.5899 0 2 -408 -411 
357 3 1 1 707 5.518758 1.140336 111.1437 7.100305 2.726094 114.1172 0 2 407 408 
358 3 1 1 720 5.820095 0.9290315 115.9051 6.808444 1.92551 118.812 0 2 -391 -589 
361 3 1 1 714 5.81012 0.9292086000000001 118.9757 6.808048 1.928772 121.7282 0 2 398 -401 
362 3 1 1 711 5.814366 1.939032 120.9207 6.807204 2.93892 123.3423 0 3 402 -404 -406 
363 3 1 1 710 5.675361 2.124323 122.8648 6.704499 2.939028 130.6853 0 3 403 404 -405 
364 3 1 1 709 5.808497 1.939032 122.3002 6.808444 2.894156 124.3357 0 3 405 406 1161 
365 3 1 1 586 3.078075 3.685436 112.2873 4.665355 5.272324 115.5439 0 3 566 567 -570 
366 3 1 1 589 3.078028 3.68537 113.999 4.435298 5.27277 116.3357 0 3 559 560 -567 
367 3 1 1 611 1.474747 3.685491 113.2721 3.062139 5.272714 116.3357 0 3 522 523 -524 
368 3 1 1 610 1.474906 3.685491 111.574 3.058173 5.27183 115.5861 0 2 524 -527 
369 3 1 1 612 1.474747 4.155431 115.59 3.062144 5.484068 118.2906 0 3 521 -522 941 
370 3 1 1 629 1.474747 3.474072 115.4867 3.062144 4.513697 117.6629 0 3 502 -521 -523 
371 3 1 1 630 1.77604 3.480966 116.9992 2.764393 4.472363 120.0134 0 2 501 -502 
372 3 1 1 631 1.770892 3.474377 119.4056 2.762001 4.473672 121.7311 0 2 500 -501 
373 3 1 1 529 3.311741 1.384511 113.9931 4.665419 2.939029 117.7968 0 3 703 704 705 
374 3 1 1 530 3.078022 1.140347 114.7664 4.665419 2.72773 116.3357 0 3 699 700 -704 
375 3 1 1 534 3.372676 1.939073 116.9989 4.359238 2.938555 120.0051 0 2 693 -703 
376 3 1 1 533 3.38575 0.92903 116.3357 4.371719 1.925898 118.8467 0 2 695 -699 
377 3 1 1 535 3.37861 1.939663 119.6238 4.370741 2.935938 122.1898 0 2 686 -693 
378 3 1 1 536 3.372546 1.939312 121.6043 4.363344 2.938798 123.3703 0 2 683 -686 
379 3 1 1 524 1.475072 1.140431 113.2041 3.061947 2.727367 115.596 0 2 -719 -721 
380 3 1 1 522 1.474743 1.14033 114.8367 3.062144 2.727728 116.3357 0 3 720 721 -725 
381 3 1 1 521 1.776648 1.93403 115.5687 3.062144 2.939027 118.4237 0 2 723 725 
382 3 1 1 761 1.768449 0.935489 117.9324 2.761317 1.926538 121.1097 0 2 339 340 
383 3 1 1 762 1.777207 0.9290301 116.3357 2.768444 1.92513 118.9558 0 2 -340 -720 
384 3 1 1 763 1.768449 0.9290616 120.2408 2.768326 1.928933 122.7962 0 2 338 -339 
385 3 1 1 764 1.768464 0.9290425 122.2205 2.768433 1.929023 124.3357 0 3 337 -338 -343 
386 3 1 1 794 7.118019 -2.727704 114.8157 8.705418999999999 -1.140329 116.3357 0 3 299 -301 -332 
387 3 1 1 793 7.425703 -2.939021 115.566 8.705418999999999 -1.93403 118.2934 0 2 300 301 
388 3 1 1 796 7.118019 -2.727704 113.1216 8.705406 -1.140329 115.5699 0 2 -297 -299 
389 3 1 1 799 7.423322 -2.931466 117.5949 8.408643 -1.940038 120.387 0 2 294 -300 
390 3 1 1 795 7.118148 -2.724841 110.7594 8.705018000000001 -1.140682 114.0936 0 2 297 298 
392 3 1 1 818 5.514744 -2.72773 114.8331 7.102144 -1.140338 116.3357 0 3 250 251 -252 
393 3 1 1 826 5.824014 -2.931693 116.9743 6.80003 -1.93903 120.0053 0 2 242 -243 
395 3 1 1 825 5.811699 -2.938384 119.3725 6.796358 -1.941732 121.6218 0 2 243 244 
396 3 1 1 820 5.819098 -1.926025 116.3357 6.808444 -0.9290314 119.2121 0 2 249 -250 
397 3 1 1 821 5.808548 -1.929009 118.3761 6.808384 -0.9434513 121.8795 0 2 248 -249 
398 3 1 1 822 5.808501 -1.92903 121.1109 6.806967 -0.9290328 123.3318 0 2 247 -248 
399 3 1 1 824 5.808501 -1.92903 122.7953 6.808444 -0.9290309 124.3357 0 3 245 -246 -247 
400 3 1 1 856 7.118019 -5.27277 113.494 8.705363 -3.685428 115.9789 0 2 -200 -204 
401 3 1 1 852 7.118249 -5.269341 111.5606 8.701306000000001 -3.686379 114.1881 0 2 204 -205 
402 3 1 1 855 7.118028 -5.272754 114.8899 8.705418999999999 -3.685372 116.3357 0 3 200 -201 -203 
403 3 1 1 891 7.416065 -5.483837 118.2793 8.408101 -4.488882 121.1046 0 2 163 -202 
404 3 1 1 854 7.416065 -5.484069 116.3357 8.411719 -4.487728 118.9185 0 2 201 202 
405 3 1 1 853 7.412205 -4.474053 116.3357 8.411719 -3.474076 119.0561 0 2 203 973 
406 3 1 1 859 7.413931 -4.471179 119.7162 8.411621999999999 -3.474974 122.3556 0 2 196 197 
408 3 1 1 892 7.413082 -5.483979 120.4268 8.408101 -4.495554 122.2664 0 2 -163 -164 
409 3 1 1 890 7.411749 -5.484055 121.7298 8.411663000000001 -4.484072 123.8345 0 2 164 -165 
410 3 1 1 841 5.812149 -5.043516 114.8202 7.102144 -3.474071 118.4089 0 3 217 218 219 
411 3 1 1 842 5.514744 -5.27277 114.8109 7.102144 -3.68537 116.3357 0 3 215 216 -217 
412 3 1 1 973 3.078021 -1.942537 115.9498 4.371719 -0.9290305 118.6256 0 2 59 -73 
413 3 1 1 961 3.078021 -2.72773 114.8735 4.665419 -1.140329 116.3357 0 3 73 74 75 
415 3 1 1 965 3.371882 -2.938841 119.2278 4.369072 -1.939136 121.8783 0 2 68 -69 
416 3 1 1 963 3.385886 -2.939029 116.3357 4.371719 -1.942537 118.9478 0 2 71 -74 
417 3 1 1 962 3.079055 -2.722627 113.1574 4.662347 -1.141258 115.6311 0 2 72 -75 
418 3 1 1 979 3.079526 -2.712009 108.3355 4.65017 -1.140786 112.3667 0 2 46 -70 
419 3 1 1 1021 1.783986 -2.939027 115.6005 3.062144 -0.9290309999999999 116.9784 0 3 2 3 -4 
420 3 1 1 1022 1.474745 -2.727671 114.0558 3.061932 -1.140332 116.3357 0 2 -3 -31 
421 3 1 1 990 1.475063 -2.727721 111.5958 3.062137 -1.14061 114.9048 0 2 31 -32 
422 3 1 1 1020 1.771621 -1.927161 116.3357 2.768444 -0.9300045 119.7198 0 2 4 -13 
423 3 1 1 1023 1.782683 -2.930773 116.3357 2.768444 -1.942967 119.1651 0 2 1 -2 
424 3 1 1 1024 1.769525 -2.937011 118.5094 2.753656 -1.939112 121.5352 0 2 -1 -18 
426 3 1 1 1006 1.768846 -2.939021 121.5352 2.767259 -1.939369 123.3967 0 2 -14 -19 
427 3 1 1 940 3.078029 -5.054249 114.8387 4.665419 -3.474071 117.6731 0 3 94 -95 -96 
428 3 1 1 939 3.078029 -5.484068 114.8277 4.665419 -3.97407 117.0283 0 3 95 -97 471 
429 3 1 1 938 3.078026 -5.272705 112.4236 4.665375 -3.685381 115.6044 0 3 96 97 -98 
430 3 1 1 944 3.381158 -5.476054 116.3357 4.371719 -4.484782 119.207 0 2 -91 -471 
431 3 1 1 937 3.103434 -5.268784 110.6174 4.665333 -3.685907 113.4409 0 2 98 -134 
432 3 1 1 902 1.474761 -4.522735 114.8351 3.062144 -3.474072 117.3499 0 3 150 -152 -156 
433 3 1 1 901 1.474761 -5.272771 114.0495 3.062144 -4.11378 116.6577 0 3 151 152 -157 
434 3 1 1 898 1.474986 -5.269968 112.4768 3.062142 -3.685393 114.8919 0 3 156 157 -158 
435 3 1 1 897 1.476052 -5.269968 109.9822 3.062142 -3.70283 113.3312 0 2 158 159 
436 3 1 1 429 -3.058591 3.690329 108.6712 -1.475231 5.269711 112.5234 0 2 -873 980 
437 3 1 1 430 -3.06212 3.685851 111.4979 -1.474915 5.272651 114.3985 0 2 978 -980 
438 3 1 1 432 -3.062134 3.685396 113.97 -1.474743 5.272771 116.3357 0 3 -915 -978 -1140 
439 3 1 1 431 -3.062134 3.474072 114.7794 -1.474743 4.824996 117.0789 0 2 915 972 
440 3 1 1 482 -3.061695 1.141253 113.2866 -1.474744 2.727723 115.9453 0 2 668 -731 
443 3 1 1 481 -3.06214 1.140332 115.4697 -1.474743 2.727729 116.3357 0 3 731 853 855 
444 3 1 1 502 -2.767356 1.93908 116.3357 -1.768444 2.939027 118.9262 0 2 -815 -855 
445 3 1 1 483 -2.756098 0.9290793000000001 116.9696 -1.77329 1.928569 119.7778 0 2 848 850 
446 3 1 1 450 -4.663786 1.147819 111.432 -3.079847 2.726607 114.7377 0 2 -718 916 
447 3 1 1 452 -4.664172 1.141315 113.3333 -3.078641 2.726838 115.938 0 2 -916 -932 
448 3 1 1 451 -4.665419 1.140329 115.3097 -3.078018 2.72773 116.3357 0 3 698 932 933 
450 3 1 1 453 -4.364289 1.942031 116.3357 -3.371719 2.939029 119.1754 0 2 -698 828 
451 3 1 1 346 -7.102137 3.685391 113.334 -5.514745 5.272753 115.9326 0 2 -816 1133 
452 3 1 1 351 -7.101606 3.688334 111.3328 -5.516133 5.272764 114.1093 0 2 863 -1133 
453 3 1 1 345 -7.102136 3.68537 115.2037 -5.514743 5.27277 116.9822 0 3 816 822 1135 
454 3 1 1 347 -6.801974 4.484439 116.3357 -5.808444 5.484066 119.3194 0 3 1132 -1135 1248 
455 3 1 1 376 -6.805619 4.484087 119.0712 -5.810943 5.483167 122.2559 0 3 -963 -1088 -1132 
457 3 1 1 343 -6.789846 3.482 118.2455 -5.8141 4.474065 121.5952 0 2 993 1139 
458 3 1 1 348 -6.793219 3.474071 116.3357 -5.808444 4.470071 119.0455 0 2 -822 -993 
459 3 1 1 368 -8.407138 4.485052 116.3357 -7.411719 5.484069 118.9781 0 3 -1110 -1373 -1444 
460 3 1 1 360 -8.407138 4.485176 118.3248 -7.422687 5.452851 121.2418 0 2 1110 -1113 
461 3 1 1 384 -8.410734 3.491141 118.1401 -7.416155 4.472924 120.9406 0 2 -702 -1168 
462 3 1 1 332 -8.406522000000001 3.474076 116.3357 -7.411719 4.470045 118.9543 0 2 702 -1162 
463 3 1 1 294 -7.10214 1.193576 114.7454 -5.514743 2.72773 116.3357 0 3 -831 -1235 -1240 
464 3 1 1 292 -7.036436 0.9290313 115.5673 -5.808444 1.925223 118.3545 0 3 -1012 1235 1237 
465 3 1 1 293 -7.102042 1.140337 113.0646 -5.514743 2.727728 115.9099 0 3 831 1234 -1237 
466 3 1 1 289 -6.80768 1.939117 116.3357 -5.808444 2.93903 119.0655 0 2 1240 1242 
467 3 1 1 291 -6.806321 0.9303629 117.6395 -5.808593 1.928334 120.8743 0 2 1012 -1239 
469 3 1 1 303 -6.807206 0.9291123 121.6043 -5.808447 1.929009 123.8333 0 2 685 -875 
470 3 1 1 282 -8.705418999999999 0.9290325 115.1739 -7.118018 2.262087 117.2731 0 2 -682 1250 
471 3 1 1 281 -8.705418999999999 1.140449 113.8949 -7.118018 2.727726 116.3357 0 4 682 1166 1252 1253 
473 3 1 1 259 -8.405094 0.9325974 118.8412 -7.423894 1.928047 121.7124 0 2 868 1290 
474 3 1 1 286 -8.401415999999999 1.940378 116.3357 -7.411719 2.939019 118.8927 0 2 1245 -1252 
475 3 1 1 284 -8.705418999999999 1.142574 111.6024 -7.122442 2.727295 114.8031 0 3 -759 1159 -1253 
476 3 1 1 268 -8.411640999999999 1.940578 119.1889 -7.411974 2.939025 121.7045 0 2 1143 -1279 
477 3 1 1 267 -8.411339999999999 1.939058 121.0851 -7.420321 2.93903 123.337 0 3 -994 -1025 1279 
479 3 1 1 156 -3.062073 -2.727592 113.2743 -1.474949 -1.1405 115.964 0 3 814 -1301 -1327 
480 3 1 1 155 -3.062141 -2.939027 115.5953 -1.474743 -1.305331 117.3276 0 3 -1046 1267 1301 
481 3 1 1 157 -2.992153 -2.43903 115.5993 -1.474743 -0.92903 118.5749 0 3 674 -814 -1267 
482 3 1 1 130 -2.757426 -2.93187 116.3357 -1.768444 -1.942263 119.3608 0 2 1046 -1420 
483 3 1 1 129 -2.76499 -2.938175 118.7343 -1.775775 -1.939798 121.5839 0 2 1265 1420 
485 3 1 1 134 -2.768163 -2.939029 121.5839 -1.769864 -1.939055 123.8602 0 2 -833 -1147 
486 3 1 1 166 -4.665085 -2.726644 113.0794 -3.079822 -1.140366 115.576 0 2 -827 918 
487 3 1 1 165 -4.665418 -2.72773 114.8176 -3.078018 -1.140345 116.3357 0 3 675 827 1055 
488 3 1 1 173 -4.37083 -2.937346 119.5647 -3.383165 -1.939512 122.0125 0 2 -1216 1388 
489 3 1 1 174 -4.360068 -2.931573 116.9749 -3.376493 -1.939385 120.1859 0 2 1043 -1388 
491 3 1 1 171 -4.371357 -2.939022 122.1477 -3.372963 -1.93939 123.8626 0 2 -1169 1329 
492 3 1 1 169 -4.37171 -2.939025 123.263 -3.371719 -1.939035 124.9269 0 3 1169 1503 1504 
493 3 1 1 240 -3.062133 -4.483209 115.5131 -1.549584 -3.474072 118.2648 0 3 -797 -1316 -1325 
494 3 1 1 239 -3.062133 -5.484068 115.5131 -1.474743 -3.850372 117.1181 0 3 797 -817 1075 
495 3 1 1 237 -3.061779 -5.271738 113.3804 -1.475797 -3.685706 115.6176 0 3 817 1126 1316 
496 3 1 1 203 -4.663224 -5.272114 109.3779 -3.078392 -3.68537 112.8383 0 2 1354 -1360 
497 3 1 1 204 -4.665389 -5.272749 111.4651 -3.078019 -3.685377 115.5822 0 3 677 -1243 -1354 
498 3 1 1 214 -4.665419 -4.800166 114.8111 -3.078018 -3.474071 117.2575 0 5 -677 951 -1283 -1507 -1508 
499 3 1 1 213 -4.665419 -5.484067 114.8811 -3.078018 -4.100674 117.6899 0 3 -960 1283 1341 
500 3 1 1 219 -4.361711 -5.47512 116.9817 -3.374368 -4.490776 120.3889 0 2 907 -1341 
501 3 1 1 216 -4.364581 -4.461722 118.1669 -3.373707 -3.475815 121.2036 0 2 -1229 -1332 
502 3 1 1 210 -4.365054 -4.472751 120.3821 -3.371859 -3.474605 122.7855 0 2 -688 1332 
504 3 1 1 23 -7.102141 -2.317328 115.5859 -5.514743 -0.9290314 117.6527 0 2 923 1052 
505 3 1 1 27 -6.807363 -1.929023 116.974 -5.808486 -0.9322359 120.5214 0 2 -923 1019 
506 3 1 1 28 -6.807443 -1.929023 120.2391 -5.809208 -0.9300826 122.8031 0 2 -752 -1019 
507 3 1 1 26 -6.808015 -1.928722 122.0747 -5.808465 -0.9290845 123.8348 0 2 752 -1372 
508 3 1 1 11 -8.705417000000001 -2.727726 114.8068 -7.118018 -1.305331 116.3357 0 4 930 1246 1358 -1379 
509 3 1 1 40 -8.406358000000001 -1.926433 116.0104 -7.411719 -0.9290363 118.995 0 3 -1330 -1333 -1358 
510 3 1 1 38 -8.409485 -2.937462 118.1059 -7.412723 -1.939066 121.0174 0 2 955 -1406 
511 3 1 1 37 -8.396914000000001 -2.939021 116.3357 -7.411719 -1.943236 118.6462 0 2 -1246 1406 
513 3 1 1 33 -8.410361999999999 -2.938443 121.0032 -7.416828 -1.941387 123.0976 0 2 1384 1386 
514 3 1 1 34 -8.411709 -2.939005 122.7212 -7.411719 -1.939039 124.3357 0 3 1383 -1384 1421 
515 3 1 1 72 -7.102134 -5.272741 114.6687 -5.514743 -3.68537 116.3357 0 3 -835 -1057 -1260 
516 3 1 1 66 -6.792901 -5.484065 115.4073 -5.514743 -4.156338 117.6901 0 3 709 -1069 1260 
517 3 1 1 71 -6.805329 -4.473587 115.9193 -5.808444 -3.474071 119.1267 0 2 823 1057 
518 3 1 1 70 -7.102124 -5.272741 112.7618 -5.514763 -3.68537 115.6135 0 3 -709 -774 835 
519 3 1 1 65 -6.800105 -5.482543 117.2906 -5.814399 -4.484242 120.3872 0 2 669 1069 
520 3 1 1 73 -6.808443 -5.483195 119.6594 -5.814399 -4.485506 122.5298 0 2 -669 1255 
521 3 1 1 74 -6.807775 -5.484019 121.5558 -5.808609 -4.484149 123.8442 0 2 770 -1255 
522 3 1 1 75 -6.808443 -5.48407 123.2602 -5.675333 -4.484071 124.9033 0 3 766 -770 1407 
523 3 1 1 76 -6.305266 -5.289881 124.8155 -5.676305 -4.675551 126.7633 0 2 -1407 1447 
525 3 1 1 77 -6.304244 -5.298921 126.6544 -5.675435 -4.669126 129.099 0 2 1249 1370 
527 3 1 1 121 -8.705418999999999 -5.272771 115.4925 -7.118018 -3.685373 116.3357 0 3 1425 1501 1502 
528 3 1 1 122 -8.705412000000001 -5.272768 113.2777 -7.118018 -3.685371 115.6013 0 3 -782 -1425 1431 
529 3 1 1 114 -8.411377 -5.480307 118.838 -7.413886 -4.484147 121.2249 0 2 906 -1294 
530 3 1 1 113 -8.408495 -5.483765 121.0512 -7.41308 -4.484152 122.8665 0 2 1294 1364 
532 3 1 1 116 -8.411688 -5.484066 122.2689 -7.411783 -4.484072 124.0772 0 3 -1192 -1364 1402 
533 3 1 1 115 -8.544827 -5.484067 123.8134 -7.446615 -4.484078 125.3803 0 3 1192 1351 1427 
534 3 1 1 117 -7.913542 -5.484067 123.8134 -7.278608 -4.678882 126.0211 0 3 1226 -1351 -1402 
535 3 1 1 691 7.414086 4.486797 119.4724 8.411704 5.482785 121.8142 0 2 425 -426 
537 3 1 1 690 7.412356 4.484121 121.146 8.411300000000001 5.480955 123.3784 0 2 426 -429 
538 3 1 1 689 7.411719 4.484078 122.8012 8.411719 5.484067 124.3357 0 3 427 428 429 
539 3 1 1 695 7.278609 4.484078 123.8303 8.307774 5.484067 125.7541 0 2 421 -428 
540 3 1 1 678 7.412485 3.474085 121.4764 8.395082 4.474003 123.373 0 2 441 -443 
541 3 1 1 680 7.412485 3.474078 122.718 8.411719 4.474062 124.3357 0 3 439 -440 -441 
542 3 1 1 679 7.278622 3.474078 123.6338 8.152428 4.288779 130.6853 0 1 440 
543 3 1 1 669 5.808447 4.484077 121.816 6.808277 5.483968 123.841 0 2 451 452 
544 3 1 1 670 5.808444 4.484071 123.3208 6.808444 5.48407 124.3357 0 3 450 -451 895 
545 3 1 1 698 6.311604 4.670427 124.3357 6.941554 5.295169 126.2719 0 2 -420 -895 
546 3 1 1 697 6.312103 4.670427 126.1176 6.940603 5.299045 128.1447 0 2 419 420 
547 3 1 1 675 5.675403 4.67053 125.3214 6.304385 5.298917 127.7622 0 2 446 -448 
548 3 1 1 673 5.675427 4.669351 127.5482 6.305229 5.297917 129.1215 0 2 447 448 
549 3 1 1 674 5.675337 4.678023 128.794 6.305294 5.289693 130.6853 0 1 -447 
550 3 1 1 662 5.808444 3.474071 122.2074 6.80844 4.474061 123.8308 0 2 459 -461 
551 3 1 1 661 5.808445 3.474071 120.2238 6.80844 4.474056 122.7406 0 2 461 462 
552 3 1 1 664 5.808444 3.474072 123.3002 6.808444 4.47407 124.3357 0 3 -458 -459 -464 
553 3 1 1 663 5.67534 3.659113 123.821 6.305294 4.288772 130.6853 0 1 458 
554 3 1 1 658 6.311633 3.666231 124.3357 6.941554 4.280724 126.2508 0 2 464 -465 
555 3 1 1 657 6.314277 3.659326 125.7809 6.941491 4.285125 127.7194 0 2 465 466 
556 3 1 1 659 6.314133 3.659326 127.4175 6.940451 4.280079 129.1473 0 2 463 -466 
557 3 1 1 756 7.278641 1.939039 123.5849 8.411719 2.939022 126.4523 0 3 -346 -347 415 
559 3 1 1 755 7.914974 2.124069 124.3357 8.544829 2.753716 130.6853 0 1 346 
561 3 1 1 742 7.411719 0.929038 123.288 8.411719 1.929021 124.3357 0 3 362 -363 -366 
562 3 1 1 743 7.412415 0.9294397 121.7786 8.411187999999999 1.928152 123.8227 0 2 361 -362 
563 3 1 1 739 7.278611 1.11518 124.0615 7.908569 1.734219 126.3141 0 2 365 366 
564 3 1 1 740 7.283326 1.118987 125.7878 7.90546 1.741912 127.6079 0 2 -365 -368 
566 3 1 1 741 7.914879 1.115877 124.3357 8.544829 1.734608 126.3295 0 2 363 364 
567 3 1 1 746 7.914877 1.11424 127.4808 8.543340000000001 1.743819 129.3487 0 2 358 -359 
568 3 1 1 745 7.91487 1.118432 128.659 8.544829 1.743166 130.6853 0 1 359 
569 3 1 1 715 5.808444 0.9290316 123.3019 6.808444 1.929028 124.3357 0 4 397 -400 1469 1470 
570 3 1 1 713 5.80864 0.929148 121.6032 6.808416 1.929006 123.3294 0 3 399 400 401 
572 3 1 1 733 6.311686 1.125247 128.8503 6.941554 1.732231 130.6853 0 1 370 
573 3 1 1 734 6.31174 1.114104 126.7696 6.941379 1.743854 129.1139 0 2 -370 -393 
574 3 1 1 583 3.37183 4.484154 122.1936 4.371702 5.483956 123.8445 0 2 572 -574 
575 3 1 1 582 3.372271 4.484723 120.6324 4.368999 5.484054 122.8313 0 2 574 -575 
576 3 1 1 584 3.404102 4.484073 123.7283 4.504829 5.48407 125.4076 0 3 571 -572 -578 
577 3 1 1 579 3.238609 4.484073 123.8239 3.964056 5.48407 125.7623 0 2 577 578 
578 3 1 1 581 3.372271 4.484805 118.3071 4.367916 5.483897 121.1658 0 2 575 576 
580 3 1 1 580 3.239137 4.671399 125.5185 3.866825 5.29518 127.8134 0 2 -577 -579 
581 3 1 1 578 3.238697 4.671399 127.0561 3.868565 5.28877 129.2483 0 2 579 -580 
582 3 1 1 577 3.238635 4.682929 129.0272 3.868569 5.284709 130.6853 0 1 580 
583 3 1 1 638 3.874868 4.669255 126.8168 4.504709 5.29255 129.0854 0 2 494 -495 
584 3 1 1 637 3.87534 4.669912 125.2644 4.504709 5.297477 127.6287 0 2 495 -571 
585 3 1 1 597 3.371723 3.474074 122.7511 4.504829 4.474067 124.9271 0 4 546 -561 1475 1476 
587 3 1 1 600 3.375178 3.474071 121.1582 4.361301 4.473235 123.3307 0 3 -541 -543 -546 
589 3 1 1 591 3.383636 3.474071 116.3357 4.371719 4.470223 118.9504 0 3 556 -558 -560 
590 3 1 1 624 1.769057 4.48659 120.1817 2.768317 5.483008 122.8352 0 2 -509 -510 
591 3 1 1 623 1.769057 4.484084 117.5525 2.751718 5.474191 120.6805 0 2 509 -941 
592 3 1 1 621 1.768521 4.484074 121.8532 2.768285 5.483907 124.3357 0 3 510 511 -514 
593 3 1 1 622 1.872388 4.484074 123.3197 2.901554 5.48407 125.3385 0 3 -511 -513 -518 
594 3 1 1 619 1.635337 4.678882 123.5935 2.265294 5.439174 125.807 0 3 512 513 514 
595 3 1 1 620 1.636093 4.669492 125.7295 2.265248 5.298934 127.8012 0 2 -512 -515 
596 3 1 1 632 1.769377 3.474102 121.3396 2.768261 4.474049 123.314 0 2 -500 -506 
597 3 1 1 625 1.768447 3.474075 123.2738 2.768444 4.474066 124.8977 0 3 507 1471 1472 
599 3 1 1 627 1.637154 3.659968 124.8206 2.264531 4.281315 127.2037 0 2 504 -505 
601 3 1 1 636 2.279722 3.659719 126.1695 2.900693 4.286658 128.1773 0 2 -497 -503 
602 3 1 1 628 2.272614 3.666629 124.3357 2.901554 4.279259 126.2678 0 2 503 -507 
603 3 1 1 640 2.271711 3.671175 128.8822 2.901554 4.275328 130.6853 0 1 -496 
604 3 1 1 541 3.372546 1.939312 122.7452 4.371719 2.939025 124.3357 0 2 665 -683 
605 3 1 1 542 3.238641 1.939035 123.8208 4.504829 2.75055 128.5688 0 3 663 664 -665 
606 3 1 1 547 3.371719 0.9290337 123.3131 4.371719 1.929025 124.3357 0 4 656 -659 1483 1484 
607 3 1 1 546 3.371734 0.9290336 122.2168 4.371716 1.929027 123.8441 0 3 658 659 -661 
609 3 1 1 545 3.372191 0.9290336 119.6692 4.371486 1.928991 122.4318 0 2 660 661 
611 3 1 1 537 1.768898 1.939083 118.9412 2.768363 2.938909 121.7211 0 2 678 -716 
612 3 1 1 539 1.768717 1.939037 122.7375 2.768444 2.939025 124.3357 0 3 671 673 -676 
613 3 1 1 538 1.774885 1.939043 121.1301 2.767362 2.939012 123.5857 0 2 676 -678 
614 3 1 1 540 1.635365 1.939037 123.8115 2.271703 2.939025 130.6853 0 1 -673 
617 3 1 1 758 1.635335 0.9290362 123.4824 2.296571 1.929023 125.7835 0 3 342 343 -344 
618 3 1 1 766 1.768464 0.9290362 123.2996 2.901554 1.929023 125.805 0 3 -336 -337 -342 
619 3 1 1 757 1.636918 1.115251 125.2708 2.262784 1.74376 127.911 0 2 344 345 
620 3 1 1 765 2.272685 1.115268 125.2972 2.901447 1.735888 127.6618 0 2 335 336 
621 3 1 1 767 2.273777 1.115268 126.825 2.90091 1.735888 129.1353 0 2 334 -335 
622 3 1 1 772 7.411727 -1.929023 122.2366 8.41169 -0.9290668 123.8446 0 3 328 329 -330 
624 3 1 1 774 7.278611 -1.92902 123.7325 8.378806000000001 -0.9290403 125.3214 0 3 325 -326 -328 
625 3 1 1 771 7.411814 -1.928881 120.5404 8.411642000000001 -0.9291352 122.8524 0 2 330 -331 
626 3 1 1 770 7.412374 -1.92875 118.2238 8.410231 -0.9293374 121.2569 0 2 331 -333 
627 3 1 1 781 7.412001 -2.939023 122.7721 8.411719 -1.93904 124.3357 0 3 317 318 -319 
628 3 1 1 782 7.412001 -2.938987 121.5068 8.409959000000001 -1.949444 123.8033 0 3 316 -318 -320 
629 3 1 1 784 7.411728 -2.939023 123.8098 8.544829 -1.93904 130.6853 0 2 -317 -525 
630 3 1 1 823 5.675337 -1.929028 123.8255 6.773925 -1.11414 130.6853 0 1 246 
631 3 1 1 827 6.311597 -1.743224 124.3357 6.941554 -1.114225 126.3449 0 2 241 -245 
632 3 1 1 829 5.675356 -2.754009 123.652 6.330832 -1.939031 130.6853 0 2 239 240 
633 3 1 1 832 5.808744 -2.939028 122.6915 6.808444 -1.939031 124.3357 0 3 -236 -237 -239 
634 3 1 1 830 5.912388 -2.939028 124.0147 6.941554 -1.939031 130.6853 0 2 237 -240 
635 3 1 1 831 5.808744 -2.938919 121.1147 6.796358 -1.950129 123.2869 0 2 236 -244 
636 3 1 1 860 7.411991 -4.47396 121.7309 8.411334999999999 -3.474084 123.8197 0 2 -197 -198 
637 3 1 1 858 7.411723 -4.474063 123.2963 8.411719 -3.474078 124.3357 0 3 198 -199 259 
638 3 1 1 857 7.278623 -4.288785 124.0648 7.908569 -3.659111 130.6853 0 1 199 
639 3 1 1 889 7.411749 -5.484068 123.2683 8.411719 -4.484072 124.3357 0 4 165 166 -175 -1459 
641 3 1 1 873 7.278609 -5.297657 124.1529 7.908569 -4.678882 126.1557 0 3 181 182 1459 
642 3 1 1 874 7.286496 -5.298561 125.9419 7.906624 -4.671123 127.8376 0 2 180 -181 
643 3 1 1 876 7.278641 -5.285013 127.4183 7.908569 -4.677807 129.2954 0 2 -179 -180 
644 3 1 1 875 7.278633 -5.283916 129.0884 7.908569 -4.68255 130.6853 0 1 179 
645 3 1 1 883 5.81557 -4.472841 119.3848 6.808322 -3.484988 121.8217 0 2 170 -171 
646 3 1 1 882 5.815306 -4.473866 121.4481 6.808322 -3.47411 123.5896 0 2 171 -173 
647 3 1 1 881 5.675343 -4.47407 122.5684 6.808286 -3.47411 125.2972 0 3 172 173 174 
648 3 1 1 888 5.912388 -4.47407 123.82 6.941554 -3.474072 125.8015 0 2 -167 -174 
649 3 1 1 887 6.312021 -4.288561 125.2678 6.941552 -3.660811 127.5006 0 2 167 -168 
650 3 1 1 867 5.809289 -5.483012 120.9923 6.802722 -4.484213 122.8138 0 2 186 -192 
651 3 1 1 868 5.813412 -5.47824 118.2052 6.80373 -4.484095 121.399 0 2 185 -186 
652 3 1 1 865 5.808445 -5.483979 122.4771 6.808444 -4.484147 124.3357 0 3 190 191 192 
653 3 1 1 866 5.675335 -5.48407 123.6371 6.704499 -4.484071 125.3252 0 3 187 188 -190 
654 3 1 1 872 5.677396 -5.298014 124.8352 6.29996 -4.670142 127.4006 0 2 -184 -187 
655 3 1 1 877 6.311603 -5.2966 124.066 6.941554 -4.673914 126.2374 0 3 178 -188 -191 
656 3 1 1 878 6.311974 -5.298931 125.737 6.940437 -4.673914 127.7576 0 2 177 -178 
657 3 1 1 879 6.311635 -5.286893 128.9681 6.941554 -4.682061 130.6853 0 1 176 
658 3 1 1 969 3.371909 -1.928929 122.2715 4.371625 -0.929034 123.8477 0 2 62 63 
659 3 1 1 970 3.371874 -1.922292 120.4079 4.370468 -0.9296158 122.8513 0 2 -63 547 
660 3 1 1 971 3.238611 -1.929025 123.3111 4.371719 -0.9290351 124.7909 0 3 60 61 -62 
662 3 1 1 975 3.874876 -1.737035 124.3357 4.504829 -1.114988 126.2126 0 2 55 -61 
663 3 1 1 966 3.372347 -2.938982 121.5248 4.369072 -1.946438 123.3003 0 2 67 -68 
664 3 1 1 967 3.371728 -2.939026 122.7193 4.371719 -1.939078 124.3357 0 2 66 -67 
665 3 1 1 968 3.371728 -2.939026 123.8322 4.504829 -1.939035 127.512 0 3 64 65 -66 
666 3 1 1 1011 1.768508 -1.929024 122.7807 2.768444 -0.9290319 124.3357 0 3 10 -11 153 
667 3 1 1 1013 1.635337 -1.929024 123.3092 2.664499 -0.9290345 125.8543 0 3 8 -10 -545 
668 3 1 1 1010 1.768877 -1.928845 121.1453 2.768348 -0.9292232 123.328 0 2 11 -12 
669 3 1 1 1012 2.162064 -1.742938 124.0926 2.901554 -0.9290345 126.2397 0 3 9 -153 545 
670 3 1 1 1009 1.772667 -1.928699 118.8272 2.750063 -0.9297991 121.7735 0 2 12 13 
671 3 1 1 1017 2.272061 -1.74312 125.7873 2.90123 -1.114058 127.6068 0 2 -9 109 
672 3 1 1 1015 1.635544 -1.740613 128.7682 2.265294 -1.125433 130.6853 0 1 6 
673 3 1 1 1016 1.646993 -1.744007 127.181 2.265145 -1.115278 129.1732 0 2 -6 -7 
674 3 1 1 1014 1.63568 -1.744007 125.2105 2.265225 -1.115621 127.6094 0 2 7 -8 
675 3 1 1 1005 1.768453 -2.939025 122.7679 2.767259 -1.939369 124.3357 0 3 14 15 16 
676 3 1 1 1007 2.199542 -2.753663 123.8123 2.901554 -2.124086 130.6853 0 2 -16 655 
677 3 1 1 1008 1.63536 -2.939025 123.8447 2.664499 -1.939036 130.6853 0 2 -15 -655 
678 3 1 1 954 3.375796 -4.473865 119.7485 4.370674 -3.474074 122.2934 0 2 81 -563 
679 3 1 1 955 3.372141 -4.473889 121.6546 4.371456 -3.474072 123.8321 0 2 80 -81 
680 3 1 1 953 3.375135 -4.473865 116.8655 4.370966 -3.474167 120.4371 0 2 -94 563 
681 3 1 1 956 3.238623 -4.474068 123.3128 4.371719 -3.474074 126.4523 0 3 78 79 -80 
683 3 1 1 943 3.373141 -5.483424 118.8429 4.370543 -4.484504 121.5154 0 3 91 -93 -103 
685 3 1 1 933 3.372552 -5.483517 120.9477 4.370543 -4.485758 122.8155 0 3 102 103 104 
686 3 1 1 934 3.371723 -5.484057 122.7021 4.371719 -4.484073 124.3357 0 3 100 101 -102 
689 3 1 1 935 3.800371 -5.290932 123.8272 4.504829 -4.484073 126.2028 0 3 -100 1465 1466 
690 3 1 1 930 3.874874 -5.287361 128.5432 4.504829 -4.680411 130.6853 0 2 107 -108 
691 3 1 1 929 3.875175 -5.297551 127.0446 4.504821 -4.673432 128.9815 0 2 108 149 
692 3 1 1 995 1.799594 -4.474066 122.8504 2.901554 -3.474075 124.8621 0 3 26 27 36 
693 3 1 1 996 1.768959 -4.473709 121.6935 2.768278 -3.474125 124.0919 0 3 25 -26 -28 
694 3 1 1 999 1.635336 -4.474066 123.8225 2.271638 -3.666124 126.1877 0 3 22 -25 -27 
695 3 1 1 1000 1.647325 -4.288186 125.7126 2.265268 -3.661773 127.6299 0 2 -22 -24 
696 3 1 1 993 1.772354 -4.47406 119.723 2.76805 -3.474502 122.798 0 2 28 29 
697 3 1 1 997 1.63536 -4.288383 127.0874 2.265176 -3.65909 129.1031 0 2 23 24 
698 3 1 1 998 1.63536 -4.278935 128.7819 2.265294 -3.667314 130.6853 0 1 -23 
699 3 1 1 947 1.768458 -5.484062 122.152 2.768193 -4.484101 123.8214 0 3 85 86 -90 
700 3 1 1 945 1.635335 -5.484069 123.2613 2.736582 -4.484074 125.3601 0 3 88 89 90 
702 3 1 1 948 1.769994 -5.484062 120.9401 2.768193 -4.48418 123.2674 0 2 -86 -148 
703 3 1 1 903 1.773698 -5.48397 118.2039 2.767087 -4.484292 121.2023 0 2 147 148 
704 3 1 1 419 -2.768413 4.484079 122.3478 -1.768444 5.484039 124.0763 0 3 -860 991 992 
705 3 1 1 423 -2.901553 4.484074 123.3313 -1.872388 5.289259 125.2973 0 3 785 -990 -992 
706 3 1 1 420 -2.735396 4.526376 123.8322 -1.635333 5.484069 125.7024 0 3 724 990 -991 
707 3 1 1 428 -2.265207 4.669091 127.2713 -1.638459 5.294133 129.2725 0 2 -983 -984 
708 3 1 1 427 -2.265282 4.669601 128.8285 -1.635333 5.293961 130.6853 0 1 983 
709 3 1 1 426 -2.264099 4.66918 125.2242 -1.63551 5.295569 127.6843 0 2 -724 984 
710 3 1 1 436 -2.768308 3.474249 120.3448 -1.784971 4.471662 122.3758 0 2 959 -961 
711 3 1 1 435 -2.768177 3.474115 121.9404 -1.769297 4.47407 123.8711 0 2 961 -968 
713 3 1 1 433 -2.768439 3.474075 123.2749 -1.768444 4.474066 124.8178 0 4 966 967 968 1435 
714 3 1 1 434 -2.265253 3.666907 124.3357 -1.635333 4.279259 126.6381 0 2 964 -967 
715 3 1 1 437 -2.265247 3.661217 128.8464 -1.635333 4.283427 130.6853 0 1 956 
716 3 1 1 438 -2.262581 3.661217 126.6772 -1.635596 4.288975 129.2704 0 2 954 -956 
717 3 1 1 393 -4.371538 4.484182 121.6525 -3.371816 5.483889 123.839 0 2 1051 1054 
718 3 1 1 394 -4.371538 4.484073 123.3086 -3.371719 5.48407 124.3357 0 3 1005 1050 -1051 
719 3 1 1 445 -3.86856 4.670279 124.3357 -3.238608 5.2953 126.2643 0 2 946 -1050 
720 3 1 1 396 -4.370416 4.485367 119.6248 -3.372876 5.48258 122.8037 0 2 -1049 -1054 
721 3 1 1 395 -4.370042 4.484769 116.6484 -3.372126 5.479709 119.828 0 2 1049 -1058 
722 3 1 1 400 -4.504826 4.66917 123.826 -3.874868 5.292832 126.3012 0 2 -1005 -1038 
723 3 1 1 399 -4.504612 4.66917 125.7789 -3.874876 5.299015 127.7532 0 2 1038 -1042 
724 3 1 1 398 -4.504263 4.67037 127.3586 -3.874876 5.298399 129.0968 0 2 1042 -1044 
725 3 1 1 397 -4.504722 4.674481 128.7799 -3.874868 5.286194 130.6853 0 1 1044 
726 3 1 1 447 -3.868549 4.682708 128.9907 -3.238608 5.286249 130.6853 0 1 944 
727 3 1 1 448 -3.868276 4.672516 126.7573 -3.23876 5.299023 129.2116 0 2 -692 -944 
729 3 1 1 388 -4.371712 3.474114 121.0021 -3.371927 4.474045 123.7186 0 2 -1067 -1071 
730 3 1 1 386 -4.371715 3.474074 122.7344 -3.371719 4.474068 124.3357 0 3 1071 1072 -1073 
731 3 1 1 385 -4.267774 3.659336 123.8287 -3.238608 4.474068 130.6853 0 1 1073 
732 3 1 1 501 -2.768437 1.93903 118.0912 -1.768769 2.93807 121.3303 0 2 815 -818 
733 3 1 1 499 -2.768437 1.939031 120.4461 -1.769522 2.938196 122.8486 0 2 714 818 
734 3 1 1 500 -2.767729 1.939255 122.2391 -1.768673 2.939006 123.8678 0 2 -714 -819 
735 3 1 1 497 -2.265179 2.124053 123.8321 -1.635333 2.753739 130.6853 0 1 820 
736 3 1 1 498 -2.90152 1.939036 123.3232 -1.768673 2.939025 126.4523 0 3 819 -820 1412 
737 3 1 1 492 -2.768119 0.9291007999999999 121.005 -1.768481 1.929014 123.29 0 2 -748 -832 
738 3 1 1 489 -2.768435 0.9290344 122.2635 -1.768458 1.929014 124.3357 0 2 744 748 
739 3 1 1 490 -2.735174 0.9290344 123.7044 -1.635333 1.929024 125.3152 0 3 -744 834 -838 
740 3 1 1 494 -2.901552 1.115224 123.8161 -2.271593 1.734219 126.3 0 2 -825 -834 
741 3 1 1 488 -2.264695 1.1155 125.0879 -1.635877 1.732697 127.2515 0 2 838 -843 
742 3 1 1 486 -2.265273 1.115987 127.5817 -1.637301 1.743955 129.2582 0 2 -740 844 
743 3 1 1 485 -2.265288 1.117641 128.8591 -1.635333 1.742983 130.6853 0 1 740 
744 3 1 1 495 -2.89971 1.120498 127.4002 -2.271881 1.743634 129.1242 0 2 681 -824 
745 3 1 1 496 -2.901408 1.125239 128.8308 -2.271593 1.736503 130.6853 0 1 -681 
746 3 1 1 458 -4.504799 1.939036 123.2931 -3.402364 2.939025 126.4523 0 3 888 917 -922 
747 3 1 1 457 -4.37146 1.939401 122.1627 -3.372627 2.939024 123.8647 0 2 922 924 
748 3 1 1 461 -3.868464 1.977424 123.8103 -3.238608 2.753655 130.6853 0 1 -888 
749 3 1 1 463 -4.371718 0.9290351999999999 123.2971 -3.371762 1.929024 124.3357 0 3 909 911 -912 
750 3 1 1 462 -3.874026 0.9290351999999999 123.8211 -3.238608 1.888281 130.6853 0 1 912 
751 3 1 1 464 -4.371679 0.9290484 121.7335 -3.371762 1.92896 123.8311 0 2 -793 -911 
752 3 1 1 454 -4.371325 0.9292363 119.9218 -3.371959 1.928938 122.3627 0 2 697 793 
753 3 1 1 476 -4.504585 1.115433 125.2969 -3.877055 1.73707 127.8451 0 2 864 -867 
754 3 1 1 373 -6.8084 4.484071 122.8656 -5.808444 5.48407 124.3357 0 3 -976 1090 -1104 
755 3 1 1 369 -6.941552 4.484071 123.8299 -6.243666 5.48407 125.7422 0 2 976 1082 
757 3 1 1 367 -6.305048 4.670322 124.8448 -5.676039 5.29663 127.4001 0 2 -1099 -1105 
758 3 1 1 374 -6.8084 4.484087 121.5811 -5.808447 5.484032 123.3476 0 2 963 -1090 
759 3 1 1 370 -6.939919 4.672278 125.2874 -6.312873 5.293702 127.4362 0 2 813 -1082 
760 3 1 1 371 -6.941506 4.672278 127.0395 -6.311632 5.288928 129.0542 0 2 771 -813 
761 3 1 1 372 -6.941532 4.682833 128.8378 -6.311593 5.284797 130.6853 0 1 -771 
762 3 1 1 344 -6.807498 3.474408 120.3849 -5.812583 4.473334 122.8253 0 2 -1081 -1139 
763 3 1 1 342 -6.808374 3.47407 122.2928 -5.808537 4.474059 124.0685 0 3 -727 1081 -1141 
764 3 1 1 341 -6.510298 3.659401 123.8065 -5.675333 4.47407 130.6853 0 2 -1011 1141 
765 3 1 1 338 -6.941541 3.474072 123.8065 -5.841372 4.47407 125.399 0 3 727 1011 -1097 
766 3 1 1 358 -8.411705 4.484074 122.2656 -7.411721 5.484053 123.8489 0 2 1114 -1119 
767 3 1 1 357 -8.411718 4.484077 123.3194 -7.411719 5.484068 124.3357 0 3 1118 1119 -1443 
768 3 1 1 364 -7.908053 4.669214 125.2325 -7.278624 5.293093 127.4139 0 2 -1045 -1103 
769 3 1 1 359 -8.410983 4.484319 120.681 -7.412816 5.483037 122.8428 0 2 1113 -1114 
770 3 1 1 362 -7.908557 4.684324 127.1165 -7.278611 5.288254 129.1888 0 2 -861 1045 
771 3 1 1 361 -7.908563 4.683715 128.7478 -7.278608 5.285313 130.6853 0 1 861 
772 3 1 1 383 -8.410734 3.474079 120.2692 -7.412531 4.472977 122.7633 0 2 -1076 1168 
773 3 1 1 382 -8.411509000000001 3.474101 121.8118 -7.411745 4.474046 123.832 0 2 1076 -1080 
774 3 1 1 381 -8.411714999999999 3.474078 123.276 -7.278608 4.474063 124.6576 0 3 -1016 1080 -1083 
775 3 1 1 380 -7.908527 3.659369 124.3357 -7.278608 4.289036 130.6853 0 1 1016 
776 3 1 1 377 -8.543415 3.660347 125.268 -7.919345 4.282187 127.2203 0 2 1487 1488 
778 3 1 1 379 -8.544784 3.659204 127.2203 -7.914897 4.289047 129.3709 0 2 -1084 -1087 
779 3 1 1 298 -6.941521 1.939031 122.6991 -5.808952 2.939028 125.2968 0 3 679 -971 1225 
780 3 1 1 300 -6.807132 1.939203 120.9974 -5.82775 2.938907 123.375 0 2 -1060 -1225 
781 3 1 1 299 -6.808443 1.956881 119.0655 -5.809817 2.938664 121.6408 0 2 1060 -1107 
782 3 1 1 297 -6.307248 1.939031 123.2586 -5.675333 2.896549 130.6853 0 1 971 
784 3 1 1 304 -6.808443 0.9290308 122.8091 -5.808444 1.929001 124.3357 0 4 -672 -685 1218 -1395 
785 3 1 1 301 -6.32573 1.114356 124.0671 -5.675333 1.743915 130.6853 0 2 1224 1395 
786 3 1 1 319 -6.940525 1.115552 124.852 -6.313089 1.737312 127.3391 0 2 1193 -1194 
787 3 1 1 318 -6.941488 1.115399 126.7856 -6.311662 1.736362 129.0263 0 2 -1027 1194 
788 3 1 1 265 -8.411709 1.93904 122.8306 -7.411719 2.93903 124.3357 0 4 742 994 1489 1490 
789 3 1 1 272 -8.544797000000001 1.93904 123.8433 -7.908466 2.753967 130.6853 0 1 -742 
790 3 1 1 258 -8.411718 0.9290406 122.742 -7.411917 1.92902 124.3357 0 4 -830 945 977 -1094 
792 3 1 1 260 -8.409606 0.9303851 121.0615 -7.411917 1.927291 123.3115 0 2 -868 -945 
794 3 1 1 263 -8.10924 0.9290406 123.2955 -7.278608 1.889194 125.7922 0 3 975 -977 -1293 
795 3 1 1 264 -7.907219 1.114179 125.2988 -7.278626 1.734031 127.5758 0 2 -926 -975 
796 3 1 1 262 -7.907845 1.11406 127.1466 -7.279653 1.73287 129.1332 0 2 -707 926 
797 3 1 1 140 -2.664499 -1.929024 123.842 -1.635333 -1.11799 126.1597 0 3 1197 -1232 -1271 
798 3 1 1 143 -2.901551 -1.88762 123.3455 -1.800585 -0.929036 125.3196 0 3 -1022 -1197 1380 
799 3 1 1 137 -2.76833 -1.928984 122.2934 -1.76858 -0.9290299 124.0385 0 3 1022 1233 1271 
800 3 1 1 139 -2.26334 -1.744009 125.7476 -1.635829 -1.114802 128.3221 0 2 1232 -1442 
801 3 1 1 138 -2.768247 -1.919188 120.4281 -1.769379 -0.9290333 122.8257 0 2 -1233 1355 
802 3 1 1 133 -2.768433 -2.939025 123.2821 -1.768444 -1.939036 124.3357 0 3 1040 1147 1286 
803 3 1 1 135 -2.265886 -2.753748 124.1545 -1.635333 -1.939036 130.6853 0 1 -1040 
804 3 1 1 161 -4.371718 -1.929025 122.7916 -3.371781 -0.9290305 124.3357 0 2 781 1137 
805 3 1 1 162 -4.504825 -1.929025 123.7206 -3.371719 -0.9290338 125.3556 0 3 939 -1137 1357 
806 3 1 1 164 -4.37168 -1.928878 121.1362 -3.372903 -0.9290305 123.3212 0 2 -781 -887 
808 3 1 1 163 -4.369395 -1.927751 119.159 -3.371896 -0.9303165 121.82 0 2 887 1263 
809 3 1 1 232 -2.735985 -4.47407 117.5925 -1.769645 -3.474438 121.2296 0 2 1325 -1326 
810 3 1 1 231 -2.764141 -4.473375 120.435 -1.769645 -3.474071 122.8198 0 2 -1282 1326 
811 3 1 1 230 -2.767972 -4.473869 122.253 -1.768695 -3.474073 123.8502 0 3 -1153 1282 -1328 
812 3 1 1 229 -2.731208 -4.474067 123.8051 -1.635333 -3.474075 125.2733 0 3 1009 -1324 1328 
813 3 1 1 227 -2.901539 -4.282781 123.8051 -2.180983 -3.517542 125.7801 0 3 1024 1153 1324 
814 3 1 1 228 -2.899478 -4.286838 125.5285 -2.272583 -3.661856 127.6511 0 2 -755 -1024 
815 3 1 1 225 -2.898272 -4.278847 127.3559 -2.272413 -3.659097 129.1825 0 2 755 1190 
816 3 1 1 226 -2.901537 -4.276358 128.8957 -2.271593 -3.672351 130.6853 0 1 -1190 
817 3 1 1 249 -2.766245 -5.477728 118.2229 -1.779922 -4.485864 121.0355 0 2 904 1309 
818 3 1 1 252 -2.768443 -5.483914 121.6144 -1.768932 -4.484152 124.0061 0 2 -925 -934 
819 3 1 1 250 -2.768412 -5.483805 120.3173 -1.76883 -4.491054 122.9768 0 2 925 -1309 
820 3 1 1 251 -2.768443 -5.48407 123.2636 -1.768444 -4.484074 124.3357 0 3 934 -1121 -1449 
821 3 1 1 244 -2.265282 -5.290287 124.3357 -1.635333 -4.678882 126.2186 0 2 -1292 1449 
822 3 1 1 254 -2.900055 -5.291767 125.6698 -2.272115 -4.670374 127.622 0 2 921 -1300 
824 3 1 1 256 -2.901531 -5.288688 127.3667 -2.271598 -4.682979 129.2717 0 2 -921 -1297 
827 3 1 1 255 -2.901552 -5.283881 129.0554 -2.271593 -4.682905 130.6853 0 1 1297 
828 3 1 1 209 -4.371177 -4.473918 122.1461 -3.371929 -3.47411 123.8486 0 2 688 1339 
829 3 1 1 211 -4.371716 -4.474067 123.3048 -3.238608 -3.474074 124.6934 0 3 -1339 1497 1498 
831 3 1 1 220 -4.371486 -5.484016 119.6522 -3.374368 -4.488302 122.5578 0 2 -907 -929 
832 3 1 1 218 -4.371717 -5.484047 121.4341 -3.372093 -4.48421 123.576 0 2 929 -1002 
833 3 1 1 217 -4.371718 -5.48407 123.0585 -3.372093 -4.484073 124.3357 0 3 1002 1018 1151 
834 3 1 1 221 -3.872523 -5.48407 123.8161 -3.238608 -4.678882 125.8622 0 2 981 -1151 
835 3 1 1 224 -3.868561 -5.298143 126.9926 -3.238625 -4.677236 129.2034 0 2 -878 -1335 
836 3 1 1 222 -3.867431 -5.298732 125.5612 -3.240549 -4.67369 127.5404 0 2 -981 1335 
837 3 1 1 245 -4.504366 -5.297554 127.1008 -3.8756 -4.670175 129.2082 0 2 1059 1313 
838 3 1 1 247 -4.503314 -5.297718 125.2712 -3.878367 -4.671268 127.3306 0 2 1175 -1313 
839 3 1 1 223 -3.868541 -5.285072 128.9789 -3.238608 -4.683049 130.6853 0 1 878 
840 3 1 1 25 -6.808443 -1.929028 123.3163 -5.675333 -0.9290315 124.6947 0 3 1348 1372 1405 
842 3 1 1 30 -6.941551 -1.736076 124.3357 -6.311593 -1.123841 126.3083 0 2 -1348 -1422 
843 3 1 1 29 -6.941545 -1.743257 126.2357 -6.311785 -1.117611 128.4627 0 2 1289 1422 
844 3 1 1 19 -6.808298 -2.93898 119.0806 -5.833404 -1.939085 122.4467 0 3 891 -957 1366 
846 3 1 1 17 -6.807618 -2.939028 122.1198 -5.809389 -1.939107 123.8565 0 3 783 957 1299 
848 3 1 1 18 -6.808434 -2.939028 123.2549 -5.808444 -1.939032 124.3357 0 3 -783 1198 1461 
849 3 1 1 48 -8.409037 -1.928834 120.0108 -7.412538 -0.9292953 122.8066 0 2 -1092 -1276 
850 3 1 1 46 -8.379158 -1.92903 123.3213 -7.278608 -0.9290382 124.8682 0 3 829 -1061 -1436 
851 3 1 1 64 -7.908113 -1.743102 127.1428 -7.280221 -1.115541 129.1469 0 2 -1202 -1451 
852 3 1 1 45 -7.908568 -1.742927 124.3357 -7.278733 -1.114064 126.7089 0 2 1414 1436 
853 3 1 1 47 -8.411633999999999 -1.92903 121.8822 -7.411753 -0.9290527 123.8547 0 2 -829 1092 
854 3 1 1 42 -8.544824999999999 -1.92902 123.8381 -7.90856 -0.9290382 125.7906 0 2 1061 -1131 
855 3 1 1 41 -8.535613 -1.743058 125.5398 -7.917692 -1.114732 127.6555 0 2 995 1131 
856 3 1 1 43 -8.544241 -1.743996 127.1416 -7.915011 -1.114732 129.1214 0 2 -995 1304 
857 3 1 1 63 -7.908559 -1.735452 128.8594 -7.278608 -1.126679 130.6853 0 1 1451 
858 3 1 1 36 -8.307774 -2.939022 123.8073 -7.278608 -1.939039 130.6853 0 2 -1421 -1430 
859 3 1 1 35 -8.544803 -2.894877 123.8103 -7.914868 -2.124348 130.6853 0 2 -1383 1430 
860 3 1 1 96 -6.807344 -4.461174 121.5469 -5.808634 -3.474211 123.8183 0 3 -1156 -1312 -1445 
861 3 1 1 93 -6.808439 -4.47407 122.8227 -5.808444 -3.474072 124.3357 0 4 -876 1156 1499 1500 
863 3 1 1 92 -6.94154 -4.282585 123.8183 -6.307243 -3.474072 125.989 0 3 876 -1091 1223 
864 3 1 1 91 -6.939807 -4.286019 125.734 -6.312686 -3.663126 127.7706 0 2 1091 -1417 
865 3 1 1 78 -6.305112 -5.298921 128.7578 -5.675333 -4.671868 130.6853 0 1 -1370 
866 3 1 1 79 -6.939345 -5.295498 125.7017 -6.312799 -4.66909 127.6411 0 2 1093 -1400 
867 3 1 1 67 -6.940748 -5.289418 127.2576 -6.311823 -4.669761 129.2097 0 2 1363 1400 
868 3 1 1 84 -8.411255000000001 -4.474062 122.7643 -7.412021 -3.474078 124.3357 0 3 826 -1095 -1338 
869 3 1 1 83 -8.028179 -4.474062 123.7137 -7.278608 -3.659366 130.6853 0 1 1095 
871 3 1 1 82 -8.407279000000001 -4.472961 118.8425 -7.411775 -3.484767 122.144 0 2 -1053 1318 
872 3 1 1 81 -8.406411 -4.472526 121.6491 -7.412021 -3.47409 123.3063 0 2 1053 1338 
873 3 1 1 127 -8.542386 -5.29829 125.253 -7.919329 -4.678646 127.1949 0 2 1079 -1427 
874 3 1 1 126 -8.544767 -5.299049 127.4646 -7.914895 -4.6692 129.1248 0 2 1227 -1280 
875 3 1 1 125 -8.544827 -5.291213 128.808 -7.914868 -4.679135 130.6853 0 1 1280 
876 3 1 1 120 -7.908561 -5.28544 127.1192 -7.278615 -4.682894 129.1861 0 2 -866 -1387 
877 3 1 1 118 -7.907094 -5.298388 125.7145 -7.278703 -4.678358 127.416 0 2 866 -1226 
878 3 1 1 660 6.311675 3.671568 128.8512 6.941554 4.276643 130.6853 0 1 -463 
879 3 1 1 737 7.280755 1.120412 127.1804 7.908001 1.743743 129.1197 0 2 367 368 
880 3 1 1 738 7.278755 1.124881 128.823 7.908569 1.736791 130.6853 0 1 -367 
881 3 1 1 617 1.635482 4.673052 128.6823 2.265294 5.286875 130.6853 0 1 516 
882 3 1 1 618 1.639458 4.672298 127.5216 2.264532 5.298934 129.1214 0 2 515 -516 
883 3 1 1 1001 2.271594 -4.287027 125.7144 2.901071 -3.659135 127.7007 0 2 20 21 
884 3 1 1 1004 2.271594 -4.281634 127.2746 2.897352 -3.659136 129.1565 0 2 -17 -21 
885 3 1 1 1003 2.271621 -4.281634 128.8665 2.901554 -3.669873 130.6853 0 1 17 
886 3 1 1 960 1.635334 -5.298347 126.5868 2.259345 -4.674556 128.4186 0 2 -76 -87 
887 3 1 1 946 1.636668 -5.297764 124.7868 2.26508 -4.671281 127.0096 0 2 87 -88 
888 3 1 1 959 1.639934 -5.298347 128.0687 2.262321 -4.674556 129.8734 0 2 76 -77 
890 3 1 1 443 -2.901357 3.660279 127.5258 -2.272083 4.284331 129.159 0 2 947 -949 
892 3 1 1 444 -2.901376 3.671837 128.8706 -2.271593 4.277464 130.6853 0 1 -947 
893 3 1 1 354 -8.543993 4.669747 127.0446 -7.91548 5.297882 128.9585 0 3 1122 1123 -1125 
894 3 1 1 356 -8.544693000000001 4.674541 128.797 -7.914868 5.285651 130.6853 0 2 -684 -1122 
896 3 1 1 353 -8.542336000000001 4.669254 125.7415 -7.91493 5.297001 127.6599 0 2 1124 1125 
897 3 1 1 189 -4.504824 -1.736501 128.7603 -3.874868 -1.124495 130.6853 0 1 670 
898 3 1 1 190 -4.504824 -1.742075 127.2231 -3.874921 -1.114453 129.0343 0 2 -670 846 
900 3 1 1 616 2.272317 4.669232 125.2312 2.901539 5.293039 127.2336 0 2 -517 -519 
901 3 1 1 613 2.271595 4.684253 127.6047 2.901554 5.286122 129.8431 0 2 1473 1474 
902 3 1 1 768 2.271613 1.126618 128.844 2.901554 1.730713 130.6853 0 1 -334 
903 3 1 1 909 1.810227 -5.717339 94.84631 4.329892 -3.223253 99.86069999999999 0 2 137 138 
904 3 1 1 102 -8.705253000000001 -5.253789 106.9797 -7.121003 -3.687931 110.1704 0 2 -842 1437 
906 3 1 1 700 6.311701 4.677898 127.9435 6.941524 5.293334 129.8618 0 2 -416 -419 
907 3 1 1 590 3.387261 3.68537 114.7346 4.665419 5.484067 117.0744 0 4 557 558 -559 -566 
908 3 1 1 410 -4.665076 3.687888 110.2775 -3.09172 5.269478 113.2426 0 2 1010 -1014 
909 3 1 1 389 -4.665417 3.68537 113.9399 -3.078018 5.272715 116.3357 0 3 680 982 1184 
910 3 1 1 390 -4.665403 3.914869 114.7981 -3.078018 5.484068 117.0876 0 2 -982 1058 
911 3 1 1 391 -4.362903 3.474071 116.3357 -3.371719 4.470428 119.1804 0 2 1056 -1184 
912 3 1 1 287 -8.704504999999999 1.147533 108.7122 -7.119179 2.71106 112.4114 0 2 -1159 1244 
913 3 1 1 694 7.278608 4.683136 128.827 7.908569 5.283796 130.6853 0 1 -423 
914 3 1 1 693 7.278608 4.682369 127.2345 7.908564 5.298944 129.4632 0 2 422 423 
915 3 1 1 696 7.278638 4.673719 125.2499 7.908457 5.298944 127.7354 0 2 -421 -422 
916 3 1 1 688 7.91824 3.660764 125.9809 8.535743 4.288964 128.5653 0 2 430 -431 
917 3 1 1 703 7.914933 3.661229 128.1777 8.544822 4.282226 130.0438 0 2 412 -430 
919 3 1 1 776 7.278693 -1.734636 128.808 7.908569 -1.12623 130.6853 0 1 -324 
920 3 1 1 775 7.278668 -1.742922 127.2421 7.908001 -1.118246 129.1234 0 2 324 -327 
921 3 1 1 886 6.314926 -4.286657 127.1185 6.941552 -3.662234 129.1022 0 2 168 -189 
922 3 1 1 885 6.311853 -4.278486 128.7782 6.941554 -3.667116 130.6853 0 1 189 
923 3 1 1 861 7.916417 -4.289048 126.0196 8.543067000000001 -3.65968 128.2711 0 2 194 195 
924 3 1 1 863 7.914869 -4.28871 127.7926 8.544759000000001 -3.6599 129.8067 0 2 193 -194 
925 3 1 1 893 7.916005 -5.29874 127.193 8.54482 -4.678183 129.1622 0 2 161 162 
926 3 1 1 894 7.91487 -5.288 128.9203 8.544829 -4.681959 130.6853 0 1 -161 
927 3 1 1 813 6.311646 -1.730882 128.8331 6.941554 -1.127118 130.6853 0 1 258 
928 3 1 1 1018 2.272053 -1.741134 127.3674 2.899913 -1.115571 129.3577 0 2 5 -109 
929 3 1 1 1019 2.271603 -1.735443 128.861 2.901554 -1.126631 130.6853 0 1 -5 
930 3 1 1 421 -2.901293 4.669453 126.7698 -2.271637 5.298587 129.0304 0 2 775 989 
931 3 1 1 422 -2.901545 4.683026 128.8078 -2.271593 5.284813 130.6853 0 1 -775 
932 3 1 1 424 -2.900518 4.669453 125.0666 -2.273244 5.298587 127.2451 0 2 -785 -989 
933 3 1 1 942 3.238644 -5.28644 128.9833 3.868569 -4.682987 130.6853 0 1 -92 
934 3 1 1 931 3.240113 -5.294536 125.7225 3.865909 -4.669183 127.716 0 2 106 460 
935 3 1 1 759 1.635335 1.11979 128.8125 2.265294 1.731672 130.6853 0 1 341 
936 3 1 1 951 2.271611 -5.285506 127.1252 2.901549 -4.683217 129.1919 0 2 82 -83 
937 3 1 1 952 2.27162 -5.285492 128.9654 2.901554 -4.683384 130.6853 0 1 -82 
938 3 1 1 366 -6.305269 4.670347 126.6701 -5.675454 5.298117 129.1151 0 2 1099 -1100 
939 3 1 1 365 -6.305292 4.670347 128.7662 -5.675333 5.298117 130.6853 0 1 1100 
940 3 1 1 339 -6.941337 3.670992 128.7973 -6.311593 4.277783 130.6853 0 1 1041 
941 3 1 1 340 -6.938821 3.663213 127.16 -6.311648 4.282177 129.1003 0 2 -1041 -1148 
942 3 1 1 337 -6.940573 3.660534 125.2857 -6.314248 4.283553 127.5414 0 2 1097 1148 
943 3 1 1 269 -8.544339000000001 1.114345 127.1128 -7.91487 1.743287 129.063 0 2 777 1277 
944 3 1 1 270 -8.544821000000001 1.12373 128.723 -7.914868 1.735297 130.6853 0 1 -1277 
945 3 1 1 241 -2.265289 -5.298403 127.5485 -1.635861 -4.670479 129.4588 0 2 1314 1359 
946 3 1 1 243 -2.265293 -5.29771 125.7506 -1.636413 -4.674944 128.166 0 2 1292 -1359 
947 3 1 1 233 -2.265281 -4.286477 128.8132 -1.635333 -3.663532 130.6853 0 1 1047 
948 3 1 1 235 -2.264095 -4.287569 124.798 -1.635368 -3.659776 127.4208 0 2 -1009 -1174 
949 3 1 1 234 -2.264805 -4.288988 126.8971 -1.636886 -3.660293 129.2522 0 2 -1047 1174 
950 3 1 1 85 -8.544795000000001 -4.276663 128.7748 -7.914868 -3.665523 130.6853 0 1 753 
951 3 1 1 86 -8.544828000000001 -4.286697 127.4368 -7.915711 -3.659534 129.0964 0 2 -753 1315 
952 3 1 1 701 7.915024 4.679155 128.7904 8.544829 5.2977 130.6853 0 1 414 
954 3 1 1 634 1.635437 3.667754 128.9146 2.265294 4.281825 130.6853 0 1 -498 
955 3 1 1 633 1.635448 3.659427 127.5486 2.265249 4.285199 129.3121 0 2 498 499 
956 3 1 1 550 3.87492 1.118142 128.6752 4.504829 1.74167 130.6853 0 1 -654 
957 3 1 1 549 3.874967 1.114116 126.9631 4.50229 1.74167 128.9803 0 2 652 654 
958 3 1 1 992 3.874871 -1.740894 128.8357 4.504829 -1.117945 130.6853 0 1 -30 
959 3 1 1 991 3.875174 -1.740894 127.2346 4.504581 -1.117945 129.1071 0 3 30 -58 -1398 
960 3 1 1 777 7.914873 -1.74046 128.8103 8.544829 -1.119402 130.6853 0 1 323 
961 3 1 1 778 7.915046 -1.742021 127.1092 8.544313000000001 -1.117809 129.1261 0 2 322 -323 
962 3 1 1 870 5.675336 -5.298944 128.5887 6.305294 -4.677901 130.6853 0 1 -183 
963 3 1 1 869 5.675336 -5.29902 127.0784 6.305217 -4.669334 129.3742 0 2 183 184 
964 3 1 1 132 -2.265286 -1.741612 128.7818 -1.635333 -1.118797 130.6853 0 1 -1152 
965 3 1 1 142 -2.901489 -1.743022 127.1116 -2.272099 -1.118081 129.1311 0 2 -1259 1413 
966 3 1 1 141 -2.901471 -1.735096 128.8151 -2.271593 -1.12606 130.6853 0 1 1259 
967 3 1 1 90 -6.938275 -4.281178 127.5156 -6.311624 -3.663126 129.1851 0 2 -1342 1417 
968 3 1 1 89 -6.941353 -4.277835 128.8969 -6.311593 -3.67017 130.6853 0 1 1342 
969 3 1 1 316 -8.263494 0.07214103000000005 63.17379 -1.915429 6.381217 70.58002 0 4 -1078 1195 -1200 -1201 
970 3 1 1 687 7.914915 3.665827 124.3357 8.544829 4.287028 126.2908 0 2 431 -439 
971 3 1 1 848 5.884896 -5.738907 91.98423 9.110080999999999 -3.187338 96.30753 0 3 -208 -210 -220 
972 3 1 1 834 5.853055 -5.716728 97.52970999999999 8.369706000000001 -3.247017 102.1529 0 2 231 -234 
973 3 1 1 412 -4.310278 3.241103 93.55714999999999 -1.819707 5.738977 98.77323 0 3 -1006 -1020 1450 
974 3 1 1 479 -4.504737 1.125851 128.7264 -3.874868 1.734363 130.6853 0 1 858 
975 3 1 1 331 -8.369358 3.221997 94.35005 -5.860011 5.732982 99.84090999999999 0 2 974 -1185 
976 3 1 1 207 -4.290836 -5.738911 93.55714999999999 -1.81016 -3.242485 98.01402 0 2 -872 -1231 
977 3 1 1 31 -6.940835 -1.740757 127.9328 -6.311785 -1.122024 130.2417 0 2 -1289 1441 
979 3 1 1 111 -8.705418999999999 -5.272768 110.9983 -7.118032 -3.685412 114.0753 0 2 782 913 
981 3 1 1 754 7.415905 1.943932 120.9089 8.410741 2.938964 123.3698 0 4 -348 -352 -353 -355 
982 3 1 1 532 3.078083 1.14146 111.4299 4.665377 2.727568 115.2131 0 3 -691 -700 -705 
983 3 1 1 895 7.914889 -5.291106 125.2719 8.54482 -4.678183 127.5604 0 2 160 -162 
985 3 1 1 862 7.91491 -4.28181 124.3357 8.544829 -3.65968 126.4732 0 2 -195 -259 
986 3 1 1 871 5.817207 -5.484066 116.3357 6.808444 -4.487481 118.9449 0 2 -185 -215 
990 3 1 1 904 1.773698 -5.484069 116.3357 2.768444 -4.487797 118.9649 0 2 -147 -151 
991 3 1 1 994 1.768688 -4.470477 116.9296 2.766895 -3.478411 120.4648 0 2 -29 -150 
992 3 1 1 439 -2.756447 3.482757 116.6327 -1.772982 4.473755 119.2914 0 2 -972 1013 
993 3 1 1 425 -2.761763 4.484338 116.3357 -1.768444 5.48407 119.1166 0 2 1140 -1275 
994 3 1 1 493 -2.894163 1.114759 126.2668 -2.27208 1.742241 127.6129 0 2 824 825 
995 3 1 1 459 -4.371113 1.939303 120.1824 -3.371733 2.939024 122.5597 0 2 689 -924 
996 3 1 1 167 -4.360982 -1.925821 116.3357 -3.371719 -0.92903 119.159 0 2 970 -1055 
997 3 1 1 144 -2.901415 -1.737152 125.0834 -2.271678 -1.124139 127.3195 0 2 -1380 -1413 
998 3 1 1 238 -3.061152 -5.258995 111.5856 -1.480916 -3.686597 114.1778 0 2 -852 -1126 
999 3 1 1 95 -6.794713 -4.473982 119.6074 -5.808951 -3.474114 122.2598 0 2 1312 -1353 
1000 3 1 1 123 -8.405256 -4.471072 116.3357 -7.411719 -3.484597 119.6074 0 2 1065 -1318 
1001 3 1 1 119 -7.908539 -5.28544 128.9627 -7.278608 -4.683273 130.6853 0 1 1387 
1002 3 1 1 718 6.311601 1.120841 124.3357 6.941554 1.735093 126.2887 0 2 -392 -397 
1003 3 1 1 639 3.874995 4.680371 128.7713 4.504829 5.29255 130.6853 0 1 -494 
1004 3 1 1 779 7.917897 -1.741874 125.2231 8.544826 -1.116437 127.6614 0 2 321 -322 
1005 3 1 1 773 7.278668 -1.73711 125.0849 7.908477 -1.124059 127.5393 0 2 326 327 
1006 3 1 1 783 7.278639 -2.753945 124.3357 7.908569 -2.124421 130.6853 0 1 525 
1007 3 1 1 949 2.273232 -5.297631 124.8129 2.900264 -4.678524 126.6955 0 2 1463 1464 
1008 3 1 1 417 -2.766978 4.484266 118.7311 -1.768464 5.483624 121.8167 0 2 998 1275 
1009 3 1 1 418 -2.767228 4.484226 121.0624 -1.770771 5.483495 122.8881 0 2 860 -998 
1010 3 1 1 441 -2.900487 3.660731 125.2397 -2.271616 4.284892 127.3993 0 2 1493 1494 
1011 3 1 1 387 -4.371029 3.474146 118.9213 -3.374095 4.473661 122.2244 0 2 1067 1068 
1013 3 1 1 491 -2.767323 0.9290793000000001 119.1439 -1.770564 1.928125 121.6808 0 2 832 -850 
1014 3 1 1 317 -6.941553 1.129076 128.5407 -6.311593 1.72995 130.6853 0 1 1027 
1015 3 1 1 261 -7.908565 1.12663 128.8455 -7.278608 1.731726 130.6853 0 1 707 
1016 3 1 1 158 -2.767306 -1.922827 117.5702 -1.789102 -0.9301803 120.5958 0 2 -674 -1355 
1017 3 1 1 136 -2.901522 -2.75395 124.3357 -2.271593 -2.124404 130.6853 0 1 -1286 
1018 3 1 1 246 -4.504826 -5.293304 128.7945 -3.874868 -4.682731 130.6853 0 1 -1059 
1019 3 1 1 44 -8.544679 -1.73807 128.808 -7.914868 -1.127073 130.6853 0 1 -1304 
1020 3 1 1 68 -6.941517 -5.286355 128.9829 -6.311593 -4.682658 130.6853 0 1 -1363 
1021 3 1 1 87 -8.544734 -4.286963 125.2529 -7.915791 -3.667488 127.6504 0 2 1164 -1315 
1022 3 1 1 455 -4.364749 0.9290303 116.3357 -3.371719 1.925329 118.7685 0 2 928 -933 
1023 3 1 1 22 -6.795126 -2.929283 116.3357 -5.808444 -1.942646 119.1826 0 2 1391 -1460 
1024 3 1 1 769 7.412248 -1.929006 116.3357 8.411719 -0.9290322 118.9219 0 2 332 333 
1026 3 1 1 504 -7.998505 -4.704178 13.59766 0.1647762999999998 4.728839 20.5788 0 4 802 803 -810 1070 
1027 3 1 1 504 -2.901379 2.124404 126.4523 -2.271593 2.753952 130.6853 0 1 -1412 
1028 3 1 1 814 0.09927450999999987 2.730051 16.73708 6.785604 7.999384 25.87739 0 3 257 -293 -796 
1029 3 1 1 814 6.311692 -1.742448 127.0785 6.941471 -1.124839 129.081 0 2 256 -258 
1030 3 1 1 565 1.023795 -3.176968 37.71283 10.12633 4.973556 47.92509 0 6 615 616 617 618 1479 1480 
1031 3 1 1 565 1.915283 1.357442 57.39842 6.41924 6.380384 61.93955 0 2 614 -621 
1032 3 1 1 62 -6.329813 -5.039606 34.65671 -0.07907952000000007 1.113145 41.93994 0 5 1256 -1322 1350 -1416 1424 
1033 3 1 1 62 -7.908095 -1.743102 126.2411 -7.279158 -1.114834 127.6046 0 2 1202 -1414 
1034 3 1 1 320 -8.263871999999999 0.04620760000000002 59.13851 -2.416124 3.991776 64.79651 0 3 -1089 -1116 -1195 
1035 3 1 1 320 -6.941551 1.115552 124.3357 -6.311593 1.734219 125.4306 0 2 -1193 -1218 
1036 3 1 1 188 -8.261642999999999 -5.71394 61.91301 -4.530098 -0.05492178999999986 67.56984 0 3 -1171 -1305 -1368 
1037 3 1 1 188 -4.502517 -1.742923 124.8248 -3.875005 -1.119813 126.3713 0 2 756 -939 
1038 3 1 1 202 -5.068544 -5.205105 85.44154 -1.176809 -2.579128 90.52879 0 2 -1030 1062 
1039 3 1 1 202 -4.665419 -5.272752 114.0316 -3.07802 -3.914733 116.3357 0 4 960 1243 1507 1508 
1040 3 1 1 192 -9.076624000000001 -5.192186 82.84972 -5.127445 -1.241632 87.61042999999999 0 2 -986 -1112 
1041 3 1 1 192 -4.497221 -1.742923 126.2804 -3.879602 -1.117367 127.5283 0 2 -756 -846 
1042 3 1 1 732 5.889326 0.6741345999999999 91.97449 9.110080999999999 4.47907 96.42531 0 4 371 -467 -473 -476 
1043 3 1 1 732 7.252849 1.429793 109.7115 8.687290000000001 2.724585 111.5832 0 2 -372 -1117 
1044 3 1 1 594 3.069025 1.20655 91.66776 5.070081 4.04441 93.55714999999999 0 3 551 552 -553 
1045 3 1 1 594 3.874905 3.659474 124.3357 4.504829 4.289039 130.6853 0 1 561 
1046 3 1 1 551 1.074213 2.465929 82.62727 4.933527 5.201864 87.45191 0 2 650 651 
1047 3 1 1 551 3.874876 1.122156 124.3357 4.504829 1.734219 125.8936 0 2 649 -656 
1048 3 1 1 988 1.81025 -3.187474 96.9539 4.305087 -0.6805548000000001 101.4564 0 2 -34 -35 
1049 3 1 1 988 1.474761 -2.700731 107.519 3.044109 -1.142352 109.2655 0 2 33 -38 
1050 3 1 1 411 -4.290836 3.20655 90.26815999999999 -1.070081 5.206543 94.91499 0 3 1006 1007 1008 
1051 3 1 1 411 -4.665076 3.695795 112.4751 -3.078543 5.271494 114.1239 0 2 -680 -1010 
1052 3 1 1 475 -4.290836 0.6741230999999999 91.94707 -1.81016 3.182262 94.98459 0 2 -701 -869 
1053 3 1 1 475 -4.504827 1.115433 124.1774 -3.874868 1.734219 125.4288 0 2 867 -909 
1054 3 1 1 112 -8.360514 -5.710094 99.48994 -5.878023 -3.229158 103.3951 0 2 -1017 -1285 
1055 3 1 1 112 -8.705253000000001 -5.267684 109.4025 -7.11968 -3.685795 111.9022 0 2 -913 -1437 
1056 3 1 1 647 7.122916 3.495687 105.3628 8.705418999999999 5.248098 107.9359 0 3 481 -486 -489 
1057 3 1 1 647 5.515346 3.692629 108.589 6.726303 5.202354 110.6383 0 2 480 -483 
1058 3 1 1 615 1.476622 3.690585 106.825 3.060106 5.265697 109.737 0 3 -526 -531 -532 
1059 3 1 1 615 2.271602 4.67825 124.3357 2.900847 5.287274 125.3385 0 2 517 518 
1060 3 1 1 523 1.480249 1.142587 110.9763 3.056371 2.724838 114.0934 0 2 717 719 
1061 3 1 1 523 1.777546 1.942672 118.1715 2.764365 2.91519 119.6875 0 2 716 -723 
1062 3 1 1 840 5.515513 -5.267502 108.6206 7.100457 -3.685564 111.1242 0 2 -223 -225 
1063 3 1 1 840 5.864492 -5.734931 95.50861 8.352109 -3.247017 98.95237 0 2 220 -231 
1064 3 1 1 843 6.322215 -5.200825 112.5513 7.102141 -3.685489 114.0759 0 2 213 -222 
1065 3 1 1 843 5.896809 -3.18279 94.87381999999999 8.351509 -0.6812319999999998 99.70893 0 2 214 -302 
1066 3 1 1 989 1.474761 -2.72298 108.4735 3.058884 -1.146009 112.9403 0 2 32 -33 
1067 3 1 1 989 3.877088 -1.743688 127.1969 4.467829 -1.391704 127.6875 0 2 -57 1398 
1068 3 1 1 912 1.822721 -5.427083 101.0862 2.891737 -3.308151 103.3833 0 2 -136 -141 
1069 3 1 1 912 3.082419 -5.272424 106.8724 4.663569 -3.686724 111.1095 0 2 134 -135 
1070 3 1 1 480 -4.665299 1.140382 107.0204 -3.085281 2.697626 109.1813 0 2 -776 -862 
1071 3 1 1 480 -4.504585 1.116426 127.5913 -3.874934 1.740017 129.0569 0 2 -858 -864 
1072 3 1 1 288 -8.704504999999999 1.147533 106.9882 -7.127202 2.722091 109.4474 0 2 -1074 -1244 
1073 3 1 1 288 -8.411640999999999 1.940378 118.2885 -7.411974 2.903284 119.922 0 2 -1143 -1245 
1074 3 1 1 176 -4.656716 -2.717866 112.0478 -3.078508 -1.159621 113.9725 0 2 -918 -1222 
1075 3 1 1 176 -4.360068 -2.939029 115.9523 -3.371719 -1.942774 118.3728 0 2 -675 -1043 
1076 3 1 1 12 -7.101632 -2.727729 114.0154 -5.514917 -1.181694 115.5955 0 2 914 1362 
1077 3 1 1 12 -8.705417000000001 -2.256507 114.0679 -7.118018 -1.140335 116.3357 0 3 -930 -1163 1333 
1078 3 1 1 676 7.412397 3.693588 118.786 8.367848 4.473279 120.4745 0 2 444 445 
1079 3 1 1 676 5.675337 4.673966 124.3357 6.305294 5.291262 125.7836 0 2 -446 -450 
1080 3 1 1 712 5.808969 1.939034 118.3589 6.802522 2.921778 121.7041 0 2 -402 -409 
1081 3 1 1 712 5.675931 2.124323 128.5688 6.305294 2.75401 130.6853 0 1 -403 
1082 3 1 1 719 5.820095 0.9383768 118.2109 6.801937 1.913379 119.2494 0 2 391 -394 
1083 3 1 1 719 6.311697 2.124101 124.3357 6.941554 2.753648 130.6853 0 1 -1161 
1084 3 1 1 717 5.84073 0.9383768 118.2886 6.801937 1.928772 119.6571 0 2 394 -398 
1085 3 1 1 717 6.320718 1.121263 126.0212 6.93975 1.740164 127.4625 0 2 392 393 
1086 3 1 1 717 5.675371 1.114134 128.5688 6.305294 1.743687 130.6853 0 1 -395 
1087 3 1 1 800 7.151793 -2.726452 109.1133 8.704502 -1.164158 111.6346 0 2 -296 -298 
1088 3 1 1 800 7.4127 -2.938776 120.0974 8.405931000000001 -1.943915 121.8448 0 2 -294 -316 
1089 3 1 1 828 5.823986 -2.93903 116.3357 6.808444 -1.942589 117.6532 0 2 -242 -251 
1090 3 1 1 828 6.311659 -1.743224 126.2204 6.941385 -1.114225 127.5014 0 2 -241 -256 
1091 3 1 1 864 7.415162 -4.47407 118.3141 8.411621999999999 -3.47489 120.4046 0 2 -196 -973 
1092 3 1 1 864 7.914881 -4.277221 129.5625 8.544829 -3.670338 130.6853 0 1 -193 
1093 3 1 1 964 3.393019 -2.937716 118.1659 4.359356 -1.940477 119.8577 0 2 69 -71 
1094 3 1 1 964 3.078096 -2.664411 110.8484 4.644775 -1.143759 114.1219 0 2 70 -72 
1095 3 1 1 1002 1.769972 -2.937011 120.9671 2.757359 -1.944261 122.1601 0 2 18 19 
1096 3 1 1 1002 2.271622 -4.271497 124.3357 2.901425 -3.659135 126.2361 0 2 -20 -36 
1097 3 1 1 484 -3.057253 1.148266 111.9365 -1.474757 2.726513 114.0758 0 2 -668 736 
1098 3 1 1 484 -2.756098 0.9290308 116.3357 -1.768444 1.925614 117.6492 0 2 -848 -853 
1099 3 1 1 487 -3.062144 1.14056 110.2893 -1.474757 2.724949 113.2067 0 2 -736 -881 
1100 3 1 1 487 -2.261337 1.1155 126.9973 -1.637301 1.719798 127.8285 0 2 843 -844 
1101 3 1 1 460 -4.371113 1.939046 118.3612 -3.371733 2.897864 120.5344 0 2 -689 -828 
1102 3 1 1 460 -4.504683 2.124377 124.3357 -3.874868 2.752745 128.5688 0 2 -917 -1269 
1103 3 1 1 375 -6.672709 4.492663 118.994 -5.81907 5.483167 119.8155 0 2 1088 -1248 
1104 3 1 1 375 -8.544784 3.666662 128.9257 -7.914868 4.277559 130.6853 0 1 1087 
1105 3 1 1 290 -6.807206 0.9311375 120.22 -5.815614 1.929009 122.267 0 2 875 1239 
1106 3 1 1 290 -6.790824 1.949869 118.3684 -5.8512 2.938987 119.8646 0 2 1107 -1242 
1107 3 1 1 283 -8.398477 0.9372092 116.9696 -7.417305 1.925569 119.2183 0 2 -1250 -1290 
1108 3 1 1 283 -8.23302 1.140449 113.0118 -7.118373 2.202549 114.7802 0 2 759 -1166 
1109 3 1 1 266 -8.348765999999999 1.93932 122.2384 -7.412709 2.777105 123.8181 0 1 1025 
1110 3 1 1 266 -7.908466 2.12544 124.0723 -7.278608 2.753651 130.6853 0 3 1321 -1489 -1490 
1111 3 1 1 131 -2.76499 -2.939029 120.9822 -1.775775 -1.951139 122.3876 0 2 833 -1265 
1112 3 1 1 131 -2.265075 -1.744009 127.8921 -1.63664 -1.114802 129.1016 0 2 1152 1442 
1113 3 1 1 172 -4.370537 -2.938915 121.5418 -3.383165 -1.959782 122.5627 0 2 1216 -1329 
1114 3 1 1 172 -4.50469 -2.753996 125.2864 -3.874868 -2.12438 130.6853 0 1 -1205 
1115 3 1 1 215 -4.367831 -4.473865 116.8512 -3.372656 -3.482943 118.9249 0 2 -951 1229 
1116 3 1 1 215 -3.868459 -4.289036 126.4523 -3.238608 -3.659335 130.6853 0 1 -1345 
1117 3 1 1 39 -8.410361999999999 -2.935508 120.2585 -7.426771 -1.942412 121.6341 0 2 -955 -1386 
1118 3 1 1 39 -8.41053 -1.920043 118.1443 -7.416527 -0.9336672 120.648 0 2 1276 1330 
1119 3 1 1 80 -6.303422 -5.281965 126.2276 -5.675717 -4.704603 127.3326 0 2 -1249 -1447 
1120 3 1 1 80 -6.941553 -5.293149 124.3357 -6.311593 -4.674815 125.9306 0 2 -766 -1093 
1121 3 1 1 124 -8.705418999999999 -5.48407 115.4925 -7.411719 -4.158238 118.3096 0 4 1287 -1431 -1501 -1502 
1122 3 1 1 124 -8.396176000000001 -4.469972 116.0015 -7.411719 -3.474079 116.9903 0 1 -1065 
1123 3 1 1 128 -8.408265 -5.478199 116.9535 -7.412637 -4.507827 119.4206 0 2 -906 -1287 
1124 3 1 1 128 -8.544148 -5.296083 126.7682 -7.930819 -4.674806 127.8557 0 2 -1079 -1227 
1125 3 1 1 692 7.414086 4.494717 118.1274 8.411704 5.483992 120.2536 0 2 -425 -433 
1126 3 1 1 692 7.914879 4.678882 124.3357 8.544829 5.289368 125.247 0 2 424 -427 
1127 3 1 1 753 7.41214 1.939055 122.2832 8.410741 2.938964 124.0704 0 2 347 348 
1128 3 1 1 753 7.279024 2.124418 128.5688 7.908569 2.753946 130.6853 0 1 1452 
1129 3 1 1 760 7.278778 2.124418 124.3357 7.908569 2.752538 128.5688 0 2 -415 -1452 
1130 3 1 1 760 1.6354 1.114302 127.5688 2.264681 1.744001 129.2302 0 2 -341 -345 
1131 3 1 1 748 7.923117 1.115877 126.1832 8.544135000000001 1.730913 127.8841 0 2 -358 -364 
1132 3 1 1 748 7.411893 1.99295 120.4406 8.040495999999999 2.922162 121.685 0 1 353 
1133 3 1 1 748 7.685859 1.939088 120.7104 8.092181999999999 2.303069 121.2121 0 2 352 -354 
1134 3 1 1 716 5.808455 0.9290448 122.7792 6.808416 1.783269 123.8328 0 3 -399 -1469 -1470 
1135 3 1 1 716 5.675335 1.114776 124.3357 6.305294 1.743565 128.5688 0 1 395 
1136 3 1 1 592 3.377825 4.484581 116.6516 4.371181 5.476613 118.8245 0 2 -557 -576 
1137 3 1 1 592 3.384399 3.486481 118.1648 4.353561 4.472794 120.4266 0 2 555 -556 
1138 3 1 1 598 3.371959 3.47413 122.7511 4.370704 4.474069 123.8717 0 3 543 -1475 -1476 
1139 3 1 1 598 3.238622 3.660388 124.3357 3.868569 4.28853 128.5688 0 1 542 
1140 3 1 1 599 3.376714 3.475833 119.5987 4.361301 4.471278 121.6621 0 2 541 -555 
1141 3 1 1 599 3.238805 3.65911 128.5688 3.868569 4.288815 130.6853 0 1 -542 
1142 3 1 1 626 1.768457 3.474102 122.7283 2.768261 4.474049 123.8305 0 1 506 
1143 3 1 1 626 1.635342 3.659968 124.3357 2.265294 4.279259 125.3815 0 3 505 -1471 -1472 
1144 3 1 1 635 1.635724 3.661452 126.6716 2.264531 4.281314 127.7025 0 2 -499 -504 
1145 3 1 1 635 2.274885 3.659719 127.735 2.900975 4.276226 129.1713 0 2 496 497 
1146 3 1 1 548 3.371734 1.080586 123.3131 4.075454 1.929027 123.8454 0 3 -658 -1483 -1484 
1147 3 1 1 548 3.23861 1.114055 124.3357 3.868569 1.743888 130.6853 0 0 
1148 3 1 1 552 3.376966 0.9297588 118.1783 4.357421 1.928167 120.4818 0 2 -660 -695 
1149 3 1 1 552 3.875525 1.118568 125.8463 4.504828 1.73343 127.5261 0 2 -649 -652 
1150 3 1 1 544 2.271703 2.128686 124.3357 2.901554 2.750541 127.5083 0 2 -662 -671 
1151 3 1 1 544 3.875088 2.124053 126.4523 4.504829 2.753666 130.6853 0 1 -664 
1152 3 1 1 543 2.271849 2.124087 126.4523 2.901554 2.753661 130.6853 0 1 662 
1153 3 1 1 543 3.238973 2.124383 126.4523 3.868569 2.753944 130.6853 0 1 -663 
1154 3 1 1 780 7.908569 -1.92902 123.7325 8.544829 -0.9290403 125.3646 0 3 -321 -325 -329 
1155 3 1 1 780 7.75376 -2.415796 122.385 8.325399000000001 -1.939071 123.3664 0 2 319 320 
1156 3 1 1 880 7.411719 -5.289259 123.8131 8.113402000000001 -4.484077 124.3357 0 2 175 -182 
1157 3 1 1 880 6.312003 -5.292491 127.5158 6.941366 -4.67782 129.1927 0 2 -176 -177 
1158 3 1 1 976 3.889264 -1.739052 126.0016 4.502924 -1.114988 126.8827 0 2 -55 -56 
1159 3 1 1 976 3.238639 -2.753943 124.3357 3.868569 -2.12438 130.6853 0 1 -65 
1160 3 1 1 958 3.238688 -4.288818 124.3357 3.868569 -3.65911 130.6853 0 1 -78 
1161 3 1 1 958 3.874966 -4.289037 126.4523 4.504829 -3.65948 130.6853 0 1 -569 
1162 3 1 1 941 3.44996 -5.480262 120.7956 4.370543 -4.926457 121.641 0 2 93 -104 
1163 3 1 1 941 3.239079 -5.288174 127.2652 3.868428 -4.669424 129.2097 0 2 92 -106 
1164 3 1 1 936 3.371719 -5.48407 123.8018 4.371719 -4.484073 124.3357 0 4 -101 -105 -1465 -1466 
1165 3 1 1 936 3.875199 -5.28614 125.7421 4.504538 -4.681924 127.2049 0 1 -149 
1166 3 1 1 932 3.238609 -5.293094 124.1823 3.868569 -4.675274 125.9628 0 2 105 -460 
1167 3 1 1 932 3.874874 -5.159786 130.264 4.504829 -4.681821 130.6853 0 1 -107 
1168 3 1 1 950 2.172762 -5.297631 123.6936 2.901554 -4.484074 125.3012 0 4 -85 -89 -1463 -1464 
1169 3 1 1 950 2.273232 -5.298279 126.5467 2.901426 -4.683285 127.4236 0 1 83 
1170 3 1 1 440 -2.768308 3.474423 118.93 -1.772982 4.473756 120.8973 0 2 -959 -1013 
1171 3 1 1 440 -2.260321 3.664686 126.213 -1.637813 4.277144 127.3396 0 2 -954 -964 
1172 3 1 1 446 -3.867852 4.670279 125.7446 -3.239938 5.296121 127.6225 0 2 692 -946 
1173 3 1 1 446 -2.90154 3.723476 124.3357 -2.271593 4.279259 124.8865 0 2 -1349 -1435 
1174 3 1 1 363 -6.30528 4.678882 124.3357 -5.675333 5.294648 125.3867 0 2 1104 1105 
1175 3 1 1 363 -7.908561 4.678321 124.3357 -7.278608 5.289259 125.6793 0 2 1103 -1118 
1176 3 1 1 378 -8.544741999999999 3.664417 126.6677 -7.919345 4.287217 127.7099 0 3 1084 -1487 -1488 
1177 3 1 1 378 -8.544819 3.660347 124.3357 -7.914868 4.279259 125.3911 0 1 1083 
1178 3 1 1 302 -6.941521 2.124388 124.3357 -6.311593 2.753947 130.6853 0 1 -679 
1179 3 1 1 302 -6.704499 1.38908 123.8333 -5.808444 1.929028 124.3357 0 2 672 -1224 
1180 3 1 1 257 -8.116977 0.9290406 123.8329 -7.515663 1.92902 124.3357 0 2 1094 1293 
1181 3 1 1 257 -8.544827 1.115072 124.3357 -7.914868 1.734219 126.275 0 2 667 830 
1182 3 1 1 271 -8.541181 1.11908 125.7754 -7.914898 1.738995 127.5433 0 2 -667 -777 
1183 3 1 1 271 -7.908114 2.12409 128.5688 -7.278608 2.753651 130.6853 0 1 -1321 
1184 3 1 1 168 -3.86856 -1.744006 124.3357 -3.238608 -1.114184 130.6853 0 1 -1357 
1185 3 1 1 168 -4.368287 -1.9187 118.3101 -3.371896 -0.9560056 119.6693 0 2 -970 -1263 
1186 3 1 1 253 -2.900999 -5.293577 125.1951 -2.273707 -4.676472 125.9146 0 2 -1160 1300 
1187 3 1 1 253 -2.763211 -5.476184 116.654 -1.774155 -4.4973 118.712 0 2 -904 -1075 
1188 3 1 1 248 -2.900999 -5.293577 124.3357 -2.271593 -4.688202 125.4717 0 2 -1142 1160 
1189 3 1 1 248 -4.504827 -5.297718 124.3357 -3.874868 -4.678882 125.8009 0 2 -1018 -1175 
1190 3 1 1 242 -2.901553 -5.293409 124.3357 -2.271593 -4.678882 124.7959 0 2 1121 1142 
1191 3 1 1 242 -2.265293 -5.28776 129.1936 -1.635333 -4.680586 130.6853 0 1 -1314 
1192 3 1 1 212 -4.504819 -4.288687 124.3357 -3.874868 -3.659093 130.6853 0 0 
1193 3 1 1 212 -3.868528 -4.284514 124.3357 -3.238608 -3.662794 126.4523 0 3 1345 -1497 -1498 
1194 3 1 1 32 -6.305287 -1.743913 124.3357 -5.675333 -1.114354 130.6853 0 1 -1405 
1195 3 1 1 32 -6.94141 -1.731607 129.7897 -6.311593 -1.12581 130.6853 0 1 -1441 
1196 3 1 1 20 -6.803649 -2.939028 121.0648 -5.823816 -1.989333 122.7098 0 2 -891 -1299 
1197 3 1 1 20 -6.305188 -2.753721 124.3357 -5.675333 -2.124051 130.6853 0 1 -1198 
1198 3 1 1 21 -6.771903 -2.938837 118.7931 -5.833404 -1.939085 119.7657 0 2 -1366 1460 
1199 3 1 1 21 -6.941523 -2.753946 124.3357 -6.311593 -2.124383 130.6853 0 1 -1461 
1200 3 1 1 94 -6.778515 -4.014146 123.2834 -5.948489 -3.474072 124.3357 0 4 -1223 1445 -1499 -1500 
1201 3 1 1 94 -6.305257 -4.289001 124.3357 -5.675333 -3.659402 130.6853 0 0 
1202 3 1 1 88 -8.544816000000001 -4.282539 123.8181 -7.914551 -3.474078 125.5507 0 2 -826 -1164 
1203 3 1 1 88 -6.74614 -4.473982 118.3588 -5.863931 -3.47413 119.9068 0 2 -823 1353 
1204 3 1 1 957 1.635505 -5.286918 129.4691 2.265294 -4.679262 130.6853 0 1 77 
1205 3 1 1 957 3.874909 -4.284845 124.3357 4.504829 -3.662622 126.4523 0 2 -79 569 
1206 3 1 1 442 -2.901357 3.660279 127.0417 -2.271616 4.288462 128.1744 0 1 949 
1207 3 1 1 442 -2.90154 3.660731 124.3357 -2.273259 4.275961 125.755 0 4 -966 1349 -1493 -1494 
1208 3 1 1 355 -8.543993 4.709047 128.4148 -7.915593 5.297649 129.1219 0 2 684 -1123 
1209 3 1 1 355 -8.544826 4.678882 124.3357 -7.914868 5.296716 126.2033 0 2 -1124 1443 
1210 3 1 1 614 2.271601 4.685718 127.1177 2.901539 5.288214 127.8475 0 1 519 
1211 3 1 1 614 2.271609 4.6835 129.4021 2.901554 5.285443 130.6853 0 2 -1473 -1474 
1212 3 1 1 699 6.311631 4.683747 129.6467 6.941554 5.28533 130.6853 0 1 416 
1213 3 1 1 699 7.922526 4.670583 126.6692 8.541359999999999 5.297125 128.1514 0 2 417 418 
1214 3 1 1 704 7.914934 3.670309 129.7942 8.544829 4.275161 130.6853 0 1 -412 
1215 3 1 1 704 7.914881 4.68996 125.7052 8.539588 5.294296 127.0308 0 2 -413 -417 
1216 3 1 1 702 7.917852 4.670361 127.7716 8.54082 5.2977 129.1479 0 2 -414 -418 
1217 3 1 1 702 7.914881 4.682533 124.8004 8.544154000000001 5.287937 125.8827 0 2 413 -424 
1218 3 1 1 456 -4.50448 2.124377 128.5688 -3.874868 2.753996 130.6853 0 1 1269 
1219 3 1 1 456 -4.364749 0.9301865 118.1551 -3.375421 1.928826 120.5944 0 2 -697 -928 
1220 3 1 1 747 7.411893 1.939088 118.3868 8.408839 2.937869 121.5058 0 3 354 355 357 
1221 3 1 1 747 8.094302000000001 1.973559 118.1755 8.402903 2.736189 118.8928 0 1 356 
1222 3 1 1 896 7.914882 -5.290543 124.3357 8.544829 -4.678882 125.7729 0 2 -160 -166 
1223 3 1 1 896 5.853447 -4.461945 117.5732 6.806598 -3.475706 119.1354 0 2 -169 -218 
1224 3 1 1 884 5.81557 -4.461945 118.4089 6.800497 -3.475706 119.9838 0 2 169 -170 
1225 3 1 1 884 5.675343 -4.288767 124.3357 6.305294 -3.659116 130.6853 0 1 -172 
1226 3 1 1 974 3.400656 -1.928759 118.1229 4.357756 -0.9291333000000001 120.6009 0 2 -59 -547 
1227 3 1 1 974 3.877088 -1.743688 126.6154 4.504792 -1.118426 127.6362 0 3 56 57 58 
1228 3 1 1 972 3.238611 -1.743888 124.3357 3.868569 -1.114055 130.6853 0 1 -60 
1229 3 1 1 972 3.87509 -2.753672 126.4523 4.504829 -2.124053 130.6853 0 1 -64 
1230 3 1 1 392 -4.362903 3.486347 118.2904 -3.377361 4.471611 119.8041 0 2 -1056 -1068 
1231 3 1 1 392 -4.504821 3.659093 124.3357 -3.874868 4.288687 130.6853 0 1 -1072 
1232 3 1 1 170 -3.868467 -2.75365 124.3357 -3.238608 -2.124101 130.6853 0 2 -1503 -1504 
1233 3 1 1 170 -4.504804 -2.749479 124.3357 -3.874868 -2.127489 126.4523 0 1 1205 
$EndPartitionedEntities
$Nodes
3 38 680 19210
2 911 0 10
12394
12392
12410
12393
12380
12390
12405
12404
12399
12396
-3.371762 1.435595 123.3046
-3.512352 1.081387 123.3209
-3.873153 1.432506 123.2971
-3.521317 1.785708 123.3166
-3.867415 0.9290484 123.3246
-4.224408 1.074615 123.3106
-4.337588 1.247466 123.8301
-4.338682 1.607761 123.8259
-3.674011 1.888281 123.8311
-4.077783 1.884593 123.8294
2 912 0 7
12415
12325
680
12327
12407
12406
12398
-3.63147 1.335753 124.086
-3.868562 1.431165 124.3357
-3.475663 1.734219 124.3357
-3.874026 0.9290351999999999 124.3357
-3.406928 1.613339 123.8238
-3.404384 1.251269 123.8211
-3.668355 0.972255 123.8327
3 750 0 21
682
681
19205
19206
19207
19197
19203
19198
19208
19199
944
19201
19204
19209
19202
19200
945
19210
19196
19195
19194
-3.371719 1.42903 124.3357
-3.475663 1.123841 124.3357
-3.348633 1.42903 124.7028
-3.568922 1.462543 125.2534
-3.310463 1.42903 125.3097
-3.238608 1.42903 126.4523
-3.501839 1.73973 126.4523
-3.238608 1.42903 128.5688
-3.513767 1.50426 127.2496
-3.504369 1.117919 126.4523
-3.238608 1.42903 124.3357
-3.868546 1.432794 126.4523
-3.528389 1.743 128.5688
-3.536605 1.320201 127.6058
-3.868523 1.434422 128.5688
-3.533502 1.114691 128.5688
-3.238608 1.42903 130.6853
-3.532299 1.426446 129.5907
-3.562808 1.114185 130.6853
-3.868491 1.43605 130.6853
-3.55512 1.744006 130.6853
$EndNodes
$Elements
2 65 35100 74335
2 912 2 7
71346 12415 12325 680 
71348 12325 12415 12327 
71349 12415 12407 12406 
71351 12415 12406 12398 
71353 12415 12398 12327 
72031 680 12399 12415 
74335 12415 12399 12407 
3 750 4 58
35100 682 12406 681 12415 
35103 681 12398 12327 12415 
35104 682 680 12407 12415 
35172 681 12406 12398 12415 
35183 682 12407 12406 12415 
35195 12325 681 12327 12415 
35221 682 12325 680 12415 
35232 680 12399 12407 12415 
35249 682 681 12325 12415 
53011 681 19205 19206 19207 
53012 12325 680 19206 19205 
53013 681 19206 19197 19207 
53014 680 19197 19203 19206 
53015 19197 19198 19203 19208 
53016 19197 19199 19198 19208 
53017 12325 19206 681 19205 
53018 681 944 19205 19207 
53019 680 19206 19205 19207 
53020 680 19205 944 19207 
53021 19201 19208 19204 19209 
53022 19201 19204 19202 19209 
53023 19198 19204 19208 19209 
53024 19199 19198 19208 19209 
53025 19199 19208 19201 19209 
53026 19200 19201 19202 19209 
53027 682 680 12325 19205 
53028 682 944 680 19205 
53029 12325 19199 681 19206 
53030 681 19197 944 19207 
53031 12325 19203 19201 19206 
53032 19201 19203 19204 19208 
53033 19199 19200 19198 19209 
53034 19198 945 19204 19210 
53035 19200 19196 945 19210 
53036 680 944 19197 19207 
53037 19200 19202 19196 19210 
53038 19198 19200 945 19210 
53039 19198 19204 19202 19210 
53040 19196 19202 19195 19194 
53041 19196 19202 19194 19210 
53042 19197 19203 19201 19208 
53043 681 19199 19197 19206 
53044 19197 19201 19203 19206 
53045 682 681 944 19205 
53046 19197 19201 19199 19208 
53047 682 12325 681 19205 
53048 12325 680 19203 19206 
53049 945 19194 19204 19210 
53050 19198 19204 19203 19208 
53051 19197 19199 19201 19206 
53052 19202 19204 19194 19210 
53053 945 19196 19194 19210 
53054 19199 19201 19200 19209 
53055 680 19197 19206 19207 
53056 12325 19201 19199 19206 
53057 19198 19202 19204 19209 
53058 19198 19200 19202 19209 
53059 19198 19202 19200 19210 
$EndElements
