$MeshFormat
4.1 0 8
$EndMeshFormat
$Entities
0 0 0 1
1 0 0 0 0 0 0 0 0 
$EndEntities
$PartitionedEntities
4
0
0 0 5 6
2 3 1 2 1 4 -9.994400000000001 -5.028616999999999 43.39136 -0.05088389999999965 4.93052 47.6182 0 0 
3 3 1 2 2 4 -7.847324 -7.850352 22.33766 7.938651 7.999384 28.45256 0 0 
4 3 1 2 1 2 -8.084847999999999 0.07214103000000005 69.19970000000001 -2.100999 6.352778 71.45031 0 0 
5 3 1 2 3 4 1.916516 -6.274918 66.39559 8.215626 -0.1545114000000001 69.20842 0 0 
6 3 1 2 3 4 0.07227237000000031 -5.036123 41.17028 10.08936 4.931884 45.80977 0 0 
2 3 1 1 3 0.07227237000000031 -6.375686 41.17028 10.12977 6.381257 130.6853 0 2 5 6 
5 3 1 1 1 -10.1106 -6.37895 43.39136 -0.05039684000000033 6.381216999999999 130.6853 0 2 2 4 
6 3 1 1 2 -7.999983 -7.999964 0 8 7.999998 28.45256 0 1 3 
7 3 1 1 2 -9.11008 0.03501349999999981 69.19970000000001 -1.070081 6.377031 130.6853 0 1 -4 
8 3 1 1 4 -10.1297 -7.999993999999999 22.33766 10.12977 7.999998 47.6182 0 2 -2 -3 
9 3 1 1 4 1.070085 -6.381301 66.39559 9.110080999999999 -0.03185452999999994 130.6853 0 2 -5 -6 
$EndPartitionedEntities
$Nodes
3 5516 8 16583
2 5 0 14
1931
1857
1874
1966
1854
1858
1859
1865
1965
1864
1932
1851
1867
1866
5.854485 -2.123218 67.00476
5.964397 -0.1545114 67.72793
3.814968 -0.2990676 66.58705
5.670886 -4.471537 67.09231
7.182402 -5.594344 66.95863
8.215626 -3.763632 66.39559
7.682679 -1.37412 66.94803
2.579199 -5.149444 68.85437
3.740027 -2.881626 69.20842
1.916516 -3.117923 68.62639
3.906448 -2.92142 67.06520999999999
2.330984 -1.635961 67.11646
6.230776 -6.16935 68.80186
4.27492 -6.274918 68.78699
2 6 0 16
1350
1463
1333
1456
1459
1458
1460
1366
1363
1337
1336
1335
1461
1362
1341
1342
1.791157 -3.809924 43.11128
3.535813 -0.9240235 43.94639
5.279503 -5.036123 43.66327
7.514573 2.166474 44.60294
6.407516 2.272015 42.4099
3.302276 2.139315 45.58105
5.064943 -1.949194 41.55401
7.339721 4.509716 45.12988
9.478700999999999 2.477586 45.80977
0.07227237 -0.4690554 43.77177
1.096166 3.073607 43.92919
8.319065999999999 -3.869377 43.90962
7.700068 -0.3193578 44.04395
4.053288 4.931884 45.09978
9.777380000000001 -1.851389 41.17028
10.08936 0.6368558 43.46092
3 2 0 5486
1313
1430
1431
1432
1304
1305
9
1330
1429
1433
1434
1435
1409
1389
1388
1440
1441
1442
1443
1444
1445
1446
1406
1447
1413
1412
1448
1401
1317
1449
1450
1400
1395
1451
1417
1464
1465
1466
1402
1386
1396
1369
1353
1467
1469
1405
1404
1379
1348
1457
1355
1436
1373
1403
1470
1307
1324
11
1323
1308
1428
1480
1314
1481
1316
1315
1482
1312
1483
1398
1407
1374
1462
1484
1326
1311
1416
1414
1310
10
1320
1410
1306
1319
8
1415
1397
1392
1384
1351
1376
1438
1338
1332
1331
1371
1383
1418
1385
1352
1367
1339
15
1329
1322
1419
1309
1321
1318
1354
1325
1391
1390
1372
12
13
1779
1823
1824
1815
1782
1781
1780
1819
1768
1783
1955
1906
1961
1962
1902
1956
1928
1844
1929
1924
1930
1891
1918
1922
1437
1439
1347
1784
1785
1786
1787
1743
1788
1789
1739
1728
1790
1791
1731
1730
1792
1729
1773
1793
1794
1681
1688
1680
1701
1772
1759
1795
1687
1796
1741
1725
1797
1798
1740
1799
1757
1800
1742
1711
1801
1710
1802
1803
1804
1805
1806
1776
1775
1807
1683
1808
1809
1715
1810
1811
1707
1706
1716
1703
1723
1812
1722
1813
1748
1721
1814
1734
1719
1816
1817
1720
1686
1818
1677
1765
1747
1735
1761
1770
1724
1704
1713
1709
1712
1754
1753
1758
1745
1766
1820
1777
1767
1756
1744
1726
1821
1694
1689
1691
1822
1700
25
1682
1764
1685
1693
28
26
1769
1752
1751
1733
1692
1774
1678
23
1684
1695
27
1750
1697
1749
1696
1702
1708
1714
1737
1736
1727
1705
1718
1717
1746
1732
1755
1763
1738
1762
1760
1778
24
1679
1698
1699
1690
1771
2272
2268
2312
2347
2290
2289
2348
2349
2292
2350
2283
2281
2351
2280
2352
2353
2354
2307
2305
2329
2298
2321
2355
2334
2356
2335
2302
2337
2357
2343
2358
2346
2341
2359
2310
2309
2306
2297
2296
2316
2318
2319
2315
2344
2342
2345
2336
2324
2323
2299
2303
2304
2287
50
2325
2270
2330
2333
2265
2360
2361
2269
2271
51
54
2362
47
2327
2332
48
2282
2278
2277
2286
2275
2274
2288
2276
2291
2293
2308
2285
2279
2322
2273
2294
2326
2295
2301
2300
2363
2284
2311
2314
2313
2317
2320
2340
2267
2264
53
2338
2364
2365
2331
2328
2339
52
49
2266
2421
2412
2414
2446
2419
2413
2447
2401
2431
2439
2456
2374
2457
2429
2458
2444
2442
2420
2438
2459
2440
2430
2436
2437
2445
2441
2395
2389
2380
2379
2461
2406
2455
2385
2394
2415
2398
2381
2386
2378
2396
2383
2377
2405
2388
2382
2391
2402
2387
2427
2416
2411
2428
2426
2375
2443
3090
3150
3167
3168
3169
3155
3170
3171
3089
3108
3172
3107
3173
3100
3103
3097
3092
3174
3101
3175
3176
3177
3074
3166
3086
3178
3179
3146
3149
3157
3180
3125
3165
3181
3112
3104
3182
3160
3114
3105
3098
3153
3143
3148
3123
3122
3102
3183
3152
3079
3159
3158
3156
3151
109
111
3164
3184
3078
3185
3081
3084
3145
3138
3186
3147
3154
3141
3137
3144
3130
3129
3187
3118
3163
3162
3087
3088
112
3080
110
3076
3142
3094
3093
3106
3096
3091
3127
3126
3113
3109
3119
3110
3095
3099
3117
3116
3115
3131
3111
3128
3124
3132
3135
3134
3133
3120
3140
3121
3161
3136
3139
107
3083
3082
3077
3075
108
3085
3202
3283
3284
3285
3270
3286
117
3200
3206
3237
3228
3287
3288
3215
3212
3210
3289
3220
3213
3224
3218
3290
3217
3291
3292
3293
3268
3258
3294
3295
3275
3261
3257
3296
3196
3297
3207
3298
3299
3300
3301
3277
3194
3190
3189
114
3198
3199
3188
3195
116
3276
3201
3279
3282
3208
3209
3280
3264
3273
3272
3274
3271
3240
3239
3302
3192
3238
3278
3193
115
3230
3229
3303
3227
3223
3232
3225
3214
3211
3216
3236
3219
3226
3281
3241
3222
3221
3248
3234
3242
3235
3233
3231
3254
3250
3246
3243
3244
3251
3304
3252
3249
3253
3245
3269
3197
3203
3204
3247
3265
3263
3256
3255
118
3260
3259
3262
3191
3266
113
3267
3205
5010
5011
207
5100
5040
5101
5030
5102
5022
5021
5016
5103
5035
5104
5034
5041
5028
5020
5027
5025
5015
5038
5037
5024
5023
5014
5039
5026
5032
204
5105
210
5017
5033
5019
5036
5055
5029
5042
5046
5106
5069
5066
5031
5018
5048
5047
5045
5049
5061
5107
5053
5058
5052
5050
5044
5062
5108
5051
5057
5056
5073
5109
5071
5110
5064
5059
5054
5043
5111
5078
5068
5075
5065
5112
5063
5072
5086
5099
5077
5113
5067
5009
5088
205
208
5114
5081
5013
5083
206
5080
5070
5060
5008
5093
5087
5079
5115
5096
5084
5074
5091
5095
5090
5116
5089
5082
5076
5085
5092
5098
203
5012
209
5094
5097
5206
5211
5185
5212
216
5189
5213
5214
5215
5216
5192
5217
5218
5219
5199
5220
5209
5208
5181
5221
5222
5173
5187
5205
5188
5134
5124
5125
5223
5140
5139
5128
5224
5135
5225
5151
5137
5130
5129
5141
5132
5126
5155
5131
5127
5226
5166
5143
5142
5136
5157
5146
5148
5147
5150
5138
5145
5174
5152
5153
5167
5227
5154
5133
5144
5161
5149
5158
5228
5170
5162
5156
5172
5171
5160
5182
5168
5169
5180
5159
214
5119
5163
5175
5177
5164
5178
5204
5183
5165
5203
5118
213
5229
5123
212
217
5120
215
5184
5186
5194
5193
5176
5230
5179
5117
5197
5195
5191
5198
5196
5201
5190
5200
5121
5207
211
5122
5210
5202
224
5300
5314
5323
5306
5231
220
5236
5324
5295
5322
5321
5325
5319
5326
5327
5247
5237
5242
5328
5263
5252
5245
5329
5261
5249
5241
5330
5243
5239
5258
5275
5265
5331
5238
5271
5259
5246
5240
5251
5286
5270
5254
5332
5262
5250
5253
5260
5248
5333
5303
5257
221
5334
5302
5244
5267
5273
5272
5269
5335
5233
5256
5279
5268
5266
5264
5281
5277
5255
5276
5278
222
5336
5337
5282
5338
5339
5301
5293
5308
5296
5285
5340
5291
5284
5294
5287
5341
5280
5313
5305
5316
5297
5307
5298
5290
5318
5320
5317
5315
5288
5283
5274
5342
5292
5299
5289
5232
5310
219
5304
5311
218
5309
5234
5312
223
225
5235
5404
5431
5403
5432
232
227
5433
226
5425
5410
5434
5408
5407
5435
5422
5379
5368
5369
5436
5377
5363
5354
5437
5358
5438
5352
5439
5399
5375
5374
5440
5356
5388
5364
5355
5351
5350
5386
5357
5400
5376
5441
5362
5353
5365
5360
5359
5380
5370
5372
5367
5366
5361
5442
5418
5415
5398
5397
5385
5392
5381
5387
5382
5371
5383
5391
5390
231
5346
5443
230
5394
5393
5424
5409
5373
5429
5421
5444
5384
5378
5406
5428
5411
5445
5446
5405
5348
5414
5413
5416
5396
5419
5420
5402
5447
5395
5389
5426
5417
5401
229
5448
5345
5423
5412
228
5349
5343
5344
5449
5427
5430
5347
8517
8504
8503
8585
8519
8505
8509
8514
8586
8507
8587
8515
8506
8508
8501
8502
8520
8521
8513
8583
8588
8575
8589
8527
8526
8523
8512
8525
8516
8533
8524
8510
8546
8538
8529
8590
8534
8528
8531
8518
8591
8539
8530
8532
8511
8522
8548
8541
8592
8544
8540
8535
8550
8551
8537
8567
8557
8565
8593
8536
8594
8542
8496
443
8581
8595
8543
8561
8549
8556
8560
8555
8545
8547
8554
8552
8596
8562
8571
8563
8597
8584
8578
8564
8553
448
8497
446
8566
8499
8573
8570
8568
444
445
8580
8572
8559
8569
8577
8582
8574
8558
8576
8579
8500
447
8498
8618
8609
8684
8685
8637
8619
8628
8625
8686
8624
8687
8643
8634
8641
8688
8645
8646
8635
8626
8631
8616
8674
8689
8690
8691
8673
450
8599
453
8602
8692
454
8681
452
8682
8615
8605
8603
8693
8613
8607
8601
8621
8608
8604
8627
8617
8612
8614
8623
8611
8606
8632
8598
451
8679
8630
8610
8622
8671
8620
8629
8633
8636
8648
8600
8675
8638
8649
8642
8653
8652
8644
8655
8654
8694
8658
8659
8640
8647
8662
8639
8695
8651
8696
8661
8650
8670
8660
8678
8665
8664
8657
8668
8656
8669
8676
8697
8663
8677
8666
8683
8667
8672
8680
449
8766
8764
8781
8782
8770
8754
8765
8769
8777
8776
8761
8768
8755
8714
8713
8703
8783
8719
8707
8709
8715
8729
8716
8705
8732
8726
8717
8784
8706
8704
8785
8708
8786
8787
8723
8722
8718
8721
8725
8720
8712
8711
8710
8731
8730
8733
8727
8728
8788
8744
8747
8746
8789
8724
455
8741
8740
8735
8742
8738
8699
459
8701
8737
8756
8743
8790
8757
8734
8739
8748
8749
8736
8767
8791
8780
8773
8792
8759
8774
8760
8750
8751
8745
8762
8752
8753
456
8779
8771
8763
8758
8698
8775
8772
460
458
457
8702
8778
8700
8861
8879
8860
8880
8876
8862
8868
8866
8859
8851
8869
8877
8881
8882
8805
8804
8801
8883
8825
8809
8810
8884
8799
8806
8800
8814
8812
8813
8803
8798
8823
8815
8830
8808
8826
8811
8816
8802
8819
8807
8821
8817
8820
8818
8822
8885
8839
8836
8835
8824
8843
8832
8841
8829
8831
8837
8833
8853
8828
8840
8886
8848
8847
8849
8834
8827
8852
8846
8855
8838
8865
8857
8856
8854
8842
8845
8863
8864
8871
8887
464
8797
8850
8844
8888
8872
8873
8889
8874
8793
8858
8870
462
463
8878
8795
466
8890
8796
8867
8875
461
465
8794
8920
8903
8906
8978
8919
8902
8914
8979
8911
8901
8908
8899
8924
8917
8909
8980
8904
8905
8896
8898
8910
8900
8897
8922
8921
8981
8930
8915
8907
8913
8928
8923
8925
8933
8927
8916
8944
8934
8912
8918
8942
8982
8939
8983
8984
8975
8985
8938
470
8895
8976
8986
8929
8937
8932
8926
8936
8931
8952
8940
8987
8947
8954
8949
8948
8941
8988
8945
8946
8964
8943
8935
8955
8977
8968
8989
8969
8957
8956
8962
8961
8951
8950
8953
8958
8960
8959
8963
8974
8973
8972
8966
8971
468
8967
8970
8965
469
8990
8891
467
8892
471
8894
472
8893
9073
9080
9062
9081
9067
9060
9054
9078
9061
474
8991
9082
9083
9051
9077
9064
9076
9063
9009
8997
9002
9084
9014
9013
9005
9085
9015
8998
9018
9001
9010
9011
9004
9021
9012
9003
477
9000
9033
9006
9017
9007
9016
9008
9086
9027
9019
475
9087
9020
9023
9029
9088
9032
9026
9025
9037
9031
9024
9042
9030
9022
9044
9034
8996
9089
9048
9049
9038
9028
8999
9039
9053
9040
9041
9050
9055
9052
9043
9045
9090
9066
9056
9058
9035
9047
9057
9091
9069
9046
478
8992
9036
8993
9072
9059
9070
9071
9065
9075
9074
9068
9079
9092
8995
8994
476
473
9162
9146
9155
9174
9171
9163
9175
480
9093
481
9176
9170
9156
9172
9159
9158
9154
9147
9114
9113
9108
9107
9118
9117
9177
9178
9111
9104
9105
9179
9106
9101
9098
9109
9103
9112
9100
9110
9102
9115
9124
9121
9116
9138
9122
9126
9120
9125
9123
9131
9134
9127
9119
9099
9129
9136
9133
9180
9149
9137
9181
9145
9142
9132
9128
9140
9182
9144
9151
9130
9139
9141
9148
9160
9150
9135
9167
9153
9183
9157
9152
9143
9168
9166
9164
9184
9161
9173
482
484
483
9165
9185
9169
9096
9097
9094
9095
479
9253
9266
9271
9251
9206
9196
9199
9272
9207
9198
9197
9193
9191
9273
9269
9261
9274
9229
9275
9218
9276
9192
9209
9202
9194
9200
9195
9213
486
9277
487
9278
9208
9231
9219
9267
9201
9212
9211
9210
9203
9204
9217
9205
9214
9216
9222
9228
9227
9235
9224
9233
490
9187
488
9221
9247
9215
9226
9220
9240
9239
9279
9225
9252
9280
9255
9258
9243
9190
9238
9268
9254
9260
9259
9241
9244
9230
9232
9223
9234
9257
9249
9248
9245
489
9189
9186
9242
9250
9237
9281
9264
9270
9246
9256
9265
9263
9282
9262
9236
9188
485
14852
14851
14862
14863
14789
14857
14861
14864
14792
14791
14790
14840
14836
14829
14865
14805
14801
14799
14796
14814
14802
14803
14807
14806
14797
14795
14798
14816
14811
14812
14800
14821
14808
14866
14793
14794
14804
14810
14867
14854
14819
14826
14823
14809
14824
14818
14817
14815
14827
14813
14828
14844
14830
14832
14822
14820
14831
14837
14833
14859
14853
14842
14834
14835
14847
14825
14838
14849
14846
14839
14855
14856
14850
14868
14841
14848
14843
827
14860
14845
14858
828
14938
14926
14928
14945
14930
14919
14946
14929
14944
829
14943
14942
14947
14870
14871
14939
14873
14913
14912
14948
14949
14934
14923
14933
14950
14951
14940
14889
14952
14888
14953
14901
14900
14878
14884
14877
14880
14894
14874
14882
14879
14890
14881
14876
14899
14898
14954
14897
14892
14885
14895
14891
14896
14872
14886
14904
14893
14883
14903
14910
14911
14875
14902
14915
14955
14914
14905
14907
14906
14887
14920
14918
14917
14956
14909
14922
14908
14921
14925
14932
14924
14931
14916
14927
14869
14936
14935
14937
14941
14966
14984
14976
14963
15021
15016
15020
15032
14975
14964
14965
14995
14986
14974
14985
14982
14978
14979
14971
14970
14968
14969
14961
14988
14991
14990
14980
15033
14972
14981
14973
14962
14993
14983
14992
14997
15000
14999
15034
15001
14967
14994
14989
14977
15002
15035
15004
15003
15005
14987
14996
14957
15027
15031
15036
14998
15015
15007
14959
14958
15012
15019
15011
15037
15013
15014
15017
15009
15008
15006
15010
15030
15038
15018
15024
15023
15022
15029
15026
15025
15028
830
831
14960
15039
15051
15047
15049
15052
15048
15050
15041
15053
15044
832
15040
15046
15042
15054
15043
15045
15130
15122
15123
15131
15127
15126
15132
15078
15133
15077
15134
15065
15066
15099
15098
15135
15136
15111
15100
15057
15056
15113
15112
15137
15072
15069
15070
15061
15080
15068
15076
15074
15064
15138
15063
15067
15084
15071
15082
15090
15089
15079
15091
15073
15088
15087
15075
15059
15081
15093
15083
15085
15060
15120
15109
15119
15102
15101
15062
15092
15086
15095
15094
15096
15105
15103
15139
15114
15106
15140
15116
15108
15107
15104
15097
15118
15110
15121
15125
15124
15115
15117
15128
15129
15058
833
15055
834
15141
15214
15213
15208
15219
15155
15152
15147
15146
15169
15159
15165
15220
15162
15150
15167
15166
15221
15157
15158
15156
15154
15153
15164
15222
15161
15163
15160
15151
15149
15174
15148
15175
15173
15168
15177
15207
15176
835
15217
15145
15223
15187
15172
15183
15171
15170
15211
15209
15224
15225
15180
15179
15185
15186
15184
15182
15204
15226
15193
15202
15197
15227
15181
15192
15188
15228
15218
15210
15189
15178
15191
15195
15190
15196
15200
15194
15201
15199
15198
15206
15205
15203
15212
15215
15216
15142
15143
15144
15293
15306
15299
15286
15307
15285
15308
15248
15237
15309
15310
15245
15236
15243
15256
15244
15250
15311
15242
15241
15247
15240
15249
15294
15258
15257
15246
15253
15252
15251
15305
15312
15301
15313
15265
15314
15266
15255
15254
15234
15239
15233
15235
15267
15263
15264
15268
15315
15238
15270
15260
15259
15269
15261
15316
15279
15271
15272
837
15304
15317
15282
15281
15303
15289
15273
15262
15280
15283
15318
15278
15275
15274
15287
15276
15277
15288
15284
15319
15291
15296
15295
15292
15290
15300
15298
836
15297
15302
15229
15230
15231
15232
15332
15320
15333
15324
15326
15334
15335
15329
15336
15328
15331
15325
15337
15330
15327
15323
15322
15321
838
840
15340
15339
15349
15344
15345
15346
15350
15338
15351
15352
15348
15341
15353
15354
15343
15355
15342
15347
15356
839
841
15360
15359
15369
15358
15362
15370
15364
15363
15365
15366
15371
15372
15357
15373
15368
15374
15367
15361
15404
15392
15390
15380
15394
15382
15393
15431
15422
15410
15419
15385
15383
15384
15455
15379
15381
15456
15402
15387
15388
15401
15395
15405
15386
15398
15400
15457
15403
15389
15396
15418
15406
15407
15452
15446
15447
15458
15399
15397
15415
15413
15411
15459
15449
15442
15448
15425
15460
15436
15414
15391
15416
15424
15412
15461
15408
15377
15451
15462
15417
15409
15463
15443
15438
15464
15420
15440
15430
15428
15421
15423
843
15378
15427
15433
15435
15426
15437
15434
15453
15429
15432
15444
15441
15445
15439
15454
15450
842
15375
15376
15481
15477
15470
15543
15479
15478
15474
15484
15483
15472
15544
15489
15475
15476
15480
15473
15492
15471
15494
15482
15486
15487
15488
15490
15496
15545
15493
15530
15546
15529
15547
15504
15495
15498
15502
15548
15501
15499
15491
15549
15534
15523
15524
15485
15503
15500
15497
15505
15511
15468
15539
15467
15550
15536
15537
15551
15526
15466
15538
15542
15509
15508
15552
15510
15519
15520
15528
15527
15507
15516
15506
15532
15553
15515
15514
15513
15512
15554
844
15469
15522
15518
15525
15517
15521
15533
15535
15465
15531
15540
15541
15559
15563
15561
15566
15558
15564
15562
15567
846
15565
15555
15568
15560
15569
15556
15557
845
15570
15571
15584
15572
15585
15577
15586
15573
15587
847
15583
15579
15581
15574
15576
15588
15582
15580
15578
15575
15653
15652
15650
15660
15641
15642
15661
15651
15640
15627
15662
15623
15663
15626
15625
15615
849
15592
15591
15664
15589
15590
15657
15656
15611
15602
15600
15595
15594
15605
15609
15608
15598
15665
15596
15618
15617
15607
15610
15599
15597
15601
15621
15593
15604
15616
15606
15603
15666
15613
15654
15624
15614
15619
15612
15622
15620
15634
15636
15629
15667
15628
15630
15668
15631
15632
15639
15633
15637
15645
15669
15635
15647
15638
15643
15644
15658
15649
15646
15648
15659
15655
848
15675
15682
15677
15683
15674
15678
15676
15679
15681
15680
15684
15685
15672
15671
15673
850
15686
15687
15670
1933
1926
1919
1923
1953
1925
1921
1954
1927
1903
1917
1877
1860
1967
1968
1879
1862
1969
1873
1890
1878
1852
1850
1853
1876
1861
1888
1904
1920
1889
1875
1905
1845
2373
59
2371
2448
2449
2366
2450
2451
60
2425
2370
2422
58
2432
2372
2435
2410
2452
2404
2453
2367
2376
2403
2454
2390
2392
2393
2399
2384
2460
2424
2418
2397
2400
2369
2417
2407
2409
2408
57
2423
2368
2434
2433
55
61
56
3369
3400
3366
3401
3362
3360
3402
3361
3364
3367
3365
3368
3385
3403
3404
3405
3388
3384
3387
3372
3392
3406
3407
3380
3378
3374
3309
3408
3409
3410
3346
3345
3337
3411
3306
3313
3307
3412
121
3310
3308
3386
3315
3393
3413
3414
3314
3319
3396
3399
123
3397
3415
3395
3394
3416
3320
3305
3317
119
3417
122
3354
3418
3419
3357
3316
3398
3335
3322
3328
3420
3332
3324
3325
3340
3326
3344
3327
3336
3323
3339
3421
3342
3333
3338
3329
3330
3334
3356
3351
3343
3312
3347
3350
3422
3348
3331
3363
3353
3352
3358
3321
3376
3359
3349
3355
3341
3370
3389
3381
3423
3390
3377
3383
3375
3371
3382
3391
3373
3379
3318
3311
120
124
3527
3528
3529
3530
3427
3531
3428
3532
3533
3534
3432
3429
3520
3535
3523
3536
3537
3538
3449
127
3440
3443
3524
3539
3442
3434
3540
3541
3542
3543
3441
3456
3544
3453
3545
3494
3493
3546
3505
3499
3495
3500
3498
3488
3477
3547
3476
3470
3548
3474
3463
3472
3471
3459
3489
3485
3424
3549
3550
130
3438
3447
3526
3519
3516
3551
3552
3431
3503
3430
3512
3513
3511
3437
3507
125
3445
3482
3469
3458
3553
3481
3480
3508
3446
129
3509
3425
3479
3468
3462
3451
3455
3448
3517
3483
3510
3504
3501
3436
3521
3433
3506
3497
3518
3514
3502
3515
3496
3460
3473
3464
3461
3457
3454
3467
3478
3475
3465
3450
3452
3487
3525
3484
3466
3491
3490
3486
3492
3444
126
3522
3426
3435
128
3439
5473
5461
5457
5543
5465
5463
5456
5544
5474
5462
5500
5486
5468
5485
5471
5470
5545
5460
5464
5459
5477
5466
5476
5546
5469
5458
5482
5481
5483
5472
5475
5467
5489
5547
238
5534
5526
5548
5491
5490
5478
5480
5479
5487
5533
5532
5549
5550
233
5551
5525
5552
5492
5508
5493
5451
235
5518
5553
5524
5516
5488
5507
5503
5504
5517
5497
5484
5554
5496
5555
240
5513
5537
5529
5505
5506
5523
5536
5514
5556
5538
5530
5512
5499
5498
5528
5510
5494
5495
5502
5501
5557
5558
5452
236
5455
5511
5509
5519
5515
5520
5535
5521
5527
5540
5453
237
5531
5542
5522
5539
5559
5541
5450
234
5454
239
5621
5650
5614
5651
5643
5622
5652
5653
5654
5648
5647
5655
5656
5640
5657
5649
5635
5631
5637
5616
5646
5645
5658
5611
5659
5620
5598
5609
5563
5644
246
244
5641
245
5562
5628
247
5593
5592
5582
5660
242
5627
5661
5560
243
5566
5571
5568
5569
5662
5561
5642
5663
5575
5664
5587
5584
5577
5665
5626
5625
5638
5636
5564
5632
5572
5570
5567
5591
5573
5588
5578
5580
5579
5574
5583
5581
5666
5607
5590
5589
5576
5597
5586
5601
5585
5618
5595
5594
5624
5602
5596
5600
5608
5603
5606
5604
5633
5617
5630
5629
241
5599
5610
5612
5623
5615
5605
5613
5634
5619
5565
5639
5716
5704
5706
5761
5757
5740
5762
5763
5739
5764
5765
5732
5710
5722
5753
5755
5692
5688
5766
5767
5744
5768
5769
5770
252
5669
5771
5700
5699
5682
5772
5701
5676
5684
5691
5773
5673
5736
5735
5683
251
5742
5670
5738
255
249
5774
5751
5668
248
5737
250
5743
5713
5693
5694
5696
5695
5712
5702
5727
5715
5674
5677
5775
5681
5678
5679
5675
5680
5689
5709
5690
5776
5686
5698
5687
5703
5777
5685
5705
5697
5725
5778
5717
5707
5724
5728
5708
5721
5714
5758
5779
5760
5720
5711
5734
5733
5723
5719
5729
5746
5718
5745
5748
5754
5780
5726
254
5752
5741
5730
5750
5731
5747
5756
5749
5667
5672
5759
5671
253
5825
5871
5824
5872
5823
5867
5863
5873
5874
5783
5875
5876
5877
5864
5853
5878
5861
5841
5879
5860
5852
5854
5851
5862
5880
5865
5869
5881
5870
5843
5835
5784
5858
261
5882
260
262
259
5883
5855
5884
5885
5886
5849
5785
5850
5866
5859
5838
5800
5793
5788
5887
5807
5797
5801
5888
5818
5808
5799
5790
5889
5817
5798
5809
5890
5795
5794
5789
5802
5792
5812
5803
5816
5815
5796
5804
5811
5810
5832
5806
5820
5814
5805
5813
5822
5821
5827
5856
5830
5819
258
5857
5791
5847
5839
5836
5834
5842
5833
5781
5840
5837
5848
5826
5782
5828
5787
5846
5845
5831
5829
257
5891
256
5844
5786
5868
9348
9342
9368
9369
9352
9364
9356
9363
9350
9353
9365
9351
9357
9283
491
9370
494
9287
9358
9371
496
9366
9302
9293
9295
9372
9301
9373
9304
9294
9291
9299
9298
9297
9306
9290
9292
9309
9300
9374
9296
9308
9315
9307
9289
9314
9325
9335
9334
9317
9288
9319
9310
9316
9326
9321
9303
9324
9313
9375
9318
9305
9333
9311
9327
9322
9312
9320
9339
9376
9377
9331
9284
9367
9354
9359
9378
9323
9330
9343
9340
9329
9344
9328
9337
9336
9361
9347
9346
9362
9345
9360
9286
9341
9332
9338
492
493
9355
9349
495
9285
9453
9436
9452
9464
9461
9465
9445
9462
9454
9448
9446
9437
9444
9400
9393
9395
9392
9390
9389
9404
9391
9398
9466
9412
9407
9467
9468
9388
9384
9386
9403
9397
9401
9402
9387
9394
9409
9408
9417
9399
9385
9396
9405
9411
9410
9413
9428
9418
9429
9423
9406
9415
9414
9422
9416
9425
9427
9432
9421
9424
9469
9434
9433
9439
9430
9420
9470
9442
9419
9450
9440
9441
9431
9471
9455
9426
9438
9435
9449
9381
9458
9456
9472
9443
9457
9473
9451
9447
9463
499
9379
9459
9474
9460
9383
502
500
497
498
9382
9380
501
9497
9487
9484
9559
9491
9485
9560
9561
9501
9494
9486
9562
9500
9492
9493
9488
9498
9483
9480
9490
9495
9489
9482
9481
9506
9499
9511
9509
9508
9507
9525
9505
9503
9496
9478
9548
9563
9564
9524
504
9476
9565
9510
9504
9566
9502
9515
9518
9517
9514
9526
9520
9512
9516
9513
9567
9522
9535
9534
9568
9569
9536
9527
9570
9545
9537
9552
9538
9530
9529
9540
9543
9533
9539
9541
9531
9519
9523
508
9556
507
9542
506
9557
9528
9558
9551
9547
9521
9532
9546
9544
9555
9553
9571
9550
9549
9554
505
9475
503
9479
9477
9611
9659
9603
9660
9610
9601
9661
9602
9590
9591
9609
9584
9616
9662
9615
9663
9617
9629
9628
9664
511
9572
9654
9665
9648
9666
9667
9668
513
509
9655
9575
9647
9646
510
9576
9649
512
9587
9581
9669
514
9656
9657
9600
9586
9595
9670
9583
9579
9577
9671
9599
9582
9578
9604
9596
9605
9588
9597
9606
9598
9580
9589
9592
9585
9594
9620
9593
9573
9618
9614
9608
9622
9613
9624
9621
9627
9619
9607
9634
9633
9623
9630
9635
9625
9612
9626
9637
9645
9636
9574
9653
9650
9672
9641
9640
9643
9639
9632
9642
9631
9651
9673
9638
9652
9644
9658
9689
9682
9680
9688
9685
9684
9681
9761
9687
9691
9690
9762
9697
9683
9693
9698
9686
9708
9707
9700
9699
9763
9711
9696
9764
9747
9728
9739
9719
9716
9714
9710
9765
9722
9712
9724
9704
9694
9695
9701
9706
9679
9692
9703
9709
9702
9713
9705
517
9674
9756
9766
9727
9717
9750
9744
9734
9767
9749
9733
9730
9768
9720
9715
9757
9737
9736
520
9675
518
9769
515
9732
9731
9721
9748
9678
9751
9759
9726
9718
9729
9770
9754
9740
9723
9738
9771
9725
9758
9746
9743
9741
9735
9745
9755
9742
9753
9752
9772
516
519
9677
9760
9676
9856
9857
9858
9859
9854
9853
9860
9838
9836
9846
9840
9829
9843
9861
9795
9789
9784
9862
9779
9786
9782
9783
9797
9780
9794
9798
9863
9787
9785
9793
9777
9792
9781
9788
9791
9804
9796
525
9800
9820
9810
9802
9801
9821
9809
9803
9817
9799
9815
9806
9805
9778
9790
9814
9774
9819
522
9808
9841
9830
9864
9837
9807
9816
9831
9818
9813
9827
9824
9842
9865
9832
9834
9811
9833
9823
9847
9822
9866
9826
9825
9828
9839
9812
526
524
9835
9848
9845
9844
9852
9773
523
9850
9867
9855
9849
9851
521
9776
9775
9888
9881
9882
9952
9878
9875
9874
9953
9917
9898
9916
9954
9879
9890
9887
9876
9900
9889
9883
9892
9884
9877
9880
9886
9873
9895
9891
9955
9885
9902
9899
9904
9908
9897
9896
9956
9907
9903
9893
9894
9912
9911
9914
9905
9901
9918
9909
9906
9910
9926
9913
9927
9923
9938
9929
9957
9945
9931
9958
9951
9944
9928
9921
9915
9959
9930
9924
9935
9922
9934
9933
9936
9920
9919
528
530
9869
9960
9937
9932
9925
9961
9949
9939
9948
9940
532
9950
9871
9962
9963
531
9941
9943
9946
9942
9868
527
529
9947
9872
9870
9964
10049
10044
10050
9973
9972
10051
10052
10046
10038
10053
537
9967
534
533
10037
10013
9992
10000
10054
10001
9993
9994
9987
9979
9969
9977
9985
9984
9976
10055
9970
9986
9971
9982
9983
9980
9990
9978
10056
9981
9995
9988
10057
9991
9974
9975
9996
9989
10010
10007
9997
9999
9998
10014
10004
10006
10005
10019
10018
10024
10020
10008
10017
10023
10009
10011
10002
10003
10058
10012
10035
10015
10026
10025
10016
9966
10043
10040
10059
10032
10021
10060
10034
10033
10031
10029
10041
10061
10027
10028
10030
10022
10045
10048
10039
10036
9968
535
10042
10047
536
9965
538
15755
15744
15754
15765
15743
15764
15766
15760
15767
15689
15761
15688
15690
852
15695
15694
15707
15768
15700
15696
15693
15699
15708
15714
15769
15704
15702
15698
15692
15710
15697
15713
15712
15701
15705
15725
15770
15724
15723
15719
15703
15717
15716
15715
15734
15709
15706
15728
15718
15722
15721
15720
15736
15737
15711
15733
15747
15746
15771
15759
15772
15758
15753
15742
15729
15740
15741
15735
15726
15730
15750
15748
15738
15731
15763
15691
15745
15732
15739
15727
15756
15751
15762
15752
15749
851
15757
15811
15801
15800
15848
15798
15792
15849
15810
15799
853
15844
15777
15850
15843
15851
15774
15842
15841
15775
15835
15825
15852
15853
15834
15832
15828
15816
15817
15854
15819
15818
15855
15815
15787
15786
15856
15857
15785
15784
15783
15780
15779
15790
15789
15791
15781
15796
15782
15797
15802
15788
15795
15804
15778
15806
15805
15793
15858
15807
15794
15809
15808
15803
15814
15812
15859
15821
15820
15813
15860
15823
15824
15822
15833
15831
15827
15826
15829
15830
15861
15837
15839
15836
15838
15847
15846
15773
15840
15845
15776
15869
15871
15873
15874
15875
854
15866
15872
15876
15870
15877
855
15868
15865
15867
15878
15864
15863
15862
15884
15880
15891
15892
15887
15885
15893
15883
15882
15894
15886
15881
856
15889
15888
15895
15890
15896
15879
15897
15968
15972
15973
858
15971
15900
15899
15949
15941
15974
15975
15953
15940
15910
15976
15909
15977
15905
15901
15918
15907
15908
15978
15913
15906
15917
15916
15904
15903
15902
15911
15925
15924
15912
15921
15923
15914
15920
15919
15931
15944
15932
15937
15938
15928
15915
15929
15927
15964
15962
15961
15959
15934
15933
15922
15936
15950
15939
15926
15930
15956
15942
15958
15957
15967
15955
15966
15954
15979
15947
15946
15945
15935
15943
15948
15960
15951
15952
15963
15965
15969
15980
15970
857
15898
16054
16049
16050
16062
16063
15984
16059
16055
16064
859
16061
16060
15985
15982
16058
15983
16000
15991
15999
15990
15992
15986
16005
15989
15995
15994
15993
15988
15987
16013
15997
15996
16047
16065
16003
16007
16023
16010
16008
15998
16009
16026
16006
16002
16001
16017
16016
16066
16067
16018
16015
16004
16014
16011
16051
16046
16068
16012
16020
16022
16033
16025
16069
16024
16070
16028
16027
16029
16030
16019
16021
16032
16031
16034
16045
16035
16043
16052
16036
16071
16053
16042
16037
16038
16039
16040
16048
16041
16057
16044
16056
15981
16093
16080
16086
16150
16122
16121
16151
16152
16091
16082
16084
16078
16088
16079
16076
16077
16097
16087
16095
16085
16081
16099
16089
16100
16090
16083
16105
16092
16094
16102
16101
16153
16110
16109
16098
16114
16103
16112
16104
16106
16123
16115
16154
16155
16096
16126
16116
16108
16111
16120
16119
16113
16118
16075
16148
16147
16156
16107
16072
16073
16145
16117
16127
16124
16149
16146
16133
16130
16132
16131
16157
16125
16135
16158
16128
16129
16136
16137
16141
16142
16140
16144
16143
16138
16134
16139
16159
860
861
16074
16161
16234
16237
16238
16162
16236
16235
16239
16163
16231
862
16164
16188
16167
16175
16166
16184
16171
16173
16240
16182
16181
16169
16187
16174
16232
16215
16225
16212
16180
16165
16170
16221
16241
16214
16220
16210
16217
16242
16176
16177
16168
16172
16179
16178
16195
16193
16243
16191
16186
16183
16207
16194
16244
16185
16230
16228
16245
16226
16222
16192
16199
16198
16197
16196
16189
16208
16201
16200
16206
16205
16246
16211
16229
16203
16202
16204
16190
16218
16216
16247
16209
16213
16219
16233
16223
16224
16248
16160
16227
16251
16260
16250
16261
16253
16259
16262
16249
16254
16255
16263
16256
16264
16258
16252
16265
16266
863
16257
864
16270
16269
16279
16280
865
16268
16272
16276
16274
16281
16282
16267
16273
16283
16271
16278
16284
16277
16285
16275
16349
16344
16338
16358
16350
16339
16328
16359
16317
16360
867
16356
16289
16361
16355
16362
16314
16294
16302
16363
16307
16292
16305
16293
16297
16291
16316
16304
16299
16298
16295
16318
16320
16306
16303
16319
16309
16311
16310
16321
16300
16346
16308
16301
16296
16290
16351
16345
16313
16329
16330
16327
16315
16331
16323
16324
16312
16336
16340
16343
16322
16364
16326
16325
16333
16341
16334
16332
16335
16337
16348
16347
16342
16352
16357
16354
16353
16287
16286
866
16288
16369
16377
16376
16378
16374
16370
16371
16375
16379
16380
16366
16381
16368
868
16367
16372
16382
16365
16373
16394
16395
16388
16386
869
16387
16389
16396
16397
16393
16385
16383
16384
16390
16392
16398
16391
870
16399
16411
16412
16401
16413
16410
16414
16405
16407
16408
16415
16402
16404
16400
871
16409
16403
16406
16432
16420
16427
16491
16425
16423
16424
16438
16426
16437
16442
16422
16431
16421
16479
16465
16467
16492
16450
16493
16440
16429
16439
16451
16433
16430
16428
16435
16452
16449
16494
16436
16441
16455
16453
16443
16495
16434
16444
16446
16445
16447
16458
16457
16459
16456
16481
16496
16478
16497
16468
16498
16464
16482
16477
16474
16448
16460
16463
16466
16499
16473
16470
16461
16462
16472
16471
16454
16469
16476
16418
16488
16487
16500
16483
16484
16485
16475
16480
16489
16490
16486
16419
16417
16416
872
873
16505
16575
16574
16577
874
16525
16527
16517
16516
16528
16515
16526
16513
16514
16507
16512
16508
16523
16522
16511
16510
16518
16519
16506
16544
16530
16543
16529
16521
16520
16509
16524
16531
16545
16533
16578
16579
16537
16536
16548
16547
16580
16532
16535
16539
16538
16501
16571
16570
16541
16542
16581
16554
16551
16540
16560
16553
16561
16534
16564
16546
16552
16549
16502
16572
16576
16558
16557
16582
16556
16555
16550
16559
16569
16568
16563
16566
16583
16567
16565
16562
16503
16573
16504
6.055971 -1.547596 57.39842
7.512166 -3.196412 56.15491
6.165652 -2.673562 56.01666
8.094761 -1.667616 55.9885
7.732953 -1.447403 57.39842
6.819089 -0.5438636 57.39842
8.264882999999999 -3.20655 57.39842
9.578992 -2.290872 57.39842
8.558320999999999 -0.1377989 57.39842
8.597713000000001 0.03344933 55.7655
7.507976 -2.111516 53.33556
6.704211 0.1119754 54.25814
9.997026 -1.149045 54.73136
6.821001 -4.73311 50.05423
8.640077 -3.577142 49.51246
7.266598 -2.101909 48.30651
6.904534 -2.648621 50.73374
4.595889 2.7556 53.98315
5.223946 2.659732 55.89524
7.01064 2.791976 54.08134
7.056499 2.391802 50.78352
4.604603 0.3138176 52.05272
6.031149 4.951041 52.55328
3.867874 2.866722 51.76675
2.801713 4.490188 55.00849
4.980997 5.038503 54.97301
3.313383 2.638726 55.75104
3.70418 4.845379 52.55586
2.252067 1.78351 57.39842
3.795259 1.040281 56.42859
2.448799 0.7569191 55.14028
1.133721 3.1218 55.20099
1.589403 3.62542 52.66025
4.430144 -0.1520803 55.5187
8.958926 -3.229621 54.80328
1.807871 -0.3481804 52.87959
3.392545 -2.247729 52.36115
3.312003 -1.546389 55.40829
0.9778392 -2.913397 55.38575
0.1220014 -0.8465234 54.42566
1.125561 -3.111431 52.75109
0.6102024 2.308485 50.11873
0.1263456 -0.8716346 50.51818
2.79628 -0.1700178 50.09603
7.001883 -0.2193921 51.52562
8.005891999999999 -4.110531 52.29491
5.773773 -4.993093 52.3273
9.967290999999999 -1.269344 49.28771
10.12695 -0.1684683 46.47064
7.976911 1.146213 47.208
6.725576 -4.766925 47.01414
4.298932 -2.415904 49.12841
4.511836 -5.006401 49.54548
3.284577 -4.705164 52.29369
5.380064 0.08976115 56.54329
4.433261 -0.1004343 57.39842
3.743323 2.550146 57.39842
2.01397 3.991987 57.39842
3.966679 4.91288 57.39842
3.20487 -0.6520744000000001 57.39842
1.924847 -0.04714731 57.39842
5.016696 -1.547735 56.16586
4.641244 -1.278679 57.39842
6.435419 -0.7976648 56.12317
4.931479 -2.714743 57.39842
3.490477 -2.587352 57.39842
4.862181 -3.74304 56.17307
6.481099 -3.242247 57.39842
5.507613 -1.899532 54.55425
9.562701000000001 2.322518 52.25101
8.090724 4.04902 52.55479
4.823154 5.03261 50.16534
5.025433 0.9715363 49.0368
7.306534 1.851744 55.95563
4.800662 1.232948 57.39842
6.216577 -4.912171 57.39842
7.106985 -4.618497 54.85024
2.580591 -4.370455 54.96789
3.988603 -4.917841 57.39842
2.01397 -3.991987 57.39842
6.159901 0.2174277 57.39842
9.98978 1.17956 54.77336
5.728159 -0.09653011 57.39842
4.663694 0.06051098 57.39842
8.166192000000001 -3.991987 57.39842
4.809767 -5.031882 54.85418
9.559377 -2.328907 52.08577
10.12917 0.0772772 51.98384
2.468868 4.304377 50.10293
1.643002 3.67642 47.25785
9.869524 1.598543 49.08717
3.427983 -2.060992 46.68879
0.1393392 0.942641 47.03077
0.2977421 -1.559456 57.39842
0.3002502 1.567143 57.39842
5.973479 4.961656 47.63001
0.275343 1.488863 53.38097
8.970601 3.215584 54.88824
1.784525 -3.804171 49.66833
3.231441 -4.684429 46.54181
3.702198 4.844811 47.95945
0.6584335 -2.399774 46.75526
10.12977 0 57.39842
9.574894 2.298885 57.39842
6.203263 4.915205 57.39842
7.187951 4.582288 54.96035
2.160234 -1.983699 57.39842
7.514231 1.156461 57.39842
3.333921 0.5616930999999999 57.39842
9.243003 -2.855111 46.7366
6.102472 2.774965 57.39842
8.801235 3.409656 50.34617
7.10311 4.620187 50.15021
8.349757 3.843557 47.92509
8.264882999999999 3.20655 57.39842
8.166192000000001 3.991987 57.39842
7.112246 0.7590581 59.30211
4.373552 1.776114 58.58602
3.670819 3.524464 59.04272
5.782508 3.7264 60.15013
3.844477 0.2863039 59.26749
5.483302 0.05619367 59.34291
2.509351 1.357442 59.29341
4.347041 2.170872 60.56681
8.052365999999999 2.064519 58.97806
8.238613000000001 3.614123 59.55494
5.687393 -2.102788 58.58085
7.354929 -5.431372 59.27183
6.925515 -2.96261 59.09426
5.51508 -4.296186 58.80356
7.490291 -5.284617 61.78368
3.939167 -2.635938 59.13249
6.515698 -0.3698296 59.08088
6.424297 -6.08739 57.39842
7.440108 -1.071898 58.76741
7.47604 -1.112137 60.51862
8.189178 -3.895728 59.60142
5.304667 -6.374092 60.08004
8.227816000000001 -2.722828 61.78255
8.11327 -2.23717 59.29874
7.20895 -2.560817 45.54085
5.722406 -0.4433177 46.95067
9.816521 -1.749051 44.26305
6.284642 2.274766 75.05576000000001
4.587909 3.776544 73.29854
5.059945 1.69433 75.30410000000001
4.973603 4.000255 75.1465
5.157825 6.380629 71.08686
6.945312 3.67888 72.39618
5.754747 4.869335 70.14821000000001
3.220618 5.772573 71.03478
4.150449 6.239117 68.85142
4.045877 3.976712 68.9734
4.147933 3.466302 71.18988
8.175639 3.954012 71.18374
7.795316 4.868198 69.08483
6.379136 3.384006 68.71664
6.230233 6.169559 68.95448
3.248245 5.792475 75.40367000000001
5.314726 5.302357 76.83923
4.582475 4.455749 76.46529
4.297922 4.785286 77.55714999999999
5.284097 4.022504 77.55714999999999
4.959084 3.863564 77.55714999999999
4.132208 6.233405 77.55714999999999
5.114701 6.381257 75.41425
6.134946 6.204487 73.26768
6.930227 3.608061 74.21808
6.000328 4.870416 77.55714999999999
5.668812 3.989079 76.58432999999999
3.412604 0.5111021 71.47108
2.116039 2.095495 71.22278
4.138152 1.705229 72.49333
4.431926 1.667849 70.39429
1.915359 3.184072 73.30929999999999
3.618013 2.240546 74.66355
7.326522 0.9531745 72.99173
6.194071 2.25568 71.48289
5.470915 0.0546723 71.87982
6.957463 0.6390119 69.99491999999999
4.746452 1.756939 68.20853
1.919532 3.042276 68.98105
4.393021 3.53031 76.72747
5.044451 3.492245 77.18259999999999
5.184131 2.907575 76.27198
5.149848 2.92027 77.09013
4.549964 2.826089 77.05568
6.83219 0.5524166 75.4894
5.004078 0.03291311 75.64248000000001
4.914422 1.592353 76.70878999999999
3.419574 2.602156 77.55714999999999
4.13597 2.370224 76.3262
3.694238 3.544373 75.75179
7.211392 5.568627 66.71724
6.64395 3.359959 66.46915
4.46558 4.444603 66.8223
7.463537 1.097978 67.40973
8.216994 2.6572 66.79297
8.213677000000001 2.638647 69.045
8.156784999999999 4.02795 67.32067000000001
2.606647 5.184408 64.07413
5.166031 4.528381 62.75079
4.750848 6.363176 64.32964
6.159317 3.508928 64.37502000000001
8.015692 4.439501 62.08599
7.012208 5.733366 64.17131000000001
6.178398 2.333661 62.31437
8.204948999999999 2.592574 63.30199
8.169599 3.97852 65.00211
4.135892 2.746187 63.61337
4.996573 2.284441 65.50078000000001
7.912192 1.752226 65.18120999999999
4.326289 2.483936 77.55714999999999
6.630833 4.138848 76.14214
4.042906 1.459092 77.55714999999999
2.074477 2.213826 75.47205
5.283158 0.03762449 63.35969
7.262148 0.8910598 63.23161
8.011393999999999 1.963449 61.14862
6.436758 0.3315144 61.29859
2.053319 4.132535 71.07456000000001
2.138313 2.037605 67.40746
2.471874 5.0022 68.74189
1.972862 3.808474 66.35754
2.759911 1.05024 69.16865
4.135367 6.234402 73.24585
2.523359 5.075054 73.25064999999999
5.828925 0.1189171 73.90618000000001
8.256883999999999 2.981322 73.28979
8.043780999999999 2.042496 75.35912
7.130132 2.685838 76.31605
6.983871 5.754673 75.41998
8.134912999999999 4.105641 75.41907
4.129683 0.1804959 73.62186
7.071091 5.687471 71.15672000000001
8.0571 2.076875 71.27930000000001
5.966509 2.3817 76.60526
5.657063 3.192467 77.55714999999999
5.119948 3.404975 77.55714999999999
5.29288 2.371217 77.55714999999999
3.181466 4.313601 76.68031000000001
6.069013 6.226659 77.55714999999999
2.575287 5.144378 77.55714999999999
1.915296 3.196009 77.55714999999999
2.075466 4.202273 75.42914
3.31052 3.81884 77.55714999999999
6.560943 3.834597 77.55714999999999
8.264882999999999 3.20655 77.55714999999999
7.604875 5.144378 77.55714999999999
1.915283 3.21131 59.45237
2.124756 4.340664 61.66445
2.75195 5.354226 59.54154
6.422853 0.3250425 65.39805
5.980268 1.556241 77.55714999999999
3.220875 0.6403397 75.54666
4.797474 2.198526 77.55714999999999
2.575287 1.268722 77.55714999999999
4.344521 3.36637 77.55714999999999
6.560152 2.571632 77.55714999999999
7.604875 1.268722 77.55714999999999
7.322032 5.464373 59.65998
6.41924 6.089726 57.39842
5.011661 6.380384 59.60897
3.764614 6.091425 57.39842
6.125386 6.207802 65.49517
3.281303 5.815705 66.49944000000001
5.259925 6.376806 66.83374999999999
3.709142 6.065287 61.86364
6.134861 6.204516 61.93955
4.686209 0.05754143 69.68192999999999
3.988643 0.228933 67.81814
5.698197 0.0905328 67.64631
2.934175 0.8760053 67.04367000000001
4.133903 0.17916 65.56261000000001
2.345534 1.61067 65.40673
2.548019 1.304633 73.42471999999999
3.035236 0.7864303 63.14964
1.923988 2.971559 63.70371
2.090888 2.165297 61.41795
7.732287 4.966697 73.29803
4.467051 0.09348052 61.26949
5.070081 3.20655 77.55714999999999
5.026972 2.793539 77.55714999999999
4.132524 0.1795957 77.55714999999999
6.026464 0.1729788 77.55714999999999
5.126597 2.950049 77.55714999999999
3.040035 0.7823635 60.93921
5.110081 3.207329 93.55714999999999
6.352509 3.47235 93.55714999999999
5.110146 3.190455 92.08481999999999
6.49921 4.175176 92.71682
7.094698 1.206609 87.18386
8.515566 1.783662 86.89711
6.60707 2.692531 85.84886
6.728986 3.352545 88.04182
5.53706 4.441703 86.98442
7.576504 3.74393 86.46698000000001
6.00212 4.871609 84.89765
9.015040000000001 2.597346 84.95869999999999
7.386626 3.021556 84.09349
8.909628 4.079265 85.58667
6.492836 3.272578 90.40825
7.215825 2.29437 89.54622999999999
7.15193 4.202997 89.50445999999999
6.39685 1.338048 88.88968
5.290738 2.375894 88.97563
5.115934 3.359452 81.8912
5.119035 3.395587 83.72613
5.563831 1.938043 82.58009
6.851727 3.145648 82.26414
5.46535 2.068631 80.82504
6.453396 3.231269 80.47958
5.616724 4.53692 80.88131
6.933807 5.198767 81.29035
6.413483 5.081317 79.3112
7.585884 3.398884 79.37296000000001
5.613075 4.532813 78.50225
6.124419 3.949131 78.94474
5.208616 3.826575 78.45867
5.110888 3.263354 79.16385
5.882382 3.001135 78.6379
8.938272 4.017548 88.71237000000001
7.780789 5.090734 88.64212999999999
7.899734 1.369039 88.73081999999999
8.966526999999999 2.462502 88.70383
5.227303 3.881196 88.84095000000001
5.755664 1.734968 90.49075000000001
7.149724 1.206943 90.40035
7.054624 5.205781 90.30685
5.691129 4.616009 90.39077
5.193234 2.63585 78.45582
5.565635 1.935847 78.48921
5.110124 3.219684 78.26511000000001
6.28341 1.385393 79.26888
7.641449 1.27843 79.72951
7.819189 5.076621 79.79367000000001
8.602278 4.538221 81.62430000000001
8.899381 4.100086 79.3993
8.822896999999999 2.173951 79.36790999999999
9.104132 3.052399 80.91261
5.889326 4.790771 93.55714999999999
5.344231 4.145578 92.03903
7.114844 5.206544 93.55714999999999
6.394389 5.074112 91.95104000000001
7.787654 5.088277 91.93988
6.364063 2.949342 93.55714999999999
7.880444 3.307087 92.6641
6.494543 3.584251 91.80741
7.644943 3.338315 93.55714999999999
7.283743 4.346304 93.55714999999999
8.370001999999999 4.47907 93.55714999999999
9.110080999999999 3.20655 93.55714999999999
7.330705 2.405643 92.08665000000001
8.330836 1.622329 93.55714999999999
8.87767 2.2708 92.00986
7.829396 1.340381 91.97449
8.370001999999999 1.93403 93.55714999999999
5.700007 1.788209 84.54555999999999
5.115228 3.349937 85.56643
5.39916 2.170814 86.16125
7.014331 1.208843 83.0934
7.545146 1.254444 85.1574
8.406701999999999 1.683798 83.50185
5.120095 3.006656 87.34887999999999
6.237371 1.407001 86.05907000000001
5.752138 1.738221 87.48429
6.928322 5.198274 86.86356000000001
6.245194 5.009872 88.65657
7.394097 5.186281 83.27015
7.837362 5.069629 85.22229
5.803304 4.720595 82.71714
8.806229999999999 4.266305 83.84151
8.450032999999999 4.691316 87.02396
5.359361 2.239606 92.06538
9.109699000000001 3.245634 86.98277
6.658459 1.258208 81.18722
8.342128000000001 1.631095 81.49566
7.860562 3.373279 91.3214
9.089947 2.923478 82.75181000000001
5.110402 3.1707 90.63197
9.110023999999999 3.221698 92.02799
9.109883 3.234724 90.51481
8.515537999999999 1.783634 90.37172
8.461722 4.680682 90.33367
5.386571 4.221199 79.51697
7.286795 2.067955 93.55714999999999
7.648451 3.073134 93.55714999999999
9.110080999999999 3.20655 77.55714999999999
5.11277 3.310229 80.36452
6.417109 2.269171 92.72266
7.015329 2.099263 78.50095
6.434137 1.324238 92.00093
8.861815 4.171655 92.00178
5.317552 2.319511 79.49945
8.330836 4.790771 93.55714999999999
5.889326 1.622329 93.55714999999999
7.118092 1.206566 93.55714999999999
1.748978 1.704988 79.31010999999999
1.229782 2.423417 81.09619000000001
2.538093 1.278601 81.08338000000001
2.834527 3.688752 80.67464
4.017957 4.967667 81.93516
2.283181 5.045242 82.73130999999999
3.200797 3.032968 82.62727
1.336905 4.204599 81.00403
3.208831 1.211369 79.25452
4.496653 1.804804 79.2988
4.065048 2.436242 78.35241000000001
1.247758 2.382451 77.55714999999999
2.652647 2.823903 78.79982
3.417284 5.176182 79.02918
4.230481 3.566699 78.74299000000001
5.023291 3.636632 78.26908
4.661173 4.418337 78.83076
1.070745 3.258084 79.30092999999999
4.934777 3.929675 79.94027
3.560705 2.340884 79.68343
5.039835 2.860042 79.98823
4.770602 2.153826 81.1527
4.998873 3.735475 81.27885999999999
4.260869 4.813418 80.29996
5.051695 2.935983 78.17189999999999
4.962585 2.559688 78.81399
1.076137 3.362077 82.86506
4.093238 1.488077 84.89267
2.838231 1.220034 86.37869000000001
4.702012 2.050349 86.50006
3.051449 3.507694 85.71771
5.06739 3.102828 84.47597
2.486768 3.000323 87.39086
4.933527 3.93289 86.7715
4.306668 4.778445 85.34356
3.95846 1.414684 82.83047999999999
2.265877 1.37536 88.44356000000001
1.49067 1.979578 87.05145
1.212265 2.465929 85.0746
1.074213 3.335043 87.08211
2.738535 5.178878 84.7998
3.206918 5.201864 86.88225
1.519161 4.469344 85.89537
4.112664 4.913307 83.67915000000001
2.673568 1.24625 84.41471
1.691181 4.655216 87.45191
1.195146 2.510405 88.67140000000001
1.807131 1.655758 82.9178
1.390146 4.291824 84.23632000000001
1.827851 4.773989 79.20281
5.020596 2.764406 82.57254
4.902631 4.007649 82.82823999999999
3.871152 1.373988 80.78717
2.763695 5.182943 80.74112
1.250955 4.037683 77.55714999999999
5.059621 3.410833 79.03648
6.707484 5.672937 106.2564
7.085077 5.738743 105.2045
7.191536 5.064528 105.7989
6.620256 5.237329 105.779
6.675218 4.671205 105.3113
7.861377 5.490483 105.2188
7.776365 4.887627 105.8193
7.443614 4.526027 105.3809
7.46201 5.688842 106.2564
6.268586 5.416774 99.50859
7.303416 4.418426 98.51331999999999
7.479071 5.683748 99.60612999999999
7.065595 4.517841 99.89296
8.321346 4.825823 99.68911
7.602137 5.638933 97.28437
8.015712000000001 5.354989 98.4979
6.872613 5.71641 98.38381
7.267819 4.578133 97.22417
5.876772 4.736654 98.03361
6.272169 4.27823 105.8122
6.676741 3.84966 104.9968
7.12894 3.989174 105.4305
6.670595 3.772808 106.2564
7.083699 3.669069 106.2564
6.596627 3.32852 106.2564
7.215314 3.479482 105.8965
6.762498 4.606777 104.3386
5.867807 4.268936 104.3432
6.228442 3.579007 104.5033
6.676086 3.296256 104.7627
7.499232 4.056162 104.5419
8.056672000000001 3.647586 94.85697
8.352762 4.686787 94.85814999999999
7.140937 4.404825 94.48533999999999
7.489852 3.277748 96.16041
6.207161 3.600357 96.64118999999999
7.246079 4.501996 96.1208
5.937409 4.018374 105.3451
7.000715 5.734236 96.08094
5.954026 4.980008 96.31998
6.502538 5.582833 97.22495000000001
8.299579 4.063744 105.3628
8.355301000000001 4.287166 104.3312
8.100391 3.700169 104.6101
8.110094 5.245475 96.10804
8.317788 4.120122 96.10603
8.012772 3.600122 97.22341
6.972386 4.531133 105.8658
5.890864 4.796735 105.2761
6.561429 4.567343 106.2564
7.094133 3.21925 104.7737
7.613981 3.324304 104.5515
6.961177 3.227979 103.7959
6.329116 5.467754 105.2258
6.112084 5.248098 106.2564
8.108078000000001 3.710043 106.2564
7.89771 3.495687 105.4191
7.362321 4.178837 105.8959
6.43784 4.114848 106.2564
6.913415 3.915218 105.9038
7.126867 4.597261 106.2564
7.679375 4.440134 106.2564
8.197417 5.115547 104.1974
8.369133 4.525871 103.1935
7.271429 4.940126 103.1472
7.99761 3.584814 103.5417
8.321816 4.824177 105.2629
6.640941 5.64839 104.1439
6.195865 5.346025 103.1019
7.5154 5.672015 104.1375
7.527822 5.667722 101.9241
8.293352000000001 4.911817 101.9915
7.076415 4.489784 101.7746
8.201840000000001 3.850212 102.1846
7.376291 3.247594 105.4563
6.847233 3.246872 105.5091
7.092163 3.219277 106.2564
7.571369 3.306631 106.2564
8.370001999999999 4.47907 106.2564
7.381868 5.070018 106.2564
8.108078000000001 5.248098 106.2564
6.871442 5.038528 106.2564
6.004104 5.082573 104.2234
7.911332 3.506755 99.50496
6.507864 3.372392 98.53055000000001
8.341642 4.213254 100.8569
8.187269000000001 3.825567 98.23211000000001
8.368682 4.421419 98.68628
5.894413 4.148085 95.0104
6.840906 3.248239 94.98625
8.355810999999999 4.667641 97.41410999999999
5.872185 4.244517 99.64573
5.943016 4.00435 101.0795
6.637632 3.311084 100.1898
7.598146 3.317522 98.23123
7.108958 3.21915 97.35581000000001
5.99949 5.074039 100.7989
6.915008 5.723798 100.7532
8.009987000000001 5.360869 100.8032
6.488805 5.575162 101.9403
7.636445 3.334369 101.1131
6.331744 5.469824 94.88144
7.696266 5.594323 94.81704999999999
5.886732 4.78043 102.0668
7.399454 3.25283 102.4964
7.956575 5.412264 103.0686
6.008395 3.86777 102.3586
6.626471 3.315661 101.6257
6.120144 3.699695 103.496
6.574179 3.338803 102.7665
6.338785 3.482825 105.4419
7.046133 5.737368 103.0345
5.850806 4.519417 103.2591
6.112084 3.710043 106.2564
7.476145 3.815567 106.2564
7.184589 4.160882 106.2564
5.850656 4.443714 106.2564
6.994406 4.079801 106.2564
7.102144 4.47907 106.2564
7.115592 5.738979 93.55714999999999
7.694765 1.718307 106.2564
7.594496 1.157151 105.7689
7.401296 1.827186 106.012
7.734694 2.007252 105.681
8.305323 1.535537 105.1976
7.407296 1.681388 104.9118
8.108078000000001 1.165002 106.2564
7.429469 1.303636 106.2564
7.461742 0.7241803999999999 106.2564
8.291358000000001 2.372191 96.35207
7.425796 3.153753 96.1764
7.159465 2.027875 96.27961999999999
7.080643 2.019773 97.33428000000001
6.002062 1.334283 99.5727
6.173888 1.090855 97.92077
5.869071 2.151503 98.69607999999999
6.986844 1.73551 98.93051
7.794924 2.99157 97.62860000000001
6.678719 3.117807 98.64936
6.989159 3.188135 100.1507
8.087033 2.729622 99.26011
6.883001 1.70015 100.2022
6.008455 2.545439 99.89501
7.065738 2.034737 105.5768
6.596576 1.652002 105.0477
6.875587 1.317239 105.788
7.060582 0.6750815 105.1846
6.604081 0.780182 104.1432
6.992512 2.444855 104.7078
6.476615 1.961982 105.7647
5.937334 2.394536 105.3112
5.866478 2.136149 104.3044
6.00097 1.336305 104.2271
6.908059 2.04444 105.9682
7.518954 2.623737 106.2564
7.221441 2.93533 105.8867
7.586056 3.100584 106.2564
7.707226 2.711467 105.85
6.598067 2.671664 105.8605
7.220589 2.535085 105.4726
7.133203 2.402382 105.95
7.360533 3.168807 105.427
6.378205 2.235689 106.2564
6.716994 2.614505 106.2564
7.021615 2.282379 106.2564
7.102144 1.93403 106.2564
7.12445 2.034873 106.2564
7.155112 1.694224 106.2564
6.906778 1.412536 106.2564
6.805025 1.808558 106.2564
8.108078000000001 2.703058 106.2564
8.309530000000001 2.319676 105.2635
7.718295 2.217055 106.2564
6.334203 2.92671 105.404
7.10956 2.747534 106.2564
7.098501 3.193898 106.2564
6.600079 3.086114 106.2564
7.902051 2.91392 105.3398
6.213694 2.819406 104.4282
6.654394 3.108657 104.6881
7.055496 3.192768 104.708
7.540719 3.11807 104.4994
6.908469 3.177715 103.6731
6.88406 3.173512 94.87124
5.90219 2.292359 94.89945
6.828503 1.557019 94.20634
6.464121 1.78031 106.2564
6.30064 0.9685212 94.95408999999999
6.836367 3.16386 105.4799
6.747057 2.107356 106.2564
6.112084 2.703058 106.2564
6.603549 0.7804153 100.6559
7.758607 0.8538377 100.5097
7.074426 1.88364 102.1401
8.368563 1.873833 97.80707
8.191319 1.287249 99.18312
6.227518 2.833187 101.1628
7.072238 3.193382 101.4164
6.756047 3.143187 97.23773
5.956979 2.441727 97.49148
7.02223 0.6771754 99.25408
8.111973000000001 1.170083 96.41987
7.594147 0.7708096 97.83488
6.876801 0.6958935000000001 96.42531
8.35374 1.732253 94.99943
8.057406 2.764678 94.91285000000001
6.245752 2.850729 96.1451
5.893456 1.606579 96.31545
5.919953 2.347547 102.2303
6.562008 3.068497 102.3933
7.673828 0.8072687 94.97563
7.915502 2.902895 100.9256
8.369137 1.887347 100.5569
5.870382 1.709205 101.0553
6.931667 0.6868050999999999 102.9945
7.815166 0.8898762 102.9412
7.309861 0.6900488 101.7837
6.356273 0.924488 101.956
8.173786 1.258802 101.7702
8.336546 1.645614 103.0012
7.280331 2.32231 103.2053
7.625334 3.083776 102.424
8.320218000000001 2.284699 101.9608
5.852733 1.853551 103.27
5.911032 1.547141 102.3005
7.822527 0.8948849 105.175
7.224725 2.331522 106.2564
7.383469 1.999196 106.2564
7.118135 0.6741346 93.55714999999999
6.180891 1.083144 103.1534
8.110324 2.700134 104.3432
7.730707 3.03049 103.5868
8.225612999999999 2.519684 103.2145
6.092663 2.677173 103.3618
8.370001999999999 1.93403 106.2564
8.127973000000001 1.191536 104.0789
7.432307 0.7160105 104.0758
8.369085 1.982093 104.1767
5.85077 1.973217 106.2564
5.889719 1.620792 105.2692
6.112084 1.165002 106.2564
6.322866 0.9503154 105.2228
6.733205 0.7317964 106.2564
7.850886 4.487785 116.3357
7.912101 5.272771 116.3357
8.411719 4.98407 116.3357
8.002548000000001 4.423049 116.0941
8.636732 4.802051 109.479
7.95419 4.462517 110.3144
8.000874 5.267748 110.0594
7.909616 4.468117 109.3203
7.132508 4.63004 111.6242
7.26999 4.012011 111.7562
7.222009 4.086309 110.8809
7.928427 4.601452 111.3232
7.15315 4.245543 112.4629
7.962975 4.66434 112.1276
7.558229 3.768433 112.4005
7.291925 4.974869 109.5581
7.120839 4.412212 110.049
7.761543 3.699707 111.5049
8.637268000000001 4.800844 110.6951
8.427633999999999 5.082222 111.6507
7.980553 5.26978 110.9983
8.202166999999999 5.217718 112.4946
7.617134 5.216078 112.587
7.860246 5.2711 111.8359
7.382701 5.070763 111.9838
7.454712 5.127997 111.3726
8.632469 4.811454 112.4149
8.700123 4.570611 111.6306
8.648586999999999 4.184138 112.2975
8.411719 3.97407 116.3357
8.463274 4.106369 115.9418
8.705418999999999 4.47907 116.3357
7.279922 4.959481 110.6236
8.202527999999999 3.740565 112.2703
8.508895000000001 3.95625 111.2627
7.190921 4.811352 112.5208
7.194281 4.139594 109.1642
7.377894 3.89171 110.0309
7.901823 3.685432 109.5285
7.931743 5.272518 109.0319
8.026937 4.588757 112.8498
7.248555 4.91516 108.5061
7.823991 3.690233 108.4867
8.560828000000001 4.022324 110.0992
7.909135 3.685374 110.5604
8.468258000000001 3.913187 113.1327
8.527984 3.978893 109.0112
8.705418999999999 4.479083 113.1717
7.899976 3.685457 113.1625
8.209409000000001 3.743312 113.9658
7.776187 4.404588 113.6236
8.467784 5.04542 113.2339
8.642246 4.168763 113.9671
7.912143 5.272771 113.2771
7.335308 3.933441 113.228
7.118324 4.501118 113.264
7.601807 3.748375 113.9924
7.503749 4.653645 115.9935
7.356083 5.045841 113.2918
7.175755 4.181887 114.0239
7.180263 4.787182 114.0393
7.908284 3.685377 114.7693
7.757632 4.452445 114.4044
7.352742 3.915593 114.789
7.863971 4.443785 115.243
8.21515 5.21248 114.0275
8.646165999999999 4.779982 113.9974
8.703645 4.532113 108.5581
8.465925 5.047239 108.557
7.841253 4.717725 107.6887
8.626524 4.824053 107.7343
7.94825 5.27193 107.9831
8.471227000000001 5.042018 114.7942
8.705403 4.473957 114.7822
7.779676 4.118032 115.9374
7.608355 5.212508 114.0428
8.465292 3.910285 114.7694
7.193067 4.142173 108.2033
8.686009 4.304616 107.0391
8.548795 4.005684 107.9359
8.032207 4.528189 107.031
8.238467 5.202393 107.1706
7.913998 3.685373 116.3357
7.623787 3.739438 115.5595
7.427261 3.850372 116.3357
8.396176000000001 5.107769 116.3357
8.241288000000001 4.67068 115.9437
7.184986 4.159978 115.5762
7.118029 4.483199 116.3357
8.639193000000001 4.796468 115.569
7.427261 5.107769 116.3357
7.185731 4.799854 115.5792
7.355479 5.045249 114.8118
7.118021 4.481109 114.8101
7.853808 4.470705 116.3357
7.13091 4.621542 107.6475
7.625122 5.219221 115.5703
8.588521999999999 4.893676 106.878
7.689219 4.834393 106.6414
7.230308 4.886059 106.96
7.699441 5.243857 107.0413
7.912898 5.27277 114.8058
8.359693999999999 3.823877 107.0209
7.795059 3.69399 106.9363
8.200194 5.218491 115.5686
7.795089 4.71299 115.8875
8.198366 3.73894 115.5542
8.636856999999999 4.15637 115.5598
8.035626000000001 3.695101 107.6245
7.388338 5.075755 107.649
7.519186 3.789231 107.6371
7.122916 4.391032 106.9163
8.396176000000001 3.850372 116.3357
8.55419 4.013032 106.2564
8.705418999999999 4.47907 106.2564
7.191958 4.144549 107.4782
7.33043 3.938641 106.915
6.595427 5.219071 115.5818
6.172055 4.759637 115.1815
6.868944 5.041031 114.8487
6.61398 4.475248 115.6157
6.792901 5.107769 116.3357
7.034731 4.799174 115.6062
6.430693 4.836011 115.9885
6.125552 4.208153 115.9339
6.14391 4.372986 116.0808
5.93098 4.656555 115.9209
5.838559 5.118734 107.0419
6.532706 4.668561 106.7509
6.498611 4.788709 107.338
6.109314 4.343131 106.9885
6.529833 5.241269 106.9912
6.691668 4.219661 106.5804
7.079767 4.291931 106.8955
7.023737 4.82304 106.9519
5.763985 3.901554 114.746
6.457117 4.081275 115.1788
6.41165 4.602309 114.4576
7.102144 4.478381 114.8704
5.584596 4.153486 115.5513
6.594446 3.73869 115.5776
7.034163 4.157679 115.6029
5.582277 4.79945 112.3307
5.515265 4.450276 111.5724
5.796662 5.085733 111.4492
6.290113 4.405512 111.7144
5.572386 4.776023 109.8096
5.932024 5.177833 110.443
5.515346 4.448134 110.6383
6.287131 4.531809 109.695
6.042539 5.226904 112.4317
6.306103 4.595656 110.8063
5.981607 5.202354 109.507
7.074051 4.269772 111.8518
7.005046 4.098669 111.0186
6.608266 3.744178 111.5589
5.868636 3.818366 111.3109
6.132109 3.705206 112.267
6.406355 5.266709 111.8494
6.726303 5.15387 110.0898
6.525423 5.242536 111.0635
6.719359 3.80002 112.3213
6.342621 4.449301 112.6015
7.081013 4.297143 110.1216
7.059346 4.736181 110.9663
6.581682 3.733885 110.6976
6.933064 4.968774 111.7982
6.476025 3.703263 113.1321
5.810604 3.860914 113.1082
6.686814 5.176778 112.56
5.75742 5.050326 113.1897
7.101629 4.450471 113.4036
6.999043 4.087877 112.7734
6.917472 3.970105 113.4993
5.537821 4.669074 108.8479
5.59435 4.132616 109.6021
5.960507 3.765698 110.2647
5.766399 3.899288 108.6721
6.268914 4.550846 108.589
6.640004 3.75794 109.8817
5.609505 4.102978 112.2705
5.51529 4.449603 113.1255
6.902897 5.004985 113.3357
7.076698 4.678435 112.5998
5.588851 4.144186 113.9315
6.282694 4.34934 113.7176
6.059621 3.725381 113.9454
7.047139 4.769396 114.1195
7.045356 4.184248 114.1484
6.630193 5.204631 114.0769
6.011995 5.215331 114.0167
6.345345 5.271913 113.2721
6.867666 3.915838 114.8425
5.514863 4.46525 114.7516
6.646804 3.761106 114.0551
5.747419 5.040508 114.7816
5.571634 4.774149 113.9622
5.823986 5.107769 116.3357
6.249869 4.487513 116.3357
6.537242 5.239078 109.1966
7.031167 4.807141 109.2661
6.719485 5.158044 108.4949
6.035313 5.224295 108.6086
6.954821 4.018466 109.1014
6.02327 3.73837 115.549
6.320273 3.685458 114.7807
6.201341 3.692629 109.3288
6.018037 5.217734 115.5635
6.308478 3.68537 116.3357
5.823986 3.850372 116.3357
6.515981 4.181074 116.1226
5.51475 4.482439 116.3357
6.808444 3.97407 116.3357
7.102144 4.47907 116.3357
6.309791 5.27277 116.3357
6.808444 4.98407 116.3357
6.311591 5.272765 114.8125
5.580306 4.794945 115.5584
6.256868 5.271093 107.7873
6.025134 3.737655 107.799
5.556161 4.226026 107.9083
6.217442 4.489883 107.7906
6.455015 3.699021 108.4678
6.249505 4.470585 116.3357
5.515923 4.522333 107.0748
6.878993 5.030825 107.7114
7.090349 4.615393 108.4056
5.757982 3.907272 107.0557
6.966399 4.035162 108.1562
7.102105 4.486964 107.6087
5.648122 4.919452 107.8903
6.627379 3.752269 107.6372
5.593692 4.133975 106.2564
6.977814 4.052568 107.4335
6.792901 3.850372 116.3357
5.572654 4.776684 106.2564
6.821382 3.873385 106.9032
6.330482 3.685676 106.987
8.705418999999999 1.93403 106.2564
8.578187 1.503007 106.9027
8.694706999999999 2.063989 107.0656
8.088498 1.633589 106.6076
7.739441 1.159252 106.9959
7.855225 1.925828 116.3357
7.427261 1.305331 116.3357
7.118022 1.931452 116.3357
7.542622 1.972037 116.0354
8.231284 1.207505 107.1752
7.16533 2.203963 106.7975
7.1261 1.821054 106.8325
7.407203 1.770264 106.5477
7.29685 1.432136 106.8796
7.501914 2.157868 106.5462
7.623961 1.734978 107.227
7.960196 1.141811 110.1699
8.524667000000001 1.429793 110.7261
8.643749 1.627286 109.9012
8.024403 1.763245 110.7622
7.841124 2.724585 109.7115
8.569387000000001 2.378364 109.7522
8.166878000000001 2.685598 110.6123
7.898667 1.988989 109.8045
8.220725 2.665108 112.3239
7.804046 2.720393 111.4852
8.50456 2.461761 111.4762
7.964526 2.090771 111.5832
8.679819 1.734073 111.4977
8.080135 1.158403 111.405
7.252849 2.376581 110.6355
8.700481 1.845634 108.8733
8.356719999999999 2.591247 108.8435
8.000551 1.969106 108.6679
8.687290000000001 2.102701 110.6555
7.675166 1.1764 109.01
7.199743 1.583243 109.859
7.321544 1.403319 110.8753
7.441314 1.294749 111.7721
8.344642 1.268795 109.3281
7.137838 1.757764 108.8821
7.227293 2.335928 109.4737
7.841624 1.143431 112.5297
7.813956 1.809353 112.3874
8.698059000000001 1.82619 113.1575
8.679186 2.1364 112.3216
8.517669 1.421405 112.3366
7.570216 2.650505 112.3785
7.289845 2.427218 111.6639
8.010398 2.140191 106.7653
7.186464 1.611592 115.5853
7.154769 2.172752 112.4351
7.427261 2.562728 116.3357
7.697217 2.344648 115.9227
7.18457 2.252174 115.5743
7.12094 1.86599 111.6034
8.366187999999999 1.283324 113.2384
8.504968999999999 2.4613 113.1451
7.911569 2.72773 113.1675
7.329664 2.473635 113.2046
7.847784 1.878643 113.2215
7.856773 1.942058 116.3357
7.221148 1.542784 112.4775
8.660066 2.198485 113.9689
7.399293 1.32791 113.2925
7.119644 1.883251 113.243
8.331677000000001 1.260535 108.5618
7.60614 1.201512 114.092
7.188543 1.606955 114.0498
7.875785 1.141143 113.4226
7.171296 2.219923 114.0163
8.620217 1.576272 113.9963
8.411719 2.43903 116.3357
8.250745999999999 1.770974 115.9542
7.986736 2.101269 115.9089
7.603354 2.665379 113.9873
7.758159 1.951368 114.4232
8.476054 2.303834 115.9555
8.620868 2.290496 107.959
8.602531000000001 1.543212 107.8118
7.123624 2.028201 108.0076
7.461424 2.587632 107.9631
7.226178 2.334023 108.6248
7.681494 1.884175 107.9457
8.480511 2.487597 114.7603
8.705088999999999 1.911139 114.7776
7.914198 1.140333 107.9272
8.456203 1.356537 114.8081
7.847181 1.974832 115.2315
8.182359 1.187897 114.0709
8.370982 2.581361 107.106
8.640574000000001 2.248243 115.5631
7.176588 1.634792 107.4732
7.320675 1.404286 108.1838
7.45873 1.282292 107.5108
7.903789 1.140369 114.8293
8.231449 2.660482 113.9615
7.123026 2.023046 107.3239
7.363387 2.507871 106.754
7.270793 2.402191 107.354
7.737784 2.708438 107.0985
7.35636 1.366988 114.828
7.118068 1.925131 114.8082
7.664488 2.688243 108.7756
7.790936 1.581668 115.9644
8.070829 2.711619 107.9559
7.91555 2.727721 114.7662
7.351099 2.495872 114.7857
7.915038 1.140336 116.3357
7.623994 1.194317 115.5813
8.411719 1.42903 116.3357
8.635467 1.608226 115.5705
8.196947 1.193351 115.5749
8.396176000000001 1.305331 116.3357
7.625034 2.674147 115.5563
7.914172 2.727727 116.3357
8.203391 2.672195 115.5498
8.396176000000001 2.562728 116.3357
8.705418999999999 1.93403 116.3357
8.560356000000001 2.391447 106.2564
6.294194 1.140457 114.7486
6.347339 2.139682 115.1444
6.861829 1.365061 114.7681
6.430256 2.032292 114.4358
7.102144 1.93403 116.3357
6.808444 1.42903 116.3357
6.901114 1.541934 115.97
6.792901 1.305331 116.3357
6.597963 2.673042 115.587
7.03542 2.252566 115.5825
6.299119 2.250265 115.8161
5.579321 1.620435 115.5712
5.584628 2.259685 115.5886
5.954041 1.773663 115.919
6.024431 2.675176 115.5899
6.892513 1.396607 113.146
7.086171 1.775597 112.3707
6.648939 1.217075 112.2622
6.361995 1.965444 112.8716
5.917177 2.624588 109.6901
6.518482 2.699435 110.6852
5.715933 2.462132 110.8226
6.302817 1.770621 109.9018
7.003928 1.551588 111.4567
6.368157 2.001044 111.1437
6.305126 1.140336 111.36
6.34878 2.047789 112.0472
6.818404 1.325835 108.8445
6.071685 1.176464 108.8292
6.461662 1.155259 109.6612
6.273748 1.932432 108.8336
5.781863 1.340167 109.5831
7.06303 1.68794 109.6923
6.783569 1.29825 110.5444
5.972896 1.214746 110.4472
5.614303 2.318907 111.7251
5.573633 1.634007 111.271
5.517331 1.869991 108.8966
5.518596 1.855914 110.1179
6.429253 1.149577 107.9531
5.775366 1.345992 108.1557
6.367967 1.947311 107.9257
6.955249 2.394033 111.6537
6.171464 2.715821 111.6478
7.090092 2.071823 110.6302
5.518758 1.854297 112.3437
5.900367 1.25327 112.2173
6.274792 1.141043 113.0995
5.681573 1.44721 113.1337
6.545271 2.691574 112.4943
6.996519 2.329647 112.5866
5.527034 2.073167 113.2513
5.812993 2.554102 112.5876
6.385818 2.10338 113.7125
7.021948 1.586364 108.1268
7.077354 2.130849 108.7883
6.145896 2.710907 107.9324
6.481235 2.708693 108.8381
5.828284 2.566017 108.6866
5.970809 1.215724 113.9455
5.556178 1.680935 113.9968
6.859 2.505736 109.722
5.590911 2.273305 114.0948
5.780662 2.526826 113.4579
6.257507 2.726094 113.3269
6.603295 1.197129 113.946
7.04619 1.6413 113.9902
6.792901 2.562728 116.3357
6.307905 2.72773 116.3357
6.869328 2.285935 115.9649
6.808444 2.43903 116.3357
6.592849 2.675025 114.0802
6.016445 2.672066 114.1172
6.591141 1.192381 115.5492
7.033534 1.611222 115.5653
6.826042 2.535738 113.3027
6.896099 2.467529 106.7759
6.497116 2.704979 107.1032
6.179909 2.130846 106.6311
7.032338 2.25951 114.0446
7.100305 1.988024 113.2474
6.862471 2.502373 114.826
7.019812 1.582014 106.8732
6.542881 1.175743 107.003
6.413799 1.899321 107.2792
6.729506 1.685609 106.551
6.312339 2.727721 114.847
5.603694 2.299117 106.2564
5.515964 1.978034 107.0923
5.602655 2.297104 107.9362
6.77638 2.575119 108.0222
5.539581 1.737024 107.8786
6.879088 1.382373 107.4845
7.079207 2.123463 107.9771
5.736748 1.383462 114.7715
6.185616 1.57698 106.6645
7.102137 1.937286 114.8024
5.514978 1.953362 114.816
7.096536 1.839848 107.4462
5.827537 2.565449 107.0957
5.760003 2.507766 114.8504
5.823986 2.562728 116.3357
6.54877 1.796362 115.9051
6.248709 1.942611 116.3357
6.014353 1.196825 115.5501
5.818924 1.309265 107.2019
5.823986 1.305331 116.3357
5.514768 1.940389 116.3357
6.249217 1.92551 116.3357
6.308789 1.140329 116.3357
6.721231 2.162484 106.5377
6.974447 2.365771 107.3791
7.087797 2.084257 106.8384
5.573438 1.634485 106.2564
7.875883 5.482785 120.6003
7.6339 5.399783 120.0426
8.136927 5.430479 120.0419
8.024133000000001 5.104053 120.2536
7.629369 4.571422 120.5687
7.414086 4.935476 119.9304
7.44321 5.158712 120.5696
7.537182 5.315314 119.4183
7.888865 4.972479 119.4724
8.331984 5.254952 120.5324
7.948513 5.05855 120.7721
7.698143 4.53198 119.7238
8.126286 4.53245 120.1412
8.185665999999999 4.565797 120.7501
8.387067999999999 4.829011 120.4498
8.411704 4.980267 119.9172
7.416678 4.913824 121.1502
7.613296 5.385249 121.146
7.902892 5.483992 119.5998
8.380096 5.159064 123.8359
8.003002 5.189187 124.0565
8.117792 5.439629 123.8371
8.016927000000001 4.955211 123.6046
7.963862 4.486797 121.215
8.179653999999999 5.40622 121.198
8.278646999999999 5.323723 119.4601
8.409343 4.935387 119.3172
7.809088 4.494717 118.9675
7.431908 4.843422 119.1827
8.359125000000001 5.207292 118.8421
7.951057 5.48252 119.044
8.41142 4.966792 120.9575
7.412356 4.958823 122.2761
7.618464 4.579099 122.3108
7.475585 4.739555 121.7543
7.862212 5.042047 121.8142
7.52564 5.301786 118.7441
7.620758 4.577448 121.2728
8.240454 4.607331 121.7579
8.305909 4.676477 121.2521
8.067437999999999 4.928101 121.2069
7.452733 5.182393 121.7131
7.822648 5.476073 121.7339
8.309132999999999 4.680653 118.8301
8.195800999999999 4.572613 119.4856
8.411142 5.008076 121.5536
8.409516999999999 4.937201 122.2254
8.287395 5.314021 122.4073
7.79544 5.036443 122.3115
7.967452 5.480955 122.3122
7.575524 5.354169 122.2648
7.459355 4.771074 118.3709
8.410038 4.943112 118.223
8.047503000000001 5.46528 118.3049
7.827823 4.491159 121.7967
7.411848 4.972673 123.3258
7.447195 5.169052 122.8012
7.554186 5.333599 123.3257
7.837622 4.915749 123.1311
8.253982000000001 5.348564 121.8748
8.037438 4.958352 116.6092
7.534044 5.311732 118.1274
7.411719 4.983551 124.3357
7.515663 4.678882 124.3357
7.447564 4.798167 123.8354
7.818345 4.779291 124.0598
8.023681 4.496767 118.2593
8.3536 4.750104 122.8278
8.104277 4.522637 122.948
7.462522 4.764475 122.8155
8.387658 5.137309 122.8269
7.770972 4.504289 122.853
8.095127 4.518924 122.3769
8.124406 5.436579 122.8451
7.732831 5.450974 122.813
7.670479 4.546116 117.6543
7.880177 5.006645 118.006
7.814039 5.474436 117.6015
8.329787 5.258332 117.6161
8.280263 4.646173 117.5427
7.856649 4.967111 117.3246
8.410646 5.016803 116.9652
7.471572 4.746856 116.9763
7.897201 4.484281 117.0611
7.41518 5.042806 117.6158
8.411719 4.98407 124.3357
7.914879 4.981467 124.3357
8.307774 5.289259 124.3357
7.568301 4.620664 123.3425
7.91442 4.484078 124.3357
7.713259 4.525144 123.852
8.411300000000001 4.963613 123.334
8.264415 4.629662 123.3675
7.908569 4.98407 124.3357
7.515663 5.289259 124.3357
7.44426 5.161502 123.8303
7.709282 5.441257 123.8378
7.91929 5.484013 123.3354
8.279439 5.322865 123.3414
8.259594999999999 4.624929 116.8337
8.376514999999999 4.799776 123.845
8.113721 4.526692 123.8589
7.918835 4.484121 123.3784
8.144299999999999 5.426683 116.9687
7.567668 5.346877 116.9689
7.913532 5.484067 124.3357
8.307774 4.678882 124.3357
7.911971 5.48407 116.3357
8.378608 3.795146 119.5742
8.352627999999999 4.209865 119.8359
7.921834 3.945086 119.3921
7.923243 4.009763 119.9825
8.367848 4.178878 119.08
7.883592 4.473279 119.5388
8.065795 4.449739 118.9561
7.575046 4.343734 121.5535
7.862669 3.872836 122.1672
7.423818 3.864739 121.6312
7.903161 3.917263 121.5075
7.423992 4.084172 122.1764
7.686447 4.420448 122.2421
8.091162000000001 4.440761 122.4374
7.985841 4.03616 122.5918
8.382811 4.141618 122.1442
8.124976999999999 3.521831 122.7237
8.3018 3.661282 122.1581
8.39157 3.833561 121.5548
8.103505 3.512315 121.6022
8.330774 4.246821 121.4764
8.113854 4.43139 123.8536
8.152428 4.022657 124.0687
7.79116 3.990217 124.0522
7.833263 3.893295 123.6338
8.119564 3.519318 123.8098
7.908569 3.97407 124.3357
7.914915 3.97947 124.3357
8.307774 3.668882 124.3357
7.914549 4.474062 124.3357
7.817036 4.124955 124.1716
8.411719 3.97407 124.3357
8.381131999999999 3.801877 123.8119
8.307774 4.279259 124.3357
8.375851000000001 4.160031 123.8324
8.029356 4.460035 120.9729
7.690154 4.4223 120.3174
8.338804 4.234067 120.4672
7.921696 3.947364 120.9125
7.802923 3.48605 120.4455
7.412397 3.948041 120.4745
7.914515 3.474078 124.3357
8.230682 3.589022 120.974
8.353616000000001 3.740133 120.2744
8.075661999999999 4.446429 120.2237
8.24464 3.601024 118.9762
8.002908 3.482456 119.6693
8.4091 4.025176 120.9449
7.415575 4.036048 121.118
7.524863 3.657301 121.0573
7.497799 3.693588 119.7605
7.553401 4.322794 120.892
7.679997 3.531007 121.6345
7.411723 3.976122 124.3357
7.515663 4.279259 124.3357
7.449149 4.163883 123.8183
8.041354999999999 4.456972 121.7883
7.460207 4.188866 119.8621
7.861216 3.476627 121.1231
7.714484 4.433525 123.8453
7.429619 4.10666 119.1958
7.722231 4.436774 118.786
7.52369 3.658739 122.1843
7.635381 3.557372 118.9363
8.405056 3.892716 118.3459
7.914483 3.474078 116.3357
7.588745 3.592379 116.9688
8.185226 4.392632 118.3674
7.41805 4.053391 118.3753
7.907759 3.474086 122.1748
7.705718 3.518479 122.7259
7.783189 4.457268 122.8443
8.100217000000001 4.437177 122.963
7.481691 4.229171 122.7617
7.433121 3.829348 122.7348
7.891504 4.014172 123.0817
8.341227999999999 4.230042 122.8051
8.395082 3.846166 122.718
7.589939 3.591372 118.1831
8.038309999999999 3.490361 118.292
7.534471 4.302223 117.6531
7.727579 4.438928 118.1663
7.926517 3.962732 117.9907
8.011414 4.46403 117.6579
7.853726 3.968976 117.2975
8.376109 4.159384 117.6758
7.433421 3.828361 117.625
8.302704 3.662413 117.6559
7.830374 3.480732 117.604
8.140264999999999 3.529361 116.975
7.545084 3.634102 123.2726
7.57577 4.344392 123.3217
7.919957 4.474003 123.373
8.260524 4.332309 123.3598
7.915511 3.474085 123.2662
8.410871 4.003178 123.2966
7.443426 4.149289 116.975
7.991104 3.950821 116.7192
7.789374 4.458871 117.095
8.239784999999999 4.351393 116.9937
7.412485 4.001735 123.2869
8.407657 3.910469 117.0044
8.284102000000001 3.640408 123.2673
7.708876 3.517064 123.8099
7.442794 3.800548 123.8069
7.515663 3.668882 124.3357
6.808277 4.971151 123.3543
6.658809 4.627358 123.3557
6.427058 5.025601 123.7238
6.318509 4.969235 123.3208
6.50621 4.524845 123.8487
6.303443 4.484095 123.3516
6.672125 5.327196 123.3508
6.10385 4.527845 123.841
5.841736 4.804671 123.8233
5.842531 5.165523 123.818
5.957627 5.34034 123.2986
6.107009 5.441699 123.8295
6.318571 5.483968 123.323
6.803141 4.911442 119.5927
6.418484 4.49633 119.5396
6.651106 4.619951 120.0378
6.298827 4.954396 120.2058
6.523694 4.532775 120.6159
6.802654 5.059939 120.3308
5.871634 4.740765 119.7299
6.069023 5.423021 119.584
6.665985 5.33359 119.0188
5.808868 5.004679 119.0924
6.245883 4.488 120.0868
6.728159 5.255804 121.816
6.2886 5.483676 121.6323
6.647922 5.35116 121.041
6.364401 4.856481 121.5143
5.854799 5.194324 120.3365
6.358667 5.481542 120.3403
6.298453 4.969524 120.7979
6.634308 5.363296 119.7636
6.331504 4.768544 124.0884
6.537068 5.089553 124.0781
6.133694 4.515602 121.1451
6.612138 4.586868 121.2713
6.808411 4.978406 121.3766
6.075411 4.541695 118.9934
5.864574 5.214245 121.6106
5.810082 4.943625 121.0266
6.065561 5.421115 120.9862
5.951208 4.634237 120.4881
6.797612 4.880561 120.9022
5.824195 4.859557 118.3598
6.045287 5.409216 118.7632
6.329465 4.484512 121.8247
6.75248 4.754219 121.8295
6.688726 4.659439 118.9421
6.379545 5.063041 122.0124
6.808163 4.967321 122.3425
6.485982 5.451489 118.248
6.807727 4.957321 118.2925
6.083615 5.070992 124.0877
5.881482 4.723871 121.664
5.912388 4.678882 124.3357
5.808457 4.980387 122.2053
5.990857 4.597886 122.2684
6.627246 4.598889 122.3392
5.999839 5.37747 122.1987
6.414039 5.472793 122.2641
6.311604 4.981483 124.3357
6.704499 4.678882 124.3357
6.307787 4.484071 124.3357
6.383912 4.489799 118.302
6.780111 5.149992 122.8674
6.530597 5.432007 122.8366
6.300708 4.992511 122.7607
6.762733 4.775214 122.8569
6.700881 5.293897 122.4089
6.311097 4.484077 122.413
6.040693 4.561803 117.6742
5.818555 5.084117 117.6097
5.981266 5.362164 118.1165
6.73837 5.239341 117.615
6.263797 4.974285 117.3228
6.807912 5.007124 116.9706
6.65386 4.622563 116.8469
6.43367 4.942808 116.6212
6.669402 4.63808 117.5714
5.862156 4.75862 116.9812
6.286125 4.484569 117.0755
6.148678 5.457858 122.777
6.117892 4.521804 122.8362
6.492024 4.518992 122.8614
5.950568 4.634893 123.322
5.84819 4.788707 122.7774
5.851964 5.188096 122.7524
6.305294 4.98407 124.3357
6.775786 5.16181 123.8422
6.511542 5.440963 123.8407
5.808447 4.986005 123.2986
6.240764 5.479469 117.578
5.808444 4.983182 124.3357
5.974821 5.35649 116.9634
6.552628 5.420389 116.9624
6.808444 4.98407 124.3357
6.704499 5.289259 124.3357
5.912388 5.289259 124.3357
6.308642 5.48407 124.3357
6.772865 4.798833 123.8463
6.310671 5.484065 116.3357
5.808444 3.973963 123.3002
6.192112 3.929707 123.7139
5.95237 3.623055 123.3105
6.3211 3.983867 123.3115
6.775075 3.794473 123.8181
6.666588 3.625169 123.3078
6.51017 3.51657 123.8294
6.10509 4.43085 123.8283
5.951287 4.323984 123.3086
6.305392 4.474061 123.3184
6.508804 4.43217 123.8308
6.77397 4.156513 123.8261
6.431128 4.20709 124.0829
6.126404 3.894568 124.0762
5.813487 4.044912 119.9004
6.723361 4.253075 120.2653
5.900492 4.263165 120.4302
6.349823 3.97699 120.5822
6.290524 3.474392 121.7833
6.509395 3.516229 121.243
6.058446 3.541056 121.1358
6.337577 3.920289 121.3733
6.284227 3.474657 120.1047
5.959238 3.616222 119.6683
5.899372 3.686563 120.4338
6.205136 4.463281 119.7163
6.803618 3.904771 119.7475
6.707066 4.275899 119.5573
6.705254 3.669864 120.2238
6.403973 3.483281 120.6822
6.065349 4.410997 118.9528
5.814659 4.052665 119.2446
6.578024 4.395171 118.911
6.798144 3.873108 120.9495
6.315928 4.474014 121.7149
6.068733 4.412863 121.0669
6.577805 4.395312 121.0119
5.808454 3.977321 121.051
6.759678 4.189448 121.6064
6.295324 4.473898 120.4815
6.511766 3.517277 119.5085
5.867134 3.739025 121.6684
6.737756 3.717768 121.6607
5.871981 4.217997 121.6512
6.80439 3.910535 119.1407
6.464651 3.922805 122.0071
6.80844 3.976039 122.2074
5.808445 3.975402 122.2171
5.982209 3.595162 122.2553
6.053443 3.543983 118.8902
5.81633 4.062524 118.4253
5.979677 3.597358 118.1856
6.42417 3.487647 118.2639
6.591945 3.562212 118.8384
6.220273 4.466235 118.3166
5.984633 4.355052 122.2444
6.304598 4.474056 122.3478
6.770758 3.783637 122.7744
6.63025 3.591395 122.2529
6.499832 3.51215 122.8087
6.317923 3.97406 122.7406
5.849374 3.775942 122.7666
6.119414 3.511179 122.8081
5.847705 4.168287 122.7702
6.308917 3.474071 122.3668
6.632439 4.354894 122.2228
6.765801 4.17612 122.7699
6.115802 4.43547 122.8077
6.804689 3.912909 118.3794
6.494271 4.438256 122.8038
6.697744 3.660311 117.6635
5.955281 4.328014 117.7087
6.782504 4.133025 117.6519
6.216232 3.482647 117.6106
6.640193 4.348159 118.2069
6.434785 4.457845 117.6572
6.662341 4.327279 123.3107
6.80843 3.97768 123.3022
5.844651 4.160876 116.9968
6.431445 4.007046 116.6749
6.704499 4.279259 124.3357
6.307659 4.47407 124.3357
6.309566 3.474072 123.3172
5.825275 3.845432 117.6513
6.238752 3.956962 117.3487
6.644035 4.344717 116.9887
6.533854 3.527763 116.9797
6.153075 4.024752 124.161
5.842246 4.154792 123.821
5.808446 3.975757 124.3357
6.198557 4.461846 117.1113
5.978451 3.598431 116.9797
6.305294 3.97407 124.3357
5.912388 4.279259 124.3357
6.803347 3.902861 117.0017
6.308907 3.474071 116.3357
6.808444 3.97407 124.3357
6.473145 3.775155 124.1654
6.307205 3.474072 124.3357
6.106213 3.516793 123.8267
5.841872 3.794317 123.8201
5.912388 3.668882 124.3357
6.704499 3.668882 124.3357
6.311633 3.979056 124.3357
8.385338000000001 2.599294 121.2346
8.372559000000001 2.633006 120.7126
8.341393 2.183336 120.811
7.882443 2.303069 120.9089
8.040495999999999 2.922162 121.0098
7.63805 2.857486 120.4406
8.197775999999999 2.849116 120.301
7.909469 2.398198 120.241
7.800595 1.951535 119.633
8.130808999999999 1.989586 120.1881
8.291269 2.113543 119.5644
8.408839 2.385442 120.1864
8.038587 2.922667 119.0799
8.360462999999999 2.659549 119.6225
7.945772 2.937869 119.81
7.910023 2.441406 119.3984
7.919327 1.939088 120.7104
7.411893 2.42583 121.0093
7.412511 2.410894 120.2954
7.543378 2.100909 120.6917
7.501533 2.724945 119.6258
7.459721 2.225259 119.7825
7.662145 2.005771 120.2073
7.497826 2.158507 121.685
7.440037 2.604912 121.6457
7.897244 2.399656 121.5754
7.981561 1.943932 121.7963
7.685859 1.99295 121.203
8.092181999999999 1.972733 121.2121
7.589989 2.82177 121.1298
8.177458 2.862566 121.6628
8.400962 2.542187 121.7676
7.499271 2.721672 118.8157
8.402326 2.342572 118.8928
7.766428 2.917455 121.6345
8.349121 2.196792 121.5058
7.913404 2.939027 118.312
8.313834 2.736189 118.449
7.460466 2.223691 119.1747
7.928228 1.939302 118.9748
8.376251 2.254072 122.1834
7.955767 2.525144 122.1912
8.066812000000001 1.963692 122.4557
8.186413999999999 2.317299 124.0496
7.91423 2.425152 124.0704
8.38156 2.610053 123.8167
7.862319 2.410941 123.5849
7.415905 2.374459 122.2272
8.307774 2.744219 124.3357
7.91447 2.939022 124.3357
8.119752999999999 2.893696 123.8165
8.101273000000001 2.586798 124.1782
7.551483 2.785772 122.1986
7.942107 2.938106 122.204
8.316058999999999 2.733153 122.227
7.487062 2.175085 118.3868
8.094302000000001 1.973559 118.2811
7.652592 2.011417 122.2832
8.335718999999999 2.174033 122.8238
8.092948 1.97303 122.9697
7.931313 2.376589 122.7718
7.718607 2.900233 122.7546
8.397848 2.555984 122.7545
7.439432 2.60318 122.7606
7.472472 2.200152 122.7888
8.131014 2.888373 122.7547
7.865873 2.40905 117.3444
7.699214 1.986436 117.6666
7.412222 2.461467 117.6276
8.314401 2.73542 117.7138
8.402903 2.345556 118.1755
7.495167 2.715588 118.1524
7.769473 2.918369 117.6125
8.410052 2.479815 116.9877
8.263248000000001 2.083464 116.842
8.020398999999999 2.394212 116.6514
7.478383 2.189591 116.9804
7.907731 1.939046 117.0645
8.284292000000001 2.10558 117.5425
8.410741 2.407783 123.3109
8.258747 2.07907 123.3698
7.916754 1.939055 123.3896
7.772657 1.958757 122.8591
7.919816 2.938964 123.2909
7.549896 2.784116 123.291
7.41214 2.418511 123.3032
7.571448 2.072675 123.3395
8.285524000000001 2.771098 123.2921
8.37576 2.252842 123.8395
8.113244 1.981441 123.859
7.448387 2.251083 123.8271
7.713086 1.980178 123.8536
7.443511 2.614476 123.815
7.908569 2.43903 124.3357
8.135424 2.886194 116.9941
7.555221 2.789615 116.9786
7.710405 2.896712 123.8148
7.515663 2.744219 124.3357
7.641394 2.353333 124.0644
7.411728 2.435996 124.3357
7.515663 2.133841 124.3357
7.914974 2.43087 124.3357
8.307774 2.133841 124.3357
7.914748 1.939039 124.3357
8.411719 2.43903 124.3357
7.914374 2.939023 116.3357
7.441124 1.597969 123.8253
7.861872 1.316512 123.7054
7.412415 1.40265 123.3122
7.904698 1.436364 123.288
7.698974 1.881512 123.8294
7.535445 1.7583 123.3236
7.882094 1.928152 123.3112
8.103994 1.890582 123.8227
7.570377 1.063673 123.3001
7.908569 1.42903 124.3357
7.411719 1.429932 124.3357
7.906417 1.426136 124.0615
7.821357 1.219029 124.0982
7.931959 0.9294397 123.29
8.373847 1.619914 123.8113
8.411187999999999 1.452054 123.2767
8.381373999999999 1.257496 123.8105
8.282385 1.093461 123.2802
7.831982 1.922631 120.417
7.494987 1.152743 120.4737
7.852659 0.9325301 120.2364
7.906854 1.440096 120.764
7.424283 1.540416 119.2204
7.894908 1.928747 119.5513
7.44806 1.616167 119.9871
7.923959 1.384153 119.3923
7.938529 0.9297492000000001 121.0322
7.498884 1.146953 121.0415
8.111731000000001 1.887282 121.0694
8.344067000000001 1.680176 120.521
8.387492999999999 1.582779 121.1329
8.027443999999999 0.9426066 119.5947
8.368285999999999 1.632859 119.8248
8.258984 1.069299 118.9444
8.375767 1.24286 119.5477
8.308586999999999 1.124899 120.2526
8.307774 1.123841 124.3357
8.134429000000001 1.87669 120.0723
8.365361999999999 1.639287 119.0704
7.534361 1.101003 119.7164
7.65639 1.858922 121.1289
8.376808 1.245477 120.8821
7.489275 1.161558 121.6099
7.416785 1.500026 121.2095
7.854995 1.606031 121.4178
7.495764 1.706486 121.7786
8.319481 1.718391 121.6386
7.515663 1.734219 124.3357
8.018492 1.649101 124.071
8.36886 1.226492 121.5343
7.712558 1.887653 118.7936
7.925344 1.928844 121.6839
7.960562 1.587645 121.9779
7.657921 0.9982322 118.9093
7.590567 1.045804 122.2258
7.79709 0.9423469 121.7264
7.944832 0.9301276000000001 122.2409
8.283124000000001 1.094279 122.1879
8.090323 0.9620176 121.7116
8.409801 1.472782 122.1705
8.192258000000001 1.842911 122.209
8.060204000000001 1.906473 118.9585
8.406988 1.360412 118.3314
8.176380999999999 1.853239 118.3662
7.418873 1.344747 120.8434
7.911926 1.431566 122.7104
7.74636 0.9571648 122.7689
7.463137 1.20818 122.7795
7.413077 1.392202 122.2447
7.510172 1.726956 122.3718
7.453029 1.628037 120.6499
8.129239999999999 0.9788249 122.7565
7.669267 1.866314 122.8117
7.787043 1.913236 122.2605
8.046146 1.91062 122.7726
7.433407 1.574695 122.8091
8.355043 1.660251 122.7396
8.385082000000001 1.26801 122.7296
8.054539999999999 0.9498617 118.273
7.416119 1.495223 118.3771
7.980334 1.32378 117.9238
8.307264999999999 1.123182 117.6369
7.838396 0.9344352 117.5931
7.529679 1.751591 117.6552
7.718316 1.890111 118.1721
8.005188 1.920216 117.6571
8.373244 1.62137 117.6676
7.812128 1.430979 117.3399
7.590726 1.045671 116.9675
7.435791 1.275755 117.6207
8.411719 1.42903 124.3357
7.914879 1.431584 124.3357
7.601532 1.036876 118.1707
7.914154 0.9290358 116.3357
8.142965999999999 0.9857191 116.9717
7.786621 1.913128 117.0941
7.442256 1.60109 116.9764
8.237693999999999 1.80816 116.9892
8.247743 1.799284 123.29
8.122852 0.9757940000000001 123.8163
7.449858 1.237496 123.8208
7.719544 0.9674358 123.8212
8.407863000000001 1.367055 116.9995
8.001333000000001 1.420856 116.731
7.914753 1.929021 124.3357
7.914565 0.929038 124.3357
8.307774 1.734219 124.3357
7.515663 1.123841 124.3357
6.099908 1.984593 123.8545
6.284852 1.939587 123.377
5.94859 2.091891 123.3698
6.307346 2.377003 123.3675
6.769082 2.244577 123.8279
6.499498 1.976971 123.8509
6.266397 2.517529 123.7015
6.305294 2.43903 124.3357
5.808451 2.436216 124.3357
5.912388 2.744219 124.3357
6.265006 2.436863 124.0995
5.841729 2.25965 123.8393
5.808497 2.431686 123.3149
6.778093 2.61058 123.8239
6.807204 2.403852 123.3102
6.680574 2.772974 123.3015
5.950104 2.787731 123.295
6.318924 2.93892 123.2894
6.292309 1.93929 119.1324
6.516168 2.893838 119.2735
5.821107 2.327214 119.1382
5.919283 2.752964 119.6353
5.831266 2.588369 121.6137
5.944819 2.095844 121.7162
6.245149 2.446343 121.391
6.219754 2.470064 122.2981
6.781121 2.276009 121.086
6.802522 2.515755 120.4881
6.607597 2.038396 120.4682
6.275744 2.448908 120.5423
6.018338 2.031797 120.4501
5.916886 2.128091 119.7169
5.808969 2.416106 120.1138
6.795195 2.324692 119.7334
6.438653 2.921778 120.1883
5.840708 2.262329 121.0853
5.809026 2.463152 120.5931
6.00364 2.835382 120.9207
6.348817 1.940663 119.8857
6.604627 2.841864 121.0666
6.183728 2.923226 121.6033
5.966665 2.803979 118.8438
6.31049 1.939034 121.1651
6.519482 2.89231 118.3589
6.802476 2.362013 118.8309
6.309906 1.939032 121.8388
6.672431 2.096228 121.7041
6.568094 2.866325 121.739
5.855833 2.22656 118.4228
6.443203 1.957532 118.3122
5.814366 2.362298 122.2418
5.95083 2.788476 122.1927
6.795765 2.550911 121.6593
5.933666 2.770001 120.2847
6.551258 2.001947 122.3002
6.798568 2.340148 122.2369
6.092942 1.987855 122.3793
6.202717 2.648772 124.0985
6.737566 2.18241 122.8024
6.418001 1.95118 122.8517
6.315815 2.429235 122.8648
5.839047 2.611272 122.7615
6.122317 2.903095 122.7493
6.342774 2.93785 122.2194
6.70675 2.741274 122.2393
6.043629 2.014915 117.6956
6.31206 2.438772 117.8486
5.862417 2.213065 122.8223
6.221831 2.931471 117.6176
5.952646 2.790325 118.1808
6.803441 2.368477 118.0471
5.813519 2.51009 117.6471
6.788677 2.578226 122.7797
6.700117 2.749823 117.5767
6.796962 2.332495 117.418
6.529121 2.887696 122.7632
5.862999 2.21192 116.994
6.260611 1.941323 117.0878
6.353337 2.419957 117.27
6.636905 2.062051 123.3423
6.562835 2.008583 117.5943
6.09698 1.985948 122.9461
5.965026 2.802437 116.9771
6.670754 2.094456 116.9178
6.51547 2.894156 123.8204
6.498671 2.342513 124.0588
6.108046 2.897114 123.8176
6.798757 2.536972 116.9251
6.704499 2.744219 124.3357
6.808444 2.43903 124.3357
6.704499 2.133841 124.3357
6.522609 2.890841 116.9545
6.459887 2.407495 116.6404
5.842155 2.619516 123.8173
6.307079 1.939032 124.3357
6.307173 2.939028 124.3357
6.311697 2.430964 124.3357
6.308551 2.93903 116.3357
5.912388 2.133841 124.3357
5.808455 1.425672 123.3019
5.841937 1.608951 123.8232
6.279685 1.50461 123.7881
5.94953 1.777141 123.3143
6.3245 1.928772 119.611
6.710292 1.726549 120.2736
6.196389 1.916312 120.3912
6.299386 1.455859 120.0697
5.84073 1.60579 119.2494
5.876462 1.177252 119.8599
5.900119 1.717597 119.9121
6.251643 0.9322665999999999 120.4178
5.888933 1.15698 120.5737
6.189191 1.504784 120.7761
6.773898 1.611656 123.8188
6.508393 1.887309 123.8301
6.554212 1.52515 124.0832
5.975088 1.801688 122.2484
6.301479 1.426681 121.7208
6.280977 1.928275 121.7134
6.323166 1.410548 122.2223
5.826932 1.56374 120.4793
5.879748 1.171697 121.6856
6.071336 0.9888255 121.0994
5.81012 1.388124 121.1007
6.808048 1.448902 120.9698
6.716263 1.139749 120.3749
6.463178 0.9535751 119.6571
6.305294 1.42903 124.3357
6.274981 1.208186 124.1076
5.912388 1.734219 124.3357
6.317351 1.552473 124.078
6.516355 1.883753 120.9966
6.808211 1.444275 122.184
6.617973 1.821702 122.2237
5.842544 1.247542 123.8233
6.550025 0.9912647999999999 121.0349
6.753989 1.202118 121.6167
6.735365 1.689294 121.6032
5.857637 1.645301 121.6724
6.010581 1.830624 121.07
6.798881 1.331711 119.8416
6.321813 0.9292086000000001 121.7282
6.741951 1.678171 119.5987
6.794293 1.310919 119.2193
6.007486 1.02975 118.9757
6.670535 1.773834 118.9846
5.80864 1.415 122.2356
5.996485 1.038284 122.2539
5.820095 1.536342 118.4051
5.969488 1.061458 118.2109
6.40467 0.9383768 118.3107
6.808444 1.42903 124.3357
6.311601 1.431181 124.3357
6.704499 1.734219 124.3357
6.558863 0.9962595 118.9279
6.801937 1.34863 118.4309
6.184322 1.913379 118.812
6.31931 0.929148 122.356
6.640837 1.055514 122.2263
5.851782 1.225412 122.78
6.125805 0.9635802 122.8159
6.303516 1.433537 122.7863
6.292991 1.928791 122.3391
5.954894 1.075472 123.3101
6.309944 1.420972 123.3294
6.66131 1.783269 123.306
6.104444 1.885521 123.8313
6.303557 1.929006 123.3199
6.307196 1.929028 124.3357
6.110579 1.888214 122.807
6.775305 1.250032 123.8215
6.668105 1.081692 123.3058
6.511439 0.9720913 123.8328
6.107685 0.9711042 123.829
5.845495 1.617919 122.7792
6.76425 1.634555 122.7544
6.488613 1.895441 122.7944
6.50559 0.9695373 122.8047
6.139803 1.899732 118.167
6.578 1.850146 118.2886
6.697888 1.115449 117.6854
5.93599 1.762614 117.6607
6.775341 1.607934 117.6815
6.772025 1.241701 122.7598
6.704499 1.123841 124.3357
6.307141 0.9290316 124.3357
5.808444 1.429957 124.3357
6.31231 0.9290448 123.3226
6.184383 1.913394 117.0923
6.407433 1.919133 117.6393
6.201744 1.4318 117.3553
6.637391 1.805585 116.9892
6.804095 1.363231 117.0149
6.215385 0.937766 117.624
6.808416 1.434235 123.2954
6.535465 0.9835397 116.9913
5.840632 1.60553 116.9819
6.38255 1.437082 116.723
5.982081 1.050233 116.9794
5.826631 1.295402 117.6426
6.309727 0.9290315 116.3357
5.912388 1.123841 124.3357
7.967879 5.158954 129.8291
8.316207 5.286981 129.8077
8.226578 4.982008 130.0342
8.226419999999999 4.981094 129.5903
8.315773 5.287104 130.6853
8.123547 5.280571 130.2525
8.480302 5.175083 130.2422
8.220228000000001 4.984197 130.4668
8.318834000000001 4.681921 130.6853
7.975282 4.798575 130.6853
7.969034 5.160672 130.6853
8.468994 5.189063 129.3352
8.258986999999999 5.2977 128.928
8.54082 5.034162 128.7904
8.220052000000001 4.982653 129.1479
8.499995999999999 4.822104 126.842
7.964062 4.815043 127.2935
8.260475 4.670583 127.311
8.508312999999999 5.131279 127.2372
7.964556 5.153872 127.5904
8.195069 5.297125 127.1649
8.357806999999999 5.271888 127.6534
8.078291999999999 5.260192 126.6692
8.427740999999999 5.229124 126.7479
7.926437 5.068651 127.0308
8.072903 4.710976 126.7773
7.915068 4.995285 126.5841
8.170536999999999 5.293416 128.0728
8.201587 4.670361 128.1532
8.020358 4.748855 127.7716
8.428495 4.739628 127.8375
8.284368000000001 5.294296 126.2488
7.967457 5.158321 126.2043
8.228403 5.024965 126.0506
8.509648 4.839416 127.377
8.541359999999999 5.030691 127.666
8.523849 5.097102 128.1514
8.442394 4.751611 128.3996
8.203246 4.980149 128.3712
7.98347 4.78783 129.8159
8.539588 5.04129 126.3144
8.120824000000001 4.68856 128.555
7.914881 4.986841 125.7531
7.976263 4.797237 126.2138
8.117103 4.68996 125.7144
8.351347000000001 4.693466 126.2354
8.352949000000001 5.274 128.49
7.922526 5.053103 128.1131
7.917852 4.940823 128.5679
7.987079 4.783383 128.2278
8.041809000000001 5.236763 128.5226
8.544154000000001 4.963462 125.3516
8.415659 4.729734 125.7052
8.459968999999999 5.199145 125.7925
8.120523 5.279469 125.7512
8.535704000000001 4.908803 125.8827
8.320885000000001 4.682533 125.2784
8.338585 4.688454 128.9108
7.972018 5.165001 125.2957
8.139013 4.682472 130.2493
8.342390999999999 4.689882 129.8011
8.312782 5.287937 125.247
7.951166 4.837275 125.3021
7.914882 4.986985 124.8943
8.086917 4.703387 124.8542
8.104799999999999 4.694976 125.2855
7.98638 4.784231 128.9747
8.150859000000001 4.679155 129.3776
8.062049999999999 5.250634 124.8004
7.952983 5.134264 128.9749
8.501711999999999 5.143138 124.8166
8.475898000000001 4.787418 124.8245
7.915574 4.963003 129.3953
8.129629 4.985725 124.6529
8.500721 4.82332 129.3296
8.106471000000001 5.273881 129.3841
8.307345 5.289368 124.7938
8.544829 4.98407 124.3357
8.487811000000001 4.803328 130.2413
8.544446000000001 4.999603 129.7899
7.915024 4.974185 130.2517
8.544829 4.98407 130.6853
7.318991 5.138371 124.7864
7.489399 5.28132 125.2075
7.280097 4.953483 125.2499
7.601152 4.971439 125.0639
7.743367 4.70698 124.8058
7.908536 4.98863 124.8859
7.56656 4.854424 124.5552
7.756162 5.253853 124.7922
7.357175 4.775933 124.7999
7.908569 4.98407 130.6853
7.848523 5.169059 130.2892
7.850073 4.801237 130.2826
7.59637 4.985667 130.4844
7.695257 5.282191 130.6853
7.336723 5.166369 130.6853
7.49574 5.283467 130.2862
7.697999 4.686899 130.6853
7.33951 5.170233 129.0348
7.33723 4.80106 129.0379
7.592356 4.982069 128.827
7.593123 4.983042 129.2542
7.33986 4.79743 129.8785
7.278608 4.98372 129.4605
7.338095 5.168286 129.8771
7.593962 4.982947 129.6748
7.593407 4.982587 130.0809
7.278628 4.980514 130.2826
7.498813 4.683687 127.7354
7.604215 4.976718 127.978
7.841043 4.789188 127.763
7.582511 5.012742 127.4572
7.335609 4.803353 128.1679
7.684082 4.682369 128.1835
7.699479 4.687423 127.2695
7.892021 4.883321 127.0105
7.908457 4.975666 127.3973
7.839064 5.181439 127.0589
7.719933 4.69554 126.679
7.441088 4.708469 126.9469
7.278638 4.988417 126.895
7.330258 4.811242 127.3218
7.278943 4.998597 127.7289
7.348575 5.182013 127.267
7.788296 5.231662 127.4448
7.908369 4.972858 128.201
7.697886 5.281282 128.1761
7.594829 4.980836 128.3993
7.346125 5.178941 128.1591
7.356136 4.77712 126.5502
7.901226 5.051684 126.6395
7.871139 4.835147 126.2055
7.54673 5.295546 126.7419
7.799661 5.222286 126.22
7.342979 4.793262 130.6853
7.528908 5.292338 127.7004
7.539788 4.673719 126.1716
7.282599 4.934087 126.1191
7.297158 5.090568 126.5038
7.441924 5.260133 126.175
7.844871 4.79415 128.6195
7.491379 4.686134 128.6103
7.601798 5.298944 127.2345
7.278645 4.988881 128.5994
7.36474 4.767642 125.7064
7.590856 4.975011 125.9389
7.321504 5.142761 125.692
7.655435 5.292919 125.7236
7.906847 5.016962 125.7541
7.725519 4.698051 125.7394
7.864518 5.144725 127.794
7.691358 5.283493 129.0447
7.862537 4.820122 125.298
7.843478 5.17582 125.2854
7.594283 4.980093 125.4934
7.850383 5.166469 128.614
7.687371 4.683375 129.0415
7.498916 5.284486 128.6038
7.908564 4.982361 129.0473
7.49671 5.283782 129.462
7.848084 4.798478 129.4676
7.496107 4.684554 129.4632
7.848647 5.168889 129.4706
7.5334 4.674894 125.2678
7.508148 5.287241 124.7785
7.278609 4.983287 124.3357
7.690424 5.283796 129.8757
7.692031 4.684869 129.8736
7.908568 4.984664 129.879
7.500577 4.683136 130.2841
8.084085999999999 3.694847 126.5479
8.35486 4.263181 126.7223
7.967687 4.148667 126.6144
8.177728 3.663432 126.9372
8.045616000000001 3.718588 124.8265
8.294646999999999 3.665827 124.8229
8.106674 4.263968 124.7999
8.2273 3.984371 125.0687
8.046462 4.23016 127.1777
7.91824 3.928106 126.9971
7.951354 3.826919 126.6743
8.534800000000001 4.052921 126.2559
8.311087000000001 3.669747 126.2908
8.532572 3.887057 126.7758
7.940393 3.849861 126.2558
8.535743 4.049179 128.2108
8.168248 3.665172 127.9353
7.92275 3.90405 128.0334
8.190804 4.286621 127.9023
7.980722 4.16681 127.7031
8.513825000000001 3.837798 127.7672
7.952907 3.824018 127.4664
8.237254999999999 4.288964 127.5586
8.42661 3.728108 128.3641
7.918265 4.020203 128.5318
8.056723 3.710935 128.4481
8.016023000000001 4.205352 128.1777
8.248877 3.992434 128.5653
8.452899 4.196469 127.81
8.3185 4.276318 128.2283
8.495241 4.143715 127.2828
8.479032 3.781405 127.2468
8.4392 4.20941 128.6084
8.544762 3.967581 128.5953
8.128653 4.272352 128.6046
8.19421 4.287028 126.1581
8.063554 3.706566 125.7985
7.930212 4.071181 125.8033
8.265703999999999 3.965304 125.9809
8.266495000000001 3.661229 128.8735
8.262281 3.660764 127.4652
8.531940000000001 4.063251 128.9821
8.49419 3.802793 128.8306
7.951905 4.12226 126.2076
7.956759 3.817117 128.937
8.22669 3.979054 129.1453
8.295063000000001 4.282226 129.008
7.976956 4.161841 128.9877
8.464309999999999 4.184404 125.7409
8.304987000000001 3.668183 125.7973
8.503577 3.818234 125.7851
8.32333 4.274859 130.6853
8.134191 4.274174 130.263
8.485595999999999 4.157933 130.2583
8.223947000000001 3.971337 130.4748
8.167024 4.282722 125.6581
8.296709999999999 3.666268 125.309
8.485288000000001 3.789779 129.3086
7.965168 3.803317 130.6853
7.981062 4.167248 130.6853
8.11609 3.68035 129.3593
8.544822 3.971956 129.8115
8.470122 4.17774 129.4076
8.221842000000001 3.97739 129.603
7.914933 3.98044 129.3926
8.122966 4.270362 129.4186
8.544720999999999 3.98231 125.2868
7.94336 3.843163 125.3284
7.996482 4.185618 125.2908
8.331371000000001 4.272241 125.2541
7.916544 4.006517 124.8969
8.481496 3.784634 130.251
8.224226 3.977895 130.0438
8.324365999999999 3.673606 129.7942
7.974724 4.158797 129.8364
7.972081 3.79305 129.8168
8.322354000000001 4.275161 129.8389
8.124927 3.677079 130.2511
8.492533999999999 3.800263 124.8169
8.480656 4.164617 124.8011
7.914934 3.980482 130.2605
8.544829 3.97407 124.3357
8.544829 3.97407 130.6853
8.313165 3.670309 130.6853
7.278622 3.976963 124.3357
7.582124 4.0899 124.9968
7.278693 3.981361 126.4523
7.545639 4.28538 126.4523
7.647758 3.93591 125.4081
7.278825 3.985759 128.5688
7.576068 4.288563 128.5688
7.279019 3.990153 130.6853
7.587783 3.966151 129.709
7.908569 3.97407 128.5688
7.908569 3.97407 130.6853
7.606661 4.288779 130.6853
7.564977 3.660392 128.5688
7.589983 3.659111 130.6853
7.558222 3.973022 127.5162
7.908569 3.97407 126.4523
7.540151 3.663656 126.4523
6.879361 5.171983 130.276
6.718526 5.28533 129.8567
6.941524 4.988413 129.8618
6.625453 4.983777 130.0679
6.311631 4.979173 130.2724
6.524213 5.281954 130.2755
6.623359 4.983013 130.4828
6.938578 5.027267 128.13
6.620689 4.991281 128.3387
6.68631 5.293334 128.1447
6.630414 5.006341 127.9435
6.842126 5.213743 127.8153
6.935787 4.924076 127.6062
6.365032 5.159593 128.9961
6.378313 4.790217 128.9988
6.62405 4.989183 128.7831
6.625927 4.984969 129.2171
6.522716 5.281436 129.4361
6.712113 5.287213 128.9983
6.372529 4.797861 130.6853
6.366443 5.161678 130.6853
6.885524 4.804746 129.4303
6.877508 5.17445 129.4324
6.625155 4.982561 129.6467
6.892306 5.153183 127.0959
6.407056 4.758184 127.1135
6.73035 4.686677 126.8634
6.905584 4.8379 127.1359
6.392517 4.773286 128.0875
6.313599 4.94858 127.6232
6.357922 5.148506 128.103
6.359783 5.151508 127.1817
6.521216 5.280908 127.6624
6.629918 4.971916 127.3069
6.624606 5.299045 127.2278
6.588313 4.671423 127.615
6.579361 5.295492 126.7579
6.794412 4.717532 126.4684
6.940603 4.959612 126.6627
6.894927 4.819149 128.5522
6.867834 5.18657 128.569
6.774735 4.706112 128.0817
6.552607 4.677898 128.5399
6.845641 5.210393 126.6903
6.507073 5.275502 128.5602
6.312378 4.961854 128.5459
6.312103 5.001985 126.6796
6.816894 4.733091 127.4109
6.490643 4.699931 126.5769
6.801954 5.245708 126.2719
6.929492 4.897739 126.1531
6.406557 5.209471 126.2333
6.685803 4.674709 127.228
6.374543 4.795144 129.8592
6.311701 4.975819 129.4289
6.368577 5.164764 129.855
6.734867 4.688292 128.9944
6.941392 4.994155 129.0045
6.817909 5.234277 127.4752
6.655562 4.670427 126.1176
6.346758 4.839448 126.1762
6.315605 5.034181 125.7441
6.577279 5.295169 125.7518
6.486485 4.701958 125.6642
6.902414 5.136138 125.7231
6.856651 4.76895 125.694
6.620906 4.979067 125.491
6.732118 5.280841 125.2197
6.386507 5.187984 125.289
6.619065 4.982177 125.0629
6.940935 4.964341 125.2485
6.311957 4.999196 124.8858
6.337504 4.858965 125.2826
6.723899 4.684504 125.2446
6.489585 4.700439 125.253
6.478205 4.706223 124.8387
6.535514 4.68254 129.4321
6.726967 4.685518 129.856
6.871047 4.785462 124.792
6.897626 5.144517 124.7833
6.709861 5.28784 124.7795
6.465323 5.254646 124.7911
6.531609 4.683747 130.2705
6.882334 4.800225 130.275
6.722135 4.683936 130.6853
6.941554 4.98407 124.3357
6.719214 5.285119 130.6853
6.941554 4.98407 130.6853
5.675337 4.982604 124.3357
5.747307 4.78367 124.837
5.718479 5.143188 124.8112
6.136695 4.705171 124.822
5.978529 4.909286 124.5933
6.121108 5.270611 127.5482
6.217448 5.202297 126.984
6.294412 4.901993 127.3239
5.808952 5.241598 127.0962
5.872985 4.691758 128.1095
5.766721 4.762217 127.6726
5.67795 4.943554 128.0501
5.911282 4.959414 127.9092
6.243168 4.796249 126.7596
5.96023 4.67053 127.2084
6.295304 4.905371 128.1549
6.209929 5.209862 128.0817
5.937532 4.922754 128.3077
6.304385 5.007983 127.7622
6.14007 4.706968 127.7573
5.914636 5.289824 128.024
5.729237 5.160285 128.03
5.724699 5.153367 127.6514
5.981148 5.298917 126.5536
6.0193 4.958127 126.5533
5.734 5.167144 126.299
6.274687 5.119511 126.531
5.709485 5.126717 126.6565
5.906016 4.68058 126.7067
5.694381 4.876197 126.8895
6.289731 4.886288 126.2077
5.681088 4.924135 127.3083
6.200553 5.218617 126.1213
6.031988 4.671859 126.2773
6.136453 4.705044 128.2202
5.725574 5.154732 128.401
6.163379 5.247245 124.7823
5.720326 4.821838 128.4651
6.305294 4.98407 130.6853
6.249154 4.804588 130.253
6.10121 4.689258 130.6853
5.997055 4.985009 130.4658
6.302921 5.022657 125.7254
5.8996 5.285705 126.0377
5.80399 5.238031 125.6211
5.681769 5.047417 125.9094
5.7054 4.84977 126.3649
6.305267 4.988197 129.821
6.097575 4.687916 129.8163
5.993649 4.983142 130.0278
6.017947 4.985788 129.5798
6.276758 5.115075 128.5397
6.017014 5.297917 128.4805
6.09309 5.281811 125.6525
6.149779 4.71244 125.7836
5.795229 4.736776 125.8366
5.977498 4.669351 128.5513
5.675403 4.977429 125.3568
6.014988 5.036025 125.4655
5.935106 4.673966 125.3214
5.9207 5.291262 125.19
6.305276 4.980773 124.8825
6.032737 5.017829 128.7272
6.252299 4.80921 128.5815
6.123243 4.698514 128.9734
5.792407 4.739029 128.9146
6.000762 4.981552 129.1215
6.244412 5.170206 130.2508
6.087792 5.283587 129.8112
5.802299 5.236782 128.8801
5.675427 4.991739 128.794
6.305229 4.977678 128.9793
6.249556 5.162972 125.2594
6.133159 5.264797 128.9438
6.259556 4.820606 125.3034
6.250207 5.162026 129.3869
5.675337 4.985692 129.2734
6.252114 4.808934 129.3975
5.914107 5.289693 129.3504
5.915831 4.678023 129.3642
5.737919 4.795631 129.7823
5.733715 5.166745 129.7802
5.917245 5.290458 124.7713
5.675392 4.97798 130.239
5.891865 5.28327 130.2402
5.901362 4.681911 130.2453
6.098566 5.279864 130.6853
5.736927 5.171175 130.6853
5.743772 4.788035 130.6853
6.498847 4.261991 124.8182
6.648543 3.983295 124.5964
6.874493 4.16836 124.812
6.530736 4.274117 129.3847
6.624838 3.974756 129.5954
6.311675 3.981257 129.3691
6.621142 3.97915 129.1473
6.414384 4.206854 127.1579
6.325447 3.881683 127.1148
6.601836 4.008254 126.9291
6.626076 4.00975 127.4175
6.941423 3.964985 127.2344
6.754312 3.686154 127.1559
6.831674 3.735017 127.6018
6.329855 3.868379 128.0237
6.321634 4.052967 127.5942
6.394189 4.186697 128.0503
6.571851 3.969026 127.7855
6.940428 3.947459 127.7194
6.856665 4.189177 127.6445
6.743711 4.266459 127.1792
6.551932 4.280079 127.6207
6.32732 4.072354 126.7107
6.444697 3.716906 124.8196
6.576999 4.285125 126.7173
6.893243 4.141701 126.7334
6.881331 3.788838 126.7228
6.878289 3.784724 128.036
6.926236 4.071101 128.0885
6.704369 4.279292 128.072
6.883799 4.155861 130.2556
6.623209 3.977305 130.4688
6.534387 4.275258 130.2579
6.624351 3.975081 130.0358
6.853518 4.192494 128.5169
6.619301 3.969493 128.2335
6.92501 3.873331 128.4819
6.734255 3.678068 128.3646
6.591572 3.661041 127.9487
6.614374 3.659326 127.5084
6.528334 3.674802 126.7531
6.496927 3.687009 127.2071
6.392176 3.763666 127.5743
6.460078 3.706691 128.4472
6.314133 4.013985 128.4864
6.530537 4.274053 128.5067
6.941491 3.967787 126.2459
6.621074 3.985778 126.5193
6.339656 3.844105 126.7189
6.749851 4.263924 126.2508
6.347087 3.828813 126.3039
6.405089 4.198028 126.2563
6.891858 3.804256 125.7582
6.706208 3.669323 126.2141
6.629472 3.978836 125.9948
6.884741 4.15452 125.7681
6.554627 4.280724 125.7809
6.314277 4.015097 125.7996
6.941554 3.97407 130.6853
6.877838 3.784126 130.2516
6.640102 3.989656 125.5418
6.346947 3.829082 125.324
6.385688 4.177016 125.3232
6.521416 3.677162 130.2493
6.694448 3.66649 125.2904
6.467605 3.702149 125.7841
6.700429 3.667871 125.7567
6.723814 4.273665 125.2949
6.312792 4.00152 124.9043
6.626667 3.979298 128.6763
6.725861 3.675148 128.8512
6.377703 4.167141 128.9417
6.359023 3.807849 128.9151
6.878751 4.162801 129.3774
6.714109 4.276643 128.9483
6.940451 4.000409 128.9343
6.880828 3.788148 129.3536
6.526249 3.675494 129.3504
6.620544 3.989363 125.1047
6.941522 3.978571 125.2863
6.374546 4.163001 129.8196
6.369212 3.792472 129.8075
6.719645 3.673155 129.8077
6.693261 3.666231 124.8124
6.890949 3.802844 124.8123
6.941531 3.970248 129.8144
6.941554 3.97407 124.3357
6.727136 4.272566 129.8226
6.31169 3.98187 130.2533
6.725472 4.273122 130.6853
6.378105 4.167658 130.6853
6.362035 3.803097 130.6853
6.714352 3.671568 130.6853
5.79371 3.977587 125.5905
5.67534 3.976178 124.3357
5.884695 3.975484 124.9278
6.305294 3.97407 126.4523
5.939298 3.663249 126.4523
6.071403 3.974865 125.4559
5.952797 4.050378 127.2483
5.675505 3.984468 128.5688
5.966653 3.875293 127.7135
5.675395 3.980323 126.4523
5.977068 4.288772 128.5688
6.305294 3.97407 128.5688
5.992292 3.992152 129.6936
5.944481 4.285698 126.4523
5.966596 3.659984 128.5688
5.994074 3.659113 130.6853
5.675669 3.98861 130.6853
6.009799 4.288447 130.6853
6.305294 3.97407 130.6853
8.544829 2.43903 130.6853
8.233321 2.124069 130.6853
7.915671 2.416565 130.6853
8.071567999999999 2.482906 130.0326
8.258372 2.125344 128.5688
7.915134 2.426098 126.4523
7.915366 2.42133 128.5688
8.258421999999999 2.518549 127.7726
8.210905 2.75344 130.6853
8.215066999999999 2.370277 129.7049
8.232421 2.5652 129.516
8.243455000000001 2.753716 128.5688
8.544829 2.43903 126.4523
8.123664 2.461368 125.3939
8.367964000000001 2.539384 125.0174
8.283242 2.128608 126.4523
8.336366999999999 2.437068 124.6569
8.544829 2.43903 128.5688
8.27586 2.750631 126.4523
8.272797000000001 2.357586 127.348
8.544829 2.43903 124.3357
7.908569 2.43903 130.6853
7.61009 2.124482 130.6853
7.279378 2.417017 130.6853
7.816247 2.443809 130.0074
7.587258 2.753946 130.6853
7.908569 2.43903 128.5688
7.718062 2.44986 129.4918
7.578353 2.124418 128.5688
7.54677 2.127549 126.4523
7.278778 2.428678 126.4523
7.279024 2.422845 128.5688
7.550868 2.433155 127.5024
7.469645 2.578277 125.2969
7.278641 2.434515 124.3357
7.432995 2.488241 124.6887
7.563168 2.752538 128.5688
7.544895 2.453276 129.7604
7.539256 2.749289 126.4523
7.908569 2.43903 126.4523
8.373060000000001 1.148489 126.7628
8.498282 1.264239 127.2163
8.110882999999999 1.13738 127.0528
8.29551 1.120969 127.2262
8.543006 1.395193 126.8287
7.924993 1.349813 127.0916
8.531226 1.520595 127.1675
7.949718 1.285019 125.2983
7.917988 1.473249 125.7457
8.287519 1.119374 125.7444
8.490769 1.252584 125.7795
8.46827 1.223196 127.9645
8.543340000000001 1.459625 127.6451
8.384264999999999 1.154497 127.6013
8.27393 1.473839 127.8841
8.139963 1.730913 127.4808
8.383858999999999 1.703791 127.3015
8.217278 1.427737 127.3542
7.962421 1.595449 128.0863
7.929614 1.524274 127.5727
8.089881999999999 1.711204 127.8079
7.947471 1.289476 128.0149
8.058268999999999 1.693176 127.0669
8.41924 1.680711 126.7742
8.055172000000001 1.166922 127.5251
8.541968000000001 1.386675 128.1122
8.218895 1.11424 128.0039
8.320209999999999 1.477333 128.2737
8.218875000000001 1.743819 128.1344
8.34806 1.720987 127.7459
7.923117 1.50064 126.6335
8.544135000000001 1.408134 126.3295
8.120113999999999 1.724277 126.5868
7.993639 1.637398 126.1832
8.123647 1.132493 130.2492
8.313183 1.125273 129.8048
7.96986 1.251214 129.811
8.226775 1.430006 130.0238
8.540101 1.483401 128.4826
8.480237000000001 1.620127 128.0946
8.085216000000001 1.14922 128.461
8.430808000000001 1.186485 128.4258
8.369341 1.711438 128.4953
8.225678 1.425146 129.578
8.494400000000001 1.258077 124.8108
8.103991000000001 1.717773 124.8136
8.478403 1.622506 124.8123
8.282206 1.118432 128.9046
8.296154 1.392471 128.659
8.114038000000001 1.136113 129.3702
8.531872999999999 1.339622 128.897
8.031879999999999 1.184038 126.6415
7.914877 1.426635 128.4941
8.252886999999999 1.743166 128.9166
8.486364 1.61182 128.8375
8.225451 1.429425 129.1104
7.941096 1.303194 126.1906
7.969907 1.251145 130.6853
7.914931 1.435327 130.2467
8.221273 1.42874 130.4652
8.070732 1.700865 128.5186
8.263730000000001 1.115877 126.1961
8.207024000000001 1.454083 125.9999
8.04935 1.170897 124.8103
8.296573 1.121198 125.2841
8.221061000000001 1.444001 125.0875
8.329942000000001 1.727683 126.2385
8.544822 1.431084 125.2955
7.989873 1.63305 125.3023
8.491187999999999 1.604854 125.7866
8.153466 1.734608 125.7567
8.061063000000001 1.16309 125.7441
8.544829 1.42903 130.6853
8.316198999999999 1.126117 130.6853
7.961658 1.594215 128.9409
8.489973000000001 1.606647 129.297
8.463778 1.218104 129.3487
7.966635 1.256024 128.9278
7.91487 1.430048 129.3747
8.118727 1.723758 129.3608
8.480684 1.238519 130.2424
8.329594999999999 1.727799 125.2924
7.91604 1.456171 124.8916
8.333522 1.726459 129.7861
8.544703 1.420115 129.7867
7.9766 1.61632 129.8111
8.296756 1.121238 124.8101
8.486916000000001 1.611043 130.2393
8.136433 1.729839 130.2422
8.544829 1.42903 124.3357
8.320752000000001 1.730608 130.6853
7.977331 1.617305 130.6853
7.371663 1.205508 127.1804
7.292514 1.336475 127.5885
7.477961 1.13604 127.5956
7.661888 1.444556 127.4526
7.492577 1.727374 127.1641
7.793519 1.672423 127.1684
7.629885 1.741912 127.6079
7.895425 1.519071 126.7237
7.815989 1.205982 126.7572
7.90546 1.384887 127.1857
7.503446 1.430035 126.9697
7.707004 1.135177 127.9073
7.87727 1.565914 127.6054
7.875044 1.287626 127.6039
7.287145 1.501864 127.1681
7.35002 1.628747 127.598
7.665996 1.735575 126.7233
7.695629 1.131036 127.2889
7.288923 1.349084 126.7443
7.514628 1.124107 126.7696
7.451463 1.710122 128.0287
7.763378 1.69433 128.0453
7.908001 1.410132 128.028
7.389402 1.189196 127.9808
7.649138 1.118987 126.2891
7.523685 1.458087 126.5173
7.369029 1.649904 126.733
7.330075 1.256481 129.789
7.597948 1.425444 129.574
7.348541 1.626929 129.7944
7.593781 1.426063 130.0215
7.510553 1.732868 126.274
7.359028 1.218806 126.3141
7.818926 1.64911 126.2643
7.840257 1.233154 128.4358
7.547476 1.481943 128.1922
7.871348 1.577563 128.4817
7.308235 1.562394 128.4408
7.309092 1.293847 128.353
7.60171 1.430095 128.6482
7.707284 1.722775 129.8042
7.526539 1.736791 129.3523
7.86282 1.592513 129.3614
7.280755 1.465739 127.9995
7.530598 1.120412 128.4104
7.580622 1.743743 128.4752
7.892486 1.329666 126.2722
7.292081 1.520164 126.307
7.318672 1.275298 128.823
7.336727 1.246726 130.6853
7.278755 1.438644 130.2402
7.345627 1.623266 130.6853
7.597928 1.429181 130.4654
7.336902 1.611579 124.8445
7.335404 1.248605 124.8332
7.571754 1.422066 125.1492
7.280329 1.39615 125.3898
7.699591 1.725638 130.6853
7.506268 1.731665 130.2468
7.853155 1.607462 130.2504
7.774796 1.171393 125.7878
7.67643 1.732921 125.8016
7.623074 1.467124 125.5706
7.903275 1.486534 125.797
7.830174 1.636972 125.3317
7.880191 1.298372 125.3212
7.543852 1.118001 124.8049
7.566929 1.11518 125.2684
7.444401 1.151621 125.8142
7.359689 1.639989 125.8261
7.283326 1.374716 125.9186
7.786876 1.180328 124.8129
7.695469 1.448626 124.6625
7.679701 1.126049 128.8846
7.907338 1.401211 128.9073
7.732595 1.711677 128.9199
7.378308 1.658957 128.902
7.60547 1.428882 129.1197
7.908569 1.42903 130.6853
7.694266 1.130573 130.6853
7.47446 1.137446 129.3256
7.279613 1.454171 129.3291
7.83627 1.228235 129.3506
7.49452 1.728025 125.3288
7.90678 1.462547 124.9059
7.675477 1.124881 129.7892
7.908186 1.413506 129.8033
7.278611 1.430261 124.3357
7.715545 1.719442 124.8282
7.489506 1.131743 130.2411
7.844208 1.238235 130.2422
6.941554 2.43903 128.5688
6.311999 2.423055 128.5688
6.656553 2.12548 128.5688
6.566726 2.579772 129.5803
6.941554 2.43903 126.4523
6.673856 2.750441 126.4523
6.311823 2.427008 126.4523
6.665603 2.44008 127.5052
6.941554 2.43903 130.6853
6.642748 2.753595 128.5688
6.61148 2.753648 130.6853
6.458166 2.406049 129.9778
6.680688 2.128733 126.4523
6.586907 2.363739 125.5582
6.312224 2.419103 130.6853
6.632239 2.124101 130.6853
6.941554 2.43903 124.3357
6.831614 2.43903 124.7042
6.796124 2.455817 125.2838
5.867233 2.578534 125.2969
5.675361 2.434827 124.3357
5.83003 2.488461 124.6886
6.305294 2.43903 128.5688
6.045048 2.40529 129.8456
5.989807 2.75401 130.6853
5.972934 2.558223 129.4572
6.305294 2.43903 130.6853
5.96376 2.752889 128.5688
5.977189 2.124323 128.5688
5.675659 2.424697 128.5688
5.675931 2.419637 130.6853
6.305294 2.43903 126.4523
5.951112 2.434516 127.5005
5.937894 2.749618 126.4523
5.67547 2.429761 126.4523
5.944541 2.127393 126.4523
6.00998 2.124664 130.6853
6.533777 1.73003 130.2407
6.377613 1.621984 129.7913
6.731177 1.726134 129.7846
6.624763 1.431667 130.018
6.311941 1.44382 129.3405
6.541242 1.732231 129.3301
6.624772 1.429519 129.562
6.366252 1.251702 129.7949
6.518467 1.133183 129.3396
6.500138 1.14054 125.7879
6.627669 1.434305 126.0212
6.862092 1.21988 125.7741
6.619303 1.429062 125.5477
6.313218 1.460983 125.8026
6.552156 1.735093 125.7913
6.397441 1.645156 126.2701
6.941554 1.42903 130.6853
6.716355 1.127116 130.6853
6.366021 1.252042 130.6853
6.622728 1.43132 130.4668
6.721894 1.729241 130.6853
6.373997 1.617226 130.6853
6.883241 1.611607 130.2411
6.878589 1.240084 130.242
6.870109 1.229273 126.817
6.620717 1.114104 127.2346
6.909785 1.291176 127.423
6.328388 1.327552 127.2219
6.93281 1.502732 127.0894
6.475219 1.705262 127.2665
6.616645 1.743854 127.8883
6.353825 1.586576 128.1126
6.321324 1.506716 127.6846
6.654824 1.40955 127.7351
6.431024 1.182103 127.6448
6.493466 1.143557 128.4631
6.87101 1.230376 128.3572
6.34568 1.286512 128.071
6.936951 1.482684 127.9107
6.844088 1.656845 127.4625
6.609183 1.11453 128.026
6.85568 1.212876 127.8763
6.863088 1.637053 128.38
6.697719 1.12219 127.6344
6.769386 1.709774 127.0536
6.348508 1.28107 126.2811
6.320718 1.504296 126.7589
6.474522 1.15318 126.7696
6.629343 1.444242 126.4891
6.892821 1.59733 126.6843
6.311686 1.436652 130.2394
6.751 1.718392 126.2468
6.577501 1.740164 126.7119
6.31174 1.438627 128.4927
6.693598 1.121263 126.2887
6.93975 1.395372 126.2648
6.518276 1.724807 128.4373
6.894082 1.595318 125.7802
6.384892 1.631027 125.329
6.70981 1.125247 128.8761
6.602464 1.442432 128.6614
6.941379 1.418527 128.8503
6.362537 1.257282 128.9043
6.621615 1.430086 129.1139
6.37905 1.623824 128.8973
6.729043 1.726877 128.8724
6.886582 1.606817 129.3283
6.876139 1.23686 129.3266
6.3516 1.2754 125.3208
6.691631 1.120841 125.248
6.618862 1.436559 125.0945
6.729311 1.726784 125.3072
6.941378 1.418493 125.2934
6.312562 1.453717 124.9056
6.716653 1.127205 129.7899
6.941491 1.422754 129.7862
6.877126 1.619912 124.8158
6.443944 1.1724 124.8085
6.691745 1.120866 124.7943
6.500091 1.717499 124.8215
6.890441 1.257022 124.8043
6.521959 1.13193 130.2383
6.941554 1.42903 124.3357
6.305294 1.42903 128.5688
6.072485 1.435228 127.419
5.968936 1.114776 128.5688
5.908877 1.432893 127.6701
6.305294 1.42903 126.4523
5.675348 1.432034 126.4523
5.940456 1.118021 126.4523
5.675371 1.433882 128.5688
5.97358 1.743565 128.5688
5.942754 1.740399 126.4523
5.987787 1.361504 129.7638
5.97703 1.534896 129.5268
5.675404 1.435729 130.6853
6.004568 1.743687 130.6853
5.997594 1.114134 130.6853
6.305294 1.42903 130.6853
5.748081 1.432977 125.2848
5.785353 1.430317 124.7029
5.675335 1.430186 124.3357
5.036001 -1.663298 63.99076
3.732017 -0.336876 59.34624
3.151146 -0.6926094 61.27966
2.472237 -1.410371 59.59483
4.716366 -1.225847 58.96094
6.147522 -0.2130259 60.9387
4.516478 -0.08399545999999999 61.23432
6.121894 -2.11229 60.9317
5.1662 -0.03266066 59.25522
2.123739 -2.075098 62.24127
1.91562 -3.253055 59.77101
5.423241 -6.363823 63.17911
7.225729 -5.555673 64.67870000000001
6.380276 -3.74098 64.15916
4.367125 -4.461318 65.46613000000001
3.628354 -6.024834 61.89793
3.170473 -5.73528 64.43657
4.501571 -4.291222 62.5235
2.362544 -1.58177 64.93973
2.198954 -4.518325 62.07557
1.946004 -3.647172 64.35004000000001
3.372869 -5.87686 66.90817
2.215311 -4.553795 66.56552000000001
5.279674 -6.375686 66.18192999999999
8.001673 -1.940849 64.47116
1.928658 -2.915398 66.33322
6.125598 -0.2053714 65.03541
3.736632 -0.3346965 63.56361
7.17594 -0.8131087 62.66551
2.796363 -5.401596 59.71189
8.177706000000001 -3.945426 63.81488
5.561491 -0.06694174999999999 62.78149
3.76846 -6.093189 57.39842
3.230209 4.346955 93.55714999999999
4.330002 4.47907 93.55714999999999
3.566386 3.321019 93.55714999999999
2.91226 3.93998 92.78104999999999
3.93969 3.198901 92.6454
3.57335 3.089071 93.55714999999999
2.455384 3.273149 91.63824
2.390641 2.330852 92.62260000000001
4.290836 4.790771 93.55714999999999
4.886118 4.04441 91.94738
2.285093 3.493578 93.55714999999999
1.237552 4.007698 91.96914
1.849326 4.790771 93.55714999999999
2.329334 5.064316 91.95822
3.059613 5.206523 93.55714999999999
3.768057 5.080804 91.95639
4.412599 4.688996 90.35709
2.803466 3.876694 89.18095
5.067519 3.307756 90.2473
3.672581 3.912331 91.66776
2.295511 2.927731 93.55714999999999
1.070082 3.208818 93.55714999999999
1.0701 3.215215 90.34316
3.318433 2.542308 89.66566
4.999342 2.679338 88.40919
1.235329 4.002594 88.78722999999999
4.825499 4.164937 88.72799000000001
2.34305 5.069726 88.74760000000001
4.300293 4.783439 87.71914
3.572896 2.665484 91.37391
4.914195 2.432443 91.89115
3.033261 5.206211 90.37102
3.894635 1.384433 88.29042
3.726988 5.095591 88.80016000000001
3.234675 2.067007 93.55714999999999
3.104743 1.206851 90.11836
4.532608 1.84236 90.11714000000001
1.6685 4.633284 90.37151
1.665077 1.783186 90.23013
1.849326 1.622329 93.55714999999999
1.243115 2.392797 91.93564000000001
3.069025 1.20655 93.55714999999999
3.824 1.354091 91.84362
2.361122 1.336423 91.86637
4.290836 1.622329 93.55714999999999
5.070081 3.20655 93.55714999999999
4.330002 1.93403 93.55714999999999
1.818305 4.622105 103.1189
3.252259 5.004028 102.4853
2.194625 5.385149 102.9773
3.06143 4.275432 103.2978
1.867218 4.853932 101.8888
2.505074 5.6052 101.7776
2.949008 4.177167 101.7224
3.50622 5.661096 101.8363
4.25665 4.055449 102.3144
4.312962 4.685581 103.1896
3.871023 5.45164 103.0321
3.021146 5.738041 102.9478
2.301883 5.477706 105.18
2.457922 4.535529 104.6823
3.303253 4.881742 104.4151
2.999693 4.750123 105.2324
3.802263 5.504405 105.1937
3.045639 5.738754 105.1695
4.273029 4.85366 105.244
2.6178 5.655014 104.072
1.902307 4.006096 105.2482
2.264745 4.706426 105.7523
2.274081 4.077575 105.7441
4.326312 4.382706 104.2778
3.725738 3.403192 103.6332
3.452829 5.679447 104.0888
2.405591 4.12208 106.2564
2.863133 4.459459 105.9217
2.69707 4.007929 105.8864
3.229279 4.294172 105.6973
4.025022 5.300952 100.769
3.009263 5.737523 100.595
3.669471 5.587282 99.38203
3.09492 4.46876 99.5508
2.963773 4.096347 106.2564
3.143901 4.162459 106.2564
2.84812 5.021229 106.2564
2.817191 5.194263 105.7552
2.072084 5.248098 106.2564
2.527039 4.569269 106.2564
1.810524 4.44879 106.2564
1.855566 4.814264 105.2198
3.638566 4.438091 106.2564
4.257803 4.058692 105.3059
3.584901 3.645432 105.8554
3.555828 4.223093 105.1588
3.437394 3.814749 106.2564
3.538363 3.309407 106.2564
3.297946 3.239926 105.7214
3.052797 3.672683 106.2564
4.068078 3.710043 106.2564
3.770835 3.432006 105.35
3.506709 4.809302 105.7994
2.852906 3.238008 105.7153
2.409604 3.406144 105.2954
2.991963 3.835298 105.4674
3.431706 5.685979 106.2564
2.654309 3.785479 106.2564
2.573504 3.321136 106.2564
2.072084 3.710043 106.2564
2.71129 4.103866 94.33293
4.068078 5.248098 106.2564
4.005314 3.634831 94.84784000000001
3.551789 4.956866 94.18479000000001
3.285107 4.746027 95.56650999999999
2.264234 5.447581 94.9315
3.058848 5.738941 93.55714999999999
4.311819 4.692347 94.92167999999999
2.181025 3.586333 96.18738999999999
1.866906 4.105211 97.59327
2.733735 3.264874 97.37588
2.79669 4.460088 96.88214000000001
2.518379 3.346363 99.72016000000001
3.697131 3.386272 99.73721999999999
3.259084 3.233406 98.56364000000001
4.329903 4.463253 99.83036
4.185857 3.893882 98.60993999999999
2.863151 5.721882 96.3609
2.196347 5.386809 97.85012999999999
1.863669 4.842348 96.31197
2.267612 3.507759 98.50973999999999
1.811173 4.42855 99.22678999999999
3.233484 4.608542 98.24621999999999
3.383056 3.258641 96.1241
3.870665 3.506205 97.37228
2.423799 5.560606 99.36735
2.9547 5.733697 98.57424
4.242817 4.939604 98.6341
3.607401 5.618671 97.74462
1.854187 4.148915 94.89769
4.263092 4.073945 96.17484
4.325694 4.583169 97.44192
3.085312 4.586425 106.2564
2.002365 5.147938 100.5877
3.105252 3.21964 101.04
3.571817 4.275414 100.9025
1.939716 3.922585 100.9008
4.026518 3.658931 100.6381
1.878973 4.068384 102.2171
3.62459 5.610406 94.92093
4.061294 5.256822 96.26963000000001
4.217147 5.000262 102.0275
2.686105 5.679055 106.2564
3.490459 3.291348 102.553
2.414231 3.40331 102.1451
4.323324 4.349521 101.1704
2.806589 3.24701 94.86172999999999
3.933346 3.561369 101.571
2.006652 3.803408 103.2066
2.791249 3.250391 104.3413
3.234969 3.229985 103.6124
3.131139 3.785481 104.6306
3.101283 3.219536 105.0993
2.632345 3.297636 103.3136
4.048399 3.685159 104.4226
4.118902 5.177194 104.173
4.156006 3.840191 103.3672
2.168334 3.599154 104.2668
3.483498 3.288908 104.4358
1.985767 5.12068 104.1277
1.820976 4.314335 104.197
3.058334 3.219204 106.2564
3.337194 5.065794 106.2564
3.062144 4.47907 106.2564
4.330002 4.47907 106.2564
3.470687 1.830844 104.5071
2.823195 1.792337 103.8188
2.961433 1.552334 105.0255
2.828765 2.410381 104.8273
2.900948 2.413508 106.2564
2.911237 2.209812 106.0404
2.599352 2.655459 106.2564
2.899385 2.832401 105.8523
2.391065 2.671854 105.8715
2.53171 2.151114 105.8492
2.446318 2.247123 106.2564
1.810822 1.974877 106.2564
2.656554 3.124154 105.4489
3.039492 2.537636 105.4475
4.326674 1.842507 105.5272
3.92307 1.619744 105.7899
3.628085 2.087945 105.9556
3.593367 2.259745 105.1368
2.564783 3.088185 106.2564
2.072084 2.703058 106.2564
3.954336 2.080211 106.2564
3.698893 1.651751 106.2564
4.305544 2.181077 105.5428
3.258147 1.696433 105.8856
3.44003 2.034275 106.2564
3.180731 2.324539 106.2564
3.146306 2.028077 106.0498
3.274704 2.566704 105.9106
3.762721 2.502816 105.8513
3.226873 2.155745 105.7318
3.621599 2.352324 106.2564
3.404891 0.7194092 97.53301
3.248133 1.566181 96.89565
2.366273 0.8890156 97.3133
3.092959 1.835588 98.38081
2.975065 0.6776967 102.9167
2.154448 1.068572 103.0909
3.192476 2.011799 102.7857
1.852178 2.256696 104.5215
1.953248 1.350861 104.2541
1.810593 1.900984 103.3405
2.598682 0.7656189 104.1124
2.663629 3.126589 102.6753
1.911284 2.42859 102.3138
2.28248 2.917435 101.4215
2.745453 2.11919 101.6956
3.797745 2.962576 101.2008
2.991148 3.191476 100.5804
3.117318 2.085287 100.4385
2.99998 0.6760605 100.4964
2.209824 1.013509 100.6681
1.858357 1.588884 102.2207
1.811492 1.876118 100.8971
2.181404 2.827145 100.2855
3.496068 0.748308 101.7254
4.236514 1.457757 101.8478
2.705654 1.271604 106.2564
2.515361 1.245915 105.8069
3.4724 1.202571 105.724
4.330002 1.93403 106.2564
4.272042 1.556284 106.2564
3.562469 3.093752 106.2564
3.048924 2.769727 106.2564
3.216504 3.185414 105.4374
3.665542 3.044357 105.2333
2.836921 1.818606 105.935
2.591365 2.053491 105.3162
2.819097 2.017885 106.2564
1.852195 1.611298 105.3328
2.475603 1.71795 106.2564
1.860274 2.285836 105.5282
3.34068 3.164549 104.5224
3.933428 2.851654 104.4161
3.358248 1.328795 106.2564
2.295645 0.9402244 105.2225
2.072084 1.165002 106.2564
2.693128 0.7318206 106.2564
2.899364 3.182331 94.93443000000001
3.53222 3.106134 96.19802
2.430524 3.019556 96.42851
3.103448 2.01975 95.02343999999999
1.885272 2.362549 95.01273999999999
2.22613 0.9985368999999999 94.96397
3.040844 0.6744481 105.1746
3.43672 0.7286349 106.2564
4.068078 1.165002 106.2564
3.785979 0.8972603 105.2009
3.002224 1.631496 106.2564
4.261359 2.344222 96.41576999999999
3.568383 3.091223 97.91669
2.165441 1.057087 99.54653
1.882599 1.512974 98.14015999999999
1.88321 2.356804 99.24131
3.063923 3.193936 106.2564
2.143077 2.787297 105.4
4.039947 2.738244 94.92507000000001
2.742302 3.150567 103.8596
3.451135 3.134946 103.5104
3.445718 0.7314087 104.0739
3.100627 1.74594 106.2564
4.222851 1.425579 105.2888
3.47026 2.618713 106.2564
4.122927 1.241991 104.1818
3.881061 0.9698137999999999 102.9625
4.319622 2.095426 104.5334
2.307025 2.9366 104.5634
2.086371 2.72125 103.5162
2.837911 3.172375 104.7535
4.130322 2.614685 103.3706
2.80652 3.166076 99.35014
4.04587 1.137012 100.4827
4.328163 2.00208 99.24415999999999
3.594279 0.7883348 99.06901000000001
1.837364 1.673625 96.50984
2.042217 2.662656 97.75163999999999
4.283417 1.594593 97.77349
4.030844 1.118962 96.315
4.302886 2.194017 100.7473
3.791462 2.966992 99.75089
2.478209 3.046275 98.54067000000001
2.606726 0.7624057 98.38106000000001
2.372374 0.8849319 101.7234
4.311944 1.721481 94.98689
3.623123 0.8019763 94.91274
2.850222 0.6934399999999999 96.21787999999999
3.649847 3.052633 102.4307
4.242237 2.396037 102.1248
3.07032 3.193951 101.6714
4.319991 1.775514 103.1812
3.070769 0.674109 93.55714999999999
3.062144 1.93403 106.2564
4.091326 2.671906 105.4547
3.028307 2.163307 106.2564
3.086611 2.050509 106.2564
4.068078 2.703058 106.2564
4.267521 2.325869 106.2564
3.081248 4.550601 110.1324
3.601936 5.225514 110.4135
3.110725 4.704569 111.0136
3.883991 4.453808 110.2848
3.81049 3.687735 111.519
4.039334 3.70327 110.6192
3.458075 3.801678 110.9319
3.866803 4.712947 111.0455
3.380508 3.855634 110.1681
3.142133 4.166555 110.7643
3.182787 4.084946 109.2465
4.005149 3.696666 109.635
3.449415 5.151097 111.556
3.3106 5.040414 109.4171
4.663375 4.535999 111.8153
4.443255 5.029803 111.814
4.06222 4.557782 112.0724
4.402188 5.069462 110.4049
4.508013 4.004634 111.3703
4.627528 4.721377 111.0777
3.494907 3.780519 112.3401
3.189736 4.073041 111.5646
4.173258 3.744881 112.2873
3.906107 4.477035 113.1403
3.965311 5.267233 111.8849
4.112057 5.235508 111.1567
4.60604 4.780288 112.5001
4.210402 5.196882 112.5417
4.336002 5.12281 109.4266
4.637123 4.269032 110.1936
4.607051 4.180327 112.3669
3.094951 4.642144 111.7918
4.591622 4.144855 109.0859
3.829824 4.455099 108.804
4.356176 5.107769 116.3357
4.161592 5.217944 115.5495
4.599283 4.796262 115.5518
4.461709 4.869793 115.9257
3.840231 3.685995 113.1272
4.420132 3.905308 113.1341
3.106512 4.268312 112.4326
3.62527 5.233539 112.4672
3.182655 4.872965 112.4398
3.079774 4.531842 113.2117
4.155639 3.737889 115.5387
3.58075 3.740628 115.5439
3.961597 4.086642 115.9448
3.865777 4.511728 115.4693
4.356176 3.850372 116.3357
4.452422 4.1016 115.9522
4.596184 4.154864 115.5455
3.874782 4.483252 113.999
3.276672 3.953828 113.1749
3.54837 3.754221 113.9558
3.340494 5.068783 113.2248
3.872301 3.68537 116.3357
3.387261 3.850372 116.3357
3.861434 3.685436 114.7457
3.855639 4.467564 114.7933
3.144129 4.161936 115.5629
3.307228 3.921118 114.7674
4.665259 4.463139 113.2017
4.156761 3.73832 113.9322
4.598547 4.160197 113.9537
4.61044 4.76933 113.9838
4.421563 3.906679 114.7346
4.63109 4.70997 108.5571
4.310234 5.140633 108.4518
4.16097 4.662851 115.9707
3.699876 5.253945 108.6137
3.94402 4.596827 107.8663
4.665419 4.47907 116.3357
3.123148 4.742895 108.5425
3.082296 4.56137 107.7009
3.198324 4.058951 108.268
3.88913 3.685561 108.5666
3.078075 4.488548 114.7803
3.147222 4.803209 115.5647
4.345186 3.842055 107.0511
4.058043 3.70755 107.6878
3.523109 4.393617 107.2395
3.178704 4.092171 107.5192
3.538771 3.75858 107.691
4.565928 4.863822 107.6965
3.983802 5.264817 107.7956
4.209983 5.19708 107.1196
3.374061 5.097372 107.799
4.188876 5.20665 114.0089
3.898363 5.272324 113.2497
4.446716 5.026189 113.2572
3.131179 4.19348 113.9917
3.145781 4.799967 114.0032
3.486893 4.668917 115.9295
3.577246 4.467124 116.1311
3.807138 4.488259 116.3357
3.387261 5.107769 116.3357
3.078028 4.482981 116.3357
4.665355 4.46899 114.7541
3.584185 5.218858 114.005
3.880367 5.272724 114.7768
3.319718 5.049383 114.7825
4.435298 5.037943 114.7685
4.650239 4.324582 107.0475
4.545653 4.898323 106.8608
3.659694 5.243927 107.0273
3.186522 4.879653 107.0064
3.870418 5.27277 116.3357
4.371719 4.98407 116.3357
3.58689 5.219903 115.5525
3.08626 4.364988 106.9451
4.560131 4.08404 107.9832
3.78318 3.690324 106.9652
4.012051 4.207548 106.7278
3.312331 3.916002 106.9421
3.809809 4.470223 116.3357
4.371719 3.97407 116.3357
4.509625 4.006803 106.2564
4.665419 4.47907 106.2564
2.819359 3.90771 114.8431
2.281798 4.513697 115.4867
3.062139 4.476114 114.8455
2.202462 4.442733 114.8293
2.551134 3.737419 115.5739
2.25458 3.685491 114.8218
1.867676 4.662118 115.9469
1.995989 4.502839 116.0713
2.402895 4.880276 115.9736
3.047085 4.325192 106.9053
2.995247 4.798001 106.825
2.654863 4.229586 106.5956
2.394728 4.530849 107.0687
2.284646 3.685535 106.9187
2.139709 4.243117 106.585
2.787071 3.878249 106.9464
1.474967 4.460201 106.9842
1.651426 4.97832 106.9026
2.608329 5.196314 107.1568
1.981062 5.218917 107.1977
3.03203 4.695627 107.506
2.956797 4.083938 107.6313
2.311848 4.468792 107.8832
1.947378 3.753207 114.0545
2.323318 4.490805 114.0948
1.699091 3.92608 114.8131
1.519298 4.216885 114.0581
1.474906 4.495134 114.8396
2.263892 5.272758 116.3357
2.558571 5.217844 115.5924
2.752901 5.107769 116.3357
1.783986 5.107769 116.3357
1.984752 5.220339 115.5939
2.768444 4.98407 116.3357
2.20694 4.487868 116.3357
2.995628 4.797133 115.5963
3.062144 4.47907 116.3357
2.731039 3.834116 109.8454
1.980326 3.739511 110.061
2.758384 3.854636 110.7533
2.289892 4.462071 110.3342
2.768444 3.97407 116.3357
2.993163 4.155431 115.59
2.636627 4.323916 115.963
2.206755 4.47025 116.3357
1.783986 3.850372 116.3357
1.474747 4.481645 116.3357
2.43309 3.702635 111.7104
2.02137 3.724806 110.9801
1.675472 3.951486 111.6761
2.436265 4.347361 111.2909
2.267159 3.685371 116.3357
1.976469 3.741025 115.5683
2.099188 4.127275 115.9715
1.997846 3.732922 112.503
2.261733 4.476208 112.4768
1.738266 5.069725 113.4545
1.483306 4.595342 113.2991
1.743427 5.074316 112.5569
2.220854 4.473815 113.292
1.540586 4.162551 115.5861
1.544239 4.803859 115.5977
2.476277 3.713064 107.6324
1.963483 3.746295 107.5279
1.55334 4.134704 106.2564
1.728767 3.897083 106.9337
1.707089 5.040178 110.6564
2.11908 5.25859 111.574
1.512074 4.719624 111.6107
1.476622 4.533646 109.6976
1.514581 4.230774 110.7537
2.528927 5.22881 112.4503
2.869496 4.99743 111.6155
2.803178 3.892538 112.6082
3.011733 4.200715 111.6891
3.056114 4.576722 110.9237
2.605112 5.19783 110.6124
2.027701 5.235379 109.737
2.240103 4.495137 109.2005
3.061368 4.514151 110.0116
3.058173 4.39977 113.3203
3.038719 4.670478 112.483
1.492034 4.3143 112.4739
2.300267 3.686008 113.3078
1.672075 3.955329 113.2674
2.842454 5.027224 113.2721
2.816911 3.905359 113.4697
2.811072 5.058307 108.1411
2.429248 5.256311 108.8832
2.7185 5.132836 109.6783
2.8288 5.041175 114.8394
3.007951 4.767323 114.0687
2.99658 4.163195 114.1123
2.22981 5.27183 113.3082
2.990646 4.808288 109.0368
1.714526 5.047521 108.7907
2.359278 3.690585 109.1588
1.731112 3.894917 109.1752
1.971282 3.743098 108.3287
2.971395 4.110533 109.1392
1.558737 4.123715 107.7078
1.569387 4.854944 107.7737
2.752901 3.850372 116.3357
1.549964 4.816335 114.1151
2.561156 3.741317 114.0906
1.982752 5.219571 114.1194
2.277924 5.272714 114.8461
1.484826 4.35296 108.5812
2.162713 5.265697 108.0035
2.573186 5.211936 114.0749
2.717704 3.824757 108.3856
1.721668 5.054394 114.8563
1.527331 4.76317 106.2564
3.060106 4.422234 108.3171
3.311741 2.496511 114.7813
3.130866 2.218808 114.0079
3.579615 2.672025 114.0157
3.877687 1.764547 114.4954
3.204318 1.504452 106.7976
3.262955 1.424749 107.4659
3.904752 1.685394 106.7566
3.891668 2.051275 107.3368
3.722436 2.713565 106.9075
3.472008 2.156297 106.9577
3.84551 2.377429 106.5619
3.914071 1.14146 114.819
3.656317 1.170117 114.0011
3.339528 1.345189 114.7664
3.417943 2.585219 107.3527
3.145419 2.254108 107.3211
4.3578 1.306587 110.5046
3.363048 1.324756 110.7166
3.863517 2.121582 110.6071
3.862236 1.816145 109.8038
4.164904 2.671595 115.5624
4.192701 2.09267 115.9777
3.703348 2.297005 115.9567
3.809781 1.806209 115.2131
4.371719 2.43903 116.3357
3.812499 1.942549 116.3357
3.991112 1.57493 115.9407
4.597458 1.612684 113.3852
4.514169 2.400097 113.2053
4.665377 1.942226 112.448
3.765847 1.856862 112.4794
3.453178 1.259653 113.0751
3.571796 1.199178 112.2116
3.116145 1.690988 112.3255
3.078083 1.94416 113.1768
3.490717 1.779286 115.9129
3.078022 1.931614 116.3357
3.1499 1.603973 115.5575
3.143236 2.249106 115.5553
4.238224 1.230017 112.4942
3.387261 2.562728 116.3357
3.58698 2.674897 115.5527
3.872704 2.72773 116.3357
4.598542 2.252916 115.5955
4.665419 1.93403 116.3357
4.371719 1.42903 116.3357
4.449436 1.562462 115.9533
4.168352 1.197844 115.594
3.877008 1.140347 116.3357
4.356176 1.305331 116.3357
4.599711 1.617821 115.6163
3.387261 1.305331 116.3357
3.596516 1.189568 115.5656
3.99613 2.717919 109.3408
4.192134 2.66018 110.3261
3.515656 2.643382 110.0501
3.72141 1.154692 109.7293
3.157435 1.587967 109.8779
4.653292 2.072248 109.7206
4.380933 1.325211 109.4851
3.23395 1.461577 109.0766
3.157906 2.281063 109.4113
3.293773 1.390026 111.6041
3.948519 1.144054 111.4849
3.94265 1.815444 111.6431
4.193685 2.659494 112.2894
4.601061 2.247111 111.6826
4.200014 2.656652 111.2719
3.590164 2.676113 111.6816
3.093457 2.089818 111.4299
3.295983 2.480371 112.4647
4.275729 1.250849 114.1195
4.084216 1.169304 113.3823
3.689121 1.839825 113.3652
4.64468 2.114283 110.8109
3.855657 2.727568 113.1874
3.521249 2.646162 110.8636
3.102261 2.128696 110.4084
3.387677 1.766103 106.4868
4.568954 1.55479 111.5613
3.165864 1.571084 113.9486
3.305738 2.490471 113.3486
4.546403 2.352074 108.7055
3.687159 2.062788 108.3492
4.214232 2.650022 113.9931
4.633253 2.157693 114.0651
4.613599 1.651941 108.7518
3.887505 2.727573 114.7806
4.606616 1.634219 114.2461
4.444423 1.384511 114.8874
3.078463 1.907444 114.7687
3.305455 2.490183 106.8024
3.376534 2.249384 106.514
3.109723 2.15612 106.7536
4.665403 1.928932 114.8797
3.95839 1.145076 108.6494
4.664519 1.971817 107.9027
4.452722 1.393293 107.9134
4.099955 1.173853 107.8798
4.075218 2.701199 108.4558
4.409425 2.517838 107.8163
4.610662 2.223724 107.0609
4.445686 2.482229 114.8029
4.235862 2.639267 107.0172
3.798396 2.724336 107.7391
3.07958 1.884267 107.804
4.264674 2.1193 106.6663
3.725328 1.153946 107.7328
4.665419 1.93403 106.2564
4.61734 1.661985 107.088
3.084354 2.034121 108.5453
3.480814 2.624794 108.601
3.250002 2.427415 107.9278
3.284387 1.400174 108.2386
4.213518 1.217696 107.1239
3.084643 1.831691 107.1609
3.619818 1.181363 106.9353
3.810984 1.925328 116.3357
4.501038 2.41768 106.2564
3.082351 1.851209 106.6536
4.514167 1.467961 106.2564
4.356176 2.562728 116.3357
1.94608 1.208742 114.1272
2.318415 1.862889 114.8489
2.534052 1.186091 114.1221
2.242701 1.951921 113.9998
2.978788 1.579952 114.0619
3.041836 2.112424 107.0937
3.035763 1.731098 107.3561
2.613515 1.838611 107.6091
2.642581 2.107794 106.937
2.205711 1.942981 116.3357
2.155633 1.902144 115.9472
2.394217 2.345676 115.9612
2.480218 1.726457 115.9194
2.837079 2.487757 107.219
2.635336 2.637841 107.8445
2.082442 1.978312 107.1887
3.01673 2.198657 107.7125
2.999584 2.24289 108.5256
2.283269 1.920882 108.2607
2.391125 1.149868 107.0034
2.165858 1.146987 107.8722
2.76711 1.316541 107.6373
3.034974 1.728139 107.9983
2.384684 2.719172 107.0156
2.179435 2.219433 106.6923
2.746585 2.567545 106.6997
2.959559 2.324312 106.7057
2.719667 2.241411 106.518
3.050905 2.067128 106.6209
2.244422 2.727367 114.801
1.689119 2.476564 114.8133
2.266579 2.727728 116.3357
2.549479 2.67631 115.5687
2.752901 2.562728 116.3357
2.846392 2.275934 115.9451
2.768444 2.43903 116.3357
3.062144 1.93403 116.3357
1.783986 2.562728 116.3357
2.127045 2.083507 115.4001
1.969143 2.669135 115.5712
1.823338 2.098591 115.9681
2.767039 1.780851 106.5396
2.188218 1.663014 106.7132
1.475204 1.961064 107.1086
1.526973 1.650864 106.2564
1.75585 1.328053 107.0867
2.871023 1.417446 106.8873
1.767227 2.54945 107.0456
1.59096 2.347523 107.9523
2.563172 2.67098 110.3124
2.927985 2.375578 111.0677
2.273839 2.727712 111.0622
2.251809 1.950187 110.1121
3.018702 2.193015 112.6157
3.035887 2.136491 111.8601
2.902377 1.456444 112.3627
2.3164 1.913497 112.7615
3.056685 1.841098 110.2292
2.364431 1.146155 110.5989
2.953446 1.533116 111.2818
2.487369 2.69694 111.7994
2.339276 1.955678 111.7493
1.480155 2.026555 108.9729
1.483903 2.054264 110.0004
1.716637 1.36353 109.8251
2.287785 1.902266 109.1262
1.737804 2.524269 110.5863
1.526781 1.651368 110.9763
1.678322 2.4648 111.5492
2.16409 1.147219 112.6915
2.177427 1.145565 111.6945
2.727787 1.286756 113.3041
2.208624 1.142587 113.4977
2.838628 2.486162 113.3191
2.200749 2.724838 113.2646
2.570812 2.667878 112.6191
1.49699 1.747429 112.3344
3.056371 1.838479 113.2632
1.931698 2.652753 109.6296
1.930261 1.215982 108.8116
1.872633 2.621994 112.4424
2.802675 2.52102 109.4373
1.604687 2.369217 113.2041
1.480249 1.840699 113.3483
1.709849 1.370175 113.306
1.547881 1.601238 114.0934
1.514356 2.181644 114.0491
3.011918 2.211889 114.0468
1.97977 1.194687 115.596
3.048077 1.785261 109.2704
2.579573 1.203853 109.5622
1.783986 1.305331 116.3357
2.551339 1.192457 115.5921
2.837372 2.487456 112.2111
2.992508 1.608929 115.5901
2.175325 2.722249 108.6249
2.551872 2.675399 114.0402
1.713198 1.366876 114.8561
2.255765 1.140431 114.8604
2.8117 1.355383 114.8426
2.206118 1.92513 116.3357
2.784467 1.330971 108.5495
2.824473 2.500414 114.8109
2.995347 2.252733 115.5809
1.90722 2.640768 114.0161
2.26955 1.14033 116.3357
1.475072 1.911166 114.8367
1.474743 1.933236 116.3357
1.544376 1.608934 115.5994
1.537718 2.243871 115.5881
1.552122 1.592205 107.9903
3.061947 1.916329 114.8242
2.768444 1.42903 116.3357
2.863545 1.544737 115.9805
2.752901 1.305331 116.3357
2.080163 2.705075 107.7218
1.558455 2.28882 106.2564
3.049321 1.791933 106.7542
3.508515 5.327703 123.3093
3.861003 5.483956 123.3221
3.921212 5.094993 123.7283
3.859517 4.945141 123.3442
4.22389 5.339 123.3309
3.406409 4.801076 123.8315
3.672207 4.5256 123.8445
3.404102 5.161086 123.8239
3.37183 4.973537 123.3144
4.371702 4.988106 123.3202
4.338368 4.804519 123.8316
4.234048 4.639517 123.3295
4.076382 4.527876 123.8434
3.371719 4.983502 124.3357
3.475663 4.678882 124.3357
3.775695 4.776693 124.0629
4.267774 5.289259 124.3357
3.872537 5.48407 124.3357
4.070799 5.442728 123.8366
3.964056 5.199578 124.0863
4.371719 4.98407 124.3357
4.337387 5.166151 123.831
3.622605 4.550547 120.6324
4.177975 4.58884 120.5377
3.973 4.494436 119.8317
3.85403 4.945125 120.1778
4.053001 4.518091 121.1658
3.98341 5.09913 120.7503
3.549355 5.366277 121.0048
3.372271 4.96057 120.968
3.38293 5.08936 120.3942
3.805214 5.479628 120.3269
3.443619 5.242393 119.6426
3.824791 5.481863 119.7507
4.228896 5.333962 119.7741
4.358473 4.869746 120.1017
4.295768 5.24899 120.4821
4.092959 5.432459 121.1112
4.367916 4.922521 121.0284
3.862604 4.942843 121.5613
4.354551 4.854176 119.5449
3.525119 4.623697 119.125
4.329146 5.185962 119.0264
3.884876 5.483897 119.2044
3.460252 4.700002 119.916
4.182897 4.592703 119.0297
3.497067 5.315184 118.152
3.609858 4.558125 117.6649
4.010608 5.464393 118.4041
3.402346 4.811765 118.3071
4.36444 4.899067 120.5528
3.898714 4.4848 121.8401
3.681317 4.521742 121.3187
3.454727 5.259965 118.8245
3.898806 4.484805 118.3456
3.385363 5.100078 121.5941
3.448046 4.718549 121.2434
4.210732 4.616552 122.2869
4.300889 4.72753 121.6753
3.853978 4.991001 122.1949
4.151952 5.398159 121.8353
4.347491 5.137824 121.5652
4.36428 4.898145 118.3357
3.486416 4.665414 121.7683
3.875816 5.484054 122.2747
3.502987 5.321764 122.2101
3.725676 5.462266 121.6559
3.580721 4.577474 122.315
3.422158 4.76522 122.7976
3.888742 4.982503 122.8166
3.978382 4.934474 116.6516
4.368999 5.036148 122.1936
3.874881 4.981198 124.3357
4.371181 5.007246 116.9925
4.296992 5.24702 117.6679
4.110448 5.423397 116.9871
3.818305 4.966475 117.3459
4.202992 5.358581 122.3881
4.049464 5.45141 122.8313
4.330087 5.183816 122.8116
3.401755 5.154758 122.7726
3.374904 4.927723 122.234
4.338834 4.805736 122.7935
3.897254 4.484723 122.4146
3.666122 5.439844 122.7876
3.377825 5.061976 117.6015
3.426804 4.755923 116.9796
3.849119 4.484581 117.0744
4.221418 4.626705 117.59
3.533444 5.352269 116.9711
3.785686 5.476613 117.6333
4.212363 4.618063 116.8583
3.873276 4.484073 124.3357
3.880866 4.484154 123.3472
4.076583 4.527967 122.8449
3.701571 4.513911 122.8483
3.868569 4.98407 124.3357
3.475663 5.289259 124.3357
3.665518 5.439571 123.831
3.521645 4.627071 123.3354
4.267774 4.678882 124.3357
3.869934 5.484067 116.3357
4.079544 3.519308 123.8241
3.879435 3.47413 123.3048
3.670034 3.516552 123.8313
3.869075 3.997703 123.3307
4.341081 3.801737 123.8214
3.753269 4.031597 123.7276
3.509716 3.629173 123.3252
4.335799 4.16016 123.8462
4.070877 4.432694 123.8717
4.216002 4.336657 123.389
3.371959 3.98957 123.3414
3.870426 4.474069 123.4166
3.525587 4.334893 123.3746
3.761007 3.486481 119.4112
4.200158 3.597072 119.7151
3.413755 3.773399 119.6104
3.678338 3.512981 119.96
3.91367 3.475833 120.4571
4.34544 3.814108 120.3734
3.618288 3.543057 121.1582
3.384399 3.862179 120.4266
3.376714 4.044573 121.1947
3.919593 4.083204 120.6035
4.02782 3.499062 121.6621
4.361301 3.872535 121.5799
3.942751 4.033077 121.196
3.963897 3.988598 121.8015
3.68089 4.436223 120.2905
4.204662 4.347097 120.3049
3.979685 4.462274 120.8614
4.19936 3.596378 121.0241
4.353026 4.109509 120.9347
3.924489 4.471278 119.5987
3.425894 4.200434 119.1567
4.35229 4.112095 119.7943
3.436311 4.219876 119.8357
4.351645 4.114321 119.0758
4.123526 3.542106 118.9504
3.512843 3.62592 118.8467
4.198178 4.352784 121.4835
3.523886 4.333254 120.8174
3.701227 4.444105 121.3577
3.399404 3.81 121.7399
3.900614 4.473235 121.9395
3.836016 4.472794 118.8119
3.647671 3.527078 121.7999
4.353561 3.840548 118.3428
4.214404 4.338167 118.3057
3.39889 4.136653 118.3618
3.375178 4.032787 122.3064
3.464791 4.264605 121.8109
3.598915 4.393091 122.3801
3.494142 3.646296 122.291
3.872439 3.474071 122.2519
4.264273 3.664391 122.197
4.325987 4.182973 122.173
3.944089 3.479336 118.273
3.72257 4.451307 122.9178
4.014525 4.453243 122.5215
4.045651 4.442843 123.0127
3.845054 3.984919 122.6561
3.399164 3.810692 122.8134
3.674816 3.514474 122.7913
4.357308 3.854895 122.7511
3.383636 3.865557 117.6236
3.504062 3.635207 118.158
3.91838 3.876165 117.916
3.520686 4.330127 117.6581
3.765247 4.462603 118.1648
4.244809 3.641199 117.6505
3.760675 3.486557 117.5978
4.348059 4.126058 117.6649
4.007646 4.455239 117.6505
3.829839 3.972959 117.2732
3.538909 3.600925 116.9708
4.088686 3.523598 122.7653
4.29347 4.242633 122.8421
3.428748 4.205969 122.853
4.370704 4.00591 123.3199
3.872153 3.474071 116.3357
4.091633 3.525029 116.9742
3.40753 4.15989 116.9784
4.017057 4.001161 116.6481
3.762846 4.462073 117.0953
4.208393 4.343733 116.9899
4.093157 3.911072 124.0589
3.66913 4.43119 123.8682
4.244683 3.641058 123.2944
4.365969 3.898462 117.0027
3.475663 4.279259 124.3357
3.371723 3.976135 124.3357
3.406905 4.158322 123.8451
3.654527 4.056194 124.0915
3.404259 3.79664 123.8342
3.873432 4.474067 124.3357
4.371719 3.97407 124.3357
4.267774 4.279259 124.3357
3.475663 3.668882 124.3357
3.868569 3.97407 124.3357
3.873687 3.474074 124.3357
3.874905 3.978872 124.3357
4.267774 3.668882 124.3357
1.94357 5.364145 121.0044
1.769057 5.008834 120.406
2.169543 5.474191 120.23
2.264831 4.97099 120.8399
2.093599 5.452503 119.4135
1.777299 5.077755 119.6873
2.249048 4.968191 119.4796
2.266109 4.941329 120.1817
2.152955 4.497591 121.2025
2.565803 4.582103 121.3171
2.576167 4.589981 120.6805
2.269964 4.964159 121.4459
1.947474 4.600692 119.0826
1.785268 5.112684 119.0365
2.481921 5.436207 121.0155
2.768317 4.972814 121.1314
2.655749 5.30029 119.6456
2.712335 4.753938 119.9889
2.732845 5.169357 120.4366
2.739452 4.816287 119.3896
2.015273 4.552903 120.5717
2.398878 4.501383 119.5433
2.347823 4.490412 120.1407
1.94103 4.606181 119.8865
2.749211 5.121411 118.8957
2.448776 5.450418 118.9913
2.220802 5.481795 121.7126
2.318575 4.48659 121.8532
1.774829 4.904414 118.3521
2.014608 5.414846 118.6967
2.497062 5.428743 118.2906
2.568558 4.584156 118.8891
2.68999 5.252954 121.6706
1.787555 4.847152 121.0859
2.266621 4.484074 124.3357
2.471135 4.526997 123.8516
2.027489 4.896177 124.0591
2.272332 4.798866 124.2077
2.751718 4.855831 118.2452
2.265294 4.98407 124.3357
2.271602 4.981674 124.3357
2.297862 5.193157 124.1131
1.801936 5.163989 121.6561
2.722187 4.774031 121.7629
2.444181 4.944264 122.056
1.871391 4.68018 121.7131
2.264737 4.484084 118.2942
1.970363 4.582638 122.3107
2.296794 4.484875 122.4249
1.965551 5.381885 118.1013
1.96725 4.584968 117.6614
1.919309 5.341988 122.2448
2.565487 5.386271 122.2518
2.235859 5.483008 122.3464
2.611829 4.620634 122.324
2.263693 4.982281 122.8352
2.767493 5.014883 122.2633
2.73457 4.803166 122.8214
2.719274 5.200293 122.7925
2.168403 4.958729 123.5935
2.481 4.914937 124.0884
2.229612 5.48256 117.5847
1.784141 5.108373 117.6011
2.228295 4.973829 117.32
2.713674 5.211601 117.6121
2.595898 4.606216 117.5525
1.815646 4.771998 116.9755
2.227031 4.485788 117.0661
1.816118 4.770994 122.8033
2.092805 4.515935 122.8571
1.915759 4.629651 123.3423
2.615254 5.34424 123.3214
2.255648 5.483907 123.3247
1.904557 5.326979 123.3205
1.768521 4.975247 123.3146
1.800925 5.161345 122.7885
1.769944 4.94536 122.2414
2.472953 4.527807 122.8591
2.768444 4.98407 124.3357
2.735667 4.806018 123.8393
2.664499 4.678882 124.3357
2.630807 4.639553 123.343
2.664499 5.289259 124.3357
2.73276 5.16957 123.8312
2.05876 5.437979 122.8088
2.768315 4.995405 116.9658
2.602907 4.612406 116.8412
2.067983 4.526014 123.843
2.436862 5.454852 122.813
2.274144 4.484103 123.3566
2.061366 5.439174 123.8332
2.768285 4.99665 123.3197
1.803147 4.801042 123.8322
1.943548 5.364127 116.9624
2.392624 4.937457 116.6087
2.522658 5.414622 116.9633
2.464917 5.443851 123.8348
1.800881 5.161229 123.8282
1.872388 5.289259 124.3357
1.768444 4.983185 124.3357
1.872388 4.678882 124.3357
2.267598 5.48407 124.3357
2.266958 5.484068 116.3357
2.528213 4.401294 118.3782
2.304106 4.030649 118.8088
2.037651 4.417618 118.6535
2.273086 3.996326 118.0372
2.723155 4.182007 119.0973
2.600476 3.600233 118.9817
2.306671 3.984851 119.4056
2.309733 4.472363 119.0261
2.367247 3.48393 119.6697
2.732768 3.78859 119.5651
1.981464 3.564628 118.9537
1.854469 3.693669 119.7809
1.907134 3.628447 122.2008
2.259527 4.031923 122.4767
2.276717 3.474139 122.1928
2.262893 3.963753 121.9666
1.769377 4.004604 122.2166
1.802713 3.79215 122.7543
2.078052 3.511738 122.7438
2.25632 4.09686 122.9625
1.872388 4.279259 124.3357
1.768447 3.975933 124.3357
1.80229 4.154905 123.8202
2.12559 4.171869 124.1374
2.473311 3.517968 123.8072
2.171757 3.757109 124.088
2.463391 4.024211 124.0727
2.109357 4.067104 123.5902
2.664499 3.668882 124.3357
1.872388 3.668882 124.3357
1.802264 3.793305 123.8092
2.266289 3.474075 124.3357
2.067842 3.516076 123.8127
2.064801 4.430721 123.8321
2.265294 3.97407 124.3357
2.26646 4.474066 124.3357
2.467455 4.432758 123.8305
2.664499 4.279259 124.3357
2.199828 3.478801 120.459
2.720653 3.760747 120.2692
2.289757 3.974715 120.0727
2.768444 3.97407 124.3357
2.736216 3.797466 123.8066
2.733124 4.158657 123.8145
2.745931 3.825727 121.5729
2.762001 4.054075 120.9593
2.606843 3.605986 120.9825
2.25447 3.925407 121.3396
1.838287 4.228953 120.0134
1.789592 3.830191 120.4916
1.84123 4.233856 120.6312
2.214054 3.928107 120.8023
2.675832 4.263957 121.6047
2.73527 4.153159 119.7973
2.626927 4.322624 120.3699
2.472373 3.517548 121.6178
2.25093 3.474377 121.1314
2.069066 3.515542 121.6523
1.916601 3.618814 121.0725
1.797298 3.806672 121.6598
2.248496 4.473672 121.7311
1.84141 4.234151 121.6758
1.770892 4.02349 121.1101
2.01281 4.403781 121.1169
2.335244 4.469588 119.7107
2.169337 4.46415 120.4588
2.458908 4.436372 121.0418
2.765575 4.027554 122.1714
1.825694 4.20639 119.2255
2.271637 3.979294 124.3357
1.950933 4.360318 122.2502
2.256731 4.473933 122.3447
2.642286 3.642044 122.1718
2.391355 3.489413 118.3056
1.943469 3.594082 118.1938
1.77604 4.060898 118.3727
2.473851 3.518211 122.7324
2.077572 4.436205 122.8023
2.445419 4.441702 122.7955
2.567703 4.374625 122.2172
2.739762 3.80716 122.7283
2.717983 4.192964 122.7444
2.761986 3.89397 118.3618
1.812051 4.17829 122.7721
2.185689 3.480966 117.6139
1.789992 3.828867 117.6356
2.077595 4.436214 118.1459
2.3663 4.464401 117.6595
1.890296 4.301186 117.6544
2.657993 3.660619 117.6629
2.731752 4.162073 117.6868
2.267136 3.474072 116.3357
2.495628 3.528663 116.9788
1.944127 3.59352 116.9769
2.210248 3.969174 117.3062
1.768457 3.977756 123.2936
1.912049 3.623381 123.2798
2.617491 4.332073 123.2949
1.912631 4.32535 123.309
2.263862 4.474049 123.314
2.631912 3.630718 123.2738
2.27406 3.474102 123.2762
1.799939 4.148723 116.9842
2.343917 3.969916 116.7265
2.145618 4.45875 117.1028
2.596109 4.351741 116.9992
2.768261 3.987574 123.2817
2.764393 3.910556 117.0073
3.469585 2.736164 119.6238
3.773196 2.929227 120.3058
3.434577 2.196322 119.8805
3.929471 2.935683 119.6557
3.583836 2.030222 120.5238
4.097982 1.993155 120.5551
3.846574 1.939663 120.0051
3.893773 2.423087 120.5359
4.284199 2.156435 119.9165
3.405666 2.257935 119.1877
3.662408 1.984949 119.5074
3.838455 2.495134 119.2295
4.308291 2.68276 119.8959
4.370741 2.407778 120.5265
4.20842 2.808668 120.5731
3.79684 1.944668 118.9769
4.044771 1.969932 119.5012
3.450914 2.709074 118.8348
3.84993 2.938555 119.0641
4.323081 2.654139 121.16
3.927237 2.935938 121.0361
3.875857 2.453322 121.127
4.084196 2.891637 121.6599
4.366225 2.365112 121.5865
3.934619 2.386097 121.7287
4.276996 2.731861 117.7968
3.650151 1.990803 117.7176
4.24069 2.101598 117.6117
4.030486 1.964907 118.3565
4.338538 2.259922 119.1091
3.483979 2.754717 122.1817
3.660041 2.892012 121.6043
3.920713 2.552673 122.1857
3.379742 2.349815 122.2108
3.842649 1.939876 121.8388
4.363344 2.347902 122.1898
4.329365 2.640424 121.7654
4.290567 2.165962 121.1061
3.403132 2.264598 121.0561
3.832478 1.940572 121.195
4.240144 2.777058 119.271
3.37861 2.521757 120.3847
3.492777 2.765225 120.9814
3.383159 2.545378 121.6097
3.434808 2.195906 118.416
3.499173 2.105549 121.6882
3.61658 2.009025 122.2927
4.186097 2.050229 121.7115
3.475663 2.744219 124.3357
3.371728 2.435974 124.3357
3.402232 2.611024 123.8208
3.637729 2.513396 124.0647
3.843127 2.938212 118.3521
4.269769 2.741612 118.6328
4.077014 1.98312 123.8542
4.227719 2.08794 123.3598
3.888503 1.939312 123.3703
3.779285 2.406501 123.5873
3.677703 1.978207 123.8487
3.393855 2.586156 122.7593
3.657663 2.890893 122.7452
3.725004 2.2869 122.565
3.85649 2.938798 122.2023
4.236771 2.780698 122.2288
3.409858 2.247498 123.8323
4.313095 2.204111 122.8089
4.345405 2.599095 122.7647
4.371719 2.43903 124.3357
3.874974 2.43089 124.3357
4.267774 2.744219 124.3357
4.082435 2.520797 124.0387
3.475663 2.133841 124.3357
3.437866 2.190491 122.785
3.750442 1.953961 122.8372
4.066323 1.978455 122.3649
3.665224 2.894398 123.8139
3.87389 2.939025 124.3357
4.073492 2.896509 123.8137
4.33906 2.616773 123.8244
4.359238 2.328012 118.3064
3.45408 2.713945 118.1881
3.372676 2.469955 117.6658
3.89098 2.427892 117.2595
3.437386 2.19133 117.0067
3.865156 1.939073 117.098
4.063294 2.900873 122.7542
3.725503 2.917173 117.6594
3.798557 2.363507 123.1063
4.073243 1.981441 122.9393
4.337432 2.257066 123.8378
4.371503 2.424352 123.3106
3.372546 2.410279 123.3027
3.502141 2.775798 123.2866
3.865247 2.938988 123.2905
4.23319 2.784484 123.2919
3.517741 2.792159 116.9989
3.538622 2.06614 123.3324
4.222223 2.082454 116.8686
4.098092 2.88485 117.0303
3.985847 2.405429 116.6429
3.868569 2.43903 124.3357
4.267774 2.133841 124.3357
3.873913 1.939035 124.3357
4.369845 2.482276 117.0272
3.872596 2.939029 116.3357
4.070855 1.535027 124.0711
3.954478 1.214241 124.1538
3.92289 1.551137 124.1606
3.761162 1.474052 123.7072
4.338442 1.608387 123.8331
4.337548 1.247363 123.8232
3.881622 1.431345 123.3181
3.371734 1.432916 123.3159
3.517071 1.781485 123.3322
4.075454 1.885639 123.8441
4.22938 1.778427 123.3375
3.873463 1.929027 123.3471
3.670205 1.886624 123.8454
3.639529 1.518798 124.0852
3.607051 1.004823 121.0397
4.138734 1.006297 121.0143
3.844729 0.9297588 120.2771
3.842809 1.456919 121.1026
3.667936 1.885618 120.4281
3.433164 1.669175 119.9094
4.34693 1.27355 120.3901
3.376966 1.356778 120.4818
3.469411 1.725928 121.626
3.476137 1.734833 120.9628
3.927518 1.925907 121.1462
4.280544 1.716887 121.6963
3.856507 1.426313 121.8328
3.438628 1.179165 119.7274
4.272363 1.129892 119.6821
3.414445 1.631269 119.2306
3.873914 1.929025 124.3357
3.901088 1.928167 119.6692
4.18287 1.820418 120.427
4.361951 1.527378 121.0501
3.832351 0.9305821 119.521
3.876746 0.9290551 121.7152
3.430383 1.194033 121.6642
4.267774 1.123841 124.3357
4.155857 1.017611 118.9703
4.357421 1.310317 118.3456
4.20204 1.80438 118.319
3.815846 1.925898 118.8467
4.337968 1.609618 119.0914
3.392398 1.571338 118.3924
3.539135 1.055682 118.9063
3.885561 1.928838 121.8754
4.371486 1.444285 122.239
4.32496 1.217908 121.6467
3.372191 1.450751 122.2168
3.559142 1.819281 122.2825
3.54559 1.050031 122.2464
4.339224 1.606338 119.8425
3.373007 1.393157 121.1501
3.873656 0.9290336 122.3401
3.874876 1.431233 124.3357
3.960047 0.9368937000000001 118.287
3.868569 1.42903 124.3357
4.200813 1.052603 122.2368
4.371716 1.427446 123.3115
4.331587 1.625298 122.8024
3.848958 1.426367 122.7942
3.513128 1.080586 123.3131
4.192264 1.812762 122.3078
4.063986 1.890585 122.8556
4.332729 1.235461 122.7803
4.061997 0.966651 122.8063
3.877957 1.928991 122.4318
3.415066 1.632667 122.7968
3.685539 1.893074 122.8494
4.248457 1.100293 117.6515
3.925431 1.327677 117.923
3.767915 0.9399237 117.6051
3.515048 1.779439 117.6589
3.749274 1.913805 118.1809
4.346716 1.585163 117.6602
4.002223 1.911698 117.6471
3.540318 1.054632 116.9712
3.38575 1.311409 117.6298
3.763917 1.436658 117.3459
3.408501 1.240804 122.7834
3.679704 0.9673693 122.805
3.869637 0.9290342 123.3223
4.227496 1.077714 123.309
3.516135 1.077518 118.1783
4.371719 1.42903 124.3357
4.267774 1.734219 124.3357
3.760056 1.916402 117.0956
3.406553 1.612391 116.9795
4.072721 0.971211 123.8298
3.668237 0.9723075 123.8344
3.40487 1.249997 123.8245
3.371719 1.429901 124.3357
3.475663 1.734219 124.3357
4.092517 0.9804231 116.9714
4.016452 1.455856 116.6544
4.366193 1.3549 116.9994
4.20768 1.79934 116.9874
3.405778 1.610412 123.8295
3.475663 1.123841 124.3357
3.873681 0.9290337 124.3357
3.871298 0.92903 116.3357
2.420994 2.91519 119.1802
1.945932 2.821112 119.5765
1.777546 2.344056 119.2564
2.212739 2.471144 119.8052
1.95243 2.051557 120.4834
2.041257 1.993624 119.7755
1.768898 2.417724 119.9879
2.262357 2.447805 120.4268
2.761025 2.353217 118.183
2.738764 2.60873 118.8779
2.44174 2.908038 118.3493
2.281754 2.445459 118.6574
2.00352 2.863076 120.3383
2.764365 2.502765 119.6875
2.568388 2.839071 120.371
2.376518 2.92721 119.8335
2.669428 2.140348 118.9412
2.132496 1.957866 119.0319
2.502864 1.997388 119.5665
2.261176 1.939083 121.1301
2.711278 2.206872 121.0136
2.519587 2.006679 120.3095
2.768363 2.447981 120.4548
1.857923 2.724464 121.0425
1.769266 2.467692 120.5911
2.279423 2.938909 120.9812
2.696337 2.697694 121.0039
2.387129 2.427583 121.3671
1.81228 2.234298 121.1092
2.503821 2.880162 121.5866
1.928444 2.805636 118.8278
2.049823 2.888702 121.6057
2.328681 1.942672 118.3216
2.616327 2.079896 121.6669
2.764398 2.502502 121.6026
2.231366 2.395787 122.2379
1.917343 2.795019 118.1715
2.272116 1.939043 121.8157
1.923661 2.076918 121.7211
1.774885 2.519033 121.6542
1.881426 2.755601 122.1906
1.78057 2.329578 122.2442
2.75618 2.32897 122.2013
2.663 2.746154 122.1711
1.797062 2.272298 118.4237
1.976732 2.032946 117.7031
2.275891 2.938974 122.1658
2.509541 2.000998 122.282
2.066262 1.981731 122.3706
2.748269 2.579626 122.738
2.480792 2.891698 122.722
2.697611 2.182485 122.7843
1.792091 2.590978 122.7687
2.66383 2.745085 117.6113
2.180507 2.931236 117.619
2.19505 2.426142 117.3519
1.817531 2.22298 116.9925
2.208973 1.942579 117.0962
2.345458 2.431183 116.7267
2.759903 2.531047 116.9487
2.627083 2.090637 116.9378
2.754577 2.322094 117.4745
2.064564 1.982485 122.9518
2.382735 1.952268 122.8393
2.338742 2.361689 123.1076
2.506028 1.999082 117.6344
2.249215 1.9394 123.3702
2.598004 2.063012 123.3266
1.829972 2.198733 122.8254
1.768717 2.422489 123.3153
1.912576 2.087806 123.3667
2.638098 2.775714 123.2778
2.065833 2.896139 122.7375
1.776648 2.529237 117.6442
2.265294 2.43903 124.3357
2.664499 2.744219 124.3357
2.271703 2.430724 124.3357
2.481328 2.549805 124.0361
2.767362 2.406157 123.2888
1.904864 2.782264 123.2836
2.272658 2.939012 123.2767
2.159802 2.406458 123.5857
2.729428 2.245399 123.8266
2.06604 2.896231 123.8115
1.80239 2.257937 123.8372
2.061697 1.983776 123.8599
2.768444 2.43903 124.3357
2.738111 2.610531 123.8146
2.265814 1.939037 124.3357
2.039181 2.365786 124.0641
2.35883 2.217407 124.1032
2.664499 2.133841 124.3357
2.460186 1.977256 123.8513
2.486612 2.888922 116.966
1.929154 2.806294 116.9769
2.474236 2.894716 123.8117
1.768453 2.435991 124.3357
1.872388 2.133841 124.3357
1.872388 2.744219 124.3357
1.800866 2.616149 123.8184
2.266282 2.939025 124.3357
2.26669 2.939027 116.3357
1.768444 1.429952 124.3357
2.173996 1.226316 124.0525
1.801435 1.607643 123.8242
2.296571 1.560564 124.0174
2.188335 0.935489 120.3471
1.799631 1.255205 120.464
2.22609 1.466378 120.7354
2.281241 1.414346 120.0474
2.735095 1.249484 123.8139
2.472032 0.972355 123.8223
2.205413 1.588598 123.4824
2.664499 1.123841 124.3357
2.265934 0.9290362 124.3357
2.265294 1.42903 124.3357
1.872388 1.123841 124.3357
2.06759 0.9711456000000001 123.8268
2.761317 1.344911 118.3473
2.595442 1.050781 118.9558
2.727028 1.62828 119.0818
2.30585 1.484668 118.7886
2.533244 1.853153 118.3661
2.318296 1.926538 119.011
2.044582 1.876116 118.6378
2.001055 1.006533 121.0353
2.513346 0.9931137 120.97
1.833294 1.675292 120.6168
1.851279 1.153396 119.7356
1.829568 1.668588 119.2038
2.346124 1.922959 119.6966
1.836852 1.681475 119.9935
2.29611 1.439387 119.3782
2.174655 1.920155 120.4473
2.476979 1.883467 121.0351
2.643728 1.759426 120.3587
2.357596 0.9370423 119.6208
2.726275 1.228056 119.539
1.768449 1.431385 121.0976
2.697022 1.686557 121.6047
2.767858 1.453225 120.9523
2.263232 1.379844 121.3019
2.003075 1.852798 121.1097
2.274078 0.9290616 121.6935
1.832569 1.184054 121.6542
2.230346 1.430764 121.9468
2.713251 1.200675 121.5928
2.702393 1.18066 120.2408
2.741886 1.589816 119.7799
2.251858 1.928755 121.7261
1.824999 1.66002 121.677
2.768326 1.439847 122.1811
1.76852 1.42026 122.2205
2.582715 1.817917 122.2169
1.975478 1.02385 118.9243
2.597998 1.053006 122.2094
1.777207 1.522232 118.3554
2.258592 1.928933 122.3419
1.953557 1.04064 122.238
2.276221 0.9290904 122.3228
1.811692 1.225614 122.7694
2.085102 0.9638568 122.7973
2.73077 1.238624 122.7528
1.805663 1.618329 122.779
1.93897 1.805125 122.2525
2.073051 1.889271 122.8042
2.725833 1.631007 122.7514
2.451475 1.894325 122.7962
2.463791 0.9687699 122.7855
2.083154 1.89343 118.133
1.939636 1.052353 118.1775
2.328509 1.328085 117.9324
2.389078 0.9438008 118.2906
2.656986 1.114332 117.6539
1.788994 1.287156 117.6241
2.732701 1.614678 117.6777
2.183088 0.9363692 117.6069
2.369807 1.918648 117.6512
2.267963 0.9290301 116.3357
2.495034 0.9833207 116.9773
1.943597 1.048931 116.9713
2.208265 1.424371 117.2996
2.62716 1.080717 123.2981
2.271999 0.9290425 123.3152
2.213855 1.283818 123.0756
2.768433 1.432224 123.2936
2.622068 1.782512 123.2978
1.768464 1.424472 123.2996
1.908323 1.775892 123.3123
1.800209 1.604405 116.9781
2.345325 1.425132 116.7245
1.89278 1.758994 117.644
2.147278 1.914127 117.0983
1.915347 1.075021 123.3015
2.264086 1.929011 123.3137
1.802902 1.246626 123.8203
2.764229 1.364247 117.0058
2.468026 1.887469 123.8292
2.063816 1.88524 123.8306
2.265895 1.929023 124.3357
1.872388 1.734219 124.3357
2.59672 1.806169 116.9932
2.734118 1.611093 123.8179
2.664499 1.734219 124.3357
2.271601 1.431208 124.3357
2.768444 1.42903 124.3357
3.927949 5.15906 129.7776
4.074395 5.277128 129.3218
4.275915 5.287064 129.7665
4.187327 4.982459 129.546
4.436901 5.179462 129.2926
4.43965 5.175934 130.2291
4.190467 4.989916 130.4543
4.083209 5.28045 130.231
4.191524 4.982637 130.0077
3.928538 5.159938 130.6853
3.874995 4.975134 130.2324
4.275025 5.287316 130.6853
3.934886 4.79912 130.6853
4.504829 4.98407 130.6853
3.995798 5.232177 127.1806
4.480425 5.105636 127.1512
4.308013 5.276046 127.3977
4.180955 4.951297 127.312
4.05237 5.267464 127.6356
4.329427 4.701704 127.7308
4.504709 4.975384 127.6287
3.877029 5.020896 127.5711
4.289847 5.282756 126.8168
4.293456 5.281523 127.9623
4.161866 4.997336 128.009
4.167116 4.669912 127.125
3.892101 4.881314 127.0666
4.036677 4.708841 127.563
4.34138 4.707935 127.4258
4.179662 4.669255 128.0291
4.438449 4.790653 127.999
3.933917 5.167677 128.0173
3.913181 4.833513 128.0089
4.502884 5.01902 128.1997
4.460929 4.823671 127.1056
4.07001 5.275363 128.4326
4.188407 5.001628 128.3244
3.874868 4.984288 128.4487
4.052584 4.700573 128.444
4.503348 5.014579 126.7455
3.903877 4.852037 126.5218
4.310424 4.693082 126.7515
4.051511 4.701095 126.7692
4.375143 5.238783 128.4448
4.504346 5.001503 128.7713
3.937744 5.172898 126.6743
4.458477 4.819598 126.7377
4.454096 4.812647 126.3652
4.165386 4.670041 126.3636
3.892549 5.088116 126.1611
4.1584 5.297477 126.2691
4.451876 5.158868 126.3323
3.933802 4.800624 128.8847
3.925302 5.155031 128.8828
4.387876 4.739126 128.403
4.253512 5.29255 128.8662
3.875233 4.968915 129.3358
4.101063 4.681862 129.3191
4.181351 4.98703 129.0854
4.433767 4.784781 124.8466
4.116578 4.983024 124.6332
4.459906 5.146187 124.8402
4.048251 4.702712 124.8154
3.87499 4.975315 124.887
4.504251 4.964992 125.9501
3.920901 5.148021 125.2909
3.924886 4.813755 125.2644
4.273392 4.680371 128.8579
3.963281 4.765256 126.0499
4.376885 5.237507 125.8192
4.503994 4.961157 125.4076
4.252218 5.292814 125.2663
4.318202 4.696428 125.8609
4.03872 5.260427 125.7493
4.448484 4.804292 130.2267
4.278335 4.681775 130.6853
4.45258 4.810332 129.2901
3.87534 4.966839 125.6954
4.239378 4.673009 125.3015
4.030716 4.712244 125.6325
4.298744 4.688513 129.7683
4.504594 4.996228 129.7596
4.098887 4.68251 130.235
4.014394 5.245659 124.8061
4.259048 5.291355 124.8082
4.504829 4.98407 124.3357
3.942489 4.789069 129.781
3.499801 4.673717 126.2277
3.241305 4.942938 126.2165
3.335301 4.756995 126.6926
3.55716 4.986957 126.4377
3.602818 5.29518 126.6656
3.865219 5.029888 126.6534
3.561206 4.98704 126.8786
3.419634 5.269147 126.2036
3.277045 5.134856 126.6664
3.868569 4.98407 130.6853
3.810147 4.801341 130.279
3.656758 4.686465 130.6853
3.54993 4.989783 130.4811
3.460807 4.683065 130.2776
3.55508 4.983132 130.0759
3.653959 5.282631 130.6853
3.238635 4.979936 130.2794
3.454836 5.28317 130.2811
3.29645 5.165984 130.6853
3.705796 4.708307 124.8069
3.868505 4.990406 124.8898
3.522466 4.859324 124.5483
3.563049 4.984622 125.0481
3.715661 5.254154 124.7955
3.468151 5.287242 124.782
3.45379 5.282822 129.4579
3.296251 5.165702 129.0357
3.647553 5.284709 129.0293
3.554842 4.982405 129.2483
3.65764 4.686773 129.0298
3.868533 4.988797 129.0272
3.55335 4.982683 128.821
3.302866 4.793411 129.0401
3.239137 4.965834 127.8134
3.441788 4.689599 127.7434
3.567898 4.950479 127.4327
3.531761 4.990892 127.9663
3.804825 4.794089 127.655
3.797867 5.182919 127.7772
3.430247 5.273897 127.7182
3.281607 4.825203 127.4577
3.256278 5.088086 127.4442
3.241986 4.938068 127.0858
3.418368 5.268549 127.1434
3.843498 4.860924 127.1212
3.515519 4.671399 127.2034
3.6542 4.685591 128.156
3.854843 5.07604 127.4076
3.304361 4.791461 128.1926
3.694963 4.702599 126.6939
3.776662 5.206445 127.0561
3.868565 4.982504 128.1561
3.782401 5.200536 126.2097
3.672434 5.275769 127.4217
3.448742 5.281088 128.6076
3.238697 4.976579 128.6151
3.293457 5.161677 128.1868
3.553784 4.981422 128.3942
3.805512 5.173139 128.5977
3.633405 5.28877 128.1781
3.465553 4.681643 128.6094
3.812075 4.804078 128.5974
3.829749 4.832584 126.2187
3.866825 5.017171 125.7623
3.621961 5.29154 125.7414
3.552713 4.983709 125.9822
3.322126 4.77044 125.748
3.283987 5.146944 125.7329
3.685829 4.698194 125.7607
3.563022 4.971858 125.5185
3.802909 5.176559 125.292
3.823948 4.822459 125.3018
3.494209 4.674738 125.2786
3.24001 4.954385 125.2649
3.450808 5.28181 125.2208
3.461251 4.682929 129.4552
3.238645 4.979262 129.4549
3.806813 5.171393 129.4564
3.81068 4.80209 129.4579
3.55344 4.984837 129.664
3.301563 4.795138 129.8713
3.649622 5.284054 129.8736
3.297121 5.166929 129.8695
3.655055 4.685881 129.8719
3.317554 4.775504 124.8007
3.27911 5.138583 124.7903
3.238609 4.983225 124.3357
3.868561 4.986346 129.8746
3.807889 5.16993 130.2837
3.302377 4.794056 130.6853
3.874964 3.981821 126.4523
4.241197 4.284837 126.4523
4.37942 3.975369 125.5366
4.108819 3.978172 125.4559
4.296267 3.976247 124.9271
4.504829 3.97407 124.3357
4.504829 3.97407 128.5688
4.214238 4.288105 128.5688
4.229413 3.972645 127.499
3.87505 3.98477 128.5688
4.201459 3.901993 129.4818
4.504829 3.97407 130.6853
4.205403 3.659474 128.5688
4.504829 3.97407 126.4523
4.236825 3.662613 126.4523
4.193484 4.069398 129.9469
4.173825 3.659498 130.6853
3.875164 3.987719 130.6853
4.187098 4.289039 130.6853
3.868569 3.97407 128.5688
3.565779 4.288815 130.6853
3.565299 4.053579 129.6882
3.712504 3.919892 129.9782
3.238687 3.981103 126.4523
3.500175 3.663652 126.4523
3.431531 4.116148 125.2871
3.868569 3.97407 126.4523
3.550056 3.65911 130.6853
3.547465 3.859965 129.4861
3.525025 3.660388 128.5688
3.238977 3.989305 130.6853
3.868569 3.97407 130.6853
3.505348 4.285335 126.4523
3.238805 3.985205 128.5688
3.516257 3.971884 127.5143
3.53548 4.28853 128.5688
3.3943 4.028378 124.6933
3.238622 3.977 124.3357
2.678155 5.285443 130.6853
2.48465 5.282104 130.2658
2.840374 5.170613 130.2697
2.591534 4.988643 130.4731
2.901554 4.98407 130.6853
2.84074 4.798027 130.2687
2.680753 4.6835 130.6853
2.331872 4.79876 130.6853
2.332176 4.798343 128.969
2.683564 4.684395 128.9602
2.585639 4.982862 128.7407
2.586778 4.983363 129.1859
2.841016 4.798405 129.4067
2.901554 4.984253 128.965
2.485586 4.685718 127.6327
2.580681 4.98574 127.8475
2.848729 4.809464 127.6252
2.590702 4.97553 127.4164
2.901539 4.987141 127.12
2.692192 4.687326 127.2336
2.476652 5.279248 126.6853
2.332268 5.169923 127.1498
2.272317 5.005412 126.6597
2.599324 4.962893 126.6239
2.835949 5.176488 127.6047
2.668483 5.288214 127.1465
2.807668 5.208414 126.6737
2.894057 4.915757 126.604
2.800671 4.75304 126.8803
2.577105 4.669232 126.873
2.342894 4.784489 127.1177
2.271601 4.981919 127.6077
2.67589 5.286122 128.0625
2.331067 5.168268 128.0648
2.482949 5.281517 127.6105
2.901403 4.993807 128.0678
2.33073 4.800341 128.0687
2.409973 4.723255 126.5825
2.301143 4.850872 126.1632
2.339929 5.179976 126.2026
2.647819 5.293039 126.2131
2.80533 5.210694 125.7513
2.487302 5.282998 125.7365
2.48898 4.684591 128.5185
2.2716 4.982083 128.5159
2.840869 4.798204 126.1773
2.705087 4.692236 126.5266
2.881403 5.094922 126.2149
2.561564 4.670085 126.1406
2.682643 5.284043 129.8413
2.331992 4.798596 129.8394
2.330571 5.167578 129.8431
2.488227 5.283304 129.4071
2.424351 4.714077 125.6771
2.27414 5.02404 125.7303
2.687272 4.68562 128.0741
2.840235 5.170802 128.5163
2.330988 5.168159 128.9659
2.48718 5.282958 128.52
2.843245 4.801499 128.5188
2.900094 4.953779 125.8329
2.900847 4.962988 125.3385
2.762081 4.722518 125.7369
2.433484 4.708796 124.8494
2.423528 5.253567 124.7924
2.828747 4.782664 124.8234
2.667298 5.288531 124.7873
2.860252 5.139996 124.8126
2.671896 5.287274 125.2312
2.576871 4.991811 125.0351
2.27191 4.998185 124.8861
2.295794 4.862994 125.2844
2.338155 5.177722 125.2832
2.436322 4.707236 125.2655
2.661983 4.67825 125.2738
2.68391 5.283634 128.9689
2.271595 4.98296 129.4077
2.490023 4.684253 129.4021
2.841371 5.169249 129.4025
2.682598 4.684084 129.8444
2.901554 4.984059 129.8417
2.271609 4.980926 130.2624
2.581804 4.982604 130.0639
2.489189 4.684523 130.268
2.901554 4.98407 124.3357
2.32612 5.161204 130.6853
2.264923 4.999351 129.8309
2.199684 5.176495 129.3947
2.222141 4.82494 129.3982
1.960315 4.98745 129.5858
1.962454 4.984529 129.1214
1.703958 4.787801 130.6853
1.864956 4.680876 130.2496
1.635482 4.9744 130.2409
1.951559 4.989758 130.4627
2.265294 4.98407 130.6853
2.201501 5.174116 130.2569
2.211334 4.807774 130.2567
2.06012 4.68885 130.6853
2.056881 5.280475 130.6853
1.846342 5.281396 130.2469
1.696352 5.170393 130.6853
2.248437 4.882409 127.1875
1.889782 4.674961 127.3579
1.999138 5.295243 127.2886
1.673069 5.133564 127.2001
1.649415 4.890942 127.5216
1.680733 4.821162 127.1036
1.667204 4.846007 126.3616
1.860567 4.682146 126.576
1.677706 5.14186 126.4672
1.636093 5.005929 126.7831
1.81585 5.268908 126.7977
1.9344 4.669492 126.951
1.713848 4.775992 126.7487
2.216536 5.15241 127.6915
2.263785 4.953277 126.619
2.1281 4.724062 126.6391
2.130245 5.242599 124.7972
1.925858 4.88624 124.5859
1.715173 5.193645 127.6761
1.897498 5.294591 126.2594
1.689108 4.808047 125.807
2.220911 5.145283 126.2173
1.930021 4.669744 126.2041
2.146869 5.230197 126.7436
2.215834 4.814626 126.19
2.265248 4.978689 125.7514
1.651805 5.084596 126.1073
1.790905 4.712406 127.7349
2.080868 4.697421 127.6913
2.162762 4.751523 128.1306
2.263016 5.021882 128.1421
1.939453 4.92853 127.8854
1.986952 4.897826 128.3014
1.881888 4.676612 128.0988
2.249802 4.886505 127.7428
1.641879 4.920191 128.0208
2.103401 5.259346 128.1571
1.958899 5.298934 127.8012
1.705495 4.785887 129.7843
1.687077 5.157043 129.7815
1.953303 4.986999 130.0339
1.770226 5.242491 128.2124
1.639458 5.034877 128.458
1.729058 5.208255 125.7295
1.861323 4.681923 125.299
2.062735 4.689836 125.7561
1.960195 4.974878 125.5049
2.071399 5.274847 125.7461
1.994236 5.030651 128.6823
2.21423 5.156002 128.5586
1.975605 5.298034 128.5391
2.238364 4.856635 128.5609
1.995152 4.672298 128.5265
1.714412 4.775352 128.4587
1.640028 4.92989 128.8002
1.735892 5.214799 128.8108
1.790035 4.712918 128.9098
2.218276 5.149626 125.2929
1.63536 4.988199 125.2863
2.205801 4.799846 125.303
1.887247 5.292672 125.224
2.067862 4.691846 129.8154
2.26508 4.972467 124.8928
1.96078 4.980069 125.0829
2.037041 5.286875 129.8121
1.853265 5.283727 129.3406
2.073183 5.274097 128.9565
2.264532 5.005963 128.9829
2.114158 4.715058 128.964
1.636152 4.961378 129.271
2.088113 4.700832 124.8186
1.900511 4.673052 129.3693
1.704879 4.786651 124.8156
1.88377 5.291941 124.7828
1.684665 5.153315 124.8008
1.635337 4.982586 124.3357
2.460968 4.262923 127.0202
2.644848 4.283613 127.4471
2.317426 4.137693 127.5769
2.564149 3.987048 127.3598
2.678875 4.275223 128.9816
2.339214 4.169072 128.9675
2.586285 3.982715 128.7151
2.58355 3.980808 129.1713
2.899782 4.007431 126.9873
2.279722 3.902975 127.0937
2.515159 3.667293 126.7443
2.798278 3.740846 127.1764
2.827246 4.177268 127.7913
2.890881 4.055368 127.3856
2.480213 3.677591 127.2276
2.625571 3.661514 127.5574
2.283857 3.887034 128.0396
2.54782 4.286658 127.8248
2.566673 3.659719 127.9928
2.349728 3.766424 127.5918
2.777716 4.224424 127.0898
2.686626 4.272738 128.1773
2.861608 3.82055 127.735
2.896849 4.028307 128.1592
2.826106 3.76953 128.1588
2.300898 3.841397 126.6954
2.315344 3.813924 126.2678
2.858663 3.815388 126.6496
2.288357 4.075458 126.6376
2.801294 4.204521 126.6557
2.88019 3.860044 128.5409
2.560442 3.990736 128.3074
2.497611 4.276226 128.5566
2.274885 4.019486 128.5167
2.368406 4.201261 128.114
2.683316 4.273826 126.1695
2.497148 4.27609 126.5409
2.900693 3.997339 126.1907
2.348985 4.180866 126.1821
2.681109 3.673611 126.1823
2.836914 4.165231 125.7321
2.498795 4.276572 125.7355
2.573273 3.995196 125.5244
2.560952 3.986253 125.9664
2.687509 3.6757 128.4167
2.340861 4.171144 125.3083
2.272614 3.999407 125.767
2.419002 3.707364 128.4665
2.826433 4.178227 128.5699
2.319196 3.807572 128.9393
2.679793 3.673201 128.8822
2.857861 3.814022 125.7319
2.900975 3.993151 128.9656
2.672985 3.671175 130.6853
2.837625 3.783845 130.2619
2.479919 3.677697 130.2605
2.582535 3.977539 130.4709
2.670131 3.670375 125.7357
2.684222 4.273532 130.6853
2.337786 4.167248 130.6853
2.494616 4.275328 130.2626
2.437665 3.696512 125.7617
2.309174 3.824866 125.3163
2.677717 4.275576 125.2777
2.843355 4.156487 130.2605
2.27173 3.98335 130.2609
2.659986 3.667765 125.2807
2.48485 3.675968 129.3677
2.491627 4.2744 129.4077
2.271711 3.982663 129.3948
2.584699 3.974816 129.6132
2.839295 3.786069 129.3774
2.901401 3.983886 125.2741
2.580573 3.991957 125.082
2.272638 3.999704 124.8977
2.840296 4.160718 129.399
2.678524 3.67281 129.8204
2.901521 3.969519 129.8317
2.328435 3.793579 129.8257
2.335096 4.163732 129.8377
2.687009 4.272609 129.8386
2.851962 3.80442 124.8096
2.833439 4.169697 124.8075
2.458401 4.261793 124.8123
2.655074 3.666629 124.8099
2.406488 3.715649 124.8155
2.583625 3.975616 130.0492
2.901554 3.97407 124.3357
2.901554 3.97407 130.6853
2.321401 3.804082 130.6853
2.061898 4.268623 130.6853
1.861614 4.276304 130.2628
2.208164 4.154972 130.2661
1.945626 3.978178 130.4675
1.708926 4.176418 130.6853
2.204424 3.787952 130.2685
1.849792 3.675561 130.2631
1.953418 3.976263 130.0491
1.691053 3.795195 130.6853
1.635437 3.982163 130.2561
2.265294 3.97407 130.6853
2.050452 3.675432 130.6853
1.637964 3.933446 126.7796
2.090521 3.692017 127.2037
1.716032 4.184605 127.0721
1.635724 3.989761 127.2429
1.758633 3.724128 128.0427
1.911813 3.661452 127.6194
1.655105 3.864231 127.6285
1.934971 3.95584 127.8764
2.234394 4.110125 128.1743
1.901204 4.285199 128.0579
2.146703 4.22033 127.6276
1.781473 4.239976 126.6716
2.019696 4.281314 127.0713
1.693319 4.156187 124.8388
2.263411 4.008461 124.8966
2.071938 4.264622 124.8206
1.850991 4.272981 125.3098
1.643981 4.047372 128.0296
1.755238 4.221372 127.5486
2.234946 3.839175 127.7025
1.637154 3.940254 125.3815
1.928943 3.976853 125.1417
2.238101 3.846042 125.3053
2.210749 3.79691 129.4254
2.094047 3.693797 128.9703
1.876946 3.667754 129.3876
1.963231 3.980905 129.1642
1.74974 3.731206 127.2007
1.880085 3.667019 126.7469
2.264531 3.995982 127.1797
2.034768 3.670624 128.0067
2.237383 4.103699 126.6779
2.197595 3.778969 126.7201
2.001695 4.284832 128.5459
1.706006 4.172883 128.4772
1.940295 3.974118 128.3229
2.254617 3.892756 126.2343
2.035945 4.277187 126.578
2.205743 3.789765 128.1808
1.775443 4.236049 128.9427
1.636161 3.996896 128.8354
1.997695 3.937836 128.7834
1.662667 3.845728 128.4633
2.265273 3.970476 129.846
2.050093 3.675312 129.8348
1.956613 3.973153 129.6196
2.144849 3.726344 124.8069
1.926814 3.659968 125.26
2.174833 4.194986 126.1977
1.753302 3.728308 128.9146
1.964887 3.659427 128.4663
2.245133 3.863191 128.5881
2.22328 4.131238 128.6623
1.710307 3.770086 126.3142
2.094209 4.254261 129.0131
1.654525 4.082338 126.2924
1.880935 4.281315 126.2077
2.259289 4.03528 125.7622
2.13793 3.721063 125.7692
1.936608 3.917614 126.0633
1.719142 4.188015 125.8004
2.056951 4.27045 129.8429
1.803922 3.695176 125.8059
1.639383 3.923722 125.9075
2.03486 4.277492 125.7608
2.018019 3.666453 126.267
1.883235 4.281825 129.3989
1.635448 3.982589 129.3121
1.966276 3.991052 125.5451
2.265249 3.979354 129.0278
2.186686 4.182255 125.3097
2.212139 4.14917 129.4378
1.692902 3.792544 124.8296
1.902341 3.662765 124.8021
1.693399 3.79184 129.8068
2.050452 3.994466 124.6553
1.635342 3.976412 124.3357
1.698769 4.163644 129.8151
4.191267 2.124053 130.6853
3.974818 2.425127 129.448
3.875444 2.419996 130.6853
4.051568 2.426284 130.1257
4.504829 2.43903 128.5688
4.204563 2.753666 128.5688
4.199016 2.431547 129.6573
4.172566 2.753536 130.6853
4.242567 2.128493 126.4523
4.217008 2.125223 128.5688
4.283148 2.436266 127.3253
3.875088 2.427257 126.4523
4.112184 2.429423 127.7723
4.236409 2.75055 126.4523
4.504829 2.43903 126.4523
4.310038 2.581035 125.3005
4.348854 2.491671 124.6934
4.504829 2.43903 124.3357
3.875245 2.423626 128.5688
4.504829 2.43903 130.6853
3.568078 2.124383 130.6853
3.239273 2.418581 130.6853
3.698573 2.515385 130.026
3.457691 2.405112 129.7054
3.868569 2.43903 130.6853
3.547151 2.753944 130.6853
3.868569 2.43903 128.5688
3.238973 2.423876 128.5688
3.537012 2.124486 128.5688
3.429622 2.578245 125.2968
3.392979 2.488198 124.6885
3.238641 2.434478 124.3357
3.506107 2.127649 126.4523
3.459594 2.439422 127.3557
3.868569 2.43903 126.4523
3.523096 2.752531 128.5688
3.63096 2.435312 127.7703
3.499221 2.749283 126.4523
3.538487 2.600649 129.5553
3.238762 2.429176 126.4523
4.270916 1.124661 129.7306
4.504636 1.417995 129.7082
4.420761 1.214806 129.2447
4.185769 1.426478 129.4862
3.92837 1.253412 129.7414
4.070478 1.137545 129.2565
4.240461 1.118142 128.7619
4.183095 1.430003 128.9803
4.490922 1.336471 128.7573
4.188963 1.428378 128.4815
4.504829 1.42903 130.6853
4.439932 1.237533 130.2068
4.276304 1.126147 130.6853
4.187252 1.432521 130.4478
4.082507 1.132904 130.2121
4.186234 1.431026 129.9707
4.352097 1.699007 128.2594
4.356912 1.696055 127.8888
4.498192 1.493347 127.8581
4.174273 1.405946 128.0706
4.145355 1.740852 127.8705
4.423345 1.217625 127.7818
3.897161 1.312641 127.7568
4.331417 1.710403 127.5261
4.483314 1.314615 127.4056
4.323221 1.14368 127.4516
4.403384 1.19748 128.244
4.1834 1.114116 127.83
4.504828 1.429679 127.017
4.478456 1.555198 127.3672
4.081019 1.133448 127.3477
4.036382 1.153965 128.2831
4.041185 1.70672 128.331
3.931415 1.609098 127.9087
4.50229 1.468942 128.3514
3.874967 1.436901 128.3123
4.243008 1.118568 126.3902
4.052266 1.712373 126.7921
4.353449 1.69819 126.9773
4.504775 1.42322 126.4879
3.980435 1.664313 127.3566
4.013391 1.168118 124.8302
4.359726 1.163786 126.9631
3.879303 1.481701 126.8193
4.012078 1.169011 126.8363
3.890126 1.332184 127.2369
4.438458 1.622436 124.8432
4.060461 1.716208 124.8447
3.913106 1.27861 126.3426
3.922623 1.262288 128.7882
3.926043 1.601132 128.7939
4.228176 1.74167 128.7611
4.450277 1.606201 128.6752
4.44937 1.607527 125.8936
4.270802 1.73343 126.3889
4.100903 1.731191 125.8636
3.940579 1.621585 126.3358
4.452229 1.603297 129.1789
3.87492 1.434748 129.2698
4.504819 1.426553 125.3546
4.43487 1.231098 125.8812
4.17844 1.433694 125.6026
4.070311 1.137614 125.8463
3.875525 1.449355 125.8499
3.942508 1.624056 125.3695
4.265066 1.123162 125.295
3.919964 1.266627 125.3563
4.286249 1.728896 125.3596
3.875393 1.447195 124.9273
4.085867 1.726352 129.252
3.938036 1.618246 129.7356
4.296095 1.72555 129.7164
4.260847 1.122156 124.8189
4.456107 1.260747 124.83
4.447136 1.610733 130.2027
3.874944 1.435954 130.2142
4.097219 1.730082 130.2072
3.936 1.615506 130.6853
4.280129 1.730795 130.6853
4.504829 1.42903 124.3357
3.930202 1.250715 130.6853
3.868569 1.42903 126.4523
3.519383 1.350588 127.7712
3.533194 1.743349 128.5688
3.513384 1.504672 127.2495
3.238652 1.434262 128.5688
3.868569 1.42903 128.5688
3.501921 1.118316 126.4523
3.504217 1.740117 126.4523
3.432019 1.571078 125.299
3.58767 1.419259 129.7773
3.562345 1.743888 130.6853
3.548693 1.555563 129.2738
3.555368 1.114055 130.6853
3.868569 1.42903 130.6853
3.238692 1.436283 130.6853
3.528554 1.115046 128.5688
3.393951 1.481951 124.6909
3.23861 1.430219 124.3357
3.238625 1.432241 126.4523
2.51673 2.436595 125.3483
2.691651 2.435473 124.9296
2.64042 2.128686 126.4523
2.901554 2.43903 126.4523
2.901554 2.43903 124.3357
2.901554 2.43903 128.5688
2.616011 2.125428 128.5688
2.672421 2.419757 129.7771
2.50949 2.421835 129.4957
2.601406 2.753661 128.5688
2.591423 2.124087 130.6853
2.569468 2.753545 130.6853
2.272322 2.417616 130.6853
2.271849 2.426352 126.4523
2.633192 2.750541 126.4523
2.584737 2.43134 127.5083
2.272055 2.421982 128.5688
2.901554 2.43903 130.6853
1.635365 2.434525 124.3357
1.826794 2.578362 125.2971
1.789881 2.488284 124.6888
1.636186 2.415864 130.6853
1.904529 2.392165 129.5621
1.921753 2.752713 128.5688
1.950806 2.551858 129.9
1.904774 2.127359 126.4523
1.635516 2.428299 126.4523
1.63579 2.422078 128.5688
1.907059 2.432391 127.5139
1.970687 2.124709 130.6853
2.265294 2.43903 128.5688
1.946785 2.75399 130.6853
2.265294 2.43903 130.6853
1.896901 2.749448 126.4523
2.265294 2.43903 126.4523
1.937661 2.124304 128.5688
2.65764 1.735888 127.1504
2.882831 1.536008 127.1513
2.809293 1.65176 127.5769
2.599144 1.432146 127.3141
2.274696 1.473133 127.5858
2.66247 1.12333 127.6618
2.393585 1.180096 127.6018
2.345864 1.632183 128.0397
2.486834 1.727802 127.5981
2.294149 1.311982 128.0352
2.852343 1.259976 126.825
2.315116 1.26927 126.716
2.503398 1.12523 126.7308
2.307083 1.28378 127.1218
2.455724 1.715545 124.8205
2.677436 1.73062 125.3022
2.34039 1.625515 125.3267
2.579361 1.445523 125.0968
2.273777 1.466054 128.4831
2.633028 1.421129 128.2226
2.895603 1.489966 127.9964
2.809327 1.206334 127.9877
2.663907 1.734369 128.0331
2.490628 1.729041 128.4934
2.345958 1.632295 127.1498
2.614249 1.115268 127.2221
2.876311 1.305478 127.478
2.521742 1.120794 128.0186
2.822853 1.637319 128.4683
2.412778 1.166337 128.458
2.58494 1.43502 128.6653
2.681664 1.128746 128.364
2.878593 1.310974 128.4342
2.685617 1.728033 126.2562
2.901447 1.437225 126.2799
2.824986 1.634875 126.7161
2.59342 1.44484 126.4842
2.277568 1.49009 126.7076
2.497804 1.731243 126.7102
2.317385 1.265476 126.3064
2.34706 1.633592 126.26
2.688726 1.131074 126.2423
2.441606 1.149393 125.7951
2.272685 1.455226 125.805
2.90091 1.449156 128.904
2.500026 1.731886 125.7875
2.685014 1.728232 129.8148
2.585777 1.430411 129.5849
2.901547 1.427031 129.8049
2.584604 1.42988 130.0304
2.311652 1.275306 125.3295
2.604205 1.424354 125.5271
2.83865 1.617895 125.7832
2.330298 1.245904 129.8093
2.681547 1.128709 129.7953
2.662774 1.123406 125.3005
2.674403 1.126543 125.7735
2.683042 1.129186 128.844
2.677125 1.730713 128.9317
2.840855 1.243144 129.3443
2.586566 1.435247 129.1353
2.49095 1.729144 129.3765
2.83923 1.617118 129.3645
2.31806 1.264369 128.914
2.338267 1.622825 128.9312
2.271666 1.435782 129.3728
2.487682 1.129976 129.3464
2.857943 1.26912 125.7785
2.272386 1.451368 124.9057
2.901383 1.439391 125.2972
2.325246 1.253187 130.6853
2.48408 1.131192 130.2462
2.271613 1.432573 130.2496
2.58315 1.425639 130.4706
2.333418 1.616446 129.811
2.833103 1.625081 124.8162
2.852536 1.26028 124.8179
2.657323 1.122098 124.8189
2.409079 1.168822 124.8227
2.839602 1.241442 130.2455
2.841664 1.613804 130.2488
2.490326 1.728945 130.2527
2.674662 1.126618 130.6853
2.333618 1.616716 130.6853
2.680415 1.729706 130.6853
2.901554 1.42903 124.3357
2.901554 1.42903 130.6853
2.052916 1.131229 130.6853
2.207599 1.247325 130.2403
1.855965 1.128512 130.229
1.954264 1.437645 130.4642
2.265294 1.42903 130.6853
1.763728 1.682798 126.6841
1.707211 1.228746 126.3155
2.2409 1.550569 126.6831
2.194645 1.230247 126.7423
2.005157 1.118861 126.2795
1.856997 1.12819 126.773
1.639757 1.376422 126.7819
1.684233 1.597593 127.1824
1.733052 1.200973 127.3094
2.067577 1.136691 127.1397
2.01893 1.736446 126.9943
2.262784 1.468715 127.2543
1.825063 1.140023 127.8925
2.162307 1.196067 128.0477
2.100848 1.15235 127.5688
2.261949 1.383251 127.7468
1.643663 1.500991 127.7705
1.876258 1.735181 127.911
1.937765 1.74376 127.472
2.260869 1.481641 125.7744
2.179614 1.644978 126.2014
2.129133 1.169731 125.7835
2.251294 1.33617 126.2538
2.258035 1.496262 128.1387
2.055306 1.725996 128.2057
2.175388 1.64938 127.7686
2.034696 1.732497 126.5549
1.668482 1.288375 128.3066
1.758026 1.179554 128.8125
1.6354 1.435523 128.7095
1.963434 1.447042 128.513
2.026993 1.441892 124.6432
1.962928 1.114302 128.4083
2.236837 1.298198 128.4979
2.264681 1.448673 128.935
2.072222 1.719462 128.9416
1.962757 1.435181 129.0766
1.716922 1.640551 128.3211
2.203893 1.615872 128.5528
1.653234 1.533703 126.291
1.877974 1.735591 126.2144
1.635335 1.430172 124.3357
1.692451 1.248145 124.8348
1.693176 1.610945 124.8439
1.79682 1.15398 125.8143
2.037594 1.731676 125.7634
1.924121 1.42731 125.1656
2.263503 1.46257 124.9038
1.852267 1.728362 125.3149
1.638972 1.381292 125.9115
1.636918 1.397471 125.3871
2.236395 1.297236 125.3188
1.922828 1.115251 125.2708
1.952707 1.744001 128.5757
2.071939 1.719581 124.8263
1.75313 1.674654 128.8567
2.189106 1.634434 125.3169
2.100893 1.152374 128.8849
2.057943 1.725051 130.6853
1.853114 1.728638 130.2292
2.204266 1.615365 130.24
2.203538 1.616353 129.3608
1.86302 1.731672 129.3284
1.958127 1.43133 129.5512
1.890452 1.11979 129.3044
1.635447 1.420555 129.2302
1.719108 1.642938 125.8042
2.218773 1.264282 129.3433
2.26517 1.437848 129.7939
2.043218 1.729997 129.7825
1.700541 1.237128 129.7511
1.690088 1.606499 129.7536
1.952269 1.432899 130.0074
2.059619 1.133624 129.7824
2.142869 1.179761 124.8129
1.900108 1.118077 124.8085
1.704152 1.625543 130.6853
1.635335 1.427887 130.2237
1.695778 1.243492 130.6853
$EndNodes
$Elements
3 15052 1075 60988
2 5 2 16
60881 1931 1857 1874 
60885 1966 1854 1858 
60886 1931 1858 1859 
60888 1865 1965 1864 
60890 1931 1932 1965 
60891 1858 1931 1966 
60892 1865 1966 1965 
60894 1874 1932 1931 
60904 1931 1859 1857 
60907 1864 1932 1851 
60918 1874 1851 1932 
60940 1867 1854 1966 
60954 1965 1932 1864 
60973 1866 1966 1865 
60974 1867 1966 1866 
60987 1931 1965 1966 
2 6 2 20
60883 1350 1463 1333 
60893 1456 1459 1458 
60895 1459 1460 1463 
60897 1456 1366 1363 
60898 1458 1337 1336 
60900 1350 1337 1463 
60901 1463 1458 1459 
60903 1335 1460 1461 
60905 1459 1461 1460 
60908 1456 1362 1366 
60915 1362 1458 1336 
60916 1333 1463 1460 
60932 1463 1337 1458 
60948 1461 1341 1335 
60952 1363 1342 1461 
60958 1458 1362 1456 
60965 1335 1333 1460 
60982 1456 1461 1459 
60986 1461 1342 1341 
60988 1363 1461 1456 
3 2 4 15016
1075 1313 1430 1431 1432 
1076 1304 1313 1305 1432 
1077 1304 9 1432 1330 
1078 1304 1305 1429 1432 
1079 1330 1432 1429 1433 
1080 1432 1433 1434 1435 
1081 1330 1409 1432 1433 
1082 1409 1432 1433 1434 
1084 1389 1388 1440 1441 
1087 1435 1442 1443 1444 
1088 1442 1445 1444 1446 
1089 1406 1445 1442 1447 
1090 1413 1442 1412 1448 
1091 1406 1442 1401 1447 
1092 1317 1448 1449 1450 
1093 1400 1395 1448 1450 
1094 1401 1442 1395 1447 
1095 1442 1443 1448 1449 
1096 1395 1447 1442 1450 
1097 1442 1449 1450 1451 
1110 1430 1432 9 1417 
1123 1451 1464 1465 1466 
1124 1450 1464 1451 1466 
1125 1395 1447 1450 1464 
1126 1402 1464 1386 1466 
1127 1402 1396 1464 1466 
1128 1369 1464 1353 1467 
1129 1396 1353 1464 1465 
1131 1434 1441 1465 1469 
1132 1405 1404 1434 1441 
1133 1379 1348 1440 1457 
1134 1389 1355 1436 1440 
1135 1404 1373 1403 1436 
1136 1404 1389 1373 1436 
1137 1443 1449 1451 1470 
1138 1446 1451 1450 1464 
1139 1307 1451 1449 1470 
1140 1324 11 1323 1448 
1141 1317 11 1324 1448 
1142 1308 1450 1449 1451 
1143 1317 1400 1448 1450 
1144 1317 1449 1428 1450 
1179 1313 1480 1314 1481 
1180 1316 1315 1480 1482 
1181 1313 1431 1316 1480 
1182 1482 1430 1431 1312 
1183 1314 1466 1451 1480 
1184 1314 1315 1466 1480 
1185 1431 1482 1480 1483 
1186 1398 1444 1445 1469 
1187 1407 1444 1406 1445 
1188 1444 1446 1445 1469 
1189 1406 1374 1445 1447 
1190 1445 1446 1462 1469 
1191 1374 1445 1447 1462 
1192 1435 1443 1470 1484 
1193 1435 1442 1444 1446 
1194 1326 1470 1443 1484 
1195 1442 1443 1449 1451 
1196 1430 1311 1482 1416 
1198 1466 1480 1482 1483 
1199 1312 1311 1482 1430 
1200 1414 1466 1482 1483 
1201 1312 1316 1431 1482 
1202 1304 1312 1313 1430 
1203 1310 10 1315 1414 
1204 1313 1430 1312 1431 
1205 1416 1482 1431 1483 
1207 1313 1431 1480 1481 
1214 1320 1470 1326 1484 
1215 1326 1449 1443 1470 
1216 1320 1481 1470 1484 
1217 1410 1444 1435 1484 
1218 1433 1435 1481 1484 
1219 1435 1443 1451 1470 
1224 1314 1480 1470 1481 
1225 1313 1314 1306 1481 
1226 1308 1451 1314 1466 
1227 1307 1449 1319 1470 
1228 1435 1444 1443 1484 
1229 1326 1319 1449 1470 
1230 1435 1470 1481 1484 
1231 1416 1431 1434 1483 
1232 1434 1481 1435 1483 
1233 1417 9 8 1330 
1234 1313 1432 1431 1481 
1235 1314 1451 1307 1470 
1237 1430 1417 9 8 
1238 1415 1404 1403 1465 
1239 1410 1434 1433 1435 
1240 1404 1434 1441 1465 
1241 1404 1434 1465 1483 
1242 1436 1465 1441 1469 
1243 1397 1379 1441 1469 
1244 1392 1434 1435 1469 
1245 1432 1435 1434 1481 
1246 1416 1434 1404 1483 
1247 1417 1416 1430 1434 
1248 1384 1369 1351 1467 
1249 1436 1465 1446 1467 
1250 1398 1445 1376 1469 
1251 1467 1395 1369 1464 
1252 1446 1450 1447 1464 
1253 1413 1395 1442 1448 
1254 1438 1462 1458 1467 
1255 1351 1338 1458 1467 
1266 1332 1386 1331 1428 
1284 1379 1440 1441 1469 
1290 1317 1331 1400 1450 
1297 1416 1431 1430 1434 
1298 1451 1470 1480 1481 
1299 1435 1470 1451 1481 
1312 1466 1402 1428 1386 
1314 1386 1402 1428 1332 
1318 1414 1465 1466 1483 
1320 1415 1414 1482 1483 
1321 1314 1451 1470 1480 
1322 1315 1414 1466 1482 
1323 1406 1444 1442 1445 
1324 1374 1371 1445 1462 
1325 1412 1442 1406 1444 
1326 1395 1450 1383 1464 
1328 1398 1435 1444 1469 
1329 1306 1470 1320 1481 
1330 1430 1431 1432 1434 
1331 1410 1409 1433 1434 
1332 1418 1444 1410 1484 
1333 1305 1433 1432 1481 
1334 1416 1430 1431 1482 
1335 1308 1449 1307 1451 
1336 1385 1353 1465 1467 
1337 1398 1392 1435 1469 
1338 1442 1450 1446 1451 
1339 1308 1428 1449 1450 
1340 1317 1428 1331 1450 
1341 1400 1331 1383 1450 
1342 1355 1352 1436 1438 
1343 1384 1395 1369 1467 
1344 1436 1462 1438 1467 
1345 1371 1367 1458 1462 
1346 1385 1436 1438 1467 
1350 1385 1438 1339 1467 
1351 1385 1436 1352 1438 
1352 1435 1481 1451 1483 
1353 1330 1409 1417 1432 
1354 1330 1429 15 1433 
1355 1329 15 1429 1433 
1356 1379 1457 1440 1469 
1357 1322 1412 1419 1443 
1358 1435 1446 1469 1483 
1359 1431 1481 1434 1483 
1360 1451 1480 1466 1483 
1361 1435 1451 1446 1483 
1362 1309 1402 1428 1466 
1363 1405 1434 1397 1441 
1364 1432 1433 1435 1481 
1365 1320 1321 1481 1484 
1366 1317 1324 1318 1449 
1367 1324 1448 1443 1449 
1368 1385 1352 1339 1438 
1369 1388 1354 1355 1440 
1370 1389 1388 1355 1440 
1373 1435 1442 1446 1451 
1377 1317 1318 1428 1449 
1379 1353 1339 1338 1467 
1380 11 1400 1413 1448 
1382 1440 1457 1462 1469 
1397 1325 1322 1419 1443 
1399 1434 1435 1469 1483 
1405 1435 1446 1444 1469 
1406 1385 1339 1353 1467 
1407 1395 1447 1467 1384 
1408 1436 1462 1446 1469 
1409 1434 1469 1465 1483 
1410 1395 1383 1369 1464 
1412 1446 1464 1447 1467 
1415 1305 1320 1321 1481 
1422 1320 1319 1326 1470 
1424 1379 1376 1348 1457 
1425 1371 1457 1445 1462 
1426 1391 1390 1372 1445 
1427 1338 1438 1458 1467 
1428 1446 1465 1464 1467 
1430 1369 1338 1351 1467 
1432 1403 1436 1385 1465 
1435 1339 1438 1338 1467 
1441 1306 1319 1320 1470 
1442 1397 1379 1388 1441 
1444 1392 1376 1379 1469 
1445 1389 1355 1373 1436 
1448 1431 1432 1434 1481 
1463 1397 1441 1434 1469 
1465 1330 15 1409 1433 
1468 1388 1379 1354 1440 
1473 1385 1465 1436 1467 
1483 1374 1367 1371 1462 
1484 1386 1464 1450 1466 
1485 1404 1436 1403 1465 
1487 1406 1401 1374 1447 
1488 1404 1441 1436 1465 
1490 1384 1351 1367 1462 
1491 1390 1371 1372 1445 
1496 1436 1440 1462 1469 
1498 1321 1325 12 1484 
1499 1324 1443 1326 1449 
1500 1407 1390 1391 1445 
1502 1410 1392 1434 1435 
1503 1385 1373 1352 1436 
1506 1324 1323 1443 1448 
1507 1372 1445 1371 1457 
1508 1391 1372 1376 1445 
1509 1405 1397 1388 1441 
1511 1442 1447 1446 1450 
1512 1376 1445 1372 1457 
1513 1407 1391 1398 1445 
1514 1419 1406 1407 1444 
1518 1417 1430 1432 1434 
1529 1436 1446 1465 1469 
1532 1373 1355 1352 1436 
1539 1379 1376 1457 1469 
1542 1419 1412 1406 1444 
1543 1404 1389 1436 1441 
1544 1388 1379 1440 1441 
1545 1384 1374 1447 1462 
1549 1397 1434 1392 1469 
1551 1416 1405 1404 1434 
1553 1401 1384 1374 1447 
1554 1305 1432 1313 1481 
1556 1351 1458 1462 1467 
1557 1396 1465 1464 1466 
1558 1436 1441 1440 1469 
1560 1367 1351 1458 1462 
1561 1331 1428 1386 1450 
1562 1384 1351 1462 1467 
1564 1321 12 1329 1484 
1565 1331 1386 1383 1450 
1566 1415 1465 1414 1483 
1567 1445 1446 1447 1462 
1568 1484 13 1418 1419 
1569 1317 11 1400 1331 
1570 1398 1391 1376 1445 
1571 1417 1397 1405 1434 
1572 1405 1389 1404 1441 
1573 1397 1392 1379 1469 
1574 1419 1407 1418 1444 
1575 1405 1388 1389 1441 
1576 1436 1446 1462 1467 
1577 1409 1392 1397 1434 
1578 1369 1353 1338 1467 
1580 1329 1418 1410 1484 
1581 1308 1315 1309 1466 
1582 1412 1401 1406 1442 
1583 1353 1464 1465 1467 
1584 1416 1404 1415 1483 
1585 1325 1443 1419 1484 
1586 1317 1400 11 1448 
1587 1406 1374 1390 1445 
1588 1407 1406 1390 1445 
1589 1386 1353 1383 1464 
1590 1311 8 1416 1430 
1592 1400 1383 1395 1450 
1593 1418 1407 1398 1444 
1594 1446 1451 1465 1483 
1595 1410 1398 1435 1444 
1596 1407 1398 1444 1445 
1597 1413 1400 1395 1448 
1598 1317 1448 1324 1449 
1600 1401 1395 1384 1447 
1601 1403 1385 1396 1465 
1602 1435 1443 1442 1451 
1603 1315 1414 1402 1466 
1604 1315 1414 10 1402 
1605 1305 1321 1429 1433 
1606 1386 1383 1450 1464 
1607 1329 1410 15 1433 
1608 1321 1329 1429 1433 
1609 1386 1450 1428 1466 
1610 1413 1395 1401 1442 
1611 1451 1481 1480 1483 
1612 1413 1401 1412 1442 
1613 1323 1412 1322 1443 
1614 1395 1442 1448 1450 
1615 1464 1447 1467 1395 
1616 1442 1445 1446 1447 
1618 1315 1466 1480 1482 
1619 1310 1415 1414 1482 
1620 1442 1449 1448 1450 
1621 1415 1403 1414 1465 
1622 1310 1311 1415 1482 
1623 1329 1410 1433 1484 
1624 1384 1462 1447 1467 
1625 1383 1353 1369 1464 
1626 1419 1325 1484 13 
1627 1312 8 1311 1430 
1629 1304 9 1312 1430 
1630 1414 1465 1396 1466 
1631 1305 1321 1433 1481 
1632 1430 1304 9 1432 
1633 1323 1412 1443 1448 
1634 1419 1444 1418 1484 
1635 1445 1462 1457 1469 
1636 1402 1396 1386 1464 
1637 12 13 1418 1484 
1638 1390 1374 1371 1445 
1639 1389 1440 1436 1441 
1644 8 1417 1416 1430 
1645 1304 1430 1313 1432 
1648 1446 1451 1464 1465 
1649 1304 1429 1330 1432 
1650 1321 1329 1433 1484 
1651 1417 1409 1397 1434 
1652 1321 1433 1481 1484 
1653 1324 1326 1318 1449 
1654 1414 1403 1396 1465 
1655 1396 1385 1353 1465 
1656 12 1418 1329 1484 
1657 1325 1323 1322 1443 
1658 1315 10 1309 1402 
1659 1417 1405 1416 1434 
1660 15 1410 1409 1433 
1661 1418 1398 1410 1444 
1662 1451 1466 1465 1483 
1663 1309 1402 10 1332 
1664 1324 1323 1325 1443 
1665 1410 1398 1392 1435 
1666 1412 1443 1442 1444 
1667 1307 1318 1319 1449 
1668 13 1325 1484 12 
1669 1416 1415 1482 1483 
1670 1384 1367 1374 1462 
1671 1410 1435 1433 1484 
1681 1308 1309 1428 1466 
1682 1415 1404 1465 1483 
1684 1308 1307 1314 1451 
1701 1396 1353 1386 1464 
1705 1446 1447 1462 1467 
1708 9 8 1312 1430 
1712 1410 1392 1409 1434 
1717 1419 1443 1444 1484 
1718 12 13 1329 1418 
1719 1318 1326 1319 1449 
1720 1446 1465 1469 1483 
1721 1320 1326 1325 1484 
1722 1376 1445 1457 1469 
1723 1417 1432 1409 1434 
1724 1308 1428 1450 1466 
1725 1412 1442 1443 1448 
1726 1332 1402 1428 1309 
1727 1419 1443 1412 1444 
1728 1379 1348 1354 1440 
1729 1323 1413 1412 1448 
1730 1431 1480 1481 1483 
1731 1414 1396 1402 1466 
1732 1325 1322 13 1419 
1733 1320 1325 1321 1484 
1734 1403 1373 1385 1436 
1735 1313 1316 1314 1480 
1736 1310 1315 1316 1482 
1737 1398 1376 1392 1469 
1738 1314 1307 1306 1470 
1739 1314 1316 1315 1480 
1740 1314 1470 1306 1481 
1741 1305 1306 1320 1481 
1742 1315 1402 1309 1466 
1743 1307 1319 1306 1470 
1744 1324 1325 1326 1443 
1745 1308 1314 1315 1466 
1746 1308 1428 1318 1449 
1747 1308 1318 1307 1449 
1748 1316 1480 1431 1482 
1750 11 1413 1323 1448 
1751 1312 1310 1316 1482 
1752 1311 1416 1415 1482 
1753 1312 1311 1310 1482 
1754 1432 9 1417 1330 
1755 1313 1312 1316 1431 
1756 1308 1450 1451 1466 
1758 1305 1313 1306 1481 
1759 1310 1414 1315 1482 
1761 1305 1429 1432 1433 
1763 1325 1326 1443 1484 
2592 1325 1326 1779 1823 
2610 1317 1324 11 1824 
2688 1324 1318 1326 1823 
2743 1325 1823 1815 1824 
2750 1324 1823 1325 1824 
2756 1318 1782 1326 1823 
2758 1326 1782 1781 1823 
2769 1317 1823 1324 1824 
2770 1317 1780 1318 1823 
2771 1780 1819 1823 1824 
2777 1779 1819 1815 1823 
2778 1815 1823 1819 1824 
2784 1823 1326 1779 1781 
2789 1781 1819 1779 1823 
2878 1325 1322 1323 1824 
2881 1782 1819 1781 1823 
2887 1782 1780 1819 1823 
2912 1317 1318 1324 1823 
2913 1324 1323 11 1824 
2929 1325 1768 1783 1815 
2930 1321 1325 1779 1768 
2931 1325 1815 1322 1824 
2932 1317 1780 1823 1824 
2952 1325 1779 1815 1823 
2956 1781 1326 1779 1320 
2958 1325 12 1783 1768 
2962 1320 1321 1325 1779 
2965 1325 1783 1322 1815 
2966 1325 12 13 1783 
2967 1318 1319 1326 1782 
2968 1325 1779 1768 1815 
2970 1324 1326 1325 1823 
2973 1318 1780 1782 1823 
2976 1320 1326 1319 1781 
2978 1324 1325 1323 1824 
2979 1320 1326 1779 1325 
2981 1325 13 1322 1783 
3026 1321 12 1325 1768 
3029 1326 1782 1319 1781 
3063 1313 1306 1314 1955 
3085 1312 1906 1961 1962 
3088 1906 1902 1961 1962 
3090 1314 1316 1955 1956 
3093 1313 1928 1306 1955 
3299 1311 8 1906 1844 
3306 1315 1309 10 1956 
3358 1929 1924 1928 1955 
3361 1930 1906 1902 1961 
3362 1308 1315 1314 1956 
3363 1961 8 1312 9 
3364 1310 1844 1311 1891 
3368 1304 1929 1313 1961 
3371 1929 1924 1955 1961 
3378 1313 1929 1955 1961 
3381 1312 1311 1906 1962 
3387 1310 1891 1311 1962 
3390 1311 1844 1906 1891 
3392 1930 1902 1918 1961 
3395 1312 1955 1316 1962 
3405 1313 1955 1312 1961 
3406 1930 1918 1922 1961 
3426 1929 1922 1924 1961 
3427 1906 1891 1902 1962 
3428 1310 1316 1956 1962 
3444 1312 1311 8 1906 
3453 1924 1922 1918 1961 
3461 9 1930 1922 1961 
3470 1304 1922 1929 1961 
3482 8 1930 1961 1906 
3484 1314 1315 1316 1956 
3487 1304 9 1922 1961 
3490 1312 1316 1310 1962 
3491 1304 1313 1312 1961 
3492 1305 1306 1313 1928 
3493 1304 1305 1313 1929 
3496 1310 1315 10 1956 
3499 1906 8 1312 1961 
3501 1313 1316 1312 1955 
3502 1313 1314 1316 1955 
3506 1310 1316 1315 1956 
3508 1312 1961 1955 1962 
3509 1305 1313 1929 1928 
3510 1308 1309 1315 1956 
3512 9 1930 1961 8 
3518 1304 1312 9 1961 
3521 1313 1929 1928 1955 
3525 1316 1955 1956 1962 
3529 1312 1310 1311 1962 
3542 1311 1891 1906 1962 
1083 1436 1437 1438 1439 
1085 1355 1354 1437 1440 
1086 1436 1437 1439 1440 
1111 1355 1437 1333 1438 
1112 1354 1348 1437 1440 
1113 1335 1460 1437 1461 
1114 1348 1347 1437 1461 
1115 1437 1439 1440 1457 
1116 1347 1335 1437 1461 
1117 1439 1440 1457 1462 
1118 1348 1437 1440 1457 
1119 1439 1456 1457 1461 
1120 1355 1437 1436 1440 
1121 1437 1439 1461 1463 
1122 1437 1461 1460 1463 
1258 1338 1458 1438 1463 
1260 1339 1338 1438 1463 
1263 1350 1339 1438 1463 
1264 1333 1438 1437 1463 
1265 1352 1333 1350 1438 
1277 1439 1456 1461 1463 
1283 1436 1440 1439 1462 
1286 1437 1439 1457 1461 
1327 1439 1458 1456 1463 
1349 1350 1438 1333 1463 
1388 1439 1457 1456 1458 
1392 1437 1438 1439 1463 
1393 1355 1436 1437 1438 
1403 1355 1333 1352 1438 
1411 1355 1335 1333 1437 
1433 1438 1458 1439 1463 
1440 1333 1437 1460 1463 
1501 1354 1347 1335 1437 
1510 1348 1437 1457 1461 
1530 1335 1333 1437 1460 
1548 1355 1354 1335 1437 
1550 1371 1458 1457 1462 
1559 1438 1439 1458 1462 
1579 1436 1439 1438 1462 
1617 1352 1350 1339 1438 
1628 1439 1457 1458 1462 
1699 1354 1348 1347 1437 
2489 1784 1785 1786 1787 
2490 1743 1788 1785 1789 
2491 1739 1728 1789 1790 
2492 1739 1790 1789 1791 
2493 1731 1789 1730 1792 
2494 1729 1789 1728 1790 
2495 1730 1789 1729 1792 
2496 1773 1787 1793 1794 
2497 1681 1688 1680 1794 
2498 1701 1773 1793 1794 
2499 1772 1787 1759 1795 
2500 1687 1688 1793 1796 
2501 1681 1701 1793 1794 
2502 1741 1725 1797 1798 
2503 1740 1797 1785 1799 
2504 1757 1797 1784 1800 
2505 1757 1742 1797 1800 
2506 1742 1798 1797 1800 
2507 1711 1798 1792 1801 
2508 1725 1710 1791 1798 
2509 1742 1711 1798 1800 
2510 1725 1791 1797 1798 
2511 1742 1741 1797 1798 
2512 1680 1802 1794 1803 
2513 1803 1804 1805 1806 
2514 1776 1786 1775 1807 
2515 1787 1796 1794 1802 
2516 1683 1802 1806 1808 
2517 1787 1802 1794 1809 
2518 1802 1804 1808 1809 
2519 1715 1810 1792 1811 
2520 1707 1792 1706 1810 
2521 1731 1792 1716 1800 
2522 1790 1792 1801 1811 
2523 1715 1703 1792 1810 
2524 1706 1792 1703 1810 
2525 1723 1812 1722 1813 
2526 1748 1721 1812 1813 
2527 1748 1814 1812 1815 
2528 1722 1812 1721 1813 
2529 1748 1734 1719 1813 
2530 1811 1816 1813 1817 
2531 1723 1812 1813 1816 
2532 1720 1810 1813 1817 
2533 1786 1787 1799 1804 
2534 1686 1806 1807 1808 
2535 1784 1787 1796 1818 
2536 1677 1686 1807 1808 
2537 1765 1808 1799 1809 
2538 1804 1807 1806 1808 
2539 1813 1816 1814 1817 
2540 1747 1814 1816 1817 
2541 1735 1813 1734 1814 
2542 1721 1719 1715 1810 
2543 1761 1814 1748 1815 
2544 1770 1814 1815 1819 
2545 1743 1785 1739 1789 
2546 1739 1724 1790 1791 
2547 1704 1790 1801 1811 
2548 1710 1704 1790 1801 
2549 1713 1790 1709 1811 
2550 1709 1790 1704 1811 
2551 1712 1710 1798 1801 
2552 1710 1790 1798 1801 
2553 1724 1710 1790 1791 
2554 1773 1785 1754 1787 
2555 1773 1785 1787 1809 
2556 1739 1789 1785 1791 
2557 1753 1739 1785 1791 
2558 1758 1786 1784 1797 
2559 1740 1725 1791 1797 
2560 1784 1785 1795 1800 
2561 1784 1797 1785 1800 
2562 1785 1799 1787 1809 
2563 1785 1788 1795 1800 
2564 1759 1787 1785 1795 
2565 1795 1757 1800 1745 
2566 1766 1795 1784 1820 
2567 1766 1745 1757 1795 
2568 1784 1795 1818 1820 
2569 1777 1795 1767 1818 
2570 1759 1754 1785 1787 
2571 1756 1786 1797 1799 
2572 1744 1788 1743 1789 
2573 1759 1785 1743 1788 
2574 1726 1745 1788 1800 
2575 1784 1785 1787 1795 
2576 1757 1784 1795 1800 
2577 1731 1726 1788 1800 
2578 1744 1731 1788 1789 
2579 1805 1807 1804 1821 
2580 1694 1805 1803 1804 
2581 1694 1803 1796 1804 
2582 1694 1689 1803 1805 
2583 1691 1805 1694 1821 
2584 1688 1794 1793 1796 
2585 1680 1794 1688 1803 
2586 1773 1809 1794 1822 
2587 1681 1701 1700 1793 
2588 1681 1700 1687 1793 
2589 1787 1796 1802 1804 
2590 1701 1773 1794 1822 
2591 1777 1793 1772 1818 
2593 1794 1809 1802 1822 
2594 1681 1794 1680 1802 
2595 25 1682 1764 1822 
2596 1683 1685 1802 1822 
2597 1773 1764 1809 1822 
2598 1773 1787 1794 1809 
2599 1685 1681 1802 1822 
2600 25 1773 1701 1822 
2601 1681 1701 1794 1822 
2602 1693 1796 1818 1821 
2603 1687 1796 1793 1818 
2604 28 1818 1767 1820 
2605 1693 1796 1687 1818 
2606 26 1767 28 1818 
2607 1317 11 1769 1824 
2608 1769 1752 1819 1824 
2609 1780 1769 1819 1824 
2611 11 1323 1751 1824 
2612 1747 1733 1735 1817 
2613 1731 1789 1792 1800 
2614 1729 1715 1792 1811 
2615 1716 1706 1707 1792 
2616 1730 1703 1716 1792 
2617 1810 1811 1813 1817 
2618 1720 1810 1719 1813 
2619 1787 1793 1794 1796 
2620 1687 1700 1777 1793 
2621 1784 1795 1787 1818 
2622 26 1777 1767 1818 
2623 1784 1796 1804 1821 
2624 1693 1687 26 1818 
2625 1776 1766 1757 1784 
2626 1692 1776 1807 1821 
2627 1774 1807 1786 1808 
2628 1687 1793 1777 1818 
2629 1678 1805 1691 1807 
2630 1687 1700 26 1777 
2631 23 1774 1765 1808 
2632 1759 1785 1788 1795 
2633 1700 1701 1772 1793 
2634 25 1764 1773 1822 
2635 1683 1765 1682 1822 
2636 1682 1765 1764 1822 
2637 1784 1796 1787 1804 
2638 1683 1802 1808 1809 
2639 1753 1799 1785 1809 
2640 1765 1809 1764 1822 
2641 1694 1688 1796 1803 
2642 1776 1784 1786 1821 
2643 1786 1807 1804 1808 
2644 1787 1799 1804 1809 
2645 1776 1820 1784 1821 
2646 1677 1807 1774 1808 
2647 1684 1681 1680 1802 
2648 1695 1820 27 1821 
2649 1784 1787 1786 1804 
2650 1775 1786 1774 1807 
2651 1784 1820 1818 1821 
2652 1694 1796 1693 1821 
2653 1758 1784 1757 1797 
2654 1776 1766 1784 1820 
2655 1694 1804 1796 1821 
2656 1790 1792 1791 1798 
2657 1805 1806 1804 1807 
2658 27 1820 1776 1821 
2659 1692 27 1776 1821 
2660 1772 1787 1795 1818 
2661 1801 1811 1810 1817 
2662 1777 1772 1795 1818 
2663 1693 1818 28 1820 
2664 27 28 1766 1820 
2665 1785 1789 1788 1791 
2666 1784 1804 1786 1821 
2667 13 1322 1783 1750 
2668 1322 1750 1697 1749 
2669 1323 1322 1696 1749 
2670 1731 1788 1789 1800 
2671 1721 1810 1702 1813 
2672 1722 1702 1811 1813 
2673 1728 1708 1714 1811 
2674 1752 1812 1723 1816 
2675 1737 1736 1812 1815 
2676 1713 1710 1709 1790 
2677 1727 1705 1712 1801 
2678 1718 1711 1707 1801 
2679 1727 1711 1718 1801 
2680 1707 1801 1810 1817 
2681 1774 1799 1765 1808 
2682 1713 1709 1708 1811 
2683 1722 1714 1708 1811 
2684 1717 1801 1705 1817 
2685 1729 1714 1715 1811 
2686 1736 1721 1722 1812 
2687 1725 1710 1724 1791 
2689 1723 1722 1811 1813 
2690 1787 1793 1796 1818 
2691 1744 1729 1730 1789 
2692 1789 1791 1790 1792 
2693 1741 1727 1712 1798 
2694 1742 1711 1727 1798 
2695 1718 1801 1707 1817 
2696 1733 1707 1720 1817 
2697 1710 1704 1709 1790 
2698 1727 1712 1798 1801 
2699 1746 1816 1732 1817 
2700 1755 1741 1725 1797 
2701 1755 1725 1740 1797 
2702 1741 1712 1725 1798 
2703 1681 1793 1688 1794 
2704 1716 1707 1711 1792 
2705 1717 1712 1705 1801 
2706 1718 1705 1801 1817 
2707 1720 1706 1719 1810 
2708 1788 1791 1789 1800 
2709 1680 1688 1689 1803 
2710 1745 1757 1800 1726 
2711 1748 1719 1721 1813 
2712 1732 1704 1717 1817 
2713 1729 1728 1714 1811 
2714 1719 1703 1715 1810 
2715 1729 1792 1790 1811 
2716 1740 1725 1724 1791 
2717 1732 1816 1709 1817 
2718 1787 1804 1802 1809 
2719 1739 1724 1713 1790 
2720 1717 1704 1801 1817 
2721 1748 1813 1812 1814 
2722 1742 1727 1741 1798 
2723 1719 1706 1703 1810 
2724 1763 1738 1732 1816 
2725 1712 1704 1710 1801 
2726 1735 1720 1734 1813 
2727 1721 1715 1702 1810 
2728 1743 1728 1729 1789 
2729 1722 1721 1702 1813 
2730 1762 1752 1738 1816 
2731 1731 1730 1716 1792 
2732 1747 1816 1746 1817 
2733 1737 1722 1723 1812 
2734 1720 1707 1706 1810 
2735 1792 1810 1801 1811 
2736 1723 1811 1709 1816 
2737 1734 1720 1719 1813 
2738 1735 1720 1813 1817 
2739 1752 1737 1723 1812 
2740 1723 1813 1811 1816 
2741 1735 1813 1814 1817 
2742 1730 1729 1715 1792 
2744 1702 1810 1811 1813 
2745 1783 1761 1748 1815 
2746 1748 1721 1736 1812 
2747 1749 1736 1737 1815 
2748 1770 1735 1761 1814 
2749 1721 1719 1810 1813 
2751 1735 1733 1720 1817 
2752 1732 1709 1704 1817 
2753 1752 1723 1738 1816 
2754 1738 1709 1732 1816 
2755 1723 1708 1709 1811 
2757 1752 1737 1815 1824 
2759 1739 1713 1728 1790 
2760 1763 1762 1738 1816 
2761 1747 1735 1814 1817 
2762 1756 1741 1755 1797 
2763 1791 1798 1792 1800 
2764 1759 1743 1744 1788 
2765 1746 1717 1705 1817 
2766 1704 1811 1801 1817 
2767 1717 1704 1712 1801 
2768 1753 1724 1739 1791 
2772 1720 1707 1810 1817 
2773 1752 1751 1737 1824 
2774 1762 1752 1816 1819 
2775 1790 1792 1798 1801 
2776 1733 1718 1707 1817 
2779 1711 1792 1798 1800 
2780 13 1697 1322 1750 
2781 1707 1801 1792 1810 
2782 1752 1815 1812 1819 
2783 1694 1805 1804 1821 
2785 1784 1786 1785 1797 
2786 1767 1760 1745 1795 
2787 1767 1745 1766 1795 
2788 1774 1756 1755 1799 
2790 1763 1746 1747 1816 
2791 1760 1759 1788 1795 
2792 1746 1718 1733 1817 
2793 1748 1812 1736 1815 
2794 1778 1816 1814 1819 
2795 1794 1802 1796 1803 
2796 1683 1802 1809 1822 
2797 1715 1714 1702 1811 
2798 1783 1748 1750 1815 
2799 1681 1794 1802 1822 
2800 1777 1760 1767 1795 
2801 1796 1803 1802 1804 
2802 1724 1710 1713 1790 
2803 1745 1731 1726 1788 
2804 1756 1742 1741 1797 
2805 1683 23 1682 1765 
2806 1731 1716 1726 1800 
2807 24 1803 1805 1806 
2808 24 1805 1679 1806 
2809 1754 1753 1739 1785 
2810 24 1803 1689 1805 
2811 1678 1806 1805 1807 
2812 1760 1744 1731 1788 
2813 24 1684 1680 1803 
2814 1686 1683 1806 1808 
2815 1701 1773 1772 1793 
2816 1772 1754 1759 1787 
2817 1677 1774 23 1808 
2818 1725 1712 1710 1798 
2819 1756 1797 1755 1799 
2820 1684 1802 1680 1803 
2821 1691 1692 1807 1821 
2822 1716 1703 1706 1792 
2823 1743 1739 1728 1789 
2824 1684 1802 1803 1806 
2825 1776 1786 1807 1821 
2826 1753 1785 1740 1791 
2827 1773 1764 1753 1809 
2828 1678 1686 1806 1807 
2829 1785 1791 1788 1800 
2830 1698 1775 1774 1807 
2831 1698 1699 1775 1807 
2832 1807 1699 1775 1776 
2833 24 1690 1679 1805 
2834 1773 1753 1785 1809 
2835 1775 1756 1774 1786 
2836 1729 1790 1728 1811 
2837 1758 1757 1742 1797 
2838 1760 1759 1744 1788 
2839 1754 1739 1743 1785 
2840 1753 1740 1785 1799 
2841 1765 1799 1764 1809 
2842 1760 1731 1745 1788 
2843 1763 1732 1746 1816 
2844 1772 1793 1787 1818 
2845 1727 1718 1705 1801 
2846 1726 1716 1711 1800 
2847 1774 1786 1756 1799 
2848 1746 1705 1718 1817 
2849 1758 1742 1756 1797 
2850 1773 1787 1772 1793 
2851 1761 1734 1748 1814 
2852 1730 1715 1703 1792 
2853 1683 1808 1765 1809 
2854 1729 1789 1790 1792 
2855 1778 1763 1816 1819 
2856 1723 1722 1708 1811 
2857 1738 1723 1709 1816 
2858 1750 1748 1736 1815 
2859 1763 1762 1816 1819 
2860 1764 1799 1753 1809 
2861 1777 1759 1760 1795 
2862 1776 1758 1775 1786 
2863 1812 1815 1814 1819 
2864 1678 1679 1805 1806 
2865 1779 1761 1768 1815 
2866 11 1323 1696 1751 
2867 1317 1769 1780 1824 
2868 11 1751 1769 1824 
2869 1323 1322 1749 1824 
2870 1778 1747 1814 1816 
2871 1778 1747 1770 1814 
2872 1727 1798 1711 1801 
2873 1770 1814 1761 1815 
2874 1322 1783 1750 1815 
2875 1694 1693 1695 1821 
2876 1744 1743 1729 1789 
2877 1322 1815 1749 1824 
2879 1812 1814 1813 1816 
2880 1683 1682 1685 1822 
2882 1746 1732 1717 1817 
2883 1764 1740 1753 1799 
2884 1776 1757 1758 1784 
2885 27 1766 1776 1820 
2886 1775 1758 1756 1786 
2888 1785 1786 1787 1799 
2889 1752 1812 1816 1819 
2890 28 1767 1766 1820 
2891 1767 1795 1766 1820 
2892 1785 1797 1791 1800 
2893 1777 1772 1759 1795 
2894 1800 1745 1788 1795 
2895 1765 1740 1764 1799 
2896 1744 1730 1731 1789 
2897 25 1681 1685 1822 
2898 1779 1770 1761 1815 
2899 1781 1770 1779 1819 
2900 1780 1769 1762 1819 
2901 1767 1818 1795 1820 
2902 1770 1747 1735 1814 
2903 1750 1736 1749 1815 
2904 1753 1740 1724 1791 
2905 1769 1752 1762 1819 
2906 1780 1762 1771 1819 
2907 1323 1749 1751 1824 
2908 1323 1696 1751 1749 
2909 1779 1770 1815 1819 
2910 1778 1771 1763 1819 
2911 1681 1687 1688 1793 
2914 1752 1737 1812 1815 
2915 1782 1780 1771 1819 
2916 1752 1815 1819 1824 
2917 1683 23 1765 1808 
2918 1759 1754 1743 1785 
2919 1766 1757 1784 1795 
2920 1776 1692 1807 1699 
2921 1776 1784 1758 1786 
2922 1692 27 1699 1776 
2923 1709 1816 1811 1817 
2924 1677 1698 1774 1807 
2925 1757 1711 1742 1800 
2926 1686 1684 1679 1806 
2927 24 1689 1690 1805 
2928 1761 1735 1734 1814 
2933 1785 1797 1786 1799 
2934 1758 1756 1786 1797 
2935 1791 1797 1798 1800 
2936 1716 1792 1711 1800 
2937 1710 1790 1791 1798 
2938 1786 1804 1807 1821 
2939 1688 1794 1796 1803 
2940 1692 1695 27 1821 
2941 1693 1820 1695 1821 
2942 1802 1804 1806 1808 
2943 25 1701 1681 1822 
2944 1683 1802 1684 1806 
2945 1678 1686 1679 1806 
2946 1687 1777 26 1818 
2947 1773 1753 1754 1785 
2948 1778 1763 1747 1816 
2949 1749 1815 1737 1824 
2950 1751 1749 1737 1824 
2951 1711 1792 1707 1801 
2953 1812 1814 1816 1819 
2954 24 1684 1803 1806 
2955 1684 1685 1681 1802 
2957 1783 1768 1761 1815 
2959 1802 1804 1803 1806 
2960 1322 1697 1696 1749 
2961 1677 1686 1678 1807 
2963 1757 1726 1711 1800 
2964 1782 1778 1781 1819 
2969 1782 1771 1778 1819 
2971 1728 1713 1708 1811 
2972 1722 1702 1714 1811 
2974 1748 1734 1813 1814 
2975 1322 1750 1749 1815 
2977 1737 1736 1722 1812 
2980 1769 1751 1752 1824 
2982 1760 1788 1745 1795 
2983 1747 1746 1733 1817 
2984 1699 1692 1807 1698 
2985 1695 28 27 1820 
2986 1694 1688 1693 1796 
2987 1691 1695 1692 1821 
2988 1771 1762 1763 1819 
2989 1765 1755 1740 1799 
2990 1715 1702 1810 1811 
2991 1693 28 1695 1820 
2992 25 1685 1682 1822 
2993 1774 1786 1799 1808 
2994 1678 1691 1692 1807 
2995 1677 1692 1698 1807 
2996 1683 1685 1684 1802 
2997 1700 1772 1777 1793 
2998 1691 1694 1695 1821 
2999 1679 1690 1691 1805 
3000 1694 1689 1688 1803 
3001 1781 1778 1770 1819 
3002 1799 1808 1804 1809 
3003 24 1679 1684 1806 
3004 1678 1679 1691 1805 
3005 1690 1689 1694 1805 
3006 1693 1818 1820 1821 
3007 1677 23 1683 1808 
3008 1709 1811 1704 1817 
3009 1683 1809 1765 1822 
3010 1677 1698 23 1774 
3011 1728 1790 1713 1811 
3012 1686 1683 1684 1806 
3013 1774 1755 1765 1799 
3014 1693 1688 1687 1796 
3015 1778 1814 1770 1819 
3016 1789 1791 1792 1800 
3017 1677 1683 1686 1808 
3018 1690 1694 1691 1805 
3019 1691 1807 1805 1821 
3020 1677 1678 1692 1807 
3021 1784 1818 1796 1821 
3022 1786 1804 1799 1808 
3023 24 1680 1689 1803 
3024 1773 1754 1772 1787 
3025 1693 26 28 1818 
3027 1755 1797 1740 1799 
3028 1740 1791 1785 1797 
4643 2272 2268 2312 2347 
4644 2290 2289 2348 2349 
4645 2292 2349 2348 2350 
4646 2292 2348 2283 2350 
4647 2289 2281 2348 2350 
4648 2283 2350 2348 2351 
4649 2281 2350 2280 2351 
4650 2349 2352 2353 2354 
4651 2307 2349 2305 2353 
4652 2329 2298 2321 2355 
4653 2334 2329 2355 2356 
4654 2335 2302 2355 2356 
4655 2335 2355 2329 2356 
4656 1693 26 2337 2357 
4657 1693 1687 2343 2337 
4658 1693 2337 2343 2358 
4659 2346 2358 2341 2359 
4660 2341 2358 2356 2359 
4661 2337 2357 2356 2358 
4662 2310 2309 2349 2354 
4663 2306 2297 2349 2353 
4664 2296 2352 2349 2354 
4665 2316 2305 2352 2353 
4666 2307 2306 2290 2349 
4667 2318 2316 2352 2353 
4668 2319 2352 2315 2354 
4669 2315 2352 2296 2354 
4670 1691 1695 2344 2342 
4671 1693 2357 2358 2359 
4672 1694 2346 2345 2359 
4673 2336 2356 2357 2359 
4674 2336 2356 2324 2357 
4675 2323 2299 2302 2356 
4676 2323 2299 2356 2357 
4677 26 28 2303 2357 
4678 26 2323 2337 2357 
4679 28 2304 2303 2357 
4680 2303 2287 2299 2357 
4681 50 2272 2325 2347 
4682 2270 2330 2333 2347 
4683 2265 2268 2360 2361 
4684 2265 2268 2312 2272 
4685 50 2330 2270 2347 
4686 2269 2360 2268 2271 
4687 2333 2360 2347 2361 
4688 51 54 2269 2360 
4689 2325 2272 2312 2347 
4690 2318 2352 2316 2362 
4691 47 2327 2332 2362 
4692 48 54 2327 2360 
4693 2282 2278 2277 2348 
4694 2321 2298 2282 2351 
4695 2286 2282 2275 2351 
4696 2298 2283 2278 2348 
4697 2305 2349 2352 2353 
4698 2298 2283 2348 2351 
4699 2286 2275 2274 2351 
4700 2292 2288 2278 2348 
4701 2282 2276 2275 2348 
4702 2291 2276 2277 2348 
4703 2290 2289 2275 2348 
4704 2305 2288 2296 2349 
4705 2298 2278 2282 2348 
4706 2293 2292 2283 2350 
4707 2309 2308 2293 2349 
4708 2291 2277 2288 2348 
4709 2285 2279 2283 2351 
4710 1691 1695 1694 2344 
4711 2293 2283 2279 2350 
4712 2322 2285 2283 2351 
4713 2281 2280 2273 2351 
4714 2294 2293 2279 2350 
4715 2322 2283 2298 2351 
4716 2326 2352 2361 2362 
4717 2281 2348 2350 2351 
4718 2326 2316 2352 2362 
4719 2282 2277 2276 2348 
4720 2310 2295 2297 2349 
4721 2301 2286 2300 2355 
4722 2285 2273 2351 2355 
4723 2289 2281 2275 2348 
4724 2352 2353 2354 2363 
4725 2333 2360 2361 2363 
4726 1693 1688 2346 2343 
4727 2292 2278 2283 2348 
4728 2280 2350 2279 2351 
4729 2295 2280 2281 2350 
4730 2295 2294 2280 2350 
4731 2300 2286 2274 2355 
4732 2298 2348 2282 2351 
4733 2291 2348 2288 2349 
4734 2318 2353 2352 2363 
4735 2308 2296 2292 2349 
4736 2309 2308 2349 2354 
4737 2295 2349 2294 2350 
4738 2307 2291 2305 2349 
4739 2295 2281 2289 2350 
4740 2299 2284 2273 2355 
4741 2300 2284 2287 2355 
4742 2300 2355 2287 2356 
4743 2324 2356 2300 2357 
4744 2307 2306 2349 2353 
4745 2280 2279 2273 2351 
4746 2326 2352 2311 2361 
4747 2284 2274 2281 2351 
4748 2299 2287 2284 2355 
4749 2360 2362 2361 2363 
4750 2299 2273 2285 2355 
4751 2327 2360 2314 2363 
4752 2283 2279 2350 2351 
4753 2321 2282 2286 2351 
4754 2313 2310 2353 2354 
4755 2309 2293 2294 2349 
4756 2310 2309 2294 2349 
4757 2318 2307 2316 2353 
4758 2315 2311 2296 2352 
4759 2318 2317 2353 2363 
4760 2300 2274 2284 2355 
4761 2321 2351 2286 2355 
4762 2318 2317 2306 2353 
4763 2360 2268 2271 2347 
4764 2294 2349 2293 2350 
4765 2288 2277 2278 2348 
4766 2282 2348 2275 2351 
4767 2305 2349 2296 2352 
4768 2320 2309 2310 2354 
4769 2294 2279 2280 2350 
4770 2299 2287 2355 2356 
4771 2301 2355 2300 2356 
4772 2284 2351 2273 2355 
4773 2284 2274 2351 2355 
4774 2320 2310 2313 2354 
4775 2319 2361 2352 2363 
4776 2336 2301 2324 2356 
4777 2310 2349 2297 2353 
4778 2316 2307 2305 2353 
4779 2333 2361 2319 2363 
4780 2319 2315 2352 2361 
4781 2268 2347 2360 2361 
4782 2318 2306 2307 2353 
4783 2291 2290 2348 2349 
4784 2346 2343 2340 2358 
4785 2271 50 2270 2347 
4786 2341 2340 2356 2358 
4787 26 2303 2323 2357 
4788 48 2267 2264 2362 
4789 2323 2303 2299 2357 
4790 2327 2362 2360 2363 
4791 28 2304 53 2303 
4792 2310 2294 2295 2349 
4793 2305 2291 2288 2349 
4794 2289 2348 2349 2350 
4795 2285 2273 2279 2351 
4796 2343 2337 2340 2358 
4797 2338 2329 2334 2356 
4798 2321 2286 2301 2355 
4799 2335 2322 2329 2355 
4800 2335 2302 2322 2355 
4801 2297 2295 2289 2349 
4802 48 2360 2327 2362 
4803 2317 2297 2306 2353 
4804 2319 2352 2354 2363 
4805 2334 2355 2301 2356 
4806 2326 2362 2361 2364 
4807 2300 2356 2287 2357 
4808 2295 2289 2349 2350 
4809 48 2264 2360 2362 
4810 27 2324 2304 2365 
4811 2337 2323 2356 2357 
4812 2331 2316 2326 2362 
4813 2306 2297 2289 2349 
4814 2325 2347 2312 2361 
4815 2306 2289 2290 2349 
4816 2265 2268 2269 2360 
4817 2265 2361 2360 2362 
4818 2328 2314 54 2360 
4819 2324 2301 2300 2356 
4820 2317 2313 2297 2353 
4821 2322 2351 2298 2355 
4822 2308 2292 2293 2349 
4823 2330 2325 2315 2361 
4824 2325 2312 2311 2361 
4825 2352 2361 2362 2363 
4826 2320 2319 2354 2363 
4827 2296 2288 2292 2349 
4828 2310 2349 2353 2354 
4829 2320 2354 2313 2363 
4830 2302 2299 2285 2355 
4831 2307 2290 2291 2349 
4832 2315 2311 2352 2361 
4833 2330 2315 2319 2361 
4834 2333 2319 2320 2363 
4835 2332 2327 2317 2362 
4836 2326 2316 2311 2352 
4837 2328 2313 2314 2363 
4838 2332 2362 2331 2364 
4839 2327 54 2314 2360 
4840 2328 2314 2360 2363 
4841 2264 2265 2269 2360 
4842 2322 2302 2285 2355 
4843 2324 2357 2304 2365 
4844 2364 2265 2312 2272 
4845 2318 2362 2317 2363 
4846 2320 2319 2309 2354 
4847 2268 2272 50 2347 
4848 2325 2311 2315 2361 
4849 50 2325 2330 2347 
4850 2361 2268 2312 2265 
4851 2327 2317 2362 2363 
4852 2286 2351 2274 2355 
4853 2336 2334 2301 2356 
4854 2315 2296 2308 2354 
4855 2264 2265 2360 2362 
4856 2326 2311 2312 2361 
4857 2264 2269 54 2360 
4858 48 47 2327 54 
4859 1693 2343 2346 2358 
4860 51 2271 2328 2360 
4861 2293 2349 2292 2350 
4862 2326 2361 2312 2364 
4863 2318 2352 2362 2363 
4864 2284 2281 2273 2351 
4865 2311 2305 2296 2352 
4866 2271 2270 2333 2347 
4867 48 2264 54 2360 
4868 2271 2347 2333 2360 
4869 2299 2287 2356 2357 
4870 2336 2359 2357 2365 
4871 2341 2338 2339 2356 
4872 2333 2271 2328 52 
4873 2267 2265 2362 2364 
4874 49 2331 2326 2364 
4875 2267 2362 2332 2364 
4876 2304 2287 2303 2357 
4877 2328 2320 2313 2363 
4878 2330 2347 2325 2361 
4879 2334 2329 2321 2355 
4880 2317 2313 2353 2363 
4881 2267 2332 2266 2364 
4882 2360 2271 2328 2333 
4883 2329 2322 2298 2355 
4884 2333 2320 2328 2363 
4885 2313 2354 2353 2363 
4886 2333 2328 2360 2363 
4887 52 2271 2328 51 
4888 49 2266 2331 2364 
4889 2333 2330 2319 2361 
4890 2337 2302 2335 2356 
4891 2340 2337 2356 2358 
4892 2337 2323 2302 2356 
4893 2333 2347 2330 2361 
4894 2304 2300 2287 2357 
4895 2319 2308 2309 2354 
4896 2265 2361 2362 2364 
4897 26 28 53 2303 
4898 2266 2332 2331 2364 
4899 2336 2357 2324 2365 
4900 2319 2315 2308 2354 
4901 1692 2342 2336 2365 
4902 2339 2334 2336 2356 
4903 28 2304 2357 2365 
4904 2327 2313 2317 2363 
4905 2338 2335 2329 2356 
4906 2267 47 2266 2332 
4907 2267 47 2332 2362 
4908 2316 2305 2311 2352 
4909 2344 2339 2342 2359 
4910 2332 2318 2331 2362 
4911 1695 2344 2342 2359 
4912 1692 2336 27 2365 
4913 1695 2359 2342 2365 
4914 2340 2337 2335 2356 
4915 2361 2265 2312 2364 
4916 2322 2285 2351 2355 
4917 2342 2359 2336 2365 
4918 2334 2321 2301 2355 
4919 2345 2341 2344 2359 
4920 2267 2266 49 2364 
4921 1694 2345 2344 2359 
4922 1691 1692 1695 2342 
4923 2271 51 2269 2360 
4924 51 2328 52 54 
4925 2341 2340 2338 2356 
4926 2341 2356 2339 2359 
4927 1694 2344 1695 2359 
4928 1692 27 1695 2365 
4929 2327 2314 2313 2363 
4930 1694 2346 1689 2345 
4931 1693 2358 2346 2359 
4932 1694 1688 1689 2346 
4933 1693 2359 1695 2365 
4934 1693 2357 2359 2365 
4935 2346 2340 2341 2358 
4936 2268 50 2271 2347 
4937 2302 2299 2355 2356 
4938 2281 2275 2348 2351 
4939 1693 1695 28 2365 
4940 1693 2357 2337 2358 
4941 2340 2335 2338 2356 
4942 1693 28 26 2357 
4943 1694 1695 1693 2359 
4944 1693 26 1687 2337 
4945 27 2304 28 2365 
4946 2271 2270 52 2333 
4947 2339 2356 2336 2359 
4948 1695 27 28 2365 
4949 1693 1687 1688 2343 
4950 1690 1694 1689 2345 
4951 2331 2362 2326 2364 
4952 1692 1695 2342 2365 
4953 2356 2358 2357 2359 
4954 1690 1694 2345 2344 
4955 51 2328 54 2360 
4956 1694 1693 2346 2359 
4957 2346 2341 2345 2359 
4958 2326 2312 2272 2364 
4959 27 53 28 2304 
4960 1694 1693 1688 2346 
4961 2332 2317 2318 2362 
4962 1690 1691 1694 2344 
4963 2344 2341 2339 2359 
4964 2308 2296 2349 2354 
4965 2313 2310 2297 2353 
4966 2267 2265 2264 2362 
4967 2292 2288 2348 2349 
4968 2265 49 2272 2364 
4969 2267 49 2265 2364 
4970 1693 28 2357 2365 
4971 2324 2300 2304 2357 
4972 2342 2339 2336 2359 
4973 48 47 2267 2362 
4974 2339 2338 2334 2356 
4975 2290 2275 2276 2348 
4976 2347 2268 2312 2361 
4977 49 2326 2272 2364 
4978 2291 2290 2276 2348 
4979 2321 2298 2351 2355 
4980 27 2336 2324 2365 
4981 2281 2274 2275 2351 
4982 2331 2318 2316 2362 
4983 48 2327 47 2362 
4984 2421 2412 2414 2446 
4985 2419 2413 2446 2447 
4986 2413 2401 2446 2447 
4998 1677 2431 2439 2456 
5005 23 2374 2421 2457 
5006 1685 2429 2457 2458 
5007 1680 2444 2442 2458 
5008 2374 2420 2421 2457 
5009 2438 2446 2458 2459 
5010 2440 2430 2436 2459 
5011 2442 2438 2437 2458 
5012 1685 2457 2456 2458 
5013 1683 1684 1685 2456 
5014 1681 2442 2429 2458 
5015 1684 2444 1680 2458 
5016 1681 1680 2442 2458 
5017 2445 2456 2441 2458 
5018 1684 2456 2445 2458 
5027 2413 2395 2401 2447 
5029 2389 2380 2379 2461 
5030 2406 2389 2379 2461 
5035 2380 2455 2379 2461 
5036 2406 2385 2394 2461 
5038 2415 2389 2406 2447 
5040 2398 2380 2381 2455 
5041 2386 2378 2381 2461 
5044 2396 2383 2377 2461 
5047 2406 2405 2447 2461 
5048 2388 2386 2380 2461 
5050 2406 2379 2385 2461 
5051 2413 2405 2396 2447 
5052 2383 2382 2377 2461 
5053 2419 2405 2413 2447 
5054 2391 2381 2378 2455 
5055 2412 2395 2402 2447 
5056 2381 2378 2455 2461 
5057 2415 2402 2388 2447 
5061 2389 2388 2380 2461 
5062 2406 2394 2405 2461 
5065 2387 2386 2447 2461 
5067 2385 2379 2455 2461 
5068 2387 2377 2386 2461 
5069 2413 2387 2395 2447 
5072 2388 2447 2386 2461 
5074 2396 2387 2447 2461 
5077 2402 2386 2388 2447 
5078 2415 2414 2402 2447 
5079 2398 2381 2391 2455 
5084 2381 2455 2380 2461 
5088 2429 2446 2427 2457 
5089 2420 2401 2412 2446 
5090 2436 2416 2411 2447 
5091 2421 2420 2446 2457 
5092 2386 2381 2380 2461 
5093 2406 2447 2389 2461 
5095 2382 2455 2378 2461 
5099 2389 2447 2388 2461 
5100 2430 2415 2416 2447 
5106 2396 2377 2387 2461 
5108 2416 2415 2406 2447 
5109 2405 2396 2447 2461 
5114 2412 2446 2401 2447 
5118 2412 2401 2395 2447 
5120 2386 2377 2378 2461 
5122 2427 2401 2420 2446 
5123 2419 2411 2405 2447 
5124 2436 2419 2446 2447 
5125 2427 2446 2420 2457 
5126 2421 2457 2446 2459 
5127 2421 2446 2414 2459 
5128 2414 2412 2402 2447 
5130 2440 2436 2438 2459 
5131 2428 2414 2415 2447 
5132 2395 2387 2386 2447 
5133 2426 2419 2413 2446 
5134 2415 2388 2389 2447 
5135 2430 2428 2415 2447 
5137 2441 2458 2456 2459 
5138 2430 2446 2428 2447 
5139 2436 2430 2416 2447 
5140 2430 2428 2446 2459 
5157 2411 2406 2405 2447 
5159 2441 2440 2458 2459 
5160 2429 2426 2427 2446 
5161 2437 2419 2426 2446 
5164 2429 2446 2457 2458 
5166 1682 1685 2427 2457 
5167 1682 2375 2374 2420 
5168 1682 2420 2374 2457 
5169 2431 2421 2414 2459 
5170 2436 2446 2430 2447 
5171 25 1682 2427 2375 
5172 2438 2436 2437 2446 
5176 2436 2411 2419 2447 
5185 2431 2457 2421 2459 
5186 25 1682 1685 2427 
5187 2456 2458 2457 2459 
5188 2437 2446 2429 2458 
5189 2439 2428 2430 2459 
5192 1683 23 2456 2457 
5193 2440 2438 2458 2459 
5196 2437 2436 2419 2446 
5197 2446 2457 2458 2459 
5198 2426 2413 2401 2446 
5200 23 2431 2456 2457 
5207 2428 2446 2414 2447 
5210 2405 2394 2396 2461 
5211 2443 2438 2442 2458 
5213 2443 2440 2438 2458 
5214 1685 1681 2429 2458 
5215 2438 2436 2446 2459 
5217 1678 2439 2441 2456 
5218 2427 2426 2401 2446 
5221 2445 2441 2443 2458 
5222 2442 2437 2429 2458 
5223 2413 2396 2387 2447 
5224 2444 2443 2442 2458 
5225 2441 2439 2440 2459 
5226 2436 2430 2446 2459 
5227 2438 2446 2437 2458 
5228 2402 2395 2386 2447 
5229 24 1684 2445 2444 
5232 2439 2456 2431 2459 
5233 1678 2441 2445 2456 
5234 2385 2455 2383 2461 
5235 1686 1679 1684 2445 
5236 1684 1680 1681 2458 
5237 1682 2427 2420 2457 
5238 1684 2445 2444 2458 
5239 2421 2420 2412 2446 
5240 2431 2456 2457 2459 
5241 23 2421 2431 2457 
5242 2441 2456 2439 2459 
5243 1684 1685 2456 2458 
5244 1677 1683 23 2456 
5245 1683 1685 1682 2457 
5246 25 1685 1681 2429 
5247 2431 2414 2428 2459 
5248 1686 1684 1683 2456 
5250 24 1680 1684 2444 
5251 1686 2445 1684 2456 
5252 1685 2429 2427 2457 
5253 1677 1686 1683 2456 
5254 2428 2414 2446 2459 
5255 1684 1681 1685 2458 
5256 2416 2406 2411 2447 
5257 1677 1678 1686 2456 
5258 1678 2445 1686 2456 
5259 1683 2456 1685 2457 
5260 1677 2439 1678 2456 
5261 25 1685 2429 2427 
5262 2414 2446 2412 2447 
5264 2439 2431 2428 2459 
5265 1678 1679 1686 2445 
5266 1677 23 2431 2456 
5272 23 1682 2374 2457 
5273 2443 2441 2440 2458 
5277 2445 2443 2444 2458 
5283 2396 2394 2383 2461 
5284 2383 2455 2382 2461 
5286 2394 2385 2383 2461 
5287 1682 2427 2375 2420 
5288 24 1684 1679 2445 
5292 2440 2439 2430 2459 
5294 1683 1682 23 2457 
5296 2382 2378 2377 2461 
5297 2437 2426 2429 2446 
7388 3090 3150 3167 3168 
7389 3150 3167 3168 3169 
7390 3155 3170 3167 3171 
7391 3089 3167 3155 3170 
7392 3108 3172 3107 3173 
7393 3107 3172 3100 3173 
7394 3103 3097 3092 3174 
7395 3097 3172 3092 3174 
7396 3101 3092 3172 3174 
7397 3169 3175 3176 3177 
7398 3074 3166 3086 3178 
7399 3169 3177 3176 3179 
7400 3146 3169 3176 3179 
7401 3149 3146 3176 3179 
7402 3157 3149 3176 3180 
7403 51 3125 3165 3181 
7404 3112 3104 3174 3182 
7405 3160 3146 3169 3176 
7406 3114 3174 3105 3182 
7407 3114 3098 3105 3174 
7408 3153 3143 3148 3180 
7409 3123 3174 3114 3182 
7410 3122 3112 3174 3182 
7411 3122 3112 3102 3174 
7412 3167 3168 3169 3183 
7413 3167 3169 3171 3183 
7414 3089 3090 3150 3167 
7415 3152 3169 3168 3175 
7416 3079 3175 3168 3183 
7417 3159 3158 3156 3180 
7418 3152 3151 3168 3169 
7419 109 3151 3090 3168 
7420 111 3153 3164 3184 
7421 3167 3171 3170 3183 
7422 3169 3171 3177 3179 
7423 3176 3179 3177 3180 
7424 3150 3171 3169 3179 
7425 3150 3167 3169 3171 
7426 3078 3175 3183 3185 
7427 3081 3170 3084 3184 
7428 3103 3092 3098 3174 
7429 3145 3138 3180 3186 
7430 3156 3180 3147 3186 
7431 3147 3180 3138 3186 
7432 3154 3145 3143 3171 
7433 3164 3171 3153 3180 
7434 3154 3143 3153 3171 
7435 3141 3179 3137 3186 
7436 3145 3180 3179 3186 
7437 3145 3179 3144 3186 
7438 3130 3129 3186 3187 
7439 3129 3118 3186 3187 
7440 3163 3177 3162 3178 
7441 3087 3086 3166 3178 
7442 3164 3177 3178 3184 
7443 3088 3087 3166 3178 
7444 3088 3164 3163 3178 
7445 112 3154 3153 3170 
7446 3081 3167 3080 3170 
7447 3080 3167 3089 3170 
7448 110 3154 112 3170 
7449 3076 3167 3081 3183 
7450 3080 3089 110 3170 
7451 3155 3154 3170 3171 
7452 3164 3163 3177 3180 
7453 3152 3146 3142 3169 
7454 3094 3172 3093 3173 
7455 3106 3100 3094 3173 
7456 3096 3094 3091 3172 
7457 3160 3176 3169 3175 
7458 3105 3101 3104 3174 
7459 3101 3098 3092 3174 
7460 3105 3098 3101 3174 
7461 3127 3104 3126 3182 
7462 3113 3096 3091 3172 
7463 3109 3093 3101 3172 
7464 3119 3110 3173 3187 
7465 3095 3093 3094 3172 
7466 3113 3096 3172 3174 
7467 3119 3110 3109 3173 
7468 3102 3095 3096 3174 
7469 3107 3092 3097 3172 
7470 3102 3099 3095 3174 
7471 3123 3113 3103 3174 
7472 3095 3093 3172 3174 
7473 3108 3092 3107 3172 
7474 3117 3173 3116 3187 
7475 3101 3172 3093 3174 
7476 3076 3090 3167 3168 
7477 3129 3115 3106 3187 
7478 3107 3097 3100 3172 
7479 3116 3108 3107 3173 
7480 3113 3097 3103 3174 
7481 3110 3093 3109 3173 
7482 3115 3107 3100 3173 
7483 3117 3108 3116 3173 
7484 3131 3117 3116 3187 
7485 3113 3102 3096 3174 
7486 3081 3080 3084 3170 
7487 3165 3181 3125 3182 
7488 3118 3106 3111 3187 
7489 3116 3107 3115 3173 
7490 3099 3093 3095 3174 
7491 3109 3172 3108 3173 
7492 3170 3183 3171 3184 
7493 3123 3103 3114 3174 
7494 3111 3106 3173 3187 
7495 3115 3173 3106 3187 
7496 3128 3127 3181 3182 
7497 3165 3124 3181 3182 
7498 2268 50 3127 3181 
7499 3111 3094 3110 3173 
7500 3165 3123 3124 3182 
7501 51 2269 3125 3181 
7502 3084 3170 3153 3184 
7503 3128 3105 3127 3182 
7504 2268 3127 3126 3181 
7505 51 3165 52 3181 
7506 3130 3116 3115 3187 
7507 3110 3094 3093 3173 
7508 3114 3103 3098 3174 
7509 3137 3132 3131 3186 
7510 110 3155 3154 3170 
7511 3109 3093 3172 3173 
7512 3111 3173 3110 3187 
7513 3164 3171 3177 3184 
7514 3084 3080 110 3170 
7515 3135 3186 3118 3187 
7516 3123 3122 3113 3174 
7517 3138 3134 3129 3186 
7518 3135 3118 3111 3187 
7519 3096 3095 3172 3174 
7520 3096 3095 3094 3172 
7521 3081 3183 3170 3184 
7522 3117 3109 3108 3173 
7523 3177 3159 3157 3180 
7524 3108 3101 3092 3172 
7525 3122 3102 3113 3174 
7526 3116 3173 3115 3187 
7527 3133 3120 3119 3187 
7528 3185 3074 3162 3178 
7529 3120 3110 3119 3187 
7530 3140 3121 3133 3186 
7531 3130 3115 3129 3187 
7532 3074 3166 3178 3185 
7533 3135 3111 3120 3187 
7534 3131 3116 3130 3187 
7535 3135 3121 3186 3187 
7536 3156 3135 3121 3186 
7537 3165 3125 3122 3182 
7538 3147 3138 3118 3186 
7539 3134 3130 3129 3186 
7540 3165 3122 3123 3182 
7541 3124 3123 3114 3182 
7542 3156 3140 3179 3186 
7543 3119 3109 3117 3173 
7544 3125 3112 3122 3182 
7545 3120 3111 3110 3187 
7546 3105 3174 3104 3182 
7547 2268 2269 2271 3181 
7548 3128 3181 3124 3182 
7549 2271 2269 51 3181 
7550 3115 3100 3106 3173 
7551 3126 3104 3112 3182 
7552 2270 3124 3128 3181 
7553 3132 3117 3131 3187 
7554 3162 3177 3161 3185 
7555 3129 3106 3118 3187 
7556 3136 3131 3130 3186 
7557 3137 3131 3136 3186 
7558 3109 3101 3108 3172 
7559 3132 3119 3117 3187 
7560 3135 3120 3121 3187 
7561 3138 3129 3118 3186 
7562 3127 3105 3104 3182 
7563 3136 3130 3134 3186 
7564 3127 3126 3181 3182 
7565 3162 3178 3177 3185 
7566 3132 3131 3186 3187 
7567 3146 3139 3142 3179 
7568 3133 3186 3121 3187 
7569 3146 3140 3139 3179 
7570 3151 3150 3169 3179 
7571 3147 3118 3135 3186 
7572 107 3078 3074 3161 
7573 3083 3178 3166 3185 
7574 3156 3147 3135 3186 
7575 3082 3083 3185 3184 
7576 3142 3137 3141 3179 
7577 3144 3136 3134 3186 
7578 3178 3074 3162 3086 
7579 3145 3134 3138 3186 
7580 3139 3137 3179 3186 
7581 3144 3141 3136 3186 
7582 3133 3132 3186 3187 
7583 3156 3140 3149 3179 
7584 3139 3132 3137 3186 
7585 3150 3141 3144 3179 
7586 3156 3121 3140 3186 
7587 3180 3177 3176 3157 
7588 3151 3169 3142 3179 
7589 3139 3133 3132 3186 
7590 3162 3177 3157 3161 
7591 3155 3145 3171 3179 
7592 3160 3169 3152 3175 
7593 3155 3150 3144 3179 
7594 3144 3179 3141 3186 
7595 3161 3157 3149 3176 
7596 3155 3144 3145 3179 
7597 3149 3179 3176 3180 
7598 3076 3168 3167 3183 
7599 3119 3173 3117 3187 
7600 3147 3143 3138 3180 
7601 3142 3139 3137 3179 
7602 3077 107 3160 3175 
7603 3113 3172 3097 3174 
7604 3158 3148 3147 3180 
7605 3083 3178 3185 3184 
7606 3145 3138 3143 3180 
7607 3131 3130 3186 3187 
7608 3161 3177 3175 3185 
7609 3140 3139 3179 3186 
7610 3158 3147 3156 3180 
7611 3155 3145 3154 3171 
7612 3100 3091 3094 3172 
7613 3140 3133 3139 3186 
7614 3151 3141 3150 3179 
7615 3145 3144 3134 3186 
7616 3153 3171 3143 3180 
7617 3084 112 3153 3170 
7618 3133 3119 3132 3187 
7619 3078 3161 3175 3185 
7620 3149 3140 3146 3179 
7621 3152 3142 3151 3169 
7622 3161 3176 3175 3177 
7623 3151 3142 3141 3179 
7624 3090 3151 3150 3168 
7625 3146 3142 3169 3179 
7626 3078 3183 3075 3185 
7627 3084 3153 111 3184 
7628 3160 3149 3146 3176 
7629 3175 3177 3183 3185 
7630 3156 3179 3180 3186 
7631 3076 109 3090 3168 
7632 3076 3090 3089 3167 
7633 3076 3081 108 3183 
7634 3168 3175 3169 3183 
7635 3077 3160 3152 3175 
7636 3075 3183 3082 3185 
7637 3171 3183 3177 3184 
7638 3164 3148 3158 3180 
7639 3164 3153 3148 3180 
7640 3081 3082 3183 3184 
7641 3169 3175 3177 3183 
7642 3084 110 112 3170 
7643 3078 3074 3161 3185 
7644 3161 3074 3162 3185 
7645 3162 3159 3157 3177 
7646 3081 3167 3170 3183 
7647 3169 3177 3171 3183 
7648 3113 3091 3097 3172 
7649 3153 3170 3171 3184 
7650 3141 3137 3136 3186 
7651 3083 111 3164 3184 
7652 3078 3175 3079 3183 
7653 3076 3089 3080 3167 
7654 110 3089 3155 3170 
7655 3155 3171 3150 3179 
7656 3104 3093 3099 3174 
7657 3111 3106 3094 3173 
7658 3077 3152 109 3175 
7659 3089 3150 3155 3167 
7660 3163 3159 3162 3177 
7661 3163 3159 3177 3180 
7662 3159 3156 3157 3180 
7663 3082 3083 3166 3185 
7664 3164 3177 3163 3178 
7665 3164 3158 3163 3180 
7666 3100 3172 3094 3173 
7667 3145 3171 3179 3180 
7668 3155 3167 3150 3171 
7669 109 3152 3151 3168 
7670 3076 3079 3168 3183 
7671 3100 3097 3091 3172 
7672 3163 3158 3159 3180 
7673 3164 3153 3171 3184 
7674 3079 109 3168 3175 
7675 107 3161 3160 3175 
7676 3083 3088 3166 3178 
7677 3171 3177 3179 3180 
7678 3083 3164 3178 3184 
7679 3083 3164 3088 3178 
7680 3084 112 111 3153 
7681 107 3078 3161 3175 
7682 3104 3101 3093 3174 
7683 3156 3179 3149 3180 
7684 3177 3183 3185 3184 
7685 3161 3149 3160 3176 
7686 3087 3163 3162 3178 
7687 3077 3078 107 3175 
7688 3148 3143 3147 3180 
7689 3075 3082 3166 3185 
7690 107 3074 3086 3161 
7691 3083 111 3088 3164 
7692 3088 3163 3087 3178 
7693 3160 3146 3152 3169 
7694 2270 3085 3128 3124 
7695 2268 2271 50 3181 
7696 50 2270 3128 3181 
7697 3082 3185 3183 3184 
7698 3123 3122 3174 3182 
7699 2271 51 52 3181 
7700 2271 52 2270 3181 
7701 50 2270 3085 3128 
7702 3128 3124 3114 3182 
7703 52 3165 3124 3181 
7704 3112 3104 3099 3174 
7705 3133 3121 3120 3187 
7706 52 3085 2270 3124 
7707 3126 3125 3181 3182 
7708 2269 3126 3125 3181 
7709 2271 2270 50 3181 
7710 3112 3099 3102 3174 
7711 3126 3112 3125 3182 
7712 2268 3126 2269 3181 
7713 50 3128 3127 3181 
7714 3128 3114 3105 3182 
7715 52 3124 2270 3181 
7716 3145 3143 3171 3180 
7717 3074 3075 3166 3185 
7718 3084 3083 3082 3184 
7719 108 3081 3082 3183 
7720 3076 108 3079 3183 
7721 3177 3157 3161 3176 
7722 3084 111 3083 3184 
7723 3081 3084 3082 3184 
7724 3086 3074 3162 3161 
7725 109 3152 3168 3175 
7726 3161 3176 3160 3175 
7727 3087 3162 3086 3178 
7728 3079 108 3075 3183 
7729 108 3082 3075 3183 
7730 3076 3079 109 3168 
7731 3078 3075 3074 3185 
7732 3151 3150 3168 3169 
7733 3157 3156 3149 3180 
7734 3078 3079 3075 3183 
7735 3077 109 3079 3175 
7736 3076 3080 3081 3167 
7737 3164 3177 3171 3180 
7738 3154 3153 3170 3171 
7739 3177 3185 3178 3184 
7740 3077 3079 3078 3175 
7741 3202 3283 3284 3285 
7742 3270 3283 3285 3286 
7743 3202 117 3283 3285 
7744 117 3270 3283 3285 
7745 3200 117 3206 3283 
7746 3237 3228 3287 3288 
7747 3215 3212 3210 3289 
7748 3220 3213 3288 3289 
7749 3224 3289 3218 3290 
7750 3217 3215 3289 3290 
7751 3224 3217 3289 3290 
7752 3286 3291 3292 3293 
7753 3268 3286 3258 3292 
7754 3292 3291 3294 3295 
7755 3275 3292 3294 3295 
7756 3275 3292 3261 3294 
7757 3292 3258 3294 3286 
7758 3261 3292 3257 3294 
7759 3283 3291 3286 3293 
7760 3200 3284 3283 3293 
7761 3284 3291 3293 3296 
7762 3200 3202 3283 3284 
7763 3196 3297 3207 3298 
7764 3297 3299 3300 3301 
7765 3196 3297 3298 3301 
7766 3207 3297 3277 3298 
7767 3297 3300 3298 3301 
7768 3285 3298 3300 3301 
7769 3286 3294 3291 3300 
7770 3194 3190 3295 3299 
7771 3190 3189 3296 3301 
7772 114 3198 3199 3296 
7773 3199 3284 3293 3296 
7774 3188 3199 3293 3296 
7775 3291 3299 3296 3301 
7776 3188 3295 3195 3296 
7777 116 3276 3285 3298 
7778 3201 116 3285 3298 
7779 3295 3279 3291 3294 
7780 3277 3298 3297 3300 
7781 3207 3282 3208 3297 
7782 3209 3297 3282 3299 
7783 116 3207 3280 3298 
7784 3279 3264 3273 3294 
7785 3277 3272 3274 3294 
7786 3282 3299 3297 3301 
7787 3280 3294 3276 3300 
7788 3273 3271 3272 3294 
7789 3299 3279 3291 3295 
7790 3285 3286 3291 3300 
7791 2265 3240 3239 3302 
7792 3188 3192 3195 3295 
7793 3240 3287 3239 3302 
7794 2265 3239 49 3302 
7795 3201 3285 3284 3301 
7796 3190 3299 3282 3301 
7797 3201 3202 3284 3285 
7798 3201 3196 3298 3301 
7799 3189 3198 3296 3301 
7800 3291 3300 3299 3301 
7801 49 3239 3238 3302 
7802 3276 3285 3298 3300 
7803 3278 3294 3277 3300 
7804 3299 3194 3279 3295 
7805 3194 3190 3193 3295 
7806 3284 3291 3296 3301 
7807 3209 3208 3282 3297 
7808 3209 3278 3297 3299 
7809 3190 3296 3299 3301 
7810 115 3279 3209 3299 
7811 3212 3288 3210 3289 
7812 3230 3229 3290 3303 
7813 3227 3223 3218 3289 
7814 3232 3224 3225 3290 
7815 3214 3213 3211 3288 
7816 3223 3289 3216 3290 
7817 3232 3217 3224 3290 
7818 3224 3213 3218 3289 
7819 3236 3219 3227 3288 
7820 3237 3227 3220 3288 
7821 3227 3288 3219 3289 
7822 3236 3226 3219 3288 
7823 3216 3289 3215 3290 
7824 3281 3287 3241 3302 
7825 3239 3222 3221 3287 
7826 3226 3287 3221 3288 
7827 3241 3237 3228 3287 
7828 3229 3223 3216 3290 
7829 3281 3237 3241 3287 
7830 3220 3218 3213 3289 
7831 3227 3220 3288 3289 
7832 3224 3217 3213 3289 
7833 3248 3232 3234 3303 
7834 3217 3215 3210 3289 
7835 3242 3226 3236 3287 
7836 3239 3221 3238 3287 
7837 47 3242 3281 3302 
7838 2267 3240 2265 3302 
7839 3200 3202 117 3283 
7840 3235 3290 3233 3303 
7841 3231 3230 3290 3303 
7842 3254 3250 3246 3303 
7843 3243 3230 3231 3303 
7844 3227 3219 3223 3289 
7845 3250 3244 3246 3303 
7846 3246 3244 3229 3303 
7847 3241 3228 3240 3287 
7848 3251 3303 3250 3304 
7849 3252 3235 3249 3303 
7850 3249 3233 3244 3303 
7851 3235 3224 3218 3290 
7852 3222 3221 3287 3288 
7853 3236 3287 3226 3288 
7854 3253 3245 3248 3303 
7855 3276 3286 3285 3300 
7856 3245 3243 3231 3303 
7857 3252 3225 3235 3303 
7858 3232 3231 3290 3303 
7859 3237 3236 3227 3288 
7860 3222 3214 3211 3288 
7861 3213 3210 3211 3288 
7862 3235 3225 3224 3290 
7863 3251 3249 3244 3303 
7864 3226 3221 3212 3288 
7865 3237 3287 3236 3288 
7866 3269 3268 3283 3286 
7867 3197 3201 3203 3301 
7868 3228 3222 3287 3288 
7869 3242 3238 3287 3302 
7870 2267 3241 3240 3302 
7871 3228 3214 3222 3288 
7872 48 2267 3281 3241 
7873 3219 3212 3216 3289 
7874 3241 3287 3240 3302 
7875 3281 3236 3237 3287 
7876 49 3238 2266 3302 
7877 3217 3210 3213 3289 
7878 2266 3204 3242 3238 
7879 2267 47 3281 3302 
7880 2267 3281 3241 3302 
7881 47 2266 3242 3302 
7882 3281 3242 3236 3287 
7883 3240 3222 3239 3287 
7884 3190 3209 3282 3299 
7885 2267 49 2266 3302 
7886 3212 3211 3210 3288 
7887 47 2266 3204 3242 
7888 3231 3230 3215 3290 
7889 3246 3229 3230 3303 
7890 3249 3235 3233 3303 
7891 3247 3243 3245 3303 
7892 3230 3229 3216 3290 
7893 3231 3215 3217 3290 
7894 3227 3218 3220 3289 
7895 3233 3223 3229 3290 
7896 3233 3218 3223 3290 
7897 3253 3247 3245 3303 
7898 3265 3263 3256 3304 
7899 3252 3234 3303 3304 
7900 3253 3247 3303 3304 
7901 3228 3220 3214 3288 
7902 3244 3233 3229 3303 
7903 3271 3234 3252 3304 
7904 3254 3243 3247 3303 
7905 3222 3211 3221 3288 
7906 3254 3246 3243 3303 
7907 3261 3257 3253 3304 
7908 3255 3248 3234 3304 
7909 3258 3247 3257 3304 
7910 3238 3221 3226 3287 
7911 3221 3211 3212 3288 
7912 3248 3245 3231 3303 
7913 3251 3244 3250 3303 
7914 3234 3232 3225 3303 
7915 3232 3290 3225 3303 
7916 3254 3303 3247 3304 
7917 3201 116 118 3285 
7918 3256 3249 3251 3304 
7919 3260 3251 3250 3304 
7920 3259 3250 3254 3304 
7921 3254 3250 3303 3304 
7922 3271 3255 3234 3304 
7923 3259 3254 3258 3304 
7924 3255 3253 3248 3304 
7925 3230 3216 3215 3290 
7926 3257 3247 3253 3304 
7927 3256 3252 3249 3304 
7928 3223 3218 3289 3290 
7929 3274 3263 3265 3294 
7930 3261 3253 3255 3304 
7931 3260 3250 3259 3304 
7932 3259 3258 3286 3304 
7933 3253 3303 3248 3304 
7934 3252 3234 3225 3303 
7935 3268 3259 3258 3286 
7936 3252 3303 3249 3304 
7937 3262 3260 3286 3304 
7938 3262 3251 3260 3304 
7939 3258 3254 3247 3304 
7940 3271 3252 3263 3304 
7941 3265 3256 3262 3304 
7942 3274 3271 3263 3294 
7943 3248 3303 3234 3304 
7944 3276 3262 3270 3286 
7945 3209 3279 3278 3299 
7946 3191 3266 3275 3295 
7947 3279 3275 3294 3295 
7948 3280 3265 3276 3294 
7949 3264 3294 3261 3304 
7950 113 3266 3191 3295 
7951 3264 3261 3255 3304 
7952 3193 3195 3295 3296 
7953 3198 3203 3284 3301 
7954 3275 3266 3292 3295 
7955 3300 3279 3291 3299 
7956 3268 3286 3292 3293 
7957 3291 3295 3293 3296 
7958 3194 3191 3275 3295 
7959 113 3267 3266 3295 
7960 3220 3213 3214 3288 
7961 3268 3292 3267 3293 
7962 3206 3268 3205 3293 
7963 3268 3258 3267 3292 
7964 3286 3292 3291 3294 
7965 117 118 3270 3285 
7966 3262 3256 3251 3304 
7967 3270 3269 3283 3286 
7968 3271 3263 3294 3304 
7969 3257 3258 3294 3292 
7970 118 3276 3270 3285 
7971 3276 3265 3286 3294 
7972 116 3276 118 3285 
7973 3284 3285 3291 3301 
7974 3294 3279 3291 3300 
7975 3283 3284 3285 3291 
7976 3260 3259 3286 3304 
7977 3263 3252 3256 3304 
7978 3251 3249 3303 3304 
7979 3283 3284 3291 3293 
7980 3280 3274 3265 3294 
7981 3295 3194 3279 3275 
7982 3275 3194 3279 115 
7983 3279 3275 3264 3294 
7984 3188 3199 3200 3293 
7985 3278 3273 3272 3294 
7986 3198 3284 3296 3301 
7987 3202 118 117 3285 
7988 3269 3259 3268 3286 
7989 3271 3294 3264 3304 
7990 3266 3257 3261 3292 
7991 3190 3296 3295 3299 
7992 3278 3297 3299 3300 
7993 3265 3294 3263 3304 
7994 3267 3258 3257 3292 
7995 3280 3298 3277 3300 
7996 3235 3218 3233 3290 
7997 117 3269 3206 3283 
7998 3267 3292 3266 3295 
7999 113 3205 3267 3293 
8000 3280 3277 3274 3294 
8001 3274 3272 3271 3294 
8002 3188 3205 113 3293 
8003 3200 3199 3284 3293 
8004 3197 3282 3196 3301 
8005 3261 3294 3257 3304 
8006 3206 3283 3268 3293 
8007 3200 3206 3205 3293 
8008 3279 3273 3278 3294 
8009 3200 3283 3206 3293 
8010 3278 3272 3277 3294 
8011 3278 3277 3297 3300 
8012 3208 3278 3277 3297 
8013 3280 3277 3294 3300 
8014 3275 3261 3264 3294 
8015 3270 3262 3260 3286 
8016 3188 3200 3205 3293 
8017 3198 3203 3199 3284 
8018 3265 3286 3294 3304 
8019 3267 3257 3266 3292 
8020 3291 3295 3296 3299 
8021 3279 3278 3299 3300 
8022 3276 3294 3286 3300 
8023 3188 114 3199 3296 
8024 3276 3265 3262 3286 
8025 3196 3282 3207 3297 
8026 3268 3283 3286 3293 
8027 3201 3284 3203 3301 
8028 3194 3193 3192 3295 
8029 3206 3269 3268 3283 
8030 3207 3277 3280 3298 
8031 3209 3278 3208 3297 
8032 3188 113 3192 3295 
8033 3188 3293 3295 3296 
8034 115 3194 3191 3275 
8035 3283 3285 3286 3291 
8036 3286 3258 3294 3304 
8037 2267 2266 47 3302 
8038 2267 3241 2264 3240 
8039 3237 3220 3228 3288 
8040 49 3204 2266 3238 
8041 3235 3225 3290 3303 
8042 3216 3212 3215 3289 
8043 2267 2264 2265 3240 
8044 48 2267 47 3281 
8045 3223 3219 3216 3289 
8046 3240 3228 3222 3287 
8047 2267 2265 49 3302 
8048 3281 3242 3287 3302 
8049 3213 3210 3288 3289 
8050 3239 3287 3238 3302 
8051 2266 3238 3242 3302 
8052 48 2264 2267 3241 
8053 3275 3266 3261 3292 
8054 3270 3260 3269 3286 
8055 3200 3199 3202 3284 
8056 3273 3264 3271 3294 
8057 3203 3202 3199 3284 
8058 3285 3300 3291 3301 
8059 3201 118 3202 3285 
8060 3276 3270 3285 3286 
8061 117 3270 3269 3283 
8062 113 3293 3267 3295 
8063 3197 3196 3201 3301 
8064 3201 3202 3203 3284 
8065 3292 3293 3291 3295 
8066 3201 3196 116 3298 
8067 3196 3207 116 3298 
8068 3233 3290 3229 3303 
8069 3279 3294 3278 3300 
8070 3207 3208 3277 3297 
8071 116 3280 3276 3298 
8072 3189 3197 3198 3301 
8073 3190 3282 3189 3301 
8074 3193 114 3195 3296 
8075 3192 3193 3195 3295 
8076 3189 3282 3197 3301 
8077 3188 3195 114 3296 
8078 3194 3192 3191 3295 
8079 3198 3284 3199 3296 
8080 3269 3260 3259 3286 
8081 114 3189 3198 3296 
8082 115 3194 3279 3299 
8083 3196 3282 3297 3301 
8084 3193 3189 114 3296 
8085 3197 3203 3198 3301 
8086 3192 113 3191 3295 
8087 3190 3189 3193 3296 
8088 3271 3264 3255 3304 
8089 3190 3193 3295 3296 
8090 3205 3268 3267 3293 
8091 3280 3276 3298 3300 
8092 3188 3293 113 3295 
8093 115 3190 3194 3299 
8094 3232 3231 3217 3290 
8095 3267 3293 3292 3295 
8096 3226 3212 3219 3288 
8097 3219 3288 3212 3289 
8098 3304 3258 3294 3257 
8099 3242 3238 3226 3287 
8100 3248 3231 3232 3303 
8101 115 3209 3190 3299 
8102 3201 3298 3285 3301 
8103 3265 3262 3286 3304 
8104 3246 3230 3243 3303 
13509 5010 5011 207 5100 
13510 5040 5101 5030 5102 
13511 5022 5021 5016 5103 
13512 5035 5021 5022 5104 
13513 5035 5034 5021 5104 
13514 5041 5101 5028 5102 
13515 5021 5020 5016 5103 
13516 5027 5025 5015 5103 
13517 5038 5037 5024 5104 
13518 5023 5022 5014 5103 
13519 5039 5026 5032 5104 
13520 5100 204 5105 210 
13521 5022 5017 5014 5103 
13522 5033 5032 5019 5104 
13523 5023 5022 5103 5104 
13524 5017 5015 5014 5103 
13525 5036 5035 5022 5104 
13526 5055 5029 5042 5102 
13527 5039 5038 5025 5104 
13528 5041 5030 5101 5102 
13529 5046 5040 5030 5102 
13530 5038 5037 5104 5106 
13531 5027 5026 5025 5103 
13532 5069 5046 5041 5102 
13533 5032 5026 5019 5104 
13534 5046 5030 5041 5102 
13535 5017 5101 5015 5103 
13536 5066 5055 5042 5102 
13537 5042 5101 5031 5102 
13538 5018 5101 5016 5103 
13539 5048 5032 5033 5106 
13540 5031 5019 5027 5101 
13541 5047 5042 5031 5102 
13542 5027 5019 5026 5103 
13543 5045 5039 5032 5106 
13544 5049 5033 5034 5106 
13545 5061 5048 5049 5107 
13546 5027 5015 5101 5103 
13547 5042 5029 5018 5101 
13548 5035 5034 5104 5106 
13549 5053 5038 5039 5106 
13550 5061 5058 5048 5107 
13551 5052 5037 5038 5106 
13552 5050 5106 5044 5107 
13553 5062 5061 5049 5107 
13554 5050 5034 5035 5106 
13555 5049 5048 5033 5106 
13556 5041 5017 5028 5101 
13557 5050 5035 5044 5106 
13558 5026 5103 5019 5104 
13559 5010 5011 5100 5108 
13560 5048 5045 5106 5107 
13561 5039 5038 5104 5106 
13562 5052 5051 5106 5107 
13563 5034 5033 5020 5104 
13564 5048 5045 5032 5106 
13565 5050 5049 5034 5106 
13566 5051 5044 5036 5106 
13567 5057 5044 5056 5107 
13568 5053 5106 5045 5107 
13569 5021 5020 5103 5104 
13570 5033 5019 5020 5104 
13571 5053 5052 5106 5107 
13572 5056 5044 5051 5107 
13573 5051 5036 5037 5106 
13574 5027 5101 5019 5103 
13575 5073 5109 5071 5110 
13576 5033 5032 5104 5106 
13577 5064 5053 5059 5107 
13578 5059 5045 5058 5107 
13579 5057 5107 5056 5109 
13580 5054 5040 5043 5102 
13581 5054 5047 5040 5102 
13582 5066 5102 5054 5111 
13583 5078 5043 5068 5111 
13584 5075 5109 5065 5110 
13585 5042 5029 5101 5102 
13586 5062 5050 5057 5107 
13587 5066 5042 5047 5102 
13588 5053 5039 5045 5106 
13589 5040 5027 5030 5101 
13590 5024 5023 5103 5104 
13591 5022 5016 5017 5103 
13592 5020 5019 5018 5103 
13593 5047 5031 5040 5102 
13594 5112 5100 5110 5108 
13595 5020 5019 5103 5104 
13596 5057 5050 5044 5107 
13597 5029 5016 5018 5101 
13598 5061 5058 5107 5109 
13599 5053 5052 5038 5106 
13600 5063 5051 5052 5107 
13601 5072 5058 5061 5109 
13602 5064 5052 5053 5107 
13603 5059 5053 5045 5107 
13604 5072 5065 5058 5109 
13605 5086 5066 5069 5055 
13606 5050 5049 5106 5107 
13607 5064 5063 5052 5107 
13608 5112 204 5105 5100 
13609 5099 5077 5078 5113 
13610 5078 5111 5067 5113 
13611 5009 5088 205 5112 
13612 207 5011 208 5114 
13613 205 5081 5013 5112 
13614 5062 5061 5107 5109 
13615 5114 207 210 5083 
13616 206 5013 5080 5108 
13617 5070 5060 5056 5109 
13618 5073 5062 5071 5109 
13619 5051 5044 5106 5107 
13620 5055 5041 5028 5102 
13621 5008 5013 5108 5112 
13622 5020 5018 5016 5103 
13623 5065 5059 5058 5109 
13624 5063 5056 5051 5107 
13625 5046 5043 5040 5102 
13626 5013 5081 5108 5112 
13627 5081 5080 5108 5110 
13628 5008 5108 5100 5112 
13629 5093 5069 5086 5111 
13630 5030 5015 5017 5101 
13631 5040 5031 5027 5101 
13632 5077 5066 5054 5111 
13633 5054 5102 5043 5111 
13634 206 5080 5087 5108 
13635 5078 5068 5067 5111 
13636 5086 5069 5066 5111 
13637 5060 5057 5056 5109 
13638 5063 5056 5107 5109 
13639 5031 5018 5019 5101 
13640 5041 5030 5017 5101 
13641 5073 5061 5062 5109 
13642 110 112 5079 5115 
13643 5096 5084 5111 5113 
13644 5099 5078 5079 5113 
13645 5062 5049 5050 5107 
13646 5072 5065 5109 5110 
13647 5064 5063 5107 5109 
13648 5069 5055 5066 5102 
13649 5075 5074 5064 5109 
13650 5044 5035 5036 5106 
13651 111 5091 112 5113 
13652 5069 5043 5046 5102 
13653 111 5095 5091 5113 
13654 3080 110 5084 5115 
13655 3084 5113 112 5115 
13656 5084 5067 5113 5115 
13657 112 5113 5079 5115 
13658 5025 5024 5103 5104 
13659 5079 5113 5067 5115 
13660 5090 5087 5110 5114 
13661 5087 5108 5110 5116 
13662 5073 5072 5109 5110 
13663 5089 5082 5072 5110 
13664 110 5079 5067 5115 
13665 5077 5076 5111 5113 
13666 5085 5084 5068 5111 
13667 5069 5068 5043 5111 
13668 5093 5085 5069 5111 
13669 5096 5084 5085 5111 
13670 5085 5068 5069 5111 
13671 5069 5068 5046 5043 
13672 3080 5084 5096 5115 
13673 5095 5092 5076 5113 
13674 5096 5085 5093 5111 
13675 5019 5101 5018 5103 
13676 5081 5071 5060 5110 
13677 3081 3080 5096 5115 
13678 3081 5096 5098 5115 
13679 5011 207 5100 5114 
13680 5070 5060 5109 5110 
13681 5081 5110 5108 5112 
13682 5081 5060 5080 5110 
13683 5100 5110 5108 5116 
13684 5112 5082 5105 5089 
13685 206 5087 5011 5108 
13686 5087 5070 5074 5110 
13687 5087 5108 5080 5110 
13688 5082 5065 5072 5110 
13689 5089 5073 5088 5110 
13690 5087 5080 5070 5110 
13691 5090 5114 5083 208 
13692 5075 5059 5065 5109 
13693 5089 5072 5073 5110 
13694 5083 5110 5082 5114 
13695 210 204 5105 203 
13696 5100 5082 5110 5114 
13697 5083 5065 5082 5110 
13698 5083 5075 5065 5110 
13699 5090 5110 5083 5114 
13700 5071 5062 5057 5109 
13701 5009 204 5105 5112 
13702 5011 5116 5087 5114 
13703 5088 5071 5081 5110 
13704 5074 5063 5064 5109 
13705 5009 5089 5088 5112 
13706 5071 5057 5060 5109 
13707 5090 5074 5075 5110 
13708 5074 5070 5109 5110 
13709 5088 5110 5081 5112 
13710 5089 5082 5105 203 
13711 206 5010 5013 5108 
13712 5090 5087 5074 5110 
13713 5095 5076 5091 5113 
13714 5091 5076 5077 5113 
13715 5078 5077 5054 5111 
13716 5049 5048 5106 5107 
13717 112 5012 209 5099 
13718 5069 5102 5066 5111 
13719 5077 5054 5066 5047 
13720 5069 5043 5102 5111 
13721 5075 5074 5109 5110 
13722 5092 5111 5076 5113 
13723 3084 5098 5113 5115 
13724 5064 5107 5059 5109 
13725 112 5099 209 5079 
13726 5096 5084 5113 5115 
13727 112 5091 5099 5113 
13728 110 112 209 5079 
13729 5078 5077 5111 5113 
13730 5008 205 5013 5112 
13731 5040 5031 5101 5102 
13732 5075 5064 5059 5109 
13733 5013 5081 5080 5108 
13734 5058 5045 5048 5107 
13735 5083 5114 5082 210 
13736 5089 5082 5110 5112 
13737 5008 5010 5100 5108 
13738 203 204 5105 5009 
13739 5089 5110 5088 5112 
13740 5088 5073 5071 5110 
13741 206 5011 5010 5108 
13742 112 5012 5099 5091 
13743 5084 5067 5068 5111 
13744 112 5099 5079 5113 
13745 111 5012 112 5091 
13746 3084 5095 111 5113 
13747 5037 5036 5023 5104 
13748 5094 5086 5092 5111 
13749 5098 5096 5093 5111 
13750 5071 5109 5060 5110 
13751 5080 5060 5070 5110 
13752 205 5088 5081 5112 
13753 5011 5087 5090 5114 
13754 5073 5072 5061 5109 
13755 5011 5100 5108 5116 
13756 210 5114 5082 5100 
13757 5090 5075 5083 5110 
13758 5087 5116 5110 5114 
13759 5100 5105 5082 210 
13760 5062 5107 5057 5109 
13761 5008 204 5009 5112 
13762 5079 5078 5067 5113 
13763 5034 5020 5021 5104 
13764 5092 5086 5066 5111 
13765 5036 5022 5023 5104 
13766 5069 5041 5055 5102 
13767 5098 5096 5113 5115 
13768 5059 5107 5058 5109 
13769 5098 5111 5094 5113 
13770 5066 5047 5054 5102 
13771 5098 5093 5094 5111 
13772 5037 5023 5024 5104 
13773 5094 5093 5086 5111 
13774 5099 5091 5077 5113 
13775 5028 5017 5016 5101 
13776 3084 5098 5097 5113 
13777 3084 5097 3083 5095 
13778 5092 5066 5076 5111 
13779 3084 3082 3083 5097 
13780 3084 5098 3082 5097 
13781 5097 5092 5095 5113 
13782 5098 5096 5111 5113 
13783 5098 5094 5097 5113 
13784 3084 5097 5095 5113 
13785 3084 111 112 5113 
13786 3084 110 3080 5115 
13787 3084 3083 111 5095 
13788 3081 3082 3084 5098 
13789 5038 5024 5025 5104 
13790 5037 5036 5104 5106 
13791 3081 5098 3084 5115 
13792 5084 5067 5111 5113 
13793 5078 5054 5043 5111 
13794 5114 5100 5116 5110 
13795 110 5067 5084 5115 
13796 5036 5035 5104 5106 
13797 5097 5094 5092 5113 
13798 3084 112 110 5115 
13799 3081 3084 3080 5115 
13800 5010 207 210 5100 
13801 5022 5021 5103 5104 
13802 5114 208 207 5083 
13803 5011 5108 5087 5116 
13804 5008 5100 204 5112 
13805 5008 5013 5010 5108 
13806 5070 5056 5063 5109 
13807 5042 5018 5031 5101 
13808 5017 5016 5101 5103 
13809 5055 5028 5029 5102 
13810 5077 5076 5066 5111 
13811 5029 5028 5016 5101 
13812 5029 5028 5101 5102 
13813 5112 5105 5082 5100 
13814 5074 5070 5063 5109 
13815 5024 5014 5015 5103 
13816 5008 5010 204 5100 
13817 5052 5051 5037 5106 
13818 5008 5009 205 5112 
13819 5112 5082 5110 5100 
13820 204 5010 210 5100 
13821 5030 5027 5015 5101 
13822 208 207 5083 210 
13823 5039 5025 5026 5104 
13824 5039 5104 5032 5106 
13825 5114 5011 208 5090 
13826 5034 5033 5104 5106 
13827 5024 5023 5014 5103 
13828 5011 5100 5116 5114 
13829 5026 5025 5103 5104 
13830 5025 5024 5015 5103 
13831 5094 5111 5092 5113 
13832 5100 207 210 5114 
13833 210 5105 5082 203 
13834 203 5089 5009 5105 
13835 5105 5089 5009 5112 
13836 5206 5211 5185 5212 
13837 216 5189 5213 5206 
13838 5206 5211 5212 5213 
13839 5214 5215 5212 5216 
13840 5192 5217 5218 5219 
13841 3076 5199 109 5217 
13842 3078 5217 5219 5220 
13843 108 5209 5217 5220 
13844 3076 108 5208 5217 
13845 5181 5211 5221 5222 
13846 5173 5221 5211 5222 
13847 5173 5212 5211 5221 
13848 5187 5181 5211 5221 
13849 5187 5211 5214 5221 
13850 5205 5214 5212 5221 
13851 5188 5212 5173 5221 
13852 5211 5212 5214 5221 
13853 5134 5124 5125 5223 
13854 5185 5211 5173 5212 
13855 5205 5212 5188 5221 
13856 5140 5139 5128 5224 
13857 5135 5134 5125 5223 
13858 5128 5125 5124 5225 
13859 5151 5139 5140 5224 
13860 5137 5130 5129 5223 
13861 5141 5132 5129 5223 
13862 5139 5128 5224 5225 
13863 5135 5125 5126 5223 
13864 5155 5131 5139 5225 
13865 5132 5127 5223 5226 
13866 5166 5143 5155 5225 
13867 5142 5141 5129 5225 
13868 5143 5137 5136 5223 
13869 5135 5223 5126 5226 
13870 5157 5132 5146 5226 
13871 5148 5126 5136 5226 
13872 5148 5135 5126 5226 
13873 5143 5136 5131 5223 
13874 5147 5134 5135 5226 
13875 5125 5223 5124 5225 
13876 5150 5138 5145 5226 
13877 5166 5130 5143 5225 
13878 5155 5139 5151 5224 
13879 5141 5124 5223 5225 
13880 5174 5140 5152 5224 
13881 5143 5223 5131 5225 
13882 5153 5152 5128 5224 
13883 5174 5152 5167 5227 
13884 5154 5224 5153 5225 
13885 5135 5134 5223 5226 
13886 5146 5133 5144 5226 
13887 5137 5129 5127 5223 
13888 5166 5155 5224 5225 
13889 5155 5143 5131 5225 
13890 5154 5153 5142 5225 
13891 5161 5148 5149 5226 
13892 5158 5146 5144 5228 
13893 5146 5226 5144 5228 
13894 5170 5157 5146 5228 
13895 5157 5145 5138 5226 
13896 5162 5150 5156 5228 
13897 5149 5148 5136 5226 
13898 5157 5226 5146 5228 
13899 5157 5145 5226 5228 
13900 5172 5171 5160 5228 
13901 5138 5137 5127 5226 
13902 5157 5138 5127 5226 
13903 5139 5125 5128 5225 
13904 5157 5127 5132 5226 
13905 5136 5126 5223 5226 
13906 5214 5216 5212 5211 
13907 5160 5147 5135 5226 
13908 5160 5135 5148 5226 
13909 5136 5126 5131 5223 
13910 5182 5173 5156 5222 
13911 5181 5158 5168 5222 
13912 5161 5160 5148 5226 
13913 5170 5146 5158 5228 
13914 5160 5147 5226 5228 
13915 5141 5128 5124 5225 
13916 5150 5226 5145 5228 
13917 5170 5169 5157 5228 
13918 5166 5154 5142 5225 
13919 5180 5159 5171 5222 
13920 5215 214 5119 5213 
13921 5163 5155 5151 5224 
13922 5142 5129 5130 5225 
13923 5153 5224 5128 5225 
13924 5175 5155 5163 5224 
13925 5173 5162 5156 5222 
13926 5175 5166 5155 5224 
13927 5177 5163 5164 5227 
13928 5159 5144 5147 5228 
13929 5147 5144 5134 5226 
13930 5149 5137 5138 5226 
13931 5155 5139 5224 5225 
13932 5178 5154 5166 5224 
13933 5147 5144 5226 5228 
13934 5204 5183 5181 5221 
13935 5149 5136 5137 5226 
13936 5162 5161 5150 5228 
13937 5174 5151 5140 5224 
13938 5169 5145 5157 5228 
13939 5159 5158 5144 5228 
13940 5165 5153 5154 5224 
13941 5203 5211 5213 5216 
13942 5169 5156 5145 5228 
13943 5137 5223 5127 5226 
13944 5134 5133 5124 5223 
13945 5185 5162 5173 5222 
13946 5143 5130 5137 5223 
13947 5183 5170 5181 5222 
13948 5183 5169 5170 5222 
13949 5118 5204 213 5214 
13950 5188 5205 5229 5212 
13951 5123 5187 5216 5214 
13952 213 5187 5123 5214 
13953 5181 5170 5158 5222 
13954 212 5229 217 5188 
13955 5153 5128 5141 5225 
13956 5161 5226 5150 5228 
13957 5168 5158 5159 5222 
13958 5213 216 5120 215 
13959 5213 217 5189 215 
13960 5161 5160 5226 5228 
13961 5178 5165 5154 5224 
13962 214 5203 5120 5213 
13963 5131 5223 5125 5225 
13964 5189 5185 5173 5212 
13965 5169 5222 5156 5228 
13966 5177 5175 5163 5227 
13967 5184 5180 5171 5222 
13968 214 5123 5186 5216 
13969 5194 5177 5164 5227 
13970 5165 5152 5224 5227 
13971 5180 5168 5159 5222 
13972 5153 5141 5142 5225 
13973 5193 5176 5167 5230 
13974 5174 5151 5224 5227 
13975 5179 5167 5227 5230 
13976 5165 5152 5153 5224 
13977 5176 5174 5167 5227 
13978 5156 5150 5145 5228 
13979 5172 5160 5161 5228 
13980 5178 5224 5175 5227 
13981 5182 5156 5169 5222 
13982 5187 5181 5168 5211 
13983 5216 5212 5211 5213 
13984 214 5203 5213 5216 
13985 5203 5186 5211 5216 
13986 5117 5119 5215 5123 
13987 5206 5185 5189 5212 
13988 5179 5167 5165 5227 
13989 5229 217 5188 5212 
13990 5197 5219 5192 5230 
13991 5195 5191 5177 5227 
13992 5187 5211 5216 5214 
13993 5150 5149 5138 5226 
13994 5198 5197 5176 5219 
13995 5199 5195 5194 5218 
13996 5179 5165 5178 5227 
13997 5141 5223 5129 5225 
13998 5191 5175 5177 5227 
13999 5196 5179 5178 5227 
14000 3077 5192 5197 5219 
14001 5201 5195 5218 5230 
14002 5190 5174 5176 5227 
14003 5163 5224 5151 5227 
14004 5195 5191 5227 5230 
14005 5175 5224 5163 5227 
14006 5195 5227 5194 5230 
14007 5172 5161 5162 5228 
14008 5197 5192 5190 5230 
14009 5187 5211 5186 5216 
14010 5178 5165 5224 5227 
14011 5196 5178 5191 5227 
14012 5174 5224 5152 5227 
14013 5190 5164 5174 5227 
14014 5195 5177 5194 5227 
14015 5200 5193 5179 5230 
14016 5171 5222 5159 5228 
14017 5172 5222 5171 5228 
14018 5203 5186 5180 5211 
14019 5185 5172 5162 5222 
14020 5162 5156 5222 5228 
14021 5170 5158 5222 5228 
14022 5171 5159 5147 5228 
14023 5209 5218 5217 5219 
14024 5194 5227 5190 5230 
14025 5170 5222 5169 5228 
14026 3077 5197 5121 5219 
14027 5205 5204 5214 5221 
14028 5194 5164 5190 5227 
14029 5214 5118 5215 213 
14030 5204 5181 5187 5221 
14031 5184 5171 5172 5222 
14032 5199 5192 5217 5218 
14033 5205 5183 5204 5221 
14034 5183 5182 5169 5222 
14035 5200 5179 5196 5230 
14036 5206 5212 5189 5213 
14037 5185 5211 5184 5222 
14038 5183 5181 5221 5222 
14039 5141 5133 5132 5223 
14040 5118 5205 5204 5214 
14041 5196 5179 5227 5230 
14042 5205 5182 5183 5221 
14043 5186 5168 5180 5211 
14044 5195 5194 5218 5230 
14045 5192 5219 5218 5230 
14046 5188 5173 5182 5221 
14047 5209 5219 5217 5220 
14048 214 5120 5119 5213 
14049 5194 5192 5218 5230 
14050 5118 5214 5229 5205 
14051 5203 5180 5184 5211 
14052 5206 5184 5185 5211 
14053 5178 5166 5175 5224 
14054 5207 5218 5219 5230 
14055 5117 212 5229 5119 
14056 217 5189 5188 5212 
14057 3077 3078 5217 5219 
14058 217 5189 215 216 
14059 214 5216 5215 5123 
14060 5213 5216 5215 214 
14061 5204 5187 5214 5221 
14062 212 217 211 5188 
14063 5118 212 211 5205 
14064 5188 5229 5205 212 
14065 5207 5219 5200 5230 
14066 5199 5194 5192 5218 
14067 5190 5227 5176 5230 
14068 3077 109 5192 5219 
14069 5132 5127 5129 5223 
14070 3077 5122 5121 5197 
14071 5164 5163 5151 5227 
14072 5167 5152 5165 5227 
14073 5172 5162 5222 5228 
14074 5201 5191 5195 5230 
14075 3077 5122 5197 5192 
14076 5131 5126 5125 5223 
14077 5197 5176 5219 5230 
14078 5133 5132 5223 5226 
14079 5193 5219 5176 5230 
14080 5209 5208 5217 5218 
14081 5130 5129 5223 5225 
14082 5198 5176 5193 5219 
14083 3077 109 5122 5192 
14084 5208 5201 5195 5218 
14085 5198 5121 5197 5219 
14086 3077 5121 107 5219 
14087 3076 5208 5199 5217 
14088 5171 5147 5160 5228 
14089 5210 5200 5207 5219 
14090 5191 5178 5175 5227 
14091 5174 5164 5151 5227 
14092 5207 5200 5196 5230 
14093 5197 5190 5176 5230 
14094 5207 5196 5201 5230 
14095 5166 5224 5154 5225 
14096 5202 5193 5200 5219 
14097 5196 5227 5191 5230 
14098 5193 5167 5179 5230 
14099 3078 5219 5202 5220 
14100 3078 3079 5217 5220 
14101 5202 5198 5193 5219 
14102 5119 5229 5213 217 
14103 5176 5227 5167 5230 
14104 107 5202 3078 5219 
14105 109 5217 5192 5219 
14106 5123 214 5119 5215 
14107 3077 5217 109 5219 
14108 5209 5201 5208 5218 
14109 5187 5168 5186 5211 
14110 5185 5184 5172 5222 
14111 5210 5207 5209 5219 
14112 3079 108 5217 5220 
14113 5209 5207 5218 5219 
14114 3078 5202 3074 5220 
14115 108 3075 5209 5220 
14116 107 5198 5202 5219 
14117 5207 5201 5218 5230 
14118 5210 5219 5209 5220 
14119 5210 5202 5200 5219 
14120 107 5121 5198 5219 
14121 5229 212 217 5119 
14122 217 5189 5212 5213 
14123 5144 5133 5134 5226 
14124 5120 5203 5206 5213 
14125 5214 213 5215 5123 
14126 5181 5168 5211 5222 
14127 5180 5211 5168 5222 
14128 5143 5130 5223 5225 
14129 5161 5149 5150 5226 
14130 5146 5132 5133 5226 
14131 5152 5140 5128 5224 
14132 5184 5211 5180 5222 
14133 215 5189 5213 216 
14134 5159 5222 5158 5228 
14135 3075 5210 5209 5220 
14136 5209 5207 5201 5218 
14137 5208 5199 5217 5218 
14138 3076 109 3079 5217 
14139 5210 5202 5219 5220 
14140 3079 3075 108 5220 
14141 5182 5221 5173 5222 
14142 3078 3074 3075 5220 
14143 3074 5210 3075 5220 
14144 3076 3079 108 5217 
14145 5118 5215 213 5117 
14146 5208 5195 5199 5218 
14147 3077 3079 109 5217 
14148 3078 3075 3079 5220 
14149 3077 107 3078 5219 
14150 5194 5190 5192 5230 
14151 3077 3078 3079 5217 
14152 5185 5173 5211 5222 
14153 5201 5196 5191 5230 
14154 3074 5202 5210 5220 
14155 5200 5219 5193 5230 
14156 108 5209 5208 5217 
14157 107 3074 3078 5202 
14158 217 5229 5213 5212 
14159 5119 5120 215 5213 
14160 5205 5188 5182 5221 
14161 5123 5187 5186 5216 
14162 5134 5133 5223 5226 
14163 5118 212 5229 5117 
14164 213 5204 5187 5214 
14165 5183 5221 5182 5222 
14166 5206 5203 5211 5213 
14167 5206 5203 5184 5211 
14168 5119 215 217 5213 
14169 214 5186 5203 5216 
14170 5189 5173 5188 5212 
14171 5139 5131 5125 5225 
14172 5137 5136 5223 5226 
14173 5141 5124 5133 5223 
14174 109 5199 5192 5217 
14175 5166 5142 5130 5225 
14176 5205 212 211 5188 
14177 5206 216 5120 5213 
14178 5229 5119 5215 5117 
14179 5213 5119 5215 5229 
14180 5229 5212 5215 5213 
14181 5229 5215 5118 5117 
14182 5205 5229 5212 5214 
14183 5214 5229 5215 5118 
14184 212 5229 5205 5118 
14185 213 5215 5123 5117 
14186 5123 5215 5214 5216 
14187 5215 5212 5216 5213 
14188 5214 5229 5212 5215 
14189 224 5300 5314 5323 
14190 3200 5306 117 5323 
14191 5231 220 5236 5324 
14192 117 5306 5295 5323 
14193 3198 5322 5321 5325 
14194 5314 5300 5295 5323 
14195 3200 5319 5306 5325 
14196 5322 5325 5326 5327 
14197 3198 5321 3199 5325 
14198 3200 3199 5319 5325 
14199 5247 5237 5242 5328 
14200 5263 5252 5245 5329 
14201 5261 5249 5241 5330 
14202 5243 5328 5239 5330 
14203 5245 5328 5241 5330 
14204 5258 5328 5245 5330 
14205 5275 5329 5265 5331 
14206 5252 5242 5238 5329 
14207 117 5300 224 5323 
14208 5271 5259 5247 5329 
14209 5247 5246 5239 5328 
14210 5246 5240 5239 5330 
14211 5251 5247 5242 5329 
14212 5286 5270 5329 5331 
14213 5254 5239 5240 5332 
14214 5262 5250 5253 5332 
14215 5260 5248 5249 5330 
14216 118 5323 224 5333 
14217 220 5303 5236 5324 
14218 5240 5239 5330 5332 
14219 5258 5249 5248 5330 
14220 5249 5245 5241 5330 
14221 5260 5257 5248 5332 
14222 5246 5239 5328 5330 
14223 5250 5241 5243 5330 
14224 5324 221 5334 5302 
14225 5258 5248 5244 5330 
14226 5253 5250 5243 5330 
14227 5259 5258 5246 5328 
14228 5267 5253 5254 5332 
14229 5253 5243 5239 5330 
14230 5273 5261 5250 5332 
14231 5253 5330 5239 5332 
14232 5272 5269 5260 5335 
14233 5261 5260 5249 5330 
14234 5260 5272 5335 5261 
14235 5286 5270 5259 5329 
14236 5233 221 5334 5324 
14237 5257 5256 5332 5335 
14238 5231 5236 5233 5324 
14239 5314 5323 5295 5333 
14240 5279 5273 5262 5335 
14241 5261 5260 5330 5332 
14242 5268 5256 5266 5335 
14243 5267 5332 5254 5335 
14244 5275 5264 5251 5331 
14245 5281 5268 5277 5335 
14246 3200 5306 5323 5325 
14247 5269 5266 5257 5335 
14248 5268 5255 5254 5335 
14249 5268 5254 5256 5335 
14250 5267 5262 5332 5335 
14251 5244 5240 5330 5332 
14252 5276 5266 5269 5335 
14253 5273 5261 5332 5335 
14254 5275 5242 5252 5329 
14255 5319 5306 5325 5327 
14256 5278 5262 5267 5335 
14257 5260 5248 5330 5332 
14258 5233 222 5336 5337 
14259 5282 5276 5335 5338 
14260 5257 5244 5248 5332 
14261 5277 5335 5276 5338 
14262 5261 5330 5250 5332 
14263 5282 5269 5272 5335 
14264 5336 222 5339 5337 
14265 5286 5259 5271 5329 
14266 5258 5246 5328 5330 
14267 5270 5258 5259 5329 
14268 5267 5254 5255 5335 
14269 5252 5238 5245 5329 
14270 5256 5254 5240 5332 
14271 5258 5244 5246 5330 
14272 5253 5250 5330 5332 
14273 5259 5246 5247 5328 
14274 5247 5328 5242 5329 
14275 5301 5293 5275 5331 
14276 5275 5252 5265 5329 
14277 5308 5296 5285 5340 
14278 5273 5250 5262 5332 
14279 5257 5256 5244 5332 
14280 5282 5276 5269 5335 
14281 5254 5253 5239 5332 
14282 5291 5279 5284 5338 
14283 5247 5239 5237 5328 
14284 5258 5245 5328 5329 
14285 5295 5294 5293 5327 
14286 5287 5284 5338 5341 
14287 5281 5280 5335 5338 
14288 5256 5254 5332 5335 
14289 5266 5256 5257 5335 
14290 5314 5313 5327 5340 
14291 5305 5336 5337 5341 
14292 5269 5257 5260 5335 
14293 5316 5297 5307 5340 
14294 5298 5287 5280 5338 
14295 5280 5267 5255 5335 
14296 5290 5335 5279 5338 
14297 5307 5294 5327 5340 
14298 5321 5318 5316 5327 
14299 5271 5329 5251 5331 
14300 5322 5320 5317 5327 
14301 5317 5327 5315 5340 
14302 5318 5317 5308 5340 
14303 5288 5338 5283 5341 
14304 5281 5335 5277 5338 
14305 5285 5274 5270 5331 
14306 5295 5323 5327 5333 
14307 5286 5285 5270 5331 
14308 5308 5285 5286 5340 
14309 5290 5273 5279 5335 
14310 5242 5328 5238 5329 
14311 5245 5238 5328 5329 
14312 5265 5252 5263 5329 
14313 5298 5338 5288 5341 
14314 5279 5262 5278 5335 
14315 5274 5329 5270 5331 
14316 5271 5251 5264 5331 
14317 5296 5274 5285 5331 
14318 5261 5241 5250 5330 
14319 5290 5282 5272 5335 
14320 5324 5341 5336 5342 
14321 5335 5261 5332 5260 
14322 5301 5331 5292 5340 
14323 5294 5293 5327 5340 
14324 5261 5272 5335 5273 
14325 5301 5293 5331 5340 
14326 5301 5265 5292 5331 
14327 5315 5292 5296 5340 
14328 5306 5323 5325 5327 
14329 5279 5335 5278 5338 
14330 5298 5287 5338 5341 
14331 5315 5327 5313 5340 
14332 5299 5289 5338 5341 
14333 5287 5278 5280 5338 
14334 5290 5272 5273 5335 
14335 5299 5338 5291 5341 
14336 5287 5284 5278 5338 
14337 5232 5310 220 5342 
14338 220 5303 5324 5342 
14339 5292 5265 5274 5331 
14340 219 5304 5311 5336 
14341 5280 5278 5335 5338 
14342 5232 219 218 5311 
14343 5288 5277 5283 5338 
14344 5231 5324 5336 5342 
14345 5309 5302 5289 5341 
14346 5314 5295 5300 5293 
14347 5307 5294 5306 5327 
14348 5301 5275 5265 5331 
14349 5267 5262 5253 5332 
14350 5297 5271 5294 5264 
14351 5294 5264 5293 5340 
14352 5274 5263 5270 5329 
14353 221 5309 5234 5334 
14354 5303 5283 5302 5341 
14355 5305 5291 5284 5341 
14356 5311 5304 5287 5341 
14357 5309 5289 5299 5341 
14358 5312 5234 5339 223 
14359 5281 5280 5255 5335 
14360 5231 5324 5233 5336 
14361 5291 5290 5279 5338 
14362 219 225 218 5304 
14363 5337 222 5339 5234 
14364 5290 5282 5335 5338 
14365 5231 5336 219 5342 
14366 5302 5283 5289 5341 
14367 5324 5334 5337 5341 
14368 5305 5284 5304 5341 
14369 5274 5265 5329 5331 
14370 5303 5288 5283 5341 
14371 5299 5282 5290 5338 
14372 5297 5286 5271 5331 
14373 5286 5329 5271 5331 
14374 5312 5309 5299 5341 
14375 5312 5299 5291 5341 
14376 5312 5291 5305 5341 
14377 5298 5280 5281 5338 
14378 5311 5341 5310 5342 
14379 5231 5233 219 5336 
14380 5302 5236 5324 221 
14381 5324 5302 5334 5341 
14382 5337 5234 5339 5312 
14383 225 5305 5304 5336 
14384 5270 5263 5258 5329 
14385 5314 5295 5293 5327 
14386 5306 5294 5295 5327 
14387 5314 5295 5327 5333 
14388 5243 5241 5238 5328 
14389 5289 5276 5282 5338 
14390 220 5310 5303 5342 
14391 5277 5268 5266 5335 
14392 5233 5336 5324 5337 
14393 5283 5277 5276 5338 
14394 5320 5327 5326 5333 
14395 5259 5258 5328 5329 
14396 5309 5334 5302 5341 
14397 5289 5283 5338 5341 
14398 5316 5308 5297 5340 
14399 5315 5313 5327 5333 
14400 5314 5327 5293 5340 
14401 219 218 5311 5304 
14402 5317 5315 5296 5340 
14403 5260 5257 5332 5335 
14404 5314 5327 5313 5333 
14405 5308 5286 5297 5340 
14406 5310 5341 5303 5342 
14407 5324 5337 5336 5341 
14408 5302 5303 5324 5236 
14409 5305 5304 5336 5341 
14410 5232 5311 5310 5342 
14411 5311 5336 5304 5341 
14412 5310 5288 5303 5341 
14413 5234 5309 5312 5334 
14414 5313 5301 5292 5340 
14415 5315 5313 5292 5340 
14416 5318 5308 5316 5340 
14417 3201 3196 5326 5333 
14418 116 5313 5315 5333 
14419 3196 5315 5320 5333 
14420 5286 5285 5331 5340 
14421 5316 5307 5327 5340 
14422 5318 5316 5327 5340 
14423 5296 5331 5285 5340 
14424 3202 5325 5323 5333 
14425 118 224 5235 5333 
14426 5280 5278 5267 5335 
14427 221 5236 5324 5233 
14428 5277 5266 5276 5335 
14429 5231 220 5324 5342 
14430 5312 5337 5334 5341 
14431 5274 5265 5263 5329 
14432 221 5302 5309 5334 
14433 5289 5283 5276 5338 
14434 5242 5237 5238 5328 
14435 5299 5290 5291 5338 
14436 5307 5297 5294 5340 
14437 5312 5334 5309 5341 
14438 5311 5298 5310 5341 
14439 223 222 5339 225 
14440 225 222 5339 5336 
14441 116 5235 5313 5333 
14442 3202 5323 118 5333 
14443 5325 5326 5327 5333 
14444 5323 5325 5327 5333 
14445 3200 5323 3202 5325 
14446 117 5295 5300 5323 
14447 5284 5279 5278 5338 
14448 5233 5334 5234 5337 
14449 5312 5305 5337 5341 
14450 5243 5238 5237 5328 
14451 5318 5327 5317 5340 
14452 5314 5301 5313 5340 
14453 5297 5264 5294 5340 
14454 5322 5318 5321 5327 
14455 5319 5307 5306 5327 
14456 5297 5331 5264 5340 
14457 5320 5315 5317 5327 
14458 5235 5314 5313 5333 
14459 5299 5289 5282 5338 
14460 5322 5317 5318 5327 
14461 5341 5303 5324 5302 
14462 5296 5292 5274 5331 
14463 5233 5324 5334 5337 
14464 5303 5341 5324 5342 
14465 5310 5298 5288 5341 
14466 3202 117 118 5323 
14467 5298 5281 5288 5338 
14468 5291 5338 5284 5341 
14469 5317 5296 5308 5340 
14470 5232 219 5311 5342 
14471 5297 5271 5264 5331 
14472 5319 5316 5307 5327 
14473 3202 5326 5325 5333 
14474 219 225 5304 5336 
14475 5314 5293 5301 5340 
14476 117 224 118 5323 
14477 224 5314 5235 5333 
14478 5311 5336 5341 5342 
14479 5321 5316 5319 5327 
14480 5297 5286 5331 5340 
14481 3197 5320 5322 5326 
14482 5293 5264 5275 5331 
14483 3201 116 3196 5333 
14484 3201 118 116 5333 
14485 5231 219 5232 5342 
14486 5322 5321 5325 5327 
14487 3199 5321 5319 5325 
14488 5306 5295 5323 5327 
14489 3196 116 5315 5333 
14490 116 118 5235 5333 
14491 3203 5325 3202 5326 
14492 3198 3199 3203 5325 
14493 3198 5322 5325 5326 
14494 3203 3199 3202 5325 
14495 3197 3198 3203 5326 
14496 5321 5319 5325 5327 
14497 224 5323 5314 5333 
14498 5320 5315 5327 5333 
14499 3201 3203 3202 5326 
14500 3200 3202 3199 5325 
14501 5304 5284 5287 5341 
14502 5263 5245 5258 5329 
14503 219 5336 5311 5342 
14504 3197 3196 5320 5326 
14505 3200 117 3202 5323 
14506 3196 5320 5326 5333 
14507 3201 5326 3202 5333 
14508 3201 3202 118 5333 
14509 5293 5264 5331 5340 
14510 3197 3201 3196 5326 
14511 3197 3203 3201 5326 
14512 5256 5240 5244 5332 
14513 5273 5332 5262 5335 
14514 5275 5251 5242 5329 
14515 3198 5325 3203 5326 
14516 3197 5322 3198 5326 
14517 5233 5234 222 5337 
14518 5234 5334 5312 5337 
14519 5311 5287 5298 5341 
14520 221 5234 5233 5334 
14521 219 5233 225 5336 
14522 5288 5281 5277 5338 
14523 5233 222 225 5336 
14524 5275 5251 5329 5331 
14525 5248 5244 5330 5332 
14526 5322 5326 5320 5327 
14527 5258 5245 5249 5330 
14528 5231 5232 220 5342 
14529 5259 5328 5247 5329 
14530 5243 5237 5239 5328 
14531 5245 5238 5241 5328 
14532 5246 5244 5240 5330 
14533 5234 222 5339 223 
14534 5281 5255 5268 5335 
14535 5271 5247 5251 5329 
14536 5243 5241 5328 5330 
14537 5296 5292 5331 5340 
14538 223 5339 5305 225 
14539 225 5339 5305 5336 
14540 5336 5339 5305 5337 
14541 5339 5312 5305 5337 
14542 223 5312 5305 5339 
14543 5404 5431 5403 5432 
14544 232 227 5433 226 
14545 5425 5431 5410 5434 
14546 5408 5431 5407 5435 
14547 5422 5407 5431 5434 
14548 5425 5422 5431 5434 
14549 5379 5368 5369 5436 
14550 5377 5363 5354 5437 
14551 5358 5438 5352 5439 
14552 5369 5358 5352 5439 
14553 5399 5375 5374 5440 
14554 5375 5356 5374 5440 
14555 5388 5374 5364 5437 
14556 5374 5356 5355 5437 
14557 5351 5350 5438 5439 
14558 5386 5357 5356 5437 
14559 5369 5368 5358 5439 
14560 5400 5376 5440 5441 
14561 5362 5353 5438 5439 
14562 5365 5437 5364 5438 
14563 5360 5359 5350 5439 
14564 5363 5354 5437 5438 
14565 5380 5359 5370 5436 
14566 5354 5351 5350 5438 
14567 5369 5359 5436 5439 
14568 5360 5350 5351 5439 
14569 5372 5362 5367 5439 
14570 5366 5360 5361 5436 
14571 5361 5436 5360 5439 
14572 5368 5436 5367 5439 
14573 5380 5379 5436 5442 
14574 5357 5355 5356 5437 
14575 5362 5438 5358 5439 
14576 5368 5367 5362 5439 
14577 5400 5376 5375 5440 
14578 5386 5377 5357 5437 
14579 5418 5440 5415 5441 
14580 5398 5397 5385 5440 
14581 5365 5363 5437 5438 
14582 5364 5437 5355 5438 
14583 5392 5370 5381 5442 
14584 5370 5436 5366 5442 
14585 5372 5367 5436 5439 
14586 5372 5361 5353 5439 
14587 5388 5365 5387 5437 
14588 5370 5360 5366 5436 
14589 5380 5379 5369 5436 
14590 5363 5353 5354 5438 
14591 5357 5354 5355 5437 
14592 5382 5366 5371 5442 
14593 5383 5361 5372 5436 
14594 5391 5390 5379 5442 
14595 5365 5362 5363 5438 
14596 5387 5363 5377 5437 
14597 5386 5356 5375 5440 
14598 5380 5436 5370 5442 
14599 231 5346 5443 230 
14600 5354 5353 5351 5438 
14601 5382 5381 5366 5442 
14602 5364 5352 5358 5438 
14603 5392 5380 5370 5442 
14604 5388 5364 5365 5437 
14605 5372 5353 5362 5439 
14606 5394 5393 5383 5442 
14607 5393 5371 5383 5442 
14608 5424 5409 5433 226 
14609 5383 5436 5373 5442 
14610 3190 5429 5421 5444 
14611 5370 5359 5360 5436 
14612 5394 5373 5384 5442 
14613 5394 5383 5373 5442 
14614 5381 5370 5366 5442 
14615 5379 5378 5436 5442 
14616 5406 5394 5384 5432 
14617 5428 5411 5445 5446 
14618 5386 5377 5437 5440 
14619 5405 5393 5394 5432 
14620 5369 5352 5359 5439 
14621 5361 5351 5353 5439 
14622 3191 5348 5414 5444 
14623 5384 5373 5378 5442 
14624 5415 5387 5397 5440 
14625 5383 5371 5361 5436 
14626 5413 5385 5386 5440 
14627 5397 5387 5377 5440 
14628 5416 5397 5398 5440 
14629 5416 5415 5397 5440 
14630 5374 5355 5364 5437 
14631 5413 5386 5396 5440 
14632 5416 5440 5398 5441 
14633 5419 5400 5441 5445 
14634 5393 5382 5371 5442 
14635 5420 5418 5415 5441 
14636 5390 5378 5379 5442 
14637 5382 5432 5381 5442 
14638 5365 5358 5362 5438 
14639 5371 5366 5361 5436 
14640 5379 5378 5368 5436 
14641 5413 5441 5396 5445 
14642 5369 5436 5368 5439 
14643 5402 5392 5381 5432 
14644 113 5411 5446 5447 
14645 3192 5444 3191 5447 
14646 5414 5444 5445 5447 
14647 5395 5384 5390 5432 
14648 5383 5372 5373 5436 
14649 5444 5446 5445 5447 
14650 5404 5392 5402 5432 
14651 5386 5437 5356 5440 
14652 5415 5388 5387 5440 
14653 5402 5381 5389 5432 
14654 5378 5367 5368 5436 
14655 5378 5373 5367 5436 
14656 5360 5436 5359 5439 
14657 5403 5395 5390 5432 
14658 5418 5400 5440 5441 
14659 5396 5440 5376 5441 
14660 5397 5377 5385 5440 
14661 5387 5437 5377 5440 
14662 5426 5418 5420 5441 
14663 5417 5413 5414 5445 
14664 5400 5376 5441 5445 
14665 5418 5400 5399 5440 
14666 5392 5391 5380 5442 
14667 5374 5356 5437 5440 
14668 115 3190 5421 5444 
14669 5355 5437 5354 5438 
14670 5355 5350 5352 5438 
14671 5387 5365 5363 5437 
14672 5388 5437 5387 5440 
14673 5386 5385 5377 5440 
14674 5391 5379 5380 5442 
14675 5407 5389 5401 5431 
14676 5346 229 5434 5448 
14677 5404 5403 5391 5432 
14678 5409 5395 5403 5431 
14679 5371 5366 5436 5442 
14680 229 5345 5448 5346 
14681 5415 5399 5388 5440 
14682 231 5410 5443 5425 
14683 5393 5432 5382 5442 
14684 5423 5402 5408 5431 
14685 231 5425 5443 5346 
14686 5425 5443 5346 5434 
14687 5390 5384 5378 5442 
14688 3188 3195 3192 5446 
14689 5363 5362 5353 5438 
14690 5412 5445 5411 5447 
14691 5423 5404 5402 5431 
14692 5424 5403 5404 5431 
14693 229 5407 5434 5435 
14694 5394 5432 5393 5442 
14695 5412 5376 5400 5445 
14696 5403 5390 5391 5432 
14697 5401 5389 5382 5432 
14698 5402 5389 5431 5432 
14699 5423 5448 5431 5435 
14700 5391 5432 5390 5442 
14701 228 5408 5349 5435 
14702 5407 5431 5434 5435 
14703 5343 5448 5344 5435 
14704 5425 5405 5406 5431 
14705 5406 5384 5395 5432 
14706 5392 5381 5432 5442 
14707 5410 5406 5395 5431 
14708 5401 5431 5389 5432 
14709 5404 5391 5392 5432 
14710 229 5349 5407 5435 
14711 5448 229 5434 5435 
14712 5410 5431 5448 5434 
14713 5400 5375 5399 5440 
14714 5421 5398 5417 5445 
14715 5414 5413 5396 5445 
14716 5414 5396 5412 5445 
14717 5429 5445 5444 5449 
14718 5427 5416 5398 5441 
14719 5413 5398 5441 5445 
14720 5435 5345 5448 229 
14721 5389 5381 5382 5432 
14722 5413 5398 5440 5441 
14723 5422 5401 5405 5431 
14724 5408 5389 5407 5431 
14725 5408 5402 5389 5431 
14726 229 5407 5422 5434 
14727 5403 5431 5395 5432 
14728 3194 5444 3192 5449 
14729 229 5345 5349 5435 
14730 5406 5395 5431 5432 
14731 5355 5354 5350 5438 
14732 5424 5409 5431 5448 
14733 114 5446 5430 5449 
14734 5344 227 5433 5448 
14735 226 227 5433 5344 
14736 5422 5407 5401 5431 
14737 5443 230 5346 5448 
14738 5425 5406 5410 5431 
14739 5344 5424 5423 5448 
14740 5406 5405 5394 5432 
14741 5423 5431 5408 5435 
14742 5410 5395 5409 5431 
14743 229 5422 5346 5434 
14744 5390 5432 5384 5442 
14745 5418 5399 5415 5440 
14746 228 5423 5408 5435 
14747 5343 5349 5345 5435 
14748 5405 5431 5401 5432 
14749 5349 5408 5407 5435 
14750 5388 5374 5437 5440 
14751 5357 5355 5354 5350 
14752 5383 5371 5436 5442 
14753 5413 5398 5385 5440 
14754 5427 5441 5398 5445 
14755 3192 5446 5444 5447 
14756 3191 5414 5347 5447 
14757 5430 5426 5427 5445 
14758 5429 5421 5444 5445 
14759 113 3191 5347 5447 
14760 5396 5386 5376 5440 
14761 5430 5446 5445 5449 
14762 5413 5440 5396 5441 
14763 5346 5448 5434 5443 
14764 5348 5417 5414 5444 
14765 5411 5445 5446 5447 
14766 5386 5375 5376 5440 
14767 5430 5428 5445 5446 
14768 5427 5416 5421 5398 
14769 115 5421 5417 5444 
14770 5416 5415 5440 5441 
14771 5399 5374 5388 5440 
14772 3190 5429 5444 5449 
14773 5427 5398 5421 5445 
14774 5444 5445 5446 5449 
14775 5412 5396 5376 5445 
14776 5420 5415 5416 5441 
14777 5427 5426 5420 5441 
14778 5426 5419 5418 5441 
14779 5419 5400 5418 5441 
14780 5396 5441 5376 5445 
14781 5424 5431 5423 5448 
14782 3191 5444 5414 5447 
14783 3192 5446 3195 5449 
14784 5421 5417 5444 5445 
14785 5427 5426 5441 5445 
14786 5380 5369 5359 5436 
14787 5417 5398 5413 5445 
14788 5429 5427 5421 5445 
14789 3194 3190 5444 5449 
14790 113 5347 5412 5447 
14791 5427 5420 5416 5441 
14792 5346 5422 5425 5434 
14793 5343 5345 5448 5435 
14794 5343 228 5349 5435 
14795 5392 5432 5391 5442 
14796 5448 5409 5433 5424 
14797 5424 5404 5423 5431 
14798 5414 5445 5412 5447 
14799 232 230 5443 5448 
14800 113 5412 5411 5447 
14801 115 5348 3191 5444 
14802 5428 5419 5426 5445 
14803 5428 5411 5419 5445 
14804 5426 5419 5441 5445 
14805 3190 3189 5429 5449 
14806 5430 5427 5429 5445 
14807 5430 5428 5426 5445 
14808 5430 5445 5429 5449 
14809 114 5428 5430 5446 
14810 3188 114 3195 5446 
14811 5410 5431 5409 5448 
14812 3188 3192 113 5446 
14813 5414 5412 5347 5447 
14814 3188 113 5411 5446 
14815 3189 5430 5429 5449 
14816 114 3195 5446 5449 
14817 114 5430 3189 5449 
14818 3188 5411 5428 5446 
14819 3192 3195 3193 5449 
14820 3188 5428 114 5446 
14821 3192 5444 5446 5449 
14822 227 5345 232 5448 
14823 3193 114 3189 5449 
14824 3194 3191 3192 5444 
14825 3190 3193 3189 5449 
14826 3194 3192 3193 5449 
14827 115 5417 5348 5444 
14828 3192 113 5446 5447 
14829 5344 5423 228 5435 
14830 115 3194 3190 5444 
14831 115 3191 3194 5444 
14832 3194 3193 3190 5449 
14833 5448 230 5346 5345 
14834 231 230 5443 232 
14835 5345 230 232 5448 
14836 5424 5409 5403 5431 
14837 5405 5401 5393 5432 
14838 5372 5436 5361 5439 
14839 5404 5402 5431 5432 
14840 5377 5354 5357 5437 
14841 3191 5414 5348 5347 
14842 232 5410 5409 5448 
14843 5343 227 5344 5448 
14844 5431 5448 5434 5435 
14845 5344 5448 5423 5435 
14846 5425 5422 5405 5431 
14847 5343 5345 227 5448 
14848 5365 5364 5358 5438 
14849 5419 5411 5400 5445 
14850 3193 3195 114 5449 
14851 5352 5438 5350 5439 
14852 5394 5384 5432 5442 
14853 5378 5373 5436 5442 
14854 5361 5360 5351 5439 
14855 5401 5382 5393 5432 
14856 5368 5362 5358 5439 
14857 5359 5352 5350 5439 
14858 3192 3191 113 5447 
14859 5364 5355 5352 5438 
14860 5353 5351 5438 5439 
14861 5412 5400 5411 5445 
14862 5406 5431 5405 5432 
14863 5343 5344 228 5435 
14864 5417 5414 5444 5445 
14865 5373 5372 5367 5436 
14866 5448 227 5433 232 
14867 232 5433 5409 226 
14868 226 5424 5344 5433 
14869 5433 5424 5344 5448 
14870 5448 5433 5409 232 
14871 231 5443 5410 232 
14872 232 5443 5410 5448 
14873 5448 5443 5410 5434 
14874 5410 5443 5425 5434 
24278 8517 8504 8503 8585 
24279 8519 8505 8509 8585 
24280 8514 8504 8505 8586 
24281 8517 8585 8507 8587 
24282 8515 8505 8506 8586 
24283 8519 8506 8515 8505 
24284 8508 8501 8585 8587 
24285 8507 8503 8502 8585 
24286 8509 8505 8504 8585 
24287 8520 8519 8509 8587 
24288 8521 8509 8517 8587 
24289 8513 8585 8504 8586 
24290 8583 8588 8575 8589 
24291 8527 8508 8519 8587 
24292 8526 8521 8517 8587 
24293 8505 8504 8585 8586 
24294 8523 8512 8502 8586 
24295 8525 8516 8515 8586 
24296 8521 8520 8509 8587 
24297 8533 8523 8524 8586 
24298 8510 8507 8501 8587 
24299 8525 8524 8516 8586 
24300 8546 8538 8529 8590 
24301 8524 8523 8513 8586 
24302 8534 8525 8524 8516 
24303 8528 8519 8520 8587 
24304 8513 8502 8585 8586 
24305 8508 8501 8506 8585 
24306 8531 8518 8527 8591 
24307 8539 8521 8530 8590 
24308 8528 8527 8587 8591 
24309 8519 8585 8509 8587 
24310 8517 8509 8504 8585 
24311 8532 8525 8511 8586 
24312 8515 8506 8511 8586 
24313 8526 8517 8507 8587 
24314 8514 8513 8504 8586 
24315 8512 8511 8502 8586 
24316 8516 8505 8515 8586 
24317 8531 8522 8518 8591 
24318 8513 8502 8503 8585 
24319 8528 8587 8520 8591 
24320 8548 8541 8590 8592 
24321 8544 8540 8530 8590 
24322 8534 8535 8533 8525 
24323 8526 8507 8510 8587 
24324 8524 8514 8516 8586 
24325 8550 8535 8533 8551 
24326 8533 8532 8512 8586 
24327 8528 8520 8590 8591 
24328 8537 8528 8590 8591 
24329 8567 8557 8565 8593 
24330 8526 8510 8522 8591 
24331 8524 8513 8514 8586 
24332 8525 8535 8533 8532 
24333 8510 8587 8508 8591 
24334 8518 8510 8508 8591 
24335 8534 8525 8533 8524 
24336 8533 8525 8532 8586 
24337 8551 8535 8533 8534 
24338 8537 8527 8528 8591 
24339 8539 8529 8520 8590 
24340 8537 8590 8531 8591 
24341 8544 8530 8536 8590 
24342 8526 8522 8590 8591 
24343 8548 8590 8531 8592 
24344 8533 8524 8525 8586 
24345 8538 8537 8529 8590 
24346 8531 8590 8522 8591 
24347 8536 8526 8522 8590 
24348 8594 5011 208 207 
24349 8548 8536 8531 8590 
24350 8536 8522 8531 8590 
24351 8537 8528 8529 8590 
24352 8511 8506 8502 8586 
24353 8535 8525 8534 8516 
24354 8551 8542 8535 8534 
24355 8532 8535 8533 8550 
24356 8496 443 8581 8595 
24357 8550 8535 8543 8532 
24358 8543 8532 8535 8525 
24359 8540 8539 8530 8590 
24360 8536 8530 8526 8590 
24361 8521 8590 8520 8591 
24362 8561 8592 8549 8593 
24363 8557 8556 8546 8592 
24364 8544 8540 8590 8592 
24365 8557 8546 8540 8592 
24366 8561 8560 8592 8593 
24367 8538 8531 8590 8592 
24368 8548 8541 8536 8590 
24369 8555 8545 8538 8592 
24370 8547 8544 8541 8592 
24371 8560 8541 8548 8592 
24372 8554 8544 8547 8592 
24373 8556 8538 8546 8592 
24374 8546 8529 8539 8590 
24375 8522 8510 8518 8591 
24376 8544 8590 8541 8592 
24377 8552 8543 8550 8535 
24378 8596 8562 8571 8552 
24379 8551 8534 8533 8524 
24380 8519 8506 8505 8585 
24381 8551 8562 8571 8596 
24382 8552 8571 8596 8550 
24383 8545 8537 8538 8531 
24384 8534 8516 8524 8514 
24385 8550 8571 8596 8551 
24386 8546 8539 8540 8590 
24387 8571 8563 8552 8597 
24388 8584 8563 8571 8597 
24389 8578 8552 8564 8597 
24390 8564 8552 8563 8597 
24391 8530 8521 8526 8590 
24392 8562 8596 8542 8553 
24393 8528 8527 8519 8587 
24394 8556 8555 8538 8592 
24395 448 8497 446 8588 
24396 8523 8502 8513 8586 
24397 8555 8592 8549 8545 
24398 8581 8566 8567 8589 
24399 8566 8555 8556 8593 
24400 8545 8531 8538 8592 
24401 8544 8536 8541 8590 
24402 443 8499 8573 8595 
24403 8506 8585 8502 8586 
24404 8570 8561 8568 8593 
24405 444 8496 445 8580 
24406 8525 8515 8511 8586 
24407 8532 8511 8512 8586 
24408 8546 8538 8590 8592 
24409 8572 8565 8559 8589 
24410 8557 8540 8554 8592 
24411 8537 8531 8527 8591 
24412 8568 8561 8549 8593 
24413 8593 8592 8549 8555 
24414 8557 8592 8554 8593 
24415 8507 8502 8501 8585 
24416 8556 8555 8592 8593 
24417 8571 8552 8562 8597 
24418 8554 8592 8547 8593 
24419 8516 8514 8505 8586 
24420 8570 8589 8569 8593 
24421 8570 8568 8589 8593 
24422 8554 8540 8544 8592 
24423 8560 8547 8541 8592 
24424 8565 8557 8554 8593 
24425 8533 8512 8523 8586 
24426 8570 8569 8560 8593 
24427 8575 8572 8559 8589 
24428 8580 8589 8588 8595 
24429 8569 8559 8547 8593 
24430 8557 8556 8592 8593 
24431 5010 8564 8577 8594 
24432 8548 8531 8536 8522 
24433 8571 8552 8563 8550 
24434 8565 8554 8559 8593 
24435 8582 8568 8574 8589 
24436 8558 8549 8555 8593 
24437 8569 8547 8560 8593 
24438 8574 8568 8558 8589 
24439 8570 8560 8561 8593 
24440 8568 8558 8589 8593 
24441 8569 8589 8559 8593 
24442 8561 8548 8545 8592 
24443 8577 8594 8564 8597 
24444 8596 8552 8553 8562 
24445 8576 8571 8562 8597 
24446 8584 8576 8594 8597 
24447 8566 8558 8555 8593 
24448 8560 8547 8592 8593 
24449 8567 8566 8556 8593 
24450 8562 8552 8553 8597 
24451 8538 8531 8537 8590 
24452 8582 8570 8568 8589 
24453 8548 8531 8545 8592 
24454 8579 8576 8562 8597 
24455 206 5011 8579 8594 
24456 8559 8554 8547 8593 
24457 206 8578 5010 8594 
24458 445 8572 8500 8588 
24459 444 8588 8497 8595 
24460 8566 8589 8558 8593 
24461 8565 8559 8589 8593 
24462 448 8582 8497 8588 
24463 8582 8589 8574 8595 
24464 445 8580 8572 8588 
24465 8567 8589 8566 8593 
24466 8545 8592 8549 8561 
24467 8581 8567 8580 8589 
24468 5010 8577 207 8594 
24469 8580 8567 8565 8589 
24470 8575 8559 8569 8589 
24471 8568 8549 8558 8593 
24472 8567 8565 8589 8593 
24473 207 8594 8584 208 
24474 8573 8558 8566 8589 
24475 8574 8558 8573 8589 
24476 208 8594 8584 8576 
24477 8581 8589 8580 8595 
24478 8500 8572 8575 8588 
24479 8496 8581 8580 8595 
24480 8575 8588 8572 8589 
24481 8580 8565 8572 8589 
24482 8526 8587 8510 8591 
24483 8529 8528 8520 8590 
24484 8583 8570 8582 8589 
24485 8584 8594 8577 8597 
24486 8497 8582 447 8595 
24487 5010 8578 8564 8594 
24488 447 8582 8574 8595 
24489 8583 8569 8570 8589 
24490 8546 8590 8540 8592 
24491 8567 8556 8557 8593 
24492 8579 8578 8594 8597 
24493 444 8580 445 8588 
24494 8580 8572 8588 8589 
24495 444 8496 8580 8595 
24496 8499 8574 8573 8595 
24497 448 8583 8582 8588 
24498 8562 8542 8596 8551 
24499 8579 8594 8576 8597 
24500 206 8579 8578 8594 
24501 8576 5011 208 8594 
24502 207 8577 8584 8594 
24503 5011 8498 8579 8576 
24504 448 446 8583 8588 
24505 8583 8575 8569 8589 
24506 8497 447 8499 8595 
24507 447 8574 8499 8595 
24508 8579 8562 8553 8597 
24509 8497 8500 446 8588 
24510 444 445 8500 8588 
24511 444 8500 8497 8588 
24512 446 8500 8575 8588 
24513 446 8575 8583 8588 
24514 5011 8576 8579 8594 
24515 8578 8564 8594 8597 
24516 8577 8564 8563 8597 
24517 8584 8571 8576 8597 
24518 8553 8596 8542 8535 
24519 8563 8550 8552 8543 
24520 8579 8553 8578 8597 
24521 8521 8520 8587 8591 
24522 444 8497 8499 8595 
24523 8583 8582 8588 8589 
24524 8526 8521 8587 8591 
24525 8574 8589 8573 8595 
24526 8584 8577 8563 8597 
24527 8581 8573 8566 8589 
24528 8582 8588 8589 8595 
24529 5011 208 8498 8576 
24530 8526 8590 8521 8591 
24531 5010 207 5011 8594 
24532 8561 8560 8548 8592 
24533 206 5010 5011 8594 
24534 206 5011 8498 8579 
24535 8519 8508 8585 8587 
24536 8497 8588 8582 8595 
24537 448 447 8497 8582 
24538 444 8580 8588 8595 
24539 444 443 8496 8595 
24540 8539 8520 8521 8590 
24541 443 8573 8581 8595 
24542 8506 8505 8585 8586 
24543 8527 8508 8587 8591 
24544 8517 8509 8585 8587 
24545 8507 8585 8501 8587 
24546 8513 8503 8504 8585 
24547 8527 8518 8508 8591 
24548 8510 8501 8508 8587 
24549 8506 8501 8502 8585 
24550 444 8499 443 8595 
24551 8519 8508 8506 8585 
24552 8523 8503 8513 8502 
24553 8581 8573 8589 8595 
24554 8578 8553 8552 8597 
24555 8517 8503 8507 8585 
24556 8535 8552 8553 8596 
24557 8552 8596 8535 8550 
24558 8550 8596 8535 8551 
24559 8551 8596 8535 8542 
24560 8618 8609 8684 8685 
24561 8637 8618 8609 8684 
24562 8637 8619 8628 8684 
24563 8625 8686 8624 8687 
24564 8643 8625 8634 8686 
24565 8641 8634 8686 8688 
24566 8645 8641 8686 8688 
24567 8646 8635 8686 8688 
24568 8635 8626 8631 8686 
24569 8626 8616 8687 8686 
24570 8645 8626 8635 8686 
24571 8674 8689 8690 8691 
24572 8673 8690 8689 8691 
24573 450 8599 453 8689 
24574 8599 8602 8689 8692 
24575 454 8681 453 8689 
24576 454 452 8682 8689 
24577 8615 8605 8603 8693 
24578 8613 8685 8607 8693 
24579 450 8689 8601 8692 
24580 8621 8608 8613 8693 
24581 8605 8604 8603 8685 
24582 8627 8617 8618 8684 
24583 8619 8604 8605 8685 
24584 8607 8685 8605 8693 
24585 8626 8687 8616 8693 
24586 8616 8687 8615 8693 
24587 8621 8612 8608 8693 
24588 8618 8617 8608 8685 
24589 8626 8616 8612 8693 
24590 8609 8603 8604 8685 
24591 8625 8687 8614 8693 
24592 8624 8623 8614 8687 
24593 8605 8685 8603 8693 
24594 8618 8684 8617 8685 
24595 8625 8615 8687 8693 
24596 8617 8611 8613 8685 
24597 8607 8605 8606 8693 
24598 8632 8623 8624 8687 
24599 8608 8603 8685 8693 
24600 8625 8624 8614 8687 
24601 8598 451 8692 8679 
24602 8626 8612 8621 8693 
24603 8618 8608 8609 8685 
24604 8630 8616 8625 8615 
24605 8611 8684 8610 8685 
24606 8623 8622 8613 8693 
24607 8599 8602 452 8689 
24608 8637 8627 8618 8684 
24609 451 8671 8602 8692 
24610 8628 8619 8620 8684 
24611 8686 8616 8687 8630 
24612 8629 8620 8628 8619 
24613 8643 8624 8625 8686 
24614 8630 8625 8616 8687 
24615 8632 8622 8623 8687 
24616 8643 8633 8624 8686 
24617 8626 8621 8687 8693 
24618 8625 8606 8615 8693 
24619 8636 8620 8611 8684 
24620 8637 8609 8619 8684 
24621 8631 8686 8626 8687 
24622 8625 8615 8616 8687 
24623 8648 8628 8636 8627 
24624 8619 8684 8609 8685 
24625 8636 8627 8628 8684 
24626 5009 205 8600 8675 
24627 8648 8638 8629 8628 
24628 8636 8628 8629 8620 
24629 8623 8687 8622 8693 
24630 8636 8611 8617 8684 
24631 8649 8636 8629 8620 
24632 8630 8645 8686 8616 
24633 8631 8626 8621 8687 
24634 8648 8637 8628 8627 
24635 8620 8610 8611 8684 
24636 8636 8617 8627 8684 
24637 8642 8631 8632 8686 
24638 8632 8624 8686 8687 
24639 8611 8610 8607 8685 
24640 8653 8642 8633 8686 
24641 8623 8614 8687 8693 
24642 8652 8641 8644 8688 
24643 8655 8643 8634 8688 
24644 8631 8621 8622 8687 
24645 8654 8653 8633 8686 
24646 8653 8646 8686 8688 
24647 8645 8634 8641 8630 
24648 8634 8625 8630 8686 
24649 8652 8688 8644 8694 
24650 8658 8641 8645 8688 
24651 450 453 8601 8689 
24652 8642 8632 8633 8686 
24653 8659 8658 8645 8688 
24654 8630 8686 8625 8687 
24655 8619 8610 8684 8685 
24656 8659 8645 8635 8688 
24657 8636 8628 8620 8684 
24658 8649 8636 8648 8629 
24659 8632 8631 8622 8687 
24660 8648 8629 8636 8628 
24661 8620 8619 8610 8684 
24662 8649 8640 8647 8636 
24663 8662 8639 8649 8695 
24664 8662 8651 8695 8696 
24665 8648 8636 8647 8627 
24666 8649 8638 8639 8629 
24667 8625 8614 8606 8693 
24668 8661 8648 8638 8695 
24669 8649 8639 8638 8695 
24670 8649 8638 8648 8695 
24671 8662 8649 8650 8695 
24672 8670 8648 8661 8695 
24673 8651 8638 8639 8695 
24674 8645 8634 8630 8686 
24675 8670 8660 8647 8695 
24676 5009 8600 203 8678 
24677 8675 8650 8660 8696 
24678 8653 8646 8642 8686 
24679 8653 8646 8688 8694 
24680 8654 8653 8688 8694 
24681 8665 8653 8654 8694 
24682 8655 8654 8643 8688 
24683 8649 8648 8638 8629 
24684 8664 8652 8657 8694 
24685 8658 8644 8641 8688 
24686 8612 8603 8608 8693 
24687 8610 8605 8607 8685 
24688 8643 8686 8634 8688 
24689 8619 8605 8610 8685 
24690 8668 8691 8657 8694 
24691 8656 8646 8653 8694 
24692 8658 8644 8688 8694 
24693 8669 8658 8659 8694 
24694 8648 8637 8638 8628 
24695 8670 8647 8648 8695 
24696 8676 8696 8675 8697 
24697 8649 8648 8647 8695 
24698 8662 8695 8650 8696 
24699 8676 8662 8650 8696 
24700 8663 8651 8662 8696 
24701 8659 8658 8688 8694 
24702 8677 8661 8651 8696 
24703 8659 8635 8646 8688 
24704 8668 8644 8658 8694 
24705 8668 8657 8644 8694 
24706 8645 8686 8635 8688 
24707 8659 8688 8646 8694 
24708 454 8599 452 8689 
24709 8679 8666 8664 8691 
24710 8660 8650 8695 8696 
24711 8646 8635 8642 8686 
24712 8654 8653 8686 8688 
24713 8645 8641 8634 8686 
24714 8666 8654 8655 8694 
24715 203 8678 8683 8697 
24716 8664 8655 8652 8694 
24717 8667 8659 8646 8694 
24718 8672 8656 8665 8691 
24719 8667 8646 8656 8694 
24720 8669 8659 8667 8694 
24721 8666 8665 8654 8694 
24722 8666 8655 8664 8694 
24723 8661 8638 8651 8695 
24724 8650 8649 8640 8695 
24725 8633 8632 8624 8686 
24726 8676 8650 8675 8696 
24727 8661 8695 8651 8696 
24728 8662 8651 8639 8695 
24729 8683 8670 8661 8696 
24730 8670 8660 8695 8696 
24731 8677 8696 8663 8697 
24732 204 203 8683 8697 
24733 5008 204 8677 8697 
24734 8616 8645 8686 8626 
24735 8680 8666 8679 8691 
24736 5009 8600 8678 8675 
24737 5009 8675 8678 8697 
24738 8674 8690 8689 8692 
24739 8679 8671 8690 8691 
24740 8692 8679 8690 8598 
24741 8667 8656 8691 8694 
24742 8655 8688 8652 8694 
24743 8622 8687 8621 8693 
24744 8680 8665 8666 8691 
24745 8673 8667 8656 8691 
24746 8614 8607 8606 8693 
24747 8622 8621 8613 8693 
24748 8680 8672 8665 8691 
24749 452 8674 8682 8689 
24750 8674 8690 8671 8691 
24751 8598 8680 8679 8690 
24752 8666 8664 8691 8694 
24753 8619 8609 8604 8685 
24754 8670 8695 8661 8696 
24755 8649 8647 8640 8695 
24756 8613 8611 8607 8685 
24757 453 8681 8673 8689 
24758 8617 8613 8608 8685 
24759 8602 8674 8689 8692 
24760 8681 8667 8673 8691 
24761 8682 8668 8669 8691 
24762 8679 451 8692 8671 
24763 8669 8691 8668 8694 
24764 8602 8671 8674 8692 
24765 8649 8647 8648 8636 
24766 8669 8668 8658 8694 
24767 8598 449 8680 8690 
24768 8632 8686 8631 8687 
24769 8671 8664 8657 8691 
24770 8671 8679 8690 8692 
24771 8673 8672 8690 8691 
24772 454 8682 8681 8689 
24773 8660 8640 8647 8695 
24774 8674 8671 8657 8691 
24775 8655 8634 8652 8688 
24776 8682 8674 8668 8691 
24777 8660 8650 8640 8695 
24778 8683 8696 8677 8697 
24779 5008 8677 8663 8697 
24780 8665 8656 8653 8694 
24781 5008 8676 205 8697 
24782 8676 8663 8662 8696 
24783 8654 8686 8643 8688 
24784 5009 8678 203 8697 
24785 453 8673 8601 8689 
24786 8655 8654 8688 8694 
24787 449 8601 8690 8692 
24788 8681 8673 8689 8691 
24789 8677 8651 8663 8696 
24790 450 8598 451 8692 
24791 449 8601 8672 8690 
24792 8674 8671 8690 8692 
24793 8601 8689 8690 8692 
24794 8642 8635 8631 8686 
24795 8678 8675 8660 8696 
24796 205 8676 8675 8697 
24797 5008 205 5009 8697 
24798 8678 8660 8670 8696 
24799 5009 203 204 8697 
24800 5009 205 8675 8697 
24801 8666 8691 8665 8694 
24802 8678 8675 8696 8697 
24803 451 8602 8599 8692 
24804 8682 8689 8674 8691 
24805 449 8672 8680 8690 
24806 8679 8664 8671 8691 
24807 8601 8673 8672 8690 
24808 8680 8690 8672 8691 
24809 8598 449 8690 8692 
24810 8682 8669 8681 8691 
24811 8673 8656 8672 8691 
24812 8680 8679 8690 8691 
24813 8683 8678 8670 8696 
24814 204 8683 8677 8697 
24815 8674 8657 8668 8691 
24816 5008 5009 204 8697 
24817 8683 8661 8677 8696 
24818 8683 8678 8696 8697 
24819 5008 8663 8676 8697 
24820 8676 8663 8696 8697 
24821 454 453 8599 8689 
24822 8601 8689 8673 8690 
24823 8664 8657 8691 8694 
24824 450 449 8598 8692 
24825 450 451 8599 8692 
24826 8657 8652 8644 8694 
24827 8637 8628 8627 8684 
24828 8682 8681 8689 8691 
24829 8617 8684 8611 8685 
24830 8623 8607 8614 8693 
24831 452 8602 8674 8689 
24832 8616 8615 8612 8693 
24833 450 8599 8689 8692 
24834 450 8601 449 8692 
24835 8654 8633 8643 8686 
24836 8681 8669 8667 8691 
24837 8665 8691 8656 8694 
24838 8615 8603 8612 8693 
24839 8623 8613 8607 8693 
24840 8613 8608 8685 8693 
24841 8669 8667 8691 8694 
24842 8652 8634 8641 8688 
24843 8615 8605 8604 8603 
24844 8615 8606 8605 8693 
24845 8609 8608 8603 8685 
24846 8766 8764 8781 8782 
24847 8770 8764 8754 8782 
24848 8766 8781 8765 8782 
24849 8770 8754 8769 8782 
24850 8777 8781 8769 8782 
24851 8777 8776 8781 8782 
24852 8776 8761 8768 8782 
24853 8765 8781 8755 8782 
24854 8768 8761 8755 8782 
24855 8714 8713 8703 8783 
24856 8719 8707 8703 8783 
24857 8709 8715 8729 8716 
24858 8713 8705 8703 8783 
24859 8732 8726 8717 8784 
24860 8706 8783 8704 8785 
24861 8717 8704 8707 8785 
24862 8729 8715 8714 8708 
24863 8770 8781 8786 8787 
24864 8723 8722 8719 8785 
24865 8722 8784 8718 8785 
24866 8707 8704 8783 8785 
24867 8729 8716 8721 8709 
24868 8714 8709 8713 8783 
24869 8732 8717 8718 8784 
24870 8725 8720 8712 8784 
24871 8719 8783 8711 8785 
24872 8717 8712 8704 8785 
24873 8718 8784 8717 8785 
24874 8714 8703 8707 8783 
24875 8722 8718 8710 8785 
24876 8731 8729 8730 8721 
24877 8721 8729 8709 8713 
24878 8733 8727 8722 8784 
24879 8733 8722 8723 8784 
24880 8729 8728 8714 8713 
24881 8708 8707 8704 8783 
24882 8715 8709 8714 8783 
24883 8717 8784 8712 8785 
24884 8727 8718 8722 8784 
24885 8733 8727 8784 8788 
24886 8723 8784 8722 8785 
24887 8744 8732 8727 8788 
24888 8729 8731 8747 8746 
24889 8781 8786 8787 8789 
24890 8726 8725 8712 8784 
24891 8730 8729 8731 8747 
24892 8731 8728 8729 8721 
24893 8733 8723 8724 8784 
24894 8716 8715 8729 8730 
24895 8723 8711 8720 8785 
24896 8718 8717 8710 8785 
24897 8725 8724 8720 8784 
24898 455 8769 8777 8786 
24899 8724 8723 8720 8784 
24900 8741 8740 8724 8788 
24901 8735 8727 8733 8788 
24902 8719 8707 8783 8785 
24903 8720 8712 8784 8785 
24904 8742 8725 8726 8788 
24905 8742 8726 8738 8788 
24906 8725 8724 8784 8788 
24907 8742 8741 8725 8788 
24908 8744 8727 8735 8788 
24909 8699 459 8701 8786 
24910 8746 8731 8737 8728 
24911 8699 459 8786 8787 
24912 8746 8729 8731 8728 
24913 8756 8782 8743 8790 
24914 8757 8756 8744 8790 
24915 8738 8732 8734 8788 
24916 8720 8706 8712 8785 
24917 8739 8735 8788 8790 
24918 8731 8748 8747 8746 
24919 8738 8726 8732 8788 
24920 8737 8728 8731 8721 
24921 8732 8718 8727 8784 
24922 8732 8726 8784 8788 
24923 8714 8729 8709 8715 
24924 8749 8748 8736 8731 
24925 8732 8784 8727 8788 
24926 8767 8748 8747 8736 
24927 8767 8748 8736 8791 
24928 8747 8736 8731 8730 
24929 8780 8773 8791 8792 
24930 8767 8759 8748 8791 
24931 8774 8748 8760 8791 
24932 8760 8748 8759 8791 
24933 8757 8744 8735 8790 
24934 8743 8738 8734 8790 
24935 8726 8725 8784 8788 
24936 8742 8741 8788 8790 
24937 8733 8784 8724 8788 
24938 8740 8739 8733 8788 
24939 8744 8734 8788 8790 
24940 8756 8734 8744 8790 
24941 8739 8735 8733 8788 
24942 8744 8734 8732 8788 
24943 8750 8742 8738 8790 
24944 8751 8782 8745 8790 
24945 8762 8751 8752 8790 
24946 8751 8739 8740 8790 
24947 8753 8742 8750 8790 
24948 8740 8739 8788 8790 
24949 8741 8724 8725 8788 
24950 456 8786 455 8789 
24951 8750 8738 8743 8790 
24952 8755 8743 8782 8790 
24953 8752 8751 8740 8790 
24954 8751 8745 8739 8790 
24955 8764 8757 8745 8782 
24956 8779 8771 8781 8787 
24957 8752 8740 8741 8790 
24958 8729 8721 8728 8713 
24959 8753 8741 8742 8790 
24960 8763 8761 8782 8790 
24961 8713 8729 8709 8714 
24962 8761 8750 8755 8790 
24963 8741 8740 8788 8790 
24964 8736 8748 8747 8731 
24965 8759 8746 8748 8737 
24966 8767 8747 8758 8736 
24967 8754 8745 8751 8782 
24968 8767 8736 8758 8791 
24969 8757 8735 8745 8790 
24970 8756 8743 8734 8790 
24971 8723 8720 8784 8785 
24972 8744 8788 8735 8790 
24973 8761 8753 8750 8790 
24974 8777 8762 8763 8782 
24975 8776 8768 8781 8782 
24976 8698 455 8777 8789 
24977 8761 8755 8782 8790 
24978 5119 8760 8773 8792 
24979 8745 8735 8739 8790 
24980 8763 8762 8752 8790 
24981 8767 8748 8759 8746 
24982 8765 8743 8756 8782 
24983 8757 8745 8782 8790 
24984 8738 8788 8734 8790 
24985 8777 8769 8762 8782 
24986 8776 8763 8761 8782 
24987 8711 8705 8709 8783 
24988 8763 8752 8753 8790 
24989 8740 8733 8724 8788 
24990 8774 8791 8760 8792 
24991 8780 8759 8767 8791 
24992 8774 8749 8748 8791 
24993 8773 8760 8759 8791 
24994 8766 8757 8764 8782 
24995 8715 8714 8708 8783 
24996 8770 8781 8769 8786 
24997 8775 8772 8758 8791 
24998 214 5120 8775 8792 
24999 8772 8792 5120 216 
25000 8771 8755 8765 8781 
25001 460 458 8779 8787 
25002 8726 8712 8717 8784 
25003 457 8776 8768 8789 
25004 8763 8782 8762 8790 
25005 458 8702 8771 8787 
25006 8768 8781 8787 8789 
25007 456 8702 8699 8787 
25008 8762 8782 8751 8790 
25009 8777 8763 8776 8782 
25010 8764 8745 8754 8782 
25011 8771 8768 8755 8781 
25012 8770 8769 8781 8782 
25013 8780 8773 8759 8791 
25014 8755 8750 8743 8790 
25015 8749 8736 8748 8791 
25016 8702 8768 8771 8787 
25017 8702 8768 8787 8789 
25018 8698 8777 8776 8789 
25019 8771 8768 8781 8787 
25020 8746 8748 8747 8767 
25021 8778 8781 8770 8787 
25022 8779 8766 8778 8781 
25023 460 8778 459 8787 
25024 8730 8716 8721 8729 
25025 8777 8786 8781 8789 
25026 8778 8764 8770 8781 
25027 459 8778 8770 8787 
25028 456 8699 8786 8787 
25029 459 8770 8786 8787 
25030 8765 8755 8743 8782 
25031 8757 8782 8756 8790 
25032 8762 8754 8751 8782 
25033 5119 8773 215 8792 
25034 216 8792 5120 215 
25035 8777 8781 8776 8789 
25036 456 8699 8701 8786 
25037 8772 8767 8758 8791 
25038 456 8787 8786 8789 
25039 460 8779 8778 8787 
25040 8742 8788 8738 8790 
25041 214 8775 8774 8792 
25042 8792 8780 216 8772 
25043 5119 8774 8760 8792 
25044 8766 8756 8757 8782 
25045 8778 8766 8764 8781 
25046 215 8773 8780 8792 
25047 5120 8700 8775 8772 
25048 8777 8769 8781 8786 
25049 8770 8781 8764 8782 
25050 8776 8781 8768 8789 
25051 459 8770 8701 8786 
25052 8719 8703 8705 8783 
25053 8699 8702 458 8787 
25054 455 8701 8769 8786 
25055 456 457 8702 8789 
25056 456 8702 8787 8789 
25057 8779 8765 8766 8781 
25058 8779 8771 8765 8781 
25059 5120 8772 8775 8792 
25060 8775 8791 8774 8792 
25061 8766 8765 8756 8782 
25062 8748 8737 8746 8731 
25063 8780 8767 8772 8791 
25064 8773 8760 8791 8792 
25065 5120 216 8700 8772 
25066 8715 8704 8706 8783 
25067 8701 8770 8769 8786 
25068 215 8780 216 8792 
25069 457 8698 8776 8789 
25070 214 5120 8700 8775 
25071 8714 8707 8708 8783 
25072 460 8699 458 8787 
25073 5119 215 5120 8792 
25074 214 8774 5119 8792 
25075 455 8786 8777 8789 
25076 8715 8706 8709 8783 
25077 8763 8753 8761 8790 
25078 214 5119 5120 8792 
25079 8758 8736 8749 8791 
25080 8780 8791 8772 8792 
25081 8779 8781 8778 8787 
25082 460 459 8699 8787 
25083 8769 8754 8762 8782 
25084 458 8771 8779 8787 
25085 456 455 8698 8789 
25086 457 8768 8702 8789 
25087 8775 8758 8749 8791 
25088 8731 8721 8730 8716 
25089 8768 8755 8781 8782 
25090 8715 8708 8704 8783 
25091 8753 8752 8741 8790 
25092 8719 8705 8711 8783 
25093 8722 8710 8719 8785 
25094 8719 8710 8707 8785 
25095 8717 8707 8710 8785 
25096 8720 8711 8706 8785 
25097 8711 8709 8706 8783 
25098 8713 8709 8705 8783 
25099 456 8701 455 8786 
25100 8711 8783 8706 8785 
25101 8723 8719 8711 8785 
25102 8775 8772 8791 8792 
25103 8712 8706 8704 8785 
25104 8775 8749 8774 8791 
25105 456 8698 457 8789 
25106 8861 8879 8860 8880 
25107 8876 8862 8868 8880 
25108 8866 8859 8851 8880 
25109 8861 8859 8879 8880 
25110 8869 8866 8851 8880 
25111 8877 8879 8869 8880 
25112 8877 8876 8879 8880 
25113 8876 8881 8879 8882 
25114 8805 8804 8801 8883 
25115 8825 8809 8810 8884 
25116 8805 8799 8804 8883 
25117 8806 8805 8800 8799 
25118 8814 8812 8813 8804 
25119 8803 8799 8798 8883 
25120 8812 8813 8806 8814 
25121 8823 8814 8815 8813 
25122 8830 8814 8823 8813 
25123 8814 8805 8804 8801 
25124 8812 8803 8804 8799 
25125 8808 8804 8803 8883 
25126 8826 8811 8816 8884 
25127 8811 8802 8801 8883 
25128 8819 8816 8808 8884 
25129 8815 8806 8814 8805 
25130 8814 8804 8807 8801 
25131 8821 8812 8806 8799 
25132 8821 8813 8806 8812 
25133 8811 8802 8883 8884 
25134 8817 8810 8802 8884 
25135 8806 8814 8799 8812 
25136 8815 8813 8806 8821 
25137 8804 8814 8799 8805 
25138 8820 8819 8808 8884 
25139 8826 8818 8811 8884 
25140 8811 8801 8807 8883 
25141 8822 8813 8821 8812 
25142 8810 8798 8800 8883 
25143 8826 8884 8819 8885 
25144 8839 8819 8820 8885 
25145 8805 8800 8799 8883 
25146 8825 8884 8817 8885 
25147 8810 8809 8798 8883 
25148 8836 8817 8818 8885 
25149 8835 8825 8817 8885 
25150 8816 8883 8808 8884 
25151 8825 8820 8884 8885 
25152 8824 8821 8815 8806 
25153 8818 8802 8811 8884 
25154 8808 8803 8798 8883 
25155 8843 8832 8841 8824 
25156 8822 8815 8821 8813 
25157 8826 8816 8819 8884 
25158 8830 8823 8822 8813 
25159 8830 8823 8829 8822 
25160 8843 8830 8831 8823 
25161 8807 8801 8804 8883 
25162 8843 8824 8823 8815 
25163 8837 8826 8833 8885 
25164 8822 8823 8829 8824 
25165 8810 8800 8802 8883 
25166 8825 8820 8809 8884 
25167 8853 8828 8840 8886 
25168 8848 8847 8835 8886 
25169 8812 8814 8799 8804 
25170 8849 8848 8836 8886 
25171 8828 8820 8825 8885 
25172 8837 8818 8826 8885 
25173 8849 8836 8837 8886 
25174 8835 8834 8885 8886 
25175 8818 8817 8802 8884 
25176 8837 8836 8818 8885 
25177 8834 8828 8885 8886 
25178 8839 8827 8819 8885 
25179 8824 8822 8823 8815 
25180 8852 8827 8839 8886 
25181 8839 8885 8828 8886 
25182 8833 8826 8827 8885 
25183 8849 8837 8846 8886 
25184 8855 8830 8843 8829 
25185 8852 8838 8827 8886 
25186 8824 8823 8829 8843 
25187 8816 8811 8883 8884 
25188 8865 8857 8855 8856 
25189 8832 8865 8843 8841 
25190 8865 8854 8841 8832 
25191 8826 8818 8884 8885 
25192 8855 8830 8829 8822 
25193 8843 8841 8829 8824 
25194 8843 8823 8829 8830 
25195 8857 8842 8845 8831 
25196 8855 8842 8831 8830 
25197 8848 8835 8836 8886 
25198 8839 8820 8828 8885 
25199 8834 8828 8825 8885 
25200 8861 8848 8849 8886 
25201 8846 8833 8838 8886 
25202 8827 8826 8819 8885 
25203 8863 8851 8838 8880 
25204 8837 8885 8833 8886 
25205 8838 8863 8880 8852 
25206 8846 8837 8833 8886 
25207 8840 8828 8834 8886 
25208 8820 8819 8884 8885 
25209 8859 8849 8846 8886 
25210 8860 8847 8848 8886 
25211 8846 8838 8880 8886 
25212 8853 8839 8828 8886 
25213 8864 8852 8886 8880 
25214 8816 8804 8808 8883 
25215 8835 8834 8825 8885 
25216 8820 8808 8809 8884 
25217 5117 8871 213 8887 
25218 464 8797 8869 8881 
25219 8850 8840 8847 8880 
25220 8823 8815 8822 8813 
25221 8824 8821 8822 8815 
25222 8857 8843 8844 8832 
25223 8836 8835 8817 8885 
25224 8837 8836 8885 8886 
25225 8865 8832 8857 8888 
25226 8865 8857 8856 8888 
25227 8872 8856 8845 8888 
25228 8873 8854 8865 8888 
25229 8889 8874 8882 8793 
25230 8814 8813 8806 8815 
25231 8872 8858 8887 8888 
25232 8857 8832 8844 8888 
25233 8865 8854 8832 8888 
25234 8854 8844 8832 8888 
25235 8810 8883 8802 8884 
25236 8871 8858 8857 8888 
25237 8870 8844 8854 8888 
25238 8871 8870 8887 8888 
25239 8825 8810 8817 8884 
25240 8858 8845 8857 8888 
25241 8841 8865 8843 8855 
25242 462 8793 463 8889 
25243 8857 8856 8845 8842 
25244 8871 8857 8844 8888 
25245 8871 8844 8870 8888 
25246 8873 8887 8870 8888 
25247 212 211 8878 8887 
25248 5118 8795 8873 8870 
25249 466 464 8877 8881 
25250 8881 8882 8889 8866 
25251 466 8881 8876 8890 
25252 8859 8846 8851 8880 
25253 462 8796 8889 8890 
25254 8876 8868 8879 8880 
25255 8838 8833 8827 8886 
25256 8860 8879 8850 8880 
25257 8860 8850 8847 8880 
25258 8864 8852 8853 8886 
25259 8869 8879 8866 8880 
25260 8843 8857 8855 8865 
25261 8881 8889 8882 8890 
25262 8871 8887 8858 8888 
25263 8857 8865 8843 8832 
25264 8855 8831 8843 8830 
25265 8842 8857 8855 8831 
25266 8878 8865 8856 8888 
25267 8831 8857 8855 8843 
25268 8873 8870 8854 8888 
25269 8878 8873 8865 8888 
25270 8872 8845 8858 8888 
25271 8878 8856 8872 8888 
25272 8874 8861 8859 8879 
25273 8839 8827 8885 8886 
25274 8861 8849 8859 8886 
25275 8861 8880 8860 8886 
25276 8869 8851 8863 8880 
25277 8861 8859 8880 8886 
25278 8868 8862 8850 8880 
25279 8867 8850 8860 8879 
25280 8880 8852 8886 8838 
25281 8866 8874 8882 8889 
25282 8864 8862 8880 8886 
25283 8847 8840 8834 8886 
25284 8851 8846 8838 8880 
25285 8875 8860 8861 8879 
25286 8864 8853 8862 8886 
25287 8859 8846 8880 8886 
25288 8874 8859 8866 8879 
25289 8793 461 8882 8889 
25290 8869 8866 8879 8881 
25291 8874 463 8889 8866 
25292 8793 8875 8874 8882 
25293 8836 8835 8885 8886 
25294 466 465 8794 8890 
25295 8852 8863 8880 8864 
25296 8876 8879 8868 8882 
25297 461 8796 8867 8882 
25298 465 8876 8868 8890 
25299 462 8794 465 8890 
25300 8860 8880 8847 8886 
25301 8868 8879 8867 8882 
25302 8875 8867 8860 8879 
25303 8876 8864 8862 8880 
25304 8874 8879 8866 8882 
25305 8796 8882 8889 8890 
25306 8847 8880 8840 8886 
25307 8866 8879 8881 8882 
25308 8796 8868 8882 8890 
25309 466 8877 8876 8881 
25310 8877 8869 8863 8880 
25311 8847 8834 8835 8886 
25312 8866 8879 8859 8880 
25313 8868 8850 8867 8879 
25314 8878 8872 8887 8888 
25315 8818 8817 8884 8885 
25316 213 8871 8870 8887 
25317 5117 212 8872 8887 
25318 212 8878 8872 8887 
25319 8856 8857 8855 8842 
25320 462 8796 461 8889 
25321 8876 8882 8868 8890 
25322 8793 461 8875 8882 
25323 8875 8861 8874 8879 
25324 8862 8840 8880 8886 
25325 8796 8868 8867 8882 
25326 8794 8797 464 8881 
25327 8793 463 8889 8874 
25328 8809 8808 8883 8884 
25329 211 8873 8878 8887 
25330 5118 213 8870 8887 
25331 5117 8858 8871 8887 
25332 5118 8870 8873 8887 
25333 8855 8843 8841 8829 
25334 5117 5118 212 8887 
25335 5117 8872 8858 8887 
25336 8829 8822 8824 8821 
25337 8881 8866 8889 8797 
25338 8877 8869 8879 8881 
25339 8868 8850 8879 8880 
25340 461 8867 8875 8882 
25341 8875 8867 8879 8882 
25342 8877 8864 8876 8880 
25343 462 461 8793 8889 
25344 462 465 8796 8890 
25345 8794 8889 8881 8890 
25346 8866 8889 8797 463 
25347 5118 8873 211 8887 
25348 5118 8795 211 8873 
25349 5117 213 5118 8887 
25350 466 8876 465 8890 
25351 464 8869 8877 8881 
25352 466 8794 8881 8890 
25353 466 8794 464 8881 
25354 8821 8803 8812 8799 
25355 8877 8879 8876 8881 
25356 465 8868 8796 8890 
25357 8875 8879 8874 8882 
25358 8797 8889 8794 463 
25359 8862 8840 8850 8880 
25360 462 463 8794 8889 
25361 8797 8866 8869 8881 
25362 8877 8863 8864 8880 
25363 8862 8853 8840 8886 
25364 8861 8860 8848 8886 
25365 8853 8852 8839 8886 
25366 8833 8885 8827 8886 
25367 8804 8799 8803 8883 
25368 461 8796 8882 8889 
25369 8805 8814 8799 8806 
25370 5118 211 212 8887 
25371 8876 8881 8882 8890 
25372 8809 8808 8798 8883 
25373 8805 8801 8800 8883 
25374 8800 8798 8799 8883 
25375 8816 8807 8804 8883 
25376 8802 8800 8801 8883 
25377 8816 8811 8807 8883 
25378 8878 8887 8873 8888 
25379 8857 8845 8856 8888 
25380 5118 213 8795 8870 
25381 8810 8809 8883 8884 
25382 462 8889 8794 8890 
25383 8881 8797 8889 8794 
25384 8920 8903 8906 8978 
25385 8919 8902 8914 8903 
25386 8914 8903 8902 8979 
25387 8911 8901 8908 8979 
25388 8920 8919 8903 8978 
25389 8906 8903 8899 8979 
25390 8924 8917 8909 8980 
25391 8906 8904 8978 8979 
25392 8905 8896 8902 8978 
25393 8898 8896 8978 8979 
25394 8910 8909 8902 8979 
25395 8906 8978 8903 8979 
25396 8911 8900 8979 8980 
25397 8917 8908 8979 8980 
25398 8911 8900 8897 8979 
25399 8902 8903 8978 8979 
25400 8910 8896 8900 8979 
25401 8922 8905 8921 8981 
25402 8930 8915 8922 8981 
25403 8915 8907 8978 8981 
25404 8907 8906 8904 8978 
25405 8917 8908 8899 8979 
25406 8921 8905 8913 8981 
25407 8914 8899 8903 8979 
25408 8928 8920 8923 8981 
25409 8911 8897 8901 8979 
25410 8911 8979 8908 8980 
25411 8913 8905 8902 8978 
25412 8925 8924 8910 8980 
25413 8933 8917 8924 8980 
25414 8917 8899 8914 8979 
25415 8908 8901 8899 8979 
25416 8917 8914 8909 8979 
25417 8898 8897 8896 8979 
25418 8927 8921 8913 8981 
25419 8930 8916 8907 8981 
25420 8910 8909 8979 8980 
25421 8933 8924 8925 8980 
25422 8944 8925 8934 8924 
25423 8925 8912 8918 8980 
25424 8922 8915 8905 8981 
25425 8912 8910 8900 8980 
25426 8942 8923 8930 8982 
25427 8918 8911 8908 8980 
25428 8918 8912 8911 8980 
25429 8942 8930 8939 8982 
25430 8925 8910 8912 8980 
25431 8983 8984 8975 8985 
25432 8916 8978 8907 8981 
25433 8928 8919 8920 8981 
25434 8933 8925 8918 8980 
25435 8930 8923 8916 8981 
25436 8938 8922 8921 8982 
25437 8919 8913 8902 8978 
25438 8942 8930 8923 8916 
25439 8910 8902 8896 8979 
25440 8912 8900 8911 8980 
25441 8920 8919 8978 8981 
25442 470 8895 8976 8986 
25443 8938 8921 8929 8982 
25444 8937 8928 8932 8982 
25445 8934 8925 8933 8924 
25446 8930 8923 8981 8982 
25447 8934 8926 8933 8925 
25448 8916 8906 8907 8978 
25449 8927 8913 8919 8981 
25450 8936 8933 8926 8918 
25451 8902 8978 8896 8979 
25452 8933 8908 8917 8980 
25453 8936 8933 8934 8926 
25454 8933 8918 8908 8980 
25455 8937 8927 8928 8982 
25456 8938 8931 8922 8982 
25457 8922 8981 8921 8982 
25458 8952 8939 8940 8987 
25459 8947 8929 8937 8982 
25460 8944 8936 8934 8926 
25461 8983 470 8975 8986 
25462 8954 8932 8942 8982 
25463 8906 8901 8904 8979 
25464 8939 8982 8931 8987 
25465 8939 8930 8931 8982 
25466 8949 8938 8929 8982 
25467 8948 8931 8938 8987 
25468 8954 8941 8932 8982 
25469 8937 8929 8927 8982 
25470 8942 8982 8939 8987 
25471 8949 8948 8938 8987 
25472 8954 8942 8952 8987 
25473 8930 8981 8922 8982 
25474 8919 8913 8978 8981 
25475 8923 8920 8916 8981 
25476 8936 8988 8945 8946 
25477 8964 8944 8943 8934 
25478 8964 8943 8935 8946 
25479 8946 8936 8935 8926 
25480 8944 8935 8926 8925 
25481 8964 8955 8946 8935 
25482 8928 8927 8981 8982 
25483 8977 8968 8988 8989 
25484 8969 8945 8957 8988 
25485 8968 8957 8988 8989 
25486 8957 8945 8956 8988 
25487 8930 8907 8915 8981 
25488 8947 8982 8941 8987 
25489 8962 8987 8961 8985 
25490 8915 8898 8905 8978 
25491 470 8984 8986 8983 
25492 8951 8940 8950 8987 
25493 8950 8940 8939 8987 
25494 8932 8928 8923 8982 
25495 8953 8947 8941 8987 
25496 8949 8938 8982 8987 
25497 8954 8982 8942 8987 
25498 8961 8987 8951 8985 
25499 8933 8925 8926 8918 
25500 8900 8896 8897 8979 
25501 8944 8935 8936 8926 
25502 8928 8981 8923 8982 
25503 8920 8978 8916 8981 
25504 8915 8978 8905 8981 
25505 8946 8943 8935 8936 
25506 8949 8982 8947 8987 
25507 8924 8909 8910 8980 
25508 8950 8939 8931 8987 
25509 8942 8932 8923 8982 
25510 8946 8988 8964 8943 
25511 8958 8949 8947 8987 
25512 8962 8954 8952 8987 
25513 8947 8937 8941 8982 
25514 8960 8948 8949 8987 
25515 8952 8942 8939 8987 
25516 8943 8934 8936 8933 
25517 8960 8949 8958 8987 
25518 8949 8929 8947 8982 
25519 8956 8988 8945 8936 
25520 8959 8951 8987 8985 
25521 8963 8941 8954 8987 
25522 8964 8946 8955 8988 
25523 8961 8952 8940 8987 
25524 8943 8988 8964 8956 
25525 8904 8898 8978 8979 
25526 8974 8961 8973 8985 
25527 8954 8941 8982 8987 
25528 8941 8937 8932 8982 
25529 8950 8931 8948 8987 
25530 8963 8954 8962 8987 
25531 8926 8918 8925 8912 
25532 8929 8921 8927 8982 
25533 8920 8906 8916 8978 
25534 8959 8951 8950 8987 
25535 8972 8966 8959 8985 
25536 8958 8947 8953 8987 
25537 8971 8960 8958 8985 
25538 8974 8962 8961 8985 
25539 8960 8959 8948 8987 
25540 8963 8953 8941 8987 
25541 8944 8936 8943 8934 
25542 8913 8905 8978 8981 
25543 8960 8959 8987 8985 
25544 8977 8956 8964 8988 
25545 8962 8952 8961 8987 
25546 8988 8943 8936 8956 
25547 8964 8944 8955 8935 
25548 8984 470 8895 468 
25549 8968 8957 8956 8988 
25550 8944 8926 8934 8925 
25551 8977 8964 8967 8988 
25552 5233 8957 8968 8989 
25553 8931 8930 8922 8982 
25554 221 5234 8970 8989 
25555 223 8977 8967 8989 
25556 8960 8987 8958 8985 
25557 8971 8958 8965 8985 
25558 8905 8898 8896 8978 
25559 469 8971 8965 8990 
25560 8984 8975 8985 8976 
25561 8972 8959 8960 8985 
25562 8973 8961 8951 8985 
25563 8915 8907 8904 8978 
25564 8972 8960 8971 8985 
25565 8976 8965 8953 8985 
25566 8963 8987 8962 8985 
25567 8967 8964 8955 8988 
25568 8958 8987 8953 8985 
25569 8963 8953 8987 8985 
25570 8891 467 8972 8990 
25571 8971 8985 8965 8990 
25572 8975 8962 8974 8985 
25573 8891 8972 8971 8990 
25574 8895 8976 8986 8984 
25575 8976 8963 8975 8985 
25576 8972 8985 8971 8990 
25577 8976 8953 8963 8985 
25578 8976 8965 8985 8984 
25579 469 8891 8971 8990 
25580 8966 8951 8959 8985 
25581 8969 8946 8945 8988 
25582 8892 471 8894 8983 
25583 222 8977 223 8989 
25584 8970 8988 8969 8989 
25585 8975 8974 8983 8985 
25586 8966 8985 8990 8984 
25587 8975 8963 8962 8985 
25588 472 8974 471 8983 
25589 5233 8969 8957 8989 
25590 221 8969 5233 8989 
25591 5234 223 8967 8989 
25592 472 470 8975 8983 
25593 5234 8893 8970 8967 
25594 5233 8968 222 8989 
25595 5234 8967 8970 8989 
25596 467 8892 8894 8990 
25597 8892 8983 8894 8984 
25598 468 8984 8990 469 
25599 467 8966 8972 8990 
25600 8970 8967 8955 8988 
25601 221 8970 8969 8989 
25602 8970 8955 8946 8988 
25603 8969 8988 8957 8989 
25604 8961 8940 8951 8987 
25605 8944 8943 8935 8964 
25606 468 8892 467 8990 
25607 8965 8958 8953 8985 
25608 8946 8945 8936 8926 
25609 8972 8966 8985 8990 
25610 8894 8966 8990 8984 
25611 469 8984 8990 8965 
25612 472 8975 8974 8983 
25613 471 8973 8894 8983 
25614 8946 8943 8936 8988 
25615 470 8975 8986 8976 
25616 468 467 8891 8990 
25617 8965 8895 469 8984 
25618 8892 8894 8990 8984 
25619 8894 8983 8966 8984 
25620 8974 8973 8983 8985 
25621 222 8968 8977 8989 
25622 8977 8968 8956 8988 
25623 8983 8892 470 8984 
25624 5234 223 8893 8967 
25625 8984 8892 470 468 
25626 8966 8983 8985 8984 
25627 8986 8975 8984 8976 
25628 472 471 8892 8983 
25629 5233 222 5234 8989 
25630 471 8974 8973 8983 
25631 8973 8951 8966 8985 
25632 8919 8902 8903 8978 
25633 8928 8927 8919 8981 
25634 8927 8921 8981 8982 
25635 8970 8967 8988 8989 
25636 221 5234 8893 8970 
25637 8906 8899 8901 8979 
25638 8983 8986 8975 8984 
25639 468 8891 469 8990 
25640 472 8892 470 8983 
25641 8986 8984 470 8895 
25642 8970 8946 8969 8988 
25643 8909 8914 8902 8979 
25644 8895 8965 8976 8984 
25645 8910 8979 8900 8980 
25646 467 8894 8966 8990 
25647 8904 8897 8898 8979 
25648 8904 8901 8897 8979 
25649 8917 8979 8909 8980 
25650 8915 8904 8898 8978 
25651 8894 8973 8966 8983 
25652 8936 8943 8935 8944 
25653 8977 8988 8967 8989 
25654 8959 8950 8948 8987 
25655 8938 8931 8982 8987 
25656 5234 222 223 8989 
25657 221 5233 5234 8989 
25658 468 8892 8990 8984 
25659 8984 8895 469 468 
25660 8965 8990 8985 8984 
25661 8973 8966 8983 8985 
25662 9073 9080 9062 9081 
25663 9067 9060 9054 9081 
25664 9078 9067 9054 9081 
25665 9062 9080 9061 9081 
25666 474 8991 9082 9083 
25667 9061 9080 9051 9081 
25668 9078 9077 9080 9081 
25669 9077 9064 9076 9081 
25670 9076 9064 9063 9081 
25671 9063 9051 9080 9081 
25672 9009 8997 9002 9084 
25673 9014 9013 9005 9085 
25674 9015 8997 8998 9084 
25675 9018 9001 9010 9084 
25676 9011 9002 9004 9085 
25677 9021 9011 9012 9085 
25678 9012 9011 9004 9085 
25679 9009 9003 9001 9084 
25680 477 9082 9076 9083 
25681 9009 9001 9003 9000 
25682 9033 9004 9013 9085 
25683 9013 9009 9005 9000 
25684 9011 9006 9002 9085 
25685 9018 9017 9009 9084 
25686 9010 9001 9007 9084 
25687 9016 8998 9008 9086 
25688 9009 9002 9000 9003 
25689 9027 9016 9008 9086 
25690 9008 8998 9084 9086 
25691 9012 9004 9011 9003 
25692 9015 9010 9007 9084 
25693 9019 9018 9010 9086 
25694 475 9082 9073 9087 
25695 9015 9002 8997 9084 
25696 9005 9002 9000 9009 
25697 9017 9008 9084 9086 
25698 9020 9019 9010 9086 
25699 9023 9013 9014 9085 
25700 9029 9027 9086 9088 
25701 9032 9006 9011 9085 
25702 9026 9025 9016 9088 
25703 9020 9015 9010 9007 
25704 9029 9017 9018 9086 
25705 9037 9031 9024 9088 
25706 9004 9002 9000 9005 
25707 9027 9016 9086 9088 
25708 9029 9027 9017 9086 
25709 9042 9019 9020 9088 
25710 9030 9029 9019 9088 
25711 9016 9015 8998 9086 
25712 9020 9019 9086 9088 
25713 9029 9086 9019 9088 
25714 9018 9017 9084 9086 
25715 9032 9011 9021 9085 
25716 9073 9082 9080 9087 
25717 9032 9021 9023 9085 
25718 9076 9080 9082 9087 
25719 9023 9021 9022 9085 
25720 9018 9084 9010 9086 
25721 9044 9034 9032 9021 
25722 9025 9015 9016 9086 
25723 9013 9005 9004 9000 
25724 9014 9005 9006 9085 
25725 9025 9024 9015 9086 
25726 9031 9020 9024 9088 
25727 9034 9022 9023 9021 
25728 9023 9022 9013 9085 
25729 9020 9010 9015 9086 
25730 9037 9025 9026 9088 
25731 8998 8997 8996 9084 
25732 9037 9088 9026 9089 
25733 9042 9030 9019 9088 
25734 9048 9037 9026 9089 
25735 9037 9024 9025 9088 
25736 9042 9088 9031 9089 
25737 9049 9026 9038 9089 
25738 9018 9009 9001 9084 
25739 9024 9020 9086 9088 
25740 9007 9001 9003 9084 
25741 9038 9026 9088 9089 
25742 9038 9027 9028 9088 
25743 9042 9020 9031 9088 
25744 9008 8996 8999 9084 
25745 9048 9039 9037 9089 
25746 9053 9028 9040 9089 
25747 9049 9048 9026 9089 
25748 9053 9040 9041 9089 
25749 9040 9028 9027 9088 
25750 9039 9031 9037 9089 
25751 9050 9049 9038 9089 
25752 9055 9042 9052 9089 
25753 9040 9028 9088 9089 
25754 9044 9032 9043 9021 
25755 9006 9005 9002 9085 
25756 9003 9002 9000 9004 
25757 9032 9023 9014 9085 
25758 9045 9044 9043 9090 
25759 9066 9056 9043 9090 
25760 9058 9035 9045 9090 
25761 9066 9043 9044 9090 
25762 9045 9035 9034 9090 
25763 9021 9034 9032 9023 
25764 9038 9026 9016 9088 
25765 9034 9033 9022 9021 
25766 9045 9034 9035 9023 
25767 9047 9034 9035 9090 
25768 9045 9034 9044 9090 
25769 9040 9027 9029 9088 
25770 9057 9044 9034 9090 
25771 9025 9086 9016 9088 
25772 9045 9034 9032 9044 
25773 9044 9033 9034 9021 
25774 9058 9047 9090 9091 
25775 9069 9046 9056 9091 
25776 9040 9029 9030 9088 
25777 9062 9061 9049 9081 
25778 9055 9030 9042 9089 
25779 9015 9003 9002 9084 
25780 478 9082 8992 9087 
25781 9045 9043 9044 9032 
25782 9009 9005 9002 8997 
25783 9050 9038 9028 9089 
25784 9037 9031 9088 9089 
25785 9063 9052 9039 9089 
25786 9023 9034 9032 9045 
25787 8999 8996 8997 9084 
25788 9056 9046 9036 9090 
25789 9045 9043 9036 9090 
25790 5232 220 8993 9069 
25791 5232 8993 9072 9069 
25792 9052 9031 9039 9089 
25793 9045 9032 9023 9014 
25794 9056 9036 9043 9090 
25795 9058 9090 9046 9091 
25796 9059 9047 9058 9091 
25797 9070 9059 9058 9091 
25798 9058 9045 9046 9090 
25799 9066 9056 9090 9091 
25800 9071 9047 9059 9091 
25801 9072 9056 9066 9091 
25802 9054 9053 9041 9081 
25803 9046 9045 9036 9090 
25804 9048 9081 9039 9089 
25805 9057 9034 9047 9090 
25806 9013 9004 9005 9085 
25807 9064 9052 9063 9089 
25808 9052 9042 9031 9089 
25809 9038 9016 9027 9088 
25810 9065 9041 9055 9089 
25811 9073 9062 9060 9081 
25812 9060 9053 9054 9081 
25813 9038 9088 9028 9089 
25814 9062 9049 9050 9081 
25815 9061 9048 9049 9081 
25816 9063 9039 9051 9081 
25817 9049 9081 9048 9089 
25818 9041 9040 9030 9089 
25819 9076 9063 9075 9080 
25820 9053 9050 9028 9089 
25821 9074 9061 9062 9080 
25822 9075 9063 9051 9080 
25823 9061 9051 9048 9081 
25824 9042 9030 9088 9089 
25825 9025 9024 9086 9088 
25826 9040 9088 9030 9089 
25827 9077 9065 9064 9081 
25828 9015 9010 9084 9086 
25829 9078 9067 9080 9087 
25830 9075 9080 9068 9083 
25831 9076 9082 9080 9083 
25832 9050 9081 9049 9089 
25833 9072 9069 9056 9091 
25834 9079 9066 9057 9091 
25835 474 8992 9082 9087 
25836 9079 9057 9071 9091 
25837 5231 9071 9059 9092 
25838 9071 9057 9047 9091 
25839 9017 9008 8999 9084 
25840 9074 9062 9073 9080 
25841 9078 9080 9067 9081 
25842 9065 9055 9064 9089 
25843 9076 9063 9080 9081 
25844 9076 9080 9075 9083 
25845 9073 9080 9067 9087 
25846 8995 9067 9078 9087 
25847 9074 9080 9073 9083 
25848 474 9082 475 9087 
25849 9053 9041 9081 9089 
25850 9060 9050 9053 9081 
25851 9070 9058 9046 9091 
25852 9065 9064 9081 9089 
25853 9011 9003 9004 9002 
25854 9063 9039 9081 9089 
25855 9065 9081 9041 9089 
25856 8991 9074 9073 9083 
25857 9032 9014 9006 9085 
25858 9078 9065 9077 9081 
25859 9073 9080 9082 9083 
25860 8994 9075 9068 9083 
25861 9068 9051 9061 9080 
25862 9033 9022 9021 9085 
25863 8992 477 8994 9083 
25864 9053 9081 9050 9089 
25865 9058 9047 9035 9090 
25866 9073 9067 9080 9081 
25867 9064 9055 9052 9089 
25868 9078 9080 9077 9087 
25869 475 9073 9067 9087 
25870 9077 9076 9080 9081 
25871 478 477 8992 9082 
25872 9079 9091 9071 9092 
25873 9033 9013 9022 9085 
25874 9066 9044 9057 9090 
25875 9015 9084 8998 9086 
25876 9079 9072 9091 9092 
25877 219 9079 9071 9092 
25878 9033 9012 9004 9085 
25879 218 9072 9079 9092 
25880 9033 9021 9012 9085 
25881 9056 9046 9090 9091 
25882 476 8995 9078 9087 
25883 9027 9008 9017 9086 
25884 474 8992 8994 9083 
25885 474 8994 473 9083 
25886 8991 9073 9082 9083 
25887 8992 9082 477 9083 
25888 9078 9054 9065 9081 
25889 9055 9041 9030 9089 
25890 9070 9046 9069 9091 
25891 478 9077 9076 9087 
25892 475 9067 8995 9087 
25893 5232 8993 218 9072 
25894 5232 9072 218 9092 
25895 220 9070 9069 9092 
25896 474 8991 475 9082 
25897 477 9076 9075 9083 
25898 9064 9063 9081 9089 
25899 476 9078 9077 9087 
25900 473 8994 9068 9083 
25901 474 9082 8992 9083 
25902 474 473 8991 9083 
25903 9065 9054 9041 9081 
25904 9045 9036 9043 9032 
25905 473 9068 9074 9083 
25906 478 476 9077 9087 
25907 9079 9072 9066 9091 
25908 5232 9069 9072 9092 
25909 5231 219 9071 9092 
25910 9066 9090 9057 9091 
25911 5232 220 9069 9092 
25912 5231 5232 219 9092 
25913 9071 9091 9059 9092 
25914 477 9075 8994 9083 
25915 5232 218 219 9092 
25916 478 9076 477 9082 
25917 219 218 9079 9092 
25918 5231 9059 9070 9092 
25919 9062 9050 9060 9081 
25920 478 8992 476 9087 
25921 474 475 8995 9087 
25922 8991 473 9074 9083 
25923 9009 9002 9003 9084 
25924 9004 9003 9001 9000 
25925 9009 8999 9005 8997 
25926 9009 8999 8997 9084 
25927 9006 9002 9005 8997 
25928 9008 8998 8996 9084 
25929 9077 9080 9076 9087 
25930 9074 9068 9061 9080 
25931 9072 9069 9091 9092 
25932 9070 9091 9069 9092 
25933 9005 9004 9002 9085 
25934 9051 9039 9048 9081 
25935 9074 9068 9080 9083 
25936 5231 220 5232 9092 
25937 9070 9059 9091 9092 
25938 9024 9020 9015 9086 
25939 475 8991 9073 9082 
25940 478 9076 9082 9087 
25941 9073 9060 9067 9081 
25942 9057 9090 9047 9091 
25943 474 8995 8992 9087 
25944 9029 9018 9019 9086 
25945 5231 9070 220 9092 
25946 9075 9051 9068 9080 
25947 8992 8995 476 9087 
25948 9015 9007 9003 9084 
25949 9017 8999 9009 9084 
25950 9162 9146 9155 9174 
25951 9171 9174 9163 9175 
25952 480 9093 481 9176 
25953 9174 9170 9175 9156 
25954 9163 9146 9162 9174 
25955 9172 9159 9171 9174 
25956 9172 9158 9159 9174 
25957 9156 9174 9154 9175 
25958 9158 9147 9174 9175 
25959 9154 9174 9147 9175 
25960 9114 9113 9108 9107 
25961 9118 9117 9177 9178 
25962 9111 9104 9105 9179 
25963 9106 9101 9098 9179 
25964 9109 9103 9101 9179 
25965 9112 9100 9110 9179 
25966 9106 9102 9101 9179 
25967 9107 9101 9103 9098 
25968 9115 9103 9104 9179 
25969 9114 9109 9113 9107 
25970 9115 9177 9110 9179 
25971 9109 9103 9107 9101 
25972 9114 9102 9109 9101 
25973 9124 9118 9177 9178 
25974 9114 9109 9107 9101 
25975 9115 9111 9177 9179 
25976 9121 9114 9113 9108 
25977 9124 9110 9115 9177 
25978 9117 9116 9112 9177 
25979 9138 9121 9122 9113 
25980 9115 9104 9111 9179 
25981 9109 9102 9105 9179 
25982 9126 9120 9116 9177 
25983 9122 9113 9114 9109 
25984 9125 9124 9115 9177 
25985 9123 9114 9121 9108 
25986 9126 9116 9117 9177 
25987 9131 9122 9123 9114 
25988 9125 9124 9177 9178 
25989 9134 9118 9127 9178 
25990 9125 9115 9119 9177 
25991 9120 9119 9111 9177 
25992 9120 9119 9177 9178 
25993 9123 9122 9121 9114 
25994 9103 9098 9101 9179 
25995 9138 9123 9122 9121 
25996 9119 9115 9111 9177 
25997 9116 9112 9177 9179 
25998 9110 9099 9103 9179 
25999 9126 9177 9117 9178 
26000 9129 9120 9126 9178 
26001 9126 9120 9177 9178 
26002 9124 9118 9110 9177 
26003 9136 9120 9129 9178 
26004 9134 9133 9117 9178 
26005 9093 9176 9170 9180 
26006 9149 9129 9137 9181 
26007 9118 9117 9112 9177 
26008 9133 9129 9126 9178 
26009 9145 9127 9142 9178 
26010 9125 9177 9119 9178 
26011 9133 9126 9117 9178 
26012 9132 9125 9128 9178 
26013 9140 9123 9131 9182 
26014 9116 9177 9111 9179 
26015 9144 9133 9178 9181 
26016 9136 9128 9178 9181 
26017 9136 9128 9119 9178 
26018 9120 9111 9116 9177 
26019 9128 9125 9119 9178 
26020 9138 9123 9131 9122 
26021 9136 9178 9129 9181 
26022 9118 9112 9110 9177 
26023 9127 9118 9124 9178 
26024 9145 9144 9134 9178 
26025 9112 9106 9100 9179 
26026 9151 9138 9130 9182 
26027 9138 9131 9123 9182 
26028 9145 9134 9127 9178 
26029 9139 9131 9138 9182 
26030 9141 9123 9140 9182 
26031 9148 9128 9136 9181 
26032 9121 9108 9113 9107 
26033 9160 9150 9139 9182 
26034 9142 9178 9135 9181 
26035 9136 9119 9120 9178 
26036 9167 9140 9153 9183 
26037 9151 9182 9141 9183 
26038 9154 9145 9142 9181 
26039 9107 9103 9099 9098 
26040 9163 9157 9146 9174 
26041 9157 9137 9146 9174 
26042 9134 9117 9118 9178 
26043 9170 9176 9175 9180 
26044 9139 9138 9131 9122 
26045 9152 9140 9131 9182 
26046 9155 9143 9144 9174 
26047 9114 9107 9108 9101 
26048 9148 9135 9128 9181 
26049 9159 9149 9157 9181 
26050 9132 9127 9124 9178 
26051 9147 9142 9135 9181 
26052 9137 9129 9133 9181 
26053 9138 9130 9123 9121 
26054 9151 9130 9141 9182 
26055 9141 9130 9123 9182 
26056 9152 9140 9182 9183 
26057 9168 9151 9141 9183 
26058 9167 9141 9140 9183 
26059 9166 9152 9150 9183 
26060 9142 9132 9135 9178 
26061 9158 9135 9148 9181 
26062 9144 9174 9143 9181 
26063 9113 9107 9109 9103 
26064 9154 9142 9147 9181 
26065 9133 9129 9178 9181 
26066 9164 9176 9175 9184 
26067 9135 9132 9128 9178 
26068 9161 9154 9147 9175 
26069 9141 9182 9140 9183 
26070 9159 9157 9174 9181 
26071 9144 9143 9133 9181 
26072 9143 9174 9137 9181 
26073 9156 9154 9174 9181 
26074 9170 9155 9174 9162 
26075 9156 9155 9144 9174 
26076 9146 9137 9143 9174 
26077 9149 9136 9129 9181 
26078 9149 9148 9136 9181 
26079 9156 9145 9154 9181 
26080 9152 9139 9150 9182 
26081 9160 9139 9138 9182 
26082 9132 9124 9125 9178 
26083 9173 9150 9160 9183 
26084 9160 9182 9151 9183 
26085 9145 9144 9178 9181 
26086 9159 9158 9148 9181 
26087 482 9176 9164 9184 
26088 9152 9131 9139 9182 
26089 484 9171 483 9184 
26090 9165 9160 9151 9183 
26091 9144 9133 9134 9178 
26092 229 5346 9168 9185 
26093 231 9173 9165 9185 
26094 484 482 9172 9184 
26095 9169 9154 9161 9175 
26096 9164 9147 9158 9175 
26097 483 9163 9096 9184 
26098 9096 9163 9162 9184 
26099 482 9097 9164 9176 
26100 9158 9147 9135 9181 
26101 9169 9156 9154 9175 
26102 9094 9176 482 9184 
26103 9172 9164 9175 9184 
26104 9172 9175 9171 9184 
26105 9171 9157 9163 9174 
26106 9156 9144 9145 9181 
26107 9156 9155 9174 9170 
26108 5345 9166 230 9185 
26109 5345 9167 9153 9185 
26110 9170 9175 9169 9180 
26111 9170 9156 9169 9175 
26112 9097 9161 9164 9180 
26113 9093 9170 9169 9180 
26114 481 9093 9169 9180 
26115 229 9167 5345 9185 
26116 9160 9150 9182 9183 
26117 9164 9161 9147 9175 
26118 9152 9182 9150 9183 
26119 9167 9183 9153 9185 
26120 9097 9164 9176 9180 
26121 9164 9175 9176 9180 
26122 483 9171 9163 9184 
26123 229 9168 9167 9185 
26124 9153 9140 9152 9183 
26125 9162 9170 9175 9174 
26126 230 9173 231 9185 
26127 9172 9174 9171 9175 
26128 9163 9174 9162 9175 
26129 9159 9174 9158 9181 
26130 9094 9096 9176 9184 
26131 481 9176 9093 9180 
26132 484 9172 9171 9184 
26133 9160 9138 9151 9182 
26134 9173 9183 9165 9185 
26135 5346 231 9165 9185 
26136 5346 9095 9168 9165 
26137 230 9166 9173 9185 
26138 9155 9146 9143 9174 
26139 9154 9147 9174 9181 
26140 9166 9153 9152 9183 
26141 479 9094 9096 9176 
26142 480 9094 479 9176 
26143 9093 479 9170 9176 
26144 9094 483 9096 9184 
26145 9158 9174 9147 9181 
26146 9122 9121 9114 9113 
26147 481 9097 9176 9180 
26148 480 9097 482 9176 
26149 481 9169 9161 9180 
26150 9138 9123 9130 9182 
26151 5346 230 231 9185 
26152 5345 230 5346 9185 
26153 9112 9110 9177 9179 
26154 9168 9183 9167 9185 
26155 229 5345 5346 9185 
26156 5346 9165 9168 9185 
26157 9173 9160 9165 9183 
26158 229 5346 9095 9168 
26159 479 9096 9162 9176 
26160 9169 9175 9161 9180 
26161 9168 9165 9151 9183 
26162 479 9162 9170 9176 
26163 9171 9175 9163 9184 
26164 9171 9159 9157 9174 
26165 9163 9175 9162 9184 
26166 480 481 9097 9176 
26167 9157 9137 9174 9181 
26168 9096 9162 9176 9184 
26169 9157 9149 9137 9181 
26170 9173 9166 9183 9185 
26171 9168 9165 9183 9185 
26172 5346 231 9095 9165 
26173 9143 9137 9133 9181 
26174 9135 9178 9128 9181 
26175 9156 9174 9144 9181 
26176 9172 9158 9174 9175 
26177 9173 9166 9150 9183 
26178 9164 9161 9175 9180 
26179 9168 9141 9167 9183 
26180 9166 9153 9183 9185 
26181 9162 9175 9176 9184 
26182 484 483 9094 9184 
26183 482 9164 9172 9184 
26184 480 482 9094 9176 
26185 9159 9148 9149 9181 
26186 9172 9164 9158 9175 
26187 9116 9106 9112 9179 
26188 9116 9111 9105 9179 
26189 9109 9101 9102 9179 
26190 9116 9105 9106 9179 
26191 480 479 9093 9176 
26192 9145 9178 9142 9181 
26193 9106 9105 9102 9179 
26194 484 9094 482 9184 
26195 9109 9104 9103 9179 
26196 9115 9110 9103 9179 
26197 9109 9105 9104 9179 
26198 481 9161 9097 9180 
26199 9170 9162 9175 9176 
26200 5345 9153 9166 9185 
26201 9110 9100 9099 9179 
26202 9103 9099 9098 9179 
26203 9142 9127 9132 9178 
26204 9106 9098 9100 9179 
26205 9100 9098 9099 9179 
26206 9253 9266 9271 9251 
26207 9206 9196 9199 9272 
26208 9207 9198 9206 9197 
26209 9193 9272 9191 9273 
26210 9269 9261 9271 9274 
26211 9229 9275 9218 9276 
26212 9198 9197 9192 9272 
26213 9209 9202 9194 9275 
26214 9199 9192 9272 9273 
26215 9202 9273 9194 9275 
26216 9200 9196 9195 9273 
26217 9213 9193 9195 9272 
26218 486 9277 487 9278 
26219 9208 9196 9200 9273 
26220 9231 9219 9275 9276 
26221 9202 9193 9191 9273 
26222 9195 9272 9193 9273 
26223 9267 9271 9266 9277 
26224 9202 9191 9194 9273 
26225 9213 9206 9198 9272 
26226 9199 9192 9197 9272 
26227 9201 9195 9193 9273 
26228 9212 9211 9200 9275 
26229 9198 9191 9193 9272 
26230 9194 9191 9192 9273 
26231 9210 9194 9203 9275 
26232 9213 9195 9204 9272 
26233 9217 9201 9202 9275 
26234 9213 9205 9206 9272 
26235 9213 9204 9205 9272 
26236 9218 9208 9211 9275 
26237 9214 9206 9213 9205 
26238 487 9277 9271 9278 
26239 9216 9213 9214 9207 
26240 9222 9216 9214 9207 
26241 9219 9218 9275 9276 
26242 9216 9213 9207 9198 
26243 9203 9192 9199 9273 
26244 9208 9203 9199 9273 
26245 9217 9202 9209 9275 
26246 9214 9207 9213 9206 
26247 9204 9195 9196 9272 
26248 9211 9208 9200 9275 
26249 9208 9199 9196 9273 
26250 9228 9227 9275 9276 
26251 9235 9224 9233 9216 
26252 9202 9201 9273 9275 
26253 490 9187 488 9274 
26254 9271 9277 9274 9278 
26255 9218 9203 9208 9275 
26256 9229 9228 9275 9276 
26257 9222 9216 9221 9214 
26258 9222 9206 9214 9205 
26259 9208 9273 9200 9275 
26260 9216 9247 9215 9222 
26261 9222 9215 9216 9207 
26262 9222 9215 9207 9206 
26263 9222 9221 9216 9247 
26264 9233 9247 9215 9216 
26265 9247 9221 9216 9233 
26266 9212 9200 9201 9275 
26267 9219 9218 9211 9275 
26268 9226 9220 9217 9276 
26269 9220 9275 9217 9276 
26270 9240 9239 9227 9279 
26271 9229 9218 9225 9276 
26272 9252 9280 9239 9279 
26273 9269 9255 9280 9271 
26274 9235 9216 9215 9207 
26275 9261 9258 9243 9271 
26276 9278 9261 9258 9190 
26277 9238 9229 9225 9279 
26278 9227 9217 9209 9275 
26279 9268 9254 9260 9280 
26280 9231 9219 9211 9275 
26281 9217 9212 9201 9275 
26282 9221 9214 9216 9213 
26283 9229 9228 9210 9275 
26284 9260 9280 9259 9271 
26285 9222 9207 9214 9206 
26286 9241 9228 9229 9279 
26287 9241 9229 9238 9279 
26288 9205 9204 9196 9272 
26289 9220 9212 9217 9275 
26290 9244 9230 9219 9279 
26291 9229 9210 9218 9275 
26292 9225 9218 9219 9276 
26293 9244 9219 9231 9276 
26294 9239 9232 9226 9279 
26295 9218 9210 9203 9275 
26296 9239 9226 9227 9279 
26297 9228 9209 9210 9275 
26298 9271 9261 9258 9278 
26299 9235 9233 9223 9234 
26300 9224 9233 9223 9235 
26301 9231 9212 9220 9275 
26302 9227 9226 9217 9276 
26303 9210 9209 9194 9275 
26304 9201 9200 9273 9275 
26305 9247 9222 9221 9214 
26306 9247 9233 9215 9234 
26307 9224 9257 9223 9233 
26308 9231 9275 9220 9276 
26309 9235 9234 9223 9215 
26310 9258 9251 9243 9271 
26311 9249 9235 9224 9223 
26312 9234 9257 9223 9248 
26313 9203 9194 9273 9275 
26314 9255 9243 9280 9271 
26315 9234 9233 9215 9235 
26316 9232 9220 9226 9279 
26317 9231 9211 9212 9275 
26318 9213 9206 9207 9198 
26319 9253 9240 9241 9279 
26320 9254 9245 9232 9279 
26321 9229 9228 9276 9279 
26322 9245 9220 9232 9279 
26323 9245 9231 9220 9276 
26324 9269 9280 9268 9271 
26325 9251 9238 9280 9279 
26326 9255 9243 9230 9280 
26327 9253 9280 9252 9279 
26328 9229 9276 9225 9279 
26329 9228 9227 9276 9279 
26330 9247 9222 9234 9215 
26331 9192 9191 9272 9273 
26332 9215 9233 9216 9235 
26333 9243 9238 9230 9280 
26334 9251 9238 9243 9280 
26335 9199 9272 9196 9273 
26336 489 9260 9189 9277 
26337 9245 9244 9276 9279 
26338 9241 9240 9228 9279 
26339 9186 9267 9266 9277 
26340 9230 9225 9219 9279 
26341 9252 9242 9239 9280 
26342 9257 9247 9234 9233 
26343 9250 9237 9249 9281 
26344 9264 9248 9237 9281 
26345 9270 9248 9264 9281 
26346 9248 9257 9223 9249 
26347 9257 9246 9224 9281 
26348 9256 9244 9245 9279 
26349 9249 9237 9248 9281 
26350 9265 9246 9257 9281 
26351 9257 9249 9248 9281 
26352 9257 9224 9249 9281 
26353 9248 9234 9237 9223 
26354 9263 9250 9249 9281 
26355 9264 9281 9250 9282 
26356 9262 9236 9246 9281 
26357 9263 9281 9262 9282 
26358 9249 9235 9236 9224 
26359 5344 228 9188 9262 
26360 9263 9236 9262 9281 
26361 9263 9250 9281 9282 
26362 9240 9227 9228 9279 
26363 9271 9278 9258 487 
26364 9267 9259 9271 9277 
26365 9268 9280 9260 9271 
26366 9271 9253 9280 9267 
26367 9242 9232 9239 9280 
26368 9267 9259 9280 9271 
26369 9214 9205 9213 9204 
26370 9252 9239 9240 9279 
26371 9264 9237 9250 9281 
26372 9246 9236 9224 9281 
26373 9270 9265 9281 9282 
26374 9225 9276 9219 9279 
26375 5343 9264 9250 9282 
26376 9265 9262 9246 9281 
26377 9233 9257 9223 9234 
26378 9260 9271 9259 9277 
26379 9187 9274 9277 9278 
26380 9267 9252 9253 9280 
26381 9251 9241 9238 9279 
26382 9239 9280 9232 9279 
26383 9266 9251 9258 9271 
26384 9278 9258 487 9190 
26385 486 9187 9277 9278 
26386 490 488 9269 9274 
26387 488 9190 9261 9274 
26388 486 9187 9189 9277 
26389 490 9268 489 9274 
26390 487 9266 9271 9277 
26391 9267 9266 9271 9253 
26392 9238 9230 9280 9279 
26393 9260 9254 9242 9280 
26394 9267 9259 9252 9280 
26395 489 9274 9268 9277 
26396 9265 9262 9281 9282 
26397 9256 9254 9280 9279 
26398 9256 9280 9255 9279 
26399 9253 9241 9251 9279 
26400 9187 489 9189 9277 
26401 5343 9263 228 9282 
26402 9202 9201 9193 9273 
26403 9261 9274 9278 9271 
26404 486 9186 487 9277 
26405 9268 9256 9254 9280 
26406 9269 9261 9255 9271 
26407 9198 9192 9191 9272 
26408 9255 9280 9230 9279 
26409 9203 9194 9192 9273 
26410 9268 9271 9260 9277 
26411 9189 9260 9259 9277 
26412 486 9189 485 9277 
26413 489 9268 9260 9277 
26414 9256 9245 9254 9279 
26415 9269 9256 9268 9280 
26416 9255 9230 9244 9279 
26417 9238 9225 9230 9279 
26418 9227 9217 9275 9276 
26419 9253 9252 9240 9279 
26420 9208 9203 9273 9275 
26421 9228 9227 9209 9275 
26422 9261 9243 9255 9271 
26423 487 9266 9258 9271 
26424 490 9269 9268 9274 
26425 9254 9232 9242 9280 
26426 9245 9244 9231 9276 
26427 9257 9247 9248 9234 
26428 227 9270 9264 9282 
26429 9263 9249 9236 9281 
26430 9270 9281 9264 9282 
26431 9206 9199 9197 9272 
26432 490 489 9187 9274 
26433 9227 9226 9276 9279 
26434 226 9265 9270 9282 
26435 5344 9188 9265 9262 
26436 485 9189 9259 9277 
26437 9269 9271 9268 9274 
26438 9251 9280 9243 9271 
26439 9244 9219 9276 9279 
26440 9187 9274 489 9277 
26441 9269 9255 9256 9280 
26442 9187 9190 488 9274 
26443 9187 9190 9274 9278 
26444 228 9263 9262 9282 
26445 9251 9253 9280 9271 
26446 9226 9220 9276 9279 
26447 9270 9265 9257 9281 
26448 9257 9246 9233 9224 
26449 5344 9188 226 9265 
26450 5344 9265 226 9282 
26451 9260 9242 9259 9280 
26452 5344 9262 9265 9282 
26453 9249 9248 9237 9223 
26454 9259 9242 9252 9280 
26455 9256 9255 9244 9279 
26456 487 9186 9266 9277 
26457 486 487 9190 9278 
26458 5343 227 9264 9282 
26459 9270 9257 9248 9281 
26460 5344 228 9262 9282 
26461 9249 9224 9236 9281 
26462 5343 228 5344 9282 
26463 5343 5344 227 9282 
26464 5344 226 227 9282 
26465 227 226 9270 9282 
26466 5343 9250 9263 9282 
26467 9268 9274 9271 9277 
26468 488 9261 9269 9274 
26469 9245 9276 9220 9279 
26470 9253 9251 9280 9279 
26471 9190 9274 9278 9261 
26472 9249 9257 9223 9224 
26473 9196 9272 9195 9273 
26474 9206 9197 9198 9272 
26475 486 485 9186 9277 
26476 9213 9198 9193 9272 
26477 9206 9205 9196 9272 
26478 9186 485 9267 9277 
26479 9254 9232 9280 9279 
26480 486 9190 9187 9278 
26481 485 9259 9267 9277 
26482 9201 9200 9195 9273 
41854 14852 14851 14862 14863 
41855 14789 14857 14861 14864 
41856 14792 14791 14790 14864 
41857 14789 14790 14857 14864 
41858 14840 14836 14829 14865 
41859 14805 14801 14799 14796 
41860 14814 14802 14803 14796 
41861 14807 14806 14802 14797 
41862 14797 14795 14798 14807 
41863 14805 14797 14801 14796 
41864 14816 14811 14812 14800 
41865 14821 14807 14808 14866 
41866 14814 14796 14803 14793 
41867 14812 14794 14800 14793 
41868 14811 14804 14810 14800 
41869 14816 14800 14812 14794 
41870 14816 14803 14804 14794 
41871 14811 14810 14804 14867 
41872 14854 14852 14862 14863 
41873 14814 14801 14797 14796 
41874 14821 14807 14819 14806 
41875 14826 14810 14811 14867 
41876 14806 14805 14797 14795 
41877 14814 14812 14801 14799 
41878 14814 14799 14796 14793 
41879 14805 14796 14799 14793 
41880 14823 14808 14809 14866 
41881 14824 14809 14818 14866 
41882 14795 14806 14807 14797 
41883 14816 14812 14814 14803 
41884 14806 14802 14797 14796 
41885 14795 14818 14809 14798 
41886 14809 14808 14798 14866 
41887 14798 14818 14809 14866 
41888 14817 14816 14804 14867 
41889 14816 14815 14814 14812 
41890 14827 14813 14815 14867 
41891 14812 14800 14799 14793 
41892 14828 14815 14816 14867 
41893 14807 14795 14798 14819 
41894 14816 14815 14811 14867 
41895 14829 14804 14810 14867 
41896 14819 14798 14807 14866 
41897 14816 14804 14811 14800 
41898 14819 14818 14805 14795 
41899 14819 14806 14807 14795 
41900 14844 14830 14832 14822 
41901 14830 14822 14824 14866 
41902 14816 14815 14812 14811 
41903 14832 14830 14820 14866 
41904 14844 14831 14830 14824 
41905 14814 14799 14801 14796 
41906 14815 14813 14811 14867 
41907 14828 14816 14817 14867 
41908 14820 14818 14819 14866 
41909 14832 14820 14819 14866 
41910 14837 14826 14829 14810 
41911 14830 14824 14818 14866 
41912 14866 14819 14798 14818 
41913 14826 14811 14813 14867 
41914 14819 14805 14806 14795 
41915 14823 14822 14808 14866 
41916 14824 14822 14823 14866 
41917 14832 14821 14822 14866 
41918 14833 14823 14824 14822 
41919 14821 14819 14807 14866 
41920 14859 14853 14854 14862 
41921 14844 14824 14830 14822 
41922 14822 14842 14824 14833 
41923 14816 14804 14800 14794 
41924 14808 14807 14798 14866 
41925 14834 14842 14824 14844 
41926 14842 14835 14834 14833 
41927 14844 14842 14824 14822 
41928 14829 14810 14826 14867 
41929 14805 14801 14797 14795 
41930 14803 14796 14794 14793 
41931 14847 14835 14834 14831 
41932 14833 14842 14824 14834 
41933 14834 14825 14831 14824 
41934 14828 14827 14815 14867 
41935 14834 14824 14833 14823 
41936 14816 14812 14803 14794 
41937 14805 14799 14801 14795 
41938 14838 14829 14837 14826 
41939 14849 14837 14838 14865 
41940 14846 14835 14842 14833 
41941 14839 14828 14829 14827 
41942 14818 14819 14798 14795 
41943 14829 14826 14827 14867 
41944 14839 14838 14829 14865 
41945 14855 14844 14835 14856 
41946 14850 14838 14839 14865 
41947 14839 14836 14829 14828 
41948 446 448 14868 8497 
41949 14834 14844 14835 14842 
41950 14841 14840 14829 14865 
41951 14841 14829 14837 14865 
41952 14838 14827 14829 14826 
41953 14848 14836 14840 14865 
41954 14844 14832 14830 14820 
41955 14850 14839 14848 14865 
41956 14849 14841 14837 14865 
41957 14850 14849 14838 14865 
41958 14856 14844 14835 14831 
41959 14844 14834 14831 14824 
41960 14830 14818 14820 14866 
41961 14822 14821 14808 14866 
41962 447 14847 14868 8497 
41963 14844 14832 14842 14822 
41964 14855 14843 14846 14842 
41965 14856 14847 14868 447 
41966 448 14856 827 14855 
41967 14848 14839 14836 14865 
41968 14829 14828 14817 14867 
41969 14851 14848 14840 14863 
41970 14829 14827 14828 14867 
41971 14850 14863 14849 14865 
41972 14855 14842 14846 14835 
41973 14842 14844 14835 14855 
41974 446 14846 14855 14843 
41975 14832 14822 14830 14866 
41976 14836 14829 14828 14817 
41977 14868 446 14846 14855 
41978 14832 14819 14821 14866 
41979 14824 14823 14809 14866 
41980 14847 14831 14834 14825 
41981 14868 447 448 14856 
41982 14839 14829 14838 14827 
41983 14839 14829 14836 14865 
41984 14860 14845 14853 14862 
41985 14855 448 14868 446 
41986 14851 14845 14862 14863 
41987 14829 14817 14804 14867 
41988 14856 448 14868 14855 
41989 14852 14848 14851 14863 
41990 14853 14845 14841 14863 
41991 14827 14826 14813 14867 
41992 14838 14837 14829 14865 
41993 14814 14812 14799 14793 
41994 14814 14797 14802 14796 
41995 14853 14862 14845 14863 
41996 14853 14841 14849 14863 
41997 14852 14850 14848 14863 
41998 14858 14862 14857 14864 
41999 14814 14803 14812 14793 
42000 14858 14854 14852 14862 
42001 14854 14862 14853 14863 
42002 14854 14850 14852 14863 
42003 14841 14863 14840 14865 
42004 14849 14863 14841 14865 
42005 14845 14840 14841 14863 
42006 14850 14848 14863 14865 
42007 14861 14845 14860 14862 
42008 14854 14853 14849 14863 
42009 14854 14849 14850 14863 
42010 828 14861 14860 14864 
42011 14848 14840 14863 14865 
42012 14815 14813 14812 14811 
42013 14858 14852 14857 14862 
42014 14861 14857 14851 14862 
42015 14861 14862 14860 14864 
42016 14851 14840 14845 14863 
42017 14861 14857 14862 14864 
42018 14790 14858 14857 14864 
42019 14812 14803 14794 14793 
42020 14856 14835 14847 14831 
42021 14789 14861 828 14864 
42022 8497 447 448 14868 
42023 14816 14811 14804 14867 
42024 14831 14844 14835 14834 
42025 8497 446 14846 14868 
42026 448 827 446 14855 
42027 448 447 827 14856 
42028 14791 14859 14858 14864 
42029 14791 14858 14790 14864 
42030 14792 14859 14791 14864 
42031 14792 14860 14859 14864 
42032 14859 14854 14858 14862 
42033 828 14792 14790 14864 
42034 14860 14853 14859 14862 
42035 828 14860 14792 14864 
42036 14857 14852 14851 14862 
42037 14861 14851 14845 14862 
42038 14859 14862 14858 14864 
42039 14860 14862 14859 14864 
42040 14789 828 14790 14864 
42041 14806 14797 14805 14796 
42042 14855 14868 14835 14846 
42043 14846 14868 14835 8497 
42044 8497 14868 14835 14847 
42045 14847 14868 14835 14856 
42046 14856 14868 14835 14855 
42047 14938 14926 14928 14945 
42048 444 14930 14919 14946 
42049 444 14929 445 14946 
42050 8496 14944 443 14946 
42051 444 443 14930 14946 
42052 829 14943 14942 14947 
42053 14870 14871 14939 14947 
42054 14870 829 14873 14947 
42055 14913 14912 14948 14949 
42056 14934 14923 14933 14950 
42057 14934 14950 14933 14951 
42058 14940 14939 14947 14951 
42059 14889 14952 14888 14953 
42060 14901 14900 14889 14952 
42061 14889 14888 14878 14953 
42062 14884 14877 14880 14953 
42063 14880 14894 14884 14874 
42064 14882 14879 14874 14953 
42065 14890 14879 14881 14953 
42066 14880 14877 14876 14953 
42067 14899 14898 14952 14954 
42068 14901 14890 14897 14952 
42069 14894 14874 14882 14892 
42070 14889 14878 14879 14953 
42071 14885 14895 14891 14896 
42072 14873 14872 14871 14947 
42073 14892 14895 14891 14894 
42074 14901 14889 14890 14952 
42075 14897 14890 14886 14952 
42076 14904 14893 14892 14883 
42077 14896 14895 14891 14903 
42078 14891 14883 14895 14892 
42079 14880 14874 14882 14894 
42080 14894 14895 14891 14885 
42081 14904 14894 14895 14892 
42082 14888 14877 14878 14953 
42083 14953 14880 14874 14882 
42084 14890 14886 14952 14953 
42085 14879 14878 14874 14953 
42086 14900 14888 14889 14952 
42087 14898 14897 14886 14952 
42088 14910 14899 14900 14954 
42089 14882 14880 14881 14953 
42090 14911 14900 14901 14954 
42091 14886 14881 14875 14953 
42092 14902 14901 14897 14954 
42093 14892 14883 14895 14904 
42094 14901 14952 14897 14954 
42095 14880 14876 14875 14953 
42096 14915 14893 14904 14955 
42097 14914 14905 14903 14955 
42098 14894 14878 14884 14874 
42099 14904 14903 14895 14955 
42100 14907 14895 14896 14955 
42101 14901 14900 14952 14954 
42102 14907 14896 14905 14955 
42103 14915 14904 14906 14955 
42104 14891 14882 14880 14881 
42105 14890 14952 14889 14953 
42106 14903 14883 14895 14891 
42107 14898 14886 14887 14952 
42108 14899 14898 14887 14952 
42109 14892 14894 14891 14882 
42110 14907 14906 14895 14955 
42111 14920 14913 14948 14949 
42112 14918 14917 14945 14956 
42113 14918 14907 14917 14956 
42114 14911 14910 14900 14954 
42115 14898 14897 14952 14954 
42116 14906 14904 14895 14955 
42117 14918 14906 14907 14956 
42118 14915 14955 14906 14956 
42119 14926 14917 14905 14956 
42120 14914 14903 14893 14955 
42121 14899 14887 14888 14952 
42122 14904 14883 14895 14903 
42123 14926 14905 14914 14956 
42124 14907 14906 14955 14956 
42125 14919 14918 14917 14945 
42126 14909 14898 14899 14954 
42127 14922 14910 14911 14948 
42128 14910 14948 14909 14954 
42129 14913 14902 14908 14948 
42130 14921 14909 14910 14948 
42131 14911 14948 14910 14954 
42132 14908 14948 14902 14954 
42133 14925 14913 14920 14949 
42134 14920 14908 14909 14948 
42135 14922 14911 14912 14948 
42136 14920 14913 14908 14948 
42137 14910 14909 14899 14954 
42138 14912 14911 14902 14948 
42139 14922 14921 14910 14948 
42140 14932 14922 14924 14949 
42141 14904 14893 14903 14955 
42142 14913 14912 14902 14948 
42143 14909 14948 14908 14954 
42144 14924 14912 14923 14949 
42145 14925 14923 14913 14949 
42146 14911 14902 14948 14954 
42147 14908 14902 14897 14954 
42148 14931 14925 14920 14949 
42149 14932 14931 14921 14949 
42150 14931 14920 14921 14949 
42151 14891 14881 14880 14875 
42152 14924 14949 14923 14950 
42153 14933 14923 14925 14950 
42154 14924 14922 14912 14949 
42155 14909 14908 14898 14954 
42156 14908 14897 14898 14954 
42157 14928 14916 14945 14956 
42158 14930 14945 14919 14946 
42159 14905 14896 14903 14955 
42160 14916 14915 14906 14956 
42161 14917 14907 14905 14956 
42162 14929 14919 14917 14945 
42163 14928 14914 14915 14956 
42164 14928 14915 14916 14956 
42165 14926 14945 14917 14956 
42166 14938 14927 14945 14946 
42167 14944 14928 14916 14945 
42168 14903 14896 14895 14955 
42169 14938 14927 14926 14945 
42170 14928 14945 14926 14956 
42171 14914 14905 14955 14956 
42172 14900 14899 14952 14954 
42173 14930 14916 14918 14945 
42174 14930 14918 14919 14945 
42175 14929 14919 14945 14946 
42176 8496 14869 14944 14938 
42177 445 14929 14927 14946 
42178 443 14944 14930 14946 
42179 14915 14914 14893 14955 
42180 14928 14926 14914 14956 
42181 14931 14925 14949 14950 
42182 14936 14933 14925 14950 
42183 14911 14901 14902 14954 
42184 14935 14924 14934 14950 
42185 14892 14891 14883 14882 
42186 14944 14938 14945 14946 
42187 14944 14945 14930 14946 
42188 445 14938 8496 14946 
42189 444 14919 14929 14946 
42190 445 14927 14938 14946 
42191 14904 14903 14893 14883 
42192 14915 14914 14955 14956 
42193 14907 14955 14905 14956 
42194 14921 14920 14909 14948 
42195 14932 14921 14922 14949 
42196 14937 14932 14935 14950 
42197 14921 14920 14948 14949 
42198 14934 14924 14923 14950 
42199 14932 14949 14924 14950 
42200 14918 14916 14906 14956 
42201 14922 14948 14912 14949 
42202 14894 14891 14880 14885 
42203 14937 14950 14935 14951 
42204 14937 14936 14931 14950 
42205 14943 14942 14947 14951 
42206 14940 14934 14933 14951 
42207 14935 14950 14934 14951 
42208 14936 14925 14931 14950 
42209 14942 14935 14941 14951 
42210 14871 14940 14939 14947 
42211 14873 14941 14872 14947 
42212 14942 14937 14935 14951 
42213 14941 14940 14947 14951 
42214 14940 14933 14939 14951 
42215 14939 14933 14936 14951 
42216 14943 14937 14942 14951 
42217 14936 14933 14950 14951 
42218 14943 14939 14936 14951 
42219 14870 14939 14943 14947 
42220 14872 14941 14940 14947 
42221 14937 14936 14950 14951 
42222 14937 14931 14932 14950 
42223 14923 14912 14913 14949 
42224 14943 14936 14937 14951 
42225 14942 14941 14947 14951 
42226 14873 14942 14941 14947 
42227 14870 14873 14871 14947 
42228 14943 14947 14939 14951 
42229 14870 14943 829 14947 
42230 14941 14934 14940 14951 
42231 14872 14940 14871 14947 
42232 14941 14935 14934 14951 
42233 14884 14874 14878 14953 
42234 829 14942 14873 14947 
42235 14935 14932 14924 14950 
42236 14922 14921 14948 14949 
42237 14932 14931 14949 14950 
42238 14925 14923 14949 14950 
42239 444 445 8496 14946 
42240 14890 14881 14886 14953 
42241 14929 14945 14927 14946 
42242 445 14869 8496 14938 
42243 8496 14869 443 14944 
42244 14929 14926 14927 14945 
42245 444 8496 443 14946 
42246 14944 14916 14930 14945 
42247 14929 14917 14926 14945 
42248 14944 14938 14928 14945 
42249 14918 14945 14916 14956 
42250 14885 14894 14884 14880 
42251 14882 14881 14879 14953 
42252 14880 14875 14881 14953 
42253 14890 14889 14879 14953 
42254 14884 14878 14877 14953 
42255 14900 14899 14888 14952 
42256 14887 14886 14876 14953 
42257 14887 14952 14886 14953 
42258 14884 14880 14874 14953 
42259 14882 14894 14891 14880 
42260 14886 14875 14876 14953 
42261 14888 14887 14877 14953 
42262 8496 14938 14944 14946 
42263 14887 14876 14877 14953 
42264 14888 14952 14887 14953 
42265 14966 14984 14976 14963 
42266 15021 15016 15020 15032 
42267 14984 14975 14964 14963 
42268 14964 14963 14965 14976 
42269 14995 14986 14974 14966 
42270 14995 14976 14985 14966 
42271 14982 14978 14979 14971 
42272 14963 14984 14976 14964 
42273 14970 14968 14969 14961 
42274 14988 14979 14982 14978 
42275 14986 14974 14966 14963 
42276 14991 14990 14980 15033 
42277 14972 14968 14970 14961 
42278 14982 14979 14980 14971 
42279 14982 14981 14972 14971 
42280 14978 14969 14970 14968 
42281 14979 14970 14978 14969 
42282 14990 14988 14980 15033 
42283 14975 14970 14969 14961 
42284 14982 14978 14972 14968 
42285 14973 14968 14972 14961 
42286 14990 14980 14988 14979 
42287 14984 14975 14976 14964 
42288 14973 14969 14963 14962 
42289 14993 14982 14983 15033 
42290 14992 14980 14981 15033 
42291 14985 14966 14976 14965 
42292 14988 14980 14982 14979 
42293 14997 14995 14984 14976 
42294 15000 14999 14985 15034 
42295 15001 14988 14990 15033 
42296 14969 14967 14963 14962 
42297 14984 14973 14975 14963 
42298 14976 14963 14965 14966 
42299 14982 14980 14981 14971 
42300 14988 14978 14982 14968 
42301 14994 14983 14989 15033 
42302 14988 14982 14980 15033 
42303 14973 14968 14969 14962 
42304 14997 14977 14995 14976 
42305 14993 14981 14982 15033 
42306 14990 14979 14988 14978 
42307 14991 14980 14990 14979 
42308 15002 15001 14990 15033 
42309 14994 15033 14989 15035 
42310 14979 14971 14978 14970 
42311 14988 14983 14982 15033 
42312 15004 15003 14992 15033 
42313 14995 14985 14986 14966 
42314 14994 14993 14983 15033 
42315 15005 14995 14997 15034 
42316 15000 14986 14987 15034 
42317 14974 14973 14963 14962 
42318 14996 14987 14986 15034 
42319 14957 15027 15031 15036 
42320 15005 14998 14996 15034 
42321 14996 14998 14987 15034 
42322 14987 15015 14998 14996 
42323 15004 14992 14993 15033 
42324 15007 14989 15001 15035 
42325 14957 14959 14958 15036 
42326 14996 14986 14995 15034 
42327 15012 15001 15002 15035 
42328 15019 15011 15007 15037 
42329 14997 14995 14977 15034 
42330 14989 14983 14988 15033 
42331 15003 15002 14991 15033 
42332 15013 15002 15003 15035 
42333 15014 15003 15004 15035 
42334 14993 14992 14981 15033 
42335 15011 15004 14994 15035 
42336 15002 15001 15033 15035 
42337 15004 14993 14994 15033 
42338 15004 15033 14994 15035 
42339 15001 14989 14988 15033 
42340 14995 14985 14977 15034 
42341 15002 14990 14991 15033 
42342 15005 14997 14998 15034 
42343 15003 14991 14992 15033 
42344 15017 15005 14998 14996 
42345 15034 14998 14987 15000 
42346 14974 14963 14984 14966 
42347 15005 14996 14995 15034 
42348 14999 14997 14977 15034 
42349 14999 14998 14997 15034 
42350 14995 14984 14976 14966 
42351 15000 15015 14998 14987 
42352 15009 15008 14999 14998 
42353 15017 15005 15006 14998 
42354 14992 14991 14980 15033 
42355 15000 14998 14999 15034 
42356 14995 14974 14984 14966 
42357 15007 14994 14989 15035 
42358 14973 14969 14968 14961 
42359 14995 14986 14985 15034 
42360 15010 15008 15009 15032 
42361 14999 14977 14985 15034 
42362 15009 14999 15000 14998 
42363 15017 15006 15008 14998 
42364 15014 15013 15003 15035 
42365 15017 15008 15006 15032 
42366 15031 15019 15030 15038 
42367 15019 15007 15018 15037 
42368 15013 15012 15035 15037 
42369 15014 15035 15011 15037 
42370 15024 15013 15014 15037 
42371 15023 15012 15013 15037 
42372 15011 14994 15007 15035 
42373 15022 15011 15019 15037 
42374 15012 15007 15035 15037 
42375 15022 15037 15019 15038 
42376 15022 15014 15011 15037 
42377 15011 15035 15007 15037 
42378 15009 15015 14998 15000 
42379 15021 15010 15009 15032 
42380 15030 15029 15036 15038 
42381 15015 15009 15008 15032 
42382 15026 15016 15015 15032 
42383 15025 15017 15006 15032 
42384 15008 15015 14998 15009 
42385 14996 15015 14998 15017 
42386 15021 15015 15016 15032 
42387 15017 15015 14998 15008 
42388 15020 15008 15010 15032 
42389 15026 15025 15020 15032 
42390 15016 454 15021 15020 
42391 15021 15020 15010 15032 
42392 15026 15015 15017 15032 
42393 15017 15015 15008 15032 
42394 15016 454 15020 15026 
42395 15026 15020 15016 15032 
42396 453 454 15016 15026 
42397 15020 15006 15008 15032 
42398 15026 15017 15025 15032 
42399 15023 15018 15037 15038 
42400 15023 15018 15012 15037 
42401 15024 15023 15037 15038 
42402 15024 15014 15022 15037 
42403 15030 15019 15018 15038 
42404 15021 15009 15015 15032 
42405 14995 14977 14985 14976 
42406 15014 15004 15011 15035 
42407 15003 15002 15033 15035 
42408 15029 15028 15036 15038 
42409 15014 15013 15035 15037 
42410 15027 15024 15022 15038 
42411 15012 15007 15001 15035 
42412 14982 14981 14980 15033 
42413 15019 15037 15018 15038 
42414 15029 15023 15028 15038 
42415 15024 15023 15013 15037 
42416 15031 15027 15022 15038 
42417 15028 15023 15024 15038 
42418 14959 15029 15028 15036 
42419 15026 454 15020 15025 
42420 454 15026 830 15025 
42421 15030 15018 15029 15038 
42422 15025 454 15020 452 
42423 454 830 452 15025 
42424 454 453 830 15026 
42425 14958 15028 15027 15036 
42426 14975 14969 14973 14961 
42427 14957 15031 831 15036 
42428 14959 15028 14958 15036 
42429 15031 15022 15019 15038 
42430 14960 15030 15029 15036 
42431 15031 15036 15027 15038 
42432 831 15030 14960 15036 
42433 831 15031 15030 15036 
42434 14960 15029 14959 15036 
42435 15013 15012 15002 15035 
42436 15031 15030 15036 15038 
42437 14957 831 14959 15036 
42438 15028 15024 15027 15038 
42439 15018 15007 15012 15037 
42440 831 14960 14959 15036 
42441 15024 15037 15022 15038 
42442 15004 15003 15033 15035 
42443 14957 14958 15027 15036 
42444 15029 15018 15023 15038 
42445 8599 454 15021 453 
42446 15020 454 15021 8599 
42447 452 454 15020 8599 
42448 14984 14974 14973 14963 
42449 15001 14989 15033 15035 
42450 453 454 15021 15016 
42451 8599 15021 15020 15010 
42452 14978 14969 14968 14967 
42453 15000 14985 14986 15034 
42454 14980 14971 14979 14970 
42455 14975 14973 14969 14963 
42456 14975 14969 14964 14963 
42457 14978 14971 14972 14970 
42458 14969 14968 14967 14962 
42459 15028 15027 15036 15038 
42460 14972 14970 14971 14961 
42461 14982 14972 14978 14971 
42462 14978 14970 14972 14968 
42463 15025 15006 15020 15032 
42464 8598 15039 449 15051 
42465 449 15039 15047 15051 
42466 450 8598 449 15051 
42467 451 15049 15047 15051 
42468 450 15049 15051 15052 
42469 15048 15050 15041 15053 
42470 15044 832 15040 15053 
42471 15044 15046 15042 15053 
42472 15044 15048 15050 15054 
42473 15048 15049 15050 15054 
42474 15043 15050 15049 15054 
42475 15044 15050 15048 15053 
42476 15043 15046 15044 15054 
42477 15043 15044 15050 15054 
42478 15043 15047 15045 15054 
42479 832 15041 15040 15053 
42480 15044 15046 15048 15054 
42481 15046 15041 15042 15053 
42482 15043 15045 15046 15054 
42483 450 15045 15043 15052 
42484 450 449 15045 15052 
42485 451 15047 15039 15051 
42486 449 15047 15045 15052 
42487 15046 15048 15041 15053 
42488 449 15051 15047 15052 
42489 450 15051 449 15052 
42490 15047 15051 15049 15052 
42491 451 15039 8598 15051 
42492 15043 15049 15047 15054 
42493 450 451 8598 15051 
42494 15041 15050 15040 15053 
42495 832 15042 15041 15053 
42496 15044 15042 832 15053 
42497 15045 15047 15048 15054 
42498 15047 15049 15048 15054 
42499 450 15043 15049 15052 
42500 15043 15045 15047 15052 
42501 15043 15047 15049 15052 
42502 450 15049 451 15051 
42503 15045 15048 15046 15054 
42504 15044 15048 15046 15053 
42505 15044 15040 15050 15053 
42506 15130 15122 15123 15131 
42507 15127 15131 15126 15132 
42508 15078 15133 15077 15134 
42509 15078 15065 15066 15134 
42510 15099 15098 15135 15136 
42511 15111 15099 15100 15136 
42512 15057 15127 15056 15132 
42513 15113 15112 15136 15137 
42514 15072 15069 15070 15061 
42515 15080 15068 15076 15134 
42516 15074 15064 15068 15138 
42517 15074 15063 15064 15138 
42518 15077 15076 15064 15134 
42519 15068 15066 15067 15138 
42520 15084 15071 15082 15070 
42521 15074 15069 15072 15138 
42522 15068 15064 15066 15138 
42523 15074 15068 15069 15138 
42524 15077 15064 15065 15134 
42525 15068 15067 15066 15134 
42526 15090 15089 15078 15133 
42527 15080 15133 15079 15134 
42528 15091 15079 15080 15133 
42529 15080 15076 15133 15134 
42530 15069 15068 15067 15138 
42531 15084 15082 15073 15072 
42532 15079 15078 15066 15134 
42533 15089 15088 15133 15135 
42534 15091 15080 15087 15133 
42535 15076 15068 15064 15134 
42536 15070 15075 15084 15071 
42537 15072 15069 15061 15138 
42538 15067 15066 15059 15138 
42539 15068 15066 15064 15134 
42540 15081 15071 15075 15070 
42541 15084 15074 15075 15069 
42542 15066 15061 15059 15138 
42543 15084 15070 15072 15069 
42544 15072 15061 15066 15138 
42545 15093 15083 15082 15071 
42546 15084 15074 15072 15063 
42547 15088 15087 15076 15133 
42548 15084 15082 15072 15070 
42549 15085 15084 15071 15093 
42550 15069 15067 15060 15138 
42551 15061 15060 15059 15138 
42552 15079 15066 15067 15134 
42553 15093 15084 15082 15073 
42554 15084 15072 15074 15069 
42555 15091 15133 15087 15135 
42556 15089 15077 15078 15133 
42557 15067 15059 15060 15138 
42558 15100 15088 15089 15135 
42559 15099 15087 15088 15135 
42560 15090 15089 15133 15135 
42561 15074 15072 15063 15138 
42562 15120 15109 15119 15137 
42563 15102 15101 15090 15135 
42564 15102 15135 15098 15136 
42565 15099 15098 15087 15135 
42566 15066 15064 15065 15062 
42567 15078 15077 15065 15134 
42568 15102 15091 15098 15135 
42569 15079 15133 15078 15134 
42570 15080 15067 15068 15134 
42571 15092 15085 15086 15081 
42572 15093 15071 15082 15084 
42573 15101 15100 15089 15135 
42574 15102 15101 15135 15136 
42575 15072 15066 15062 15138 
42576 15066 15064 15062 15138 
42577 15089 15088 15077 15133 
42578 15095 15092 15094 15085 
42579 15085 15092 15094 15083 
42580 15092 15083 15085 15071 
42581 15072 15062 15063 15138 
42582 15101 15100 15135 15136 
42583 15096 15092 15095 15086 
42584 15093 15085 15083 15071 
42585 15066 15065 15064 15134 
42586 15086 15081 15085 15075 
42587 15069 15060 15061 15138 
42588 15105 15094 15103 15083 
42589 15105 15093 15094 15083 
42590 15098 15091 15087 15135 
42591 15082 15072 15070 15061 
42592 15101 15089 15090 15135 
42593 15100 15099 15088 15135 
42594 15103 15096 15095 15139 
42595 15087 15080 15076 15133 
42596 15103 15092 15094 15095 
42597 15092 15085 15081 15071 
42598 15114 15094 15106 15139 
42599 15103 15095 15094 15139 
42600 15114 15139 15106 15140 
42601 15083 15092 15094 15103 
42602 15116 15105 15114 15139 
42603 15094 15093 15085 15083 
42604 15095 15086 15092 15085 
42605 15090 15078 15079 15133 
42606 15108 15106 15107 15140 
42607 15107 15095 15096 15139 
42608 15107 15106 15095 15139 
42609 15104 15097 15139 15140 
42610 15107 15096 15097 15139 
42611 15106 15094 15095 15139 
42612 15104 15096 15103 15139 
42613 15070 15061 15069 15060 
42614 15105 15103 15094 15139 
42615 15116 15104 15139 15140 
42616 15081 15070 15075 15069 
42617 15118 15108 15107 15140 
42618 15116 15139 15114 15140 
42619 15116 15104 15103 15139 
42620 15110 15098 15109 15136 
42621 15110 15136 15109 15137 
42622 15109 15098 15099 15136 
42623 15111 15109 15136 15137 
42624 15100 15099 15135 15136 
42625 15111 15109 15099 15136 
42626 15102 15090 15091 15135 
42627 15112 15111 15100 15136 
42628 15122 15111 15112 15137 
42629 15113 15136 15110 15137 
42630 15112 15111 15136 15137 
42631 15123 15113 15121 15137 
42632 15091 15090 15079 15133 
42633 15112 15100 15101 15136 
42634 15110 15102 15098 15136 
42635 15113 15102 15110 15136 
42636 15091 15090 15133 15135 
42637 15121 15113 15110 15137 
42638 15120 15110 15109 15137 
42639 15121 15120 15131 15137 
42640 15122 15119 15111 15137 
42641 15123 15112 15113 15137 
42642 15126 15119 15122 15131 
42643 15125 15124 15115 15114 
42644 15118 15107 15097 15140 
42645 15117 15114 15106 15140 
42646 15107 15106 15139 15140 
42647 15125 15116 15114 15140 
42648 15118 15117 15108 15140 
42649 15118 15097 15104 15140 
42650 15117 15106 15108 15140 
42651 15125 15104 15116 15140 
42652 15125 15116 15124 15114 
42653 15125 460 15118 15115 
42654 15125 15118 15104 15140 
42655 459 460 15118 15125 
42656 15115 460 15118 15117 
42657 15117 15115 15114 15140 
42658 458 460 15115 15117 
42659 15107 15139 15097 15140 
42660 15118 15115 15117 15140 
42661 15116 15103 15105 15139 
42662 15103 15095 15096 15092 
42663 8699 15118 15117 15108 
42664 15125 460 15115 15124 
42665 15125 15115 15118 15140 
42666 15124 460 15115 458 
42667 15119 15109 15111 15137 
42668 15080 15079 15067 15134 
42669 15113 15112 15101 15136 
42670 15122 15131 15119 15137 
42671 15121 15110 15120 15137 
42672 15085 15075 15081 15071 
42673 15075 15085 15084 15071 
42674 15128 15120 15127 15131 
42675 15130 15131 15129 15132 
42676 15127 15120 15119 15131 
42677 15123 15131 15122 15137 
42678 15058 15129 15128 15132 
42679 15129 15123 15121 15131 
42680 15128 15121 15120 15131 
42681 15127 15119 15126 15131 
42682 15077 15133 15076 15134 
42683 15120 15119 15131 15137 
42684 15123 15121 15131 15137 
42685 15058 15128 15057 15132 
42686 8699 460 15118 459 
42687 15117 460 15118 8699 
42688 458 460 15117 8699 
42689 15088 15087 15133 15135 
42690 460 833 458 15124 
42691 460 459 833 15125 
42692 15056 15127 15126 15132 
42693 15128 15131 15127 15132 
42694 15130 15126 15122 15131 
42695 15055 15126 15130 15132 
42696 15130 15126 15131 15132 
42697 15057 15128 15127 15132 
42698 15130 15123 15129 15131 
42699 15129 15131 15128 15132 
42700 15055 834 15058 15132 
42701 15123 15122 15112 15137 
42702 15055 15056 15126 15132 
42703 15058 15057 15056 15132 
42704 834 15129 15058 15132 
42705 15064 15063 15062 15138 
42706 15129 15121 15128 15131 
42707 15055 15130 834 15132 
42708 15055 15058 15056 15132 
42709 834 15130 15129 15132 
42710 15088 15076 15077 15133 
42711 460 15125 833 15124 
42712 15114 15105 15094 15139 
42713 15104 15097 15096 15139 
42714 15125 15114 15115 15140 
42715 15084 15075 15070 15069 
42716 15113 15101 15102 15136 
42717 8698 15141 15214 15213 
42718 456 455 15208 15219 
42719 8698 15213 15214 15219 
42720 15155 15152 15147 15146 
42721 15169 15159 15165 15220 
42722 15162 15152 15150 15147 
42723 15167 15166 15220 15221 
42724 15167 15157 15158 15220 
42725 15156 15154 15153 15220 
42726 15164 15222 15161 15163 
42727 15162 15160 15151 15149 
42728 15222 15163 15174 15161 
42729 15166 15156 15155 15220 
42730 15159 15147 15150 15148 
42731 15160 15162 15222 15152 
42732 15175 15163 15164 15161 
42733 15161 15222 15173 15174 
42734 15174 15222 15173 15162 
42735 15166 15155 15157 15220 
42736 15152 15149 15150 15146 
42737 8698 15214 455 15219 
42738 15166 15156 15220 15221 
42739 15158 15157 15155 15220 
42740 15160 15152 15222 15164 
42741 15158 15155 15157 15147 
42742 15165 15159 15153 15220 
42743 15152 15150 15147 15146 
42744 15168 15167 15158 15220 
42745 15177 15154 15156 15221 
42746 15177 15165 15154 15221 
42747 15175 15174 15163 15161 
42748 456 15207 457 15219 
42749 15177 15176 15165 15221 
42750 835 15217 15145 15223 
42751 15187 15172 15183 15171 
42752 15159 15158 15150 15147 
42753 15173 15171 15170 15161 
42754 15155 15147 15148 15146 
42755 15211 15209 15224 15225 
42756 15167 15166 15157 15220 
42757 15170 15151 15160 15149 
42758 15156 15153 15155 15220 
42759 15169 15220 15165 15221 
42760 15160 15161 15222 15170 
42761 15180 15179 15166 15221 
42762 15169 15168 15158 15220 
42763 15168 15167 15220 15221 
42764 15162 15151 15150 15149 
42765 15162 15152 15160 15149 
42766 15175 15164 15172 15161 
42767 15175 15171 15174 15161 
42768 15170 15161 15222 15173 
42769 15173 15162 15222 15151 
42770 15169 15158 15159 15220 
42771 15187 15185 15183 15172 
42772 15186 15183 15184 15171 
42773 15173 15171 15174 15186 
42774 15187 15183 15186 15171 
42775 15159 15155 15158 15147 
42776 15161 15171 15174 15173 
42777 15182 15169 15176 15221 
42778 15187 15171 15174 15175 
42779 15165 15220 15154 15221 
42780 15152 15222 15164 15163 
42781 15159 15155 15147 15148 
42782 15186 15204 15226 15193 
42783 15151 15162 15222 15160 
42784 15179 15156 15166 15221 
42785 15214 15213 15202 15197 
42786 15156 15154 15220 15221 
42787 15179 15177 15221 15227 
42788 15182 15221 15176 15227 
42789 15179 15177 15156 15221 
42790 15181 15167 15168 15221 
42791 15155 15148 15153 15146 
42792 15150 15148 15147 15146 
42793 15192 15227 15188 15228 
42794 15184 15173 15171 15170 
42795 15169 15168 15220 15221 
42796 15218 15210 15211 15224 
42797 15189 15178 15227 15228 
42798 15186 15184 15173 15171 
42799 15181 15180 15167 15221 
42800 15188 15176 15178 15227 
42801 15181 15180 15221 15227 
42802 15192 15182 15188 15227 
42803 15182 15168 15169 15221 
42804 15159 15153 15155 15148 
42805 15192 15191 15181 15227 
42806 15204 15184 15183 15171 
42807 15165 15153 15154 15220 
42808 15202 15185 15183 15226 
42809 15193 15184 15186 15204 
42810 15202 15195 15185 15226 
42811 15191 15190 15227 15228 
42812 15187 15175 15172 15171 
42813 15202 15196 15195 15226 
42814 15187 15183 15185 15226 
42815 15195 15187 15185 15226 
42816 15196 15187 15195 15226 
42817 15187 15175 15185 15172 
42818 15178 15176 15177 15227 
42819 15182 15181 15221 15227 
42820 15162 15150 15152 15149 
42821 15190 15179 15180 15227 
42822 15204 15202 15183 15226 
42823 15190 15189 15179 15227 
42824 15202 15196 15197 15195 
42825 15207 15202 15197 15195 
42826 15180 15179 15221 15227 
42827 15196 15186 15187 15226 
42828 15191 15180 15181 15227 
42829 15190 15189 15227 15228 
42830 15175 15172 15171 15161 
42831 15200 15190 15191 15228 
42832 15160 15149 15152 15146 
42833 15192 15191 15227 15228 
42834 15191 15190 15180 15227 
42835 8698 15141 455 15214 
42836 15194 15188 15178 15228 
42837 15164 15160 15152 15146 
42838 15188 15182 15176 15227 
42839 15201 15200 15191 15228 
42840 15199 15194 15189 15228 
42841 15188 15227 15178 15228 
42842 15198 15188 15194 15228 
42843 15201 15191 15192 15228 
42844 15177 15176 15221 15227 
42845 15200 15225 15199 15228 
42846 15210 15199 15200 15225 
42847 15198 15192 15188 15228 
42848 15204 15184 15186 15183 
42849 15194 15178 15189 15228 
42850 15206 15198 15194 15225 
42851 15192 15181 15182 15227 
42852 15150 15149 15148 15146 
42853 15205 15194 15199 15225 
42854 15159 15155 15153 15220 
42855 15209 15201 15198 15225 
42856 15204 15193 15202 15226 
42857 15198 15194 15225 15228 
42858 15199 15189 15190 15228 
42859 15187 15186 15183 15226 
42860 15214 15197 15202 15196 
42861 15201 15198 15225 15228 
42862 15182 15181 15168 15221 
42863 15214 15208 15196 15193 
42864 15189 15177 15179 15227 
42865 15183 15204 15226 15186 
42866 15213 15203 15202 15197 
42867 15207 15202 15203 15197 
42868 15214 15197 15208 15219 
42869 15176 15169 15165 15221 
42870 15214 15213 15204 15202 
42871 15159 15158 15155 15220 
42872 15214 15196 15202 15193 
42873 15214 15208 15197 15196 
42874 456 15197 15207 15219 
42875 455 15214 15208 15219 
42876 15202 15193 15196 15226 
42877 15196 15193 15186 15226 
42878 15214 15213 15197 15219 
42879 457 15203 15213 15219 
42880 15200 15199 15190 15228 
42881 457 15213 8698 15219 
42882 15213 15203 15197 15219 
42883 15209 15206 15224 15225 
42884 15212 15206 15205 15224 
42885 15215 15205 15210 15224 
42886 15217 15211 15209 15224 
42887 456 8698 455 15219 
42888 457 15207 15203 15219 
42889 15207 15197 15203 15219 
42890 15218 15217 15223 15224 
42891 15211 15224 15210 15225 
42892 15216 15209 15206 15224 
42893 15201 15225 15200 15228 
42894 15211 15200 15201 15225 
42895 15186 15171 15174 15187 
42896 15206 15205 15224 15225 
42897 15211 15210 15200 15225 
42898 15180 15166 15167 15221 
42899 456 15208 15197 15219 
42900 15217 15209 15216 15224 
42901 15216 15212 15223 15224 
42902 15210 15224 15205 15225 
42903 15142 835 15143 15223 
42904 15145 15217 15216 15223 
42905 15143 15212 15215 15223 
42906 15144 15212 15143 15223 
42907 15214 15202 15204 15193 
42908 456 457 8698 15219 
42909 15210 15205 15199 15225 
42910 457 15141 8698 15213 
42911 15206 15194 15205 15225 
42912 15218 15215 15210 15224 
42913 15142 15143 15215 15223 
42914 15145 15216 15144 15223 
42915 15215 15223 15212 15224 
42916 835 15145 15144 15223 
42917 15189 15178 15177 15227 
42918 835 15144 15143 15223 
42919 15218 15223 15215 15224 
42920 15142 15218 835 15223 
42921 15144 15216 15212 15223 
42922 15216 15206 15212 15224 
42923 15215 15212 15205 15224 
42924 15209 15198 15206 15225 
42925 835 15218 15217 15223 
42926 15142 15215 15218 15223 
42927 15199 15225 15194 15228 
42928 15201 15192 15198 15228 
42929 15211 15201 15209 15225 
42930 15217 15216 15223 15224 
42931 15218 15211 15217 15224 
42932 15162 15222 15152 15163 
42933 15160 15151 15170 15222 
42934 15222 15151 15170 15173 
42935 15162 15163 15174 15222 
42936 15160 15164 15222 15161 
42937 8794 464 15293 15306 
42938 464 15299 15293 15306 
42939 15286 15307 15285 15308 
42940 15248 15237 15309 15310 
42941 15245 15236 15243 15310 
42942 15256 15244 15250 15311 
42943 15245 15242 15241 15310 
42944 15248 15247 15240 15310 
42945 15249 15248 15237 15309 
42946 8794 15294 465 15306 
42947 15258 15257 15247 15309 
42948 15248 15240 15244 15310 
42949 15246 15236 15245 15309 
42950 15247 15245 15241 15310 
42951 15253 15252 15242 15311 
42952 15252 15251 15241 15311 
42953 15305 15312 15301 15313 
42954 15265 15251 15252 15314 
42955 15242 15241 15310 15311 
42956 15251 15240 15241 15311 
42957 15253 15252 15311 15314 
42958 15247 15241 15240 15310 
42959 15245 15243 15242 15310 
42960 15266 15253 15255 15314 
42961 15253 15242 15243 15311 
42962 15250 15244 15240 15311 
42963 15254 15243 15234 15311 
42964 15246 15239 15236 15309 
42965 15255 15253 15254 15314 
42966 15266 15252 15253 15314 
42967 15239 15237 15233 15309 
42968 15248 15309 15247 15310 
42969 15244 15310 15240 15311 
42970 15254 15234 15235 15311 
42971 15252 15241 15242 15311 
42972 15267 15254 15256 15314 
42973 15263 15256 15250 15314 
42974 15252 15251 15311 15314 
42975 15235 15234 15310 15311 
42976 15264 15250 15251 15314 
42977 15268 15246 15257 15315 
42978 15237 15235 15233 15310 
42979 15249 15309 15238 15315 
42980 15267 15256 15263 15314 
42981 15264 15263 15250 15314 
42982 15258 15248 15249 15309 
42983 15266 15265 15252 15314 
42984 15236 15309 15233 15310 
42985 15258 15309 15249 15315 
42986 15239 15238 15237 15309 
42987 15251 15250 15311 15314 
42988 15239 15238 15309 15315 
42989 15265 15264 15251 15314 
42990 15243 15236 15234 15310 
42991 15256 15235 15244 15311 
42992 15270 15268 15257 15315 
42993 15244 15235 15310 15311 
42994 15260 15259 15249 15315 
42995 15269 15261 15268 15316 
42996 15279 15270 15271 15316 
42997 15267 15255 15254 15314 
42998 15246 15239 15309 15315 
42999 15261 15260 15315 15316 
43000 15272 15271 15259 15316 
43001 837 15305 15304 15312 
43002 15260 15249 15238 15315 
43003 15257 15246 15309 15315 
43004 15272 15259 15260 15316 
43005 15270 15258 15259 15315 
43006 15259 15258 15249 15315 
43007 15270 15257 15258 15315 
43008 15254 15253 15311 15314 
43009 15249 15237 15238 15309 
43010 15271 15270 15259 15316 
43011 15270 15268 15315 15316 
43012 15272 15271 15316 15317 
43013 15282 15281 15272 15317 
43014 15257 15245 15247 15309 
43015 15304 15303 15312 15313 
43016 15258 15247 15248 15309 
43017 15289 15273 15262 15317 
43018 15279 15316 15271 15317 
43019 15281 15280 15271 15317 
43020 15289 15282 15273 15317 
43021 15273 15260 15261 15316 
43022 15273 15316 15262 15317 
43023 15279 15268 15270 15316 
43024 8794 15293 15283 15306 
43025 15265 15264 15314 15318 
43026 15273 15272 15260 15316 
43027 15278 15255 15267 15318 
43028 15275 15308 15274 15318 
43029 15266 15265 15314 15318 
43030 15251 15250 15240 15311 
43031 15274 15267 15263 15318 
43032 15287 15276 15277 15308 
43033 15275 15263 15264 15318 
43034 15267 15314 15263 15318 
43035 15277 15276 15265 15318 
43036 15261 15239 15246 15315 
43037 15278 15277 15266 15318 
43038 15276 15308 15275 15318 
43039 15276 15275 15264 15318 
43040 15278 15266 15255 15318 
43041 15278 15308 15277 15318 
43042 15286 15285 15275 15308 
43043 15278 15267 15274 15318 
43044 15288 15277 15278 15308 
43045 15277 15265 15266 15318 
43046 15288 15287 15277 15308 
43047 15285 15284 15274 15308 
43048 15289 15282 15317 15319 
43049 15266 15314 15255 15318 
43050 15279 15269 15268 15316 
43051 15288 15278 15284 15308 
43052 15268 15261 15315 15316 
43053 15277 15308 15276 15318 
43054 15275 15274 15263 15318 
43055 15256 15311 15250 15314 
43056 15279 15269 15316 15317 
43057 15264 15263 15314 15318 
43058 15285 15307 15284 15308 
43059 15267 15255 15314 15318 
43060 15283 15281 15282 15319 
43061 15293 15280 15281 15319 
43062 15257 15246 15245 15309 
43063 15291 15289 15269 15317 
43064 15269 15262 15316 15317 
43065 15273 15272 15316 15317 
43066 15288 15307 15287 15308 
43067 15296 15295 15307 15313 
43068 15254 15253 15243 15311 
43069 15295 15284 15285 15307 
43070 15296 15295 15285 15307 
43071 15287 15307 15286 15308 
43072 15288 15284 15307 15308 
43073 15268 15261 15246 15315 
43074 15278 15274 15308 15318 
43075 15295 15292 15284 15307 
43076 15291 15269 15279 15317 
43077 15289 15262 15269 15317 
43078 15291 15289 15317 15319 
43079 15282 15272 15273 15317 
43080 15294 15283 15282 15319 
43081 465 15294 15290 15306 
43082 15299 15291 15280 15319 
43083 15299 15280 15293 15319 
43084 15300 15291 15299 15319 
43085 15294 15289 15290 15319 
43086 15282 15281 15317 15319 
43087 15269 15262 15261 15316 
43088 15300 15299 15306 15319 
43089 15300 15306 15290 15319 
43090 15300 15289 15291 15319 
43091 15295 15292 15307 15313 
43092 15299 15293 15306 15319 
43093 465 15290 15300 15306 
43094 15300 15290 15289 15319 
43095 15294 15306 15283 15319 
43096 15287 15286 15276 15308 
43097 15292 15288 15284 15307 
43098 15281 15280 15317 15319 
43099 15303 15292 15295 15313 
43100 15298 15307 15292 15313 
43101 466 15300 836 15299 
43102 15291 15317 15280 15319 
43103 466 15299 464 15306 
43104 15294 15282 15289 15319 
43105 15296 15285 15286 15307 
43106 15297 15296 15307 15313 
43107 15304 15298 15292 15313 
43108 15297 15296 15286 15307 
43109 15302 15296 15301 15313 
43110 15229 15230 15301 15312 
43111 15303 15302 15312 15313 
43112 15231 15303 15302 15312 
43113 15301 15296 15297 15313 
43114 15305 15297 15298 15313 
43115 15298 15297 15287 15307 
43116 15305 15304 15312 15313 
43117 15232 15304 15303 15312 
43118 466 465 836 15300 
43119 15305 15301 15297 15313 
43120 15298 15287 15288 15307 
43121 466 465 15300 15306 
43122 8794 15283 15294 15306 
43123 15298 15297 15307 15313 
43124 15229 15301 15305 15312 
43125 15230 15302 15301 15312 
43126 15302 15301 15312 15313 
43127 15231 15302 15230 15312 
43128 15291 15279 15280 15317 
43129 15281 15271 15272 15317 
43130 15232 15303 15231 15312 
43131 15229 15232 15231 15312 
43132 15302 15295 15296 15313 
43133 15229 15231 15230 15312 
43134 15303 15295 15302 15313 
43135 15305 15298 15304 15313 
43136 15298 15288 15292 15307 
43137 837 15304 15232 15312 
43138 15294 15290 15306 15319 
43139 15229 837 15232 15312 
43140 15229 15305 837 15312 
43141 15304 15292 15303 15313 
43142 466 8794 465 15306 
43143 466 464 8794 15306 
43144 15273 15261 15262 15316 
43145 15297 15286 15287 15307 
43146 15286 15275 15276 15308 
43147 15248 15244 15237 15310 
43148 15236 15233 15234 15310 
43149 466 836 464 15299 
43150 15260 15238 15239 15315 
43151 466 15300 15299 15306 
43152 15245 15309 15236 15310 
43153 15237 15233 15309 15310 
43154 15256 15254 15235 15311 
43155 15239 15233 15236 15309 
43156 15293 15281 15283 15319 
43157 15270 15315 15259 15316 
43158 15284 15278 15274 15308 
43159 15293 15283 15306 15319 
43160 15243 15242 15310 15311 
43161 15261 15260 15239 15315 
43162 15241 15240 15310 15311 
43163 15256 15254 15311 15314 
43164 15285 15274 15275 15308 
43165 15276 15264 15265 15318 
43166 15235 15234 15233 15310 
43167 15280 15279 15271 15317 
43168 15247 15309 15245 15310 
43169 15258 15257 15309 15315 
43170 15244 15235 15237 15310 
43171 15260 15259 15315 15316 
43172 15243 15310 15234 15311 
43173 463 15332 15320 15333 
43174 15324 15326 15332 15334 
43175 461 15320 15332 15333 
43176 461 15333 15332 15334 
43177 15326 15335 15329 15336 
43178 15326 15328 15329 15335 
43179 15329 15335 15331 15336 
43180 15324 15331 15335 15336 
43181 15324 15335 15326 15336 
43182 15325 15331 15329 15337 
43183 462 8793 461 15333 
43184 461 15328 15326 15332 
43185 463 15332 15333 15334 
43186 462 463 8793 15333 
43187 463 15330 15328 15332 
43188 15324 15328 15330 15332 
43189 15325 15327 15323 15337 
43190 15323 15322 15321 15337 
43191 15325 15321 15331 15337 
43192 15322 15331 15321 15337 
43193 15324 15327 15325 15336 
43194 15329 15331 15322 15337 
43195 15329 15330 15331 15335 
43196 15327 15329 15322 15337 
43197 15324 15328 15326 15335 
43198 15325 15323 15321 15337 
43199 15327 15322 15323 15337 
43200 15325 15323 838 15321 
43201 15324 15325 15331 15336 
43202 15324 15326 15327 15336 
43203 461 15320 15328 15332 
43204 462 15326 15324 15334 
43205 462 461 15326 15334 
43206 461 15332 15326 15334 
43207 15324 15326 15328 15332 
43208 15325 15329 15331 15336 
43209 8793 15320 461 15333 
43210 462 463 15333 15334 
43211 463 15320 8793 15333 
43212 462 15330 463 15334 
43213 463 15330 15332 15334 
43214 462 15333 461 15334 
43215 15324 15331 15330 15335 
43216 15328 15330 15329 15335 
43217 463 15328 15320 15332 
43218 15325 15327 15329 15336 
43219 15324 15332 15330 15334 
43220 15324 15330 15328 15335 
43221 15325 15329 15327 15337 
43222 15326 15329 15327 15336 
43223 462 15324 15330 15334 
43224 840 15340 15339 15349 
43225 15344 15345 15346 15350 
43226 15346 15338 15349 15351 
43227 840 15339 15338 15349 
43228 15346 15338 15351 15352 
43229 15346 15348 15338 15352 
43230 470 15341 15353 15354 
43231 15341 15343 15353 15354 
43232 8892 15353 15343 15354 
43233 8892 15354 471 15355 
43234 8892 470 15353 15354 
43235 8892 15345 15343 15353 
43236 471 15343 15341 15354 
43237 15342 15350 15347 15356 
43238 8892 15347 15345 15353 
43239 15345 15347 15350 15356 
43240 15342 15344 15350 15356 
43241 15344 15345 15350 15356 
43242 15346 15342 15352 15351 
43243 15340 15346 15349 15351 
43244 471 15354 839 15355 
43245 8892 470 15354 15355 
43246 470 839 15354 15355 
43247 15341 15343 15345 15353 
43248 15342 15348 15347 15350 
43249 15345 15347 15348 15350 
43250 15345 15348 15346 15350 
43251 470 15341 15347 15353 
43252 15346 15338 15339 15349 
43253 840 15351 15338 15352 
43254 15342 15346 15348 15350 
43255 15342 15344 15351 15346 
43256 15342 840 15348 15352 
43257 840 15338 15348 15352 
43258 472 839 470 15355 
43259 471 15341 839 15354 
43260 8892 470 15347 15353 
43261 8892 15343 471 15354 
43262 840 15349 15338 15351 
43263 15344 15346 15340 15351 
43264 840 15344 15351 15342 
43265 15351 15342 15352 840 
43266 15340 15346 15339 15349 
43267 15341 15342 15347 15356 
43268 15341 15343 15342 15356 
43269 15341 15345 15343 15356 
43270 15342 15344 15346 15350 
43271 472 471 839 15355 
43272 472 8892 471 15355 
43273 472 470 8892 15355 
43274 470 839 15341 15354 
43275 15344 15340 840 15351 
43276 15341 15345 15347 15353 
43277 15343 15344 15342 15356 
43278 15343 15345 15344 15356 
43279 15342 15348 15346 15352 
43280 15341 15347 15345 15356 
43281 840 15340 15349 15351 
43282 841 15360 15359 15369 
43283 841 15359 15358 15369 
43284 15362 15360 15369 15370 
43285 15362 15364 15360 15370 
43286 15362 15369 15358 15370 
43287 15363 15365 15366 15371 
43288 469 15372 15357 15373 
43289 467 15357 15372 15373 
43290 468 15372 469 15373 
43291 468 467 15372 15373 
43292 15364 15368 15359 15374 
43293 15364 15370 15368 15374 
43294 15368 15370 15358 15374 
43295 15364 15360 15370 15374 
43296 15362 841 15358 15369 
43297 15362 15360 841 15369 
43298 15366 15367 15368 15371 
43299 15364 15366 15368 15371 
43300 15361 15368 15367 15371 
43301 15361 15364 15368 15371 
43302 468 467 15365 15372 
43303 8891 15357 467 15373 
43304 468 15367 469 15372 
43305 469 15357 8891 15373 
43306 15360 15359 15369 15374 
43307 15361 15367 15365 15371 
43308 15360 15369 15370 15374 
43309 15364 15359 15360 15374 
43310 15359 15368 15358 15374 
43311 15358 15370 15369 15374 
43312 15362 15368 15364 15370 
43313 15361 15363 15364 15371 
43314 468 467 15363 15365 
43315 469 15367 15365 15372 
43316 468 15365 15367 15372 
43317 468 8891 467 15373 
43318 15363 15366 15364 15371 
43319 15359 15358 15369 15374 
43320 15362 15358 15368 15370 
43321 469 15365 15357 15372 
43322 15364 15366 15359 15368 
43323 15361 15365 15363 15371 
43324 468 469 8891 15373 
43325 15365 15367 15366 15371 
43326 467 15357 15365 15372 
43327 468 15363 15361 15365 
43328 468 15365 15361 15367 
43329 15361 15364 15362 15368 
43330 15404 15392 15390 15380 
43331 15390 15394 15382 15393 
43332 15431 15422 15410 15419 
43333 15385 15383 15384 15455 
43334 15383 15379 15381 15456 
43335 15402 15387 15388 15455 
43336 15402 15401 15387 15455 
43337 15394 15392 15393 15390 
43338 15395 15393 15381 15456 
43339 15405 15395 15393 15381 
43340 15386 15384 15380 15456 
43341 15398 15383 15385 15455 
43342 15393 15392 15383 15456 
43343 15400 15385 15455 15457 
43344 15403 15388 15389 15455 
43345 15405 15394 15382 15404 
43346 15405 15395 15396 15382 
43347 15395 15382 15393 15456 
43348 15392 15380 15384 15456 
43349 15403 15402 15388 15455 
43350 15384 15455 15383 15456 
43351 15387 15379 15455 15456 
43352 15392 15384 15383 15456 
43353 15418 15406 15407 15396 
43354 15395 15381 15379 15456 
43355 15404 15394 15382 15390 
43356 15405 15396 15404 15382 
43357 15390 15386 15380 15456 
43358 15452 15446 15447 15458 
43359 15399 15397 15398 15457 
43360 15400 15385 15384 15455 
43361 15415 15413 15400 15457 
43362 15411 15403 15397 15457 
43363 15403 15402 15455 15457 
43364 15395 15379 15387 15456 
43365 15447 15458 15446 15459 
43366 15449 478 15442 15448 
43367 15413 15399 15398 15457 
43368 15425 15413 15415 15460 
43369 15447 15446 15436 15459 
43370 15425 15414 15413 15460 
43371 15392 15390 15380 15456 
43372 15404 15418 15391 15396 
43373 15411 15457 15399 15460 
43374 15389 15381 15383 15379 
43375 15416 15415 15457 15460 
43376 15424 15460 15412 15461 
43377 15398 15397 15383 15455 
43378 15405 15393 15395 15382 
43379 15416 15415 15401 15457 
43380 15406 15396 15405 15395 
43381 15413 15398 15385 15457 
43382 15398 15397 15455 15457 
43383 15396 15418 15408 15407 
43384 15403 15455 15397 15457 
43385 15377 15452 15451 15462 
43386 15414 15399 15413 15460 
43387 15413 15399 15457 15460 
43388 15417 15402 15403 15457 
43389 15395 15387 15382 15456 
43390 15417 15403 15411 15457 
43391 15415 15413 15457 15460 
43392 15412 15411 15399 15460 
43393 15417 15457 15411 15460 
43394 15393 15383 15381 15456 
43395 15424 15411 15412 15460 
43396 15416 15401 15402 15457 
43397 15415 15400 15401 15457 
43398 15452 15447 15451 15458 
43399 15413 15385 15400 15457 
43400 15424 15417 15411 15460 
43401 15452 15458 15451 15462 
43402 15418 15408 15409 15391 
43403 15404 15396 15405 15418 
43404 15387 15455 15386 15456 
43405 15389 15388 15379 15455 
43406 15388 15387 15379 15455 
43407 15407 15418 15408 15463 
43408 15422 15407 15408 15463 
43409 15443 15431 15438 15464 
43410 15422 15408 15409 15463 
43411 15401 15400 15455 15457 
43412 15420 15418 15406 15407 
43413 15440 15430 15419 15428 
43414 15463 15422 15421 15428 
43415 15430 15419 15422 15431 
43416 15438 15431 15423 15410 
43417 843 15378 15377 15462 
43418 15427 15416 15417 15460 
43419 15433 15412 15414 15461 
43420 15427 15417 15424 15460 
43421 15425 15414 15460 15461 
43422 15411 15397 15399 15457 
43423 15435 15414 15425 15461 
43424 15417 15416 15457 15460 
43425 15396 15405 15418 15406 
43426 15417 15416 15402 15457 
43427 15426 15415 15416 15460 
43428 15436 15425 15426 15461 
43429 15402 15401 15455 15457 
43430 15420 15406 15418 15405 
43431 15463 15420 15407 15418 
43432 15437 15426 15427 15461 
43433 15427 15460 15424 15461 
43434 15418 15405 15404 15394 
43435 15427 15426 15416 15460 
43436 15434 15427 15424 15461 
43437 15387 15386 15382 15456 
43438 15414 15412 15399 15460 
43439 15403 15389 15397 15455 
43440 15463 15422 15419 15409 
43441 15440 15431 15419 15430 
43442 15396 15418 15391 15408 
43443 15428 15418 15420 15463 
43444 15422 15419 15409 15410 
43445 15422 15421 15407 15463 
43446 15453 15458 15452 15462 
43447 15428 15422 15421 15430 
43448 15421 15420 15407 15463 
43449 15422 15419 15428 15463 
43450 15423 15409 15422 15408 
43451 15421 15429 15428 15430 
43452 15414 15412 15460 15461 
43453 15419 15409 15418 15463 
43454 15431 15422 15423 15410 
43455 843 15453 15378 15462 
43456 15383 15455 15379 15456 
43457 15430 15419 15428 15422 
43458 15430 15429 15428 15440 
43459 15426 15425 15460 15461 
43460 15423 15410 15422 15409 
43461 15432 15430 15431 15464 
43462 15428 15419 15418 15463 
43463 15410 15431 15419 15438 
43464 15427 15426 15460 15461 
43465 15398 15455 15385 15457 
43466 15418 15409 15404 15391 
43467 15400 15384 15386 15455 
43468 15435 15433 15414 15461 
43469 15440 15438 15431 15464 
43470 15444 15433 15441 15459 
43471 15435 15459 15433 15461 
43472 15436 15459 15435 15461 
43473 15437 15434 15459 15461 
43474 15437 15459 15436 15461 
43475 15434 15424 15433 15461 
43476 15446 15441 15435 15459 
43477 15389 15379 15383 15455 
43478 15445 15444 15458 15459 
43479 15434 15433 15459 15461 
43480 15440 15430 15429 15464 
43481 15448 15440 15429 15464 
43482 15449 15442 15439 15464 
43483 15440 15431 15430 15464 
43484 15449 15439 15438 15464 
43485 15443 15438 15439 15464 
43486 15449 478 15439 15442 
43487 477 478 15443 15439 
43488 15448 15429 15442 15464 
43489 15449 15440 15448 15464 
43490 15442 15430 15432 15464 
43491 15438 15431 15419 15440 
43492 15443 15439 15442 15464 
43493 15449 15448 15442 15464 
43494 477 478 15439 15449 
43495 15442 15429 15430 15464 
43496 15428 15420 15421 15463 
43497 15418 15409 15408 15463 
43498 8992 15443 15442 15432 
43499 15454 15444 15441 15458 
43500 15446 15458 15441 15459 
43501 15444 15434 15433 15459 
43502 15437 15427 15434 15461 
43503 15449 15438 15440 15464 
43504 15448 478 15442 476 
43505 15447 15445 15458 15459 
43506 15447 15437 15445 15459 
43507 15454 15441 15453 15458 
43508 15453 15441 15446 15458 
43509 15445 15434 15444 15459 
43510 15451 15447 15445 15458 
43511 15450 15445 15444 15458 
43512 15436 15435 15425 15461 
43513 15444 15441 15458 15459 
43514 15433 15424 15412 15461 
43515 15378 15453 15452 15462 
43516 15445 15437 15434 15459 
43517 15437 15436 15426 15461 
43518 15447 15436 15437 15459 
43519 15451 15458 15450 15462 
43520 15451 15445 15450 15458 
43521 15454 15450 15458 15462 
43522 15454 15450 15444 15458 
43523 15439 478 15443 15442 
43524 478 15449 842 15448 
43525 15443 15432 15431 15464 
43526 478 842 476 15448 
43527 478 477 842 15449 
43528 15375 15376 15450 15462 
43529 15377 15451 15376 15462 
43530 15393 15394 15382 15405 
43531 15401 15400 15386 15455 
43532 15375 843 15377 15462 
43533 15404 15392 15394 15390 
43534 15453 15446 15452 15458 
43535 843 15454 15453 15462 
43536 15454 15458 15453 15462 
43537 15375 15454 843 15462 
43538 15378 15452 15377 15462 
43539 15441 15433 15435 15459 
43540 15390 15382 15386 15456 
43541 15375 15377 15376 15462 
43542 15386 15455 15384 15456 
43543 15446 15435 15436 15459 
43544 15376 15451 15450 15462 
43545 15375 15450 15454 15462 
43546 15426 15425 15415 15460 
43547 8992 478 15443 477 
43548 15393 15382 15390 15456 
43549 15443 15442 15432 15464 
43550 15442 478 15443 8992 
43551 15397 15389 15383 15455 
43552 15393 15390 15392 15456 
43553 476 478 15442 8992 
43554 15404 15391 15390 15382 
43555 15404 15396 15391 15382 
43556 15401 15386 15387 15455 
43557 15481 15477 15470 15543 
43558 15479 15478 15474 15543 
43559 15484 15483 15472 15544 
43560 15489 15475 15476 15543 
43561 15480 15473 15477 15543 
43562 15492 15478 15479 15544 
43563 15489 15476 15471 15543 
43564 15472 15471 15543 15544 
43565 15494 15481 15482 15544 
43566 15492 15484 15478 15544 
43567 15489 15486 15487 15474 
43568 15489 15488 15476 15475 
43569 15490 15477 15489 15470 
43570 15496 15482 15483 15545 
43571 15493 15492 15479 15544 
43572 15478 15475 15474 15543 
43573 15530 15546 15529 15547 
43574 15504 15492 15493 15545 
43575 15483 15471 15472 15544 
43576 15480 15479 15473 15543 
43577 15481 15480 15477 15543 
43578 15489 15487 15488 15475 
43579 15496 15495 15482 15545 
43580 15498 15484 15492 15545 
43581 15481 15543 15471 15544 
43582 15476 15475 15472 15543 
43583 15502 15488 15489 15548 
43584 15489 15470 15477 15543 
43585 15484 15472 15478 15544 
43586 15478 15472 15543 15544 
43587 15502 15501 15488 15548 
43588 15499 15491 15548 15549 
43589 15534 15523 15524 15546 
43590 15491 15490 15485 15548 
43591 15503 15502 15489 15548 
43592 15494 15544 15482 15545 
43593 15500 15499 15486 15548 
43594 15497 15483 15484 15545 
43595 15489 15487 15486 15548 
43596 15503 15548 15491 15549 
43597 15489 15486 15485 15548 
43598 15500 15486 15487 15548 
43599 15484 15483 15544 15545 
43600 15489 15473 15474 15543 
43601 15505 15504 15493 15545 
43602 15489 15488 15487 15548 
43603 15494 15493 15480 15544 
43604 15500 15499 15548 15549 
43605 15511 15503 15491 15549 
43606 15481 15470 15471 15543 
43607 15480 15479 15543 15544 
43608 15492 15484 15544 15545 
43609 15499 15485 15486 15548 
43610 15468 15539 15467 15550 
43611 15505 15493 15494 15545 
43612 15536 15537 15551 15526 
43613 15503 15489 15490 15548 
43614 15466 15538 15542 15550 
43615 15493 15492 15544 15545 
43616 15509 15504 15496 15497 
43617 15498 15497 15484 15545 
43618 15497 15496 15483 15545 
43619 15545 15498 15497 15504 
43620 15508 15509 15552 15510 
43621 15510 15552 15519 15520 
43622 15509 15552 15510 15520 
43623 15536 15528 15551 15537 
43624 15527 15509 15526 15507 
43625 15504 15498 15497 15509 
43626 15516 15509 15504 15506 
43627 15490 15489 15485 15548 
43628 15499 15491 15485 15548 
43629 15504 15498 15492 15545 
43630 15504 15509 15496 15506 
43631 15510 15508 15509 15498 
43632 15478 15472 15475 15543 
43633 474 8991 15532 15553 
43634 15515 15502 15503 15549 
43635 15514 15501 15502 15549 
43636 15501 15500 15548 15549 
43637 15503 15502 15548 15549 
43638 15513 15512 15500 15549 
43639 15504 15495 15496 15545 
43640 15512 15499 15500 15549 
43641 15524 15513 15514 15554 
43642 15466 844 15469 15550 
43643 15514 15513 15549 15554 
43644 15522 15511 15518 15554 
43645 15513 15500 15501 15549 
43646 15503 15490 15491 15548 
43647 15515 15514 15549 15554 
43648 15489 15486 15474 15473 
43649 15505 15495 15504 15545 
43650 15489 15474 15475 15543 
43651 15479 15478 15543 15544 
43652 15506 15496 15504 15495 
43653 15511 15491 15499 15549 
43654 15483 15482 15471 15544 
43655 15509 15506 15507 15496 
43656 15525 15515 15522 15554 
43657 15490 15485 15489 15477 
43658 15498 15509 15504 15508 
43659 15515 15514 15502 15549 
43660 15515 15503 15511 15549 
43661 15494 15480 15481 15544 
43662 15505 15494 15495 15545 
43663 15502 15501 15548 15549 
43664 15501 15500 15487 15548 
43665 15526 15509 15516 15506 
43666 15494 15493 15544 15545 
43667 15495 15494 15482 15545 
43668 15516 15505 15506 15504 
43669 15481 15480 15543 15544 
43670 15507 15496 15506 15495 
43671 15510 15498 15509 15497 
43672 15539 15547 15538 15550 
43673 15483 15482 15544 15545 
43674 15482 15481 15471 15544 
43675 15489 15487 15475 15474 
43676 15524 15523 15513 15554 
43677 15508 15509 15504 15516 
43678 15519 15552 15517 15520 
43679 15508 15510 15552 15519 
43680 15524 15546 15523 15554 
43681 15521 15520 15519 15517 
43682 15526 15520 15552 15509 
43683 15517 15520 15552 15526 
43684 15527 15520 15526 15509 
43685 15497 15504 15496 15545 
43686 15530 15518 15529 15546 
43687 15522 15518 15546 15554 
43688 15533 15522 15530 15546 
43689 15525 15546 15524 15554 
43690 15525 15524 15514 15554 
43691 15515 15549 15511 15554 
43692 15535 15546 15533 15547 
43693 15501 15487 15488 15548 
43694 15534 15529 15523 15546 
43695 15523 15512 15513 15554 
43696 15529 15518 15523 15546 
43697 15476 15472 15471 15543 
43698 15525 15514 15515 15554 
43699 15518 15511 15512 15554 
43700 15530 15522 15518 15546 
43701 15512 15511 15549 15554 
43702 15512 15511 15499 15549 
43703 15489 15471 15470 15543 
43704 15517 15526 15551 15520 
43705 15536 15526 15551 15517 
43706 15537 8991 15528 473 
43707 473 8991 15532 474 
43708 15532 15551 15528 15527 
43709 8991 15465 473 15537 
43710 15536 475 15531 15553 
43711 15536 15521 15531 15517 
43712 15489 15477 15473 15543 
43713 15528 8991 15532 473 
43714 15506 15504 15505 15495 
43715 15522 15515 15511 15554 
43716 15523 15518 15512 15554 
43717 15520 15526 15551 15527 
43718 15493 15479 15480 15544 
43719 15553 475 15531 474 
43720 15526 15507 15509 15506 
43721 15531 15521 15519 15517 
43722 15528 15551 15537 15527 
43723 15514 15513 15501 15549 
43724 15489 15485 15486 15473 
43725 15536 8991 15528 15537 
43726 15533 15546 15530 15547 
43727 15525 15522 15546 15554 
43728 15539 15529 15538 15547 
43729 15540 15530 15539 15547 
43730 15539 15530 15529 15547 
43731 15467 15539 15538 15550 
43732 475 8991 15553 15536 
43733 15553 8991 15532 15536 
43734 15534 15529 15546 15547 
43735 15535 15534 15524 15546 
43736 15541 15535 15533 15547 
43737 15542 15534 15535 15547 
43738 15537 15551 15526 15527 
43739 475 15465 8991 15536 
43740 15535 15534 15546 15547 
43741 15542 15538 15534 15547 
43742 15535 15524 15525 15546 
43743 15468 15540 15539 15550 
43744 844 15542 15541 15550 
43745 15466 15467 15538 15550 
43746 15540 15547 15539 15550 
43747 15533 15525 15522 15546 
43748 15469 15541 15540 15550 
43749 15469 15540 15468 15550 
43750 15535 15525 15533 15546 
43751 15542 15547 15541 15550 
43752 15466 15469 15468 15550 
43753 15540 15533 15530 15547 
43754 15466 15468 15467 15550 
43755 844 15541 15469 15550 
43756 15542 15535 15541 15547 
43757 15532 15551 15527 15520 
43758 15541 15533 15540 15547 
43759 15538 15529 15534 15547 
43760 15541 15547 15540 15550 
43761 15466 15542 844 15550 
43762 15542 15538 15547 15550 
43763 15536 15532 15551 15528 
43764 15536 8991 15532 15528 
43765 8991 15465 15537 15536 
43766 15513 15512 15549 15554 
43767 474 8991 15553 475 
43768 15523 15546 15518 15554 
43769 15489 15477 15485 15473 
43770 15479 15474 15473 15543 
43771 15509 15552 15516 15508 
43772 15508 15552 15516 15517 
43773 15517 15552 15516 15526 
43774 15526 15552 15516 15509 
43775 15517 15551 15521 15520 
43776 15520 15521 15532 15551 
43777 15551 15521 15532 15536 
43778 15536 15551 15521 15517 
43779 15531 15553 15521 15536 
43780 15536 15553 15521 15532 
43781 15532 15553 15521 474 
43782 474 15553 15521 15531 
43783 15508 15519 15552 15517 
43784 15559 15563 15561 15566 
43785 15558 15564 15562 15567 
43786 15559 846 15565 15566 
43787 846 15555 15565 15566 
43788 15563 15566 15555 15568 
43789 9094 15560 483 15569 
43790 846 15556 15555 15568 
43791 9094 15562 15560 15569 
43792 15563 15565 15555 15566 
43793 846 15557 15556 15568 
43794 15558 15560 15562 15569 
43795 15561 15563 15557 15566 
43796 15559 15565 15564 15567 
43797 15562 15564 15565 15567 
43798 15559 15561 15563 15567 
43799 15561 15562 15563 15567 
43800 483 845 15570 15571 
43801 482 15570 845 15571 
43802 9094 483 15570 15571 
43803 9094 15570 482 15571 
43804 9094 15569 483 15571 
43805 484 482 9094 15570 
43806 483 15558 845 15571 
43807 484 845 482 15570 
43808 15558 15559 15564 15567 
43809 15558 15562 15564 15569 
43810 15559 15565 15563 15566 
43811 15560 15562 15561 15567 
43812 482 15558 15569 15571 
43813 15560 15561 15559 15567 
43814 483 15560 15558 15569 
43815 846 15566 15557 15568 
43816 15561 15557 846 15566 
43817 15557 15566 15563 15568 
43818 15559 15561 846 15566 
43819 15559 15563 15565 15567 
43820 15557 15563 15556 15568 
43821 482 845 15558 15571 
43822 15558 15560 15559 15567 
43823 483 15569 15558 15571 
43824 9094 15564 15562 15569 
43825 15562 15565 15563 15567 
43826 484 483 845 15570 
43827 484 9094 483 15570 
43828 9094 482 15569 15571 
43829 15563 15555 15556 15568 
43830 846 15555 15566 15568 
43831 15558 15562 15560 15567 
43832 482 15558 15564 15569 
43833 9094 482 15564 15569 
43834 481 15584 15572 15585 
43835 480 15584 481 15585 
43836 479 15572 15584 15585 
43837 480 479 15584 15585 
43838 15577 15586 15573 15587 
43839 15577 847 15573 15586 
43840 15577 15583 15579 15587 
43841 15579 15581 15574 15583 
43842 15574 15583 15573 15587 
43843 15579 15583 15574 15587 
43844 15576 15579 15583 15588 
43845 15579 15581 15583 15588 
43846 15576 15583 15582 15588 
43847 15581 15582 15583 15588 
43848 9093 15572 479 15585 
43849 480 479 15580 15584 
43850 481 15572 9093 15585 
43851 480 15582 481 15584 
43852 480 15580 15582 15584 
43853 15578 15580 15581 15588 
43854 15577 15575 847 15586 
43855 15577 15573 15583 15587 
43856 15577 15579 15575 15586 
43857 15576 15579 15577 15583 
43858 847 15574 15573 15586 
43859 847 15575 15574 15586 
43860 15576 15580 15578 15588 
43861 15576 15582 15580 15588 
43862 15577 15579 15586 15587 
43863 15576 15578 15579 15588 
43864 480 479 15578 15580 
43865 480 15578 15576 15580 
43866 480 9093 479 15585 
43867 479 15572 15580 15584 
43868 15579 15574 15575 15586 
43869 480 481 9093 15585 
43870 481 15580 15572 15584 
43871 15579 15574 15586 15587 
43872 15574 15573 15586 15587 
43873 15580 15582 15581 15588 
43874 481 15582 15580 15584 
43875 15578 15581 15579 15588 
43876 480 15580 15576 15582 
43877 15653 15652 15650 15660 
43878 15652 15641 15642 15661 
43879 15651 15640 15641 15661 
43880 15627 15662 15623 15663 
43881 15626 15625 15615 15662 
43882 849 15592 15591 15664 
43883 15589 15590 15653 15664 
43884 849 15657 15656 15664 
43885 15611 15602 15600 15595 
43886 15594 15605 15611 15600 
43887 15609 15608 15598 15665 
43888 15602 15596 15600 15595 
43889 15618 15608 15617 15607 
43890 15610 15607 15608 15665 
43891 15609 15605 15599 15665 
43892 15618 15607 15617 15597 
43893 15610 15600 15601 15665 
43894 15621 15610 15617 15608 
43895 15601 15600 15593 15665 
43896 15611 15604 15605 15594 
43897 15605 15611 15600 15595 
43898 15617 15610 15601 15597 
43899 15605 15595 15600 15665 
43900 15598 15596 15595 15665 
43901 15616 15606 15603 15666 
43902 15605 15599 15600 15594 
43903 15613 15604 15611 15594 
43904 15654 15651 15652 15660 
43905 15607 15596 15598 15665 
43906 15608 15607 15598 15665 
43907 15606 15611 15603 15666 
43908 15624 15614 15615 15666 
43909 15601 15593 15597 15665 
43910 15619 15608 15618 15607 
43911 15595 15606 15611 15603 
43912 15605 15595 15606 15611 
43913 15624 15615 15662 15666 
43914 15614 15613 15611 15666 
43915 15611 15603 15602 15595 
43916 15627 15616 15612 15662 
43917 15666 15614 15606 15611 
43918 15622 15662 15612 15666 
43919 15622 15612 15611 15666 
43920 15626 15615 15616 15662 
43921 15605 15611 15614 15604 
43922 15616 15612 15662 15666 
43923 15622 15611 15613 15666 
43924 15609 15598 15605 15665 
43925 15627 15612 15623 15662 
43926 15615 15614 15606 15666 
43927 15624 15613 15614 15666 
43928 15624 15622 15613 15666 
43929 15616 15603 15612 15666 
43930 15623 15612 15622 15662 
43931 15611 15614 15606 15605 
43932 15621 15617 15620 15608 
43933 15624 15662 15622 15666 
43934 15634 15624 15625 15662 
43935 15636 15625 15626 15663 
43936 15610 15597 15607 15665 
43937 15617 15607 15610 15597 
43938 15627 15626 15662 15663 
43939 15620 15617 15618 15608 
43940 15629 15617 15618 15667 
43941 15629 15628 15617 15667 
43942 15634 15662 15625 15663 
43943 15630 15629 15618 15667 
43944 15620 15618 15617 15667 
43945 15614 15611 15613 15604 
43946 15630 15629 15667 15668 
43947 15617 15608 15610 15607 
43948 15625 15624 15615 15662 
43949 15631 15630 15619 15667 
43950 15620 15619 15618 15667 
43951 15610 15601 15597 15665 
43952 15621 15620 15617 15667 
43953 15610 15609 15599 15665 
43954 15631 15619 15620 15667 
43955 15630 15618 15619 15667 
43956 15632 15631 15620 15667 
43957 15626 15625 15662 15663 
43958 15642 15641 15631 15668 
43959 15632 15620 15621 15667 
43960 15634 15623 15662 15663 
43961 15621 15620 15609 15608 
43962 15620 15618 15619 15608 
43963 15640 15629 15630 15668 
43964 15641 15640 15630 15668 
43965 15639 15632 15628 15668 
43966 15639 15628 15633 15668 
43967 15612 15603 15611 15666 
43968 15637 15626 15627 15663 
43969 15632 15621 15628 15667 
43970 15632 15667 15628 15668 
43971 15645 15637 15663 15669 
43972 15635 15634 15625 15663 
43973 15647 15623 15634 15663 
43974 15627 15626 15616 15662 
43975 15616 15615 15606 15666 
43976 15616 15662 15615 15666 
43977 15645 15637 15627 15663 
43978 15634 15623 15622 15662 
43979 15636 15635 15663 15669 
43980 15638 15636 15637 15669 
43981 15637 15636 15626 15663 
43982 15645 15627 15623 15663 
43983 15636 15635 15625 15663 
43984 15647 15645 15663 15669 
43985 15643 15633 15640 15661 
43986 15644 15633 15643 15661 
43987 15639 15633 15661 15668 
43988 15641 15661 15640 15668 
43989 15642 15639 15661 15668 
43990 15631 15630 15667 15668 
43991 15640 15633 15629 15668 
43992 15632 15631 15667 15668 
43993 15633 15628 15629 15668 
43994 15652 15642 15650 15661 
43995 15641 15630 15631 15668 
43996 15644 15639 15633 15661 
43997 15640 15661 15633 15668 
43998 15629 15628 15667 15668 
43999 15650 15639 15644 15661 
44000 15652 15651 15641 15661 
44001 15651 15643 15640 15661 
44002 15610 15599 15600 15665 
44003 15658 15647 15635 15669 
44004 15637 15636 15663 15669 
44005 15649 15646 15648 15669 
44006 15647 15663 15635 15669 
44007 15649 15645 15646 15669 
44008 15647 15645 15623 15663 
44009 15659 15645 15647 15669 
44010 15649 15638 15637 15669 
44011 15648 15649 490 15646 
44012 15652 15650 15660 15661 
44013 15591 15655 15654 15664 
44014 15589 849 15591 15664 
44015 9187 15649 15648 15638 
44016 15648 15636 15638 15669 
44017 15659 15647 15658 15669 
44018 15658 15635 15648 15669 
44019 15659 15658 15648 15669 
44020 15659 15648 15646 15669 
44021 15646 490 15648 15659 
44022 489 490 15646 15659 
44023 15634 15622 15624 15662 
44024 15659 15646 15645 15669 
44025 490 848 488 15658 
44026 15658 490 15648 488 
44027 15628 15621 15617 15667 
44028 488 490 15648 9187 
44029 15659 490 15648 15658 
44030 15650 15644 15660 15661 
44031 15652 15660 15651 15661 
44032 15654 15660 15653 15664 
44033 15654 15652 15653 15660 
44034 15642 15631 15632 15668 
44035 15650 15642 15639 15661 
44036 15656 15644 15643 15660 
44037 15657 15653 15650 15660 
44038 15644 15643 15660 15661 
44039 15656 15660 15655 15664 
44040 15592 15655 15591 15664 
44041 15605 15600 15599 15665 
44042 15590 15654 15653 15664 
44043 15607 15597 15596 15665 
44044 15656 15643 15655 15660 
44045 15655 15660 15654 15664 
44046 15589 15653 15657 15664 
44047 15642 15632 15639 15668 
44048 15591 15654 15590 15664 
44049 15655 15651 15654 15660 
44050 15651 15660 15643 15661 
44051 15657 15650 15644 15660 
44052 15657 15653 15660 15664 
44053 15592 15656 15655 15664 
44054 15655 15643 15651 15660 
44055 849 15656 15592 15664 
44056 15657 15660 15656 15664 
44057 15657 15644 15656 15660 
44058 15589 15657 849 15664 
44059 15610 15608 15609 15665 
44060 15589 15591 15590 15664 
44061 15642 15661 15641 15668 
44062 15600 15595 15596 15665 
44063 15647 15634 15635 15663 
44064 490 15659 848 15658 
44065 490 489 848 15659 
44066 15646 15649 490 489 
44067 9187 15649 490 15648 
44068 15648 15635 15636 15669 
44069 489 15649 490 9187 
44070 15600 15596 15593 15665 
44071 15597 15593 15596 15665 
44072 15605 15598 15595 15665 
44073 15602 15600 15596 15593 
44074 15649 15637 15645 15669 
44075 15605 15604 15599 15594 
44076 15621 15609 15610 15608 
44077 15649 15648 15638 15669 
44078 15675 15682 15677 15683 
44079 15674 15678 15676 15682 
44080 15676 15678 15679 15683 
44081 15676 15677 15682 15683 
44082 15675 15681 15682 15683 
44083 15680 15682 15681 15683 
44084 15675 15684 15685 15679 
44085 15679 15684 15685 15672 
44086 15675 15671 15685 15684 
44087 15675 15673 850 15671 
44088 15679 15681 15672 15685 
44089 15672 15681 15671 15685 
44090 486 15686 487 15687 
44091 486 485 15686 15687 
44092 487 15686 15670 15687 
44093 485 15670 15686 15687 
44094 486 485 15676 15678 
44095 486 15678 487 15686 
44096 9186 15670 485 15687 
44097 487 15670 9186 15687 
44098 15676 15679 15677 15683 
44099 15674 15677 15675 15682 
44100 15676 15682 15678 15683 
44101 15678 15682 15680 15683 
44102 15678 15680 15679 15683 
44103 15677 15672 15673 15684 
44104 15675 15673 15671 15684 
44105 15672 15685 15671 15684 
44106 15675 15677 15673 15684 
44107 15675 15671 15681 15685 
44108 485 15670 15678 15686 
44109 15684 15677 15679 15675 
44110 486 485 15678 15686 
44111 15674 15675 15681 15682 
44112 15674 15676 15677 15682 
44113 15674 15680 15678 15682 
44114 15673 15672 15671 15684 
44115 486 487 15678 15680 
44116 486 9186 485 15687 
44117 486 487 9186 15687 
44118 15674 15681 15680 15682 
44119 15675 15677 15679 15683 
44120 15679 15680 15681 15683 
44121 487 15678 15670 15686 
44122 486 15678 15674 15680 
44123 15675 15681 15679 15685 
44124 15672 15677 15679 15684 
44125 15675 15679 15681 15683 
44126 486 15676 15674 15678 
1438 1376 1372 1363 1457 
1489 1376 1363 1348 1457 
1104 1372 1371 1456 1457 
1105 1371 1456 1457 1458 
1106 1372 1371 1366 1456 
1108 1371 1362 1456 1458 
1278 1363 1348 1457 1461 
1285 1456 1459 1461 1463 
1287 1456 1458 1459 1463 
1347 1339 1337 1338 1463 
1348 1350 1337 1339 1463 
1378 1338 1337 1336 1458 
1401 1347 1342 1341 1461 
1414 1371 1362 1366 1456 
1417 1347 1341 1335 1461 
1423 1363 1342 1348 1461 
1436 1351 1338 1336 1458 
1464 1363 1457 1456 1461 
1467 1372 1366 1363 1456 
1469 1459 1460 1461 1463 
1478 1371 1367 1362 1458 
1492 1372 1456 1363 1457 
1515 1338 1337 1458 1463 
1519 1367 1351 1362 1458 
1533 1348 1342 1347 1461 
1749 1362 1351 1336 1458 
3030 1874 1931 1932 1933 
3061 1926 1919 1923 1953 
3062 1925 1921 1953 1954 
3064 1307 1306 1927 1953 
3065 1308 1307 1926 1953 
3066 1314 1955 1953 1956 
3083 1924 1918 1954 1961 
3084 1924 1954 1955 1961 
3087 1918 1902 1954 1961 
3089 1902 1954 1961 1962 
3091 1919 1953 1954 1956 
3092 1953 1955 1954 1956 
3094 1923 1919 1903 1956 
3095 1308 1926 1923 1953 
3096 1309 1923 1917 1956 
3097 1309 1917 10 1956 
3151 1877 1860 1967 1968 
3152 1879 1862 1877 1969 
3153 1873 1933 1932 1968 
3154 1890 1878 1862 1969 
3155 1852 1850 1932 1968 
3156 1865 1932 1965 1966 
3157 1877 1853 1860 1968 
3158 1853 1852 1966 1968 
3171 1876 1858 1931 1967 
3172 1878 1873 1861 1968 
3175 1888 1859 1857 1931 
3177 1904 1888 1874 1933 
3178 1874 1851 1873 1932 
3179 1862 1852 1853 1968 
3181 1954 1956 1962 1969 
3185 1865 1852 1850 1932 
3187 1890 1862 1879 1969 
3197 1866 1852 1865 1966 
3198 1888 1876 1931 1933 
3199 1858 1966 1931 1967 
3200 1956 1919 1969 1954 
3209 1874 1932 1873 1933 
3210 1861 1932 1850 1968 
3211 1931 1966 1932 1968 
3212 1866 1853 1852 1966 
3219 1920 1876 1888 1933 
3227 1873 1851 1861 1932 
3231 1860 1853 1854 1966 
3232 1877 1862 1853 1968 
3233 1903 1873 1878 1933 
3234 1931 1965 1932 1966 
3237 1878 1850 1862 1968 
3238 1891 1889 1879 1969 
3243 1860 1966 1858 1967 
3249 1864 1861 1851 1932 
3251 1902 1967 1954 1969 
3252 1862 1850 1852 1968 
3253 1867 1853 1866 1966 
3254 1918 1902 1875 1967 
3257 1865 1932 1864 1965 
3258 1902 1877 1860 1967 
3259 1933 1967 1968 1969 
3260 1877 1862 1968 1969 
3262 1931 1933 1967 1968 
3264 1860 1966 1967 1968 
3268 1888 1931 1874 1933 
3273 1876 1875 1858 1967 
3274 1902 1860 1875 1967 
3276 1876 1858 1859 1931 
3277 1878 1861 1850 1968 
3278 1878 1968 1862 1969 
3279 1873 1932 1861 1968 
3285 1931 1967 1966 1968 
3286 1852 1932 1966 1968 
3288 1878 1933 1873 1968 
3291 1903 1878 1890 1969 
3292 1933 1919 1969 1903 
3293 1920 1918 1876 1967 
3296 1917 1889 1956 1969 
3297 1902 1877 1967 1969 
3298 1864 1850 1861 1932 
3301 1902 1962 1891 1969 
3302 1933 1954 1967 1969 
3303 1308 1923 1309 1956 
3304 1923 1903 1917 1956 
3305 1917 1903 1890 1969 
3307 1953 1928 1924 1955 
3310 1877 1968 1967 1969 
3323 1876 1931 1933 1967 
3324 1875 1860 1858 1967 
3351 1865 1852 1932 1966 
3352 1308 1314 1953 1956 
3353 1920 1933 1954 1967 
3354 1860 1854 1858 1966 
3355 1920 1876 1933 1967 
3356 1306 1928 1927 1953 
3359 1925 1920 1905 1954 
3360 1310 1956 1889 1962 
3369 1878 1933 1968 1969 
3373 1954 1955 1961 1962 
3377 1904 1873 1903 1933 
3385 1924 1918 1920 1954 
3389 1310 1844 1891 1845 
3398 1917 1890 1889 1969 
3399 1889 1962 1956 1969 
3401 1918 1875 1876 1967 
3402 1918 1954 1902 1967 
3404 1931 1932 1933 1968 
3407 1310 10 1845 1889 
3409 1891 1962 1889 1969 
3412 1310 10 1889 1956 
3415 1954 1956 1955 1962 
3417 1921 1904 1919 1933 
3418 1921 1905 1904 1933 
3419 1904 1874 1873 1933 
3420 1903 1919 1969 1956 
3421 1924 1953 1954 1925 
3422 1888 1876 1859 1931 
3423 1919 1904 1903 1933 
3424 1905 1888 1904 1933 
3425 1923 1953 1919 1956 
3429 1927 1921 1926 1953 
3459 1902 1891 1877 1969 
3460 1921 1933 1919 1954 
3463 1925 1924 1920 1954 
3464 1890 1879 1889 1969 
3465 1926 1921 1919 1953 
3468 1920 1933 1905 1954 
3472 1925 1928 1924 1953 
3474 1921 1905 1933 1954 
3475 1928 1925 1927 1953 
3476 1310 1889 1891 1962 
3478 1954 1919 1969 1933 
3480 1308 1953 1923 1956 
3481 1920 1954 1918 1967 
3485 1314 1306 1307 1953 
3486 1925 1905 1921 1954 
3488 1307 1927 1926 1953 
3489 1920 1888 1905 1933 
3494 1314 1306 1953 1955 
3495 1927 1925 1921 1953 
3497 10 1917 1889 1956 
3503 1955 1953 1954 1924 
3504 1860 1853 1966 1968 
3505 1917 1956 1903 1969 
3507 1902 1954 1962 1969 
3511 1308 1314 1307 1953 
3513 1306 1928 1953 1955 
3514 1888 1857 1874 1931 
3515 1310 1845 1891 1889 
3516 1921 1919 1953 1954 
3520 1891 1879 1877 1969 
3528 1867 1854 1853 1966 
3530 1865 1850 1864 1932 
3531 1903 1933 1878 1969 
4987 2373 59 2371 2448 
4988 2449 2366 2450 2451 
4989 60 2425 59 2448 
4990 2370 2422 58 2448 
4991 58 2432 2372 2448 
4992 2372 2432 2435 2448 
4993 2432 2448 2422 2450 
4994 2410 2452 2404 2453 
4995 2367 2376 2370 2422 
4996 2403 2391 2452 2454 
4997 2390 2454 2452 2455 
4999 2391 2452 2454 2455 
5000 2392 2382 2452 2455 
5001 2383 2452 2382 2455 
5002 2393 2390 2452 2455 
5003 2399 2382 2383 2452 
5004 2384 2452 2383 2455 
5019 59 2448 2425 2449 
5020 2453 2448 2425 2435 
5021 2448 2449 2450 2453 
5022 2432 2448 2450 2453 
5023 2404 2453 2454 2460 
5024 2424 2449 2453 2460 
5025 2450 2454 2453 2460 
5026 2432 2450 2418 2453 
5028 2397 2379 2380 2455 
5031 2392 2378 2382 2455 
5032 2392 2452 2391 2455 
5033 2450 2453 2449 2460 
5034 2392 2391 2378 2455 
5037 2397 2390 2379 2455 
5039 2393 2452 2384 2455 
5042 2393 2385 2390 2455 
5043 2400 2383 2384 2452 
5045 2369 2451 2449 2460 
5046 2400 2384 2393 2452 
5049 2400 2399 2383 2452 
5058 2417 2397 2398 2454 
5059 2407 2390 2397 2454 
5060 2407 2404 2390 2454 
5063 2417 2407 2397 2454 
5064 2399 2392 2382 2452 
5066 2404 2393 2390 2452 
5070 2398 2397 2380 2455 
5071 2418 2409 2399 2452 
5073 2409 2392 2399 2452 
5075 2408 2391 2403 2454 
5076 2410 2400 2393 2452 
5080 57 2423 2376 2451 
5081 2403 2391 2392 2452 
5082 2368 2434 2433 2451 
5083 2409 2403 2392 2452 
5085 2450 2452 2453 2454 
5086 2370 58 2373 2448 
5087 2404 2452 2390 2454 
5094 2410 2393 2404 2452 
5096 2434 2424 2407 2460 
5097 2393 2384 2385 2455 
5098 2418 2400 2410 2452 
5101 2425 2424 2449 2453 
5102 2417 2398 2408 2454 
5103 2434 2369 2424 2460 
5104 2408 2398 2391 2454 
5105 2367 2422 2450 2451 
5107 2403 2452 2450 2454 
5110 2433 2450 2423 2451 
5111 2434 2417 2433 2460 
5112 2418 2452 2410 2453 
5113 2434 2433 2451 2460 
5115 2433 2450 2451 2460 
5116 2435 2418 2410 2453 
5117 2424 2453 2404 2460 
5119 2434 2407 2417 2460 
5121 2432 2422 2409 2450 
5129 2418 2450 2452 2453 
5136 2398 2391 2454 2455 
5141 2423 2408 2403 2450 
5142 2398 2454 2397 2455 
5143 58 2422 2432 2448 
5144 2376 2423 2422 2451 
5145 2367 2366 2450 2448 
5146 2448 2366 2450 2449 
5147 2433 2408 2450 2460 
5148 2408 2403 2450 2454 
5149 55 2369 2424 2434 
5150 61 2425 2424 2449 
5151 59 2425 61 2449 
5152 56 61 2424 2449 
5153 2366 2367 2371 2448 
5154 2425 2410 2404 2453 
5155 2451 2366 2450 2367 
5156 2373 2372 60 2448 
5158 2367 2422 2448 2450 
5162 2460 2369 2424 2449 
5163 56 2369 2366 2449 
5165 2435 2410 2425 2453 
5173 2404 2453 2452 2454 
5174 2417 2454 2408 2460 
5175 2370 2376 58 2422 
5177 2418 2450 2409 2452 
5178 2435 2448 2432 2453 
5179 2367 2376 2422 2451 
5180 2390 2385 2379 2455 
5181 2418 2399 2400 2452 
5182 60 61 59 2425 
5183 55 56 61 2424 
5184 57 2368 2433 2451 
5190 2408 2454 2450 2460 
5191 2435 2432 2418 2453 
5194 2409 2450 2403 2452 
5195 2397 2454 2390 2455 
5199 2423 2403 2422 2450 
5201 2369 2451 2366 2449 
5202 2433 2408 2423 2450 
5203 2449 2369 2424 56 
5204 2425 2449 2448 2453 
5205 2369 2434 2368 2451 
5206 2422 2403 2409 2450 
5208 2372 2435 60 2448 
5209 2407 2404 2454 2460 
5212 2367 2422 2370 2448 
5216 2417 2407 2454 2460 
5219 2433 2417 2408 2460 
5220 2369 2434 2451 2460 
5230 2369 2367 2366 2451 
5231 56 2366 61 2449 
5249 57 2433 2423 2451 
5263 2373 58 2372 2448 
5267 2450 2449 2451 2460 
5268 2367 2370 2371 2448 
5269 2371 59 61 2449 
5270 2366 2371 61 2449 
5271 2371 2448 59 2449 
5274 2370 2373 2371 2448 
5275 2373 60 59 2448 
5276 2369 57 2367 2451 
5278 2366 2448 2371 2449 
5279 2425 2404 2424 2453 
5280 2432 2409 2418 2450 
5281 56 2369 2424 55 
5282 55 2368 2369 2434 
5285 2385 2384 2383 2455 
5289 2448 2425 2435 60 
5290 2369 2368 57 2451 
5291 2423 2450 2422 2451 
5293 2424 2404 2407 2460 
5295 2367 57 2376 2451 
8105 3369 3400 3366 3401 
8106 3362 3360 3400 3402 
8107 3361 3400 3360 3402 
8108 3364 3401 3400 3402 
8109 3367 3400 3364 3401 
8110 3367 3365 3400 3401 
8111 3368 3400 3365 3401 
8112 3385 3403 3404 3405 
8113 3388 3384 3404 3405 
8114 3388 3404 3387 3405 
8115 3372 3401 3404 3403 
8116 3392 3403 3406 3407 
8117 3380 3378 3404 3401 
8118 3374 3368 3365 3404 
8119 3309 3407 3408 3409 
8120 3405 3408 3409 3410 
8121 3346 3345 3337 3411 
8122 3306 3408 3313 3409 
8123 3306 3309 3408 3409 
8124 3307 3408 3406 3412 
8125 121 3406 3385 3412 
8126 121 3307 3406 3412 
8127 3310 3406 3307 3408 
8128 121 3308 3386 3406 
8129 3315 3393 3413 3414 
8130 3315 3314 3410 3413 
8131 3315 3413 3410 3414 
8132 3319 3396 3399 3413 
8133 123 3397 3319 3413 
8134 3313 3409 3408 3410 
8135 3405 3408 3410 3415 
8136 3395 3394 3407 3416 
8137 3320 3384 3388 3412 
8138 3309 3407 3310 3408 
8139 3405 3410 3409 3416 
8140 3395 3409 3399 3416 
8141 3309 3305 3407 3409 
8142 3399 3409 3410 3416 
8143 3308 3392 3386 3406 
8144 3395 3407 3409 3416 
8145 3305 3317 119 3407 
8146 3305 3395 3407 3409 
8147 3317 3395 3394 3407 
8148 119 3317 3394 3407 
8149 119 3392 3308 3407 
8150 3405 3406 3407 3408 
8151 2373 2372 58 3417 
8152 3397 3413 3414 3416 
8153 3315 3393 3414 3415 
8154 3397 3413 3393 3414 
8155 3313 3314 3399 3410 
8156 122 3388 3387 3415 
8157 3306 3313 3399 3409 
8158 3405 3414 3410 3416 
8159 3354 3418 3417 3419 
8160 2372 3357 3417 3418 
8161 2372 3316 3357 3418 
8162 2372 60 3316 3418 
8163 60 59 3398 3418 
8164 3335 3322 3328 3420 
8165 3332 3324 3325 3411 
8166 3340 3326 3324 3411 
8167 3344 3327 3336 3420 
8168 3323 3339 3327 3322 
8169 3327 3323 3421 3411 
8170 3342 3419 3335 3420 
8171 3333 3328 3325 3421 
8172 3338 3329 3337 3411 
8173 3337 3330 3411 3421 
8174 3344 3336 3419 3420 
8175 3337 3329 3334 3421 
8176 3356 3336 3335 3419 
8177 3344 3334 3327 3420 
8178 3354 3342 3351 3419 
8179 3343 3334 3420 3421 
8180 3411 3339 3327 3323 
8181 3307 3312 3408 3415 
8182 3345 3338 3337 3411 
8183 3334 3329 3327 3421 
8184 3347 3339 3338 3411 
8185 3347 3338 3345 3411 
8186 3326 3325 3411 3421 
8187 3337 3411 3329 3421 
8188 3343 3326 3330 3421 
8189 3322 3323 3421 3327 
8190 3327 3322 3420 3421 
8191 3340 3337 3330 3411 
8192 3332 3325 3323 3411 
8193 3350 3324 3332 3422 
8194 3343 3333 3326 3421 
8195 3343 3330 3334 3421 
8196 3336 3335 3419 3420 
8197 3342 3328 3333 3420 
8198 3348 3332 3339 3411 
8199 3346 3337 3340 3411 
8200 3351 3342 3333 3420 
8201 3348 3411 3347 3422 
8202 3350 3331 3324 3422 
8203 3363 3348 3362 3402 
8204 3338 3327 3329 3411 
8205 3357 3336 3356 3419 
8206 3346 3411 3340 3422 
8207 3353 3352 3344 3419 
8208 3357 3344 3336 3419 
8209 3357 3356 3417 3419 
8210 3346 3345 3411 3422 
8211 3328 3420 3322 3421 
8212 3330 3326 3411 3421 
8213 3340 3324 3331 3422 
8214 3361 3346 3358 3422 
8215 3405 3412 3408 3415 
8216 3364 3400 3358 3402 
8217 3352 3343 3334 3420 
8218 3307 3321 3320 3412 
8219 3329 3411 3327 3421 
8220 3340 3330 3326 3411 
8221 3376 3350 3359 3402 
8222 3352 3351 3343 3420 
8223 58 2372 3357 3417 
8224 3358 3346 3349 3422 
8225 3349 3346 3340 3422 
8226 3359 3350 3348 3402 
8227 3361 3345 3346 3422 
8228 3349 3340 3331 3422 
8229 3352 3334 3344 3420 
8230 3356 3355 3417 3419 
8231 3361 3402 3360 3422 
8232 3355 3335 3342 3419 
8233 2370 3356 3355 3417 
8234 3364 3341 3402 3422 
8235 3368 3366 3400 3401 
8236 3368 3361 3365 3400 
8237 3362 3347 3360 3402 
8238 3348 3332 3411 3422 
8239 3336 3327 3322 3420 
8240 3349 3331 3341 3422 
8241 3364 3402 3358 3422 
8242 3350 3341 3331 3422 
8243 3362 3348 3347 3402 
8244 3363 3359 3348 3402 
8245 3340 3411 3324 3422 
8246 3355 3354 3417 3419 
8247 2373 3417 3354 3418 
8248 3398 3353 3418 3419 
8249 3357 3353 3344 3419 
8250 3350 3332 3348 3422 
8251 3343 3420 3333 3421 
8252 60 3353 3316 3418 
8253 2373 2372 3417 3418 
8254 3312 3315 3410 3415 
8255 3376 3364 3341 3402 
8256 3398 3352 3353 3419 
8257 3355 3342 3354 3419 
8258 59 3354 3398 3418 
8259 3369 3363 3362 3400 
8260 3398 3351 3352 3419 
8261 3336 3322 3335 3420 
8262 3370 3359 3363 3401 
8263 3350 3402 3341 3422 
8264 3348 3339 3347 3411 
8265 3351 3419 3342 3420 
8266 3367 3365 3358 3400 
8267 3368 3360 3361 3400 
8268 3328 3323 3325 3421 
8269 3352 3419 3351 3420 
8270 3332 3324 3411 3422 
8271 3308 3392 3406 3407 
8272 3308 3406 3310 3407 
8273 3398 3418 3354 3419 
8274 3360 3347 3345 3422 
8275 3389 3381 3401 3423 
8276 3372 3366 3368 3401 
8277 3401 3404 3403 3423 
8278 3368 3401 3365 3404 
8279 3363 3362 3400 3402 
8280 3416 3394 3407 3403 
8281 3352 3344 3419 3420 
8282 3394 3416 3390 3423 
8283 3389 3381 3377 3401 
8284 3397 3416 3414 3423 
8285 3360 3402 3347 3422 
8286 3381 3378 3401 3423 
8287 3397 3414 3383 3423 
8288 3423 3378 3404 3383 
8289 3361 3358 3400 3402 
8290 3312 3313 3408 3410 
8291 3356 3335 3355 3419 
8292 2373 3354 59 3418 
8293 3363 3401 3359 3402 
8294 3337 3334 3330 3421 
8295 3386 3403 3385 3406 
8296 3375 3374 3365 3404 
8297 3378 3371 3376 3401 
8298 3376 3341 3350 3402 
8299 3369 3363 3400 3401 
8300 3376 3371 3364 3401 
8301 3382 3401 3403 3423 
8302 3365 3361 3358 3400 
8303 3391 3378 3381 3423 
8304 3394 3382 3403 3423 
8305 3368 3366 3360 3400 
8306 3380 3375 3367 3404 
8307 3375 3365 3367 3404 
8308 3384 3372 3374 3404 
8309 58 3357 3356 3417 
8310 3394 3403 3416 3423 
8311 3373 3401 3372 3403 
8312 3387 3404 3380 3414 
8313 3373 3369 3366 3401 
8314 3388 3384 3374 3404 
8315 3371 3367 3364 3401 
8316 3385 3404 3384 3405 
8317 3382 3377 3370 3401 
8318 3385 3403 3405 3406 
8319 3309 119 3308 3407 
8320 3404 3414 3405 3423 
8321 3403 3405 3406 3407 
8322 3379 3369 3373 3401 
8323 3385 3372 3404 3403 
8324 3401 3378 3404 3423 
8325 3379 3370 3369 3401 
8326 3386 3373 3385 3403 
8327 3381 3376 3377 3401 
8328 3380 3367 3371 3401 
8329 3383 3378 3380 3371 
8330 3369 3362 3366 3400 
8331 3377 3376 3359 3401 
8332 3376 3401 3364 3402 
8333 3394 3407 3403 3392 
8334 3397 3383 3391 3423 
8335 3306 3305 3309 3409 
8336 3367 3358 3364 3400 
8337 3315 3314 3313 3410 
8338 3374 3372 3368 3404 
8339 3403 3405 3416 3423 
8340 3325 3323 3411 3421 
8341 3380 3371 3378 3401 
8342 3381 3378 3376 3401 
8343 3333 3420 3328 3421 
8344 3382 3401 3379 3403 
8345 3389 3377 3382 3401 
8346 3351 3333 3343 3420 
8347 3377 3359 3370 3401 
8348 3389 3391 3381 3423 
8349 3319 3396 3318 3399 
8350 2371 3355 3354 3417 
8351 3314 3319 3399 3413 
8352 3379 3401 3373 3403 
8353 3334 3327 3420 3421 
8354 3363 3400 3401 3402 
8355 3388 3375 3387 3404 
8356 3321 3385 3384 3412 
8357 3393 3380 3383 3414 
8358 3315 123 3314 3413 
8359 3320 3321 3384 3412 
8360 121 3385 3321 3412 
8361 3397 3391 3390 3423 
8362 3312 3311 3315 3415 
8363 3376 3359 3401 3402 
8364 3307 3408 3412 3415 
8365 120 3312 3313 3408 
8366 3393 3387 3380 3414 
8367 3389 3401 3382 3423 
8368 3405 3409 3407 3416 
8369 3385 3373 3372 3403 
8370 3388 3405 3387 3415 
8371 3391 3383 3378 3423 
8372 3315 122 124 3415 
8373 3405 3414 3416 3423 
8374 3392 3379 3386 3403 
8375 3348 3347 3402 3422 
8376 3386 3379 3373 3403 
8377 3350 3348 3402 3422 
8378 3364 3349 3341 3422 
8379 3314 3399 3410 3413 
8380 3385 3405 3384 3412 
8381 3394 3390 3389 3423 
8382 3382 3370 3379 3401 
8383 3387 3405 3414 3415 
8384 3306 3309 3310 3408 
8385 3392 3382 3379 3403 
8386 121 3386 3385 3406 
8387 3392 3403 3386 3406 
8388 3388 3374 3375 3404 
8389 3307 3320 3311 3412 
8390 3388 3384 3405 3412 
8391 3310 3307 120 3408 
8392 121 3321 3307 3412 
8393 3388 3412 3405 3415 
8394 3320 3412 3388 3415 
8395 3305 3317 3395 3399 
8396 3393 3387 3414 3415 
8397 3394 3382 3392 3403 
8398 3373 3366 3372 3401 
8399 3315 124 3393 3415 
8400 3397 3393 3383 3414 
8401 3315 3311 122 3415 
8402 3385 3406 3405 3412 
8403 3366 3362 3360 3400 
8404 3387 3375 3380 3404 
8405 122 3320 3388 3415 
8406 3385 3372 3384 3404 
8407 3312 3410 3408 3415 
8408 3403 3405 3407 3416 
8409 3383 3378 3404 3380 
8410 3394 3389 3382 3423 
8411 3387 3405 3404 3414 
8412 3404 3405 3403 3423 
8413 3405 3406 3408 3412 
8414 3318 3396 3395 3399 
8415 3410 3414 3413 3416 
8416 3397 3390 3416 3423 
8417 3364 3358 3349 3422 
8418 123 3393 3397 3413 
8419 3328 3322 3323 3421 
8420 3383 3380 3404 3414 
8421 3319 3397 3396 3413 
8422 3397 3396 3413 3416 
8423 3399 3410 3413 3416 
8424 3390 3391 3389 3423 
8425 3307 3311 3312 3415 
8426 119 3394 3392 3407 
8427 3405 3408 3407 3409 
8428 3367 3365 3401 3404 
8429 3395 3390 3394 3416 
8430 3405 3410 3414 3415 
8431 3318 3395 3317 3399 
8432 3315 3393 123 3413 
8433 3370 3363 3369 3401 
8434 3397 3390 3396 3416 
8435 3380 3367 3401 3404 
8436 3396 3395 3399 3416 
8437 3313 3399 3409 3410 
8438 3307 3412 3311 3415 
8439 2373 60 2372 3418 
8440 3305 3399 3395 3409 
8441 2373 2371 59 3354 
8442 3305 3395 3317 3407 
8443 121 3310 3308 3406 
8444 3357 3417 3418 3419 
8445 2373 59 60 3418 
8446 3361 3360 3345 3422 
8447 3347 3411 3345 3422 
8448 2370 58 3356 3417 
8449 3310 3407 3406 3408 
8450 3372 3401 3368 3404 
8451 2370 2371 2373 3417 
8452 2373 2371 3354 3417 
8453 3333 3325 3326 3421 
8454 60 3398 3353 3418 
8455 2370 2373 58 3417 
8456 122 3387 124 3415 
8457 3342 3335 3328 3420 
8458 3383 3414 3404 3423 
8459 2370 3355 2371 3417 
8460 3357 3418 3353 3419 
8461 3315 3414 3410 3415 
8462 3396 3390 3395 3416 
8463 58 2372 3316 3357 
8464 124 3387 3393 3415 
8465 3311 3320 122 3415 
8466 3314 123 3319 3413 
8467 3398 3354 3351 3419 
8468 3315 124 123 3393 
8469 120 3307 3312 3408 
8470 3316 3353 3357 3418 
8471 121 3307 3310 3406 
8472 3306 120 3313 3408 
8473 3309 3308 3310 3407 
8474 3306 3310 120 3408 
8475 3361 3358 3402 3422 
8476 3306 3399 3305 3409 
8477 3396 3399 3413 3416 
8478 3309 3305 119 3407 
8479 3339 3332 3323 3411 
8480 3312 3315 3313 3410 
8481 3326 3325 3324 3411 
8482 3339 3327 3338 3411 
8483 3311 3412 3320 3415 
8484 3527 3528 3529 3530 
8485 3427 3531 3428 3532 
8486 3428 3533 3532 3534 
8487 3432 3429 3533 3534 
8488 3520 3532 3533 3535 
8489 3531 3534 3532 3535 
8490 3428 3432 3533 3534 
8491 3523 3536 3537 3538 
8492 3449 3520 3532 3533 
8493 3428 127 3449 3533 
8494 3440 3536 3443 3537 
8495 3440 3524 3523 3537 
8496 3443 3537 3536 3539 
8497 3442 3434 3537 3540 
8498 3537 3541 3542 3543 
8499 3441 3440 3537 3542 
8500 3456 3544 3453 3545 
8501 3537 3538 3539 3543 
8502 3494 3493 3528 3546 
8503 3505 3499 3495 3528 
8504 3500 3493 3499 3528 
8505 3499 3529 3528 3530 
8506 3498 3488 3477 3547 
8507 3476 3547 3470 3548 
8508 3474 3463 3547 3548 
8509 3488 3472 3471 3547 
8510 3477 3459 3470 3547 
8511 3489 3546 3485 3547 
8512 3489 3474 3547 3548 
8513 3471 3547 3463 3548 
8514 3424 3549 3539 3550 
8515 3440 130 3438 3523 
8516 3428 3531 3432 3534 
8517 3536 3539 3538 3550 
8518 3447 3526 3532 3541 
8519 3447 3519 3516 3542 
8520 3441 3537 3434 3541 
8521 3531 3535 3532 3541 
8522 3519 3535 3542 3541 
8523 3441 3542 3537 3541 
8524 3534 3543 3551 3552 
8525 3431 3534 3531 3551 
8526 3503 3534 3549 3552 
8527 3432 3429 127 3533 
8528 3534 3551 3549 3552 
8529 3430 3534 3431 3551 
8530 3429 3503 3512 3534 
8531 3429 3512 3533 3534 
8532 3513 3527 3511 3538 
8533 3437 3539 3443 3550 
8534 3507 3529 3503 3549 
8535 125 3507 3503 3549 
8536 125 3445 3507 3549 
8537 3430 3549 3534 3551 
8538 3482 3469 3458 3553 
8539 2367 3482 3481 3553 
8540 2367 3481 57 3553 
8541 57 3481 3480 3553 
8542 3508 3529 3507 3549 
8543 3424 3445 3549 3550 
8544 3446 3508 3445 3550 
8545 3443 3539 3536 3550 
8546 129 3509 3446 3550 
8547 3529 3539 3538 3543 
8548 3424 3425 3539 3551 
8549 3531 3534 3543 3551 
8550 3529 3549 3551 3552 
8551 3479 3468 3469 3544 
8552 3519 3532 3535 3541 
8553 3462 3451 3455 3545 
8554 3428 3532 3531 3534 
8555 3449 3448 3526 3532 
8556 3449 3517 3520 3533 
8557 56 2366 2369 3483 
8558 3529 3551 3543 3552 
8559 3503 3499 3552 3529 
8560 3503 3549 3529 3552 
8561 3530 3499 3552 3505 
8562 3508 3529 3549 3550 
8563 3510 3504 3527 3528 
8564 3501 3527 3528 3529 
8565 3533 3535 3534 3552 
8566 3425 3436 3539 3551 
8567 3521 3529 3509 3550 
8568 3440 3443 3442 3537 
8569 3516 3535 3538 3542 
8570 3535 3538 3542 3543 
8571 3447 3532 3519 3541 
8572 3434 3526 3433 3541 
8573 3530 3538 3535 3552 
8574 3506 3497 3501 3527 
8575 3529 3538 3530 3552 
8576 3518 3511 3527 3538 
8577 3521 3518 3506 3527 
8578 3524 3518 3523 3538 
8579 3514 3505 3502 3528 
8580 3515 3510 3513 3530 
8581 3511 3504 3496 3527 
8582 3455 3462 3460 3459 
8583 3473 3464 3461 3548 
8584 3457 3454 3453 3544 
8585 3471 3459 3462 3455 
8586 3537 3539 3540 3543 
8587 3462 3461 3545 3548 
8588 3467 3544 3456 3545 
8589 3442 3537 3539 3540 
8590 3468 3454 3458 3544 
8591 3479 3478 3467 3544 
8592 3527 3530 3529 3538 
8593 3469 3468 3458 3544 
8594 3475 3465 3464 3548 
8595 3481 3458 3457 3553 
8596 3468 3460 3450 3545 
8597 3455 3451 3454 3545 
8598 3474 3462 3463 3548 
8599 3434 3537 3540 3543 
8600 3545 3462 3460 3455 
8601 3457 3453 3454 3451 
8602 3470 3459 3460 3548 
8603 3470 3547 3459 3548 
8604 3458 3544 3457 3553 
8605 3479 3467 3468 3544 
8606 3464 3545 3461 3548 
8607 3485 3475 3473 3548 
8608 3474 3461 3462 3548 
8609 3461 3456 3452 3545 
8610 3424 3539 3437 3550 
8611 3487 3463 3471 3547 
8612 3479 3544 3469 3553 
8613 3525 3484 3478 3553 
8614 3468 3464 3465 3545 
8615 3443 3536 129 3550 
8616 3466 3457 3453 3544 
8617 3471 3459 3547 3548 
8618 2369 3482 2367 3553 
8619 2369 2367 57 3553 
8620 3454 3453 3544 3545 
8621 3478 3456 3467 3544 
8622 3465 3545 3464 3548 
8623 3459 3462 3460 3548 
8624 3491 3490 3546 3547 
8625 3437 3443 129 3550 
8626 3490 3476 3475 3548 
8627 3493 3487 3472 3546 
8628 3475 3464 3473 3548 
8629 3441 3433 3542 3541 
8630 3489 3473 3474 3548 
8631 3476 3470 3465 3548 
8632 3508 3501 3500 3529 
8633 3489 3485 3473 3548 
8634 3521 3536 3538 3550 
8635 3476 3465 3475 3548 
8636 3490 3485 3547 3548 
8637 3500 3494 3493 3528 
8638 3529 3538 3539 3550 
8639 3510 3502 3498 3546 
8640 3427 3526 3434 3541 
8641 3477 3471 3459 3547 
8642 3486 3477 3470 3547 
8643 3482 3458 3481 3553 
8644 3497 3489 3494 3546 
8645 3492 3490 3485 3546 
8646 3490 3485 3546 3547 
8647 3531 3543 3540 3551 
8648 3487 3471 3472 3547 
8649 3488 3471 3477 3547 
8650 3486 3470 3476 3547 
8651 3524 3523 3537 3538 
8652 3480 3457 3466 3553 
8653 3479 3478 3544 3553 
8654 2369 3483 3482 3553 
8655 2368 3480 3484 3553 
8656 3470 3460 3465 3548 
8657 3467 3456 3461 3545 
8658 3553 2368 3525 3484 
8659 56 2369 3525 3483 
8660 3521 3518 3527 3538 
8661 57 3480 2368 3553 
8662 3517 3505 3514 3530 
8663 3484 2368 3525 55 
8664 2369 3525 3483 3553 
8665 2368 3444 3484 3480 
8666 3483 3479 3469 3553 
8667 3468 3467 3464 3545 
8668 3498 3491 3546 3547 
8669 2369 3483 2366 3482 
8670 3481 3457 3480 3553 
8671 3468 3465 3460 3545 
8672 3462 3452 3451 3545 
8673 3469 3544 3458 3553 
8674 3466 3457 3544 3553 
8675 3525 3478 3479 3553 
8676 3467 3461 3464 3545 
8677 3468 3544 3467 3545 
8678 3498 3477 3486 3547 
8679 3521 3527 3509 3529 
8680 3484 3466 3478 3553 
8681 3488 3546 3472 3547 
8682 3471 3463 3462 3548 
8683 3494 3489 3487 3546 
8684 3489 3487 3546 3547 
8685 3491 3476 3490 3547 
8686 3468 3450 3454 3545 
8687 3502 3495 3488 3546 
8688 3490 3547 3476 3548 
8689 3498 3546 3488 3547 
8690 3455 3454 3450 3545 
8691 3494 3487 3493 3546 
8692 3458 3454 3457 3544 
8693 3466 3453 3456 3544 
8694 3504 3491 3496 3546 
8695 3484 3480 3466 3553 
8696 3509 3527 3501 3529 
8697 3518 3492 3506 3527 
8698 3489 3547 3485 3548 
8699 3497 3527 3492 3528 
8700 3501 3494 3500 3528 
8701 3513 3510 3504 3527 
8702 2369 2368 3525 3553 
8703 3504 3496 3528 3546 
8704 3508 3500 3507 3529 
8705 3478 3466 3544 3553 
8706 3499 3493 3495 3528 
8707 3501 3497 3494 3528 
8708 3497 3485 3489 3546 
8709 3487 3474 3463 3547 
8710 3436 3442 3539 3540 
8711 3501 3528 3500 3529 
8712 3496 3490 3492 3546 
8713 3489 3474 3487 3547 
8714 3502 3488 3498 3546 
8715 3474 3473 3461 3548 
8716 3505 3495 3502 3528 
8717 3509 3501 3508 3529 
8718 3441 3442 3434 3537 
8719 3518 3496 3492 3527 
8720 3513 3530 3527 3538 
8721 3514 3505 3528 3530 
8722 3532 3534 3533 3535 
8723 3495 3493 3472 3546 
8724 3504 3496 3527 3528 
8725 3504 3498 3491 3546 
8726 3478 3466 3456 3544 
8727 3496 3492 3527 3528 
8728 3471 3462 3459 3548 
8729 3468 3454 3544 3545 
8730 3513 3504 3511 3527 
8731 3483 3469 3482 3553 
8732 3518 3511 3496 3527 
8733 3520 3517 3514 3530 
8734 3512 3503 3505 3552 
8735 3496 3492 3528 3546 
8736 3510 3528 3502 3546 
8737 3502 3528 3495 3546 
8738 3521 3527 3529 3538 
8739 3430 3503 3534 3549 
8740 3519 3513 3516 3535 
8741 3431 3531 126 3551 
8742 3430 3503 3429 3534 
8743 3490 3475 3485 3548 
8744 3517 3512 3505 3552 
8745 3445 3508 3507 3549 
8746 3522 3511 3518 3538 
8747 3427 3434 3426 3531 
8748 3434 3540 3531 3543 
8749 129 3438 3521 3536 
8750 3505 3499 3552 3503 
8751 3448 3447 3526 3532 
8752 3524 3522 3518 3538 
8753 3497 3494 3528 3546 
8754 3498 3486 3491 3547 
8755 3524 3538 3537 3542 
8756 3521 3538 3529 3550 
8757 3513 3535 3530 3538 
8758 3536 3537 3538 3539 
8759 3445 3508 3549 3550 
8760 129 3521 3509 3550 
8761 3429 3512 127 3533 
8762 3517 3533 3512 3552 
8763 3427 3531 3532 3541 
8764 3426 3435 126 3540 
8765 3446 3509 3508 3550 
8766 3520 3519 3532 3535 
8767 3506 3492 3497 3527 
8768 3491 3486 3476 3547 
8769 3495 3528 3493 3546 
8770 3516 3513 3511 3538 
8771 3523 3518 3521 3538 
8772 3460 3455 3450 3545 
8773 3531 3535 3541 3543 
8774 3432 3431 3430 3534 
8775 3520 3530 3515 3535 
8776 3515 3514 3510 3530 
8777 3507 3500 3499 3529 
8778 125 3503 3430 3549 
8779 3462 3461 3452 3545 
8780 3539 3540 3543 3551 
8781 3507 3499 3503 3529 
8782 3512 3533 3534 3552 
8783 3534 3535 3543 3552 
8784 3426 3531 3434 3540 
8785 3428 3432 127 3533 
8786 3520 3514 3515 3530 
8787 3523 3521 3536 3538 
8788 3428 3449 3532 3533 
8789 3512 3534 3503 3552 
8790 3516 3535 3513 3538 
8791 3529 3543 3538 3552 
8792 3520 3533 3517 3535 
8793 3424 3539 3549 3551 
8794 3513 3510 3527 3530 
8795 3447 3519 3542 3541 
8796 3437 3446 3445 3550 
8797 3515 3530 3513 3535 
8798 3520 3515 3519 3535 
8799 3522 3447 3516 3542 
8800 3448 3520 3519 3532 
8801 3448 3519 3447 3532 
8802 3510 3528 3527 3530 
8803 3519 3535 3516 3542 
8804 3433 3447 3542 3541 
8805 3531 3534 3535 3543 
8806 55 2368 3444 3484 
8807 3427 3532 3526 3541 
8808 3500 3528 3499 3529 
8809 3529 3499 3552 3530 
8810 3529 3539 3549 3550 
8811 3517 3535 3533 3552 
8812 3521 3506 3509 3527 
8813 128 3447 3522 3542 
8814 3519 3515 3513 3535 
8815 3424 3549 3430 3551 
8816 125 3424 3445 3549 
8817 3509 3506 3501 3527 
8818 3439 3522 3524 3542 
8819 3514 3502 3510 3528 
8820 3428 3449 3526 3532 
8821 128 3433 3447 3542 
8822 3449 3520 3448 3532 
8823 3431 126 3425 3551 
8824 3524 3522 3538 3542 
8825 3440 3524 130 3523 
8826 3501 3527 3497 3528 
8827 3436 3443 3437 3539 
8828 3510 3498 3504 3546 
8829 3522 3516 3511 3538 
8830 3514 3528 3510 3530 
8831 3440 3438 3443 3536 
8832 3440 3439 130 3524 
8833 3440 3439 3524 3542 
8834 127 3517 3449 3533 
8835 3427 3434 3531 3541 
8836 55 2368 3525 2369 
8837 3436 3442 3443 3539 
8838 3510 3504 3528 3546 
8839 57 3444 2368 3480 
8840 126 3540 3436 3551 
8841 3433 3526 3447 3541 
8842 2369 2366 2367 3482 
8843 55 56 2369 3525 
8844 3497 3528 3492 3546 
8845 3487 3472 3546 3547 
8846 2369 57 2368 3553 
8847 3453 3451 3452 3545 
8848 3496 3491 3490 3546 
8849 3427 3432 3428 3531 
8850 3440 128 3439 3542 
8851 3432 3430 3429 3534 
8852 3426 126 3531 3540 
8853 3522 3516 3538 3542 
8854 3441 3433 128 3542 
8855 3441 3434 3433 3541 
8856 3441 128 3440 3542 
8857 3535 3542 3541 3543 
8858 3424 3437 3445 3550 
8859 3440 3523 3536 3537 
8860 3443 3438 129 3536 
8861 3465 3460 3545 3548 
8862 3436 3435 3442 3540 
8863 3442 3435 3434 3540 
8864 126 3435 3436 3540 
8865 3441 3440 3442 3537 
8866 3424 3430 3425 3551 
8867 3529 3539 3543 3551 
8868 3427 3428 3526 3532 
8869 3443 3442 3537 3539 
8870 126 3531 3540 3551 
8871 3425 3436 3437 3539 
8872 3456 3453 3452 3545 
8873 129 3536 3521 3550 
8874 128 3522 3439 3542 
8875 3537 3542 3538 3543 
8876 3438 3523 3521 3536 
8877 3437 129 3446 3550 
8878 3434 3531 3541 3543 
8879 3430 3431 3425 3551 
8880 3440 3523 3438 3536 
8881 3424 3425 3437 3539 
8882 3431 3426 126 3531 
8883 3427 3426 3431 3531 
8884 3497 3492 3485 3546 
8885 125 3429 3430 3503 
8886 3432 3531 3431 3534 
8887 3495 3472 3488 3546 
8888 3426 3434 3435 3540 
8889 3434 3541 3537 3543 
8890 3427 3431 3432 3531 
8891 3520 3517 3530 3535 
8892 3440 3524 3537 3542 
8893 3535 3538 3543 3552 
8894 3509 3529 3508 3550 
8895 3529 3549 3539 3551 
8896 3517 3530 3535 3552 
8897 127 3512 3517 3533 
8898 125 3430 3424 3549 
8899 3517 3505 3530 3552 
8900 3454 3451 3453 3545 
8901 3505 3499 3528 3530 
8902 126 3436 3425 3551 
8903 3525 3479 3483 3553 
8904 3436 3540 3539 3551 
8905 3548 3462 3460 3545 
14875 5473 5461 5457 5543 
14876 5465 5463 5456 5544 
14877 5474 5462 5456 5543 
14878 5500 5474 5486 5543 
14879 5468 5457 5461 5544 
14880 5485 5461 5473 5543 
14881 5471 5470 5544 5545 
14882 5500 5485 5473 5543 
14883 5461 5543 5460 5544 
14884 5464 5459 5463 5544 
14885 5477 5465 5466 5545 
14886 5477 5476 5465 5545 
14887 5477 5476 5545 5546 
14888 5470 5469 5458 5544 
14889 5482 5481 5470 5545 
14890 5483 5472 5460 5543 
14891 5482 5471 5475 5545 
14892 5483 5460 5461 5543 
14893 5471 5459 5464 5544 
14894 5467 5466 5544 5545 
14895 5476 5464 5465 5545 
14896 5489 5486 5543 5547 
14897 5460 5543 5459 5544 
14898 238 5534 5526 5548 
14899 5489 5486 5472 5543 
14900 5491 5476 5477 5546 
14901 5462 5543 5457 5544 
14902 5491 5490 5476 5546 
14903 5478 5466 5467 5545 
14904 5471 5470 5459 5544 
14905 5480 5479 5468 5545 
14906 5470 5458 5459 5544 
14907 5479 5478 5467 5545 
14908 5485 5483 5461 5543 
14909 5478 5477 5545 5546 
14910 5481 5469 5470 5545 
14911 5472 5463 5464 5459 
14912 5487 5478 5479 5546 
14913 5468 5467 5457 5544 
14914 5480 5468 5469 5545 
14915 5476 5475 5464 5545 
14916 5533 5532 5549 5550 
14917 5482 5481 5545 5546 
14918 233 5533 5551 5525 
14919 5552 5492 5546 5508 
14920 5500 5543 5486 5547 
14921 5493 5479 5480 5546 
14922 5549 233 5451 5533 
14923 5451 5532 235 5549 
14924 5533 5518 5532 5553 
14925 5532 5524 5550 5553 
14926 5475 5471 5464 5545 
14927 5468 5461 5458 5544 
14928 5518 5552 5516 5553 
14929 5469 5468 5544 5545 
14930 5486 5474 5463 5543 
14931 5488 5482 5475 5546 
14932 5518 5508 5516 5552 
14933 5474 5473 5462 5543 
14934 5507 5503 5490 5546 
14935 5504 5488 5503 5546 
14936 5466 5462 5457 5544 
14937 5533 5525 5517 5553 
14938 5489 5472 5483 5543 
14939 5480 5479 5545 5546 
14940 5489 5543 5483 5547 
14941 5497 5483 5484 5547 
14942 5534 5526 5548 5554 
14943 5466 5465 5544 5545 
14944 5496 5484 5547 5555 
14945 240 5548 5526 5554 
14946 5513 5496 5485 5547 
14947 5496 5484 5483 5547 
14948 5500 5473 5474 5543 
14949 5466 5465 5456 5544 
14950 5468 5467 5544 5545 
14951 5465 5464 5463 5544 
14952 5537 5513 5529 5555 
14953 238 5526 240 5548 
14954 5481 5480 5545 5546 
14955 5505 5486 5489 5547 
14956 5524 5506 5523 5550 
14957 5536 5514 5555 5556 
14958 5538 5537 5555 5556 
14959 5530 5505 5514 5555 
14960 5512 5499 5498 5555 
14961 5528 5499 5496 5555 
14962 5505 5500 5486 5547 
14963 5481 5480 5469 5545 
14964 5478 5477 5466 5545 
14965 5508 5491 5492 5546 
14966 5510 5494 5495 5552 
14967 5482 5470 5471 5545 
14968 5503 5488 5490 5546 
14969 5476 5475 5545 5546 
14970 5504 5546 5503 5552 
14971 5490 5475 5476 5546 
14972 5516 5502 5506 5553 
14973 5495 5481 5482 5546 
14974 5507 5490 5491 5546 
14975 5517 5503 5507 5552 
14976 5494 5493 5480 5546 
14977 5487 5492 5546 5552 
14978 5508 5507 5491 5546 
14979 5495 5494 5546 5552 
14980 5501 5487 5493 5552 
14981 5492 5491 5477 5546 
14982 5549 5554 5557 5558 
14983 5452 5554 5549 5558 
14984 5508 5507 5546 5552 
14985 236 5452 5455 5558 
14986 5493 5487 5479 5546 
14987 5525 5550 5511 5553 
14988 5494 5480 5481 5546 
14989 5492 5478 5487 5546 
14990 5525 5511 5517 5553 
14991 5495 5494 5481 5546 
14992 5502 5552 5501 5553 
14993 5517 5511 5552 5553 
14994 5482 5545 5475 5546 
14995 5513 5485 5500 5547 
14996 5510 5509 5494 5552 
14997 5479 5467 5468 5545 
14998 5507 5503 5546 5552 
14999 5509 5501 5552 5553 
15000 5519 5510 5552 5509 
15001 5517 5511 5503 5552 
15002 5509 5519 5553 5552 
15003 5528 5496 5513 5555 
15004 5523 5506 5515 5550 
15005 5516 5508 5502 5552 
15006 5455 5524 5557 5558 
15007 5509 5493 5494 5552 
15008 5520 5550 5519 5553 
15009 5515 5501 5509 5553 
15010 5506 5502 5501 5553 
15011 5494 5493 5546 5552 
15012 5497 5489 5483 5547 
15013 5513 5496 5547 5555 
15014 5558 5524 5557 5549 
15015 5535 5512 5521 5555 
15016 5528 5527 5499 5555 
15017 5526 5520 5511 5550 
15018 3315 3311 5540 5527 
15019 5453 5557 5554 5558 
15020 5485 5483 5543 5547 
15021 5518 5507 5508 5552 
15022 5520 5510 5504 5552 
15023 5520 5552 5511 5553 
15024 5492 5502 5552 5487 
15025 5530 5529 5505 5555 
15026 5461 5460 5458 5544 
15027 5504 5495 5546 5552 
15028 5493 5487 5546 5552 
15029 237 238 240 5548 
15030 5453 5531 5554 5557 
15031 5531 5523 5515 5550 
15032 5453 238 237 5548 
15033 5511 5504 5503 5552 
15034 5540 5528 5537 5556 
15035 5520 5504 5511 5552 
15036 5552 5519 5553 5520 
15037 5515 5506 5501 5553 
15038 5533 5550 5525 5553 
15039 5519 5550 5515 5553 
15040 5486 5463 5472 5543 
15041 122 5527 5521 5498 
15042 5542 5540 5537 5556 
15043 5521 5512 5498 5555 
15044 5529 5513 5547 5555 
15045 5522 5514 5505 5555 
15046 5536 5514 5522 5555 
15047 5497 5547 5484 5555 
15048 5496 5483 5485 5547 
15049 5522 5489 5497 5547 
15050 5539 5514 5536 5556 
15051 5530 5555 5514 5556 
15052 5500 5485 5543 5547 
15053 5512 5484 5499 5555 
15054 5509 5501 5493 5552 
15055 5537 5528 5555 5556 
15056 5504 5495 5488 5546 
15057 5527 5521 5498 5555 
15058 5528 5527 5555 5556 
15059 5460 5459 5458 5544 
15060 5536 5522 5535 5555 
15061 5527 5521 5555 5556 
15062 3315 5527 5540 5559 
15063 5495 5482 5488 5546 
15064 5453 5531 5534 5554 
15065 5524 5506 5550 5553 
15066 5499 5484 5496 5555 
15067 5519 5515 5509 5553 
15068 5527 5521 5556 5559 
15069 5508 5502 5552 5492 
15070 5531 5515 5519 5550 
15071 3315 5540 5542 5559 
15072 5452 5453 5554 5558 
15073 5532 5516 5524 5553 
15074 5470 5469 5544 5545 
15075 5542 5556 5541 5559 
15076 3315 5542 3313 5541 
15077 5533 5532 5550 5553 
15078 5450 5452 234 5549 
15079 5502 5487 5501 5552 
15080 5527 5498 5499 5555 
15081 236 5455 5523 5557 
15082 5549 5554 5550 5557 
15083 5518 5517 5507 5552 
15084 5522 5505 5489 5547 
15085 5531 5523 5550 5557 
15086 5533 5549 5525 5550 
15087 5524 5549 5550 5557 
15088 5453 5534 5548 5554 
15089 234 233 5451 5549 
15090 5520 5511 5550 5553 
15091 5450 5549 235 5558 
15092 5469 5468 5458 5544 
15093 5522 5497 5512 5555 
15094 5524 235 5558 5455 
15095 5490 5488 5475 5546 
15096 235 5532 5524 5549 
15097 5526 5511 5525 5550 
15098 5534 5519 5520 5550 
15099 5451 5533 5532 5549 
15100 5520 5510 5552 5519 
15101 5532 5524 5549 5550 
15102 5516 5552 5502 5553 
15103 5479 5478 5545 5546 
15104 5535 5522 5512 5555 
15105 5534 5531 5519 5550 
15106 5524 5550 5523 5557 
15107 5534 5550 5526 5554 
15108 5525 5550 5549 5554 
15109 5536 5556 5535 5559 
15110 5522 5505 5547 5555 
15111 5453 5534 238 5548 
15112 5450 5455 5452 5558 
15113 5455 5524 5523 5557 
15114 5510 5495 5504 5552 
15115 5450 235 5455 5558 
15116 5531 5550 5554 5557 
15117 237 5548 240 5554 
15118 5515 5550 5506 5553 
15119 5467 5466 5457 5544 
15120 5453 5548 237 5554 
15121 5538 5537 5529 5555 
15122 5539 5530 5514 5556 
15123 123 5539 5536 5559 
15124 5540 5527 5556 5559 
15125 5534 5520 5526 5550 
15126 5537 5528 5513 5555 
15127 5540 5527 5528 5556 
15128 5551 5554 5525 5549 
15129 236 5557 5453 5558 
15130 5538 5529 5530 5555 
15131 5529 5500 5505 5547 
15132 5512 5497 5484 5555 
15133 5542 5537 5538 5556 
15134 5536 5555 5535 5556 
15135 5535 5556 5521 5559 
15136 5538 5555 5530 5556 
15137 5518 5517 5552 5553 
15138 5549 235 5558 5524 
15139 5450 5452 5549 5558 
15140 5462 5456 5543 5544 
15141 5452 5554 234 5549 
15142 236 5453 5452 5558 
15143 5532 5518 5516 5553 
15144 5524 5516 5506 5553 
15145 240 234 5551 233 
15146 5541 5556 5539 5559 
15147 124 5454 239 5535 
15148 122 124 239 5521 
15149 5539 5556 5536 5559 
15150 5450 234 5451 5549 
15151 124 5535 5521 5559 
15152 5522 5547 5497 5555 
15153 5541 5538 5530 5556 
15154 3315 122 5527 5559 
15155 124 5535 239 5521 
15156 122 5521 5527 5559 
15157 5542 5538 5541 5556 
15158 3315 5542 5541 5559 
15159 5463 5459 5543 5544 
15160 5529 5547 5505 5555 
15161 5541 5530 5539 5556 
15162 3312 3315 3311 5540 
15163 3315 3313 3314 5541 
15164 3315 5541 3314 5559 
15165 3315 3314 123 5559 
15166 5454 5536 5535 5559 
15167 3315 123 124 5559 
15168 122 124 5521 5559 
15169 123 5454 124 5559 
15170 233 5551 5549 234 
15171 124 5454 5535 5559 
15172 3315 122 3311 5527 
15173 123 5536 5454 5559 
15174 5542 5540 5556 5559 
15175 3312 5542 3315 5540 
15176 3315 124 122 5559 
15177 240 5551 5554 5525 
15178 3314 5541 5539 5559 
15179 3312 3313 3315 5542 
15180 240 5452 5554 234 
15181 5452 5453 237 5554 
15182 240 5526 5525 5554 
15183 5533 5517 5518 5553 
15184 5534 5531 5550 5554 
15185 236 5455 5557 5558 
15186 5452 237 240 5554 
15187 236 5523 5531 5557 
15188 5472 5463 5459 5543 
15189 5474 5456 5463 5543 
15190 5466 5456 5462 5544 
15191 5461 5457 5543 5544 
15192 5472 5459 5460 5543 
15193 5473 5457 5462 5543 
15194 5465 5464 5544 5545 
15195 5529 5513 5500 5547 
15196 5535 5555 5521 5556 
15197 5450 5451 235 5549 
15198 5463 5543 5456 5544 
15199 5471 5544 5464 5545 
15200 5492 5477 5478 5546 
15201 5526 5550 5525 5554 
15202 236 5531 5453 5557 
15203 3314 5539 123 5559 
15204 234 5554 5551 5549 
15205 240 5551 5525 233 
15206 5533 5551 5549 233 
15207 5533 5551 5525 5549 
15208 240 234 5554 5551 
15209 5621 5650 5614 5651 
15210 5643 5621 5622 5651 
15211 5650 5652 5653 5654 
15212 5648 5647 5655 5656 
15213 3306 5648 120 5655 
15214 3309 5640 3305 5655 
15215 5640 5656 5655 5657 
15216 3306 3305 5649 5655 
15217 5635 5631 5656 5657 
15218 121 5637 5616 5656 
15219 5646 5656 5645 5658 
15220 3310 5655 5656 5657 
15221 5647 5646 5637 5656 
15222 5651 5611 5659 5622 
15223 5620 5598 5609 5651 
15224 5563 5644 246 5654 
15225 244 5652 5641 5654 
15226 5622 5620 5651 5611 
15227 5563 246 245 5654 
15228 244 5653 5654 5562 
15229 245 5628 246 247 
15230 5593 5592 5582 5660 
15231 242 5627 5643 5661 
15232 5648 5645 5646 5656 
15233 5560 243 5566 5653 
15234 5562 5560 5653 5661 
15235 5571 5568 5569 5662 
15236 5561 5642 243 5663 
15237 5575 5571 5569 5664 
15238 244 5641 5563 5654 
15239 5587 5584 5577 5665 
15240 5626 5650 5625 5652 
15241 243 5642 5626 5663 
15242 5626 5663 5653 243 
15243 244 5566 5625 5652 
15244 5638 5656 5636 5658 
15245 5564 5635 5632 5657 
15246 5640 5632 5636 5656 
15247 120 5648 5647 5655 
15248 5572 5570 5567 5662 
15249 5592 5591 5573 5660 
15250 5582 5660 5568 5662 
15251 5588 5570 5578 5664 
15252 5580 5571 5575 5664 
15253 5582 5579 5574 5662 
15254 5591 5572 5573 5660 
15255 5583 5572 5581 5660 
15256 5591 5581 5660 5666 
15257 5607 5574 5583 5660 
15258 5590 5589 5580 5664 
15259 5583 5572 5660 5662 
15260 5579 5578 5662 5664 
15261 5576 5575 5569 5664 
15262 5577 5576 5567 5664 
15263 5597 5575 5586 5665 
15264 5593 5592 5660 5666 
15265 5571 5662 5569 5664 
15266 5570 5567 5662 5664 
15267 5579 5578 5574 5662 
15268 5601 5589 5590 5664 
15269 5573 5568 5660 5662 
15270 5590 5580 5585 5665 
15271 5580 5579 5571 5664 
15272 5573 5569 5568 5662 
15273 5646 5618 5637 5658 
15274 5595 5594 5581 5666 
15275 5577 5576 5664 5665 
15276 5601 5590 5659 5665 
15277 5598 5586 5584 5665 
15278 5589 5579 5580 5664 
15279 5583 5578 5570 5662 
15280 5597 5580 5575 5665 
15281 5586 5576 5584 5665 
15282 5624 5614 5651 5659 
15283 5611 5597 5586 5665 
15284 5602 5590 5596 5659 
15285 5597 5585 5580 5665 
15286 5611 5586 5598 5665 
15287 5592 5573 5568 5660 
15288 5589 5578 5579 5664 
15289 5589 5588 5578 5664 
15290 5583 5660 5574 5662 
15291 5601 5600 5664 5665 
15292 5590 5585 5659 5665 
15293 5600 5577 5588 5664 
15294 5611 5598 5659 5665 
15295 5607 5593 5582 5660 
15296 5569 5662 5567 5664 
15297 242 5661 5643 5663 
15298 5591 5581 5572 5660 
15299 5592 5591 5660 5666 
15300 5608 5594 5595 5666 
15301 5603 5658 5595 5666 
15302 5603 5595 5581 5666 
15303 5601 5588 5589 5664 
15304 5582 5571 5579 5662 
15305 5573 5572 5567 5662 
15306 5606 5604 5592 5666 
15307 5600 5577 5664 5665 
15308 5622 5651 5621 5659 
15309 5633 5604 5606 5666 
15310 5607 5660 5594 5666 
15311 5617 5593 5607 5666 
15312 5607 5583 5594 5660 
15313 5583 5570 5572 5662 
15314 5607 5593 5660 5666 
15315 5630 5656 5629 5658 
15316 5601 5659 5600 5665 
15317 242 247 241 5627 
15318 5583 5574 5578 5662 
15319 5665 5599 5659 5587 
15320 5600 5659 5587 5665 
15321 5588 5577 5570 5664 
15322 5597 5659 5585 5665 
15323 5598 5611 5659 5651 
15324 5610 5585 5597 5659 
15325 5598 5599 5659 5665 
15326 5611 5610 5597 5659 
15327 5643 5627 5650 5661 
15328 5650 5663 5653 5626 
15329 5590 5664 5580 5665 
15330 5621 5651 5614 5659 
15331 5612 5651 5599 5659 
15332 5604 5591 5592 5666 
15333 5603 5581 5591 5666 
15334 5624 5614 5650 5651 
15335 5624 5651 5623 5659 
15336 5615 5591 5604 5666 
15337 5637 5618 5605 5658 
15338 5614 5602 5596 5659 
15339 242 5643 5561 5663 
15340 5623 5651 5612 5659 
15341 5611 5620 5651 5598 
15342 5596 5590 5585 5659 
15343 5602 5601 5590 5659 
15344 5606 5592 5593 5666 
15345 5610 5596 5585 5659 
15346 5608 5607 5594 5666 
15347 5582 5574 5660 5662 
15348 5613 5612 5600 5659 
15349 5624 5623 5613 5659 
15350 5622 5621 5610 5659 
15351 5624 5602 5614 5659 
15352 5617 5606 5593 5666 
15353 5643 5650 5621 5651 
15354 5624 5613 5602 5659 
15355 5618 5595 5658 5666 
15356 5629 5616 5605 5658 
15357 5633 5615 5604 5666 
15358 5634 5606 5617 5666 
15359 242 5560 5661 5663 
15360 5617 5607 5608 5666 
15361 5605 5595 5603 5658 
15362 5612 5587 5600 5659 
15363 5643 5622 5642 5651 
15364 5619 5609 5599 5651 
15365 5642 5650 5626 5663 
15366 5644 5624 5628 5650 
15367 5637 5605 5616 5658 
15368 5599 5651 5598 5659 
15369 5635 5629 5630 5656 
15370 5633 5658 5615 5666 
15371 5629 5605 5603 5658 
15372 5631 5616 5629 5656 
15373 5623 5612 5613 5659 
15374 5661 5560 5653 5663 
15375 5634 5658 5633 5666 
15376 5592 5568 5582 5660 
15377 5594 5660 5581 5666 
15378 5640 5636 5638 5656 
15379 5649 5655 5640 5656 
15380 5635 5656 5632 5657 
15381 3309 119 5640 5657 
15382 5635 5630 5632 5656 
15383 5633 5630 5615 5658 
15384 5642 5622 5620 5651 
15385 5613 5600 5601 5659 
15386 5644 5641 5650 5654 
15387 5577 5567 5570 5664 
15388 5619 5599 5612 5651 
15389 5644 5623 5624 5650 
15390 242 5560 5562 5661 
15391 5613 5601 5602 5659 
15392 242 247 5627 5661 
15393 5625 5609 5651 5626 
15394 5642 5626 5650 5651 
15395 5576 5569 5567 5664 
15396 5619 5609 5651 5625 
15397 5642 5620 5626 5651 
15398 5626 5625 5650 5651 
15399 5643 5650 5642 5663 
15400 5587 5584 5665 5599 
15401 5573 5660 5572 5662 
15402 5607 5582 5574 5660 
15403 5627 5614 5621 5650 
15404 5623 5619 5612 5651 
15405 5651 5625 5650 5619 
15406 5622 5610 5611 5659 
15407 5634 5633 5606 5666 
15408 242 241 5561 5643 
15409 5566 5626 5625 5652 
15410 5561 5643 5642 5663 
15411 5623 5650 5619 5651 
15412 5624 5650 5623 5651 
15413 5643 5642 5650 5651 
15414 5599 5584 5665 5598 
15415 5641 5625 5619 5650 
15416 5628 5650 5661 5654 
15417 5628 5614 5627 5650 
15418 5653 243 5566 5626 
15419 5621 5596 5610 5659 
15420 5643 5661 5650 5663 
15421 247 5628 5627 5661 
15422 5643 5627 5621 5650 
15423 5641 5652 5650 5654 
15424 5563 5641 5644 5654 
15425 5652 5566 5653 244 
15426 5661 5562 247 5654 
15427 5653 5626 5652 5650 
15428 243 5663 5653 5560 
15429 5654 5562 247 245 
15430 5641 5625 5650 5652 
15431 246 5644 5628 5654 
15432 5644 5650 5628 5654 
15433 5615 5603 5591 5666 
15434 247 5654 5628 5661 
15435 5640 5632 5656 5657 
15436 5573 5567 5569 5662 
15437 5580 5664 5575 5665 
15438 5645 5656 5638 5658 
15439 3308 5565 5635 5631 
15440 3308 5631 5635 5657 
15441 121 3310 5637 5656 
15442 5637 5616 5656 5658 
15443 5576 5575 5664 5665 
15444 5594 5583 5581 5660 
15445 5628 5650 5627 5661 
15446 5629 5603 5615 5658 
15447 5601 5664 5590 5665 
15448 5639 5658 5634 5666 
15449 5629 5656 5616 5658 
15450 3308 5565 5564 5635 
15451 5618 5608 5595 5666 
15452 5639 5618 5658 5666 
15453 5639 5608 5618 5666 
15454 5646 5637 5656 5658 
15455 5600 5587 5577 5665 
15456 119 5564 5632 5657 
15457 3310 5647 5637 5656 
15458 5646 5645 5639 5658 
15459 5645 5638 5634 5658 
15460 121 5616 5631 5656 
15461 119 3308 5564 5657 
15462 119 5632 5640 5657 
15463 5639 5634 5617 5666 
15464 5636 5656 5630 5658 
15465 5615 5658 5603 5666 
15466 244 5625 5641 5652 
15467 5566 5560 5653 5562 
15468 5654 5650 5661 5653 
15469 5609 5598 5599 5651 
15470 5641 5619 5623 5650 
15471 245 5654 5628 247 
15472 244 5563 5562 5654 
15473 5652 244 5653 5654 
15474 5612 5599 5587 5659 
15475 242 241 5643 5627 
15476 5644 5641 5623 5650 
15477 5582 5568 5571 5662 
15478 5618 5595 5605 5658 
15479 121 3310 5656 5657 
15480 5638 5633 5634 5658 
15481 3306 5649 5648 5655 
15482 5648 5646 5647 5656 
15483 3310 5655 5647 5656 
15484 5649 5645 5648 5656 
15485 3305 5640 5649 5655 
15486 5646 5639 5618 5658 
15487 3309 119 3305 5640 
15488 121 3310 3307 5637 
15489 3308 5635 5564 5657 
15490 5584 5576 5577 5665 
15491 5649 5648 5655 5656 
15492 3310 120 3307 5647 
15493 5636 5632 5630 5656 
15494 3306 120 3310 5655 
15495 121 5565 3308 5631 
15496 121 3308 3310 5657 
15497 3309 3308 119 5657 
15498 5586 5575 5576 5665 
15499 3310 120 5647 5655 
15500 5636 5630 5633 5658 
15501 121 5656 5631 5657 
15502 121 5631 3308 5657 
15503 3306 3310 3309 5655 
15504 3309 3310 3308 5657 
15505 5649 5638 5645 5656 
15506 3309 5640 5655 5657 
15507 5649 5640 5638 5656 
15508 5638 5636 5633 5658 
15509 3310 5647 3307 5637 
15510 5611 5659 5597 5665 
15511 3306 3309 3305 5655 
15512 3309 5655 3310 5657 
15513 5630 5629 5615 5658 
15514 5635 5631 5629 5656 
15515 5645 5634 5639 5658 
15516 5562 5563 245 5654 
15517 5621 5614 5596 5659 
15518 242 5562 247 5661 
15519 5560 5561 243 5663 
15520 5601 5600 5588 5664 
15521 5639 5617 5608 5666 
15522 5626 5620 5609 5651 
15523 5628 5624 5614 5650 
15524 242 5561 5560 5663 
15525 5579 5662 5571 5664 
15526 5578 5570 5662 5664 
15527 5654 245 5628 246 
15528 5654 5653 5661 5562 
15529 5653 5650 5661 5663 
15530 5566 5626 5652 5653 
15531 5566 5653 244 5562 
15532 5716 5704 5706 5761 
15533 5757 5740 5762 5763 
15534 5739 5763 5764 5765 
15535 5762 5764 5763 5765 
15536 5732 5710 5722 5761 
15537 5753 5739 5763 5764 
15538 5755 5753 5763 5764 
15539 5692 5688 5766 5767 
15540 5744 5768 5769 5770 
15541 3441 128 3433 5765 
15542 252 5744 5768 5769 
15543 5669 5769 5768 5771 
15544 5700 5699 5682 5772 
15545 5701 5676 5684 5772 
15546 5701 5684 5691 5772 
15547 5669 5769 5771 5773 
15548 5673 5736 5735 5773 
15549 5701 5683 5676 5772 
15550 251 5673 5735 5769 
15551 251 5742 5670 5769 
15552 5744 5769 5742 5770 
15553 5669 252 5768 5769 
15554 252 5738 255 5768 
15555 5744 5738 5768 5770 
15556 5768 249 5774 255 
15557 5769 5770 5771 5773 
15558 5751 5774 5668 248 
15559 5771 5737 5774 5751 
15560 5736 5770 5735 5773 
15561 250 5743 5736 5773 
15562 5668 5743 250 5771 
15563 5713 5693 5694 5767 
15564 5696 5695 5688 5767 
15565 5712 5702 5692 5767 
15566 5727 5715 5695 5767 
15567 5688 5674 5677 5775 
15568 5682 5681 5678 5775 
15569 5683 5677 5676 5775 
15570 5681 5679 5678 5675 
15571 5737 5768 5770 5771 
15572 5688 5766 5680 5775 
15573 5679 5678 5675 5775 
15574 5689 5684 5680 5772 
15575 5709 5700 5690 5776 
15576 5686 5679 5766 5775 
15577 5698 5689 5681 5772 
15578 5687 5679 5675 5775 
15579 5692 5686 5766 5775 
15580 5686 5678 5679 5775 
15581 5693 5686 5679 5766 
15582 5699 5681 5682 5772 
15583 5703 5694 5687 5766 
15584 5712 5692 5766 5767 
15585 5677 5674 5676 5775 
15586 5703 5695 5694 5767 
15587 3436 3442 3435 5777 
15588 5685 5682 5678 5775 
15589 5685 5677 5683 5775 
15590 5685 5683 5682 5775 
15591 5712 5686 5693 5766 
15592 5771 249 5774 5768 
15593 5692 5677 5685 5775 
15594 5712 5692 5686 5766 
15595 5700 5683 5690 5772 
15596 5693 5679 5687 5766 
15597 5684 5676 5674 5772 
15598 5710 5701 5705 5776 
15599 5712 5766 5693 5767 
15600 5682 5772 5681 5775 
15601 5683 5772 5682 5775 
15602 5681 5675 5678 5775 
15603 5700 5699 5772 5776 
15604 5705 5701 5691 5776 
15605 5696 5688 5692 5767 
15606 5692 5688 5677 5775 
15607 5683 5676 5772 5775 
15608 5694 5693 5687 5766 
15609 5701 5690 5683 5772 
15610 5681 5772 5675 5775 
15611 5706 5697 5698 5776 
15612 5725 5767 5713 5778 
15613 5703 5680 5688 5766 
15614 5725 5712 5713 5767 
15615 5694 5693 5766 5767 
15616 5710 5709 5690 5776 
15617 5699 5698 5772 5776 
15618 5703 5694 5766 5767 
15619 5700 5682 5683 5772 
15620 5704 5691 5697 5776 
15621 5697 5691 5772 5776 
15622 5717 5699 5707 5776 
15623 5702 5696 5692 5767 
15624 5724 5702 5712 5767 
15625 5707 5699 5700 5776 
15626 5687 5766 5679 5775 
15627 5715 5694 5703 5695 
15628 5728 5716 5761 5770 
15629 5732 5761 5722 5770 
15630 5709 5708 5700 5776 
15631 5717 5698 5699 5776 
15632 5689 5680 5675 5772 
15633 5697 5691 5689 5772 
15634 5721 5708 5709 5761 
15635 5701 5690 5772 5776 
15636 5698 5697 5689 5772 
15637 5705 5691 5704 5776 
15638 5717 5706 5698 5776 
15639 5687 5680 5766 5775 
15640 5691 5684 5689 5772 
15641 5716 5714 5704 5761 
15642 5722 5705 5714 5761 
15643 5710 5705 5761 5776 
15644 5709 5761 5708 5776 
15645 5727 5696 5702 5767 
15646 249 5669 5768 5771 
15647 5727 5695 5696 5767 
15648 3434 3433 5758 5779 
15649 3434 5760 3435 5779 
15650 5736 5722 5714 5770 
15651 5735 5714 5716 5770 
15652 5705 5704 5761 5776 
15653 5714 5705 5704 5761 
15654 5710 5761 5709 5776 
15655 5716 5714 5761 5770 
15656 5710 5690 5701 5776 
15657 5699 5698 5681 5772 
15658 5713 5712 5693 5767 
15659 3433 5739 5758 5765 
15660 5764 5765 5777 5779 
15661 5706 5761 5704 5776 
15662 5732 5721 5709 5761 
15663 5720 5707 5708 5761 
15664 3441 3442 5765 5779 
15665 5711 5727 5724 5778 
15666 5700 5772 5690 5776 
15667 5702 5727 5724 5711 
15668 5734 5724 5725 5778 
15669 5706 5704 5697 5776 
15670 5727 5715 5767 5778 
15671 5733 5723 5711 5778 
15672 5725 5713 5719 5778 
15673 5729 5725 5719 5778 
15674 5725 5724 5767 5778 
15675 5746 5734 5729 5763 
15676 5715 5713 5694 5767 
15677 5701 5772 5691 5776 
15678 5757 5763 5762 5764 
15679 3433 5765 5758 5779 
15680 5728 5717 5718 5761 
15681 5718 5717 5707 5761 
15682 5720 5718 5707 5761 
15683 5742 5735 5716 5770 
15684 5767 5727 5724 5702 
15685 3442 5777 5765 5779 
15686 128 5745 5739 5765 
15687 5732 5709 5710 5761 
15688 5717 5707 5761 5776 
15689 5748 5729 5719 5778 
15690 5686 5685 5678 5775 
15691 5754 5740 5763 5778 
15692 5728 5716 5706 5761 
15693 5737 5720 5721 5770 
15694 5762 5765 5763 5780 
15695 5744 5718 5738 5770 
15696 5743 5771 5770 5773 
15697 3440 5765 5762 5780 
15698 5743 5732 5722 5770 
15699 5728 5761 5718 5770 
15700 5742 5716 5728 5770 
15701 5743 5722 5736 5770 
15702 5744 5742 5728 5770 
15703 5738 5718 5720 5770 
15704 5740 5726 5762 5763 
15705 5725 5724 5712 5767 
15706 5733 5711 5724 5778 
15707 5734 5729 5763 5778 
15708 5778 5727 5724 5767 
15709 5726 5711 5723 5778 
15710 5734 5725 5729 5778 
15711 254 5752 5746 5780 
15712 5744 5728 5718 5770 
15713 5741 5715 5727 5778 
15714 5734 5733 5724 5778 
15715 5734 5763 5733 5778 
15716 5730 5719 5713 5778 
15717 5726 5723 5763 5778 
15718 5751 5737 5770 5771 
15719 5755 5753 5750 5763 
15720 5750 5763 5748 5778 
15721 5748 5719 5730 5778 
15722 5731 5711 5726 5778 
15723 5754 5731 5740 5778 
15724 5747 5762 5726 5763 
15725 5747 5723 5733 5763 
15726 5758 5739 5764 5765 
15727 5756 5755 5763 5764 
15728 5722 5761 5714 5770 
15729 130 5762 5752 5780 
15730 5750 5730 5741 5778 
15731 5757 5740 5749 5762 
15732 5754 5750 5741 5778 
15733 5731 5727 5711 5778 
15734 5750 5748 5730 5778 
15735 5667 5669 5771 5773 
15736 5768 5769 5770 5771 
15737 251 5669 5673 5769 
15738 3440 3439 5765 5780 
15739 5698 5697 5772 5776 
15740 254 5746 5672 5780 
15741 5722 5710 5705 5761 
15742 5752 5747 5733 5763 
15743 5738 5720 5737 5770 
15744 5721 5720 5708 5761 
15745 5738 5737 5768 5770 
15746 5708 5707 5700 5776 
15747 255 5738 5737 5768 
15748 255 249 5774 248 
15749 5743 5770 5736 5773 
15750 5668 5751 5743 5771 
15751 5760 5756 5759 5764 
15752 3438 5747 5752 5762 
15753 5741 5730 5715 5778 
15754 129 5671 3438 5747 
15755 5749 5726 5747 5762 
15756 5727 5711 5702 5696 
15757 250 5736 5673 5773 
15758 3438 5671 130 5752 
15759 3443 5757 5749 5762 
15760 5759 5756 5757 5764 
15761 129 5749 5747 5762 
15762 130 5752 254 5780 
15763 5752 5762 5747 5763 
15764 3435 5760 5759 5779 
15765 5752 5763 5746 5780 
15766 5758 5739 5753 5764 
15767 5745 5763 5765 5780 
15768 5667 250 5673 5773 
15769 5715 5694 5695 5767 
15770 5680 5772 5674 5775 
15771 5667 5673 5669 5773 
15772 5669 5673 5769 5773 
15773 5752 5762 5763 5780 
15774 5673 5735 5769 5773 
15775 252 253 255 5738 
15776 5733 5763 5723 5778 
15777 5667 5669 249 5771 
15778 5669 252 255 5768 
15779 249 5669 255 5768 
15780 5757 5756 5763 5764 
15781 5728 5706 5717 5761 
15782 5753 5739 5748 5763 
15783 3439 5672 5745 5780 
15784 128 5739 3433 5765 
15785 3441 5765 3433 5779 
15786 5746 5763 5745 5780 
15787 5667 249 5668 5771 
15788 5757 5756 5740 5763 
15789 5670 253 252 5744 
15790 5720 5718 5761 5770 
15791 5751 5721 5732 5770 
15792 5742 5769 5735 5770 
15793 252 5744 253 5738 
15794 5730 5713 5715 5778 
15795 5735 5770 5769 5773 
15796 5708 5761 5707 5776 
15797 252 5744 5738 5768 
15798 5741 5727 5731 5778 
15799 5676 5674 5772 5775 
15800 5752 5734 5746 5763 
15801 3438 5671 5752 5747 
15802 250 5771 5743 5773 
15803 5748 5763 5729 5778 
15804 5762 5764 5765 5777 
15805 130 254 5672 5780 
15806 5753 5748 5750 5763 
15807 5755 5750 5754 5763 
15808 5751 5737 5721 5770 
15809 5703 5766 5688 5767 
15810 5740 5726 5763 5778 
15811 5668 5774 249 248 
15812 5717 5761 5706 5776 
15813 5715 5713 5767 5778 
15814 5771 5751 5774 5668 
15815 5670 5744 252 5769 
15816 3443 5757 5762 5777 
15817 128 3439 5745 5765 
15818 3440 3443 3438 5762 
15819 5760 5755 5756 5764 
15820 5757 5764 5762 5777 
15821 3440 5765 3442 5777 
15822 5760 5758 5755 5764 
15823 5736 5714 5735 5770 
15824 3438 5752 130 5762 
15825 5759 5764 5777 5779 
15826 5758 5753 5755 5764 
15827 5748 5739 5745 5763 
15828 130 5672 3439 5780 
15829 3440 5762 130 5780 
15830 130 5671 254 5752 
15831 3436 5759 5757 5777 
15832 3437 129 3443 5749 
15833 3439 5745 5765 5780 
15834 5703 5687 5680 5766 
15835 5756 5755 5754 5763 
15836 5689 5675 5681 5772 
15837 3443 129 3438 5762 
15838 5754 5741 5731 5778 
15839 3440 5762 5765 5777 
15840 3441 3440 128 5765 
15841 3441 3434 3442 5779 
15842 3442 3434 3435 5779 
15843 5754 5763 5750 5778 
15844 3442 3435 5777 5779 
15845 3436 3435 5759 5777 
15846 5667 5668 250 5771 
15847 129 5747 3438 5762 
15848 3440 3438 130 5762 
15849 5756 5754 5740 5763 
15850 5745 5763 5739 5765 
15851 5748 5745 5729 5763 
15852 5746 5729 5745 5763 
15853 5749 5740 5726 5762 
15854 3440 3443 5762 5777 
15855 3437 3443 5757 5749 
15856 3436 3443 3442 5777 
15857 5752 5733 5734 5763 
15858 5751 5732 5743 5770 
15859 3436 3437 3443 5777 
15860 3443 5749 129 5762 
15861 5732 5721 5761 5770 
15862 5751 5770 5743 5771 
15863 3437 5757 3443 5777 
15864 3436 5757 3437 5777 
15865 3441 3433 3434 5779 
15866 3441 3442 3440 5765 
15867 3440 130 3439 5780 
15868 3435 5759 5777 5779 
15869 128 3439 5672 5745 
15870 5684 5674 5680 5772 
15871 3440 3439 128 5765 
15872 3434 5758 5760 5779 
15873 5703 5688 5695 5767 
15874 5692 5685 5686 5775 
15875 3440 3442 3443 5777 
15876 5740 5731 5726 5778 
15877 5760 5758 5764 5779 
15878 5758 5765 5764 5779 
15879 5672 5746 5745 5780 
15880 5760 5764 5759 5779 
15881 251 5735 5742 5769 
15882 5669 5670 252 5769 
15883 5759 5764 5757 5777 
15884 5670 5742 5744 5769 
15885 251 5670 5669 5769 
15886 5667 5771 250 5773 
15887 5747 5726 5723 5763 
15888 5688 5680 5674 5775 
15889 5692 5766 5688 5775 
15890 5687 5675 5680 5775 
15891 5680 5675 5772 5775 
15892 5721 5720 5761 5770 
15893 255 5774 5737 248 
15894 5737 5774 5751 248 
15895 5771 5774 5737 5768 
15896 5768 5774 5737 255 
15897 5771 5668 5774 249 
15898 5825 5871 5824 5872 
15899 5824 5871 5823 5872 
15900 5867 5863 5873 5874 
15901 5783 5875 5876 5877 
15902 5864 5873 5853 5878 
15903 5861 5841 5853 5879 
15904 5860 5852 5873 5878 
15905 5863 5854 5851 5873 
15906 5867 5861 5864 5873 
15907 5862 5874 5878 5880 
15908 5865 5874 5862 5880 
15909 5869 5874 5865 5881 
15910 5870 5874 5869 5881 
15911 5843 5871 5835 5872 
15912 5784 5858 261 5876 
15913 5882 260 5783 262 
15914 5876 260 5783 5882 
15915 5783 5882 5877 5876 
15916 259 5784 5783 5876 
15917 5876 5877 5875 5883 
15918 259 5855 5876 5884 
15919 5855 5883 5876 5884 
15920 3424 5885 3430 5886 
15921 3430 5881 5880 5885 
15922 3426 5870 5869 5881 
15923 3427 3426 5869 5881 
15924 3432 5880 3430 5881 
15925 3428 5865 5880 5881 
15926 3429 5849 5785 5886 
15927 5849 5880 5878 5886 
15928 125 5785 5850 5886 
15929 3424 5860 5866 5886 
15930 5876 5858 5882 5883 
15931 125 5860 3424 5886 
15932 5874 5880 5885 5886 
15933 5862 5878 5859 5880 
15934 5859 5838 5849 5878 
15935 5800 5793 5788 5887 
15936 5807 5797 5801 5888 
15937 5818 5808 5799 5887 
15938 5793 5790 5788 5889 
15939 5817 5798 5809 5890 
15940 5795 5788 5794 5887 
15941 5795 5789 5794 5788 
15942 5798 5795 5794 5887 
15943 5799 5793 5887 5889 
15944 5870 5874 5881 5885 
15945 5802 5801 5792 5889 
15946 5790 5789 5788 5889 
15947 5812 5802 5803 5888 
15948 5794 5788 5789 5889 
15949 5816 5815 5796 5888 
15950 5797 5790 5793 5889 
15951 5804 5792 5794 5889 
15952 5818 5793 5800 5887 
15953 5812 5872 5811 5888 
15954 5801 5797 5799 5889 
15955 5810 5887 5798 5890 
15956 5832 5817 5809 5890 
15957 5806 5789 5790 5889 
15958 5820 5887 5810 5890 
15959 5820 5800 5810 5887 
15960 5806 5790 5888 5889 
15961 5814 5805 5804 5888 
15962 5808 5887 5794 5889 
15963 5813 5802 5804 5888 
15964 5822 5805 5821 5872 
15965 5827 5811 5823 5872 
15966 5825 5813 5822 5872 
15967 5813 5804 5805 5888 
15968 5815 5814 5806 5888 
15969 5822 5813 5805 5872 
15970 5824 5823 5812 5872 
15971 5827 5823 5871 5872 
15972 5856 5875 5877 5883 
15973 5830 5819 5818 5887 
15974 5816 5872 5815 5888 
15975 5799 5797 5793 5889 
15976 258 5856 5875 5877 
15977 5857 5871 5856 5883 
15978 5807 5791 5797 5888 
15979 5815 5872 5814 5888 
15980 5804 5802 5792 5889 
15981 5857 5847 5871 5883 
15982 3424 5866 3425 5885 
15983 5816 5811 5872 5888 
15984 5809 5798 5887 5890 
15985 5866 5878 5874 5886 
15986 5839 5810 5817 5890 
15987 5815 5806 5796 5888 
15988 5823 5811 5812 5872 
15989 5812 5811 5801 5888 
15990 5836 5815 5816 5872 
15991 5834 5825 5822 5871 
15992 5825 5824 5803 5872 
15993 5814 5804 5806 5888 
15994 5819 5809 5808 5887 
15995 5836 5816 5827 5872 
15996 5830 5818 5820 5887 
15997 5842 5833 5824 5871 
15998 5781 258 5875 5877 
15999 5816 5807 5811 5888 
16000 5796 5790 5791 5888 
16001 5832 5879 5817 5890 
16002 5820 5818 5800 5887 
16003 5830 5887 5820 5890 
16004 5813 5805 5872 5888 
16005 5841 5830 5820 5890 
16006 5840 5819 5830 5890 
16007 5810 5800 5795 5887 
16008 5832 5809 5819 5890 
16009 5812 5803 5872 5888 
16010 5856 5871 5834 5883 
16011 5852 5832 5840 5879 
16012 5814 5872 5805 5888 
16013 5806 5790 5796 5888 
16014 5824 5812 5803 5872 
16015 5837 5836 5827 5872 
16016 5808 5794 5792 5889 
16017 5848 5871 5847 5883 
16018 5835 5821 5826 5872 
16019 5837 5827 5871 5872 
16020 5826 5821 5814 5872 
16021 5781 5875 5783 5877 
16022 5782 5856 258 5877 
16023 5801 5799 5792 5889 
16024 5834 5822 5828 5871 
16025 5819 5809 5887 5890 
16026 5827 5816 5811 5872 
16027 5843 5871 5837 5883 
16028 5833 5823 5824 5871 
16029 5848 5837 5871 5883 
16030 258 5787 5875 5846 
16031 5858 5876 5855 5883 
16032 5839 5820 5810 5890 
16033 259 5845 5855 5884 
16034 5826 5814 5815 5872 
16035 5812 5801 5802 5888 
16036 5836 5826 5815 5872 
16037 5811 5807 5801 5888 
16038 5801 5888 5797 5889 
16039 5828 5822 5821 5872 
16040 5856 5846 5875 5883 
16041 5821 5805 5814 5872 
16042 5825 5822 5871 5872 
16043 258 5856 5846 5875 
16044 262 5882 5877 5783 
16045 5825 5803 5813 5872 
16046 5849 5838 5831 5878 
16047 5850 5849 5831 5878 
16048 5866 5873 5863 5874 
16049 5833 5829 5823 5871 
16050 5838 5817 5831 5879 
16051 5838 5831 5878 5879 
16052 5841 5879 5840 5890 
16053 5861 5853 5873 5879 
16054 5841 5820 5839 5890 
16055 5851 5840 5841 5879 
16056 5841 5839 5879 5890 
16057 5783 5787 5884 5875 
16058 262 257 5891 256 
16059 5856 5842 5834 5871 
16060 5857 5856 5877 5883 
16061 5835 5871 5828 5872 
16062 5793 5788 5887 5889 
16063 5846 5883 5845 5884 
16064 5835 5828 5821 5872 
16065 5846 5834 5828 5883 
16066 5783 5876 5875 5884 
16067 5834 5871 5828 5883 
16068 5841 5840 5830 5890 
16069 5852 5873 5878 5879 
16070 5848 5883 5877 5882 
16071 5877 5847 5891 5857 
16072 5828 5871 5822 5872 
16073 5848 5829 5847 5871 
16074 5856 5834 5846 5883 
16075 5855 5845 5835 5883 
16076 262 5848 5847 5877 
16077 5843 5837 5871 5872 
16078 5832 5831 5817 5879 
16079 5835 5828 5871 5883 
16080 5858 5855 5843 5883 
16081 5857 5847 5891 256 
16082 259 5787 5845 5884 
16083 5839 5817 5879 5890 
16084 5848 5837 5829 5871 
16085 5804 5794 5789 5889 
16086 5848 5847 5877 5883 
16087 5857 5847 5833 5871 
16088 5840 5879 5832 5890 
16089 5853 5878 5873 5879 
16090 5852 5850 5831 5878 
16091 5808 5799 5887 5889 
16092 5806 5888 5804 5889 
16093 5794 5887 5788 5889 
16094 5845 5828 5835 5883 
16095 5839 5817 5838 5879 
16096 5843 5836 5837 5872 
16097 261 5858 5882 5876 
16098 257 5781 5783 5877 
16099 5858 5837 5848 5883 
16100 5854 5840 5851 5879 
16101 5883 5858 5882 5848 
16102 5855 5845 5883 5884 
16103 5787 5846 5845 5884 
16104 5782 5857 5856 5877 
16105 5784 5855 5858 5876 
16106 5854 5851 5873 5879 
16107 5852 5878 5831 5879 
16108 5859 5844 5838 5878 
16109 5864 5853 5862 5878 
16110 5813 5803 5802 5888 
16111 5787 5875 5846 5884 
16112 5857 5877 5847 5883 
16113 259 5783 5787 5884 
16114 258 5781 5875 5787 
16115 5843 5826 5836 5872 
16116 5848 261 5858 5882 
16117 5857 5833 5842 5871 
16118 261 260 5882 262 
16119 5802 5888 5801 5889 
16120 5843 5835 5826 5872 
16121 3430 5880 3429 5886 
16122 5850 5849 5878 5886 
16123 3429 5786 5785 5849 
16124 5859 5849 5786 5880 
16125 5861 5873 5851 5879 
16126 5853 5839 5844 5879 
16127 3429 127 5786 5880 
16128 5866 5854 5863 5873 
16129 5853 5841 5839 5879 
16130 5818 5799 5793 5887 
16131 5854 5852 5840 5879 
16132 5785 5849 5850 5886 
16133 5817 5810 5798 5890 
16134 5829 5827 5823 5871 
16135 5861 5851 5841 5879 
16136 5859 5878 5849 5880 
16137 5868 5863 5867 5874 
16138 5830 5819 5887 5890 
16139 5816 5796 5807 5888 
16140 5806 5804 5789 5889 
16141 5844 5838 5878 5879 
16142 5846 5828 5845 5883 
16143 5858 5843 5837 5883 
16144 259 5876 5783 5884 
16145 259 5855 5784 5876 
16146 5837 5827 5829 5871 
16147 5847 5829 5833 5871 
16148 5784 261 260 5876 
16149 5782 257 5891 5877 
16150 5840 5832 5819 5890 
16151 256 257 5891 5782 
16152 5853 5844 5878 5879 
16153 5862 5844 5859 5878 
16154 5867 5873 5864 5874 
16155 3428 127 3432 5880 
16156 127 5862 5859 5880 
16157 5787 5781 5875 5783 
16158 5862 5853 5844 5878 
16159 5874 5878 5880 5886 
16160 3428 5865 5862 5880 
16161 3428 5862 127 5880 
16162 5874 5880 5881 5885 
16163 5819 5808 5818 5887 
16164 5842 5825 5834 5871 
16165 5860 5852 5854 5873 
16166 5852 5831 5832 5879 
16167 5860 5850 5852 5878 
16168 5866 5860 5854 5873 
16169 5864 5874 5873 5878 
16170 5809 5798 5794 5887 
16171 5854 5873 5852 5879 
16172 5867 5863 5861 5873 
16173 5865 5864 5862 5874 
16174 5869 5867 5864 5874 
16175 3427 5869 5865 5881 
16176 5870 5868 5874 5885 
16177 126 5868 5870 5885 
16178 5866 5873 5874 5878 
16179 3428 5880 3432 5881 
16180 5868 5866 5874 5885 
16181 5869 5864 5865 5874 
16182 126 3425 5868 5885 
16183 5783 5784 260 5876 
16184 5866 5860 5878 5886 
16185 3431 5870 5881 5885 
16186 3425 5866 5868 5885 
16187 5870 5867 5869 5874 
16188 3430 3431 5881 5885 
16189 5865 5874 5880 5881 
16190 125 3424 3430 5886 
16191 3431 5870 3426 5881 
16192 3431 126 3426 5870 
16193 5866 5874 5885 5886 
16194 3432 3429 3430 5880 
16195 3430 5885 5880 5886 
16196 3431 126 5870 5885 
16197 5868 5866 5863 5874 
16198 3424 3425 3430 5885 
16199 5866 5860 5873 5878 
16200 5804 5888 5802 5889 
16201 3424 5866 5885 5886 
16202 125 3430 3429 5886 
16203 3427 3431 3426 5881 
16204 3431 3425 126 5885 
16205 3432 3430 3431 5881 
16206 125 3429 5785 5886 
16207 5843 5835 5871 5883 
16208 5864 5861 5853 5873 
16209 5810 5795 5798 5887 
16210 3429 5880 5849 5886 
16211 125 5850 5860 5886 
16212 3432 127 3429 5880 
16213 5864 5862 5874 5878 
16214 3429 5786 5849 5880 
16215 3427 3428 3432 5881 
16216 3430 3425 3431 5885 
16217 5863 5851 5861 5873 
16218 127 5859 5786 5880 
16219 5870 5868 5867 5874 
16220 3427 5865 3428 5881 
16221 5860 5850 5878 5886 
16222 3427 3432 3431 5881 
16223 5876 260 5882 261 
16224 5808 5792 5799 5889 
16225 5844 5839 5838 5879 
16226 5781 5782 258 5877 
16227 257 5783 262 5877 
16228 257 5782 5781 5877 
16229 5797 5888 5791 5889 
16230 5809 5794 5808 5887 
16231 5797 5791 5790 5889 
16232 5807 5796 5791 5888 
16233 5846 5875 5883 5884 
16234 5857 5842 5856 5871 
16235 5813 5872 5803 5888 
16236 5876 5883 5875 5884 
16237 5842 5824 5825 5871 
16238 5855 5835 5843 5883 
16239 5791 5888 5790 5889 
16240 5800 5788 5795 5887 
16241 5877 257 5891 262 
16242 262 5891 5847 256 
16243 256 5857 5782 5891 
16244 5891 5857 5782 5877 
16245 5877 5891 5847 262 
16246 261 5882 5848 262 
16247 262 5882 5848 5877 
16248 5882 5883 5877 5876 
26483 9348 9342 9368 9369 
26484 9352 9368 9342 9369 
26485 9364 9368 9356 9369 
26486 9363 9350 9348 9369 
26487 9364 9350 9363 9369 
26488 9363 9348 9368 9369 
26489 9353 9368 9352 9369 
26490 9365 9353 9351 9369 
26491 9357 9356 9368 9369 
26492 9365 9351 9357 9369 
26493 9283 491 9364 9370 
26494 494 9287 9358 9371 
26495 496 494 9366 9371 
26496 9302 9293 9295 9372 
26497 9302 9301 9293 9373 
26498 9304 9294 9291 9373 
26499 9304 9291 9299 9373 
26500 9299 9298 9297 9372 
26501 9306 9290 9292 9372 
26502 9302 9291 9294 9373 
26503 9309 9304 9299 9373 
26504 9299 9291 9298 9372 
26505 9366 9368 9365 9371 
26506 9295 9293 9290 9372 
26507 9302 9372 9291 9373 
26508 9300 9304 9301 9374 
26509 9374 9304 9301 9294 
26510 9306 9295 9296 9290 
26511 9306 9292 9299 9372 
26512 9306 9299 9297 9372 
26513 9308 9296 9298 9295 
26514 9306 9295 9290 9372 
26515 9315 9306 9307 9296 
26516 9294 9304 9301 9373 
26517 9306 9298 9296 9295 
26518 9308 9295 9298 9289 
26519 9314 9296 9308 9295 
26520 9325 9335 9334 9317 
26521 9308 9307 9298 9296 
26522 9309 9300 9304 9373 
26523 9293 9288 9372 9373 
26524 9300 9288 9293 9373 
26525 9292 9372 9288 9373 
26526 9319 9301 9310 9374 
26527 9315 9307 9314 9296 
26528 9293 9288 9290 9372 
26529 9373 9304 9301 9300 
26530 9334 9316 9326 9314 
26531 9321 9303 9294 9374 
26532 9324 9313 9319 9375 
26533 9321 9294 9304 9374 
26534 9303 9301 9302 9294 
26535 9318 9309 9305 9374 
26536 9334 9333 9315 9314 
26537 9309 9292 9300 9373 
26538 9316 9308 9307 9298 
26539 9334 9316 9315 9307 
26540 9326 9314 9316 9308 
26541 9321 9311 9303 9374 
26542 9306 9297 9298 9372 
26543 9310 9302 9303 9301 
26544 9326 9316 9317 9308 
26545 9316 9314 9315 9307 
26546 9318 9374 9305 9375 
26547 9302 9294 9301 9373 
26548 9309 9300 9305 9374 
26549 9327 9322 9312 9375 
26550 9303 9301 9294 9374 
26551 9319 9310 9311 9374 
26552 9320 9319 9311 9375 
26553 9313 9305 9300 9374 
26554 9312 9304 9309 9374 
26555 9339 9320 9375 9376 
26556 9311 9310 9303 9374 
26557 5453 237 238 9377 
26558 9321 9304 9312 9374 
26559 9309 9304 9300 9374 
26560 9331 9318 9305 9375 
26561 496 9284 494 9371 
26562 9307 9298 9306 9297 
26563 9367 9354 9359 9378 
26564 9302 9295 9289 9372 
26565 9318 9312 9309 9374 
26566 9318 9312 9374 9375 
26567 9298 9289 9295 9372 
26568 9313 9305 9374 9375 
26569 9317 9335 9334 9326 
26570 9327 9318 9323 9375 
26571 9352 9330 9343 9376 
26572 9340 9339 9329 9375 
26573 9306 9298 9295 9372 
26574 9344 9331 9324 9376 
26575 9328 9375 9320 9376 
26576 9334 9315 9316 9314 
26577 9321 9374 9312 9375 
26578 9348 9342 9369 9376 
26579 9337 9327 9330 9376 
26580 9331 9323 9318 9375 
26581 9343 9323 9331 9376 
26582 9313 9300 9301 9374 
26583 9331 9313 9324 9375 
26584 9319 9374 9311 9375 
26585 9327 9375 9323 9376 
26586 9340 9329 9322 9375 
26587 9334 9326 9333 9314 
26588 9307 9306 9298 9296 
26589 9310 9301 9303 9374 
26590 9326 9335 9334 9354 
26591 9334 9325 9317 9316 
26592 9336 9335 9325 9317 
26593 9336 9325 9335 9378 
26594 9361 9335 9347 9378 
26595 9347 9335 9346 9378 
26596 9367 9346 9354 9378 
26597 9362 9359 9345 9378 
26598 9360 9347 9346 9378 
26599 9337 9322 9327 9375 
26600 9340 9375 9337 9376 
26601 9334 9317 9326 9316 
26602 9353 9351 9369 9376 
26603 9328 9324 9375 9376 
26604 9354 9335 9334 9325 
26605 491 9286 9356 9370 
26606 9341 9332 9338 9369 
26607 9338 9332 9328 9376 
26608 9351 9332 9341 9369 
26609 9319 9313 9374 9375 
26610 492 9283 9363 9370 
26611 9340 9322 9337 9375 
26612 9314 9307 9308 9296 
26613 9321 9311 9374 9375 
26614 492 9370 9363 9371 
26615 9343 9330 9323 9376 
26616 9353 9344 9351 9376 
26617 9330 9327 9323 9376 
26618 9352 9369 9342 9376 
26619 492 9283 493 9363 
26620 9354 9335 9346 9326 
26621 9329 9320 9311 9375 
26622 9360 9377 9347 9378 
26623 9350 9339 9376 9369 
26624 9344 9324 9332 9376 
26625 9319 9313 9301 9374 
26626 9350 9348 9369 9376 
26627 9351 9332 9369 9376 
26628 9348 9340 9337 9376 
26629 9298 9291 9289 9372 
26630 9331 9375 9324 9376 
26631 9353 9369 9352 9376 
26632 9363 9348 9355 9368 
26633 9353 9343 9344 9376 
26634 5452 9360 237 9377 
26635 9367 9359 9377 9378 
26636 9354 9346 9333 9326 
26637 9328 9324 9319 9375 
26638 5452 9361 9347 9377 
26639 9364 9356 9349 9369 
26640 9332 9324 9328 9376 
26641 9339 9320 9329 9375 
26642 9331 9323 9375 9376 
26643 9369 9339 9376 9338 
26644 9327 9312 9318 9375 
26645 9350 9340 9348 9376 
26646 9354 9346 9335 9378 
26647 9344 9343 9331 9376 
26648 9329 9321 9322 9375 
26649 9354 9333 9334 9326 
26650 5452 9347 9360 9377 
26651 9316 9308 9314 9307 
26652 9353 9352 9343 9376 
26653 9345 9325 9336 9378 
26654 236 9361 5452 9377 
26655 236 5453 9362 9377 
26656 9328 9319 9320 9375 
26657 238 9367 9359 9377 
26658 9364 9349 9350 9369 
26659 9357 9351 9341 9369 
26660 9362 9336 9361 9378 
26661 9366 9358 9368 9371 
26662 492 9363 493 9371 
26663 9361 9347 9377 9378 
26664 9358 9355 9342 9368 
26665 9355 9348 9342 9368 
26666 9348 9337 9342 9376 
26667 9350 9339 9340 9376 
26668 9365 9357 9368 9369 
26669 9356 9341 9349 9369 
26670 9364 9356 9368 9370 
26671 9349 9341 9338 9369 
26672 9367 9360 9346 9378 
26673 236 9362 9361 9377 
26674 9354 9325 9345 9378 
26675 9287 9355 9358 9371 
26676 9283 9364 9363 9370 
26677 496 495 9284 9365 
26678 9366 9358 9352 9368 
26679 9340 9339 9375 9376 
26680 9322 9321 9312 9375 
26681 9339 9338 9320 9376 
26682 9364 9363 9368 9369 
26683 9365 9368 9357 9370 
26684 9357 9341 9356 9369 
26685 9365 9368 9370 9371 
26686 495 9365 9357 9370 
26687 9363 9370 9368 9371 
26688 9338 9369 9332 9376 
26689 9309 9299 9292 9373 
26690 9366 9353 9365 9368 
26691 9339 9349 9369 9350 
26692 9358 9342 9352 9368 
26693 9365 9368 9353 9369 
26694 9362 9361 9377 9378 
26695 9352 9342 9330 9376 
26696 492 9284 9370 9371 
26697 9286 9357 9356 9370 
26698 496 9366 9365 9371 
26699 9337 9375 9327 9376 
26700 9354 9334 9345 9325 
26701 9362 9377 9359 9378 
26702 237 9367 238 9377 
26703 5453 238 9359 9377 
26704 9363 9368 9355 9371 
26705 237 9360 9367 9377 
26706 5453 9285 9362 9359 
26707 9366 9352 9353 9368 
26708 9338 9349 9369 9339 
26709 9284 495 9286 9370 
26710 9284 9365 9370 9371 
26711 9284 9287 494 9371 
26712 9364 9368 9363 9370 
26713 492 493 9287 9371 
26714 492 9287 9284 9371 
26715 494 9358 9366 9371 
26716 5453 9359 9362 9377 
26717 9367 9377 9360 9378 
26718 495 9357 9286 9370 
26719 9359 9354 9345 9378 
26720 9302 9289 9291 9372 
26721 9301 9300 9293 9373 
26722 9342 9337 9330 9376 
26723 9329 9311 9321 9375 
26724 492 9284 9286 9370 
26725 493 9355 9287 9371 
26726 9284 9365 495 9370 
26727 9361 9336 9335 9378 
26728 492 9286 491 9370 
26729 9351 9344 9332 9376 
26730 9354 9335 9325 9378 
26731 5453 238 9285 9359 
26732 5452 237 5453 9377 
26733 236 5452 5453 9377 
26734 236 5453 9285 9362 
26735 9362 9345 9336 9378 
26736 9300 9292 9288 9373 
26737 9357 9368 9356 9370 
26738 496 9365 9284 9371 
26739 9338 9328 9320 9376 
26740 493 9363 9355 9371 
26741 492 491 9283 9370 
26742 491 9356 9364 9370 
26743 9358 9355 9368 9371 
26744 9299 9291 9372 9373 
26745 9331 9305 9313 9375 
26746 9292 9290 9288 9372 
26747 9299 9372 9292 9373 
26748 9302 9293 9372 9373 
26749 9453 9436 9452 9464 
26750 9461 9464 9453 9465 
26751 9452 9436 9445 9464 
26752 9462 9464 9461 9465 
26753 9462 9454 9448 9464 
26754 9446 9445 9464 9465 
26755 9454 9437 9448 9464 
26756 9444 9464 9437 9465 
26757 9446 9464 9444 9465 
26758 9400 9393 9395 9392 
26759 9393 9392 9390 9389 
26760 9404 9391 9398 9466 
26761 9412 9407 9467 9468 
26762 9388 9384 9386 9466 
26763 9403 9397 9466 9467 
26764 9401 9402 9393 9395 
26765 9387 9392 9384 9394 
26766 9409 9400 9408 9393 
26767 9401 9394 9395 9393 
26768 9401 9394 9387 9384 
26769 9395 9393 9394 9392 
26770 9417 9400 9402 9395 
26771 9407 9399 9397 9467 
26772 9399 9386 9397 9467 
26773 9403 9397 9389 9466 
26774 9400 9402 9393 9409 
26775 9394 9392 9393 9387 
26776 9388 9386 9385 9466 
26777 9401 9394 9393 9387 
26778 9398 9385 9396 9467 
26779 9405 9404 9398 9467 
26780 9409 9401 9393 9387 
26781 9392 9391 9390 9466 
26782 9404 9466 9398 9467 
26783 9402 9395 9401 9394 
26784 9407 9399 9467 9468 
26785 9389 9392 9384 9387 
26786 9392 9390 9389 9466 
26787 9403 9389 9390 9466 
26788 9395 9392 9394 9391 
26789 9411 9467 9399 9468 
26790 9396 9385 9386 9467 
26791 9410 9402 9409 9401 
26792 9413 9467 9405 9468 
26793 9428 9418 9410 9409 
26794 9429 9417 9428 9410 
26795 9410 9408 9409 9402 
26796 9423 9406 9415 9468 
26797 9398 9466 9385 9467 
26798 9409 9402 9393 9401 
26799 9417 9408 9402 9400 
26800 9423 9405 9406 9468 
26801 9411 9406 9396 9467 
26802 9423 9414 9405 9468 
26803 9422 9416 9412 9468 
26804 9416 9407 9412 9468 
26805 9415 9406 9411 9468 
26806 9413 9412 9404 9467 
26807 9406 9405 9398 9467 
26808 9425 9407 9416 9468 
26809 9413 9412 9467 9468 
26810 9413 9404 9405 9467 
26811 9404 9403 9390 9466 
26812 9428 9417 9427 9408 
26813 9422 9413 9414 9468 
26814 9432 9421 9424 9469 
26815 9411 9406 9467 9468 
26816 9422 9412 9413 9468 
26817 9412 9403 9404 9467 
26818 9434 9414 9423 9469 
26819 9432 9415 9421 9469 
26820 9445 9436 9433 9464 
26821 9411 9396 9399 9467 
26822 9439 9425 9416 9469 
26823 9391 9388 9385 9466 
26824 9429 9427 9428 9417 
26825 9430 9429 9420 9470 
26826 9414 9413 9405 9468 
26827 9442 9419 9429 9470 
26828 9450 9440 9427 9470 
26829 9450 9427 9428 9470 
26830 9429 9419 9418 9470 
26831 9423 9414 9468 9469 
26832 9429 9417 9410 9402 
26833 9425 9399 9407 9468 
26834 9425 9415 9468 9469 
26835 9429 9418 9428 9470 
26836 9441 9428 9418 9470 
26837 9428 9410 9417 9408 
26838 9386 9385 9466 9467 
26839 9425 9415 9411 9468 
26840 9442 9431 9470 9471 
26841 9429 9428 9418 9410 
26842 9455 9430 9440 9471 
26843 9426 9416 9422 9469 
26844 9438 9421 9425 9469 
26845 9404 9390 9391 9466 
26846 9436 9426 9433 9464 
26847 9439 9438 9425 9469 
26848 9434 9433 9414 9469 
26849 9439 9416 9426 9469 
26850 9444 9432 9437 9464 
26851 9438 9424 9421 9469 
26852 9406 9405 9467 9468 
26853 9422 9416 9468 9469 
26854 9417 9408 9410 9402 
26855 9435 9415 9432 9469 
26856 9397 9386 9384 9466 
26857 9435 9423 9415 9469 
26858 9433 9422 9414 9469 
26859 9391 9392 9388 9466 
26860 9462 9448 9449 9464 
26861 9440 9420 9427 9470 
26862 9432 9424 9464 9469 
26863 9401 9388 9394 9384 
26864 9440 9430 9470 9471 
26865 5451 9381 9458 9455 
26866 9456 9471 9455 9472 
26867 9442 9470 9430 9471 
26868 9456 9442 9430 9471 
26869 9409 9402 9408 9400 
26870 9425 9421 9415 9469 
26871 9425 9411 9399 9468 
26872 9443 9431 9442 9471 
26873 9449 9438 9439 9464 
26874 9457 9441 9431 9471 
26875 9446 9435 9444 9464 
26876 9448 9424 9438 9464 
26877 9429 9418 9419 9410 
26878 9448 9437 9424 9464 
26879 9422 9468 9414 9469 
26880 9462 9454 9465 9473 
26881 9435 9432 9464 9469 
26882 9466 9392 9384 9389 
26883 9425 9415 9421 9411 
26884 9441 9418 9431 9470 
26885 9425 9468 9416 9469 
26886 9428 9409 9410 9408 
26887 9433 9464 9426 9469 
26888 9451 9444 9437 9465 
26889 9447 9439 9426 9464 
26890 9446 9434 9435 9464 
26891 9444 9435 9432 9464 
26892 9423 9468 9415 9469 
26893 9449 9439 9447 9464 
26894 9442 9431 9419 9470 
26895 9433 9426 9422 9469 
26896 9431 9418 9419 9470 
26897 9458 9440 9450 9471 
26898 9441 9470 9431 9471 
26899 9463 9450 9441 9471 
26900 9429 9420 9427 9417 
26901 9450 9440 9470 9471 
26902 499 9379 9459 9474 
26903 9406 9398 9396 9467 
26904 9446 9445 9434 9464 
26905 9447 9426 9436 9464 
26906 9454 9437 9464 9465 
26907 9439 9464 9438 9469 
26908 9435 9434 9423 9469 
26909 9454 9465 9473 9474 
26910 9460 9446 9459 9465 
26911 499 9451 9383 9474 
26912 9434 9464 9433 9469 
26913 502 500 9462 9473 
26914 9452 9473 9465 9474 
26915 9454 9451 9465 9474 
26916 9437 9432 9424 9464 
26917 9397 9386 9466 9467 
26918 9379 497 9460 9474 
26919 9435 9464 9434 9469 
26920 9459 9446 9444 9465 
26921 9439 9426 9464 9469 
26922 9383 9451 9454 9474 
26923 9460 9465 9459 9474 
26924 9462 9465 9461 9473 
26925 498 9382 9452 9473 
26926 9380 9454 9473 9474 
26927 9379 9460 9459 9474 
26928 9461 9447 9453 9464 
26929 9449 9448 9438 9464 
26930 5450 9456 235 9472 
26931 501 9461 9453 9473 
26932 9453 9465 9452 9473 
26933 9461 9465 9453 9473 
26934 9382 9453 9452 9473 
26935 5450 9457 9443 9472 
26936 9461 9449 9447 9464 
26937 9445 9433 9434 9464 
26938 9462 9449 9461 9464 
26939 5450 234 9457 9472 
26940 9452 9464 9445 9465 
26941 500 9454 9462 9473 
26942 502 9461 501 9473 
26943 498 9473 9452 9474 
26944 501 9453 9382 9473 
26945 502 9462 9461 9473 
26946 9456 9443 9442 9471 
26947 9462 9454 9464 9465 
26948 234 9463 9457 9472 
26949 233 9458 9463 9472 
26950 9456 9443 9471 9472 
26951 5451 235 9455 9472 
26952 5450 5451 234 9472 
26953 5451 9458 233 9472 
26954 9457 9471 9443 9472 
26955 498 9452 497 9474 
26956 499 9459 9451 9474 
26957 9459 9444 9451 9465 
26958 9459 9465 9451 9474 
26959 9457 9431 9443 9471 
26960 9380 9383 500 9454 
26961 498 9382 497 9452 
26962 9458 9455 9440 9471 
26963 9442 9429 9430 9470 
26964 9456 9430 9455 9471 
26965 9429 9427 9420 9470 
26966 235 9456 9455 9472 
26967 5450 235 5451 9472 
26968 5451 233 234 9472 
26969 5451 235 9381 9455 
26970 5451 9381 233 9458 
26971 9454 9451 9437 9465 
26972 5451 9455 9458 9472 
26973 499 9383 9380 9474 
26974 498 9380 9473 9474 
26975 497 9452 9460 9474 
26976 9438 9464 9424 9469 
26977 498 497 9379 9474 
26978 9429 9428 9427 9470 
26979 9466 9392 9388 9384 
26980 9460 9452 9465 9474 
26981 498 9379 499 9474 
26982 502 9380 500 9473 
26983 9450 9470 9441 9471 
26984 234 233 9463 9472 
26985 9440 9430 9420 9470 
26986 9463 9471 9457 9472 
26987 9463 9458 9471 9472 
26988 9463 9458 9450 9471 
26989 9458 9455 9471 9472 
26990 9407 9397 9403 9467 
26991 5450 9443 9456 9472 
26992 9450 9428 9441 9470 
26993 9393 9392 9389 9387 
26994 9463 9441 9457 9471 
26995 9397 9384 9389 9466 
26996 9399 9396 9386 9467 
26997 498 9380 501 9473 
26998 9380 9454 500 9473 
26999 498 501 9382 9473 
27000 498 499 9380 9474 
27001 9404 9403 9466 9467 
27002 9398 9391 9385 9466 
27003 9384 9392 9388 9394 
27004 9380 9383 9454 9474 
27005 9394 9392 9388 9391 
27006 9453 9447 9436 9464 
27007 502 501 9380 9473 
27008 9453 9464 9452 9465 
27009 9460 9445 9446 9465 
27010 9460 9452 9445 9465 
27011 9395 9402 9393 9400 
27012 9412 9407 9403 9467 
27013 9497 9487 9484 9559 
27014 9491 9484 9485 9560 
27015 9487 9485 9484 9561 
27016 9501 9494 9486 9559 
27017 9501 9494 9559 9562 
27018 9500 9492 9485 9560 
27019 9493 9559 9488 9562 
27020 9498 9484 9560 9561 
27021 9498 9483 9480 9561 
27022 9498 9490 9483 9560 
27023 9501 9486 9495 9559 
27024 9495 9559 9486 9561 
27025 9489 9482 9483 9561 
27026 9500 9481 9489 9560 
27027 9506 9498 9499 9560 
27028 9495 9486 9482 9561 
27029 9485 9481 9560 9561 
27030 9511 9497 9493 9562 
27031 9509 9494 9501 9562 
27032 9500 9499 9492 9560 
27033 9508 9500 9507 9492 
27034 9506 9525 9505 9500 
27035 9503 9493 9488 9562 
27036 9494 9488 9559 9562 
27037 9506 9505 9490 9560 
27038 9525 9507 9500 9506 
27039 9506 9490 9498 9560 
27040 9506 9500 9505 9560 
27041 9497 9496 9559 9562 
27042 9501 9559 9496 9562 
27043 9478 9548 9563 9564 
27044 9506 9499 9500 9560 
27045 9525 9524 9506 9505 
27046 9563 504 9476 9565 
27047 9496 9495 9487 9559 
27048 9510 9496 9497 9562 
27049 9507 9500 9499 9492 
27050 9485 9560 9484 9561 
27051 9504 9503 9488 9562 
27052 9487 9484 9559 9561 
27053 9504 9503 9562 9566 
27054 9497 9496 9487 9559 
27055 9509 9504 9494 9562 
27056 9510 9502 9496 9562 
27057 9525 9508 9515 9505 
27058 9518 9517 9509 9566 
27059 9495 9487 9559 9561 
27060 9494 9488 9486 9559 
27061 9515 9505 9508 9500 
27062 9507 9492 9499 9491 
27063 9525 9514 9515 9508 
27064 9526 9515 9514 9508 
27065 9504 9488 9494 9562 
27066 9498 9560 9483 9561 
27067 9511 9510 9497 9562 
27068 9507 9500 9506 9499 
27069 9520 9510 9511 9566 
27070 9512 9511 9503 9566 
27071 9520 9511 9516 9566 
27072 9516 9511 9512 9566 
27073 9517 9513 9566 9567 
27074 9516 9566 9512 9567 
27075 9505 9489 9490 9560 
27076 9522 9503 9504 9566 
27077 9511 9493 9503 9562 
27078 9518 9509 9502 9566 
27079 9502 9501 9496 9562 
27080 9535 9534 9522 9567 
27081 9517 9513 9509 9566 
27082 9534 9512 9522 9567 
27083 9499 9491 9492 9560 
27084 9511 9562 9503 9566 
27085 9511 9510 9562 9566 
27086 9499 9498 9491 9560 
27087 9563 9568 9565 9569 
27088 9525 9524 9515 9514 
27089 9525 9515 9524 9505 
27090 9536 9514 9527 9570 
27091 9545 9524 9525 9514 
27092 9545 9537 9526 9570 
27093 9552 9527 9526 9570 
27094 9538 9526 9537 9570 
27095 9525 9507 9506 9499 
27096 9530 9529 9518 9567 
27097 9522 9512 9503 9566 
27098 9510 9502 9562 9566 
27099 9527 9526 9514 9508 
27100 9509 9501 9502 9562 
27101 9540 9529 9530 9567 
27102 9543 9533 9567 9568 
27103 9539 9567 9533 9568 
27104 9541 9540 9567 9568 
27105 9531 9530 9519 9567 
27106 9520 9566 9516 9567 
27107 9529 9523 9517 9567 
27108 9520 9519 9510 9566 
27109 9501 9495 9496 9559 
27110 9519 9502 9510 9566 
27111 508 9556 507 9569 
27112 9519 9518 9566 9567 
27113 9525 9514 9508 9507 
27114 9542 9535 9523 9567 
27115 9522 9566 9513 9567 
27116 9523 9513 9517 9567 
27117 9520 9519 9566 9567 
27118 508 506 9557 9569 
27119 9539 9528 9533 9567 
27120 507 9548 9478 9564 
27121 9513 9504 9509 9566 
27122 9545 9515 9524 9514 
27123 9545 9526 9537 9515 
27124 9545 9514 9536 9570 
27125 9508 9507 9500 9525 
27126 9558 9551 9537 9570 
27127 9545 9537 9524 9515 
27128 9478 9548 9547 9563 
27129 9521 9516 9512 9567 
27130 9556 9568 9548 9569 
27131 9535 9522 9513 9567 
27132 9543 9521 9534 9567 
27133 9541 9531 9539 9567 
27134 9476 9564 9565 9569 
27135 507 9548 9564 9569 
27136 9519 9518 9502 9566 
27137 9540 9532 9567 9568 
27138 9546 9565 9563 9568 
27139 9540 9532 9529 9567 
27140 9529 9517 9518 9567 
27141 9544 9534 9535 9567 
27142 9548 9563 9564 9569 
27143 9542 9567 9532 9568 
27144 9556 9542 9548 9568 
27145 9543 9533 9521 9567 
27146 9544 9535 9542 9567 
27147 9478 504 9476 9563 
27148 9534 9521 9512 9567 
27149 9541 9567 9539 9568 
27150 9555 9563 9547 9568 
27151 9489 9481 9482 9561 
27152 9553 9527 9552 9570 
27153 9487 9481 9485 9561 
27154 9531 9519 9520 9567 
27155 9544 9543 9534 9567 
27156 5562 9551 245 9571 
27157 9558 9545 9550 9570 
27158 9550 9545 9536 9570 
27159 9545 9526 9514 9570 
27160 9500 9525 9505 9508 
27161 9527 9514 9526 9570 
27162 9553 9550 9536 9570 
27163 9558 9570 9550 9571 
27164 9553 9536 9527 9570 
27165 9551 9538 9537 9570 
27166 5562 9552 9538 9571 
27167 244 9552 5562 9571 
27168 9549 9533 9543 9568 
27169 9535 9513 9523 9567 
27170 9541 9530 9531 9567 
27171 9552 9570 9538 9571 
27172 9547 9532 9540 9568 
27173 9555 9541 9554 9568 
27174 244 9553 9552 9571 
27175 9554 9539 9546 9568 
27176 9518 9517 9566 9567 
27177 9500 9485 9481 9560 
27178 9544 9567 9542 9568 
27179 9492 9491 9485 9560 
27180 9541 9540 9530 9567 
27181 9548 9542 9532 9568 
27182 505 9554 9546 9563 
27183 9505 9500 9489 9560 
27184 9555 9554 9563 9568 
27185 9532 9523 9529 9567 
27186 9530 9518 9519 9567 
27187 9549 9565 9546 9568 
27188 9475 9555 9554 9563 
27189 9554 9541 9539 9568 
27190 9528 9520 9516 9567 
27191 9542 9523 9532 9567 
27192 9557 9549 9543 9568 
27193 507 9556 9548 9569 
27194 9554 9546 9563 9568 
27195 9548 9547 9563 9568 
27196 9557 9543 9544 9568 
27197 9475 503 9555 9563 
27198 9509 9562 9502 9566 
27199 503 9478 9547 9563 
27200 505 9475 9554 9563 
27201 9548 9532 9547 9568 
27202 9546 9539 9533 9568 
27203 9544 9543 9567 9568 
27204 9557 9544 9556 9568 
27205 9476 507 9564 9569 
27206 9565 9563 9564 9476 
27207 508 9557 9556 9569 
27208 9555 9547 9540 9568 
27209 9549 9546 9533 9568 
27210 9553 9550 9570 9571 
27211 245 9558 246 9571 
27212 9550 9571 5563 246 
27213 9557 9549 9568 9569 
27214 9476 507 9478 9564 
27215 9548 9568 9563 9569 
27216 504 505 9479 9565 
27217 504 9479 9476 9565 
27218 9539 9531 9528 9567 
27219 9571 9558 246 9550 
27220 244 5563 9553 9571 
27221 5563 9550 9553 9571 
27222 9545 9526 9515 9514 
27223 9509 9504 9562 9566 
27224 5563 9477 9553 9550 
27225 246 9571 5563 245 
27226 9522 9504 9513 9566 
27227 9490 9489 9483 9560 
27228 503 9547 9555 9563 
27229 9476 9563 9564 9478 
27230 9479 9546 9549 9565 
27231 504 9478 503 9563 
27232 9556 9544 9542 9568 
27233 504 9475 505 9563 
27234 9563 9565 9564 9569 
27235 9476 9479 506 9565 
27236 506 9565 9549 9569 
27237 505 9546 9479 9565 
27238 9545 9525 9536 9514 
27239 9553 9570 9552 9571 
27240 245 9551 9558 9571 
27241 244 5563 9477 9553 
27242 5562 245 5563 9571 
27243 5563 246 9477 9550 
27244 9497 9559 9493 9562 
27245 9558 9551 9570 9571 
27246 244 5562 5563 9571 
27247 504 503 9475 9563 
27248 9557 9568 9556 9569 
27249 9549 9565 9568 9569 
27250 508 9476 506 9569 
27251 9555 9540 9541 9568 
27252 506 9549 9557 9569 
27253 9533 9528 9521 9567 
27254 9488 9480 9486 9559 
27255 508 507 9476 9569 
27256 9531 9520 9528 9567 
27257 9484 9480 9559 9561 
27258 9522 9512 9566 9567 
27259 9528 9516 9521 9567 
27260 9493 9480 9488 9559 
27261 9551 9538 9570 9571 
27262 5562 9538 9551 9571 
27263 9552 9526 9538 9570 
27264 9558 9537 9545 9570 
27265 9498 9484 9491 9560 
27266 9495 9482 9481 9561 
27267 9489 9483 9560 9561 
27268 9486 9480 9483 9561 
27269 9493 9484 9480 9559 
27270 9486 9559 9480 9561 
27271 9495 9481 9487 9561 
27272 9486 9483 9482 9561 
27273 9497 9484 9493 9559 
27274 9489 9560 9481 9561 
27275 9498 9480 9484 9561 
27276 9476 9565 506 9569 
27277 505 9563 9546 9565 
27278 504 9563 505 9565 
27279 506 9479 9549 9565 
27280 9611 9659 9603 9660 
27281 9610 9659 9601 9661 
27282 9611 9610 9602 9659 
27283 9601 9590 9591 9661 
27284 9609 9584 9590 9661 
27285 9616 9662 9615 9663 
27286 9617 9662 9616 9663 
27287 9629 9628 9662 9664 
27288 511 9572 9654 9665 
27289 9648 9666 9667 9668 
27290 513 9648 9666 9667 
27291 9572 509 9655 9666 
27292 509 9575 9647 9666 
27293 9655 9666 9647 9668 
27294 9654 9646 9665 9668 
27295 510 9572 9665 9666 
27296 9648 9647 9666 9668 
27297 513 9648 9575 9666 
27298 9665 9667 9666 9668 
27299 9576 9646 9649 9665 
27300 512 9576 9649 9667 
27301 9590 9587 9581 9669 
27302 514 9656 513 9667 
27303 514 512 9657 9667 
27304 9600 9586 9595 9670 
27305 9584 9661 9583 9669 
27306 9579 9669 9577 9671 
27307 9609 9590 9601 9661 
27308 9600 9599 9586 9670 
27309 9582 9581 9578 9669 
27310 9604 9595 9596 9670 
27311 9587 9581 9669 9671 
27312 9605 9588 9597 9670 
27313 9606 9599 9663 9670 
27314 9598 9580 9589 9670 
27315 9605 9596 9588 9670 
27316 9592 9578 9585 9669 
27317 9594 9586 9670 9671 
27318 9605 9597 9663 9670 
27319 9610 9592 9602 9661 
27320 9589 9580 9577 9671 
27321 9596 9595 9587 9671 
27322 9606 9594 9599 9670 
27323 9598 9597 9580 9670 
27324 9610 9601 9591 9661 
27325 9620 9599 9600 9663 
27326 9602 9592 9593 9661 
27327 514 9573 512 9667 
27328 9610 9602 9659 9661 
27329 9593 9592 9583 9661 
27330 9587 9669 9579 9671 
27331 9618 9614 9662 9663 
27332 9616 9615 9605 9663 
27333 9615 9662 9608 9663 
27334 9608 9600 9604 9663 
27335 9617 9597 9598 9663 
27336 9606 9598 9589 9670 
27337 9618 9598 9606 9663 
27338 9604 9600 9595 9670 
27339 9605 9663 9604 9670 
27340 9622 9613 9609 9659 
27341 9609 9601 9659 9661 
27342 9624 9603 9593 9659 
27343 9592 9661 9582 9669 
27344 9588 9587 9579 9671 
27345 9622 9613 9659 9660 
27346 9624 9593 9609 9659 
27347 9628 9621 9662 9664 
27348 9596 9587 9588 9671 
27349 9591 9661 9590 9669 
27350 9592 9585 9583 9669 
27351 9592 9583 9661 9669 
27352 9595 9581 9587 9671 
27353 9595 9670 9586 9671 
27354 9593 9583 9584 9661 
27355 9610 9582 9592 9661 
27356 9627 9662 9619 9664 
27357 9614 9607 9662 9663 
27358 9617 9616 9597 9663 
27359 9634 9662 9621 9664 
27360 9627 9618 9614 9662 
27361 9615 9604 9605 9663 
27362 9600 9663 9599 9670 
27363 9604 9663 9600 9670 
27364 9598 9663 9597 9670 
27365 9590 9584 9587 9669 
27366 9618 9617 9598 9663 
27367 9605 9604 9596 9670 
27368 9633 9607 9620 9662 
27369 9615 9608 9604 9663 
27370 9623 9601 9610 9659 
27371 9611 9602 9603 9659 
27372 9620 9662 9607 9663 
27373 9620 9608 9662 9663 
27374 9630 9618 9627 9662 
27375 9614 9606 9607 9663 
27376 9633 9619 9607 9662 
27377 9609 9659 9593 9661 
27378 9630 9629 9662 9664 
27379 9606 9663 9598 9670 
27380 9620 9600 9608 9663 
27381 9585 9577 9669 9671 
27382 9634 9633 9620 9662 
27383 9624 9603 9659 9660 
27384 9599 9594 9586 9670 
27385 9609 9593 9584 9661 
27386 9624 9609 9613 9659 
27387 9635 9613 9622 9660 
27388 9624 9659 9613 9660 
27389 9625 9624 9613 9660 
27390 9618 9606 9614 9663 
27391 9623 9610 9611 9659 
27392 9591 9582 9661 9669 
27393 9603 9602 9593 9659 
27394 9624 9612 9603 9660 
27395 9620 9607 9599 9663 
27396 9610 9591 9582 9661 
27397 9626 9611 9612 9660 
27398 9594 9585 9578 9671 
27399 9637 9612 9624 9660 
27400 9622 9609 9601 9659 
27401 9602 9593 9659 9661 
27402 9637 9624 9625 9660 
27403 9645 9622 9623 9660 
27404 9645 9635 9622 9660 
27405 9636 9623 9611 9660 
27406 9645 9623 9636 9660 
27407 5561 9574 9653 9650 
27408 9650 9625 9635 9672 
27409 9585 9577 9583 9669 
27410 9641 9640 9629 9664 
27411 9629 9628 9616 9662 
27412 9616 9605 9597 9663 
27413 9643 9619 9633 9664 
27414 9639 9664 9632 9668 
27415 9628 9621 9615 9662 
27416 9642 9621 9631 9664 
27417 9639 9630 9627 9664 
27418 9594 9670 9589 9671 
27419 9640 9631 9628 9664 
27420 9590 9661 9584 9669 
27421 9618 9662 9617 9663 
27422 9583 9577 9579 9669 
27423 9623 9622 9601 9659 
27424 9635 9625 9660 9672 
27425 9606 9589 9594 9670 
27426 9591 9581 9582 9669 
27427 9589 9670 9580 9671 
27428 9651 9672 9650 9673 
27429 9637 9660 9625 9672 
27430 9651 9637 9625 9672 
27431 9638 9626 9637 9672 
27432 9596 9670 9595 9671 
27433 9652 9636 9626 9672 
27434 9630 9662 9627 9664 
27435 9627 9614 9619 9662 
27436 9630 9617 9618 9662 
27437 9607 9606 9599 9663 
27438 9641 9630 9639 9664 
27439 9643 9632 9619 9664 
27440 9628 9615 9616 9662 
27441 9632 9627 9619 9664 
27442 9629 9616 9617 9662 
27443 9642 9634 9621 9664 
27444 9634 9620 9608 9662 
27445 9644 9643 9633 9664 
27446 9637 9626 9612 9660 
27447 9641 9629 9630 9664 
27448 9639 9627 9632 9664 
27449 9621 9608 9615 9662 
27450 9633 9619 9662 9664 
27451 9634 9633 9662 9664 
27452 9623 9622 9659 9660 
27453 9658 9645 9636 9672 
27454 9636 9660 9626 9672 
27455 9645 9635 9660 9672 
27456 9636 9611 9626 9660 
27457 9657 9643 9644 9668 
27458 9649 9646 9632 9668 
27459 9645 9660 9636 9672 
27460 9651 9625 9650 9672 
27461 9630 9629 9617 9662 
27462 9644 9664 9642 9668 
27463 9585 9669 9578 9671 
27464 9641 9664 9639 9668 
27465 511 9654 9646 9665 
27466 9573 9665 9576 9667 
27467 9655 9654 9666 9668 
27468 9597 9588 9580 9670 
27469 9644 9633 9634 9664 
27470 9581 9578 9669 9671 
27471 9641 9640 9664 9668 
27472 9643 9632 9664 9668 
27473 9649 9665 9646 9668 
27474 9572 9655 9654 9666 
27475 9657 9649 9643 9668 
27476 9644 9643 9664 9668 
27477 510 9573 513 9667 
27478 513 9656 9648 9667 
27479 9656 9644 9642 9668 
27480 9656 9642 9648 9668 
27481 9649 9632 9643 9668 
27482 9657 9644 9656 9668 
27483 9648 9642 9631 9668 
27484 9655 9640 9641 9668 
27485 9575 9648 9647 9666 
27486 9654 9641 9639 9668 
27487 514 9657 9656 9667 
27488 9651 9638 9637 9672 
27489 9640 9628 9629 9664 
27490 9656 9648 9667 9668 
27491 9635 9625 9613 9660 
27492 9658 9672 9652 9673 
27493 5560 9652 9638 9673 
27494 241 9653 9658 9673 
27495 5561 9653 241 9673 
27496 9644 9634 9642 9664 
27497 510 9575 509 9666 
27498 9654 9665 9666 9668 
27499 9652 9626 9638 9672 
27500 9573 9576 512 9667 
27501 9652 9672 9638 9673 
27502 9653 9650 9635 9672 
27503 9637 9626 9660 9672 
27504 243 9651 9650 9673 
27505 5560 243 5561 9673 
27506 9653 9635 9645 9672 
27507 242 5561 241 9673 
27508 5561 243 9574 9650 
27509 5561 9574 241 9653 
27510 9658 9653 9645 9672 
27511 5561 9650 9653 9673 
27512 9648 9631 9647 9668 
27513 9642 9664 9631 9668 
27514 511 9576 9573 9665 
27515 9657 9667 9649 9668 
27516 509 9647 9655 9666 
27517 9653 9650 9672 9673 
27518 9647 9631 9640 9668 
27519 9612 9611 9603 9660 
27520 9572 9654 9665 9666 
27521 5561 243 9650 9673 
27522 9651 9638 9672 9673 
27523 242 241 9658 9673 
27524 242 9658 9652 9673 
27525 9646 9639 9632 9668 
27526 9658 9653 9672 9673 
27527 242 5560 5561 9673 
27528 9658 9636 9652 9672 
27529 9654 9639 9646 9668 
27530 9634 9608 9621 9662 
27531 510 513 9666 9667 
27532 512 9649 9657 9667 
27533 9655 9647 9640 9668 
27534 5560 9651 243 9673 
27535 510 509 9572 9666 
27536 510 511 9573 9665 
27537 9623 9659 9611 9660 
27538 5560 9638 9651 9673 
27539 511 9646 9576 9665 
27540 9586 9578 9581 9671 
27541 9594 9578 9586 9671 
27542 9588 9579 9580 9671 
27543 9657 9656 9667 9668 
27544 9640 9631 9664 9668 
27545 9596 9588 9670 9671 
27546 9619 9614 9607 9662 
27547 9588 9580 9670 9671 
27548 242 9652 5560 9673 
27549 510 513 9575 9666 
27550 514 513 9573 9667 
27551 9594 9589 9585 9671 
27552 9631 9621 9628 9664 
27553 9595 9586 9581 9671 
27554 9655 9641 9654 9668 
27555 9584 9583 9579 9669 
27556 9592 9582 9578 9669 
27557 9580 9579 9577 9671 
27558 9587 9584 9579 9669 
27559 9591 9590 9581 9669 
27560 510 9572 511 9665 
27561 9576 9665 9649 9667 
27562 9589 9577 9585 9671 
27563 510 9665 9573 9667 
27564 510 9666 9665 9667 
27565 9649 9667 9665 9668 
27566 9689 9682 9680 9688 
27567 9685 9684 9681 9761 
27568 9687 9680 9681 9761 
27569 9691 9689 9690 9762 
27570 9697 9683 9693 9761 
27571 9698 9691 9690 9762 
27572 9691 9690 9689 9680 
27573 9680 9688 9686 9689 
27574 9708 9707 9689 9762 
27575 9697 9682 9680 9761 
27576 9700 9699 9693 9763 
27577 9711 9763 9696 9764 
27578 9747 9728 9739 9719 
27579 9716 9687 9697 9686 
27580 9714 9764 9710 9765 
27581 9722 9712 9764 9765 
27582 9724 9704 9764 9765 
27583 9697 9693 9682 9761 
27584 9694 9683 9684 9763 
27585 9763 9695 9685 9701 
27586 9716 9686 9697 9762 
27587 9685 9681 9680 9761 
27588 9700 9693 9683 9763 
27589 9697 9688 9686 9680 
27590 9700 9683 9694 9763 
27591 9706 9697 9688 9762 
27592 9695 9679 9692 9761 
27593 9716 9698 9686 9762 
27594 9690 9686 9689 9680 
27595 9710 9703 9763 9764 
27596 9697 9680 9682 9688 
27597 9719 9708 9709 9698 
27598 9701 9763 9684 9685 
27599 9707 9706 9688 9762 
27600 9687 9681 9684 9761 
27601 9685 9680 9679 9761 
27602 9724 9764 9712 9765 
27603 9695 9685 9679 9761 
27604 9703 9702 9763 9764 
27605 9711 9700 9704 9696 
27606 9716 9697 9706 9762 
27607 9700 9694 9696 9763 
27608 9722 9713 9712 9765 
27609 9705 9696 9694 9763 
27610 9687 9686 9681 9680 
27611 517 9674 9756 9766 
27612 9699 9682 9693 9761 
27613 9699 9692 9682 9761 
27614 9727 9708 9717 9707 
27615 9702 9701 9695 9763 
27616 9685 9763 9684 9761 
27617 9689 9680 9682 9679 
27618 9750 9744 9734 9767 
27619 9724 9704 9696 9764 
27620 9712 9701 9702 9764 
27621 9701 9694 9684 9763 
27622 9699 9692 9761 9763 
27623 9711 9764 9704 9765 
27624 9724 9705 9712 9764 
27625 9709 9698 9708 9691 
27626 9750 9734 9749 9767 
27627 9722 9702 9703 9764 
27628 9714 9703 9710 9764 
27629 9733 9714 9730 9768 
27630 9720 9711 9715 9765 
27631 9717 9708 9698 9762 
27632 9708 9691 9698 9762 
27633 9717 9707 9708 9762 
27634 9762 9688 9686 9697 
27635 9697 9686 9687 9680 
27636 9719 9717 9708 9698 
27637 9761 9695 9685 9763 
27638 9697 9687 9683 9761 
27639 9705 9694 9701 9763 
27640 9727 9709 9719 9708 
27641 9727 9719 9717 9708 
27642 9703 9695 9692 9763 
27643 9720 9714 9710 9765 
27644 9703 9702 9695 9763 
27645 9757 9766 9749 9767 
27646 9737 9736 9765 9768 
27647 9711 9710 9764 9765 
27648 9711 9696 9704 9764 
27649 9684 9683 9761 9763 
27650 9762 9686 9689 9690 
27651 9715 9711 9704 9765 
27652 9711 9710 9699 9763 
27653 520 9675 518 9769 
27654 9674 515 9757 9766 
27655 9733 9732 9722 9768 
27656 9717 9706 9707 9762 
27657 9731 9721 9713 9768 
27658 9711 9699 9700 9763 
27659 9730 9714 9720 9765 
27660 9708 9689 9691 9762 
27661 9724 9712 9721 9765 
27662 9733 9722 9714 9768 
27663 517 9748 9678 9766 
27664 9678 9748 9751 9769 
27665 9736 9715 9724 9765 
27666 515 9675 9749 9766 
27667 9759 9751 9767 9769 
27668 9750 9767 9749 9769 
27669 9698 9690 9686 9762 
27670 9728 9747 9709 9719 
27671 9727 9719 9726 9717 
27672 9722 9703 9714 9764 
27673 9721 9712 9713 9765 
27674 9747 9726 9727 9719 
27675 9722 9712 9713 9702 
27676 9719 9747 9709 9727 
27677 9718 9747 9709 9729 
27678 9729 9747 9709 9728 
27679 9727 9747 9709 9718 
27680 9682 9679 9680 9761 
27681 9747 9728 9729 9770 
27682 9754 9728 9740 9770 
27683 9730 9720 9723 9765 
27684 9719 9716 9717 9698 
27685 9722 9765 9714 9768 
27686 9747 9727 9738 9718 
27687 9710 9703 9692 9763 
27688 9697 9680 9687 9761 
27689 9710 9692 9699 9763 
27690 9722 9764 9714 9765 
27691 9732 9731 9768 9771 
27692 9737 9736 9768 9771 
27693 9731 9725 9721 9768 
27694 9727 9718 9709 9708 
27695 9736 9723 9765 9768 
27696 9759 9767 9758 9769 
27697 9746 9736 9737 9771 
27698 9746 9737 9744 9771 
27699 9743 9732 9733 9771 
27700 9721 9765 9713 9768 
27701 9741 9730 9735 9771 
27702 9712 9705 9701 9764 
27703 9745 9735 9723 9771 
27704 9736 9723 9715 9765 
27705 9705 9763 9701 9764 
27706 9724 9696 9705 9764 
27707 9732 9713 9722 9768 
27708 9747 9739 9728 9770 
27709 9755 9738 9729 9770 
27710 9705 9696 9763 9764 
27711 9717 9698 9716 9762 
27712 9730 9768 9723 9771 
27713 9737 9721 9725 9768 
27714 9730 9765 9723 9768 
27715 9724 9715 9704 9765 
27716 9689 9688 9686 9762 
27717 9737 9724 9721 9765 
27718 9749 9734 9742 9767 
27719 9736 9723 9768 9771 
27720 9751 9748 9735 9767 
27721 9722 9713 9765 9768 
27722 9743 9733 9741 9771 
27723 9737 9768 9725 9771 
27724 9744 9734 9767 9771 
27725 9731 9725 9768 9771 
27726 9758 9744 9750 9767 
27727 9735 9730 9723 9771 
27728 9733 9768 9730 9771 
27729 9747 9738 9729 9718 
27730 9742 9731 9732 9771 
27731 9737 9765 9721 9768 
27732 9737 9736 9724 9765 
27733 9747 9739 9726 9719 
27734 9753 9740 9739 9770 
27735 9742 9734 9731 9771 
27736 9726 9717 9719 9716 
27737 9752 9747 9738 9770 
27738 9720 9710 9711 9765 
27739 9733 9732 9768 9771 
27740 5669 9753 252 9772 
27741 9754 9729 9728 9770 
27742 9755 9729 9754 9770 
27743 9743 9741 9767 9771 
27744 251 9754 5669 9772 
27745 5669 9754 9740 9772 
27746 251 9755 9754 9772 
27747 9730 9714 9765 9768 
27748 9756 9741 9748 9767 
27749 9723 9720 9715 9765 
27750 9754 9770 9740 9772 
27751 9717 9716 9706 9762 
27752 9751 9748 9767 9769 
27753 9748 9741 9735 9767 
27754 9743 9767 9742 9771 
27755 9757 9743 9756 9767 
27756 9741 9735 9767 9771 
27757 9707 9688 9689 9762 
27758 9744 9725 9734 9771 
27759 520 518 9759 9769 
27760 9756 9748 9766 9767 
27761 9746 9744 9767 9771 
27762 518 9678 9751 9769 
27763 516 9766 9678 9769 
27764 9759 9745 9746 9767 
27765 9749 9767 9766 9769 
27766 9674 9757 9756 9766 
27767 9751 9735 9745 9767 
27768 9675 9749 9766 9769 
27769 520 9758 519 9769 
27770 9678 9766 9748 9769 
27771 9759 9746 9758 9767 
27772 9757 9756 9766 9767 
27773 9747 9727 9726 9717 
27774 9746 9767 9745 9771 
27775 9748 9766 9767 9769 
27776 519 9758 9750 9769 
27777 9675 519 9750 9769 
27778 9757 9742 9743 9767 
27779 9711 9700 9696 9763 
27780 9742 9767 9734 9771 
27781 9757 9749 9742 9767 
27782 9693 9761 9683 9763 
27783 9675 9750 9677 9749 
27784 9675 9750 9749 9769 
27785 520 9759 9758 9769 
27786 9760 9770 9752 9772 
27787 5670 253 9752 9772 
27788 5670 9676 9755 9752 
27789 9760 9753 9770 9772 
27790 9760 9739 9747 9770 
27791 515 9675 9677 9749 
27792 9758 9767 9750 9769 
27793 9699 9761 9693 9763 
27794 9675 519 9677 9750 
27795 9741 9733 9730 9771 
27796 9702 9701 9763 9764 
27797 9758 9746 9744 9767 
27798 517 9756 9748 9766 
27799 9745 9723 9736 9771 
27800 516 517 9678 9766 
27801 516 9678 518 9769 
27802 9760 9753 9739 9770 
27803 9740 9728 9739 9770 
27804 9753 9740 9770 9772 
27805 9734 9725 9731 9771 
27806 5670 252 253 9772 
27807 5669 252 5670 9772 
27808 9722 9712 9702 9764 
27809 5670 9752 9755 9772 
27810 251 5670 9676 9755 
27811 251 5670 9755 9772 
27812 515 9749 9757 9766 
27813 9746 9745 9736 9771 
27814 516 9675 515 9766 
27815 9695 9761 9692 9763 
27816 9755 9752 9738 9770 
27817 9756 9743 9741 9767 
27818 516 9674 517 9766 
27819 252 9760 253 9772 
27820 9732 9731 9713 9768 
27821 9745 9767 9735 9771 
27822 252 9753 9760 9772 
27823 9760 9747 9752 9770 
27824 5670 253 9676 9752 
27825 9724 9721 9712 9705 
27826 9755 9752 9770 9772 
27827 251 5669 5670 9772 
27828 9744 9737 9725 9771 
27829 253 9760 9752 9772 
27830 9747 9729 9738 9770 
27831 9759 9751 9745 9767 
27832 5669 9740 9753 9772 
27833 9743 9742 9732 9771 
27834 516 9675 9766 9769 
27835 520 519 9675 9769 
27836 516 518 9675 9769 
27837 516 515 9674 9766 
27838 518 9751 9759 9769 
27839 9711 9710 9763 9764 
27840 9692 9679 9682 9761 
27841 9755 9770 9754 9772 
27842 9690 9681 9686 9680 
27843 9687 9684 9683 9761 
27844 9856 9857 9858 9859 
27845 9854 9853 9859 9860 
27846 9838 9836 9859 9860 
27847 9854 9846 9840 9860 
27848 9836 9829 9859 9860 
27849 9846 9829 9840 9860 
27850 9859 9858 9843 9861 
27851 9795 9789 9784 9862 
27852 9779 9786 9782 9783 
27853 9797 9780 9794 9862 
27854 9798 9794 9862 9863 
27855 9797 9862 9794 9863 
27856 9787 9786 9785 9793 
27857 9856 9843 9858 9777 
27858 9786 9785 9793 9792 
27859 9792 9786 9781 9779 
27860 9794 9781 9788 9862 
27861 9788 9781 9782 9862 
27862 9791 9785 9787 9784 
27863 9804 9795 9796 9862 
27864 9797 9796 9862 9863 
27865 9795 9784 9783 9862 
27866 9784 9782 9783 9862 
27867 525 9856 9857 9858 
27868 9787 9785 9786 9784 
27869 9791 9793 9785 9800 
27870 9804 9789 9795 9862 
27871 9789 9788 9782 9862 
27872 9820 9810 9802 9801 
27873 9793 9785 9800 9801 
27874 9821 9809 9820 9802 
27875 9783 9779 9780 9862 
27876 9793 9787 9791 9785 
27877 9803 9797 9794 9863 
27878 9817 9798 9799 9863 
27879 9803 9794 9798 9863 
27880 9794 9780 9779 9862 
27881 9815 9797 9806 9863 
27882 9799 9798 9788 9862 
27883 9801 9792 9793 9785 
27884 9783 9782 9779 9862 
27885 9815 9805 9796 9863 
27886 9799 9788 9789 9862 
27887 9792 9786 9785 9778 
27888 9804 9862 9796 9863 
27889 9797 9796 9790 9862 
27890 9814 9804 9805 9863 
27891 9821 9809 9802 9793 
27892 9804 9799 9862 9863 
27893 9798 9794 9788 9862 
27894 9787 9784 9786 9783 
27895 9820 9801 9802 9800 
27896 9774 525 9857 9858 
27897 9820 9809 9819 9800 
27898 522 9774 9857 9858 
27899 9817 9799 9808 9863 
27900 9841 9830 9864 9860 
27901 9838 9860 9837 9864 
27902 9817 9807 9798 9863 
27903 9815 9796 9797 9863 
27904 9830 9816 9807 9864 
27905 9817 9808 9814 9863 
27906 9817 9807 9814 9864 
27907 9814 9808 9804 9863 
27908 9808 9799 9804 9863 
27909 9863 9814 9806 9805 
27910 9831 9814 9818 9864 
27911 9799 9798 9862 9863 
27912 9807 9813 9814 9864 
27913 9807 9803 9798 9863 
27914 9813 9806 9803 9863 
27915 9805 9814 9806 9864 
27916 9827 9806 9824 9864 
27917 9802 9793 9801 9792 
27918 9842 9819 9820 9865 
27919 9842 9832 9819 9865 
27920 9834 9811 9821 9865 
27921 9805 9804 9796 9863 
27922 9821 9810 9820 9865 
27923 9833 9820 9810 9865 
27924 9842 9820 9833 9865 
27925 9789 9782 9784 9862 
27926 9823 9810 9811 9865 
27927 9821 9810 9811 9802 
27928 9809 9800 9793 9791 
27929 9821 9819 9820 9809 
27930 9847 9822 9832 9866 
27931 9806 9813 9814 9863 
27932 9826 9825 9805 9864 
27933 9825 9818 9814 9864 
27934 9785 9786 9782 9778 
27935 9828 9818 9825 9864 
27936 9860 9830 9864 9816 
27937 9839 9818 9828 9864 
27938 9838 9836 9860 9864 
27939 9821 9820 9810 9802 
27940 9796 9795 9790 9862 
27941 9815 9806 9805 9863 
27942 9815 9805 9806 9864 
27943 9854 9840 9841 9860 
27944 9806 9797 9803 9863 
27945 9809 9791 9793 9787 
27946 9836 9824 9829 9860 
27947 9820 9802 9809 9800 
27948 9831 9830 9817 9864 
27949 522 9857 9861 9858 
27950 9833 9810 9823 9865 
27951 9827 9826 9815 9864 
27952 9831 9818 9814 9808 
27953 9863 9813 9814 9807 
27954 9832 9822 9812 9865 
27955 522 9861 9777 9858 
27956 9834 9821 9822 9865 
27957 526 524 9854 9856 
27958 9822 9821 9812 9865 
27959 9834 9865 9822 9866 
27960 9835 9823 9834 9866 
27961 9834 9823 9865 9866 
27962 9848 9835 9834 9866 
27963 9842 9832 9865 9866 
27964 524 9777 9846 9856 
27965 9832 9822 9865 9866 
27966 9825 9814 9805 9864 
27967 9834 9823 9811 9865 
27968 9824 9806 9813 9864 
27969 9837 9860 9828 9864 
27970 9824 9813 9816 9864 
27971 9845 9828 9844 9860 
27972 9830 9840 9860 9841 
27973 9777 9843 9846 9856 
27974 9829 9824 9816 9860 
27975 9821 9819 9812 9865 
27976 9844 9837 9859 9860 
27977 9839 9828 9860 9864 
27978 9827 9815 9806 9864 
27979 9832 9812 9819 9865 
27980 9838 9837 9826 9864 
27981 9821 9812 9819 9809 
27982 9846 9859 9829 9860 
27983 9853 9839 9845 9860 
27984 9852 9844 9837 9859 
27985 526 9853 525 9856 
27986 9841 9831 9839 9864 
27987 9821 9820 9819 9865 
27988 522 9777 9774 9858 
27989 522 9773 523 9861 
27990 9846 9856 9843 9859 
27991 9839 9831 9818 9864 
27992 9833 9865 9823 9866 
27993 5668 9847 9850 9867 
27994 9855 9866 9849 9867 
27995 9850 9832 9842 9866 
27996 523 9773 9851 9861 
27997 9855 9833 9849 9866 
27998 9850 9847 9832 9866 
27999 9855 9850 9842 9866 
28000 9855 9842 9833 9866 
28001 9849 9823 9835 9866 
28002 523 9843 9777 9861 
28003 9816 9840 9860 9830 
28004 9852 9838 9851 9859 
28005 9773 521 9852 9861 
28006 9851 9843 9861 9859 
28007 9774 9777 524 9858 
28008 9843 9858 9777 9861 
28009 523 9851 9843 9861 
28010 9856 9859 9858 9843 
28011 9841 9830 9831 9864 
28012 521 9844 9861 9857 
28013 9843 9836 9829 9859 
28014 9851 9838 9836 9859 
28015 9813 9803 9807 9863 
28016 9778 9786 9782 9781 
28017 9836 9827 9824 9864 
28018 9852 9861 9844 9859 
28019 9853 9857 9856 9859 
28020 5667 9848 250 9867 
28021 5667 249 9849 9867 
28022 9773 9852 9851 9861 
28023 5667 9849 9835 9867 
28024 9863 9807 9814 9817 
28025 522 9774 9776 9857 
28026 9853 9841 9839 9860 
28027 9776 9845 9844 9857 
28028 525 9856 9853 9857 
28029 250 9848 9847 9867 
28030 9821 9811 9810 9865 
28031 9848 9835 9866 9867 
28032 9845 9844 9859 9860 
28033 9831 9817 9814 9864 
28034 9816 9813 9807 9864 
28035 522 9776 521 9857 
28036 9854 9841 9853 9860 
28037 9836 9824 9860 9864 
28038 9844 9861 9857 9859 
28039 9845 9844 9857 9859 
28040 526 9854 9853 9856 
28041 9845 9839 9828 9860 
28042 9854 9853 9856 9859 
28043 9846 9843 9829 9859 
28044 9848 9822 9847 9866 
28045 9849 9866 9835 9867 
28046 249 248 9855 9867 
28047 9848 9866 9847 9867 
28048 249 9855 9849 9867 
28049 9842 9865 9833 9866 
28050 9855 9850 9866 9867 
28051 5668 9850 248 9867 
28052 522 521 9861 9857 
28053 9857 9858 9859 9861 
28054 9854 9856 9846 9859 
28055 9774 525 9776 9857 
28056 9831 9814 9817 9808 
28057 9851 9836 9843 9859 
28058 524 9777 9856 9858 
28059 522 523 9777 9861 
28060 525 9853 9845 9857 
28061 9864 9813 9814 9806 
28062 248 9850 9855 9867 
28063 5668 250 9847 9867 
28064 9853 9845 9859 9860 
28065 9838 9859 9837 9860 
28066 9837 9828 9825 9864 
28067 9826 9805 9815 9864 
28068 526 525 9774 9858 
28069 9850 9847 9866 9867 
28070 9837 9825 9826 9864 
28071 522 521 9773 9861 
28072 5668 248 249 9867 
28073 9848 9834 9822 9866 
28074 5667 9835 9848 9867 
28075 9841 9839 9860 9864 
28076 5668 250 9775 9847 
28077 9852 9837 9838 9859 
28078 9854 9859 9846 9860 
28079 526 524 9856 9858 
28080 9849 9833 9823 9866 
28081 524 9846 9854 9856 
28082 521 9776 9844 9857 
28083 9797 9790 9780 9862 
28084 9838 9826 9827 9864 
28085 521 9844 9852 9861 
28086 9830 9807 9817 9864 
28087 9838 9827 9836 9864 
28088 5668 9775 248 9850 
28089 5668 9775 9850 9847 
28090 9801 9792 9785 9778 
28091 9852 9851 9861 9859 
28092 9783 9786 9782 9784 
28093 9792 9781 9786 9778 
28094 9844 9828 9837 9860 
28095 9795 9783 9790 9862 
28096 9782 9781 9779 9862 
28097 9853 9845 9857 9859 
28098 9784 9786 9782 9785 
28099 525 9845 9776 9857 
28100 9794 9779 9781 9862 
28101 5667 5668 249 9867 
28102 526 9856 525 9858 
28103 9790 9783 9780 9862 
28104 9804 9799 9789 9862 
28105 9781 9786 9782 9779 
28106 9824 9816 9860 9864 
28107 9802 9800 9801 9793 
28108 9809 9800 9802 9793 
28109 9840 9829 9816 9860 
28110 526 9774 524 9858 
28111 5667 250 5668 9867 
28112 9888 9881 9882 9952 
28113 9878 9875 9874 9953 
28114 9917 9898 9916 9954 
28115 9881 9879 9874 9952 
28116 9890 9887 9876 9952 
28117 9900 9888 9889 9883 
28118 9892 9884 9877 9953 
28119 9887 9879 9876 9952 
28120 9883 9882 9875 9952 
28121 9884 9880 9877 9953 
28122 9875 9952 9874 9953 
28123 9886 9873 9879 9953 
28124 9895 9886 9879 9953 
28125 9890 9880 9887 9952 
28126 9891 9953 9884 9955 
28127 9887 9952 9880 9953 
28128 9889 9883 9882 9875 
28129 9892 9953 9885 9955 
28130 9878 9874 9873 9953 
28131 9902 9895 9891 9955 
28132 9895 9887 9891 9953 
28133 9899 9882 9888 9881 
28134 9904 9895 9902 9955 
28135 9900 9888 9898 9954 
28136 9917 9908 9900 9954 
28137 9890 9888 9883 9952 
28138 9897 9884 9892 9955 
28139 9897 9896 9955 9956 
28140 9904 9886 9895 9955 
28141 9899 9888 9882 9954 
28142 9900 9890 9898 9888 
28143 9887 9879 9952 9953 
28144 9886 9885 9873 9953 
28145 9895 9879 9887 9953 
28146 9895 9953 9891 9955 
28147 9917 9907 9908 9954 
28148 9903 9892 9893 9955 
28149 9885 9878 9873 9953 
28150 9904 9894 9886 9955 
28151 9903 9955 9893 9956 
28152 9912 9911 9894 9956 
28153 9892 9878 9885 9953 
28154 9891 9880 9884 9953 
28155 9914 9905 9896 9956 
28156 9894 9885 9886 9955 
28157 9904 9894 9955 9956 
28158 9916 9899 9907 9954 
28159 9897 9896 9884 9955 
28160 9888 9882 9883 9952 
28161 9896 9891 9884 9955 
28162 9903 9897 9892 9955 
28163 9905 9902 9896 9956 
28164 9892 9884 9953 9955 
28165 9889 9882 9888 9954 
28166 9908 9901 9889 9954 
28167 9916 9888 9899 9954 
28168 9918 9908 9907 9901 
28169 9890 9877 9880 9952 
28170 9900 9889 9888 9954 
28171 9909 9904 9902 9956 
28172 9906 9897 9903 9956 
28173 9911 9910 9893 9956 
28174 9908 9907 9901 9954 
28175 9926 9913 9905 9956 
28176 9901 9882 9889 9954 
28177 9877 9952 9875 9953 
28178 9894 9893 9885 9955 
28179 9927 9926 9914 9956 
28180 9912 9904 9909 9956 
28181 9886 9885 9953 9955 
28182 9913 9909 9905 9956 
28183 9926 9905 9914 9956 
28184 9912 9894 9904 9956 
28185 9894 9893 9955 9956 
28186 9917 9916 9907 9954 
28187 9923 9911 9912 9956 
28188 9879 9873 9874 9953 
28189 9889 9883 9888 9882 
28190 9938 9918 9929 9957 
28191 5783 9945 9931 9958 
28192 9951 9944 9928 9957 
28193 9951 9928 9938 9957 
28194 9945 9918 9931 9957 
28195 9879 9874 9952 9953 
28196 9910 9906 9903 9956 
28197 9914 9897 9906 9956 
28198 9902 9955 9896 9956 
28199 9938 9929 9917 9916 
28200 9921 9915 9956 9959 
28201 9930 9917 9918 9908 
28202 9893 9892 9885 9955 
28203 9924 9915 9921 9959 
28204 9935 9927 9915 9959 
28205 9935 9915 9924 9959 
28206 9927 9914 9906 9956 
28207 9923 9922 9911 9956 
28208 9926 9913 9956 9959 
28209 9922 9921 9910 9956 
28210 9927 9906 9915 9956 
28211 9914 9896 9897 9956 
28212 9934 9933 9922 9959 
28213 9878 9877 9875 9953 
28214 9936 9913 9926 9959 
28215 9907 9899 9901 9954 
28216 9910 9903 9893 9956 
28217 9920 9956 9913 9959 
28218 9920 9909 9913 9956 
28219 9916 9898 9888 9954 
28220 9921 9915 9910 9956 
28221 9909 9902 9905 9956 
28222 9919 9918 9907 9901 
28223 528 530 9869 9960 
28224 9938 9918 9930 9917 
28225 9923 9922 9956 9959 
28226 9892 9877 9878 9953 
28227 9915 9906 9910 9956 
28228 9929 9919 9918 9907 
28229 9922 9910 9911 9956 
28230 9937 9926 9927 9959 
28231 9932 9923 9920 9959 
28232 9932 9959 9925 9961 
28233 9949 9937 9935 9961 
28234 9908 9889 9900 9954 
28235 9939 9932 9925 9961 
28236 9937 9927 9935 9959 
28237 9936 9925 9913 9959 
28238 9927 9956 9915 9959 
28239 9888 9876 9881 9952 
28240 9933 9921 9922 9959 
28241 9948 9940 9933 9961 
28242 9933 9924 9921 9959 
28243 9935 9959 9924 9961 
28244 9883 9875 9877 9952 
28245 9882 9881 9874 9952 
28246 532 530 9950 9960 
28247 9934 9923 9932 9959 
28248 9938 9930 9928 9917 
28249 9903 9897 9955 9956 
28250 9871 9940 9962 9963 
28251 9937 9936 9926 9959 
28252 9944 9931 9957 9958 
28253 9929 9918 9917 9907 
28254 9938 9929 9918 9917 
28255 9931 9918 9930 9957 
28256 9929 9917 9916 9907 
28257 531 9941 9871 9963 
28258 9938 9930 9918 9957 
28259 9938 9928 9930 9957 
28260 9951 9957 9943 9958 
28261 9937 9959 9935 9961 
28262 9934 9959 9932 9961 
28263 9923 9912 9920 9956 
28264 259 9946 9945 9958 
28265 9949 9961 9941 9963 
28266 9920 9912 9909 9956 
28267 9942 9939 9925 9961 
28268 531 9960 9949 9963 
28269 9960 9939 9962 528 
28270 9868 527 9948 9962 
28271 9881 9876 9879 9952 
28272 529 9868 9947 9962 
28273 9947 9934 9932 9961 
28274 9904 9955 9902 9956 
28275 9942 9960 9939 9961 
28276 9950 9949 9960 9961 
28277 9927 9926 9956 9959 
28278 9949 9935 9941 9961 
28279 9960 9962 9961 9963 
28280 528 9869 527 9962 
28281 9942 9925 9936 9961 
28282 9940 9961 9962 9963 
28283 9869 9871 9962 9963 
28284 9951 9944 9957 9958 
28285 9934 9933 9959 9961 
28286 9939 9961 9960 9962 
28287 9872 9939 9942 9960 
28288 9868 9948 9947 9962 
28289 529 9947 9939 9962 
28290 9948 9934 9947 9961 
28291 9933 9924 9959 9961 
28292 9932 9920 9925 9959 
28293 9950 9937 9949 9961 
28294 9940 9924 9933 9961 
28295 531 9949 9941 9963 
28296 9948 9933 9934 9961 
28297 9869 9962 9960 9963 
28298 9869 9960 531 9963 
28299 9911 9893 9894 9956 
28300 9925 9920 9913 9959 
28301 9895 9886 9953 9955 
28302 9941 9935 9924 9961 
28303 9941 9924 9940 9961 
28304 9941 9961 9940 9963 
28305 9922 9921 9956 9959 
28306 9948 9961 9947 9962 
28307 532 9950 9949 9960 
28308 9871 9941 9940 9963 
28309 9943 9958 5784 261 
28310 9943 9938 9929 9957 
28311 5784 9870 9946 9943 
28312 9958 9951 261 9943 
28313 261 9958 5784 260 
28314 5784 261 9870 9943 
28315 260 9944 9951 9958 
28316 9944 9931 9930 9957 
28317 9869 531 9871 9963 
28318 527 9871 9940 9962 
28319 528 9960 9869 9962 
28320 9948 9940 9961 9962 
28321 9901 9899 9882 9954 
28322 528 9872 530 9960 
28323 528 9939 9962 529 
28324 9950 9942 9936 9961 
28325 9949 9960 9961 9963 
28326 5784 9943 9946 9958 
28327 259 5784 9870 9946 
28328 5783 9931 9944 9958 
28329 527 9940 9948 9962 
28330 527 9869 9871 9962 
28331 529 9872 528 9939 
28332 9923 9956 9920 9959 
28333 528 527 9868 9962 
28334 9945 9919 9918 9957 
28335 9950 9936 9937 9961 
28336 9939 9872 528 9960 
28337 528 9868 529 9962 
28338 9902 9891 9896 9955 
28339 9947 9932 9939 9961 
28340 259 5784 9946 9958 
28341 9918 9908 9917 9907 
28342 5783 9944 260 9958 
28343 5783 260 5784 9958 
28344 259 9945 5783 9958 
28345 9945 9957 9931 9958 
28346 9880 9952 9877 9953 
28347 259 5783 5784 9958 
28348 9946 9919 9945 9957 
28349 9946 9943 9957 9958 
28350 9946 9957 9945 9958 
28351 9929 9918 9919 9957 
28352 9951 9938 9943 9957 
28353 260 9951 261 9958 
28354 9936 9925 9959 9961 
28355 532 531 9869 9960 
28356 9934 9922 9923 9959 
28357 532 9949 531 9960 
28358 530 9942 9950 9960 
28359 9946 9943 9929 9957 
28360 9882 9874 9875 9952 
28361 9891 9887 9880 9953 
28362 9890 9883 9877 9952 
28363 9950 9960 9942 9961 
28364 9900 9890 9888 9883 
28365 9917 9900 9898 9954 
28366 9890 9876 9888 9952 
28367 9937 9936 9959 9961 
28368 532 9869 530 9960 
28369 9944 9930 9928 9957 
28370 530 9872 9942 9960 
28371 9947 9961 9939 9962 
28372 9946 9929 9919 9957 
28373 9964 10049 10044 10050 
28374 9973 9972 10051 10052 
28375 10046 10038 10049 10053 
28376 537 10038 9967 10049 
28377 534 10049 9964 10050 
28378 533 9967 10037 10049 
28379 10013 9992 10000 10054 
28380 10001 9993 9994 10054 
28381 9987 9979 9973 10051 
28382 9972 9969 10051 10052 
28383 9977 9972 9973 10052 
28384 9985 9984 9976 10055 
28385 9970 10051 9969 10052 
28386 9986 9970 9971 10051 
28387 9982 9977 9973 10052 
28388 9992 9982 9983 10055 
28389 9980 9972 9969 10051 
28390 9990 9986 9978 10056 
28391 9981 9980 9969 10051 
28392 9995 10056 9988 10057 
28393 9986 9981 10051 10056 
28394 9981 9980 10051 10056 
28395 9995 9991 9979 10056 
28396 9981 9969 9970 10051 
28397 9978 9971 9974 10051 
28398 9983 10052 9975 10055 
28399 9977 9976 10052 10055 
28400 9996 9989 10056 10057 
28401 9976 9969 9972 10052 
28402 9979 9978 10051 10056 
28403 9987 10051 9980 10056 
28404 10010 9990 9991 10057 
28405 9996 9981 9986 10056 
28406 9986 10051 9978 10056 
28407 9986 9971 9978 10051 
28408 9983 9982 9974 10052 
28409 9989 9988 9980 10056 
28410 10000 9992 9983 10055 
28411 10007 9988 9989 10057 
28412 9997 9996 9990 10057 
28413 9984 9975 9971 10052 
28414 9999 9985 9977 10055 
28415 9979 9978 9974 10051 
28416 10000 9975 9984 10055 
28417 9983 9982 10052 10055 
28418 9984 10052 9976 10055 
28419 10010 9991 9998 10057 
28420 9971 10051 9970 10052 
28421 9991 9990 9978 10056 
28422 9999 10054 9985 10055 
28423 9999 9982 9992 10055 
28424 10014 9994 9985 10054 
28425 10014 9985 9999 10054 
28426 10010 9998 10004 10057 
28427 10007 10006 9988 10057 
28428 10005 9998 9995 10057 
28429 9975 9974 9971 10052 
28430 10019 10018 10006 10005 
28431 10057 10005 10004 10006 
28432 10006 10005 9995 10057 
28433 10007 10004 10006 10057 
28434 10010 10024 10004 9998 
28435 10007 10019 10004 10020 
28436 10006 10019 10004 10007 
28437 9977 9976 9972 10052 
28438 9989 9980 9981 10056 
28439 10001 10000 9993 10054 
28440 9989 9988 10056 10057 
28441 10020 10008 10017 10004 
28442 9996 9986 9990 10056 
28443 9996 10056 9990 10057 
28444 10004 9996 9997 10057 
28445 10023 10004 10009 9997 
28446 9998 10005 10004 10057 
28447 10008 9996 10004 10057 
28448 10024 10011 10005 9998 
28449 10010 10004 9997 10057 
28450 10008 9989 9996 10057 
28451 10014 10002 9994 10054 
28452 9995 9987 9988 10056 
28453 9987 9973 9972 10051 
28454 10014 10054 10003 10058 
28455 10012 10003 10054 10058 
28456 10035 10012 10013 10058 
28457 10015 10014 10003 10058 
28458 9991 9990 10056 10057 
28459 9987 9972 9980 10051 
28460 10013 10000 10001 10054 
28461 9995 9979 9987 10056 
28462 9994 9993 9985 10054 
28463 10002 10001 10054 10058 
28464 10010 9997 9990 10057 
28465 9993 9984 9985 10055 
28466 10026 10013 10001 10058 
28467 10023 10010 10004 9997 
28468 10044 10050 10049 10053 
28469 10000 10054 9992 10055 
28470 10013 10054 10001 10058 
28471 10035 10025 10012 10058 
28472 10016 10001 10002 10058 
28473 10035 10013 10026 10058 
28474 5782 9966 10043 10040 
28475 10040 10015 10025 10059 
28476 10000 9983 9975 10055 
28477 10032 10011 10021 10060 
28478 10011 10024 10019 10060 
28479 10034 10053 10033 10060 
28480 10006 10005 10004 10019 
28481 9982 9973 9974 10052 
28482 10008 10004 10007 10057 
28483 10023 10017 10009 10004 
28484 9982 9977 10052 10055 
28485 9993 9985 10054 10055 
28486 9995 9991 10056 10057 
28487 10005 10024 10019 10011 
28488 9974 10051 9971 10052 
28489 9998 9991 9995 10057 
28490 10031 10029 10053 10060 
28491 10013 10012 9992 10054 
28492 10025 10015 10003 10058 
28493 10014 10002 10054 10058 
28494 10025 10003 10012 10058 
28495 10025 10015 10058 10059 
28496 10041 10059 10040 10061 
28497 10027 10058 10015 10059 
28498 10027 10014 10015 10058 
28499 10041 10027 10015 10059 
28500 10028 10016 10027 10059 
28501 10023 10024 10004 10010 
28502 10012 10003 9999 10054 
28503 10017 10023 10020 10004 
28504 10006 9995 9988 10057 
28505 10020 10007 10008 10004 
28506 10031 10020 10029 10060 
28507 10060 10023 10020 10017 
28508 9984 9971 9970 10052 
28509 10034 10032 10053 10060 
28510 10000 9993 10054 10055 
28511 10031 10030 10019 10060 
28512 10029 10022 10053 10060 
28513 10033 10017 10022 10009 
28514 10008 10007 9989 10057 
28515 10033 10053 10022 10060 
28516 9983 9974 9975 10052 
28517 10031 10019 10020 10060 
28518 10034 10023 10024 10060 
28519 10034 10033 10023 10060 
28520 10029 10017 10022 10060 
28521 10033 10017 10023 10060 
28522 10031 10053 10030 10060 
28523 10019 10024 10020 10060 
28524 10045 10037 10030 10053 
28525 10030 10053 10021 10060 
28526 10033 10022 10017 10060 
28527 10012 9999 9992 10054 
28528 10004 10024 10020 10019 
28529 9999 9992 10054 10055 
28530 10019 10005 10004 10024 
28531 9988 9987 9980 10056 
28532 10048 10035 10026 10059 
28533 10035 10025 10058 10059 
28534 10039 10036 10022 10053 
28535 10032 10024 10011 10060 
28536 10045 10031 10044 10053 
28537 10034 10024 10032 10060 
28538 10041 10028 10059 10061 
28539 10035 10058 10026 10059 
28540 537 10046 10038 10049 
28541 10043 10040 10059 10061 
28542 10044 10036 10050 10053 
28543 9968 10036 10039 10050 
28544 10039 10050 10036 10053 
28545 535 10044 10036 10050 
28546 10044 10029 10036 10053 
28547 10037 10021 10030 10053 
28548 10046 10032 10038 10053 
28549 5782 258 10040 10061 
28550 9996 9989 9981 10056 
28551 10030 10021 10018 10060 
28552 10046 10034 10032 10053 
28553 10019 10011 10018 10005 
28554 9984 9970 9976 10052 
28555 5781 10041 258 10061 
28556 5781 10028 10041 10061 
28557 257 10042 5781 10061 
28558 9964 10045 10044 10049 
28559 10047 10039 10033 10053 
28560 10046 10049 10050 10053 
28561 536 9968 10039 10050 
28562 9967 10038 10037 10049 
28563 9965 537 10049 10050 
28564 10038 10021 10037 10053 
28565 535 10036 9968 10050 
28566 10021 10011 10018 10060 
28567 10032 10021 10053 10060 
28568 10047 10034 10046 10053 
28569 10030 10018 10019 10060 
28570 10038 10032 10021 10053 
28571 10019 10018 10011 10060 
28572 10029 10020 10017 10060 
28573 538 10047 10046 10050 
28574 534 9965 10049 10050 
28575 10060 10024 10020 10023 
28576 10038 10037 10049 10053 
28577 538 536 10047 10050 
28578 9986 9981 9970 10051 
28579 535 9964 10044 10050 
28580 10042 10059 10028 10061 
28581 10048 10059 10042 10061 
28582 256 10043 10048 10061 
28583 5782 10043 256 10061 
28584 537 10046 10049 10050 
28585 10045 10049 10037 10053 
28586 9965 537 9967 10049 
28587 10048 10026 10042 10059 
28588 10039 10022 10033 10053 
28589 9965 9968 536 10050 
28590 534 535 9968 10050 
28591 534 9968 9965 10050 
28592 10044 10031 10029 10053 
28593 538 10046 537 10050 
28594 9984 9975 10052 10055 
28595 10024 10005 10004 9998 
28596 10027 10016 10002 10058 
28597 10043 10040 10025 10059 
28598 10027 10002 10014 10058 
28599 258 10041 10040 10061 
28600 5781 258 5782 10061 
28601 5781 10042 10028 10061 
28602 10043 10025 10035 10059 
28603 257 5782 256 10061 
28604 5782 258 9966 10040 
28605 5782 9966 256 10043 
28606 5782 10040 10043 10061 
28607 10047 10046 10050 10053 
28608 9964 533 10045 10049 
28609 9979 9974 9973 10051 
28610 534 533 9964 10049 
28611 10026 10058 10016 10059 
28612 10013 10012 10054 10058 
28613 10002 10001 9994 10054 
28614 534 9964 535 10050 
28615 538 9965 536 10050 
28616 10014 9999 10003 10054 
28617 10048 10043 10035 10059 
28618 257 256 10048 10061 
28619 10026 10001 10016 10058 
28620 257 5781 5782 10061 
28621 10027 10016 10058 10059 
28622 10036 10029 10022 10053 
28623 10048 10043 10059 10061 
28624 10041 10015 10040 10059 
28625 10042 10016 10028 10059 
28626 10041 10028 10027 10059 
28627 10033 10023 10017 10009 
28628 10042 10026 10016 10059 
28629 536 10039 10047 10050 
28630 534 9965 9967 10049 
28631 10045 10044 10049 10053 
28632 10047 10033 10034 10053 
28633 533 10037 10045 10049 
28634 10045 10030 10031 10053 
28635 9999 9977 9982 10055 
28636 10047 10050 10039 10053 
28637 538 537 9965 10050 
28638 9991 9978 9979 10056 
28639 9985 9976 9977 10055 
28640 534 9967 533 10049 
28641 9987 9979 10051 10056 
28642 9976 9970 9969 10052 
28643 9974 9973 10051 10052 
28644 257 10048 10042 10061 
28645 10023 10024 10020 10004 
28646 10000 9984 9993 10055 
44127 15755 15744 15754 15765 
44128 15754 15744 15743 15765 
44129 15764 15766 15760 15767 
44130 15689 15761 15760 15766 
44131 15688 15690 15689 15766 
44132 15688 852 15690 15766 
44133 15695 15694 15707 15768 
44134 15768 15700 15696 15693 
44135 15700 15699 15695 15768 
44136 15708 15707 15695 15694 
44137 15700 15714 15769 15693 
44138 15699 15700 15696 15768 
44139 15704 15702 15698 15768 
44140 15704 15698 15692 15768 
44141 15710 15697 15696 15769 
44142 15713 15712 15699 15769 
44143 15769 15693 15696 15700 
44144 15714 15701 15697 15693 
44145 15705 15702 15704 15768 
44146 15725 15713 15714 15770 
44147 15724 15723 15712 15770 
44148 15700 15707 15693 15768 
44149 15705 15719 15702 15694 
44150 15703 15717 15702 15716 
44151 15715 15714 15701 15770 
44152 15724 15712 15713 15770 
44153 15712 15710 15696 15769 
44154 15717 15704 15705 15702 
44155 15734 15715 15701 15770 
44156 15699 15696 15698 15768 
44157 15709 15702 15708 15695 
44158 15706 15703 15709 15728 
44159 15713 15699 15700 15769 
44160 15702 15695 15699 15768 
44161 15718 15716 15717 15703 
44162 15722 15721 15709 15703 
44163 15703 15717 15706 15702 
44164 15706 15719 15709 15702 
44165 15728 15718 15717 15703 
44166 15713 15712 15769 15770 
44167 15721 15709 15720 15708 
44168 15720 15728 15709 15721 
44169 15728 15717 15706 15703 
44170 15714 15713 15700 15769 
44171 15736 15723 15724 15770 
44172 15737 15736 15724 15770 
44173 15712 15696 15699 15769 
44174 15714 15769 15697 15770 
44175 15737 15724 15725 15770 
44176 15725 15714 15715 15770 
44177 15697 15693 15696 15769 
44178 15714 15697 15701 15770 
44179 15711 15701 15697 15770 
44180 15725 15724 15713 15770 
44181 15702 15694 15695 15768 
44182 15733 15725 15715 15770 
44183 15705 15704 15692 15768 
44184 15714 15713 15769 15770 
44185 15717 15705 15706 15702 
44186 15711 15697 15710 15770 
44187 15709 15706 15728 15719 
44188 15717 15716 15704 15702 
44189 15702 15703 15709 15706 
44190 15747 15746 15736 15771 
44191 15759 496 15772 15758 
44192 15753 15772 15742 15759 
44193 15729 15721 15728 15720 
44194 15723 15710 15712 15770 
44195 15742 15759 15740 15741 
44196 15735 15734 15711 15770 
44197 15712 15710 15769 15770 
44198 15728 15721 15726 15703 
44199 15730 15721 15729 15720 
44200 15769 15700 15696 15699 
44201 15712 15698 15699 15696 
44202 15759 15750 15758 15748 
44203 15721 15729 15738 15730 
44204 15726 15738 15731 15721 
44205 15705 15692 15693 15768 
44206 15738 15721 15726 15728 
44207 15719 15702 15694 15708 
44208 15719 15705 15702 15706 
44209 15736 15735 15723 15770 
44210 9284 15772 15742 15753 
44211 15731 15722 15726 15721 
44212 852 15763 15691 15766 
44213 15738 15731 15721 15730 
44214 15712 15710 15698 15696 
44215 15737 15736 15734 15771 
44216 15736 15734 15735 15770 
44217 15737 15734 15733 15771 
44218 15728 15726 15718 15703 
44219 15737 15734 15736 15770 
44220 15728 15729 15738 15721 
44221 15755 15747 15744 15765 
44222 15746 15735 15736 15771 
44223 15720 15709 15719 15708 
44224 15719 15728 15709 15720 
44225 15735 15711 15723 15770 
44226 15723 15711 15710 15770 
44227 15737 15733 15734 15770 
44228 15744 15733 15743 15771 
44229 15745 15734 15735 15771 
44230 15702 15719 15709 15708 
44231 15750 15732 15738 15731 
44232 15747 15736 15737 15771 
44233 15738 15731 15732 15726 
44234 15732 15726 15731 15722 
44235 15750 15748 15731 15730 
44236 15748 15740 15732 15731 
44237 15710 15697 15769 15770 
44238 15772 495 15753 9284 
44239 15739 15732 15738 15750 
44240 15750 15748 15732 15731 
44241 15698 15696 15692 15768 
44242 15738 15732 15727 15726 
44243 15748 15759 15740 15742 
44244 15750 15731 15738 15730 
44245 15727 15739 15732 15738 
44246 15741 15759 15740 15739 
44247 15759 15741 15753 15739 
44248 15745 15743 15734 15771 
44249 15746 15745 15735 15771 
44250 15743 15733 15734 15771 
44251 15714 15700 15707 15693 
44252 15747 15744 15765 15771 
44253 15700 15695 15707 15768 
44254 15734 15733 15715 15770 
44255 15756 15745 15746 15765 
44256 15756 15751 15745 15765 
44257 15754 15765 15751 15767 
44258 15737 15725 15733 15770 
44259 15751 15743 15745 15765 
44260 15746 15765 15745 15771 
44261 15726 15721 15722 15703 
44262 15745 15765 15743 15771 
44263 15747 15765 15746 15771 
44264 15691 15763 15762 15766 
44265 15736 15735 15734 15771 
44266 15747 15737 15744 15771 
44267 15741 15740 15732 15739 
44268 15739 15759 15740 15748 
44269 15752 15742 15748 15740 
44270 15750 15730 15738 15729 
44271 15752 15749 15748 15742 
44272 15758 15748 15749 15742 
44273 15752 15772 15742 9284 
44274 15707 15694 15693 15768 
44275 15721 15728 15709 15703 
44276 15761 15760 15766 15767 
44277 495 496 15772 15759 
44278 15732 15739 15727 15741 
44279 15749 15772 15742 15752 
44280 15759 15748 15758 15742 
44281 15759 495 15753 15772 
44282 15749 494 15758 15772 
44283 494 15752 15772 15749 
44284 15772 494 496 9284 
44285 496 15759 851 15758 
44286 15748 15739 15732 15740 
44287 15755 15765 15754 15767 
44288 15763 15751 15756 15767 
44289 15693 15714 15769 15697 
44290 494 15758 15772 496 
44291 15756 15751 15765 15767 
44292 15759 15750 15748 15739 
44293 15760 15755 15754 15767 
44294 15734 15701 15711 15770 
44295 15705 15693 15694 15768 
44296 15763 15756 15762 15767 
44297 15754 15743 15751 15765 
44298 15757 15765 15755 15767 
44299 15762 15757 15761 15767 
44300 15690 15761 15689 15766 
44301 15759 15742 15753 15741 
44302 496 851 494 15758 
44303 496 495 851 15759 
44304 15762 15756 15757 15767 
44305 15750 15748 15739 15732 
44306 15690 15762 15761 15766 
44307 15705 15694 15702 15768 
44308 15688 15689 15760 15766 
44309 15764 15763 15766 15767 
44310 15762 15761 15766 15767 
44311 15708 15695 15702 15694 
44312 15696 15693 15692 15768 
44313 15744 15737 15733 15771 
44314 15757 15756 15746 15765 
44315 15688 15764 852 15766 
44316 852 15764 15763 15766 
44317 15757 15746 15747 15765 
44318 15761 15757 15755 15767 
44319 15757 15747 15755 15765 
44320 15764 15751 15763 15767 
44321 15764 15754 15751 15767 
44322 852 15691 15690 15766 
44323 15763 15762 15766 15767 
44324 15691 15762 15690 15766 
44325 15761 15755 15760 15767 
44326 15764 15760 15754 15767 
44327 15757 15756 15765 15767 
44328 15688 15760 15764 15766 
44329 15744 15743 15765 15771 
44330 15702 15699 15698 15768 
44331 9284 496 15772 495 
44332 9284 15752 15772 494 
44333 15738 15728 15726 15718 
44334 15759 15772 15742 15758 
44335 15758 15772 15742 15749 
44336 15811 15801 15800 15848 
44337 15798 15848 15792 15849 
44338 15810 15798 15799 15848 
44339 853 15844 15777 15850 
44340 15844 15843 15850 15851 
44341 15774 853 15777 15850 
44342 15842 15841 15850 15851 
44343 15774 15775 15841 15850 
44344 15835 15825 15852 15853 
44345 493 15834 15832 15852 
44346 492 491 15835 15852 
44347 492 15825 15834 15852 
44348 492 15834 493 15852 
44349 15828 15816 15817 15854 
44350 15819 15854 15818 15855 
44351 15816 15854 15815 15855 
44352 15843 15842 15850 15851 
44353 15787 15786 15856 15857 
44354 15785 15784 15856 15857 
44355 15784 15783 15856 15857 
44356 15787 15780 15779 15856 
44357 15790 15789 15779 15856 
44358 15799 15789 15790 15849 
44359 15787 15779 15783 15856 
44360 15791 15781 15785 15856 
44361 15799 15798 15789 15849 
44362 15790 15781 15849 15856 
44363 15796 15785 15786 15857 
44364 15791 15785 15782 15856 
44365 15797 15786 15787 15857 
44366 15802 15791 15792 15849 
44367 15798 15788 15789 15849 
44368 15800 15799 15790 15849 
44369 15811 15800 15802 15848 
44370 15802 15792 15848 15849 
44371 15802 15800 15781 15849 
44372 15802 15781 15791 15849 
44373 15800 15790 15781 15849 
44374 15799 15848 15798 15849 
44375 15796 15795 15785 15857 
44376 15804 15792 15798 15848 
44377 15789 15778 15783 15856 
44378 15787 15786 15780 15856 
44379 15806 15805 15793 15858 
44380 15807 15806 15794 15858 
44381 15790 15849 15789 15856 
44382 15794 15793 15857 15858 
44383 15791 15849 15781 15856 
44384 15800 15848 15799 15849 
44385 15791 15788 15849 15856 
44386 15818 15817 15807 15855 
44387 15818 15854 15817 15855 
44388 15809 15855 15808 15858 
44389 15811 15802 15803 15848 
44390 15790 15779 15780 15856 
44391 15818 15807 15808 15855 
44392 15809 15805 15855 15858 
44393 15808 15795 15796 15858 
44394 15795 15784 15785 15857 
44395 15790 15780 15781 15856 
44396 15809 15808 15796 15858 
44397 15807 15794 15795 15858 
44398 15792 15791 15788 15849 
44399 15809 15797 15805 15858 
44400 15797 15857 15793 15858 
44401 15797 15796 15786 15857 
44402 15809 15796 15797 15858 
44403 15819 15809 15815 15855 
44404 15819 15818 15808 15855 
44405 15810 15804 15798 15848 
44406 15791 15782 15788 15856 
44407 15814 15804 15812 15859 
44408 15814 15803 15804 15859 
44409 15810 15799 15801 15848 
44410 15819 15808 15809 15855 
44411 15821 15820 15801 15859 
44412 15811 15848 15803 15859 
44413 15804 15803 15848 15859 
44414 15797 15796 15857 15858 
44415 15788 15782 15778 15856 
44416 15813 15811 15803 15859 
44417 15820 15812 15859 15860 
44418 15801 15799 15800 15848 
44419 15812 15804 15810 15859 
44420 15810 15848 15801 15859 
44421 15802 15848 15800 15849 
44422 15798 15792 15788 15849 
44423 15821 15811 15813 15859 
44424 15803 15802 15792 15848 
44425 15816 15805 15806 15855 
44426 15823 15814 15812 15860 
44427 15820 15810 15801 15859 
44428 15824 15814 15823 15860 
44429 15796 15795 15857 15858 
44430 15816 15815 15805 15855 
44431 15804 15803 15792 15848 
44432 15824 15813 15814 15860 
44433 15807 15855 15806 15858 
44434 15786 15785 15781 15856 
44435 15820 15812 15810 15859 
44436 15821 15801 15811 15859 
44437 15824 15853 15822 15860 
44438 15821 15859 15813 15860 
44439 15833 15822 15853 15860 
44440 15833 15820 15821 15860 
44441 15825 15824 15823 15853 
44442 15833 15831 15820 15860 
44443 15814 15813 15859 15860 
44444 15827 15819 15815 15854 
44445 15815 15809 15805 15855 
44446 15827 15815 15826 15854 
44447 15819 15815 15854 15855 
44448 15829 15817 15818 15854 
44449 15830 15829 15854 15861 
44450 15817 15806 15807 15855 
44451 15826 15815 15816 15854 
44452 15829 15828 15854 15861 
44453 15837 15827 15826 15861 
44454 15828 15826 15854 15861 
44455 15806 15855 15805 15858 
44456 15808 15855 15807 15858 
44457 15828 15826 15816 15854 
44458 15827 15854 15826 15861 
44459 15789 15788 15778 15856 
44460 15817 15854 15816 15855 
44461 15839 15828 15829 15861 
44462 15830 15818 15819 15854 
44463 15814 15813 15803 15859 
44464 15836 15826 15828 15861 
44465 15830 15819 15827 15854 
44466 15838 15830 15827 15861 
44467 15833 15853 15831 15860 
44468 15814 15859 15812 15860 
44469 15830 15854 15827 15861 
44470 15833 15821 15822 15860 
44471 15831 15823 15812 15860 
44472 15824 15822 15813 15860 
44473 15797 15787 15793 15857 
44474 15834 15825 15823 15853 
44475 15847 15833 15822 15853 
44476 15821 15820 15859 15860 
44477 15847 15846 15833 15853 
44478 15835 15822 15824 15853 
44479 15795 15794 15857 15858 
44480 15831 15853 15823 15860 
44481 15846 15832 15831 15853 
44482 15824 15823 15853 15860 
44483 15834 15832 15852 15853 
44484 15806 15793 15794 15858 
44485 15817 15816 15806 15855 
44486 15847 15822 15835 15853 
44487 15834 15852 15825 15853 
44488 9283 15773 15847 15846 
44489 9283 15846 15847 15852 
44490 491 15847 15835 15852 
44491 9283 15847 491 15852 
44492 15847 15852 15846 15853 
44493 493 15832 15846 15852 
44494 493 15846 9283 15852 
44495 15847 15835 15852 15853 
44496 15784 15778 15782 15856 
44497 15846 15852 15832 15853 
44498 15811 15801 15848 15859 
44499 15843 15838 15837 15851 
44500 15810 15804 15848 15859 
44501 15842 15837 15836 15851 
44502 15840 15838 15851 15861 
44503 15840 15851 15839 15861 
44504 15845 15840 15844 15851 
44505 15844 15840 15838 15851 
44506 15841 15836 15839 15851 
44507 15808 15807 15795 15858 
44508 15844 15838 15843 15851 
44509 15838 15837 15851 15861 
44510 15845 15841 15839 15851 
44511 15777 15844 15843 15850 
44512 15837 15836 15851 15861 
44513 15842 15836 15841 15851 
44514 15776 15842 15775 15850 
44515 15830 15829 15818 15854 
44516 15775 15842 15841 15850 
44517 15845 15839 15840 15851 
44518 15839 15851 15836 15861 
44519 15845 15850 15841 15851 
44520 15845 15844 15850 15851 
44521 853 15845 15844 15850 
44522 15777 15843 15776 15850 
44523 15835 15824 15825 15853 
44524 15774 15777 15775 15850 
44525 15776 15843 15842 15850 
44526 15840 15829 15830 15861 
44527 15777 15776 15775 15850 
44528 15774 15845 853 15850 
44529 15840 15839 15829 15861 
44530 15829 15828 15817 15854 
44531 15843 15837 15842 15851 
44532 15774 15841 15845 15850 
44533 15838 15827 15837 15861 
44534 15831 15812 15820 15860 
44535 15840 15830 15838 15861 
44536 492 15835 15825 15852 
44537 15837 15826 15836 15861 
44538 492 493 9283 15852 
44539 493 15773 9283 15846 
44540 9283 15773 491 15847 
44541 492 9283 491 15852 
44542 15805 15797 15793 15858 
44543 15846 15831 15833 15853 
44544 15834 15831 15832 15853 
44545 15793 15787 15783 15857 
44546 15789 15783 15779 15856 
44547 15785 15784 15782 15856 
44548 15789 15849 15788 15856 
44549 15794 15793 15783 15857 
44550 15784 15783 15778 15856 
44551 15822 15821 15813 15860 
44552 15795 15794 15784 15857 
44553 15839 15836 15828 15861 
44554 15834 15823 15831 15853 
44555 15786 15785 15856 15857 
44556 15786 15781 15780 15856 
44557 15787 15856 15783 15857 
44558 15794 15783 15784 15857 
44559 15869 15871 15873 15874 
44560 500 15873 15874 15875 
44561 501 15873 854 15875 
44562 500 854 15873 15875 
44563 15866 15872 15871 15876 
44564 15869 15871 15872 15876 
44565 15866 15872 15870 15877 
44566 15866 855 15872 15877 
44567 15866 15870 15868 15877 
44568 502 500 9380 15875 
44569 500 15873 15871 15874 
44570 500 15865 15871 15873 
44571 9380 15874 501 15875 
44572 501 15867 15865 15873 
44573 501 15874 15873 15875 
44574 855 15872 15877 15878 
44575 15866 15868 855 15877 
44576 855 15877 15864 15878 
44577 15870 15877 15872 15878 
44578 15864 15870 15863 15862 
44579 15867 15869 15873 15874 
44580 502 854 500 15875 
44581 15870 15872 15862 15878 
44582 855 15862 15872 15878 
44583 15868 15864 855 15877 
44584 15868 15869 15870 15876 
44585 15865 15867 15866 15876 
44586 15867 15869 15868 15876 
44587 9380 15869 15867 15874 
44588 501 15867 15873 15874 
44589 15866 15868 15870 15876 
44590 9380 15871 15869 15874 
44591 9380 500 15874 15875 
44592 15865 15869 15871 15873 
44593 500 854 15865 15873 
44594 9380 500 15871 15874 
44595 9380 15867 501 15874 
44596 502 501 854 15875 
44597 502 9380 501 15875 
44598 15864 15870 15862 15878 
44599 15867 15868 15866 15876 
44600 855 15864 15862 15878 
44601 15865 15866 15871 15876 
44602 15868 15870 15864 15877 
44603 15865 15871 15869 15876 
44604 15865 15869 15867 15876 
44605 15866 15870 15872 15876 
44606 15869 15872 15870 15876 
44607 15864 15877 15870 15878 
44608 15865 15867 15869 15873 
44609 501 15865 854 15873 
44610 15884 15880 15891 15892 
44611 15887 15885 15893 15883 
44612 15884 15882 15891 15894 
44613 15884 15886 15882 15894 
44614 15881 15891 15880 15892 
44615 856 15882 15881 15892 
44616 15887 15889 15888 15895 
44617 15883 15887 15885 15895 
44618 15888 15889 15890 15895 
44619 15883 15890 15889 15895 
44620 498 499 15896 15893 
44621 499 15879 15896 15893 
44622 498 15896 497 15893 
44623 497 15896 15879 15893 
44624 497 15893 15885 498 
44625 9379 15879 497 15896 
44626 498 15889 499 15893 
44627 499 15879 9379 15896 
44628 15891 15888 15894 15881 
44629 15886 15888 15881 15894 
44630 15886 15881 15882 15894 
44631 15884 15882 856 15892 
44632 15882 15881 15891 15894 
44633 15884 15888 15894 15891 
44634 15883 15893 15889 498 
44635 15884 15891 15882 15892 
44636 15881 15890 15891 15888 
44637 15883 15884 15890 15895 
44638 856 15881 15880 15892 
44639 15884 15886 15888 15895 
44640 15882 15891 15881 15892 
44641 15884 856 15880 15892 
44642 15883 15886 15884 15895 
44643 15883 15885 15886 15895 
44644 15885 15887 15888 15895 
44645 15887 497 15893 15885 
44646 15885 15888 15886 15895 
44647 497 15879 15887 15893 
44648 15883 15889 15887 15895 
44649 498 9379 497 15896 
44650 498 499 9379 15896 
44651 499 15887 15879 15893 
44652 15884 15888 15886 15894 
44653 15885 15893 15883 498 
44654 15881 15890 15880 15891 
44655 15888 15890 15891 15884 
44656 15884 15880 15890 15891 
44657 15884 15888 15890 15895 
44658 499 15889 15887 15893 
44659 15887 15883 15893 15889 
44660 15897 15968 15972 15973 
44661 858 15971 15900 15973 
44662 15897 858 15899 15973 
44663 15949 15941 15974 15975 
44664 15953 15940 15941 15975 
44665 15910 15976 15909 15977 
44666 15909 15905 15901 15977 
44667 15918 15907 15908 15978 
44668 15913 15906 15905 15977 
44669 15907 15906 15905 15978 
44670 15917 15916 15905 15978 
44671 15904 15903 15902 15978 
44672 15911 15976 15910 15977 
44673 15913 15905 15909 15977 
44674 15917 15905 15906 15978 
44675 15904 15902 15903 15901 
44676 15905 15904 15902 15978 
44677 15910 15901 15902 15977 
44678 15925 15924 15912 15976 
44679 15911 15902 15907 15977 
44680 15907 15905 15902 15978 
44681 15925 15913 15921 15976 
44682 15905 15902 15904 15901 
44683 15913 15976 15912 15977 
44684 15918 15906 15907 15978 
44685 15912 15907 15906 15977 
44686 15923 15910 15911 15976 
44687 15914 15908 15902 15978 
44688 15920 15908 15914 15978 
44689 15919 15918 15908 15978 
44690 15916 15904 15905 15978 
44691 15931 15944 15920 15932 
44692 15949 15937 15938 15974 
44693 15912 15976 15911 15977 
44694 15928 15915 15916 15978 
44695 15931 15929 15917 15978 
44696 15931 15918 15919 15978 
44697 15928 15927 15915 15978 
44698 15920 15919 15908 15978 
44699 15932 15920 15931 15919 
44700 15913 15912 15906 15977 
44701 15927 15920 15914 15978 
44702 15911 15910 15902 15977 
44703 15964 15962 15961 15959 
44704 15934 15932 15933 15920 
44705 15929 15920 15927 15978 
44706 15923 15922 15910 15976 
44707 15907 15902 15905 15977 
44708 15915 15914 15903 15978 
44709 15938 15937 15923 15922 
44710 15929 15916 15917 15978 
44711 15924 15911 15912 15976 
44712 15929 15927 15928 15978 
44713 15922 15921 15909 15976 
44714 15924 15923 15911 15976 
44715 15914 15902 15903 15978 
44716 15938 15924 15936 15922 
44717 15936 15922 15925 15921 
44718 15950 15949 15974 15975 
44719 15939 15925 15936 15924 
44720 15925 15912 15913 15976 
44721 15924 15922 15923 15976 
44722 15937 15936 15926 15922 
44723 15937 15926 15936 15974 
44724 15940 15936 15926 15974 
44725 15930 15928 15929 15927 
44726 15936 15924 15925 15922 
44727 15931 15919 15920 15978 
44728 15922 15909 15910 15976 
44729 15925 15922 15924 15976 
44730 15956 15944 15934 15930 
44731 15942 15928 15930 15927 
44732 15907 15905 15906 15977 
44733 15958 15957 508 9476 
44734 15916 15915 15904 15978 
44735 15927 15920 15930 15934 
44736 15929 15920 15930 15927 
44737 15967 508 15955 15966 
44738 15930 15944 15920 15929 
44739 15938 15923 15924 15922 
44740 15967 15956 15954 15979 
44741 15942 15930 15934 15927 
44742 15933 15920 15932 15919 
44743 15932 15944 15920 15934 
44744 15931 15920 15929 15978 
44745 9476 15958 15957 15947 
44746 15946 15934 15945 15933 
44747 15934 15944 15920 15930 
44748 15956 15945 15934 15932 
44749 15956 15934 15942 15930 
44750 15908 15907 15902 15978 
44751 15956 15954 15945 15932 
44752 15912 15911 15907 15977 
44753 15931 15917 15918 15978 
44754 15925 15921 15922 15976 
44755 15905 15902 15901 15977 
44756 15947 15945 15946 15979 
44757 15929 15928 15916 15978 
44758 15956 15935 15946 15979 
44759 15956 15946 15935 15934 
44760 15956 15945 15946 15934 
44761 15956 15943 15935 15979 
44762 15921 15913 15909 15976 
44763 15958 15947 15946 15979 
44764 15957 15945 15947 15979 
44765 15956 15943 15942 15934 
44766 15939 15938 15936 15974 
44767 15938 15936 15937 15922 
44768 15941 15926 15937 15974 
44769 15910 15909 15901 15977 
44770 15945 15933 15934 15932 
44771 15950 15949 15938 15974 
44772 15939 15936 15938 15924 
44773 15950 15974 15948 15975 
44774 15959 15950 15948 15975 
44775 15960 15953 15951 15975 
44776 15960 15950 15959 15975 
44777 15948 15936 15940 15974 
44778 15949 15941 15937 15974 
44779 15956 15934 15944 15932 
44780 15948 15939 15936 15974 
44781 15941 15940 15974 15975 
44782 15960 15949 15950 15975 
44783 15953 15941 15951 15975 
44784 15936 15926 15922 15921 
44785 15951 15941 15949 15975 
44786 15941 15940 15926 15974 
44787 15967 15966 15955 15954 
44788 15938 15937 15936 15974 
44789 15959 15952 15953 15975 
44790 15963 15962 15953 15951 
44791 15967 15958 15943 15979 
44792 15929 15944 15920 15931 
44793 15948 15974 15940 15975 
44794 15927 15914 15915 15978 
44795 15950 15938 15939 15974 
44796 15956 15945 15954 15979 
44797 15950 15939 15948 15974 
44798 15958 15935 15943 15979 
44799 15957 15954 15945 15979 
44800 15967 15956 15966 15954 
44801 15958 15957 15947 15979 
44802 15967 15957 508 15958 
44803 507 508 15958 15967 
44804 15960 15959 15953 15975 
44805 15953 15952 15940 15975 
44806 15964 15962 15959 15953 
44807 15913 15909 15976 15977 
44808 15959 15948 15952 15975 
44809 15960 15951 15949 15975 
44810 15962 15960 15953 15951 
44811 15967 15954 15957 15979 
44812 15957 508 15955 15967 
44813 506 508 15955 15957 
44814 15958 15946 15935 15979 
44815 15967 15943 15956 15979 
44816 15967 15955 15957 15954 
44817 15962 15960 15961 15959 
44818 15965 15953 15964 15952 
44819 15967 15957 15958 15979 
44820 15962 15960 15959 15953 
44821 15965 15963 15962 15953 
44822 15965 15962 15964 15953 
44823 15964 15953 15959 15952 
44824 15969 15962 15961 15980 
44825 15964 15961 15962 15980 
44826 15956 15944 15954 15932 
44827 15969 15961 15968 15980 
44828 15970 15962 15969 15980 
44829 15965 15962 15963 15980 
44830 15971 15965 15963 15980 
44831 15968 15961 15964 15980 
44832 15972 15964 15965 15980 
44833 15965 15964 15962 15980 
44834 15956 15946 15945 15979 
44835 15966 508 15955 506 
44836 508 857 506 15966 
44837 508 507 857 15967 
44838 15972 15968 15964 15980 
44839 15898 15969 15968 15973 
44840 15900 15971 15970 15973 
44841 15899 15969 15898 15973 
44842 15915 15903 15904 15978 
44843 858 15972 15971 15973 
44844 15970 15969 15973 15980 
44845 15897 15899 15898 15973 
44846 15970 15963 15962 15980 
44847 858 15900 15899 15973 
44848 15897 15898 15968 15973 
44849 15969 15968 15973 15980 
44850 15971 15970 15973 15980 
44851 15972 15973 15968 15980 
44852 15972 15965 15971 15980 
44853 15952 15948 15940 15975 
44854 15900 15970 15899 15973 
44855 15971 15963 15970 15980 
44856 15897 15972 858 15973 
44857 15899 15970 15969 15973 
44858 15972 15971 15973 15980 
44859 9476 15957 508 506 
44860 15918 15917 15906 15978 
44861 9476 508 15958 507 
44862 508 15967 857 15966 
44863 15956 15935 15943 15934 
44864 16054 16049 16050 16062 
44865 16050 16062 16049 16063 
44866 15984 16059 16055 16064 
44867 859 16061 16060 16064 
44868 15985 16059 15984 16064 
44869 15982 16058 16061 16064 
44870 15982 15985 15983 16064 
44871 16000 15991 15999 15990 
44872 15992 15990 15991 15986 
44873 16005 15989 15995 15994 
44874 15990 16000 15994 15993 
44875 15988 15994 15989 15987 
44876 15992 16013 15991 15999 
44877 16000 15997 15996 15988 
44878 16000 15991 15990 15986 
44879 15999 15991 15992 15990 
44880 505 16047 16065 504 
44881 16003 15999 15992 15990 
44882 16007 15997 15995 15989 
44883 504 505 9475 16065 
44884 15989 15987 15994 16005 
44885 16005 16023 16010 16008 
44886 15998 15995 15994 15993 
44887 16000 15998 15997 15988 
44888 16009 16023 16010 16026 
44889 15997 15989 16010 16008 
44890 15995 16007 15989 16005 
44891 16008 15996 15997 15989 
44892 15994 15989 15995 15997 
44893 16005 15989 16010 16007 
44894 16007 15995 15998 15993 
44895 16006 16023 16010 16005 
44896 16010 15998 16007 15997 
44897 16007 16006 16005 15995 
44898 16010 16007 16006 16005 
44899 16002 15992 16001 15991 
44900 15999 16013 15991 16000 
44901 16000 16013 15991 16001 
44902 16017 16016 16066 16067 
44903 16018 16001 16002 16066 
44904 16010 16008 16009 15997 
44905 16015 16013 16001 16066 
44906 16004 15992 16003 16066 
44907 16000 15999 15998 15993 
44908 16014 16011 16013 16066 
44909 15982 859 15985 16064 
44910 16018 16066 16004 16067 
44911 16013 16003 15992 16066 
44912 16055 16051 16046 16068 
44913 16018 16002 16004 16066 
44914 16015 16001 16013 16000 
44915 859 16060 15985 16064 
44916 15998 16000 15994 15988 
44917 16014 16012 16011 16066 
44918 16017 16015 16001 16066 
44919 16020 16004 16012 16067 
44920 15985 15984 15983 16064 
44921 16022 16023 16010 16006 
44922 16012 16004 16003 16066 
44923 16013 16003 16011 15999 
44924 16026 16023 16010 16022 
44925 15993 16000 15994 15998 
44926 16013 16003 15999 15992 
44927 16033 16023 16025 16069 
44928 16013 16011 16003 16066 
44929 16024 16022 16010 16007 
44930 16017 16016 16015 16066 
44931 16070 16016 16067 16014 
44932 16018 16017 16001 16066 
44933 15997 15988 15994 15989 
44934 16023 16025 16009 16008 
44935 16022 16010 16007 16006 
44936 16016 16014 16066 16067 
44937 16028 16027 16014 16070 
44938 16001 16013 15991 15992 
44939 16027 16012 16014 16070 
44940 15998 15997 15995 16007 
44941 16014 16012 16066 16067 
44942 16029 16016 16067 16070 
44943 16018 16017 16066 16067 
44944 16030 16018 16019 16067 
44945 16016 16014 16013 16066 
44946 16008 15989 16010 16005 
44947 16030 16017 16018 16067 
44948 16016 16028 16070 16029 
44949 16019 16018 16004 16067 
44950 16012 16003 16011 16066 
44951 16020 16019 16067 16070 
44952 16021 16019 16020 16070 
44953 15986 16000 15994 15990 
44954 16030 16067 16019 16070 
44955 16026 16025 16009 16023 
44956 16020 16067 16012 16070 
44957 16007 15989 16010 15997 
44958 16032 16020 16012 16070 
44959 16032 16012 16027 16070 
44960 16031 16019 16021 16070 
44961 15988 16000 15994 15986 
44962 16059 16055 16064 16068 
44963 16014 16012 16067 16070 
44964 16030 16029 16067 16070 
44965 16031 16030 16019 16070 
44966 16026 16023 16022 16069 
44967 16013 15992 16001 16066 
44968 16026 16022 16024 16069 
44969 16030 16029 16017 16067 
44970 16034 16026 16024 16069 
44971 16045 16022 16023 16069 
44972 16026 16025 16023 16069 
44973 16035 16025 16026 16069 
44974 16043 16034 16024 16069 
44975 16014 16028 16070 16016 
44976 16035 16033 16025 16069 
44977 16060 16052 16059 16068 
44978 16036 16035 16034 16071 
44979 16035 16026 16034 16069 
44980 16035 16033 16069 16071 
44981 16053 16042 16049 16062 
44982 16020 16019 16004 16067 
44983 16037 16032 16027 16070 
44984 16032 16021 16020 16070 
44985 16016 16013 16015 16066 
44986 16037 16027 16028 16070 
44987 16038 16037 16028 16070 
44988 15988 15997 15994 15998 
44989 16000 15988 15991 15986 
44990 16002 16001 15992 16066 
44991 16042 16032 16037 16063 
44992 16039 16030 16031 16070 
44993 16039 16029 16030 16070 
44994 16038 16028 16029 16070 
44995 16037 16063 16032 16070 
44996 16040 16021 16032 16063 
44997 16039 16031 16063 16070 
44998 504 503 16048 16065 
44999 15997 15989 15996 15988 
45000 16049 16062 16042 16063 
45001 16050 16038 16039 16063 
45002 16050 16049 16038 16063 
45003 16040 16031 16021 16063 
45004 16038 16063 16037 16070 
45005 16041 16039 16031 16063 
45006 16046 16040 16042 16062 
45007 16045 16023 16033 16069 
45008 16041 16040 16062 16063 
45009 16045 16069 16033 16071 
45010 16057 16048 16065 16071 
45011 16012 16004 16066 16067 
45012 16047 16043 16044 16071 
45013 16057 16045 16033 16071 
45014 16049 16037 16038 16063 
45015 16050 16039 16041 16063 
45016 16048 16033 16035 16071 
45017 16056 16043 16045 16071 
45018 16056 16044 16043 16071 
45019 16047 16034 16043 16071 
45020 16057 16033 16048 16071 
45021 16043 16034 16069 16071 
45022 9475 16056 16057 16065 
45023 504 16048 16036 16065 
45024 504 16036 16047 16065 
45025 503 16057 16048 16065 
45026 16031 16021 16063 16070 
45027 16050 16041 16062 16063 
45028 16041 16031 16040 16063 
45029 16042 16062 16040 16063 
45030 16042 16040 16032 16063 
45031 9475 16057 503 16065 
45032 16061 16060 16064 16068 
45033 16045 16043 16069 16071 
45034 16044 16056 505 16065 
45035 505 15981 9475 16056 
45036 16045 16043 16022 16069 
45037 16053 16046 16042 16062 
45038 16051 16041 16040 16062 
45039 16056 505 16065 9475 
45040 16052 16050 16041 16062 
45041 15998 15997 15994 15995 
45042 16056 16065 16044 16071 
45043 16047 16065 16036 16071 
45044 16049 16042 16037 16063 
45045 16035 16069 16034 16071 
45046 16048 16036 16065 16071 
45047 16039 16038 16029 16070 
45048 16052 16062 16051 16068 
45049 16054 16062 16052 16068 
45050 16054 16050 16052 16062 
45051 16047 16036 16034 16071 
45052 16008 16023 16010 16009 
45053 16061 16058 16053 16068 
45054 16051 16040 16046 16062 
45055 16058 16046 16053 16068 
45056 16058 16055 16046 16068 
45057 16051 16062 16046 16068 
45058 16053 16046 16062 16068 
45059 15985 16060 16059 16064 
45060 15983 16055 16058 16064 
45061 16061 16053 16054 16068 
45062 16059 16052 16051 16068 
45063 16032 16063 16021 16070 
45064 16054 16053 16062 16068 
45065 16054 16053 16049 16062 
45066 16000 15999 15993 15990 
45067 16059 16051 16055 16068 
45068 16061 16064 16058 16068 
45069 16047 16044 16065 16071 
45070 16004 16002 15992 16066 
45071 16044 16047 16065 505 
45072 504 9475 503 16065 
45073 9475 15981 16057 16056 
45074 16058 16064 16055 16068 
45075 16060 16059 16064 16068 
45076 16060 16054 16052 16068 
45077 15984 16055 15983 16064 
45078 16061 16054 16060 16068 
45079 15982 15983 16058 16064 
45080 15982 16061 859 16064 
45081 16052 16041 16051 16062 
45082 16057 16065 16056 16071 
45083 16043 16024 16022 16069 
45084 16026 16024 16022 16010 
45085 16039 16063 16038 16070 
45086 9475 15981 503 16057 
45087 16029 16016 16017 16067 
45088 16057 16056 16045 16071 
45089 16048 16035 16036 16071 
45090 15994 15987 15988 15986 
45091 16009 15997 16008 15996 
45092 16093 16080 16086 16150 
45093 16122 16121 16151 16152 
45094 16091 16082 16084 16078 
45095 16088 16080 16079 16150 
45096 16078 16076 16077 16150 
45097 16097 16087 16095 16085 
45098 16081 16079 16080 16150 
45099 16093 16081 16080 16150 
45100 16088 16099 16089 16100 
45101 16091 16082 16078 16150 
45102 16093 16086 16082 16150 
45103 16087 16086 16080 16150 
45104 16100 16090 16095 16089 
45105 16093 16084 16091 16082 
45106 16093 16083 16084 16082 
45107 16105 16084 16092 16083 
45108 16095 16085 16089 16077 
45109 16085 16076 16082 16150 
45110 16093 16092 16091 16084 
45111 16094 16083 16093 16082 
45112 16091 16079 16081 16150 
45113 16100 16099 16089 16095 
45114 16083 16105 16102 16092 
45115 16102 16093 16091 16081 
45116 16101 16100 16090 16153 
45117 16110 16109 16098 16153 
45118 16092 16091 16084 16078 
45119 16087 16085 16086 16150 
45120 16088 16087 16080 16150 
45121 16114 16105 16102 16103 
45122 16092 16105 16102 16112 
45123 16103 16094 16102 16093 
45124 16105 16103 16104 16094 
45125 16093 16082 16091 16150 
45126 16112 16105 16106 16092 
45127 16106 16092 16105 16084 
45128 16123 16115 16154 16155 
45129 16102 16092 16093 16083 
45130 16089 16077 16085 16150 
45131 16102 16093 16092 16091 
45132 16101 16090 16096 16153 
45133 16109 16097 16098 16153 
45134 16100 16095 16090 16153 
45135 16087 16099 16098 16095 
45136 16098 16095 16097 16087 
45137 16093 16091 16081 16150 
45138 16126 16115 16116 16154 
45139 16108 16096 16095 16153 
45140 16111 16100 16101 16153 
45141 16121 16109 16110 16151 
45142 16120 16119 16151 16152 
45143 16112 16105 16102 16114 
45144 16098 16087 16097 16086 
45145 16112 16106 16105 16155 
45146 16111 16151 16110 16153 
45147 16114 16105 16104 16155 
45148 16113 16106 16112 16155 
45149 16089 16088 16079 16150 
45150 16111 16099 16100 16153 
45151 16120 16119 16108 16151 
45152 16102 16093 16094 16083 
45153 16118 16111 16101 16151 
45154 16089 16085 16087 16150 
45155 16075 16148 16147 16156 
45156 16114 16112 16105 16155 
45157 16113 16154 16107 16155 
45158 16093 16092 16084 16083 
45159 16110 16098 16099 16153 
45160 16113 16107 16106 16155 
45161 16072 16073 16145 16156 
45162 16117 16106 16107 16155 
45163 16153 16095 16099 16100 
45164 16094 16105 16102 16083 
45165 16116 16104 16105 16155 
45166 16115 16114 16104 16155 
45167 16127 16116 16117 16154 
45168 16124 16123 16115 16154 
45169 16116 16115 16104 16155 
45170 16072 16145 16149 16156 
45171 16073 16146 16145 16156 
45172 16103 16105 16102 16094 
45173 16116 16154 16115 16155 
45174 16133 16127 16117 16154 
45175 16117 16107 16154 16155 
45176 16123 16114 16115 16155 
45177 16117 16116 16105 16155 
45178 16114 16104 16105 16103 
45179 16111 16101 16151 16153 
45180 16109 16108 16097 16153 
45181 16133 16107 16113 16154 
45182 16127 16126 16116 16154 
45183 16110 16151 16109 16153 
45184 16096 16090 16095 16153 
45185 16119 16118 16151 16152 
45186 16119 16118 16101 16151 
45187 16130 16119 16120 16152 
45188 16119 16101 16096 16151 
45189 16111 16110 16099 16153 
45190 16122 16110 16111 16151 
45191 16101 16096 16151 16153 
45192 16153 16095 16097 16098 
45193 16120 16108 16109 16151 
45194 16121 16120 16151 16152 
45195 16132 16131 16121 16152 
45196 16108 16095 16097 16153 
45197 16122 16121 16110 16151 
45198 16122 16111 16118 16151 
45199 16121 16120 16109 16151 
45200 16117 16105 16106 16155 
45201 16109 16151 16108 16153 
45202 16131 16130 16152 16157 
45203 16130 16125 16119 16152 
45204 16108 16151 16096 16153 
45205 16095 16099 16098 16153 
45206 16131 16130 16120 16152 
45207 16123 16112 16114 16155 
45208 16123 16154 16113 16155 
45209 16117 16154 16116 16155 
45210 16135 16113 16123 16154 
45211 16122 16151 16118 16152 
45212 16084 16078 16082 16076 
45213 16133 16117 16107 16154 
45214 16126 16124 16115 16154 
45215 16133 16127 16154 16158 
45216 16135 16133 16154 16158 
45217 16128 16126 16127 16158 
45218 16129 16152 16125 16157 
45219 16132 16122 16129 16152 
45220 16132 16121 16122 16152 
45221 16129 16122 16118 16152 
45222 16136 16125 16130 16157 
45223 16137 16129 16125 16157 
45224 16125 16118 16119 16152 
45225 16141 16130 16131 16157 
45226 16132 16131 16152 16157 
45227 16135 16123 16124 16154 
45228 16130 16125 16152 16157 
45229 16142 16131 16132 16157 
45230 16140 16132 16129 16157 
45231 16135 16154 16124 16158 
45232 16144 16143 16138 16158 
45233 16143 16135 16124 16158 
45234 16144 16135 16143 16158 
45235 16143 16124 16138 16158 
45236 16144 16134 16133 16158 
45237 16132 16152 16129 16157 
45238 16123 16113 16112 16155 
45239 513 514 16139 16134 
45240 16139 16133 16134 16158 
45241 16134 514 16139 16138 
45242 16144 16133 16135 16158 
45243 16119 16096 16108 16151 
45244 16144 16138 16134 16158 
45245 16144 514 16138 16143 
45246 16139 16134 16138 16158 
45247 16144 16134 514 513 
45248 16138 16124 16126 16158 
45249 16126 16124 16154 16158 
45250 16148 16136 16147 16159 
45251 16149 16137 16148 16159 
45252 16147 16136 16141 16159 
45253 16138 16126 16128 16158 
45254 16142 16157 16140 16159 
45255 16149 16140 16137 16159 
45256 16143 514 16138 512 
45257 16127 16126 16154 16158 
45258 16145 16142 16140 16159 
45259 16146 16142 16145 16159 
45260 16140 16129 16137 16157 
45261 16137 16157 16136 16159 
45262 16148 16147 16156 16159 
45263 16142 16141 16157 16159 
45264 16141 16136 16157 16159 
45265 16147 16141 16146 16159 
45266 16138 16134 514 16144 
45267 16142 16132 16140 16157 
45268 16139 16138 16128 16158 
45269 514 16144 860 16143 
45270 9573 514 16139 513 
45271 514 860 512 16143 
45272 514 513 860 16144 
45273 861 16149 16148 16156 
45274 16074 16146 16073 16156 
45275 16140 16157 16137 16159 
45276 16149 16156 16145 16159 
45277 16072 861 16075 16156 
45278 16142 16141 16131 16157 
45279 16149 16145 16140 16159 
45280 16139 16127 16133 16158 
45281 16146 16145 16156 16159 
45282 16072 16075 16074 16156 
45283 16148 16137 16136 16159 
45284 16074 16147 16146 16156 
45285 16075 16147 16074 16156 
45286 16072 16074 16073 16156 
45287 16072 16149 861 16156 
45288 16149 16148 16156 16159 
45289 16147 16146 16156 16159 
45290 16146 16141 16142 16159 
45291 16089 16078 16077 16150 
45292 16131 16120 16121 16152 
45293 861 16148 16075 16156 
45294 9573 16139 16138 16128 
45295 512 514 16138 9573 
45296 16138 514 16139 9573 
45297 16089 16087 16095 16099 
45298 16089 16087 16088 16150 
45299 16087 16099 16089 16088 
45300 16089 16079 16078 16150 
45301 16135 16133 16113 16154 
45302 16141 16136 16130 16157 
45303 16097 16086 16087 16085 
45304 16085 16087 16095 16089 
45305 16129 16118 16125 16152 
45306 16085 16077 16076 16150 
45307 16086 16085 16082 16150 
45308 16137 16125 16136 16157 
45309 16139 16128 16127 16158 
45310 16082 16076 16078 16150 
45311 16091 16078 16079 16150 
45312 16161 16234 16237 16238 
45313 16161 16162 16234 16238 
45314 16236 16235 16238 16239 
45315 16163 16231 16162 16238 
45316 862 16236 16164 16238 
45317 862 16237 16236 16238 
45318 16188 16167 16175 16166 
45319 16184 16171 16173 16240 
45320 16182 16181 16169 16240 
45321 16240 16171 16173 16169 
45322 16188 16187 16175 16174 
45323 16232 16215 16225 16212 
45324 16181 16180 16165 16240 
45325 16182 16169 16170 16240 
45326 16212 16221 16241 16214 
45327 16220 16210 16217 16242 
45328 16188 16176 16177 16167 
45329 16169 16171 16173 16167 
45330 16174 16168 16169 16167 
45331 16184 16173 16180 16240 
45332 16172 16170 16171 16240 
45333 16188 16177 16187 16174 
45334 16179 16174 16178 16168 
45335 16188 16176 16167 16166 
45336 16171 16170 16169 16240 
45337 16195 16193 16181 16243 
45338 16176 16173 16167 16166 
45339 16191 16179 16186 16178 
45340 16183 16170 16172 16240 
45341 16167 16169 16165 16173 
45342 16188 16177 16174 16167 
45343 16182 16181 16240 16243 
45344 16207 16194 16193 16244 
45345 16193 16185 16180 16243 
45346 16193 16180 16181 16243 
45347 16174 16167 16169 16165 
45348 16230 16228 16239 16245 
45349 16184 16240 16180 16243 
45350 16226 16241 16222 16214 
45351 16192 16186 16191 16179 
45352 16185 16184 16180 16243 
45353 510 16226 9572 509 
45354 16181 16180 16240 16243 
45355 16199 16198 16185 16244 
45356 16173 16167 16166 16165 
45357 16197 16196 16243 16244 
45358 16189 16178 16187 16177 
45359 16194 16185 16193 16244 
45360 16210 16197 16198 16244 
45361 16176 16173 16171 16167 
45362 16187 16189 16186 16178 
45363 16181 16165 16169 16240 
45364 16199 16185 16194 16244 
45365 16187 16177 16178 16174 
45366 16208 16195 16196 16244 
45367 16197 16196 16182 16243 
45368 16201 16200 16187 16186 
45369 16178 16189 16186 16191 
45370 16184 16172 16171 16240 
45371 16198 16243 16185 16244 
45372 16183 16182 16170 16240 
45373 16206 16205 16191 16246 
45374 16201 16192 16200 16186 
45375 16189 16187 16188 16177 
45376 16201 16189 16186 16187 
45377 16211 16200 16201 16246 
45378 16237 16229 16230 16239 
45379 16201 16188 16189 16187 
45380 16201 16200 16192 16246 
45381 16191 16189 16186 16201 
45382 16203 16202 16189 16246 
45383 16178 16168 16174 16167 
45384 16211 16204 16200 16246 
45385 16191 16189 16190 16178 
45386 16201 16192 16191 16246 
45387 16195 16181 16182 16243 
45388 16198 16172 16184 16243 
45389 16211 16205 16204 16246 
45390 16173 16169 16165 16240 
45391 16184 16172 16240 16243 
45392 16175 16166 16167 16165 
45393 16203 16189 16190 16246 
45394 16218 16216 16242 16245 
45395 16211 16202 16203 16246 
45396 16221 16214 16247 16205 
45397 16180 16173 16165 16240 
45398 16183 16240 16172 16243 
45399 16198 16184 16185 16243 
45400 16216 16199 16194 16242 
45401 16201 16191 16192 16186 
45402 16211 16201 16202 16246 
45403 16196 16195 16182 16243 
45404 16207 16242 16194 16244 
45405 16210 16209 16197 16244 
45406 16208 16207 16195 16244 
45407 16198 16183 16172 16243 
45408 16218 16207 16208 16242 
45409 16196 16195 16243 16244 
45410 16198 16197 16243 16244 
45411 16198 16197 16183 16243 
45412 16217 16242 16216 16245 
45413 16186 16178 16179 16174 
45414 16201 16191 16189 16246 
45415 16205 16203 16190 16246 
45416 16190 16178 16189 16177 
45417 16217 16210 16199 16242 
45418 16206 16192 16204 16246 
45419 16187 16178 16186 16174 
45420 16210 16199 16242 16244 
45421 16205 16190 16191 16246 
45422 16209 16208 16196 16244 
45423 16202 16201 16189 16246 
45424 16210 16198 16199 16244 
45425 16171 16169 16170 16167 
45426 16220 16209 16210 16242 
45427 16195 16193 16243 16244 
45428 16206 16247 16213 16214 
45429 16205 16247 16206 16214 
45430 16204 16192 16200 16246 
45431 16193 16185 16243 16244 
45432 16216 16194 16207 16242 
45433 16199 16194 16242 16244 
45434 16191 16190 16189 16246 
45435 16204 16205 16247 16206 
45436 16219 16218 16208 16242 
45437 16188 16174 16175 16167 
45438 16206 16204 16205 16246 
45439 16222 16214 16221 16205 
45440 16204 16206 16247 16213 
45441 16222 16233 16241 16223 
45442 16215 16214 16213 16212 
45443 16212 16214 16247 16221 
45444 16221 16205 16211 16203 
45445 16218 16216 16207 16242 
45446 16219 16218 16242 16245 
45447 16219 16208 16209 16242 
45448 16207 16193 16195 16244 
45449 16210 16242 16209 16244 
45450 16208 16242 16207 16244 
45451 16217 16199 16216 16242 
45452 16229 16218 16219 16245 
45453 16220 16219 16242 16245 
45454 16224 16217 16216 16245 
45455 16220 16219 16209 16242 
45456 16211 16203 16205 16246 
45457 16230 16219 16220 16245 
45458 16228 16220 16217 16245 
45459 16175 16167 16174 16165 
45460 16221 16203 16211 16202 
45461 16220 16242 16217 16245 
45462 16222 16205 16221 16203 
45463 16232 16221 16241 16212 
45464 16225 16215 16213 16212 
45465 16223 16241 16226 16232 
45466 16209 16242 16208 16244 
45467 16232 511 16225 16248 
45468 16221 16241 16233 16232 
45469 16233 16241 16223 16232 
45470 16222 16221 16241 16233 
45471 16209 16196 16197 16244 
45472 16213 16247 16212 16214 
45473 9572 16160 509 16233 
45474 16170 16169 16168 16167 
45475 16232 9572 16223 16233 
45476 9572 16160 16233 16232 
45477 16248 511 16225 510 
45478 16214 16221 16241 16222 
45479 16206 16191 16192 16246 
45480 16223 16226 9572 16232 
45481 16233 9572 16223 509 
45482 16248 16226 9572 510 
45483 16231 16224 16227 16239 
45484 16229 16227 16218 16245 
45485 511 9572 16248 16232 
45486 16232 16226 9572 16248 
45487 16235 16224 16231 16239 
45488 16227 16224 16216 16245 
45489 16236 16230 16228 16239 
45490 16228 16217 16224 16245 
45491 16237 16238 16234 16239 
45492 16230 16239 16229 16245 
45493 16227 16216 16218 16245 
45494 16234 16227 16229 16239 
45495 16227 16239 16224 16245 
45496 509 16226 9572 16223 
45497 16229 16239 16227 16245 
45498 16237 16234 16229 16239 
45499 16230 16220 16228 16245 
45500 16230 16229 16219 16245 
45501 16236 16228 16235 16239 
45502 16234 16231 16227 16239 
45503 16237 16230 16236 16239 
45504 16237 16236 16238 16239 
45505 16197 16182 16183 16243 
45506 16164 16236 16235 16238 
45507 16228 16224 16239 16245 
45508 16161 862 16162 16238 
45509 510 9572 16248 511 
45510 511 16160 9572 16232 
45511 16234 16238 16231 16239 
45512 16163 16235 16231 16238 
45513 16235 16228 16224 16239 
45514 16164 16235 16163 16238 
45515 16235 16231 16238 16239 
45516 862 16164 16163 16238 
45517 16162 16231 16234 16238 
45518 16161 16237 862 16238 
45519 862 16163 16162 16238 
45520 16183 16182 16240 16243 
45521 16178 16174 16177 16167 
45522 16212 16241 16215 16214 
45523 16214 16215 16226 16241 
45524 16241 16215 16226 16232 
45525 16232 16241 16215 16212 
45526 16221 16247 16211 16205 
45527 16205 16247 16211 16204 
45528 16204 16247 16211 16212 
45529 16212 16247 16211 16221 
45530 16225 16248 16215 16232 
45531 16232 16248 16215 16226 
45532 16226 16248 16215 510 
45533 510 16248 16215 16225 
45534 16204 16213 16247 16212 
45535 16222 16223 16241 16226 
45536 16251 16260 16250 16261 
45537 16253 16259 16260 16262 
45538 16250 16260 16249 16261 
45539 16249 16261 16260 16262 
45540 16254 16255 16253 16263 
45541 16255 16263 16256 16264 
45542 16253 16259 16258 16263 
45543 16253 16259 16263 16264 
45544 16252 16258 16256 16263 
45545 9675 16258 16256 16265 
45546 9675 518 16265 16266 
45547 518 863 16265 16266 
45548 9675 16265 519 16266 
45549 519 16265 863 16266 
45550 16259 16249 16260 16262 
45551 16257 16259 16249 16260 
45552 864 16250 16249 16261 
45553 864 16251 16250 16261 
45554 16253 16257 16255 16260 
45555 16255 16257 16251 16260 
45556 519 16252 863 16265 
45557 9675 16254 519 16265 
45558 520 863 518 16266 
45559 520 518 9675 16266 
45560 16256 16263 16259 16264 
45561 16253 16257 16259 16264 
45562 16255 16256 16257 16264 
45563 16253 16255 16257 16264 
45564 16253 16259 16257 16260 
45565 16254 16256 16255 16263 
45566 518 863 16252 16265 
45567 16253 16263 16255 16264 
45568 16252 16254 16256 16265 
45569 864 16251 16261 16262 
45570 864 16249 16259 16262 
45571 16255 16260 16251 16262 
45572 16253 16260 16255 16262 
45573 16253 16255 864 16262 
45574 16251 16257 16250 16260 
45575 864 16261 16249 16262 
45576 16251 16260 16261 16262 
45577 16253 864 16259 16262 
45578 16252 16254 16253 16263 
45579 519 16254 16252 16265 
45580 9675 16256 16254 16265 
45581 520 519 863 16266 
45582 520 9675 519 16266 
45583 16252 16256 16254 16263 
45584 16252 16253 16258 16263 
45585 16256 16258 16259 16263 
45586 9675 518 16258 16265 
45587 16257 16249 16250 16260 
45588 16252 16256 16258 16265 
45589 518 16252 16258 16265 
45590 16255 16251 864 16262 
45591 16256 16259 16257 16264 
45592 16270 16269 16279 16280 
45593 865 16269 16268 16279 
45594 16272 16276 16274 16280 
45595 16272 16279 16268 16280 
45596 16274 16269 16270 16280 
45597 516 515 16281 16282 
45598 515 16267 16281 16282 
45599 517 16281 16267 16282 
45600 516 16281 517 16282 
45601 16273 16276 16274 16283 
45602 16271 16272 16278 16284 
45603 16271 16273 16274 16283 
45604 16271 16278 16283 16284 
45605 16276 16283 16278 16284 
45606 16271 16278 16277 16283 
45607 16272 16276 16280 16285 
45608 16276 16269 16280 16285 
45609 16272 865 16268 16279 
45610 16271 16277 16275 16283 
45611 16276 16278 16269 16285 
45612 16269 16278 16268 16285 
45613 16272 16268 16278 16285 
45614 16273 16275 16276 16283 
45615 16272 16274 16276 16284 
45616 516 515 16273 16281 
45617 9674 16267 515 16282 
45618 516 16277 517 16281 
45619 517 16267 9674 16282 
45620 517 16275 16267 16281 
45621 16271 16273 16275 16281 
45622 16272 16270 865 16279 
45623 16272 16274 16270 16280 
45624 16272 16270 16279 16280 
45625 16269 16268 16279 16280 
45626 865 16270 16269 16279 
45627 16269 16268 16280 16285 
45628 16274 16283 16276 16284 
45629 16272 16280 16268 16285 
45630 16271 16283 16274 16284 
45631 515 16275 16273 16281 
45632 516 16273 16271 16281 
45633 516 9674 515 16282 
45634 515 16267 16275 16281 
45635 16275 16277 16276 16283 
45636 516 517 9674 16282 
45637 16271 16274 16272 16284 
45638 16274 16276 16269 16280 
45639 16272 16278 16276 16285 
45640 16276 16277 16278 16283 
45641 16271 16275 16273 16283 
45642 517 16277 16275 16281 
45643 16271 16275 16277 16281 
45644 16272 16276 16278 16284 
45645 516 16271 16277 16281 
45646 16349 16344 16338 16358 
45647 16350 16349 16339 16358 
45648 16328 16359 16317 16360 
45649 867 16356 16289 16361 
45650 16356 16355 16361 16362 
45651 16314 16294 16302 16363 
45652 16363 16307 16292 16305 
45653 16302 16294 16293 16292 
45654 16292 16305 16297 16291 
45655 16316 16292 16304 16363 
45656 16299 16297 16298 16295 
45657 16318 16304 16305 16363 
45658 16305 16307 16292 16293 
45659 16320 16306 16307 16363 
45660 16318 16316 16304 16363 
45661 16305 16292 16304 16291 
45662 16302 16298 16297 16293 
45663 16320 16307 16314 16363 
45664 16298 16295 16297 16293 
45665 16314 16302 16303 16363 
45666 16316 16360 16303 16363 
45667 16319 16305 16306 16363 
45668 16314 16307 16294 16363 
45669 16294 16307 16292 16363 
45670 16309 16311 16310 16321 
45671 16293 16305 16297 16292 
45672 16307 16305 16306 16300 
45673 9774 526 16346 525 
45674 16308 16301 16296 16290 
45675 16351 526 16345 524 
45676 16291 16305 16297 16295 
45677 16308 16310 16295 16299 
45678 16316 16303 16302 16363 
45679 16321 16310 16308 16299 
45680 16305 16304 16295 16291 
45681 16313 16309 16301 16296 
45682 16311 16301 16310 16300 
45683 16317 16303 16316 16360 
45684 16314 16303 16360 16363 
45685 16328 16316 16318 16360 
45686 16329 16318 16319 16360 
45687 16330 16319 16320 16360 
45688 16302 16294 16292 16363 
45689 16320 16319 16306 16363 
45690 16319 16318 16305 16363 
45691 16327 16320 16314 16360 
45692 16307 16306 16305 16363 
45693 16315 16314 16303 16360 
45694 16318 16360 16316 16363 
45695 16319 16360 16318 16363 
45696 16320 16314 16360 16363 
45697 16290 16310 16295 16308 
45698 16331 16323 16324 16312 
45699 16317 16315 16303 16360 
45700 16293 16310 16295 16290 
45701 16301 16311 16310 16309 
45702 16323 16311 16321 16310 
45703 16305 16304 16292 16363 
45704 16310 16301 16308 16290 
45705 16302 16293 16297 16292 
45706 16336 16327 16315 16359 
45707 16330 16359 16329 16360 
45708 16330 16329 16319 16360 
45709 16331 16323 16312 16309 
45710 16340 16329 16330 16359 
45711 16330 16327 16359 16360 
45712 16339 16338 16328 16359 
45713 16305 16293 16295 16290 
45714 16320 16360 16319 16363 
45715 16336 16315 16317 16359 
45716 16331 16312 16313 16309 
45717 16295 16305 16297 16293 
45718 16327 16315 16359 16360 
45719 16307 16305 16300 16293 
45720 16343 16322 16331 16364 
45721 16326 16325 16322 16364 
45722 16331 16324 16325 16312 
45723 16312 16309 16311 16301 
45724 16333 16324 16325 16364 
45725 16327 16314 16315 16360 
45726 16313 16309 16312 16301 
45727 16331 16322 16325 16364 
45728 16341 16333 16334 16364 
45729 16316 16302 16292 16363 
45730 16334 16325 16326 16364 
45731 16341 16332 16333 16364 
45732 16341 16335 16334 16333 
45733 16343 16331 16332 16364 
45734 16339 16328 16329 16359 
45735 16341 16326 16322 16364 
45736 16330 16320 16327 16360 
45737 16332 16331 16324 16364 
45738 16343 16332 16341 16364 
45739 16340 16358 16339 16359 
45740 16337 16330 16327 16359 
45741 16321 16309 16308 16310 
45742 16340 16339 16329 16359 
45743 16338 16358 16336 16359 
45744 16338 16317 16328 16359 
45745 16326 16322 16313 16309 
45746 16348 16337 16347 16358 
45747 16340 16337 16358 16359 
45748 16331 16322 16321 16309 
45749 16323 16311 16312 16309 
45750 16340 16330 16337 16359 
45751 16347 16358 16344 16362 
45752 16337 16336 16358 16359 
45753 16331 16321 16323 16309 
45754 16344 16336 16338 16358 
45755 16350 16349 16358 16362 
45756 16337 16327 16336 16359 
45757 16317 16359 16315 16360 
45758 16350 16339 16340 16358 
45759 16331 16325 16322 16313 
45760 16347 16337 16336 16358 
45761 16339 16358 16338 16359 
45762 16347 16336 16344 16358 
45763 16308 16296 16295 16290 
45764 16345 16333 16341 16332 
45765 16351 16345 16346 16341 
45766 16351 16341 16343 16332 
45767 16341 16334 16326 16364 
45768 525 526 16346 16342 
45769 16351 16346 16342 16341 
45770 16310 16300 16301 16290 
45771 16310 16293 16300 16290 
45772 16331 16325 16313 16312 
45773 16308 16297 16299 16295 
45774 9774 16346 16345 16335 
45775 16343 16341 16322 16364 
45776 16351 16345 16341 16332 
45777 16352 16343 16351 16341 
45778 16342 526 16346 16351 
45779 525 526 16342 16352 
45780 16331 16325 16324 16364 
45781 16351 526 16346 16345 
45782 16352 526 16342 16351 
45783 16329 16328 16318 16360 
45784 16357 16347 16344 16362 
45785 16345 16335 16341 16333 
45786 16346 16341 16335 16334 
45787 16346 16341 16345 16335 
45788 16352 16351 16342 16341 
45789 16348 16358 16347 16362 
45790 16356 16344 16349 16362 
45791 16349 16344 16358 16362 
45792 16350 16340 16348 16358 
45793 16310 16309 16308 16301 
45794 16328 16317 16316 16360 
45795 16349 16338 16339 16358 
45796 16354 16350 16348 16362 
45797 16357 16353 16347 16362 
45798 16338 16336 16317 16359 
45799 16348 16340 16337 16358 
45800 16353 16348 16347 16362 
45801 16287 16354 16353 16361 
45802 16350 16358 16348 16362 
45803 16296 16309 16301 16308 
45804 16354 16348 16353 16362 
45805 16355 16349 16350 16362 
45806 16357 16344 16356 16362 
45807 16357 16361 16353 16362 
45808 16286 16353 16357 16361 
45809 16333 16332 16324 16364 
45810 16334 16333 16325 16364 
45811 16326 16322 16325 16313 
45812 16345 526 16346 9774 
45813 16323 16321 16311 16309 
45814 526 866 524 16351 
45815 526 525 866 16352 
45816 16288 16354 16287 16361 
45817 867 16357 16356 16361 
45818 16288 16355 16354 16361 
45819 16356 16349 16355 16362 
45820 16286 867 16288 16361 
45821 16289 16355 16288 16361 
45822 867 16289 16288 16361 
45823 16286 16288 16287 16361 
45824 16355 16354 16361 16362 
45825 16355 16350 16354 16362 
45826 16357 16356 16361 16362 
45827 16286 16357 867 16361 
45828 16329 16359 16328 16360 
45829 16289 16356 16355 16361 
45830 16354 16353 16361 16362 
45831 16286 16287 16353 16361 
45832 16305 16300 16293 16290 
45833 16298 16310 16295 16293 
45834 16331 16313 16322 16309 
45835 524 526 16345 9774 
45836 526 16352 866 16351 
45837 16299 16310 16295 16298 
45838 16308 16297 16295 16291 
45839 16293 16307 16292 16294 
45840 16369 16377 16376 16378 
45841 16374 16376 16377 16378 
45842 16369 16370 16376 16377 
45843 16371 16374 16377 16378 
45844 522 16369 16375 16379 
45845 16369 16371 16377 16378 
45846 16370 16380 16366 16381 
45847 16370 16368 868 16366 
45848 16367 16376 16366 16381 
45849 16374 16376 16367 16381 
45850 16370 16374 16372 16381 
45851 16372 16374 16367 16381 
45852 522 521 16379 16382 
45853 521 16365 16379 16382 
45854 523 16379 16365 16382 
45855 522 16379 523 16382 
45856 523 16365 9773 16382 
45857 9773 16365 521 16382 
45858 522 16375 523 16379 
45859 522 521 16371 16379 
45860 16369 16372 16370 16377 
45861 16369 16373 16375 16379 
45862 16371 16373 16374 16378 
45863 16374 16375 16376 16378 
45864 16372 16367 16380 16381 
45865 522 16371 16369 16379 
45866 16368 16367 16366 16380 
45867 16370 16368 16366 16380 
45868 16372 16367 16368 16380 
45869 16370 16372 16368 16380 
45870 16369 16371 16372 16377 
45871 521 16373 16371 16379 
45872 16370 16372 16380 16381 
45873 16370 16372 16374 16377 
45874 16369 16375 16373 16378 
45875 522 9773 521 16382 
45876 523 16375 16373 16379 
45877 16369 16376 16375 16378 
45878 16371 16374 16372 16377 
45879 16370 16366 16376 16381 
45880 523 16373 16365 16379 
45881 16370 16376 16374 16381 
45882 522 523 9773 16382 
45883 16367 16366 16380 16381 
45884 16370 16374 16376 16377 
45885 16373 16375 16374 16378 
45886 521 16365 16373 16379 
45887 16369 16373 16371 16378 
45888 16369 16371 16373 16379 
45889 9869 16394 531 16395 
45890 532 530 9869 16395 
45891 531 16388 16386 16394 
45892 531 16394 16386 16395 
45893 530 16386 16394 16395 
45894 530 869 16386 16395 
45895 16387 16389 16396 16397 
45896 16387 16396 16393 16397 
45897 16389 16385 16396 16397 
45898 16393 16396 16383 16397 
45899 16385 16384 16396 16397 
45900 16384 16383 16396 16397 
45901 16390 16392 16393 16398 
45902 16386 16392 16390 16398 
45903 16387 16391 16393 16398 
45904 16386 16388 16387 16398 
45905 16389 16390 16391 16398 
45906 16388 16389 16387 16398 
45907 870 16384 16383 16396 
45908 16387 870 16393 16396 
45909 870 16385 16384 16396 
45910 16387 16391 16389 16397 
45911 16389 16391 16385 16397 
45912 16388 16390 16389 16398 
45913 16385 16391 16384 16397 
45914 16386 16387 16392 16398 
45915 16391 16383 16384 16397 
45916 16386 16390 16392 16394 
45917 532 531 869 16395 
45918 9869 16390 16388 16394 
45919 9869 530 16394 16395 
45920 9869 530 16392 16394 
45921 532 9869 531 16395 
45922 9869 16388 531 16394 
45923 16391 16393 16383 16397 
45924 16387 16393 16391 16397 
45925 16389 16385 870 16396 
45926 870 16383 16393 16396 
45927 16387 16393 16392 16398 
45928 532 869 530 16395 
45929 16386 16388 16390 16394 
45930 16390 16393 16391 16398 
45931 9869 16392 16390 16394 
45932 16387 16389 16391 16398 
45933 16387 16389 870 16396 
45934 16386 16390 16388 16398 
45935 531 16386 869 16395 
45936 530 16386 16392 16394 
45937 527 16399 16411 16412 
45938 528 527 16411 16412 
45939 529 16411 16399 16412 
45940 528 16411 529 16412 
45941 16401 16413 16410 16414 
45942 16405 16407 16408 16415 
45943 16402 16413 16401 16414 
45944 16404 16410 16413 16414 
45945 16404 16400 16410 16414 
45946 16404 871 16400 16414 
45947 16408 16409 16410 16415 
45948 16404 16408 16410 16415 
45949 16403 16410 16409 16415 
45950 528 16409 529 16411 
45951 529 16399 9868 16412 
45952 9868 16399 527 16412 
45953 528 527 16407 16411 
45954 16406 16408 16401 16413 
45955 16403 16407 16405 16415 
45956 16408 16410 16401 16413 
45957 871 16402 16401 16414 
45958 16404 16402 871 16414 
45959 16404 16410 16408 16413 
45960 16406 16401 16402 16413 
45961 16403 16406 16404 16415 
45962 16401 16410 16400 16414 
45963 16404 16406 16402 16413 
45964 16404 16413 16402 16414 
45965 529 16409 16407 16411 
45966 528 527 16405 16407 
45967 16404 16408 16406 16413 
45968 528 16407 16409 16411 
45969 16404 16406 16408 16415 
45970 528 9868 527 16412 
45971 16407 16409 16408 16415 
45972 527 16399 16407 16411 
45973 16403 16405 16406 16415 
45974 528 529 9868 16412 
45975 16403 16409 16407 16415 
45976 529 16407 16399 16411 
45977 16403 16404 16410 16415 
45978 16405 16408 16406 16415 
45979 528 16407 16403 16409 
45980 871 16401 16400 16414 
45981 528 16405 16403 16407 
45982 16432 16420 16427 16491 
45983 16425 16423 16424 16491 
45984 16425 16438 16423 16426 
45985 16437 16424 16425 16423 
45986 16442 16422 16431 16421 
45987 16479 16465 16467 16492 
45988 16437 16438 16423 16425 
45989 16450 16437 16438 16493 
45990 16426 16423 16425 16491 
45991 16440 16438 16423 16429 
45992 16440 16438 16439 16426 
45993 16451 16438 16439 16493 
45994 16433 16426 16425 16491 
45995 16430 16423 16428 16491 
45996 16437 16435 16429 16493 
45997 16432 16427 16426 16491 
45998 16452 16451 16439 16493 
45999 16429 16438 16423 16437 
46000 16450 16449 16493 16494 
46001 16437 16429 16435 16423 
46002 16440 16428 16429 16423 
46003 16436 16429 16435 16493 
46004 16426 16438 16423 16440 
46005 16440 16426 16427 16423 
46006 16441 16493 16436 16494 
46007 16452 16440 16441 16493 
46008 16441 16429 16436 16493 
46009 16427 16423 16426 16491 
46010 16449 16436 16435 16493 
46011 16440 16427 16428 16423 
46012 16455 16453 16443 16495 
46013 16442 16434 16422 16421 
46014 16443 16432 16442 16420 
46015 16430 16421 16424 16491 
46016 16428 16423 16427 16491 
46017 16442 16421 16430 16491 
46018 16442 16428 16420 16491 
46019 16442 16422 16434 16495 
46020 16433 16425 16421 16491 
46021 16442 16433 16434 16421 
46022 16438 16437 16429 16493 
46023 16444 16442 16443 16432 
46024 16446 16445 16434 16495 
46025 16455 16445 16447 16495 
46026 16458 16447 16457 16446 
46027 16449 16436 16493 16494 
46028 16447 16445 16446 16495 
46029 16455 16443 16444 16495 
46030 16444 16443 16442 16495 
46031 16444 16442 16434 16495 
46032 16453 16447 16442 16495 
46033 16451 16450 16438 16493 
46034 16459 16452 16441 16494 
46035 16452 16493 16441 16494 
46036 16442 16420 16432 16491 
46037 16455 16444 16445 16495 
46038 16452 16439 16440 16493 
46039 16442 16430 16428 16491 
46040 16457 16455 16456 16445 
46041 16444 16434 16442 16433 
46042 16442 16431 16422 16495 
46043 16481 16496 16478 16497 
46044 16468 16457 16458 16498 
46045 16453 16442 16443 16495 
46046 16440 16439 16427 16426 
46047 16464 16458 16457 16498 
46048 16467 16492 16465 16498 
46049 16467 16456 16457 16498 
46050 16482 16477 16496 16497 
46051 16474 16468 16458 16498 
46052 16468 16467 16457 16498 
46053 16457 16447 16455 16445 
46054 16457 16446 16447 16445 
46055 16464 16458 16448 16447 
46056 16464 16456 16457 16455 
46057 16447 16446 16431 16495 
46058 16460 16436 16449 16494 
46059 16463 16451 16452 16494 
46060 16460 16441 16436 16494 
46061 16466 16459 16460 16499 
46062 16481 16473 16470 16496 
46063 16440 16438 16429 16493 
46064 16461 16449 16450 16494 
46065 16462 16450 16451 16494 
46066 16442 16432 16433 16491 
46067 16447 16431 16442 16495 
46068 16472 16471 16461 16499 
46069 16462 16461 16450 16494 
46070 16463 16494 16459 16499 
46071 16462 16461 16494 16499 
46072 16430 16424 16423 16491 
46073 16461 16460 16449 16494 
46074 16471 16460 16461 16499 
46075 16461 16460 16494 16499 
46076 16463 16452 16459 16494 
46077 16441 16440 16429 16493 
46078 16450 16449 16437 16493 
46079 16451 16450 16493 16494 
46080 16460 16459 16494 16499 
46081 16460 16459 16441 16494 
46082 16471 16466 16460 16499 
46083 16442 16433 16421 16491 
46084 16463 16462 16451 16494 
46085 16446 16434 16422 16495 
46086 16464 16448 16458 16498 
46087 16464 16448 16454 16447 
46088 16445 16444 16434 16495 
46089 16452 16451 16493 16494 
46090 16467 16465 16456 16498 
46091 16464 16457 16458 16447 
46092 16474 16492 16468 16498 
46093 16469 16467 16468 16492 
46094 16470 16463 16459 16499 
46095 16476 16474 16454 16498 
46096 16476 16464 16465 16498 
46097 16470 16459 16466 16499 
46098 16477 16466 16471 16496 
46099 16470 16466 16496 16499 
46100 16476 16492 16474 16498 
46101 16476 16454 16464 16498 
46102 16473 16470 16496 16499 
46103 16473 16472 16462 16499 
46104 16418 16488 16487 16500 
46105 16482 16471 16472 16496 
46106 16482 16477 16471 16496 
46107 16483 16472 16473 16496 
46108 16465 16464 16456 16498 
46109 16473 16496 16472 16499 
46110 16484 16476 16465 16492 
46111 16485 16479 16475 16492 
46112 16484 16465 16479 16492 
46113 16485 16476 16484 16492 
46114 16485 16475 16474 16492 
46115 16464 16453 16455 16447 
46116 16464 16457 16456 16498 
46117 16480 16469 16468 16492 
46118 537 538 16480 16475 
46119 16464 16454 16448 16498 
46120 16480 16474 16475 16492 
46121 16475 538 16480 16479 
46122 16478 16466 16477 16496 
46123 16478 16470 16466 16496 
46124 16485 538 16479 16484 
46125 16485 16484 16479 16492 
46126 16485 16475 538 537 
46127 16485 16474 16476 16492 
46128 16483 16482 16472 16496 
46129 16464 16454 16453 16447 
46130 16480 16475 16479 16492 
46131 16471 16496 16466 16499 
46132 16478 16496 16477 16497 
46133 16489 16477 16488 16497 
46134 16481 16470 16478 16496 
46135 16440 16439 16438 16493 
46136 16483 16473 16481 16496 
46137 16464 16455 16457 16447 
46138 16490 16478 16489 16497 
46139 16483 16496 16481 16497 
46140 16487 16497 16486 16500 
46141 16490 16486 16497 16500 
46142 16419 16489 16488 16500 
46143 16484 538 16479 536 
46144 16480 16468 16474 16492 
46145 16486 16483 16481 16497 
46146 16487 16482 16483 16497 
46147 16473 16463 16470 16499 
46148 16483 16482 16496 16497 
46149 16487 16483 16486 16497 
46150 16488 16477 16482 16497 
46151 16418 16487 16417 16500 
46152 16416 16417 16486 16500 
46153 16479 16475 538 16485 
46154 16479 538 16480 9965 
46155 16490 16486 16481 16497 
46156 538 537 872 16485 
46157 16476 16465 16492 16498 
46158 16416 873 16418 16500 
46159 16416 16486 16490 16500 
46160 16417 16487 16486 16500 
46161 16489 16478 16477 16497 
46162 873 16490 16489 16500 
46163 16488 16497 16487 16500 
46164 16419 16488 16418 16500 
46165 873 16419 16418 16500 
46166 873 16489 16419 16500 
46167 16416 16490 873 16500 
46168 16488 16482 16487 16497 
46169 16490 16481 16478 16497 
46170 16416 16418 16417 16500 
46171 16489 16497 16488 16500 
46172 16474 16448 16454 16498 
46173 538 872 536 16484 
46174 9965 538 16480 537 
46175 16490 16497 16489 16500 
46176 536 538 16479 9965 
46177 9965 16480 16479 16469 
46178 538 16485 872 16484 
46179 16479 16467 16469 16492 
46180 16442 16431 16430 16421 
46181 16474 16458 16448 16498 
46182 16437 16435 16424 16423 
46183 16480 16479 16469 16492 
46184 16425 16424 16421 16491 
46185 16446 16422 16431 16495 
46186 16472 16496 16471 16499 
46187 16449 16435 16437 16493 
46188 16468 16492 16467 16498 
46189 16463 16462 16494 16499 
46190 16455 16447 16453 16495 
46191 16473 16462 16463 16499 
46192 16444 16433 16442 16432 
46193 16472 16461 16462 16499 
46194 16433 16432 16426 16491 
46195 16428 16427 16420 16491 
46196 16505 16575 16574 16577 
46197 874 16575 16505 16577 
46198 16525 16527 16517 16516 
46199 16528 16516 16527 16515 
46200 16516 16527 16517 16528 
46201 16526 16513 16514 16507 
46202 16516 16512 16515 16507 
46203 16516 16508 16512 16507 
46204 16523 16522 16511 16510 
46205 16518 16519 16510 16506 
46206 16523 16522 16510 16519 
46207 16526 16515 16512 16507 
46208 16544 16530 16543 16529 
46209 16518 16510 16511 16506 
46210 16518 16514 16513 16506 
46211 16521 16520 16509 16519 
46212 16526 16512 16513 16507 
46213 16525 16527 16524 16517 
46214 16527 16516 16525 16515 
46215 16531 16521 16522 16519 
46216 16545 16531 16533 16578 
46217 16579 533 9964 534 
46218 16510 16519 16509 16506 
46219 16537 16536 16522 16578 
46220 16531 16520 16521 16519 
46221 16510 16509 16508 16506 
46222 16548 16547 16578 16580 
46223 16518 16511 16514 16506 
46224 16529 16517 16528 16516 
46225 16532 16520 16531 16519 
46226 16537 16523 16531 16522 
46227 16514 16508 16511 16507 
46228 16523 16510 16518 16519 
46229 16532 16531 16518 16519 
46230 16525 16517 16524 16512 
46231 16521 16509 16510 16519 
46232 16523 16511 16518 16510 
46233 16526 16514 16515 16507 
46234 16536 16535 16521 16578 
46235 16539 16526 16527 16525 
46236 16539 16530 16538 16524 
46237 16517 16527 16524 16530 
46238 16528 16527 16517 16530 
46239 9964 16501 16571 16570 
46240 16525 16516 16517 16512 
46241 16513 16508 16512 16506 
46242 16531 16523 16518 16519 
46243 16528 16541 16530 16543 
46244 16511 16510 16508 16506 
46245 16523 16514 16518 16511 
46246 16530 16527 16524 16539 
46247 16543 16541 16530 16542 
46248 16570 16581 16554 16551 
46249 16538 16540 16530 16539 
46250 16560 16543 16553 16542 
46251 16561 16543 16560 16541 
46252 16535 16534 16520 16578 
46253 16526 16515 16525 16512 
46254 16543 16529 16530 16528 
46255 16570 16554 16564 16551 
46256 16560 16543 16542 16541 
46257 16560 16553 16551 16542 
46258 16540 16541 16530 16527 
46259 16522 16521 16510 16519 
46260 16546 16533 16532 16578 
46261 16536 16521 16522 16578 
46262 16532 16531 16520 16578 
46263 16530 16528 16529 16517 
46264 16534 16532 16520 16578 
46265 16531 16522 16521 16578 
46266 16546 16532 16534 16578 
46267 16545 16537 16531 16578 
46268 16564 16554 16552 16551 
46269 16549 16536 16537 16578 
46270 16535 16520 16521 16578 
46271 16548 16535 16536 16578 
46272 16539 16538 16525 16524 
46273 16549 16578 16545 16580 
46274 16531 16522 16523 16519 
46275 16533 16531 16532 16578 
46276 16537 16522 16531 16578 
46277 16527 16525 16526 16515 
46278 16502 16572 16576 16577 
46279 16558 16547 16548 16580 
46280 16548 16547 16535 16578 
46281 16558 16557 16580 16582 
46282 16549 16548 16536 16578 
46283 16539 16540 16530 16527 
46284 535 16564 16579 534 
46285 16556 16580 16555 16582 
46286 16549 16537 16545 16578 
46287 16539 16527 16524 16525 
46288 16557 16555 16546 16580 
46289 16517 16512 16516 16508 
46290 16513 16512 16508 16507 
46291 16546 16533 16578 16580 
46292 16555 16533 16546 16580 
46293 16545 16578 16533 16580 
46294 16557 16546 16547 16580 
46295 16542 16541 16530 16540 
46296 16550 16540 16542 16538 
46297 16514 16513 16508 16507 
46298 16556 16545 16555 16580 
46299 16549 16548 16578 16580 
46300 16542 16540 16530 16538 
46301 16527 16541 16530 16528 
46302 16558 16557 16547 16580 
46303 16526 16525 16513 16512 
46304 16550 16539 16540 16538 
46305 16555 16545 16533 16580 
46306 16514 16508 16513 16506 
46307 16553 16544 16552 16542 
46308 16553 16552 16551 16542 
46309 16514 16511 16508 16506 
46310 16554 16553 16552 16551 
46311 16559 16549 16556 16580 
46312 16560 16551 16550 16542 
46313 16561 16553 16560 16543 
46314 16560 16541 16542 16540 
46315 16556 16549 16545 16580 
46316 16547 16546 16578 16580 
46317 16569 16568 16558 16582 
46318 16559 16558 16580 16582 
46319 16559 16580 16556 16582 
46320 16547 16546 16534 16578 
46321 16563 16556 16555 16582 
46322 16568 16566 16582 16583 
46323 16559 16558 16548 16580 
46324 16567 16559 16556 16582 
46325 16566 16563 16555 16582 
46326 16571 16561 16581 16560 
46327 16568 16566 16557 16582 
46328 16569 16559 16567 16582 
46329 16547 16534 16535 16578 
46330 16551 16560 16581 16553 
46331 16570 16560 16581 16551 
46332 16531 16521 16520 16578 
46333 533 16571 16579 9964 
46334 534 16565 16579 533 
46335 16565 16562 16561 16554 
46336 16562 533 16571 16579 
46337 16579 535 9964 16570 
46338 16560 16571 16570 16581 
46339 16574 16567 16563 16583 
46340 533 16565 16579 16562 
46341 16502 16503 16572 16577 
46342 16553 16560 16581 16561 
46343 16525 16515 16516 16512 
46344 534 535 9964 16579 
46345 16575 16574 16577 16583 
46346 16554 16561 16581 16571 
46347 16502 16576 874 16577 
46348 16560 16542 16550 16540 
46349 16571 16561 16562 16554 
46350 16570 9964 16579 16571 
46351 9964 16501 533 16571 
46352 16566 16563 16582 16583 
46353 16573 16563 16566 16583 
46354 16570 16564 16579 535 
46355 16544 16542 16543 16530 
46356 16573 16566 16572 16583 
46357 16574 16563 16573 16583 
46358 16569 16582 16567 16583 
46359 16569 16558 16559 16582 
46360 16557 16555 16580 16582 
46361 16576 16575 16577 16583 
46362 16503 16573 16572 16577 
46363 16575 16569 16567 16583 
46364 16559 16548 16549 16580 
46365 16572 16566 16568 16583 
46366 16576 16568 16569 16583 
46367 16567 16582 16563 16583 
46368 16576 16577 16572 16583 
46369 16502 874 16505 16577 
46370 16565 16554 16561 16553 
46371 16566 16555 16557 16582 
46372 535 16501 9964 16570 
46373 16504 16573 16503 16577 
46374 16504 16574 16573 16577 
46375 16576 16569 16575 16583 
46376 16575 16567 16574 16583 
46377 16505 16574 16504 16577 
46378 16569 16568 16582 16583 
46379 874 16576 16575 16577 
46380 16502 16505 16504 16577 
46381 16502 16504 16503 16577 
46382 16567 16556 16563 16582 
46383 16568 16557 16558 16582 
46384 16576 16572 16568 16583 
46385 16553 16543 16544 16542 
46386 16573 16572 16577 16583 
46387 16574 16573 16577 16583 
46388 16571 16579 16554 16562 
46389 16562 16579 16554 16565 
46390 16565 16579 16554 534 
46391 534 16579 16554 16564 
46392 16564 16579 16554 16570 
46393 16570 16579 16554 16571 
46394 16551 16581 16554 16553 
46395 16553 16581 16554 16561 
46396 16581 16571 16570 16554 
$EndElements
