$MeshFormat
4.1 0 8
$EndMeshFormat
$Entities
0 0 0 1
1 0 0 0 0 0 0 0 0 
$EndEntities
$PartitionedEntities
4
0
0 0 5 6
2 3 1 2 1 4 -9.994400000000001 -5.028616999999999 43.39136 -0.05088389999999965 4.93052 47.6182 0 0 
3 3 1 2 2 4 -7.847324 -7.850352 22.33766 7.938651 7.999384 28.45256 0 0 
4 3 1 2 1 2 -8.084847999999999 0.07214103000000005 69.19970000000001 -2.100999 6.352778 71.45031 0 0 
5 3 1 2 3 4 1.916516 -6.274918 66.39559 8.215626 -0.1545114000000001 69.20842 0 0 
6 3 1 2 3 4 0.07227237000000031 -5.036123 41.17028 10.08936 4.931884 45.80977 0 0 
2 3 1 1 3 0.07227237000000031 -6.375686 41.17028 10.12977 6.381257 130.6853 0 2 5 6 
5 3 1 1 1 -10.1106 -6.37895 43.39136 -0.05039684000000033 6.381216999999999 130.6853 0 2 2 4 
6 3 1 1 2 -7.999983 -7.999964 0 8 7.999998 28.45256 0 1 3 
7 3 1 1 2 -9.11008 0.03501349999999981 69.19970000000001 -1.070081 6.377031 130.6853 0 1 -4 
8 3 1 1 4 -10.1297 -7.999993999999999 22.33766 10.12977 7.999998 47.6182 0 2 -2 -3 
9 3 1 1 4 1.070085 -6.381301 66.39559 9.110080999999999 -0.03185452999999994 130.6853 0 2 -5 -6 
$EndPartitionedEntities
$Nodes
4 5506 7 20188
2 3 0 28
1164
1272
1158
1292
1283
1273
1136
1298
1107
1159
1067
1135
1163
1266
1130
1141
1167
1278
1157
1124
1281
1286
1066
1287
1142
1137
1114
1262
-4.403304 -6.679141 25.56464
-2.5603 -2.834614 26.36968
-6.603881 -4.515391 25.67833
4.670787 -1.227024 24.77033
0.9469676 1.178248 24.84004
2.08534 -3.097574 27.00009
5.632086 5.681514 22.61802
3.829726 2.730051 23.1893
7.175913 3.53642 23.11777
6.753044 -4.289102 25.73686
7.56692 -2.596483 22.33766
3.080339 7.383191 22.95031
-4.40725 6.676537 25.73245
-0.4869183 5.35965 26.59988
-3.000019 7.416191 22.49498
-1.540121 -7.850352 25.59242
4.500483 -6.61405 25.65946
0.7024502 4.93912 22.75518
-6.634751 4.469909 25.85532
-7.847324 1.555475 25.98486
-4.143003 2.713001 26.24233
-1.514926 0.8564603 26.86365
7.938651 0.9888514 22.5707
-4.831728 0.383206 27.8546
1.580475 -7.842327 25.65993
-7.830902 -1.636148 25.88811
0.09927451 7.999384 22.79094
-0.05914626 -4.034957 28.45256
2 4 0 13
2030
2087
2017
2021
2079
2009
2029
2015
2022
2004
2082
2000
2023
-8.053634000000001 4.345287 69.19970000000001
-6.073316 2.706059 70.1323
-6.555394 6.022971 69.51275
-2.100999 2.136618 71.22786000000001
-4.034341 2.281606 70.58002
-3.484638 0.4675865 71.38911
-8.084847999999999 2.152634 69.30435
-6.672219 0.4540589 69.41639000000001
-3.417031 5.904748 71.45031
-4.665088 6.352778 69.84909
-4.638688 4.275957 69.69052000000001
-4.585256 0.07214102999999999 69.36955
-2.109042 4.298693 71.15443
3 6 0 179
1189
1156
1207
1208
1154
1209
1210
1211
1155
1101
1212
1213
1214
1215
1105
1088
1216
1217
1094
1218
1219
1073
1220
1118
1221
1222
1090
1089
1086
1223
1224
1065
1225
1226
1098
1132
1131
1227
1228
1111
1229
1125
1082
1230
1231
1232
1233
1234
1235
1236
1080
1071
1237
1100
1238
1102
1072
1149
1239
1096
1240
1150
1097
1241
1242
1243
1244
1148
1245
1110
1092
1246
1247
1248
1249
1076
1250
1069
1074
1116
1108
1251
1252
1079
1070
1143
1117
1253
1093
1182
1254
1198
1255
1202
1197
1256
1050
1049
1181
1257
1048
1180
1145
1258
1259
1260
1185
1151
1261
1184
1183
1078
1120
1099
1264
1271
1134
1279
1280
1282
1104
1122
1177
1144
1106
1128
1095
1152
1051
1199
1121
1103
1068
1129
1085
1109
1195
1196
1296
1133
1176
1045
1044
1046
1178
1115
1091
1300
7
1188
1194
1301
1112
1303
1187
1201
1087
1083
1081
1147
1146
1161
1084
1075
1047
1056
1119
1043
1153
1123
1179
1186
1200
1113
1055
1054
1053
1052
1077
7.838103 -1.601293 3.125241
7.998562 0.1516943 6.001591
3.002558 -0.1679011 3.268364
4.653621 -3.081772 4.819849
7.297171 3.278916 6.376031
4.281209 0.2676235 6.366613
5.273954 0.777132 9.261379
2.927809 3.949147 5.142751
7.44245 -2.934271 6.459245
7.126352 -3.635258 10.51054
5.27499 2.320475 3.907926
1.433725 -0.09271131000000001 9.452481000000001
3.618327 -3.401339 10.58208
1.025083 2.021633 6.91389
-6.919902 -4.014344 19.04532
-6.470758 -4.704178 14.62236
-5.36375 -1.518606 14.83747
-2.983556 -3.796226 15.75912
-7.998505 0.1546443 13.59766
-4.265213 1.68594 15.40162
-4.433661 2.559 12.15654
-7.868566 1.444185 17.4142
-1.76805 0.3218056 12.66
-7.449386 -2.916615 10.47079
-3.047417 -3.342791 12.71969
-3.917823 -1.120614 10.44139
2.457964 7.613042 16.73708
-1.026751 7.933838 19.39236
-2.502353 7.598568 15.88417
-1.166188 4.983766 18.69128
0.2642673 5.863514 15.0787
2.916947 7.449256 13.46092
1.578944 3.205912 16.46253
-1.915113 4.125401 13.43113
0.005995945 7.999998 12.57912
-5.731127 -5.581593 22.29399
-3.129852 -7.362338 22.25624
-4.217524 -3.31591 20.5788
-2.914349 -4.746792 24.03298
-4.755921 -6.432823 18.72474
-1.395714 -5.345002 20.60937
-7.429306 -2.967392 22.6238
-7.928429 -1.067712 19.89172
-4.909599 0.5949783 23.15079
-5.863843 -2.028754 24.42748
-1.213562 -2.539531 22.2834
1.546207 2.802536 13.46504
1.845204 -1.394548 13.77814
4.524958 3.627809 12.19494
4.680591 1.485837 17.4562
7.914555 1.166116 15.72581
7.984948 -0.4905093 18.74846
5.078436 -0.1712452 14.72562
7.660703 -2.305133 14.82159
2.924953 -4.517542 15.29124
7.985827 0.4759823 11.91231
7.227864 3.428991 14.17859
-7.76772 1.913771 6.807906
-4.262458 3.187575 7.674813
-7.99332 0.3268543 9.770754
-4.621779 0.1489213 7.567734
-3.89712 6.986591 6.252508
-5.048454 6.205894 9.128869
-2.076445 4.852592 9.25703
-1.701941 1.461544 9.278656
-1.952376 -1.004837 5.388638
-5.106368 1.781704 4.973925
-6.374962 4.833204 6.623367
-2.625357 5.044583 4.876503
-1.558147 -7.846794 19.11655
1.752955 -7.805584 19.46398
1.051468 -5.265226 18.84326
0.1647763 -2.167798 17.97604
2.886158 -3.994908 21.98323
-0.2334588 -4.738537 13.2116
4.458326 -6.642539 19.85808
4.220618 -1.630958 19.0059
3.874263 -6.999292 16.7914
0.4509424 -7.987281 16.19927
1.031665 -7.9332 9.90903
-2.440333 -7.618712 9.773277
1.276802 -5.434693 8.375203000000001
-0.7941735 -2.985059 9.613512
5.774101 -5.537125 13.99686
6.622698 -4.487747 18.34985
5.684821 -5.628748 6.843602
4.453138 -6.646018 10.22055
1.775891 -2.809294 6.488214
2.612185 -7.561514 13.30078
-7.277695 3.321921 3.343447
-4.603331 -0.9244843 2.369951
-4.721246 1.069428 0
-3.797079 3.044118 2.446553
0.08560860000000001 0.3240551 0
-3.879295 -2.794205 0
-1.228962 -2.832157 2.647924
-7.821057 1.682578 0
-7.832654 -1.627738 0
-7.999453 0.09352539999999999 3.387171
-4.569839 -2.929996 4.754259
-6.497553 -4.667098 0
-7.339413 -3.183239 3.390344
-0.7409034 -7.965618 6.609816
-3.839003 -4.126623 8.381833
-0.4615968 -5.453341 4.681374
-0.9432053 2.739854 3.395674
0.8411268 7.955659 3.17672
-0.8497629 7.954741 6.194963
0.05491156 5.324987 6.57243
-2.443454 7.617712 3.123558
-5.319894 5.974841 3.221905
-4.233731 6.787895 12.32789
-2.339913 7.650151 9.35999
0.6476031 7.973745 9.071279000000001
1.282856 3.847811 10.2925
0.2808646 -5.375803 24.08938
3.127287 -7.363428 22.61142
-1.781422 2.386127 23.30915
1.828415 1.418088 20.63351
-4.20856 3.44504 21.56176
-7.4073 3.021903 22.95526
7.937234 -1.000157 8.797533
4.126333 -6.853712 3.391047
2.718018 -7.52412 6.735316
-7.999983 0.01654479 23.03942
-4.046857 -6.900938 6.690069
-5.477324 -5.830859 10.24116
2.428449 7.622508 6.466183
-6.46859 4.707159 0
-2.52966 4.266161 0
3.634945 7.126512 10.33753
6.744859 4.301962 10.35262
5.328011 5.967604 14.09001
-5.711026 5.602158 22.5751
-6.894603 4.057641 19.53032
-4.557858 6.574643 19.08141
3.299531 -3.56561 0
-0.4554601 -4.783485 0
1.47771 -4.496514 2.323859
5.805783 -5.503897 22.37742
6.547255 -4.597113 3.313473
2.464517 -7.610924 0
5.330122 -5.965718 0
-0.8401096 -7.955766 0
0.9226602 -7.946616 3.349473
0.02393763 -7.999964 22.44103
6.785604 4.237402 18.56016
2.334994 4.933298 20.1609
8 0 0
7.815749 1.707064 3.113744
4.943666 0.0326373 0
-4.584951 0.08612488 17.86247
1.810551 7.792426 20.2357
-1.765416 0.8001668 19.40107
6.457901 4.721813 3.248047
3.467107 3.633544 0
-3.134077 -7.360541 15.72001
-3.962845 -6.949522 12.71414
-7.796547 -1.792724 16.75178
-7.857197 -1.504811 6.767872
-6.559059 -4.580256 6.838731
-5.387305 -5.914131 3.366224
-6.452757 4.728839 15.39943
-7.847836 1.55289 20.53398
-3.959077 -6.95167 0
7.316634 3.235253 0
-7.06581 3.751576 10.71909
7.312979 -3.243507 0
5.351967 5.946129 6.762512
7.844226 1.571027 8.74616
-2.457411 -7.613221 3.327346
3.998267 6.929203 3.27799
0.5602267 4.733969 0
4.269279 6.765594 19.99235
5.361945 5.937133 0
2.475384 7.607396 0
-0.8058854 7.959306 0
-3.958011 6.952276 0
-0.9029089 -7.948884 12.94495
3 7 0 5286
2047
2043
2088
2048
2089
1986
2053
2090
2091
39
1971
1985
2092
1993
1992
1970
2093
2094
2095
2026
2099
2100
1979
2101
2061
2074
2102
2103
2039
2038
2107
2031
2060
2036
2052
2057
2035
2073
2108
2109
2110
1980
1978
1975
1976
37
1974
1995
1994
2051
2111
2059
1973
1983
2112
2113
1972
1988
1987
2114
2066
35
2067
2056
2115
1977
1981
1982
2055
36
1984
2037
2054
1989
40
2068
38
2682
2746
2676
2747
2679
2748
2690
2749
2750
2745
2744
2691
2677
2678
2709
2708
2697
2680
2692
2717
2712
2751
2752
2719
2753
2707
2705
2706
2754
2694
2688
2741
2755
2756
2757
2743
2758
2702
2722
2737
2668
2729
2724
2759
2734
2760
2761
2723
2740
2738
2700
2736
2703
83
2742
2687
2684
2681
2675
2674
2686
2683
2728
2721
2699
2695
2693
2698
2685
2701
2704
2689
2739
2714
2715
2710
2716
2762
2696
2733
2718
2673
2735
2720
2725
2727
2730
2711
2726
2713
2763
2667
2664
2764
2665
2765
2672
2732
2731
80
2669
84
78
2671
2670
81
82
77
2666
79
91
2847
2825
2848
2771
2849
2850
2773
89
2775
2774
2819
2816
2796
2851
2852
2793
2788
2826
2808
2814
2853
2854
2855
2856
2857
2820
2858
2859
2828
2805
2836
2821
2822
2803
2811
2860
2861
2862
2835
2818
2863
2864
2865
2832
2770
87
2823
2776
2834
2778
2866
2769
2766
86
2824
2801
2783
2815
2841
2837
2827
2806
2831
2867
2846
2839
2844
2838
2840
2845
2843
2767
2833
2830
2798
2797
2779
2868
2792
2787
2786
2789
2782
2812
2791
2807
2795
2784
2777
2785
2780
2781
2794
2799
2804
2800
2829
88
2802
2790
2817
2810
2813
2809
85
2772
90
2842
2768
4093
4127
4088
4128
4101
4129
4130
4100
4099
4079
4131
4076
4080
4132
4133
4134
4135
4136
4137
4113
4138
4139
4140
4117
4141
4123
4126
4142
4040
159
4038
4120
4124
4044
4111
4110
4039
4122
4121
4143
4115
4112
4107
4102
4034
4119
4033
4062
4059
4052
4144
4057
4047
4056
4145
4058
4051
4065
4063
4053
4055
4049
4050
4066
4078
4146
157
4075
4071
4061
4147
4074
4054
4060
4069
4081
4067
4064
4070
4125
4068
4072
4073
4077
4082
4148
4106
4085
4086
4083
4095
4087
4091
4097
4089
4096
4043
4042
4035
4032
4048
4031
4036
4041
4103
4084
155
4030
4118
4098
4094
4090
4105
4108
4104
4092
4116
4109
156
160
158
4114
4037
4046
4045
4246
4252
4253
4254
4255
4168
4163
4167
166
4249
4165
4164
4256
4250
4245
4230
4257
4258
4236
4229
4259
4260
4239
4227
4248
4207
4261
4262
4204
4169
4206
4205
4263
4189
4179
4175
4264
4221
4216
4231
4226
4224
4217
4219
4265
4266
4267
4268
4269
4152
4159
4151
4270
4173
4244
4243
4271
4272
4273
4274
4228
4233
4220
4192
4181
4182
4176
4153
163
4154
4232
164
4247
4241
4275
4172
4158
4242
4276
4251
4238
4237
4277
4149
161
4155
4234
4278
4170
4162
165
4171
4279
4200
4214
4235
4240
4196
4188
4184
4280
162
4160
4157
4156
4150
4174
4194
4180
4186
4185
4177
4193
4178
4191
4208
4202
4198
4281
4197
4187
4201
4212
4210
4199
4183
4203
4195
4213
4190
4211
4209
4222
4218
4166
4161
4215
4223
4225
4288
4376
4377
4378
170
4358
4366
4373
4379
4380
4370
4381
4382
4318
4317
4309
4383
4339
4325
4335
172
4289
4290
4291
4374
4334
4333
4384
4332
4331
4385
4330
4372
4287
4299
4298
4386
4355
4292
4387
4284
4297
4296
4375
4388
4295
4368
4389
4390
4364
4391
4345
168
4367
4353
4354
4362
4359
4361
4363
4371
4286
169
4285
4357
4356
4369
4328
4320
4392
4306
4300
4393
4311
4302
4301
4307
4321
4312
4305
4315
4324
4310
4308
4323
4327
4319
4316
4322
4313
4329
4303
4304
4314
4340
4338
4394
4283
4336
4326
4337
4346
4342
4341
4343
4351
4344
4294
4349
4348
4347
4282
171
4365
4293
4350
4360
4352
167
4395
4496
4401
4497
173
4469
4400
4487
4475
4484
4498
4473
4499
4476
4459
4467
4477
4500
4501
4502
4503
4504
4403
4396
4441
4431
4424
4505
4493
4490
4506
4411
4494
4507
4412
4410
4409
4508
178
4495
4509
4399
4420
4419
4489
4488
4510
4486
4482
4471
4468
4511
4483
4472
4491
4474
4408
4407
4414
4416
4417
4478
4512
177
4479
4405
4404
4513
4514
4397
4515
4413
4463
4516
4457
4517
4485
4398
4402
4432
4425
4421
4518
4480
4470
176
4418
175
4438
4426
4442
4428
4422
4519
4447
4445
4433
4446
4443
4452
4440
4429
4520
4439
4450
4437
4448
4436
4464
4458
4427
4430
4434
4456
4455
4423
4435
4454
4451
4449
4453
4444
4461
4460
4492
4462
4415
4466
4406
174
4481
4465
6773
6772
6769
6849
6784
6779
6764
6778
6850
6761
328
327
6840
6782
6770
6771
6781
6777
6783
6785
6851
6776
6775
6766
6789
6768
6852
6786
6774
6798
6797
6799
6793
6788
6787
6767
6765
6800
6801
6807
6853
6796
6794
6792
6806
6854
6814
6813
6811
6805
6795
6816
6815
6808
6780
6791
6818
6802
6790
6804
6855
6834
6803
6809
6832
6831
6824
6820
6856
6810
6760
6857
324
6858
325
6827
6763
6859
6822
6817
6823
6821
6825
6812
6836
6860
6844
6841
6861
6845
6833
6842
6830
6819
6835
6759
6838
6843
326
6826
6862
330
6829
6828
6837
6839
6847
6863
6848
6758
323
329
6846
6762
6901
6900
6880
6957
6886
6876
6958
6959
6890
6878
6898
6888
6879
6882
6872
6873
6915
6881
6887
6877
6889
6897
6892
6960
6884
6874
6875
6902
6961
6905
6885
6896
6894
6883
6891
6941
6914
6926
6907
6906
6871
6909
6904
6920
6962
6893
6895
6921
6866
6963
6964
6965
6919
6918
6910
6908
6911
6912
6966
6922
6924
6967
6899
6913
6903
6916
6950
6949
6940
6938
6933
6923
6931
6932
6944
6925
6968
6927
6953
6952
6865
6946
6945
6943
6928
6917
332
6864
6942
6939
6869
6969
6929
6930
6935
331
6936
6951
6937
336
335
6970
337
6971
334
6948
6867
6934
6972
333
6870
6954
6868
6956
6955
6947
7037
7017
7024
7065
7046
7049
7026
7066
7040
7021
7067
7068
7069
7048
7022
6975
7070
339
7071
345
7039
6979
7038
6973
338
6974
7047
340
7053
7072
7051
7073
7061
7060
7074
7075
6977
7055
7050
7076
7056
341
6976
7077
7078
344
6978
7041
7079
6986
6992
6991
6997
7007
7080
6984
7045
7031
7042
7081
6988
6987
6982
6985
6980
6981
6995
6994
7082
6990
6989
7003
7015
7002
7083
7005
7004
7001
6998
6993
6983
7009
6996
7000
6999
7030
7006
7008
7013
7010
7025
7014
7012
7011
7018
7020
7016
7019
343
342
7032
7028
7084
7063
7052
7027
7034
7044
7035
7085
7064
7033
7023
7062
7059
7036
7029
7043
7054
7058
7057
7130
7129
7179
7180
7135
7134
7133
7144
351
7166
7158
7181
7138
7132
7141
7182
7157
7089
7183
7110
7099
7095
7184
7100
7097
7094
346
7185
7087
347
352
7186
7187
7188
7189
7178
7101
7098
7120
7108
7190
7118
7102
7121
7111
7191
7115
7103
7105
7096
7109
7107
7117
7093
7104
7112
7192
7127
7125
7119
7124
7163
7193
7122
349
7088
7131
7113
7194
7114
7106
7142
7137
7136
7126
7116
7139
7128
7145
7175
7092
7151
7195
7123
348
7156
7164
7152
7150
7149
7170
7196
7197
7148
7140
7155
7154
7153
7146
7165
7167
350
7147
7143
7173
7168
7161
7162
7159
7091
7171
7090
7160
7177
7169
7176
7174
7086
7172
7260
7248
7258
7290
7247
7291
7246
7292
7233
7257
7261
7250
7249
7239
7276
7202
7293
7220
7218
7294
7295
7230
7219
7217
7216
7207
7296
7224
7221
7297
7206
7205
7209
357
7266
360
7298
7215
7234
7208
7212
7225
7214
7279
7299
7213
7236
7232
7226
359
7300
7211
7238
7227
7228
7240
7231
7229
7289
7203
7275
7242
7223
7253
7254
7301
7244
7222
7235
7252
7243
7237
355
7264
7204
7302
7263
7259
7245
7199
7281
7303
7251
358
7283
7198
7200
7282
7210
7304
7305
7265
353
7241
7262
7272
7270
7306
7277
7271
7269
7255
7267
7268
7256
7273
7278
7284
7201
356
7280
7274
354
7287
7288
7285
7286
7325
7316
7324
7403
7329
7318
7319
7321
7314
7404
7322
363
7405
7406
7407
7346
7336
7408
7337
7326
7343
7315
7327
7333
7320
7409
7348
7349
7338
7410
7328
7317
7330
7340
7331
7335
7334
7323
7411
7341
7339
7355
7345
7351
7342
7370
7347
7358
7352
7332
7369
7356
7412
7313
7307
7309
7344
7367
7353
7357
7383
7371
7413
7368
7354
7350
7363
7361
7360
7414
7364
7366
7376
7362
7396
7373
7377
7415
7386
7365
7382
7388
7372
7359
7387
7385
7384
7392
7393
7381
7375
7378
7397
7308
7416
364
7374
7380
7417
7389
7398
7395
7391
7418
7390
7311
7310
7379
7419
367
362
7420
361
366
7399
7400
7402
7401
7394
365
7312
7510
7511
7512
7513
7500
7514
7515
7506
7498
7497
7495
7516
7517
7518
7519
7425
7422
7499
7493
7487
7486
7488
7468
7474
7520
7483
7447
7437
7438
7436
7435
7428
7432
7521
7448
7446
7431
7453
7442
7522
7445
7439
7429
7454
7523
7524
7430
7450
7433
7501
7507
370
7427
7464
7443
7525
7452
7440
7434
7466
7444
7459
7449
7451
7465
7441
7457
7455
7480
7456
7469
7471
7460
7463
7467
7458
7472
7461
7462
369
375
7485
7477
7478
7526
7491
7479
7473
7475
7489
7470
7421
7527
7528
7494
7481
7423
368
7484
7476
7502
7490
371
7492
7424
373
372
7496
7482
7508
7503
374
7426
7509
7504
7505
7562
7561
7620
7621
7557
7556
7622
7567
7560
7548
7555
7542
7623
7624
7625
7626
7533
7598
7599
7612
7558
7551
7550
7539
7627
7565
7536
7628
7549
7545
7529
7629
378
7535
7553
7540
7541
7564
7552
7566
7544
7559
7543
7547
7537
7538
7546
7570
7571
7574
7630
7573
7569
7584
7554
7631
7577
7586
7576
7587
7578
7632
7579
7572
7633
7634
7635
7591
7581
7636
7568
7563
7593
7589
7588
7611
7618
7575
7619
7617
7609
7534
7585
7592
7595
7594
7583
7580
379
7615
7603
7600
7590
7637
7602
7596
7607
7605
7531
7608
7606
7582
7613
7597
7638
382
376
377
7614
7610
7601
7604
7616
381
7532
380
7530
11701
11720
11693
11721
11703
11717
11705
11702
11715
11700
11718
11710
11707
11661
11640
11641
11722
11652
11646
11654
11643
11642
11723
11659
11650
11651
11645
11658
11649
11644
11664
11657
11724
11666
11725
11653
11665
11648
11656
11662
11655
11647
11671
11663
11660
11673
636
11635
11726
11727
11669
11670
639
11709
11667
11686
11678
11681
11672
11728
11674
11679
11683
11676
637
11729
11668
11685
11687
11677
11692
11691
11680
11696
11730
11675
11689
11682
11695
11690
11684
11688
11731
11713
11699
11698
11714
11697
11711
640
638
11706
11639
11636
11712
11732
635
11638
11708
11716
11694
11704
11719
11637
11747
11744
11742
11820
11743
11740
11739
11821
11738
11822
11748
11759
11741
11746
11768
11763
11757
11750
11755
11823
11753
11752
11760
11745
11754
11773
11756
11762
11761
11751
11824
11749
11765
11758
642
11816
11825
11826
11764
11769
11827
11774
11766
11767
11779
11771
11772
11770
11828
11781
11775
11785
11794
11780
11777
11829
11783
11776
11830
11784
11789
11778
11808
11792
11801
11788
11795
11806
11796
11786
11791
11831
11787
11782
11832
11811
11793
11790
11802
11800
11798
643
11807
11737
11812
11833
11735
11814
11797
11799
11813
11805
11818
11810
11834
11819
11803
11809
11804
11815
11817
646
644
645
11733
11736
11734
641
11898
11897
11916
11917
11889
11899
11880
11896
11838
11905
11904
11918
11901
11890
11885
11878
11919
11873
11900
11920
11921
648
649
11839
11836
11922
11913
11914
11906
651
11923
11858
11854
11840
11845
11853
11842
11848
11844
11846
11843
11855
11856
11857
11924
11849
11867
11859
11925
11864
11850
11851
11861
11860
11847
11868
11852
11862
11866
11881
11865
11882
11863
11876
11872
11884
11871
11926
11875
11891
11869
11879
11874
11894
11893
11902
11883
11927
11895
11909
11877
11887
11886
11870
11912
11888
11892
11908
11928
11903
647
11915
11907
11910
11835
11911
652
650
11837
11841
11941
11934
12016
12017
11958
11947
11957
11946
11938
11961
11951
11952
12018
11937
11962
11944
11953
11945
11936
11943
11963
11950
11955
11942
11959
11948
11949
11967
11940
11939
11935
11976
11956
11972
11973
11954
11971
11965
11960
11964
11980
11969
11978
11974
11970
12019
11966
11992
11983
11975
11984
11977
11986
11985
11989
12004
12020
12021
12022
11990
12023
658
657
11930
12002
11991
11968
11994
11979
11982
11997
12000
11988
12005
11999
11987
12006
12003
12001
12024
11993
12008
11995
12010
12013
11981
12007
12025
12009
11931
11998
11996
12012
12011
12015
11932
654
653
12014
656
11933
11929
655
12037
12032
12034
12114
12041
12036
12033
12115
12054
12038
12048
12116
12031
12044
12051
12042
12055
12039
12060
12045
12052
12043
12049
12046
12040
12053
12047
12035
12063
12057
12117
12069
12061
12073
12067
12118
12059
12056
12062
12070
12072
12080
12064
12077
12058
12050
12065
12075
12119
12074
12089
12068
12097
12120
12087
12121
12066
12086
12085
12090
12078
12083
12107
12082
12081
12122
12076
12093
12123
12124
12079
12091
12071
664
12027
662
12125
12113
12106
12092
12100
12084
12026
659
12110
12126
12095
12102
12096
12099
661
12109
12088
12103
12112
12104
12098
12111
12101
12094
12030
12105
12108
660
663
12029
12028
12186
12215
12165
12216
12173
12164
12217
12174
12176
12166
12172
12162
12146
12132
12138
12218
12210
12219
12202
12220
12205
12188
12213
12199
12211
12197
12196
12134
12221
12187
12200
12198
12182
12169
12170
12222
12192
12179
12151
12144
12135
12154
12148
12140
12139
12147
12152
12159
12141
12142
12223
12150
12145
12149
12136
12224
12158
12157
12143
12133
12180
12168
12160
12137
12153
12156
12225
12167
12163
12155
12161
12178
12183
12185
12184
12190
668
12131
12226
12177
12193
12171
12129
12209
12206
12207
12181
12227
12175
12214
12208
12228
12194
12189
12195
12191
12203
12201
669
12204
12130
12229
670
12212
12128
666
667
12127
665
12244
12237
12235
12313
12242
12236
12241
12240
12239
12249
12257
12253
12314
12252
12251
12245
12231
12302
12315
12316
12250
12243
12246
12247
12263
12258
12317
12254
12259
12318
12308
673
12256
12255
12248
12238
12260
12261
12262
12265
12277
12264
12273
672
12266
12269
12268
12279
12278
12319
12290
12275
12270
12272
12267
12276
12271
12320
12274
12307
12304
12321
12280
12292
12291
12306
12287
12281
12284
12288
12283
12322
12311
12297
12298
12310
12296
12285
12282
12289
12286
12299
12305
12312
12293
12303
12294
12309
12301
12295
12300
12323
12230
671
676
675
674
12234
12233
12232
12404
12396
12409
12410
12405
12397
12390
12399
12381
12393
12380
12394
12392
12401
12411
12400
12412
12387
12374
12375
12413
12402
12360
12352
12342
12414
12415
12416
12417
12367
12348
12356
12418
12369
12350
12358
12345
12349
12419
12341
12334
12330
12351
12329
12335
12346
12331
12339
12420
12347
12355
12343
12340
12332
12337
12333
12338
12366
12365
12344
12354
12336
12353
12385
12371
12359
679
12421
12373
12363
12422
12357
12423
12383
12370
12364
12377
12379
12378
12382
12368
678
12372
12361
12384
12362
12386
12391
12376
12325
12327
12389
12328
682
12406
681
12398
680
12407
12395
12388
12403
12408
12326
677
12324
687
12497
12508
12509
12442
12431
12435
12510
12449
12430
12440
12433
12446
12439
12437
12436
12438
12450
12441
12511
12429
12434
12448
12454
12447
12512
12432
12444
12453
12443
12457
12452
12425
12459
12445
12461
12455
12458
684
12451
12474
12462
12467
12513
685
12495
12428
12466
12469
12460
12456
12473
12480
12477
12465
12475
12489
12481
12514
12515
12471
12464
12479
12468
12484
12463
12470
12516
12483
688
686
12494
12485
12501
12487
12517
12486
12500
12472
12476
12498
12493
12491
12490
12482
12478
12492
12488
12504
12503
12496
12506
12502
12499
12505
12427
12507
12424
683
12426
12533
12527
12524
12605
12549
12526
12539
12606
12530
12525
12607
12541
12528
12535
12548
12532
12538
12534
12523
12531
12529
12543
12537
12547
12542
12608
12536
12544
12552
12558
12569
12559
12550
12540
12609
12570
12553
12519
692
12610
12611
12562
12555
12612
12613
12551
12546
12556
12557
12545
12566
12576
12573
12564
12575
12554
12568
12563
12518
12601
12560
694
12603
12614
12580
12615
12583
12591
12579
12565
12582
12572
12567
12616
12520
12599
12596
12571
12581
12577
12574
12590
12586
12597
12598
12584
12604
12617
12561
12585
12578
12589
12587
12600
12592
690
689
12602
12588
12594
12595
691
12593
693
12521
12522
12686
12679
12706
12707
12688
12696
12708
12709
12704
12703
12687
12695
12694
12678
12632
12631
12628
12710
12639
12711
12642
12641
12629
12638
12646
12637
12712
12713
12623
12644
12625
12634
12636
12630
12698
12714
12627
12645
12648
12633
12650
12647
12635
12657
12643
12715
12662
12655
12654
12649
12624
12660
12651
12652
12656
12705
12697
12626
696
12618
695
12653
12671
697
12622
12716
700
698
12665
12640
12693
12663
12667
12702
12701
12669
12666
12658
12717
12661
12684
12672
12621
12619
12718
12664
12659
12681
12680
12719
12668
12677
12676
12689
12670
12674
12683
12673
12720
12692
12675
12685
12682
12700
12699
12691
12690
699
12620
12736
12732
12727
12810
12742
12741
12731
12811
12812
12728
12740
12738
12737
12813
12775
12773
12763
12774
12735
12730
12746
12745
702
12806
12814
12815
12734
12816
12749
12744
12726
12748
12739
12729
12754
12755
12747
12733
12743
12756
12750
12817
12753
12762
12752
12761
12751
12766
12818
12767
12759
12768
12757
12785
12772
12779
12780
12769
12765
12760
12784
12758
12819
12781
12771
12770
12788
12764
12820
12800
12776
12787
12777
12786
12801
12804
12821
704
12723
12822
12782
12792
12791
12790
12778
12783
12795
12802
12789
12809
12722
12797
12794
12793
12799
706
12808
12823
12803
12807
705
12796
12805
12798
703
12721
12725
12724
701
12848
12844
12837
12833
12841
12840
12839
12830
12836
12834
12850
12843
12832
12911
12845
12835
12838
12912
12851
12896
12887
12894
12913
12847
12866
12856
12857
12855
12852
12846
12914
12853
12915
12842
12831
12829
708
710
12825
12916
12859
12849
12858
12877
12867
12860
12897
12876
12890
12903
12917
12854
12870
12865
12869
12864
12861
12874
12868
12879
12918
12878
12905
12904
12919
12886
12872
12881
12871
12863
12862
12883
12880
12873
12889
12888
12893
12882
12892
12920
12895
12884
712
12909
12828
12901
12875
12885
12891
12898
12921
707
12827
12899
12907
12908
12900
12902
12906
711
12824
709
12910
12826
12922
13008
13003
13009
713
13004
717
12997
12925
13005
13010
12996
12935
13011
12934
13012
12939
12927
12933
12944
12932
12937
12931
12947
12942
12941
12928
12940
13013
12951
12956
12955
12945
12938
12946
12943
12936
12929
12948
12953
12930
12952
12961
12954
12972
12962
12950
12949
12973
12969
12957
12967
12958
12971
714
715
13014
12982
12959
13015
12977
12966
12965
12979
12976
12978
12960
12986
12975
13016
13017
12963
12994
12984
12985
12968
12924
13002
12999
13000
12974
13018
12990
12989
12988
12970
12983
13006
12992
12993
12980
12964
13019
12987
13001
12981
12991
12995
718
12923
13007
12926
12998
716
13087
13106
13078
13107
13088
13103
13095
13108
13104
13086
13079
13096
13041
13031
13033
13109
13058
13048
13110
13111
13030
13026
13039
13040
13029
13112
13044
13036
13032
13046
13038
13034
13025
13035
13028
13042
13027
13037
13054
13043
13065
13047
13113
13053
13114
13051
13050
13052
13056
13045
13049
13070
13057
13062
13068
13060
13055
13071
13061
13092
13115
13066
13064
13059
13116
13080
13063
13077
13083
13073
13072
13099
13085
13076
13084
13075
13069
13074
13067
13091
13081
724
722
723
720
13021
13089
13090
13023
13094
13082
13117
13024
13093
13105
13097
13100
13118
721
13101
13098
13102
13020
719
13022
13199
13191
13184
13203
13198
13204
13175
13190
13193
13176
13186
13187
13188
13205
13122
13192
13206
729
728
13120
730
13200
13207
13201
13142
13128
13130
13208
13141
13134
13209
13135
13127
13124
13154
13147
13140
13210
13145
13146
13163
13151
13144
13137
13211
726
13123
13138
13131
13152
13133
13126
13148
13167
13155
13149
13132
13136
13139
13129
13168
13164
13153
13161
13160
13212
13162
13150
13143
13125
13159
13158
13166
13165
13213
13195
13214
13196
13182
13174
13173
13171
13177
13178
13172
13156
13179
13215
13169
13216
13157
13189
13181
13180
13194
13170
13202
13183
13185
13197
727
725
13119
13121
18386
18390
18393
18391
18422
18421
18420
18461
18428
18462
18440
18439
18463
18464
18382
18456
18460
18465
18458
18457
18466
924
18383
18384
18451
18450
18459
18444
18415
18400
18410
18399
18411
18395
18402
18392
18396
18406
18405
18403
18397
18387
18416
18412
18388
18430
18398
18389
18413
18441
18414
18445
18467
18404
18394
18425
18407
18408
18409
18401
18418
18427
18426
18443
18423
18433
18417
18431
923
18454
18434
18432
18446
18424
18436
18435
18419
18437
18429
18438
18449
18447
18455
18448
18442
18453
18452
18385
18512
18511
18490
18542
18502
18500
18504
18493
18508
18507
18497
18543
18506
18544
18469
18540
925
18545
18472
18539
18538
18471
18527
18546
18516
18526
18547
18488
18477
18479
18473
18536
18530
18533
18548
18485
18484
18481
18475
18476
18491
18482
18541
18487
18483
18549
18478
18474
18496
18495
18494
18489
18550
18501
18486
18492
18498
18499
18515
18514
18551
18480
18503
18505
18517
18510
18513
18523
18535
18525
18519
18509
18552
18518
18529
18521
18520
18522
18524
18528
18531
18534
18532
18537
18470
18468
18625
18624
18627
18628
18553
18554
18623
18555
18561
18558
18560
18557
18569
18564
18559
18578
18577
18568
18571
18565
18563
18567
18566
18581
18572
18580
18570
18590
18575
18562
18588
18587
18574
18629
18583
18586
18573
18614
18613
18630
18585
18596
18584
18631
18576
18599
18589
18608
18607
18597
18616
18604
18610
18632
18592
18579
18633
18600
18593
18595
18582
18591
18602
18598
18609
18606
18603
18634
18594
18601
18612
18605
18618
18619
18621
18622
18615
18611
18617
926
18620
18626
927
18556
18718
18653
18650
18719
18656
18642
18643
18641
18649
18648
18640
18644
18652
18651
18665
18645
18655
18654
18670
18662
18660
18667
18661
18663
18647
18646
18674
18673
18659
18720
18664
18669
18658
18707
18721
18702
18695
18657
18668
18680
18671
18672
18666
18684
18682
18722
18678
18675
18723
18679
18676
18688
18677
18717
18716
18724
18725
18714
18713
18638
18637
18690
18689
18685
18726
18687
18686
18636
18681
18683
18701
18727
18710
18705
18728
18691
18693
18698
18697
18699
18708
18704
18706
18696
18694
18692
18700
18709
18711
18712
18703
18729
18635
928
18639
18715
18780
18806
18778
18807
18782
18781
18770
18791
18779
18733
18802
18801
18808
930
18803
18731
18800
18799
18776
18775
18809
18810
18758
18768
18753
18740
18741
18811
18795
18794
18812
18813
18786
18784
18743
18739
18814
18765
18754
18815
18745
18748
18816
18747
18757
18736
18761
18756
18750
18744
18749
18738
18737
18755
18742
18763
18762
18751
18764
18752
18759
18766
18735
18746
18730
18734
18760
18774
18777
18773
18767
18771
18769
18789
18772
18817
18793
18785
18788
18787
18797
18798
18796
18805
18792
18804
18790
18783
929
18732
18896
18830
18897
18825
18831
18833
18823
18841
18832
18838
18850
18840
18839
18898
18828
18827
18824
18835
18837
18826
18836
18847
18834
18852
18845
18899
18854
18853
18900
18844
18901
18873
18883
18857
18856
18829
18843
18849
18846
18859
18858
18842
18902
18863
18862
18860
18848
18864
18875
18903
18874
18904
18861
18851
18822
18894
18893
18905
18881
18890
18884
18889
18869
18867
18866
18868
18865
18855
931
18888
18886
18906
18870
18871
18872
18879
18876
18882
18877
18887
18878
18885
18880
18818
18892
18891
18895
18820
18819
18821
18911
18917
18916
18918
18910
18914
18912
18913
18907
18919
18920
18921
18909
18908
18922
18923
932
933
18915
18936
18924
18937
18928
18938
18935
18939
18929
18930
18933
18931
18934
18932
18927
934
18925
18926
18940
18945
18949
18947
18952
18944
18950
18953
936
18951
18941
18954
18948
18955
18956
18942
18943
935
18957
18946
937
18961
18960
18970
18963
18971
18972
18965
18967
18959
18973
18962
18969
18968
18966
18974
18964
18975
18976
18958
18994
18983
18987
19055
18984
18982
18988
19056
18981
18991
18990
18996
18993
19002
19001
18989
19018
19008
19009
18995
18986
19004
19003
18992
18997
18985
19013
19057
19011
18998
19000
18999
19017
19015
19019
19058
19005
18977
19050
19054
19059
19025
19014
19060
19016
19006
19007
19024
19012
19020
19027
19022
19048
19029
19042
19061
18978
19051
19030
19021
19062
19028
19031
19038
19010
19063
19026
19035
19034
19033
19064
19036
19023
19037
19043
19032
19040
19052
19065
19044
19046
19047
19041
19045
19039
19049
19053
939
18980
938
18979
19093
19080
19088
19146
19082
19077
19076
19147
19084
19083
19081
19075
19148
19086
19085
19074
19079
19078
19071
19073
19095
19096
19097
19100
19099
19149
19101
19087
19072
19105
19091
19092
19150
19104
19102
19094
19151
19090
19106
19103
19089
19108
19107
19114
19145
19144
19152
19153
19098
19129
19110
19111
19109
19112
19113
19070
19143
19122
19121
19130
19116
19115
940
19125
19124
19154
19118
19117
19127
19128
19119
19126
19120
19123
19132
19155
19135
19137
19138
19136
19139
19134
19140
19131
19156
19133
19067
19141
19142
19066
19069
19068
19157
19168
19169
19170
19159
19158
19164
19171
19162
19163
19165
19167
942
19172
941
19160
19166
19161
19173
943
19177
19176
19186
19179
19187
19183
19181
19175
19188
19178
19182
19180
19189
19190
19184
19191
19185
19192
19193
19174
19205
19206
19207
19197
19203
19198
19208
19199
944
19201
19204
19209
19202
19200
945
19210
19196
19195
19194
19283
19275
19276
19284
19282
19285
19212
19213
19279
946
19265
19286
19264
19287
19223
19222
19219
19218
19244
19232
19233
19231
19221
19216
19217
19226
19238
19225
19224
19237
19246
19236
19227
19220
19240
19239
19228
19252
19241
19253
19268
19269
19288
19272
19230
19235
19277
19271
19289
19247
19249
19248
19267
19250
19261
19229
19234
19245
19242
19251
19260
19243
19255
19254
19262
19256
19266
19263
19257
19211
19278
19259
19258
19273
19270
19281
19280
19274
19215
19214
19314
19309
19313
19300
19355
19354
19344
19294
19298
19296
19310
19299
19323
19312
19305
19297
19303
19295
19316
19304
19302
19321
19311
19301
19307
19327
19367
19351
19350
19368
19315
19306
19329
19317
19318
19328
19320
19308
19319
19325
19324
19322
19343
19335
19336
19356
19345
19353
19369
19340
19330
19338
19326
19334
19370
19333
19331
19352
19332
19337
19371
19339
19348
19347
948
19366
19293
19372
19346
19342
19349
19341
19358
19359
19357
19362
19360
19361
19365
19364
947
19363
19292
19291
19290
19390
19449
19389
19450
19400
19399
19393
19451
19411
19402
19452
19426
19435
19453
19442
19448
19436
19438
19437
19454
19455
19441
19439
19445
19446
19397
19396
19386
19456
19398
19387
19388
19420
19457
19416
19458
19419
19409
19408
19459
19407
19406
19383
19379
19394
19384
19378
19381
19385
19395
19380
19373
19391
19382
19403
19401
19392
949
19377
19447
19405
19404
19412
19410
19418
19422
19421
19413
19460
19432
19424
19415
19414
19425
19423
19434
19461
19417
19428
19427
19431
19430
19429
19440
19433
19443
19444
19374
19376
19375
19473
19474
19467
19465
19466
951
19472
19475
19468
19469
19476
19477
19470
19471
19462
19464
950
19463
19546
19540
19554
19555
19548
19544
19545
19552
19496
19490
19495
19487
19492
19491
19505
19499
19486
19498
19485
19501
19483
19488
19493
19504
19506
19516
19515
19556
19557
19484
19539
19533
19510
19526
19502
19503
19558
19536
19494
19479
19481
19480
19559
19553
19478
19547
19497
19489
19508
19509
19560
19520
19507
19521
19511
19500
19512
19525
19561
19523
19524
19513
19514
19522
19549
19517
19529
19531
19541
19537
19518
19482
19550
19519
19528
19534
19535
19532
19542
19527
952
19551
19543
19530
19538
19562
19591
19580
19639
19640
19605
19590
19631
19619
19620
19641
19630
19627
19642
19628
19638
19634
19579
19578
19643
19575
19576
19563
954
19566
19644
19565
19636
19635
19577
19568
19573
19587
19574
19581
19645
19585
19572
19571
19584
19589
19588
19567
19570
19583
19582
19569
19594
19595
19596
19586
19598
19637
19604
19603
19646
19592
19593
19608
19607
19609
19597
19623
19601
19599
19611
19606
19600
19564
19612
19621
19613
19614
19647
19602
19610
19648
19625
19615
19626
19616
19617
19618
19633
19622
19632
19624
19629
953
19670
19662
19731
19732
19657
19656
19655
19664
19663
19654
19658
19660
19667
19671
19677
19665
19733
19715
19734
19679
19669
19682
19681
19668
19680
19666
19672
19659
19661
19676
19675
19674
19673
19678
19684
19683
19687
19686
19689
19735
19695
19692
19693
19691
19649
19725
19724
19685
19699
19688
19705
19713
19696
19694
19723
19721
19736
19737
19728
19720
19727
19714
19702
19738
19730
19722
19690
955
19729
19653
19739
19697
19650
19651
19726
19712
19703
19704
19698
19708
19707
19701
19706
19710
19700
19740
19717
19711
19716
19709
19718
19719
19652
19744
19752
19753
19754
19750
19755
19746
956
19756
19751
19757
19745
19749
19747
19748
957
19742
19741
19758
19759
19760
19743
19780
19779
19768
19840
19777
19769
19776
19766
19767
19785
19775
19784
19773
19774
19770
19771
19786
19782
19772
19795
19781
19788
19783
19800
19792
19791
19790
19778
19798
19797
19799
19841
19789
19794
19793
19812
19811
19787
19810
19809
19842
19761
19834
19833
19796
19803
19802
19822
19815
19813
19843
19808
19805
19801
19823
19804
19806
19807
19821
19820
19819
19844
19845
19816
19817
19824
19814
19846
19818
19830
19832
19827
19847
19831
19826
19848
19829
19825
19839
19835
19849
19828
19762
19836
958
19765
19838
19837
19764
19763
19853
19857
19855
19861
19859
19860
19856
19854
19858
19862
19863
959
19852
960
19864
19850
19851
19870
19877
19868
19878
19869
19876
19879
19866
19867
19880
961
19874
19872
19881
19871
19882
19873
19875
19883
19865
19895
19896
19897
19889
19898
19893
19891
962
19888
19894
19899
19890
19900
19887
19892
19886
963
19901
19885
19884
19947
19934
19935
19976
19948
19936
19933
19977
19958
19957
19978
19979
19910
19911
19909
19916
19921
19913
19923
19922
19907
19917
19918
19915
19908
19914
19927
19924
19974
19967
19968
19980
19919
19920
19938
19931
19937
19926
19932
19930
19925
19912
19904
19971
19970
19981
19928
19929
19942
19982
19943
19951
19950
19941
19952
19962
19959
19940
19949
19906
19972
19905
19946
19945
19944
19956
19954
19939
19966
19961
19955
19953
19965
19964
19969
19960
19975
19963
19973
19903
964
19902
19986
19992
19994
19995
19993
19988
19987
19989
19990
19996
965
19997
966
19985
19984
19998
19999
19983
20000
19991
20010
20003
20013
20014
20012
20002
20006
20015
967
20004
20008
20016
20009
20017
20007
20018
20011
20001
20005
20044
20035
20024
20093
20032
20026
20042
20040
20041
20094
20033
20036
20025
20030
20039
20027
20028
20029
20031
20054
20053
20034
20023
20038
20037
20046
20048
20095
20045
20043
20052
20051
20055
20049
20047
20057
20059
20096
20064
20066
20050
20056
20060
20078
20067
20097
20098
20075
20074
20099
20100
20069
20058
20076
20070
20072
20068
20062
20063
20073
20061
20065
20082
20081
20071
20021
20089
20020
20101
20092
20091
20102
20079
20083
20080
20086
20087
20077
20084
20090
20085
20088
20022
968
20019
969
20104
970
20105
20179
20111
20108
20180
20109
20181
20120
20121
20131
20118
20119
20182
20128
20127
20115
20113
20123
20110
20134
20114
20116
20117
20112
20103
20173
20172
20130
20129
20126
20139
20124
20125
20138
20137
20136
20122
20133
20140
20132
20142
20183
20163
20184
20162
20143
20169
20158
20168
20185
20146
20145
20155
20144
20141
20152
20164
20186
20148
20135
20178
20177
20149
20187
20147
20174
20150
20151
20188
20171
20161
20165
20156
20160
20157
20159
20154
20153
20167
20170
20166
20175
20176
20107
20106
-8.264882999999999 3.205686 71.46849
-7.52918 1.17427 71.57071999999999
-6.151078 3.067265 72.24297
-7.543029 5.222094 71.62367
-4.84851 4.479394 71.70399
-4.175327 1.539688 77.55714999999999
-3.338892 0.5583991 75.53581
-4.643888 1.562417 76.48746
-3.092546 2.50628 76.55408
-2.575287 1.268722 77.55714999999999
-5.371995 2.217078 77.55714999999999
-4.881646 2.359064 77.55714999999999
-5.637733 2.032445 76.88056
-4.154825 0.1726312 77.55714999999999
-6.0463 0.1791729 77.55714999999999
-6.115947 1.471126 77.55714999999999
-5.413106 2.796718 76.28256
-4.443535 2.704643 76.60599000000001
-4.880562 1.986791 75.10459
-5.652318 0.08192894000000001 71.57729999999999
-5.331414 1.643837 73.50087000000001
-3.855721 2.916954 73.08396999999999
-6.658722 2.352234 77.55714999999999
-6.619114 2.517162 76.50626
-6.783265 0.5209412 76.01394000000001
-8.264642 3.167432 75.57764
-7.092053 3.638134 76.21966
-6.521872 2.874245 75.01322
-2.515982 5.064878 73.4156
-3.943194 6.166959 73.52661999999999
-5.051281 4.675995 73.64981
-5.576615 6.34385 72.17049
-8.085251 2.15378 73.58452
-2.622842 1.208526 73.42788
-5.234039 0.0350135 75.63723
-6.69511 0.467344 73.88612999999999
-4.44506 0.09796255 73.5759
-7.866496 4.746319 75.66377
-5.831097 5.147229 76.39713
-6.083788 4.018142 76.59711
-4.989883 3.813519 75.22208000000001
-5.817987 2.982286 77.55714999999999
-6.859571 3.624905 77.55714999999999
-8.186655999999999 3.906972 77.55714999999999
-8.193516000000001 2.537178 77.55714999999999
-7.604875 5.144378 77.55714999999999
-5.82452 4.738651 77.55714999999999
-6.044238 6.234578 77.55714999999999
-4.111244 6.22669 77.55714999999999
-5.255661 6.377031 75.14371
-4.96367 4.544323 76.77164999999999
-7.021956 5.725921 73.95097
-5.211461 3.835234 77.55714999999999
-5.057446 3.431006 77.55714999999999
-5.255022 3.05329 77.07185
-4.859378 3.609769 76.82256
-5.150944 2.80433 77.55714999999999
-4.516048 3.203257 77.55714999999999
-3.608607 3.845531 77.55714999999999
-3.757646 4.55486 76.57107999999999
-6.845211 5.852091 75.95926
-7.604875 1.268722 77.55714999999999
-8.128280999999999 4.127803 73.61319
-3.23395 5.782233 75.48654999999999
-3.588724 2.958641 74.96127
-5.756607 3.688619 77.55714999999999
-4.147566 4.891491 77.55714999999999
-4.880117 4.057298 77.55714999999999
-2.067711 4.17848 75.48769
-5.110081 3.20655 77.55714999999999
-5.054364 2.956312 77.55714999999999
-1.915595 3.161733 73.35633
-2.094878 2.153874 75.4967
-3.612032 2.570469 77.55714999999999
-1.915279 3.20655 77.55714999999999
-7.80551 1.561615 75.64899
-2.575287 5.144378 77.55714999999999
-4.299284 1.628875 85.04506000000001
-3.821308 3.764746 86.22797
-3.531837 1.260585 86.12412
-2.404685 3.153976 85.26904
-2.314123 5.058179 85.29574
-3.167326 4.029556 84.26721000000001
-4.278735 1.613077 87.06104000000001
-2.854723 2.627692 88.04170000000001
-2.450522 3.497991 86.96217
-4.974148 3.818536 78.50203
-5.070081 3.207963 78.29877
-4.539152 4.563691 86.90071
-4.880327 4.056849 85.65921
-3.997934 4.978298 84.97714000000001
-1.241837 4.017428 88.72201
-2.368358 5.079405 88.62461999999999
-5.06367 3.366557 84.31491
-1.234309 4.000239 85.32754
-3.16291 5.204395 86.88026000000001
-1.648622 1.799619 90.38488
-1.070501 3.247511 90.53194999999999
-2.113306 3.299799 89.49672
-3.045031 2.532552 90.325
-3.121147 5.205898 90.26815999999999
-2.642195 3.861998 91.84247999999999
-3.902569 5.025056 88.58496
-2.224172 1.394248 88.7514
-3.718788 1.314678 88.73177
-3.840914 3.208384 89.16888
-1.070753 3.258401 87.01863
-1.616206 1.833143 87.02636
-4.588128 1.904424 78.55122
-4.336898 2.58834 78.07361
-2.620441 2.439147 78.45013
-3.97086 3.369717 78.67142
-4.978579 2.608523 78.50809
-2.707943 3.745378 78.99464
-1.316133 4.167625 79.37409
-2.433158 5.102422 79.74095
-3.793699 5.071055 79.34851999999999
-3.829707 3.473899 93.55714999999999
-3.795064 5.070524 91.91433000000001
-4.84452 4.129246 91.97019
-3.859367 2.608109 80.10561
-4.584704 4.512658 81.03469
-2.513412 3.071351 80.7671
-3.496443 2.63297 82.06319000000001
-2.430326 1.311632 79.86676
-5.069975 3.227125 79.26017
-4.837941 2.271311 79.62468
-3.38979 1.232269 81.41355
-3.833795 1.358107 79.38282
-1.304682 2.266675 79.459
-1.070081 3.20655 77.55714999999999
-4.569758 4.529792 78.5377
-5.056233 2.971599 86.58221
-2.979721 1.208592 83.37773
-1.188729 2.527937 85.24791
-2.451273 1.304689 85.34884
-1.599687 1.850843 83.74472
-2.526141 5.131162 83.30094
-1.096235 3.528935 83.21064
-5.067499 3.308153 82.2089
-4.541464 1.851916 82.9517
-1.647728 1.800523 81.73429
-4.962885 3.852531 88.55734
-1.691048 4.65509 86.99252
-1.692455 4.656429 81.39643
-1.071476 3.281227 81.06076
-4.346912 4.745934 82.91645
-4.867429 2.329317 88.60827999999999
-2.91308 1.212722 87.20542
-4.810856 4.191284 79.61302000000001
-3.258684 5.197637 81.32774000000001
-4.502584 4.602235 90.27144
-5.069004 3.140932 90.44839
-4.408187 1.72012 90.33414999999999
-3.92823 3.387614 91.32340000000001
-1.200525 2.496084 88.74964
-4.66688 2.002294 81.06195
-3.007304 1.207536 90.35317000000001
-1.610473 4.573862 84.22805
-5.069479 3.255625 80.54213
-1.717484 4.679806 90.33098
-4.816751 2.232311 91.98387
-1.321011 4.176475 92.00457
-3.741185 1.322507 91.94707
-5.069847 3.175943 91.99708
-1.299379 2.276704 92.01921
-1.070197 3.228069 92.03604
-1.983916 3.236067 92.7634
-2.894026 2.067921 93.55714999999999
-2.533589 3.07402 93.55714999999999
-3.07511 2.949972 92.51553
-3.817577 2.948254 93.55714999999999
-3.72447 2.196242 92.75472000000001
-5.070081 3.207168 93.55714999999999
-2.396002 5.089531 91.92927
-2.346891 1.34188 91.96204
-4.290836 4.790771 93.55714999999999
-2.538427 3.336816 93.55714999999999
-1.070081 3.20655 93.55714999999999
-1.81016 1.93403 93.55714999999999
-2.897187 4.346312 93.55714999999999
-3.064668 5.206543 93.55714999999999
-1.81016 4.47907 93.55714999999999
-1.849326 4.790771 93.55714999999999
-1.849326 1.622329 93.55714999999999
-3.062666 1.206564 93.55714999999999
-4.290836 1.622329 93.55714999999999
-5.110081 3.20655 93.55714999999999
-5.88634 3.643481 93.20461
-5.290876 4.037509 92.00867
-6.05438 2.76557 92.74634
-6.614765 3.320596 93.55714999999999
-6.487592 3.819823 92.32706
-7.143029 2.593665 92.62278000000001
-6.950118 4.347077 93.55714999999999
-5.85016 4.47907 93.55714999999999
-8.918767000000001 4.060164 77.55714999999999
-8.931775999999999 2.381063 77.55714999999999
-9.098182 3.424393 79.46998000000001
-5.237485 3.908963 83.96836
-6.033018 4.891761 85.38602
-6.668511 3.872882 83.04398
-7.791283 3.058407 84.06211
-8.156368000000001 4.911039 83.29976000000001
-7.408981 5.184089 84.88605
-5.67159 4.596063 82.13996
-6.502509 5.112031 83.53892
-7.265848 5.200475 81.67012
-6.225536 3.690157 81.2747
-6.613036 2.443291 79.62905000000001
-6.056344 3.867528 78.62511000000001
-5.893049 2.463011 78.18007
-7.577909 2.816238 78.51964
-7.032709 1.208047 79.35896
-6.398289 3.838119 79.68087
-7.504184 2.795266 81.21747999999999
-6.332228 1.364012 81.03841
-7.867645 1.355578 81.27657000000001
-5.302641 2.350302 80.92392
-8.527718 1.795768 79.42838
-8.919279 4.059076 91.88123
-9.089613 3.491954 89.82431
-8.414866 4.722312 90.56389
-7.650887 2.752105 91.33163
-7.733261 3.939332 91.67207000000001
-6.367851 3.015016 90.88907
-6.402666 5.077262 91.98144000000001
-7.165308 5.205787 90.39181000000001
-7.078371 3.025047 89.33228
-8.372933 3.046429 92.77476
-7.754755 4.174434 92.7568
-7.81235 5.0792 91.99894
-7.896502 3.494721 93.55714999999999
-8.330836 1.622329 93.55714999999999
-8.973839999999999 2.481014 91.78796
-9.11008 3.208298 93.55714999999999
-6.374841 1.346598 91.90772
-8.690581 4.432119 85.18683
-6.493873 3.320425 85.99464
-6.946078 2.066748 93.55714999999999
-6.608266 3.089704 93.55714999999999
-5.85016 1.93403 93.55714999999999
-5.271358 2.419722 91.98642
-8.762978 4.332575 81.40980999999999
-9.083712 3.530251 83.27305
-5.648286 1.841576 82.24005
-5.127152 2.9458 79.78478
-5.194459 3.781347 80.89402
-8.029078 4.982907 79.54755
-6.81428 1.228546 83.11369000000001
-6.695846 5.163182 78.78124
-7.401433 4.288862 78.51699000000001
-5.133126 2.903812 78.09672999999999
-5.682884 1.80544 79.29487
-5.117454 3.378127 78.85866
-5.821323 4.735963 78.95292999999999
-5.316305 4.091065 79.60906
-5.134267 3.516643 78.12502000000001
-5.342546 4.142402 78.45332999999999
-7.887446 2.925546 93.55714999999999
-7.854648 1.350312 91.85187000000001
-6.182811 4.978603 80.30237
-7.794881 1.327441 88.50521000000001
-6.150491 1.451789 88.57011
-6.899144 1.217705 86.82252
-6.254714 2.925019 87.95419
-5.518644 4.417883 87.18668
-5.175889 3.715372 85.74594
-5.295535 2.365465 86.91687
-5.207268 2.590675 88.87452
-5.115875 3.358679 87.93235
-6.46445 5.099474 88.71292
-7.451145 5.177254 86.82093
-5.396671 2.174938 83.67064999999999
-5.189595 2.648218 85.10623
-8.581459000000001 1.851911 83.20921
-9.04349 2.694759 85.16283
-7.814601 1.334746 85.021
-8.570690000000001 1.840307 86.84845
-9.041839 3.724539 87.3066
-6.083632 1.490042 85.12493000000001
-8.180698 4.895863 88.83996999999999
-5.11117 3.272526 90.4556
-5.298483 4.053966 88.96294
-5.111682 3.126536 82.34848
-8.330836 4.790771 93.55714999999999
-9.020460999999999 2.614564 81.34381
-8.918798000000001 2.353004 88.51626
-7.065076 1.207057 90.21441
-8.542605 1.810887 90.14219
-5.758505 4.680743 90.42033000000001
-5.658588 1.830626 90.34302
-5.889326 1.622329 93.55714999999999
-7.119121 5.20653 93.55714999999999
-5.889326 4.790771 93.55714999999999
-5.217201 2.560791 78.72991
-7.110432 1.20655 93.55714999999999
-3.948209 5.38256 103.1337
-3.504906 4.367992 103.6036
-4.266859 4.872929 102.1502
-2.757838 4.396361 102.8497
-2.697722 5.682711 104.1418
-2.632919 4.157929 103.9626
-3.487045 5.012702 104.6658
-4.151749 5.125132 104.2392
-3.524269 5.654279 104.1598
-4.278473 4.122432 94.83056999999999
-3.359003 4.865715 94.15148000000001
-2.505486 5.605407 94.84616
-3.876173 5.447376 94.81704999999999
-3.255311 4.432669 105.3896
-2.60201 4.755718 104.9028
-2.456657 4.459674 105.6937
-3.086664 3.887306 105.5471
-3.081624 4.648201 105.8835
-3.502703 4.246809 105.8878
-4.283874 4.81687 105.2713
-3.408066 4.104369 104.6776
-3.171047 5.292931 105.7633
-3.630908 4.844728 105.734
-3.049978 3.21931 105.1302
-2.567114 3.771823 104.9017
-2.84401 3.239598 105.7312
-3.088227 3.672714 106.2564
-2.555571 3.645841 105.8546
-2.501827 4.437578 106.2564
-2.072084 3.710043 106.2564
-2.995794 4.161389 106.2564
-1.879196 4.067739 105.2998
-2.369111 3.43215 105.3472
-2.602515 3.30912 106.2564
-3.094581 5.738753 105.2064
-2.082528 3.696677 104.3985
-2.703207 3.815036 106.2564
-3.292593 3.238954 105.7351
-3.743631 3.414302 105.3509
-3.589098 3.657034 105.863
-2.343083 5.508087 105.2123
-3.836201 5.479301 105.2317
-1.811387 4.423487 104.2762
-2.035056 5.197488 104.1884
-3.734483 4.122185 106.2564
-4.243054 4.019141 105.3129
-4.329641 4.448895 106.2564
-4.326884 4.390485 99.95432
-3.810196 3.459447 99.08503
-4.310278 4.701134 98.59296000000001
-3.261125 4.590053 99.37195
-4.276557 4.842138 96.06792
-4.297143 4.193204 97.28363
-3.946726 3.574142 96.13311
-3.126879 4.308771 97.09929
-2.360607 3.437894 98.77323
-3.422713 3.269504 97.56122000000001
-1.819707 4.633881 97.73649
-1.832546 4.715522 99.47848
-2.311353 5.48492 98.55327
-2.71283 5.687281 97.39594
-3.435106 5.684955 98.53885
-3.959282 5.371664 97.33471
-3.300386 5.717763 96.11135
-3.304257 3.241103 94.85361
-3.039779 4.766427 95.4855
-4.068078 5.248098 106.2564
-2.086327 5.266235 96.22927
-4.139511 5.145194 100.954
-3.892505 5.433544 99.72851
-3.113546 4.350204 100.5456
-1.868609 4.099775 96.21668
-2.251108 3.521634 97.32518
-2.726361 5.6912 99.65138
-3.249989 5.72608 100.81
-3.002369 3.22097 100.1995
-2.094631 3.681639 100.147
-2.755398 3.25908 96.15638
-2.185013 5.375761 100.7626
-1.828329 4.692265 94.91499
-3.928399 3.556741 100.3787
-4.286446 4.150653 101.2218
-1.814218 4.378026 100.9724
-2.123476 3.647602 94.86705000000001
-3.586152 3.329691 101.5293
-3.146751 4.546657 101.7885
-4.321503 4.33297 104.3213
-2.39272 3.416722 101.4453
-3.657616 5.593612 101.9906
-1.947702 5.051493 101.9945
-3.138325 5.737142 103.0549
-2.682148 5.677782 101.9259
-2.295923 5.473093 103.0634
-4.153259 3.835544 103.427
-4.222434 3.969675 102.3465
-4.32333 4.608564 103.2582
-3.085519 3.219244 106.2564
-3.568725 3.322025 106.2564
-3.613093 4.569335 106.2564
-3.292047 5.021234 106.2564
-4.123 3.787144 98.14342000000001
-3.176288 4.09653 106.2564
-2.804404 5.064482 106.2564
-3.064005 5.738977 93.55714999999999
-2.991195 3.221621 102.6424
-3.770368 3.431693 102.6597
-4.068078 3.710043 106.2564
-3.485542 3.785652 106.2564
-2.675826 3.282423 104.4338
-1.926563 3.950139 103.3782
-1.838236 4.743567 103.1653
-1.857697 4.136251 102.2178
-2.432927 3.392132 103.5166
-3.014812 3.220362 103.6865
-3.598415 3.335276 103.5364
-2.245102 3.526804 102.5941
-3.391063 3.260722 104.4392
-3.999673 3.628623 104.4065
-3.078018 4.47907 106.2564
-1.81016 4.47907 106.2564
-2.072084 5.248098 106.2564
-1.871748 4.868171 105.2536
-3.055053 4.584928 106.2564
-3.454783 5.678822 106.2564
-2.709654 5.686337 106.2564
-1.915046 1.430746 105.3075
-2.115304 1.839918 105.9336
-2.353016 2.183091 105.6503
-2.499413 1.516485 105.6725
-2.767164 2.044182 105.6614
-2.441161 1.652021 106.2564
-1.866597 1.561167 106.2564
-2.700808 2.03245 106.2564
-1.81016 1.93403 106.2564
-1.813077 1.848352 105.5379
-2.185606 2.079296 106.2564
-1.870239 2.318451 106.2564
-2.40863 2.641372 105.9257
-1.835364 2.184778 105.5555
-3.949315 2.836442 105.4139
-4.193375 2.504654 104.4969
-3.50791 2.342944 104.5028
-3.719446 1.926052 105.1816
-3.341651 3.164335 103.957
-2.684802 3.133597 103.5775
-2.692989 2.033631 104.5556
-3.316422 1.588228 103.8447
-3.749061 2.995344 104.6103
-3.975005 2.810679 103.6134
-1.827842 1.723689 94.95780999999999
-2.098895 2.73665 94.84072999999999
-3.365451 1.573077 94.21732
-3.011808 2.117147 95.55486999999999
-3.91337 0.9979399 94.98459
-3.064091 0.6741231 93.55714999999999
-3.241306 3.182262 94.84913
-4.256541 2.357958 94.97494
-3.065907 2.067546 102.3926
-4.289489 1.6171 99.81046000000001
-3.59404 0.7882254 98.84144999999999
-4.302352 1.671524 98.21523999999999
-3.194274 2.227664 98.44785
-2.030589 2.64597 103.387
-1.81844 1.78982 103.2155
-2.015252 1.245018 104.2136
-2.686649 0.7338713 104.1288
-4.150928 1.286596 104.3147
-3.982804 1.065504 103.1653
-4.329518 1.968945 103.5027
-3.125589 1.499511 105.0535
-2.969465 2.051623 106.0315
-3.217223 2.257035 105.4812
-3.303248 1.723826 105.864
-3.422379 2.149432 105.9367
-3.238827 2.412996 106.2564
-2.961901 2.320136 106.2564
-3.111774 2.163039 106.2564
-2.843944 2.386245 105.9735
-3.083474 3.19388 106.2564
-3.44976 3.135381 105.4764
-2.919892 3.184967 105.4512
-3.351735 2.686177 105.7448
-3.954781 2.259291 105.8809
-3.867736 1.772493 105.7441
-3.603188 1.135978 105.8077
-4.267166 1.541106 105.3581
-3.826168 0.9261935 105.2556
-4.32979 1.910906 104.5881
-3.285013 0.692577 96.29743000000001
-2.697135 0.7305713 97.66267999999999
-4.31157 1.719306 96.52661999999999
-3.80176 0.9083367 97.49796000000001
-3.540082 2.655125 106.2564
-4.068078 2.703058 106.2564
-4.329365 1.974106 106.2564
-4.283009 2.274921 105.4091
-2.072084 2.703058 106.2564
-2.051326 2.675339 105.4693
-2.475467 3.044811 105.2545
-2.862882 2.74587 105.7417
-2.585682 3.097112 106.2564
-2.676008 2.615097 106.2564
-1.821933 2.105866 104.5587
-2.274945 2.184072 105.0801
-3.095017 2.768696 106.2564
-2.789839 3.162389 104.5596
-2.213392 2.857872 104.437
-2.992168 2.671941 105.0807
-3.433416 1.272327 106.2564
-4.068078 1.165002 106.2564
-3.664235 1.718 106.2564
-3.091554 0.6742918 105.2045
-2.91873 1.040753 105.7929
-3.447656 0.7320155 106.2564
-2.782609 1.329386 106.2564
-2.072084 1.165002 106.2564
-2.706272 0.7277779 106.2564
-2.898592 1.661875 105.9568
-4.290364 1.620487 102.2375
-4.146929 2.588095 102.4655
-2.353558 0.8976922000000001 105.2142
-3.256801 3.180038 104.8077
-3.076213 3.193936 100.3363
-3.946753 2.838932 100.145
-3.195053 3.187738 98.96917999999999
-3.230917 2.275483 99.86505
-3.078018 1.93403 106.2564
-3.053931 2.047914 106.2564
-3.693571 2.246851 106.2564
-3.320839 2.017822 106.2564
-3.137694 1.632089 106.2564
-3.579142 3.086531 106.2564
-2.615761 3.109187 97.40069
-2.12323 2.765218 98.67267
-2.367093 0.8884633 99.12332000000001
-1.810502 1.904677 99.47371
-3.979096 2.806436 97.68115
-1.81791 1.794497 97.84632999999999
-4.170386 2.547814 98.96489
-2.246662 2.887645 99.91580999999999
-2.507479 0.8066967 94.94316999999999
-2.079727 1.155185 96.35859000000001
-3.320874 0.6993219000000001 100.4101
-3.265872 1.7893 101.0137
-1.831513 2.165009 100.869
-2.116397 1.11069 100.5777
-2.408469 3.006257 101.2194
-2.670552 0.7391335 101.7703
-3.671139 0.8267224 101.9193
-4.29024 2.248055 101.1825
-3.716412 3.015537 96.24912
-1.886653 2.366347 96.29022000000001
-2.626942 3.113449 95.95014999999999
-3.515427 3.112617 101.5256
-4.148172 1.282017 101.0783
-1.912437 2.431284 102.1724
-1.907771 1.447782 101.926
-2.258999 0.9698996 103.0253
-3.139209 0.6760067 103.0101
-2.52037 2.350163 106.2564
-3.039262 1.744824 106.2564
-2.593231 3.100227 102.4354
-3.428781 3.141811 102.8691
-3.527166 0.7599454 104.1647
-7.091004 4.611583 106.2564
-6.878606 4.947009 105.7546
-6.690238 4.146564 105.8335
-7.24517 4.348005 105.8676
-6.112084 5.248098 106.2564
-6.294298 5.439227 105.2054
-5.927895 4.914774 105.5898
-6.015741 3.854713 105.4051
-6.258733 4.518486 105.7953
-6.804645 4.010051 104.943
-6.851098 3.246054 105.5374
-7.133862 3.862645 105.7954
-6.990425 4.807191 105.0884
-6.141477 3.673336 101.3203
-5.901114 4.833752 100.8763
-5.959772 3.965075 100.0057
-7.10958 4.467143 100.8835
-8.217587999999999 3.878379 102.235
-8.312336999999999 4.102266 100.8908
-8.279671 4.947537 101.9018
-5.85016 4.47907 106.2564
-7.032314 4.153536 106.2564
-6.710486 3.794729 106.2564
-5.915806 4.077688 106.2564
-5.855209 4.366392 105.451
-7.900438 5.460262 94.94134
-8.329598000000001 4.162559 94.91401
-6.847052 4.799771 94.35005
-7.370351 3.246325 94.85375999999999
-6.173475 3.636354 94.86439
-7.140564 4.284499 95.59966
-6.528388 5.596672 94.90911
-5.866515 4.681417 94.93213
-6.816446 5.088901 106.2564
-7.477947 5.684091 106.2564
-6.732116 5.680962 106.2564
-7.52428 5.174598 105.721
-7.073113 5.738449 105.1866
-6.544444 4.620012 106.2564
-7.763496 4.586106 105.6691
-7.333126 5.022385 106.2564
-6.615653 3.320217 106.2564
-7.112635 3.219152 106.2564
-7.116935 3.66805 106.2564
-7.218578 3.451569 105.8987
-7.594959 3.316189 106.2564
-7.888747 3.488575 105.402
-7.658327 4.318787 104.7593
-7.716631 3.951573 105.7732
-5.894595 4.810725 104.7549
-6.825708 4.365796 103.4373
-6.096088 5.22688 104.1966
-7.118018 4.47907 106.2564
-5.897271 4.137758 104.5397
-5.857519 4.615042 103.7008
-6.054283 3.791544 103.5362
-6.660017 3.302277 104.8106
-6.851094 3.246055 103.8496
-7.040232 3.221087 104.819
-6.244524 3.563531 104.5628
-6.373203 3.457106 105.476
-7.684219 4.397871 106.2564
-8.108078000000001 5.248098 106.2564
-8.369732000000001 4.452971 106.2564
-8.314971 4.847366 105.2406
-7.843051 5.503842 105.1902
-7.35743 3.243668 105.488
-5.917027 4.074074 96.22472
-6.794133 3.259407 96.12967
-7.2599 4.569872 96.91919
-7.474557 3.27302 97.31648
-8.259432 3.962938 97.26536
-7.268557 4.372552 98.76307
-8.369358 4.519367 99.47481000000001
-8.079115 3.673853 98.46913000000001
-8.324825000000001 4.813433 98.03993
-6.043379 5.149554 99.20554
-5.860011 4.636312 97.61194999999999
-6.323043 3.495215 97.41357000000001
-7.736046 5.572491 97.49549
-8.305037 4.878422 96.39819
-6.794473 5.698822 100.5074
-6.698683 3.288208 100.4611
-6.594367 3.329531 99.49388999999999
-8.028188999999999 5.341902 100.5609
-7.385378 3.249594 101.4373
-7.680557 3.355701 99.84090999999999
-7.541246 5.662919 99.02633
-7.232994 5.732982 96.27778000000001
-6.609888 5.635448 97.69620999999999
-6.10853 5.243463 96.29537000000001
-7.025414 3.221997 98.52834
-6.016325 3.853692 98.69755000000001
-7.984757 3.572239 96.11074000000001
-5.85119 4.428146 102.3855
-6.156533 5.302567 103.1674
-7.299985 4.670155 102.0794
-7.219317 4.091076 106.2564
-7.453688 5.691232 101.7774
-6.506444 3.373167 102.5393
-6.353696 5.486683 101.9188
-8.166492 3.792487 103.4269
-8.360987 4.629522 103.1376
-7.903517 5.457774 102.9812
-7.509849 3.284254 102.8253
-7.665161 3.348014 103.818
-6.980296 5.732289 102.9837
-7.12093 5.738945 93.55714999999999
-6.638596 5.647447 104.1385
-8.165032 5.167896 104.1461
-7.476709 5.684469 104.0985
-7.533184 3.781451 106.2564
-6.112084 3.710043 106.2564
-8.299985 4.06491 105.3191
-6.360882 4.13918 106.2564
-8.364701 4.363616 104.2813
-7.506083 3.283 104.6314
-8.077386000000001 3.671777 104.4813
-8.108078000000001 3.710043 106.2564
-7.485259 1.264632 106.2564
-7.980484 1.668157 105.8481
-7.710424 1.714484 106.2564
-7.383592 1.820196 105.8895
-8.108078000000001 1.165002 106.2564
-8.327267000000001 1.608668 105.3238
-8.369446999999999 1.971426 106.2564
-5.948971 2.423136 104.9129
-5.999273 2.528593 103.883
-5.851669 1.872389 104.5075
-6.418154 2.212357 105.1463
-5.851846 1.868872 103.3472
-6.79535 1.595494 103.7826
-6.057894 1.240991 104.2575
-6.187797 1.075663 103.0941
-6.66957 0.7536269 104.1506
-7.869652 0.9288172 105.2338
-7.246786 1.120645 105.7709
-7.156498 1.577881 105.0452
-7.72315 2.482513 105.8837
-7.254655 2.345668 105.6615
-7.735105 2.124977 105.3411
-7.742393 2.251831 106.2564
-7.186118 1.61237 106.2564
-6.858635 0.6994547 100.6439
-6.228974 1.033446 99.26092
-7.49731 0.7350908 99.46115
-7.190157 1.963797 99.88688
-5.85031 1.914598 105.4694
-5.968958 1.399953 105.3101
-6.123178 1.890129 105.8451
-6.218257 1.959147 106.2564
-5.927013 2.367333 105.7371
-6.475203 2.155297 105.8954
-6.439365 2.326892 106.2564
-5.91249 2.325408 106.2564
-5.909372 1.552325 106.2564
-6.631549 1.284159 105.8025
-5.85016 1.93403 106.2564
-7.1317 2.778308 106.2564
-7.297733 2.919497 105.8846
-7.600995 2.66438 106.2564
-7.616203 3.087824 106.2564
-7.120635 3.193907 106.2564
-7.509669 3.128907 105.4552
-6.963962 3.185449 105.4549
-7.259694 2.588312 104.905
-8.024457 2.800815 105.4052
-7.830476 2.96768 104.5737
-8.324173999999999 2.270747 104.4996
-8.033711 2.790948 103.507
-7.53712 1.949154 104.3344
-7.295764 3.180193 104.7828
-7.331187 3.174398 103.8878
-6.201654 2.807049 105.5123
-6.282825 2.884318 104.6137
-6.782661 1.297572 106.2564
-7.068283 1.704675 106.2564
-6.467358 1.612747 106.2564
-7.479799 0.7295759000000001 106.2564
-6.745182 0.7281072 106.2564
-7.113936 0.6741147 105.2034
-6.824942 1.877342 105.5503
-6.112084 1.165002 106.2564
-6.391265 0.8992813 105.2431
-6.989732 2.341223 106.2564
-6.684132 2.633186 106.2564
-6.921856 2.133314 106.0144
-6.777301 2.645113 105.7073
-7.158351 2.183826 106.2564
-7.057794 1.98966 106.101
-6.713492 1.99776 106.2564
-7.277791 3.182739 102.6867
-7.617749 2.066558 102.8952
-8.211614000000001 2.545608 102.3018
-7.061513 1.961834 101.5937
-6.544066 3.059653 105.3097
-7.296612 2.435631 106.2564
-7.368802 2.022007 106.2564
-7.292382 3.180692 98.88453
-8.283264000000001 2.393423 98.76040999999999
-7.966041 2.858547 97.56894
-7.22337 1.813797 98.35869
-8.318047 2.292107 105.5231
-6.575817 3.075066 103.6331
-6.112084 2.703058 106.2564
-6.61359 3.092001 106.2564
-8.108078000000001 2.703058 106.2564
-5.871863 1.701186 97.81820999999999
-5.997457 2.525189 99.31084
-7.989784 1.032074 100.7936
-8.36692 1.845954 96.37692
-8.369223 1.889719 97.69583
-7.304922 1.808463 97.01263
-6.031714 2.585585 101.041
-5.932441 1.486184 100.642
-8.013622 2.812104 100.0134
-7.699073 3.047802 101.323
-8.354043000000001 2.133928 101.0307
-7.241204 3.187109 94.84599
-6.58843 3.080887 96.01575
-7.665253 3.06504 96.24796000000001
-7.056853 1.976602 95.56538
-6.532033 3.053522 97.51607
-7.992984 1.035207 94.94108
-7.445332 0.7195309 96.29998000000001
-6.20435 1.058215 96.40703999999999
-6.974772 0.6813956 97.87202000000001
-6.143228 2.741864 102.5714
-5.864191 1.746523 102.0691
-8.02384 1.066593 97.32504
-8.336821 1.646784 99.77086
-6.887592 3.174151 100.3062
-7.487148 0.7318563 101.8984
-6.424572 0.8769215 101.8641
-8.137779 1.205169 98.51898
-6.739458 3.138206 101.5974
-6.603335 0.7805096 94.93968
-8.275249000000001 2.413389 94.94333
-5.899661 2.283722 96.32492000000001
-6.11536 2.70729 94.85984999999999
-8.279741 1.465739 102.0546
-7.025416 0.6769567 103.0343
-7.945391 0.9908129 103.0961
-5.878369 1.668912 94.99226
-8.369331000000001 1.892926 103.2805
-7.107608 0.6741112 93.55714999999999
-7.519024 0.7423225 104.1557
-7.094898 2.041036 106.2564
-7.118018 1.93403 106.2564
-6.807553 3.157091 104.5811
-8.212949 1.324863 104.2433
-3.058591 4.404053 111.7277
-2.855746 3.945183 111.8633
-2.880869 3.974198 111.059
-2.321698 4.465764 111.7536
-3.00563 4.184934 112.5234
-2.179854 3.690329 110.4853
-1.560362 4.120488 110.8175
-1.500621 4.278049 109.9874
-2.284864 4.400659 110.8697
-2.268452 5.272771 116.3357
-1.783986 5.107769 116.3357
-1.768444 4.98407 116.3357
-1.980994 5.21889 115.5556
-2.028908 3.722378 112.3774
-1.795434 3.841715 111.4979
-2.398814 3.69615 111.5821
-1.555246 4.130775 112.3461
-1.475231 4.451238 111.5291
-2.609077 3.762182 112.4799
-3.009501 4.763313 112.4366
-2.374504 4.603519 112.835
-1.718502 5.051369 111.51
-2.33807 5.269711 111.4753
-1.990194 5.222399 110.7268
-1.869051 5.164961 109.6866
-2.706248 5.141104 110.5192
-2.325584 4.391294 109.4815
-2.604451 5.198139 112.3586
-2.879921 4.98509 111.5502
-2.841523 3.929943 113.267
-2.296068 3.685851 113.2221
-2.835188 5.034733 113.2045
-3.06212 4.485209 113.2526
-1.533179 4.777979 112.3458
-1.989895 5.222287 112.3354
-1.539299 4.792613 110.6712
-3.055919 4.578281 110.9519
-2.282214 5.272651 113.1689
-1.710706 5.043774 113.1627
-3.004923 4.183167 114.0331
-2.195274 4.349739 113.6144
-1.729801 3.896126 113.1791
-1.474915 4.462532 113.1624
-3.028664 4.250981 110.1118
-2.99978 4.787465 114.0156
-2.361422 4.611252 114.3985
-2.583811 3.750713 114.0236
-1.978978 3.740037 113.9981
-2.647207 3.781576 108.4837
-3.031711 4.261394 109.0508
-2.528616 3.729223 109.4226
-1.96814 5.213766 113.9772
-2.574124 5.211546 113.9895
-1.540296 4.163219 113.9744
-1.837541 3.812524 109.5077
-2.852653 5.016341 109.4532
-2.967563 4.854825 108.4937
-2.366398 5.266703 108.696
-1.734034 5.065898 108.6496
-1.998545 5.225472 107.8492
-2.245358 4.782056 108.2105
-3.023127 4.233278 108.1607
-1.479821 4.389428 108.9176
-1.533775 4.779441 113.97
-1.508416 4.707802 107.9215
-1.612332 4.03244 107.9149
-2.267382 5.27277 114.7722
-2.823985 5.045934 114.7892
-2.405149 4.569938 115.1793
-1.971895 3.742851 108.6712
-2.330992 4.487998 116.3357
-1.959271 4.624309 115.9724
-1.768444 3.97407 116.3357
-2.192723 4.128814 115.9245
-2.752901 3.850372 116.3357
-2.996064 4.162007 115.5762
-3.062134 4.483069 116.3357
-2.659782 4.308155 115.9292
-1.715887 3.909297 114.7794
-1.47475 4.47565 114.7737
-2.274905 3.685396 114.7869
-2.830693 3.91886 114.8017
-1.710925 5.04399 114.7678
-3.062125 4.484591 114.7992
-1.668546 4.998766 107.0507
-2.435873 4.838046 106.6301
-2.404918 3.697191 106.9774
-1.828495 3.81846 107.0475
-2.204358 4.47998 107.1408
-2.913445 4.941601 106.9908
-2.66921 5.164159 107.8029
-3.036134 4.680596 107.6585
-2.365253 5.266845 107.0304
-2.177173 3.690635 107.7905
-2.737798 3.839018 107.6465
-2.266985 3.685371 116.3357
-2.558774 3.740377 115.5654
-3.013256 4.204817 107.4665
-2.752901 5.107769 116.3357
-2.993232 4.802555 115.5713
-2.435562 4.824996 115.9666
-1.474743 4.47907 116.3357
-1.541801 4.798368 115.5613
-1.542761 4.157596 115.5601
-2.554953 5.219255 115.5561
-1.98191 3.738896 115.5616
-3.060542 4.428662 106.9184
-1.688942 4.090651 115.9547
-1.489938 4.324508 107.0886
-2.328208 4.470486 116.3357
-1.783986 3.850372 116.3357
-1.474743 4.47907 106.2564
-2.871355 3.962874 106.9117
-1.622216 4.018255 106.2564
-3.521423 3.766853 109.9471
-4.28758 3.803038 109.7741
-4.066583 3.709663 110.6498
-3.86787 4.307396 110.2775
-3.260931 4.985923 111.677
-3.799489 5.269478 111.6874
-3.87484 4.471025 111.5053
-3.86958 4.482044 112.3572
-3.609712 5.228279 110.6713
-4.558888 4.876259 110.745
-4.232298 5.186137 109.6368
-4.665416 4.476872 109.7206
-4.580636 4.122144 110.4618
-4.195785 3.754542 112.2363
-3.934895 3.687888 111.4471
-4.539834 4.050606 111.3621
-3.078722 4.512501 110.0734
-3.09172 4.625911 111.0105
-3.099274 4.296616 111.8092
-3.51187 3.771632 112.0337
-3.322686 3.905901 110.9736
-3.110422 4.703544 112.5397
-3.192017 4.069233 112.6864
-3.859355 4.47694 113.2004
-4.574297 4.848318 112.4531
-4.649037 4.639499 111.6821
-4.379973 5.088691 111.6937
-3.453981 5.153945 109.6915
-3.75756 4.476222 108.9418
-3.743499 3.695795 113.0606
-4.11484 5.234618 112.4751
-3.505493 5.183229 112.4937
-4.422246 3.907336 113.1239
-4.626119 4.232411 112.3362
-4.665076 4.502408 113.1903
-3.437622 3.8146 108.3036
-3.83568 3.686188 109.0334
-3.189921 4.07273 109.1397
-4.599501 4.795761 114.0112
-4.601941 4.168047 113.9663
-4.123479 5.231784 111.1659
-3.279994 5.008053 113.3021
-3.078543 4.450212 113.3613
-4.140372 3.73222 113.9399
-3.847625 4.495489 114.0678
-3.274305 3.956521 113.4489
-4.403322 5.068442 113.2426
-4.15334 5.221128 114.0381
-3.931376 4.487642 116.3357
-3.908901 4.2168 115.9037
-3.985713 4.811741 115.9231
-3.539273 4.417155 115.993
-3.548294 3.754255 114.0237
-3.135562 4.182366 114.1239
-3.133192 4.769826 114.1021
-3.826715 5.271494 113.2675
-4.626918 4.723272 108.7778
-4.507926 4.004517 108.8958
-3.84835 4.373486 115.2293
-3.546936 5.203278 114.0712
-4.625235 4.229725 107.973
-4.085564 4.305249 107.6497
-4.251534 5.175993 108.6278
-3.88808 5.272602 107.9571
-3.681094 5.24954 108.8522
-3.142721 4.792954 109.0517
-3.585887 3.738624 115.5727
-4.157406 3.738568 115.5531
-4.133394 3.729746 108.1383
-4.512045 4.948051 107.8007
-3.309257 5.039068 114.8472
-3.07802 4.477101 114.8567
-3.863721 3.68541 114.783
-3.862256 5.272715 114.8207
-3.505053 5.183 107.1445
-4.116171 5.234189 107.1946
-3.835321 4.386121 106.9801
-3.302392 5.032087 108.1319
-3.102128 4.673211 107.4991
-3.191901 4.069426 107.5888
-3.872152 3.68537 116.3357
-3.082379 4.39598 108.3013
-3.688513 3.706803 107.509
-4.331051 3.831788 107.1537
-4.424097 5.049017 114.7981
-4.665417 4.477361 114.7777
-3.371719 3.97407 116.3357
-3.931962 4.470428 116.3357
-4.665347 4.468355 107.072
-4.469379 5.001337 106.9166
-4.612676 4.763574 106.2564
-4.028691 4.779007 106.5768
-4.421345 3.90647 114.7649
-3.313474 3.914869 114.8297
-4.597013 4.156721 115.561
-3.387261 3.850372 116.3357
-3.145988 4.157704 115.599
-3.581154 5.217672 115.5865
-3.144913 4.797998 115.5982
-3.387261 5.107769 116.3357
-3.371719 4.98407 116.3357
-3.318907 4.850316 115.9686
-3.078018 4.47907 116.3357
-3.481494 4.226746 106.5757
-4.356176 5.107769 116.3357
-4.157756 5.219437 115.5798
-3.870755 5.27277 116.3357
-4.598078 4.799011 115.5719
-4.304175 4.274506 115.9213
-4.356176 3.850372 116.3357
-4.665403 4.484093 116.3357
-3.139382 4.785083 106.8198
-4.584635 4.130199 106.2564
-3.348994 3.88181 106.8972
-3.095621 4.312836 106.8981
-3.793942 3.68919 106.8213
-2.997834 2.247 115.5682
-3.061695 1.907327 114.8154
-2.837582 2.48724 114.7711
-2.286883 1.908689 114.7902
-2.558727 2.672742 115.5462
-1.981056 2.673874 115.5446
-1.70175 2.489745 114.7589
-2.236397 1.928855 115.4697
-1.543364 2.25686 115.5746
-1.474744 1.932481 114.8345
-2.103134 2.367845 115.955
-2.674984 2.137103 115.9453
-2.273142 1.888176 115.8982
-1.969534 1.198766 115.5883
-1.698297 1.381858 114.8634
-2.325369 1.942281 116.3357
-1.885835 1.747305 115.9839
-1.768444 1.42903 116.3357
-2.432531 1.55749 115.9778
-1.474743 1.93403 116.3357
-1.539599 1.619792 115.5973
-3.06214 1.931545 116.3357
-2.98922 1.601702 115.5854
-2.326785 1.925614 116.3357
-1.783986 1.305331 116.3357
-2.266324 1.140332 116.3357
-2.540584 1.188443 115.5814
-2.752901 1.305331 116.3357
-2.533871 1.186027 106.9709
-2.39479 1.868612 107.2673
-1.901047 1.230481 107.1741
-2.218555 1.468804 106.662
-2.945584 1.519975 106.8193
-3.059192 1.865638 107.1975
-2.704281 2.107676 106.914
-2.767971 1.762726 106.4737
-1.620438 1.475718 106.2564
-1.527601 2.218833 106.9846
-1.878747 2.625476 106.996
-1.880449 1.902988 106.6097
-1.512972 1.690673 107.0352
-2.752901 2.562728 116.3357
-2.266729 2.727729 116.3357
-2.313795 2.373973 106.6021
-1.87384 2.448392 106.5694
-1.474743 1.93403 106.2564
-1.629328 2.40466 106.2564
-2.390961 2.718217 106.9086
-2.40163 1.860334 111.9365
-2.202061 2.724949 111.2852
-2.517443 1.180399 110.8952
-2.854291 2.469514 111.1103
-2.769916 2.549242 112.108
-3.062144 1.934933 110.3859
-2.236789 1.830235 110.2893
-3.057357 1.846987 111.4575
-1.478103 2.006988 107.6627
-1.496814 2.119901 108.562
-1.674493 2.460512 107.7381
-2.354987 1.800918 107.9041
-2.548475 1.191371 112.5474
-1.848007 1.260833 112.4582
-2.28759 1.14056 111.8136
-1.475332 1.903471 111.2432
-1.748356 1.334472 111.5147
-1.631156 2.407132 111.4806
-3.043646 1.763672 112.5065
-2.156484 1.148266 113.2866
-2.245195 2.006467 113.2067
-1.474757 1.929336 112.2189
-1.921045 2.647665 112.2121
-2.808157 1.352076 113.297
-1.508646 2.163526 113.9962
-1.542517 1.613108 113.2902
-2.275305 1.929758 113.9988
-2.312381 2.726513 113.044
-2.921525 2.385078 113.1264
-1.629497 2.404889 110.504
-2.484531 2.697749 110.3355
-1.629987 1.462507 110.5513
-2.785547 1.331897 111.8157
-3.018982 2.192201 114.0173
-3.057253 1.846048 113.3841
-2.157035 1.148187 109.7352
-2.773846 1.322043 110.0995
-2.962941 1.549799 109.3504
-1.621661 2.394066 113.0936
-1.480452 1.839002 109.6021
-2.514239 1.179348 114.0632
-2.97933 1.581042 114.0758
-1.944949 2.658814 113.9094
-2.605204 2.652746 113.9257
-1.883257 1.240062 114.0683
-1.534564 1.631735 114.1877
-2.869535 2.452345 109.4884
-1.929236 2.651594 109.4039
-2.399267 1.151185 108.7344
-1.707413 1.372599 108.8163
-1.783986 2.562728 116.3357
-1.768444 2.43903 116.3357
-2.230154 1.141253 114.8282
-1.968969 1.198996 108.0819
-2.285877 2.13163 108.6107
-3.058799 1.861242 106.6671
-2.260856 2.727694 107.7467
-1.916059 2.645216 108.4492
-2.523406 2.685664 108.6515
-3.034208 2.142754 108.6568
-2.921791 1.483367 108.3542
-2.757217 2.253767 106.5188
-3.026044 2.170676 106.7691
-2.271907 2.727723 114.7384
-2.799674 1.344322 114.8284
-2.820957 2.503845 106.8154
-2.975018 2.295572 107.358
-1.575688 1.546667 107.9042
-2.463234 1.164603 107.8136
-2.904275 1.458974 107.5192
-2.835074 2.489809 107.9783
-3.061873 1.954772 107.8728
-2.680026 2.612676 107.3746
-4.569078 1.555017 114.0426
-4.62566 2.182088 114.0516
-3.879588 1.934766 114.7377
-3.553506 1.948617 114.0968
-3.606923 2.682257 114.072
-4.22406 2.645237 114.0194
-4.115369 1.178653 114.0641
-3.340531 2.523776 114.8616
-3.387261 2.562728 116.3357
-3.603983 2.68121 115.5862
-3.153116 2.271033 115.6103
-3.305275 2.304307 115.9664
-3.078641 1.965481 114.8885
-3.501332 1.232051 114.1211
-3.290028 1.394033 114.8757
-3.666024 2.149034 115.3917
-3.139205 1.628441 115.6142
-3.872819 2.72773 116.3357
-3.579807 2.170156 116.0647
-4.663179 1.874445 112.5362
-4.261011 1.242356 112.0994
-4.663786 1.883135 111.432
-3.881944 1.953815 111.8571
-3.444873 2.603181 112.5307
-3.514778 2.64294 111.6225
-3.088828 2.064577 112.0059
-3.387261 1.305331 116.3357
-3.722056 1.708049 115.8778
-3.871703 1.140329 116.3357
-3.371719 1.42903 116.3357
-3.078018 1.93403 116.3357
-3.905634 1.604253 106.7143
-3.549708 2.079945 107.1676
-3.459081 2.102124 106.7032
-3.978933 2.267113 106.6767
-3.097081 2.106936 106.5575
-3.086233 2.047931 112.8659
-3.184915 1.53621 112.5122
-3.238902 1.454965 113.3333
-3.666745 1.167253 112.6752
-3.859341 1.925131 113.2714
-3.084261 2.033384 111.0081
-4.225867 2.644339 111.1287
-4.345737 1.297424 113.1539
-4.660489 1.845699 113.3825
-3.868485 1.917869 110.4177
-4.61043 2.224316 110.3932
-4.50587 1.456733 110.4438
-3.531029 2.650892 110.7968
-3.385662 1.306567 111.7364
-3.762936 1.147819 113.4606
-3.079847 1.987874 113.5739
-3.782169 1.145397 110.2073
-4.075098 1.166829 111.1375
-3.371027 1.318182 110.8321
-4.278899 2.615326 112.2189
-4.03454 1.877847 115.9085
-3.146475 1.611567 110.0489
-4.643262 1.7478 109.5916
-3.244131 2.419926 110.0556
-4.461525 2.46515 109.4536
-4.178289 2.666133 115.5725
-4.226654 2.133474 115.938
-4.504072 2.413706 113.207
-4.356176 2.562728 116.3357
-3.932807 1.942776 116.3357
-3.122712 1.671446 114.161
-3.913938 2.726607 113.2112
-3.802601 1.948871 108.8191
-3.301516 2.486144 113.3894
-4.00594 2.716299 110.1667
-4.396875 1.338907 114.8229
-4.664172 1.889561 114.8163
-4.662556 2.001385 108.7122
-4.369652 1.31595 108.8352
-4.233423 1.227538 109.6484
-3.553252 1.207022 109.1813
-3.684115 2.70524 109.2443
-4.280599 2.614307 108.5682
-3.212779 1.491584 106.929
-4.665419 1.933186 116.3357
-3.832176 1.141315 114.8405
-4.130949 1.896514 115.3097
-3.15584 2.276782 114.1712
-4.356176 1.305331 116.3357
-4.589319 1.594899 115.5839
-4.141697 1.187657 115.5818
-3.909351 2.726838 114.8173
-3.195681 1.518176 108.3504
-3.880876 1.140382 108.0439
-3.092204 1.784638 107.6138
-3.828326 2.223988 108.0164
-4.011933 1.798877 107.5405
-3.085281 2.041156 109.1435
-3.313617 2.498373 108.7425
-4.605844 2.235725 115.5807
-4.088239 2.697626 107.7302
-4.58731 2.277381 107.8464
-4.570106 1.556915 107.9474
-3.568622 1.200482 115.5948
-4.399436 2.526883 107.0204
-3.371719 2.43903 116.3357
-3.648038 2.69556 108.3502
-4.455088 2.472212 114.809
-3.160702 2.286757 107.3971
-3.497112 2.633766 107.5994
-3.14536 2.253974 108.1874
-3.356787 1.330039 107.6137
-4.665299 1.920235 107.0772
-4.5781 2.295949 106.2564
-3.708218 1.157352 107.0508
-4.609097 1.640374 106.2564
-4.340031 1.293214 107.1203
-3.089826 1.797629 106.6238
-3.836784 2.726961 106.9615
-3.078222 1.95201 107.0237
-3.162765 2.290885 106.8243
-3.93244 1.925329 116.3357
-3.379036 2.556304 106.8893
-6.302609 3.685391 114.8267
-6.579091 3.73294 114.0621
-6.858451 3.906836 114.8286
-6.551773 4.466484 114.0854
-5.988411 3.752751 114.0943
-6.068442 4.48088 114.5202
-7.102137 4.475749 114.8344
-6.171619 4.567325 115.2037
-5.572877 4.180906 114.1093
-6.863332 5.046573 114.8195
-6.303042 5.272753 114.7953
-5.994808 5.208175 114.0011
-6.606461 5.214697 114.0239
-5.570368 4.770968 114.0286
-5.906772 3.794512 107.0258
-5.668266 4.009887 106.2564
-6.012318 4.183579 106.6524
-5.538781 4.285214 110.5876
-5.938072 5.181057 110.442
-6.282829 4.422682 109.8765
-6.254458 4.448003 111.2044
-5.69999 3.969419 109.5303
-6.207133 3.691862 110.2904
-5.67031 4.007111 112.7342
-5.5311 4.639373 112.4146
-5.638237 4.053884 111.7402
-6.518086 4.660326 112.0971
-7.081618 4.658407 112.5755
-7.02453 4.136753 112.7345
-6.316032 4.441063 113.334
-6.009704 3.743737 111.0904
-6.376979 3.688334 111.781
-5.641607 4.909523 111.4419
-5.808444 4.98407 116.3357
-5.58304 4.801173 115.5835
-5.514743 4.47907 116.3357
-5.993039 4.638962 115.9736
-6.530114 5.241188 111.3328
-6.20757 3.691806 113.2449
-6.060536 3.725079 112.4015
-6.642536 3.75911 112.5638
-6.686731 5.176823 112.3921
-7.017376 4.835968 111.8331
-6.451481 3.698365 106.9942
-6.461759 4.465487 107.0002
-7.019594 4.126613 111.9087
-6.888232 5.021109 113.2644
-7.101606 4.449852 113.3574
-6.000871 5.210753 112.2913
-5.514743 4.47907 106.2564
-6.723913 4.289857 106.589
-6.742768 3.814749 111.0492
-5.72345 5.015488 113.1891
-5.516133 4.432113 113.3102
-6.897793 5.010697 110.156
-6.247854 5.270455 109.4644
-5.575802 4.784352 109.5663
-6.984735 4.063631 110.1845
-5.550058 4.71319 106.9963
-5.654616 4.929038 106.2564
-5.875121 5.144046 107.0271
-6.500981 3.709077 109.4166
-6.841828 3.891311 113.3502
-7.088903 4.334699 109.2083
-5.518163 4.405473 108.5776
-6.25032 4.515182 108.6069
-5.968619 3.761798 108.6396
-5.726386 3.939469 113.4832
-7.034145 4.157639 114.0863
-6.514038 5.245681 108.5548
-5.830297 5.112581 108.6565
-6.305075 5.272764 113.1834
-6.792901 3.850372 116.3357
-7.034158 4.157669 115.5956
-7.102136 4.482578 116.3357
-6.702052 4.326219 115.9306
-7.033854 4.801158 115.5885
-5.749467 3.915594 114.8376
-7.041813 4.782599 114.0756
-6.308449 3.68537 116.3357
-6.593505 3.738327 115.5835
-6.226205 4.121678 115.9326
-5.514745 4.480787 114.8314
-5.823986 5.107769 116.3357
-6.020792 5.218812 115.5677
-6.371561 4.470071 116.3357
-6.373724 4.48835 116.3357
-6.020256 3.739538 115.5833
-7.098894 4.550827 111.0497
-6.480838 4.84375 115.9636
-5.731802 4.098105 115.95
-5.58141 4.160663 115.5946
-5.823986 3.850372 116.3357
-6.870224 5.039752 109.2014
-5.750012 5.043087 114.8034
-5.515931 4.435658 107.6587
-5.697348 3.972589 107.8101
-6.241466 4.545025 107.7618
-6.777792 3.839014 107.6818
-7.063374 4.23404 108.2161
-6.769398 5.125198 107.7432
-6.156222 5.258037 107.7982
-7.024212 4.822052 108.4463
-6.232341 3.689027 107.8017
-6.689144 3.782631 108.527
-5.642719 4.911241 107.8097
-7.084257 4.646624 107.6432
-5.566157 4.198053 106.9964
-6.309935 5.27277 116.3357
-6.792901 5.107769 116.3357
-6.59411 5.21958 115.5702
-6.472345 5.255663 107.0064
-5.808444 3.97407 116.3357
-6.905397 3.955995 106.9254
-7.099526 4.41466 106.9137
-7.048334 4.191804 107.4832
-6.967738 4.920988 106.9664
-7.669757 3.72315 111.4566
-7.432831 3.846119 112.1577
-7.139598 4.295247 111.7755
-8.084158 4.367051 111.558
-8.328481 3.803593 111.9333
-8.387694 3.843926 110.9996
-8.69693 4.3633 111.7464
-8.499506 5.012424 111.6596
-7.980735 5.269765 111.7763
-7.836156 4.514734 112.333
-8.195368 5.220355 112.3573
-8.396176000000001 3.850372 116.3357
-7.899353 4.198287 115.9866
-8.075951999999999 4.084473 115.9049
-8.378629999999999 4.351849 116.1257
-8.389688 3.845425 109.863
-7.664293 3.724921 110.5058
-7.84508 4.489954 110.7179
-7.220402 4.868997 110.9764
-7.200767 4.126212 110.9373
-8.616211 4.844653 112.6183
-7.567225 5.194112 111.566
-8.028046 5.2642 110.9325
-8.359178 5.134616 110.0162
-8.695589999999999 4.603595 110.7138
-7.932802 4.442737 109.8744
-7.558286 5.189736 110.0703
-8.691525 4.331212 108.9578
-8.560411 4.936409 109.196
-7.988472 4.513737 108.573
-7.624284 3.739245 112.7997
-7.857944 3.687194 112.1992
-7.200868 4.12601 112.6762
-8.188758 3.73529 112.7472
-8.631805 4.145249 112.6317
-7.151786 4.708119 112.5531
-7.592931 5.205937 112.4069
-7.238317 4.899179 111.8384
-7.929455 4.434111 113.4682
-7.118128 4.46586 113.3605
-7.358078 3.91035 113.438
-8.050549999999999 5.260535 113.2012
-7.36579 5.055198 113.2654
-7.912097 3.68537 113.4697
-8.468729 3.913651 113.432
-7.191559 4.145408 109.0329
-7.527275 3.78469 109.7396
-7.122324 4.396507 110.0514
-8.70528 4.464237 113.4034
-8.701012 4.562595 109.7888
-7.659239 5.231543 114.0432
-7.187564 4.803971 114.0883
-7.795635 4.395759 114.5014
-8.705415 4.481686 116.3357
-7.975038 4.470045 116.3357
-7.975046 4.488097 116.3357
-8.534034999999999 4.971698 113.4852
-8.518504 4.990707 108.2102
-8.025183999999999 5.264619 109.1751
-7.790579 3.694669 109.1826
-8.105852000000001 3.709478 107.8275
-8.629030999999999 4.13933 108.0126
-8.014056 4.495961 107.7544
-8.260138 5.192207 114.1005
-8.659093 4.746264 114.1671
-7.175983 4.181322 114.136
-8.638601 4.16032 114.1717
-8.208971999999999 3.743135 114.1748
-7.605326 3.746893 114.1708
-8.144906000000001 4.767839 115.9412
-7.277316 4.956034 109.207
-7.686159 5.240046 108.4024
-7.373446 5.062357 114.8351
-7.118214 4.496708 114.8622
-8.19417 3.737328 115.6167
-8.461993 3.907093 114.9013
-8.635386 4.153085 115.6239
-8.009653999999999 4.539275 115.2557
-8.641859999999999 4.790283 115.6175
-8.705204999999999 4.460654 114.9015
-8.485199 5.027778 114.875
-7.195589 4.136844 108.1165
-7.625241 3.738874 108.4332
-8.292714 3.782792 108.7447
-7.939933 5.272269 114.8401
-7.395703 5.082136 107.6605
-7.975612 5.270195 107.6833
-7.520351 3.788569 107.6343
-7.122886 4.56684 107.5777
-7.163968 4.745209 108.3519
-7.902353 3.685425 114.8991
-7.181247 4.168632 115.613
-7.617777 3.741806 115.6151
-7.913789 3.685373 116.3357
-7.623829 4.605388 115.9663
-8.396176000000001 5.107769 116.3357
-7.346812 3.921539 114.8847
-8.386877999999999 5.114825 107.1118
-7.600617 4.384233 107.1718
-8.704179 4.523424 107.1875
-7.637198 5.223784 115.5866
-8.210433999999999 5.214414 115.5948
-7.702405 5.244674 106.9658
-8.069596000000001 4.160095 106.6993
-8.438404999999999 3.885301 107.0981
-8.628054000000001 4.137274 106.2564
-7.916559 5.272756 116.3357
-7.190566 4.810582 115.5982
-7.341301 4.860257 115.9721
-7.118018 4.47907 116.3357
-7.411719 3.97407 116.3357
-7.336298 4.099517 115.9627
-7.427261 3.850372 116.3357
-7.427261 5.107769 116.3357
-7.206858 4.114199 107.4265
-7.209263 4.848553 106.9345
-7.366491 3.90228 106.9021
-7.13226 4.329389 106.8886
-7.850574 3.687729 106.9982
-7.411719 4.98407 116.3357
-8.651802999999999 4.765837 106.2564
-6.302355 1.710046 106.6582
-6.653661 2.008762 106.6947
-6.453007 1.883728 107.1278
-6.366309 2.311692 106.5865
-5.570384 1.642091 107.1161
-5.910044 2.055479 106.6293
-5.969358 1.41462 106.6731
-6.969203 1.494305 106.7175
-6.65765 1.221278 107.0844
-5.992266 1.206024 107.1179
-5.93658 2.635228 107.012
-6.4935 1.51272 115.9099
-6.315913 1.98131 115.4717
-6.560882 1.776758 116.0455
-5.945349 1.780671 115.9636
-5.669707 1.462887 106.2564
-6.30462 1.140339 116.3357
-6.022631 1.193576 115.5782
-6.600211 1.195903 115.5673
-7.036436 1.617822 115.5745
-7.033109 2.257791 115.5851
-5.582617 1.612881 115.5962
-5.514743 1.93384 114.8584
-5.750426 1.369603 114.8347
-6.305681 1.908843 114.7454
-6.31196 1.140337 114.8007
-6.695652 1.241188 109.8423
-6.132402 1.160098 110.5536
-7.095756 1.833532 110.456
-6.780084 1.29566 110.9757
-7.100491 1.882827 112.4108
-6.813548 1.321796 111.977
-7.079056 2.124076 111.4412
-6.371646 1.981874 112.2115
-6.743972 2.597562 110.3842
-5.775722 2.522391 110.5947
-6.322965 2.727598 111.4785
-6.861124 1.364377 113.0646
-6.199493 1.147843 112.5452
-6.262378 1.932863 110.0515
-5.563491 1.660156 110.652
-6.790045 2.564919 112.4732
-5.978794 1.212025 111.514
-5.813606 1.313468 109.7415
-6.178398 1.7107 112.8769
-6.170184 2.112575 109.0905
-5.537223 2.12159 111.6388
-6.306314 2.727728 113.2778
-5.934859 2.634312 112.4432
-6.515666 2.700202 106.9877
-6.855051 2.509513 106.6926
-6.792901 1.305331 116.3357
-7.10214 1.931573 116.3357
-6.621558 1.204701 114.0012
-6.272545 1.141142 113.3652
-6.243833 1.814044 113.7174
-5.704856 1.418625 113.2154
-5.522329 2.043501 112.6966
-5.646693 1.495799 112.2988
-5.526513 2.070208 109.7072
-7.090825 2.067593 113.2208
-7.050707 1.65295 113.9739
-6.821694 2.539451 113.3975
-5.72356 2.470567 113.3384
-6.18258 1.150373 108.8842
-5.515153 1.959525 113.4857
-6.756473 2.589186 109.3298
-6.06515 2.689522 109.5715
-7.052821 2.209463 108.5455
-7.099537 1.998304 109.559
-6.906256 1.411937 108.8118
-5.99611 2.663693 114.0847
-6.582712 2.678837 114.0891
-5.984171 1.209594 114.0567
-7.102042 1.946768 114.8024
-7.025391 2.27454 114.0623
-5.750456 2.498486 114.8516
-5.577233 2.242723 114.1306
-5.57315 1.635193 114.098
-5.808444 1.42903 116.3357
-5.514743 1.93403 116.3357
-5.515104 1.95798 107.9494
-5.575604 1.629224 108.8478
-5.649626 2.376658 108.761
-6.395123 1.93188 108.2517
-6.764763 2.58344 107.8102
-6.266071 2.726599 107.658
-6.340697 2.727075 108.5349
-6.874239 1.377401 114.7845
-5.581752 2.253216 115.6007
-6.854249 2.510274 114.8335
-6.370025 1.925223 116.3357
-5.769422 2.305218 115.9769
-6.44043 2.288666 115.971
-6.018758 2.672977 115.5913
-6.297057 2.727649 114.84
-6.368466 1.942646 116.3357
-5.823986 1.305331 116.3357
-5.783973 1.338303 107.9926
-6.448448 1.152775 107.9742
-7.083957 2.102968 107.7006
-6.998062 1.541109 107.9201
-6.792901 2.562728 116.3357
-6.591874 2.675398 115.5866
-6.307911 2.72773 116.3357
-5.823986 2.562728 116.3357
-5.808444 2.43903 116.3357
-5.568751 2.221808 107.0824
-5.791764 2.536527 107.8529
-7.097957 1.852614 106.7238
-7.054376 1.662839 107.2472
-5.514743 1.93403 106.2564
-5.681718 2.421036 106.2564
-7.04834 2.221281 106.714
-6.936622 2.419161 107.2033
-7.092285 2.058744 107.1363
-7.338227 2.482727 113.0759
-7.938013 2.727295 113.1616
-8.172489000000001 1.805475 112.8766
-7.838719 1.774059 113.5812
-8.30302 2.624569 112.4114
-8.675762000000001 2.148968 112.4513
-7.925515 2.096693 112.3211
-8.504130999999999 2.462242 113.2139
-8.471721000000001 1.371573 113.2866
-7.971371 1.142574 113.2699
-8.593436000000001 1.527554 112.4773
-8.240418 1.211592 112.5972
-8.056524 1.89144 106.6294
-7.782431 2.469245 106.6175
-7.623823 1.897723 106.9882
-7.438726 2.023465 106.5384
-8.659606999999999 1.668279 106.2564
-8.703984999999999 1.981719 107.105
-8.457098999999999 1.357384 107.0602
-7.847112 1.142963 106.9938
-7.122442 1.850346 113.0118
-7.186068 2.255575 110.2505
-7.119179 1.976939 111.1296
-7.464913 2.590022 110.6598
-7.738968 1.916743 110.5717
-7.229425 1.528522 110.1115
-7.519997 2.62433 111.4542
-7.839066 1.938328 111.5492
-7.172012 2.221771 112.1629
-7.66816 2.689437 112.3355
-7.976061 1.924873 116.3357
-8.229723999999999 1.960991 116.0988
-8.396176000000001 1.305331 116.3357
-8.705418999999999 1.933264 116.3357
-8.050057000000001 1.152478 110.4717
-8.694105 1.800496 110.7935
-7.460506 1.281061 111.0866
-8.583534999999999 2.356668 109.817
-8.202489 2.672551 110.7789
-8.704202 1.890095 113.2444
-8.574806000000001 2.370236 111.6024
-7.421742 1.309623 113.1018
-8.68744 1.76605 111.7521
-7.805205 1.147509 112.4982
-8.073536000000001 2.71106 111.6885
-8.187265999999999 1.189695 111.6529
-7.293942 1.43572 112.0686
-7.642604 1.187345 113.975
-8.23302 1.208271 114.0346
-7.732134 2.707147 109.7789
-7.851805 1.952147 109.4474
-7.16482 2.202549 113.8949
-7.198348 1.586089 113.905
-7.597852 2.663035 113.9336
-8.569865999999999 1.490405 109.7025
-8.000947 2.050824 114.3785
-7.805026 1.147533 109.4292
-8.261414 2.646542 108.8607
-8.704504999999999 1.972118 108.8529
-8.644584 1.629287 107.9289
-8.368631000000001 1.285037 108.7159
-7.902379 1.906804 108.7141
-8.649874000000001 2.225728 114.0144
-8.223281999999999 2.664022 113.974
-8.230645000000001 2.074866 115.8791
-7.7728 2.262087 115.9454
-7.696326 1.65025 116.0793
-7.925491 1.140449 114.7802
-7.368818 1.355049 114.7417
-7.846148 1.856083 115.1739
-8.643566999999999 1.626852 114.0336
-7.165129 2.203409 109.5314
-7.416714 2.554458 108.7122
-8.594547 2.338635 107.9757
-7.16747 1.658249 108.9662
-7.829242 2.723434 107.0397
-7.264897 2.394011 106.6367
-7.118373 1.910307 114.7245
-7.136425 2.103974 106.674
-7.130842 1.791928 106.8243
-8.396245 2.562675 107.0946
-8.629763000000001 2.272221 106.2564
-7.341365 2.485988 114.7326
-7.903733 2.72769 114.7502
-8.639179 1.616599 115.5743
-8.637102000000001 2.256179 115.5681
-8.468957 2.499226 114.7776
-8.705418999999999 1.934189 114.797
-8.396176000000001 2.562728 116.3357
-7.339615 1.383887 106.9182
-7.530647 1.237794 107.6438
-7.244299 1.504482 108.165
-7.671385 1.177591 108.4771
-7.777361 1.87868 107.7651
-8.138204999999999 1.17333 107.8144
-7.188961 1.606033 115.5416
-7.630258 1.191911 115.5466
-8.195544 2.675247 115.5502
-7.976666 1.943266 116.3357
-7.617417 2.671151 115.5344
-8.203619 1.195955 115.5638
-8.474335999999999 1.374189 114.8031
-7.165312 1.664144 107.4952
-7.181663 2.245446 115.5389
-8.058458999999999 1.534353 115.9215
-7.118018 1.93403 116.3357
-7.427261 1.305331 116.3357
-7.411719 1.42903 116.3357
-7.427119 2.562618 106.9832
-7.42737 2.562812 107.7172
-8.006168000000001 2.722091 107.9298
-7.127202 2.054423 108.0839
-7.159285 2.186625 107.2547
-7.427261 2.562728 116.3357
-7.914454 2.727726 116.3357
-7.411719 2.43903 116.3357
-7.911549 1.140329 116.3357
-2.622239 4.63076 123.3551
-2.319067 4.869259 123.7343
-2.265473 4.484079 123.3684
-2.267479 4.983057 123.3749
-1.910786 4.634669 123.3567
-1.802778 4.801984 123.8453
-1.768444 4.983483 123.3473
-2.768413 4.978532 123.3313
-2.735396 5.16283 123.8322
-2.628467 5.331033 123.3285
-1.801948 5.16402 123.8453
-2.069004 5.442572 123.8481
-2.473284 5.440185 123.8383
-2.006669 5.410068 121.084
-1.889379 5.310123 120.3784
-1.768464 4.988605 120.7133
-2.232905 4.947765 120.5174
-1.781924 4.86875 121.2263
-2.0176 4.551546 120.7846
-2.57382 4.58816 120.6554
-2.254476 4.484266 120.2154
-2.714062 4.757302 119.9446
-2.266263 5.021937 119.6347
-2.247309 5.483624 119.1166
-2.344538 5.478246 119.6637
-2.683778 5.262453 119.4709
-2.451284 5.449441 120.2605
-1.921062 5.34369 119.713
-1.789261 4.841297 119.4646
-1.809194 4.786359 120.1199
-1.839747 4.726739 121.8046
-1.788686 5.1249 121.6321
-2.320217 5.040794 121.8167
-1.809857 5.183314 118.9584
-2.283665 4.862446 121.2014
-2.023893 4.547957 121.395
-1.956749 4.593114 118.9207
-2.175492 4.492786 119.6012
-2.60543 5.353448 121.0624
-2.419765 4.507518 121.2778
-2.751912 4.856564 121.1781
-2.766978 5.022325 120.5931
-2.248127 4.484483 121.908
-2.673646 4.691135 121.7756
-2.636753 4.645917 119.0355
-2.738893 5.153413 121.699
-2.271593 4.98407 124.3357
-2.768443 4.9835 124.3357
-2.278423 4.985913 124.071
-2.378683 4.759116 124.0995
-2.386259 5.469992 121.6837
-1.97118 5.386108 121.8573
-1.872388 4.678882 124.3357
-2.067158 4.526376 123.8569
-2.676982 5.272334 118.7311
-2.127706 5.463855 118.3427
-2.252086 4.484338 118.2836
-2.767228 4.949222 122.2798
-2.573884 4.58821 122.3478
-2.246457 4.996081 122.3874
-2.617461 5.342102 122.2557
-2.244468 5.483495 122.2998
-1.770771 5.03226 122.2471
-1.935022 4.611472 122.352
-2.664499 5.289259 124.3357
-2.151115 5.215208 124.0763
-2.740668 4.819742 118.2423
-1.775383 4.901054 118.275
-2.531786 4.55904 117.6249
-2.638056 5.3208 118.098
-2.734045 5.166322 122.8025
-2.723105 4.776024 122.8306
-2.255989 4.484226 122.4652
-1.803132 4.801081 122.8307
-2.266113 4.978171 122.8881
-1.929745 5.351879 122.4138
-2.462136 5.44503 122.8119
-2.083324 5.448538 122.846
-1.808712 5.180658 122.8355
-2.450477 4.518384 122.8835
-2.071326 4.524566 122.8839
-2.761763 5.065532 117.5681
-2.32298 4.966819 117.3191
-2.71225 4.753776 116.9596
-2.29108 4.484583 117.0576
-1.917871 4.627561 117.5549
-2.607869 5.351208 116.955
-2.356677 5.476224 117.5953
-2.032861 5.425093 116.969
-1.768444 4.98407 124.3357
-1.872388 5.289259 124.3357
-1.843987 5.248336 117.6355
-2.267395 5.484069 124.3357
-2.26528 4.981157 124.3357
-1.924279 4.621371 116.8411
-2.151079 4.951502 116.6153
-2.664499 4.678882 124.3357
-2.2666 4.484074 124.3357
-2.470546 4.526736 123.853
-2.734173 4.802146 123.8385
-2.274009 5.484039 123.3421
-1.914182 5.336914 123.348
-1.769195 5.011481 116.9726
-2.267552 5.48407 116.3357
-1.836595 3.722064 119.6852
-1.775294 3.891589 120.304
-1.832958 4.219737 119.799
-2.260214 4.013367 119.7737
-2.456357 4.437415 120.3871
-2.14904 4.459604 120.8914
-2.58797 4.358652 120.868
-2.355774 4.044385 120.9964
-1.96229 4.36938 120.349
-2.206503 3.958119 120.347
-1.772982 4.041289 119.2914
-1.990884 3.558185 120.8522
-2.026866 3.536303 120.1709
-2.469005 3.516058 120.3448
-2.136286 3.491852 121.5667
-1.784971 3.84658 121.5033
-2.286178 4.473756 119.8125
-2.686089 4.248975 119.9303
-1.925574 4.337994 121.4619
-2.346993 4.08509 121.5962
-1.785986 4.10535 120.8973
-2.412358 4.452911 121.3702
-2.583921 3.58616 121.1122
-2.768308 3.985713 120.5124
-2.751985 4.101301 121.2199
-2.613172 3.611907 118.93
-2.28721 3.474423 119.6189
-2.657495 4.288139 121.8143
-2.750879 3.842708 121.725
-2.731597 3.785685 119.7459
-2.252878 4.004002 118.5337
-2.056856 4.427094 119.2684
-1.816802 4.188594 118.7594
-2.662087 4.282363 119.2385
-2.271593 3.97407 124.3357
-2.73561 3.79587 123.8301
-2.385298 4.209845 124.0781
-2.257687 4.030825 124.0525
-1.923186 3.612411 118.9722
-2.520161 3.542054 121.7616
-2.46858 3.878858 122.0109
-1.940073 4.351128 118.1597
-2.28619 4.473755 118.6721
-2.21943 4.471662 121.9404
-2.7629 4.048316 122.2968
-2.528826 4.400921 122.3758
-1.883514 3.654963 122.1283
-2.653946 3.655656 122.2606
-2.345258 4.005715 123.6179
-1.807312 4.167352 122.1402
-2.376738 4.462202 118.0951
-2.73725 4.14791 118.3714
-1.842697 4.236253 122.822
-2.088945 4.44074 123.0039
-2.112077 4.448991 122.506
-2.195943 3.967398 122.3574
-2.175647 3.482757 118.2921
-2.630617 3.629352 118.194
-2.146888 4.065757 117.8701
-1.783466 3.852428 118.248
-2.469617 3.516327 122.7658
-2.281823 3.474249 122.2053
-2.469023 3.516066 123.8223
-2.261752 3.474115 123.2867
-2.630485 3.629214 123.3101
-2.412862 4.452759 122.9152
-1.784791 3.847263 122.7185
-1.89863 3.637562 117.6271
-2.37442 3.485431 117.6148
-2.756447 3.8652 117.6392
-2.709232 4.210091 122.8471
-2.305142 3.974427 117.2797
-2.131445 4.454936 117.5851
-2.05609 3.521405 122.7301
-2.346482 4.054806 123.1495
-2.601608 3.601241 116.9778
-2.2676 4.47407 123.4113
-2.742824 3.816074 122.8011
-2.768177 3.990405 123.3349
-2.613259 4.336151 123.3715
-2.614889 4.334591 117.6335
-2.664499 4.279259 124.3357
-2.470659 4.431355 123.869
-2.266467 4.474066 124.3357
-2.732216 4.160927 116.9832
-2.106118 3.995881 116.6327
-2.267026 3.474072 116.3357
-2.050636 3.524004 116.9758
-1.790335 4.120399 117.5942
-2.375365 4.462504 117.0789
-1.927799 4.340078 116.9618
-1.769297 4.003272 123.3049
-1.803827 4.158818 123.8426
-2.068345 4.432285 123.8711
-2.042949 3.864301 124.0418
-1.775388 3.891028 116.9831
-1.896455 3.639968 123.2749
-2.060094 3.519548 123.8134
-1.922043 4.334635 123.3809
-2.733238 4.158368 123.8456
-1.799394 3.800886 123.8111
-1.768444 3.97407 124.3357
-1.872388 4.279259 124.3357
-1.872388 3.668882 124.3357
-2.768439 3.976182 124.3357
-2.26636 3.474075 124.3357
-2.265253 3.979159 124.3357
-2.664499 3.668882 124.3357
-4.371538 4.970625 123.3086
-4.219687 4.625019 123.3182
-3.869807 4.983229 122.8614
-3.870685 4.982297 123.3149
-3.861136 4.484182 123.3307
-3.509605 4.639289 123.3291
-3.663022 4.529708 122.8271
-4.237551 5.324903 123.3219
-3.873246 4.484073 124.3357
-3.667727 4.527576 123.839
-4.070561 4.525309 123.8359
-3.859559 4.71996 124.2033
-3.371816 4.993923 123.3212
-3.885199 5.483889 123.3337
-4.082651 5.4374 122.8166
-3.702716 5.454642 122.8275
-3.86886 4.984234 122.3723
-3.901985 5.483154 122.3761
-3.523387 5.34277 123.329
-3.896898 5.120871 124.1202
-4.11447 4.911252 124.0454
-3.874868 4.98407 124.3357
-4.267774 5.289259 124.3357
-3.872366 5.48407 124.3357
-3.86856 4.981714 124.3357
-3.988087 4.937176 123.719
-3.404499 4.80601 123.8315
-3.406975 5.168498 123.8306
-3.674267 5.443432 123.8393
-3.475663 4.678882 124.3357
-3.654649 5.032631 124.0631
-4.033648 4.511018 121.0943
-4.205761 4.612027 120.4205
-3.46728 5.278059 120.7521
-3.73536 4.503023 120.5454
-3.530982 4.618149 121.0932
-3.37539 4.923587 120.3858
-3.753085 4.498348 119.8242
-4.338613 4.805159 119.7439
-4.324885 5.195352 120.3664
-3.518201 5.337659 119.828
-4.36706 4.915979 121.0285
-4.140545 5.405653 121.0561
-4.100376 4.539418 119.0779
-3.871935 4.973066 119.3775
-3.375669 4.921343 119.6293
-4.329318 5.185572 121.6525
-4.280824 4.696611 121.6573
-3.821839 4.877099 121.3871
-4.12835 5.413186 118.787
-4.092479 5.432696 119.6248
-4.370042 5.02498 119.1247
-3.408428 4.796023 121.6929
-3.455995 5.261873 121.6999
-3.376391 5.052265 121.1248
-3.910295 5.48258 121.7595
-3.656333 5.435301 121.1455
-3.501 4.64856 119.0373
-3.809233 4.48799 121.7582
-3.373068 4.947365 118.3286
-4.35587 4.859183 118.3929
-3.691318 5.450392 118.2649
-3.50774 5.326881 119.0575
-4.370416 4.947999 122.221
-3.799763 4.489275 118.348
-4.361478 5.084746 117.6218
-4.196091 5.364574 118.135
-3.931321 4.990054 117.9432
-4.163228 4.577841 122.2535
-3.419775 5.197956 122.8037
-3.574675 5.386271 122.2735
-3.372876 5.018074 122.2525
-3.835739 4.485367 122.3685
-3.511798 4.637001 117.5841
-3.937614 5.479709 117.5857
-3.43908 5.234718 117.6313
-4.141993 4.563414 117.6913
-3.917567 4.974329 117.3327
-3.898149 4.484769 117.0876
-4.318193 4.758991 116.986
-4.218877 5.343905 122.2527
-4.321611 4.765904 122.7809
-4.040537 4.513432 122.8187
-3.522887 4.625857 122.2731
-4.336457 4.799631 123.8294
-4.340428 5.158173 122.7839
-3.404609 4.80572 122.7992
-3.528986 4.620017 116.8557
-3.763665 4.938798 116.6484
-4.079929 5.438657 123.8375
-4.267774 4.678882 124.3357
-3.372126 5.004257 116.9784
-3.626215 5.419648 116.9669
-4.204418 5.357315 116.968
-4.371718 4.983219 124.3357
-4.339954 5.159443 123.826
-3.371719 4.98407 124.3357
-3.475663 5.289259 124.3357
-3.870231 5.484068 116.3357
-3.781626 5.475887 120.4269
-3.997945 4.457875 120.4229
-4.312886 4.209382 120.6306
-3.885616 3.951736 120.1868
-3.938303 3.91508 120.8172
-3.377361 3.899169 119.1804
-3.471808 4.27419 119.5596
-3.677046 3.513524 119.6541
-3.374095 3.925382 119.8163
-3.497334 4.305485 120.2608
-3.667598 3.517633 121.6409
-3.538694 3.601116 121.0162
-3.880421 3.474146 121.1535
-3.906589 4.001542 121.644
-3.435058 3.730499 120.3567
-4.065082 3.512973 121.6588
-4.211987 3.607713 121.0851
-4.34045 3.800028 121.6597
-4.137506 4.397576 121.1056
-4.370461 4.009513 121.1117
-3.913675 3.475834 120.474
-3.891956 4.473661 121.7229
-3.678802 4.435355 121.0021
-3.463391 4.262633 121.5945
-3.377644 4.05082 120.9586
-4.102387 4.417683 118.9213
-3.921251 4.471611 119.634
-4.359709 4.082997 119.2877
-3.583613 4.382721 118.8885
-4.245638 3.64213 119.8041
-4.331452 4.170655 120.0187
-4.339263 3.796863 120.5059
-3.374544 4.027152 122.1736
-3.39418 3.825892 121.5878
-4.230178 3.625492 122.2102
-4.371029 4.000315 122.2244
-4.301889 4.228931 121.6758
-3.861416 3.474177 122.2003
-3.49752 3.642445 122.1776
-4.136403 3.549874 118.9615
-3.572506 4.37466 122.2128
-4.362903 4.067549 118.4365
-4.200918 3.597736 118.209
-3.761599 3.486347 118.2904
-4.190821 4.359004 122.243
-3.884575 4.473905 122.3392
-3.970216 4.00647 122.5399
-3.597559 3.555936 118.9039
-3.377128 3.900718 118.3919
-4.063866 4.435675 122.8062
-3.695783 4.442094 122.7935
-4.060947 3.511261 122.7525
-3.665738 3.51847 122.7344
-4.328899 4.176522 122.7733
-4.336821 3.79055 122.7554
-3.422327 4.193267 122.747
-4.072918 3.516338 123.8177
-3.834924 3.985121 123.7186
-4.009533 4.11544 124.1029
-3.671627 3.814076 124.0663
-3.40018 3.807783 122.7301
-3.789491 4.039187 123.0379
-3.371719 3.97407 124.3357
-3.475663 3.668882 124.3357
-3.868529 3.979098 124.3357
-3.484374 3.657899 117.664
-3.963467 3.48256 117.6167
-3.954104 4.467236 118.2975
-4.225396 4.3275 117.7048
-3.533947 4.34273 118.1872
-3.74293 4.457199 117.6464
-4.227638 3.622899 123.286
-3.522842 4.332239 123.2973
-3.876744 4.474045 123.3162
-3.666654 3.518057 123.8156
-3.507428 3.63159 123.2762
-3.865115 3.474114 123.2793
-3.672891 4.432838 123.827
-4.075352 4.430725 123.8287
-3.371927 3.98851 123.2759
-3.973045 3.979771 117.3581
-3.396377 4.129152 117.6443
-4.336134 4.159323 116.996
-3.982329 4.461682 117.1075
-3.646891 3.527469 116.9802
-3.403795 3.797866 123.8085
-4.354567 3.844234 117.6551
-4.201317 3.598085 116.9815
-3.782303 3.987504 116.7364
-3.535481 4.34413 116.9842
-3.872074 3.474071 116.3357
-4.371712 3.976554 123.2968
-4.227707 4.325172 123.3104
-4.338021 3.793621 123.8157
-4.337889 4.154861 123.8166
-3.376988 3.901673 116.9992
-3.873738 3.474074 124.3357
-3.874868 3.97407 124.3357
-4.267774 3.668882 124.3357
-3.407322 4.159369 123.8128
-3.475663 4.279259 124.3357
-3.873417 4.474068 124.3357
-4.371715 3.975826 124.3357
-4.267774 4.279259 124.3357
-2.56826 2.839167 120.7087
-2.768437 2.441621 120.6844
-2.659705 2.750341 120.1076
-2.246689 2.318485 120.3427
-1.98939 2.024146 119.535
-2.268558 1.93903 120.1263
-1.862351 2.14733 120.1179
-2.31807 2.490045 119.6965
-1.857706 2.724152 121.1741
-1.768769 2.457066 120.5444
-1.823548 2.210846 121.18
-2.270304 2.451617 121.2012
-2.700258 2.186966 120.1512
-2.521126 2.007577 119.5703
-1.794081 2.597083 119.7401
-2.237469 2.93807 119.7443
-2.267631 1.939031 121.3303
-2.023887 2.00292 120.6814
-2.090351 2.906238 119.0323
-2.747289 2.295132 119.0685
-2.321681 1.941872 118.9262
-2.631397 2.782926 119.3821
-2.714476 2.213077 121.2515
-2.703663 2.685168 121.2217
-2.51773 2.005606 120.7102
-2.30399 2.937765 121.1561
-2.100839 2.910102 120.4461
-2.766789 2.398382 119.6592
-2.51944 2.871466 121.7363
-2.764571 2.501135 121.773
-2.209813 2.38796 121.8138
-1.787486 2.302356 118.8947
-2.653401 2.758104 118.7018
-2.2973 2.938196 122.272
-2.665567 2.742828 122.2836
-2.227101 2.559481 122.2617
-1.931102 2.069976 121.7966
-2.61913 2.082633 121.8219
-2.707305 2.199445 118.3256
-1.849221 2.711523 118.4178
-2.10489 1.966536 118.253
-2.23703 2.938042 118.2574
-2.090464 2.906281 121.724
-1.773272 2.369708 122.2391
-1.826884 2.673604 121.8062
-1.769522 2.406208 121.634
-2.277037 1.939104 121.9455
-2.757619 2.335553 122.3198
-2.498312 2.445329 122.59
-2.060774 1.984197 122.4309
-1.796803 2.605027 122.7993
-1.916793 2.794476 122.2779
-1.91341 2.086963 123.3859
-2.339441 2.365249 123.147
-2.253429 1.939255 123.4008
-2.361095 2.40655 123.6136
-2.513132 2.002994 122.3786
-2.746608 2.585177 122.8185
-2.701385 2.188906 122.8514
-1.824225 2.209531 122.8486
-2.063687 1.982878 122.9805
-2.483398 2.890466 122.8027
-2.702963 2.191658 116.9675
-2.767356 2.471982 117.591
-2.487599 1.989618 117.6406
-2.337004 2.418127 117.3124
-2.080117 2.902207 122.801
-2.275512 1.93908 117.0557
-2.141526 2.413047 116.6091
-2.358418 2.452368 117.947
-1.780947 2.327911 118.1582
-2.401553 2.920986 117.5819
-2.672176 2.733988 118.0912
-1.768444 2.43903 124.3357
-2.265179 2.430525 124.3357
-1.872388 2.744219 124.3357
-2.064821 2.507425 124.0697
-1.769696 2.4744 116.979
-1.919641 2.080788 116.8334
-1.900402 2.100585 117.5283
-1.854973 2.720175 117.6882
-2.386689 1.953213 122.8943
-2.768434 2.43592 124.3357
-2.664499 2.133841 124.3357
-2.730763 2.248607 123.8425
-2.495521 2.529804 124.074
-2.603488 2.067889 123.3658
-2.464328 1.978998 123.863
-2.767729 2.412312 123.3377
-1.768673 2.423896 123.3369
-2.664499 2.744219 124.3357
-2.737592 2.611946 123.8344
-2.273347 2.939006 123.3221
-2.064707 1.982421 123.8678
-1.800777 2.615914 123.8321
-2.064885 2.895718 123.8336
-1.906291 2.78377 123.3232
-1.803087 2.256154 123.8485
-2.473632 2.894988 123.8361
-2.63662 2.777329 123.3263
-2.266208 2.939025 124.3357
-2.03795 2.882733 116.9809
-2.620609 2.793966 116.9611
-2.271593 2.43903 124.3357
-1.872388 2.133841 124.3357
-2.266 1.939036 124.3357
-2.266797 2.939027 116.3357
-2.726008 1.63061 122.7805
-2.270794 1.435455 122.2772
-2.586307 1.814987 122.2635
-2.26546 1.426477 122.754
-2.276867 0.9291007999999999 122.3178
-2.596843 1.051997 122.2263
-2.278137 1.443764 121.759
-2.768119 1.447036 122.2078
-1.768481 1.435133 122.161
-1.945474 1.810724 122.226
-2.264472 1.929014 122.3906
-2.272606 1.929013 121.8327
-1.885879 1.750968 120.8735
-1.927518 1.794775 120.324
-1.772773 1.36337 120.429
-2.267734 1.36982 120.4829
-2.734173 1.610954 123.8216
-2.300615 1.451938 123.2852
-2.468297 1.887351 123.8313
-2.22069 1.316666 123.7044
-2.063295 1.885006 123.8324
-2.264085 1.929011 123.3286
-1.801207 1.607047 123.8176
-1.908286 1.775854 123.3087
-2.735174 1.24969 123.8161
-2.768435 1.432029 123.2977
-2.626766 1.080311 123.305
-1.830015 1.669405 119.8517
-2.27159 1.429175 119.8724
-2.2708 0.9290354 123.3052
-1.768458 1.425195 123.2852
-1.913655 1.076716 123.29
-2.133347 1.910433 117.6115
-1.942226 1.807952 118.2004
-2.378348 1.916801 118.125
-2.146615 1.521552 117.8919
-1.79121 1.578187 117.6244
-1.782126 1.31286 118.2732
-2.298509 1.928125 119.9471
-2.70464 1.673432 119.9976
-2.550185 1.842094 120.529
-2.571725 1.031512 121.0499
-2.043689 0.9823921 120.9244
-2.459605 0.9670155 120.3602
-2.765656 1.376308 120.5372
-1.770564 1.38303 121.0699
-2.666689 1.731356 119.2865
-1.917518 1.072868 119.0052
-1.833641 1.182156 119.7458
-1.77329 1.498475 119.3399
-2.286872 1.397514 119.1439
-2.275471 0.9290793000000001 119.6512
-2.722913 1.220564 119.7778
-2.767323 1.395578 121.1699
-2.687715 1.701447 121.005
-2.280734 1.389452 121.1211
-1.837928 1.174754 121.5907
-1.857245 1.713487 121.5577
-2.067569 1.886905 119.3242
-2.030354 0.9893556 120.2292
-2.739166 1.597613 118.403
-2.604488 1.058794 118.9633
-1.817495 1.645006 118.8135
-2.19167 1.923101 120.5621
-2.31051 1.927257 121.1571
-2.684843 1.705817 121.6202
-2.230277 1.441159 118.5133
-1.951368 1.042425 122.1934
-2.284001 0.929272 121.6808
-2.713917 1.201975 121.6639
-2.289907 1.928569 118.7115
-2.168848 0.9390495 118.309
-2.45413 1.893272 122.8172
-2.731237 1.239763 122.7669
-2.462461 0.9682075 122.7896
-1.809311 1.231046 122.7404
-1.872388 1.734219 124.3357
-2.266008 1.929024 124.3357
-2.204293 1.639302 124.0486
-2.083371 0.9645427 122.7775
-2.615424 1.789036 117.6557
-2.626313 1.079846 118.2091
-2.267486 0.9290308 116.3357
-2.05047 0.9790439 116.9757
-2.602009 1.056559 116.9792
-2.731359 1.617999 116.9902
-2.756098 1.318605 117.6492
-2.333938 1.445175 117.3711
-2.073483 1.889454 122.8094
-1.774645 1.350524 116.9958
-1.927457 1.794719 116.9696
-2.261131 1.429581 116.9743
-2.37434 1.917687 117.0863
-1.807115 1.621842 122.7509
-2.62285 1.781728 123.3143
-2.371867 0.9398432 117.6221
-2.471041 0.9719147 123.8273
-1.896476 1.094904 117.6404
-1.872388 1.123841 124.3357
-2.066729 0.9715245 123.8226
-2.266315 0.9290344 124.3357
-2.170238 1.195674 124.0632
-1.768444 1.42903 124.3357
-1.802799 1.246889 123.8128
-2.265285 1.431338 124.3357
-2.271593 1.42903 124.3357
-2.664499 1.734219 124.3357
-2.768443 1.429916 124.3357
-2.664499 1.123841 124.3357
-4.188386 2.825969 119.6173
-4.105943 2.880775 120.0935
-4.321589 2.657241 120.1096
-3.90297 2.435844 120.359
-4.163853 2.84481 120.5221
-4.371113 2.414431 120.5344
-4.117947 2.003862 120.5242
-3.590856 2.025368 120.4791
-3.8677 1.939046 119.9277
-4.304946 2.688658 121.0754
-3.885621 2.938837 120.9681
-3.470035 2.736771 120.952
-3.96279 2.535036 121.3399
-3.944707 1.944386 119.1754
-3.61589 2.868625 119.2727
-4.368919 2.386189 119.181
-3.868464 2.430915 124.3357
-3.679572 1.977424 123.8538
-4.122614 2.312725 124.059
-3.919293 2.48162 124.0694
-3.673045 2.897864 120.1824
-3.371733 2.442781 120.4565
-3.398462 2.277696 119.7386
-3.414491 2.236686 121.0674
-3.654206 2.889239 121.57
-3.380248 2.530991 121.6007
-3.864524 2.432106 122.0076
-3.85244 1.939402 121.19
-3.508873 2.09502 121.6919
-3.95985 2.412919 123.6002
-4.339242 2.616291 123.8241
-4.267774 2.744219 124.3357
-4.368299 2.497407 121.6674
-4.204878 2.066196 121.7388
-4.312306 2.202635 121.1232
-4.320189 2.217954 119.85
-4.176663 2.835273 118.8481
-3.384763 2.325567 118.8419
-4.337101 2.25622 118.4445
-4.107012 2.880207 121.599
-3.636135 2.880052 118.3612
-3.855186 1.939303 121.8559
-4.26486 2.747963 122.1973
-3.874868 2.43903 124.3357
-3.486097 2.7573 122.1627
-3.766155 1.950301 118.3311
-4.208985 2.808152 118.1895
-4.150811 2.024172 117.7113
-3.380118 2.34777 118.0568
-3.843933 2.417194 117.5332
-3.944072 2.933767 117.6253
-3.381087 2.342695 122.2146
-3.874131 2.939024 122.1637
-4.357943 2.322472 122.2651
-3.620838 2.006527 122.2952
-3.753616 1.953178 122.8502
-4.067872 1.979113 122.3879
-3.864611 2.439983 122.5597
-3.664368 2.894009 122.729
-4.21113 2.806181 116.9835
-3.652966 2.888638 116.9614
-3.757981 2.409816 116.6911
-4.364289 2.524906 117.6577
-3.926418 1.942031 117.0925
-3.628859 2.001972 117.6047
-4.320222 2.218021 116.999
-3.394063 2.586832 122.7416
-4.076769 2.89505 122.7394
-4.348541 2.589498 122.7795
-3.43965 2.187402 122.7879
-4.309535 2.197542 122.8411
-3.801099 2.362502 123.1102
-3.402364 2.611384 123.8103
-3.503755 2.77756 123.2772
-3.372627 2.408906 123.2955
-3.410236 2.246588 123.8262
-3.54109 2.063951 123.3329
-3.890987 1.939401 123.3825
-4.073884 1.981724 122.9571
-3.385534 2.322307 117.4235
-3.868894 2.939022 123.2783
-3.472505 2.740075 117.5805
-3.512734 2.090993 116.9206
-3.380774 2.533756 116.9297
-4.23627 2.781232 123.2931
-3.666326 2.894896 123.8105
-4.228157 2.088386 123.3766
-4.33789 2.258242 123.8438
-4.078733 1.983898 123.8647
-4.37146 2.422939 123.3252
-4.074498 2.896064 123.8151
-3.730429 2.687024 124.0292
-4.37171 2.436096 124.3357
-4.267774 2.133841 124.3357
-3.371719 2.43903 124.3357
-3.475663 2.133841 124.3357
-3.475663 2.744219 124.3357
-3.873825 2.939025 124.3357
-3.874125 1.939036 124.3357
-3.872663 2.939029 116.3357
-4.338682 1.607761 123.8259
-4.077783 1.884593 123.8294
-3.763515 1.390317 123.7112
-3.873153 1.432506 123.2971
-4.337588 1.247466 123.8301
-4.073646 0.9716183 123.8345
-4.224408 1.074615 123.3106
-3.674011 1.888281 123.8311
-3.880104 1.92896 123.3234
-3.521317 1.785708 123.3166
-3.867415 0.9290484 123.3246
-3.371762 1.435595 123.3046
-3.512352 1.081387 123.3209
-4.34038 1.60326 116.9729
-3.976936 1.432459 117.3385
-4.196095 1.048531 116.9696
-3.754121 1.452879 116.6596
-4.249901 1.756105 117.6438
-4.350755 1.285769 117.6225
-3.783308 1.921151 117.6314
-3.871005 1.396231 117.9649
-3.546187 1.808541 116.9871
-3.540456 1.80355 119.0018
-3.384176 1.318114 119.2408
-3.478754 1.738188 119.7557
-3.866787 1.424598 119.4903
-3.63147 1.335753 124.086
-3.931299 1.310063 124.1774
-3.922828 1.653259 124.1494
-4.204736 1.80199 122.2447
-4.31822 1.654056 121.6553
-3.881282 1.928938 121.7335
-3.864979 1.421967 121.7643
-3.371959 1.444536 122.2393
-3.42413 1.206175 121.7096
-3.53869 1.056079 122.2649
-3.619223 1.860592 121.0487
-3.43739 1.676737 121.6677
-3.848111 1.428871 121.1809
-3.430937 1.192996 119.9556
-3.400718 1.596835 120.4635
-3.886004 1.928826 120.321
-3.76589 0.940358 119.4791
-3.905708 0.9301865 120.1889
-4.326414 1.637001 119.9218
-4.035183 0.9565054 120.9765
-4.326514 1.221277 120.4001
-4.371151 1.405215 121.0514
-3.922484 1.382094 120.5944
-4.291288 1.157071 121.6294
-3.848508 0.9295689 121.7478
-3.969866 1.919302 119.5018
-4.119725 1.863187 121.0656
-4.305994 1.676829 120.5509
-3.372161 1.408011 121.1081
-3.520497 1.07316 120.64
-3.588153 1.017216 121.2289
-4.371325 1.409197 122.2095
-4.179826 1.035241 122.243
-4.356357 1.552018 119.1738
-4.15829 1.019302 118.8624
-4.262332 1.116906 119.6663
-4.046672 1.897422 118.7685
-3.375421 1.368298 118.4276
-3.75618 0.9425621 118.2665
-3.615071 0.9999239 118.8521
-4.267774 1.734219 124.3357
-4.09164 1.347249 124.0519
-4.364749 1.512225 118.355
-3.884605 1.928864 122.354
-3.89368 1.419318 122.244
-3.559248 1.819366 122.2495
-3.88127 1.434709 122.7653
-3.407929 1.242217 122.7838
-3.674379 0.9696202 122.8175
-3.857353 0.9292363 122.3627
-4.052729 0.9629447 122.809
-4.336179 1.614168 122.7689
-4.327287 1.222979 122.7766
-3.416412 1.635659 122.782
-3.693137 1.896051 122.81
-3.874868 1.42903 124.3357
-3.62386 1.863272 118.2887
-4.06117 1.891748 118.1459
-3.954015 0.9358491 117.5984
-4.199313 1.051298 118.1551
-3.409226 1.619032 117.682
-4.371679 1.422775 123.3024
-4.07157 1.887352 122.8068
-3.868562 1.431165 124.3357
-3.874026 0.9290351999999999 124.3357
-4.233461 1.7742 123.3136
-3.874045 1.929024 124.3357
-3.371719 1.42903 124.3357
-3.404384 1.251269 123.8211
-3.475663 1.123841 124.3357
-3.668355 0.972255 123.8327
-3.475663 1.734219 124.3357
-3.406928 1.613339 123.8238
-3.474674 1.125129 117.673
-3.999094 1.912533 117.0871
-3.639838 0.9860499 116.9844
-3.375476 1.367845 117.0131
-3.871074 0.9290303 116.3357
-4.267774 1.123841 124.3357
-4.371718 1.429953 124.3357
-5.912388 4.678882 124.3357
-6.105182 4.52725 123.8423
-6.420752 4.808033 124.0782
-6.243666 5.110346 124.1118
-6.547936 4.545159 120.6086
-6.801837 4.903056 119.9206
-6.805619 5.037137 120.6045
-6.290994 5.049098 120.6325
-6.056011 5.415669 121.0815
-5.81427 5.060178 120.6584
-5.82124 4.871674 121.1256
-6.47306 5.456195 120.3677
-6.016724 5.390149 119.7329
-6.766872 5.183677 119.3194
-5.81907 4.881534 119.5194
-6.216144 4.492663 119.8155
-6.55351 5.419894 119.7124
-6.54073 4.541303 121.2967
-6.147353 4.510731 121.1803
-6.313807 4.937971 121.2366
-5.969474 5.351629 120.3856
-5.978272 4.608588 120.5572
-6.672709 4.641564 119.0712
-5.859854 5.204904 118.994
-6.338489 5.483167 119.1248
-6.06719 5.060005 124.0732
-5.810943 4.934137 120.0966
-6.650284 5.34896 121.0799
-5.998543 4.591691 119.0027
-6.790663 4.851916 121.1645
-6.431785 5.468619 121.677
-5.895512 4.702136 121.709
-6.30528 4.981126 124.3357
-6.312477 4.484087 121.8506
-5.826392 5.116834 121.5811
-6.779778 5.150934 121.6889
-6.731411 5.250713 118.7085
-6.013246 5.387627 121.8339
-6.311593 4.98407 124.3357
-6.72451 4.706782 121.7688
-6.172222 5.465156 118.3599
-6.660017 5.339593 122.2395
-6.289516 5.483712 122.2859
-6.316621 4.980413 122.2559
-6.704499 5.289259 124.3357
-6.513568 5.440057 123.83
-6.308491 5.48407 124.3357
-6.289251 4.484439 118.3223
-6.807395 4.95171 122.2693
-6.618569 4.591869 122.3232
-6.778823 4.814533 118.263
-5.815879 4.898164 118.3129
-6.774658 5.164746 122.7935
-6.503661 5.444386 122.7946
-6.679217 5.319521 118.1113
-6.56988 4.557865 117.6481
-6.660719 4.629244 123.3395
-6.304414 4.484087 123.3476
-6.310003 4.973721 122.8656
-6.360275 4.970601 123.5887
-5.809957 5.022941 122.2048
-5.983344 4.604188 122.2959
-6.763102 4.776018 122.8141
-6.303701 4.484093 122.4246
-5.844151 4.798509 122.7928
-5.969581 5.351728 122.3855
-6.123979 5.448799 122.8293
-6.198433 4.942761 116.6339
-5.848149 5.179336 122.8062
-5.808444 4.98407 124.3357
-5.912388 5.289259 124.3357
-5.881787 5.244769 117.6554
-6.395363 5.476457 117.6106
-6.752363 4.753994 116.9693
-6.331905 4.484621 117.0703
-6.362808 4.967633 117.3335
-5.958589 4.626856 117.5775
-5.965873 4.619866 116.8497
-6.113507 4.523636 122.8478
-6.801974 5.064242 117.588
-6.109436 5.44276 123.8334
-5.808447 4.985958 123.3167
-5.9497 4.635785 123.3322
-6.8084 4.977486 123.3215
-6.314666 5.484032 123.3284
-6.49091 4.518553 122.8585
-5.954386 5.337119 123.3224
-6.668669 5.330824 123.3145
-6.773808 4.801216 123.8339
-6.775817 5.161727 123.8299
-6.508883 4.526005 123.8438
-5.842696 5.165947 123.8298
-6.646722 5.352265 116.9642
-6.070383 5.42376 116.9769
-5.842321 4.803156 123.8317
-6.307861 4.484071 124.3357
-5.809044 5.008566 116.9813
-6.808443 4.983441 124.3357
-6.704499 4.678882 124.3357
-6.310646 5.484066 116.3357
-6.76144 4.185716 119.906
-6.457093 4.451463 120.1374
-6.699028 4.28623 120.5839
-6.317544 3.997965 120.1499
-5.846887 4.166334 119.0455
-5.853632 4.181787 119.8107
-6.310833 4.474065 119.5292
-6.323839 3.927116 119.4
-5.846653 3.78237 120.2906
-6.162987 3.495696 120.1637
-6.176348 4.016643 120.7406
-6.435162 4.457746 121.2457
-6.236804 4.468912 120.6316
-5.919754 4.288587 121.0745
-6.032164 3.557333 118.9657
-5.894287 3.693937 119.6314
-6.397136 3.482 119.6067
-6.759687 3.758712 119.5978
-6.11104 4.433452 120.1019
-6.692182 3.653532 120.3849
-5.874687 4.222778 120.4585
-6.588073 3.559574 121.1973
-6.807498 4.00481 121.1165
-5.829419 3.830768 121.4836
-6.109349 3.515419 120.8615
-6.276237 3.914275 121.741
-5.8141 3.899071 120.8501
-6.780463 3.809152 121.7134
-6.187179 3.488998 121.5952
-6.640839 3.600555 118.8848
-5.822243 3.857412 118.3303
-5.985134 4.355477 118.2838
-6.382805 4.46851 118.7792
-6.768983 4.168759 119.1602
-6.319051 3.955733 118.2455
-6.789846 4.109168 118.359
-6.545597 3.533891 121.7919
-6.305256 3.978953 124.3357
-5.912388 4.279259 124.3357
-6.333984 3.972645 124.049
-6.397955 4.211511 124.0685
-6.335566 4.473334 122.4463
-6.634818 4.352858 122.3324
-6.352291 3.998802 122.2937
-6.321497 4.000277 122.8253
-6.367188 4.470607 121.9196
-5.971987 4.343931 121.6835
-6.026952 4.387305 122.2928
-5.946211 3.629414 122.1406
-6.729329 4.243988 121.7442
-5.812583 4.038278 122.1631
-6.763546 4.18115 122.8152
-6.502306 4.434958 122.8623
-6.806959 4.012572 122.2674
-6.778255 3.802965 122.7888
-6.684825 3.644924 122.2646
-6.218086 3.482303 118.2766
-6.32681 3.474408 122.221
-6.808439 3.976114 124.3357
-6.775579 3.795788 123.8234
-6.438915 4.456748 118.1464
-5.808444 3.97407 124.3357
-5.842749 4.156082 123.8175
-6.202484 3.750412 124.057
-5.838789 3.802535 122.7185
-6.290734 3.974133 117.608
-6.668811 4.320676 117.6463
-5.930375 3.646863 117.6462
-5.859004 4.193169 122.7643
-6.134564 4.442862 122.8441
-5.834651 4.133822 117.6526
-6.183941 4.458321 117.6342
-6.112578 3.514031 122.7322
-6.210048 4.002781 123.5758
-6.309011 3.474071 116.3357
-6.086765 3.525898 116.9738
-6.63829 3.598303 116.9674
-6.793219 3.851627 117.6195
-6.409517 3.484393 117.5993
-6.308242 3.47407 123.2856
-6.510806 3.516851 122.7663
-5.808537 3.983715 123.2825
-6.669709 3.628402 123.3015
-6.774558 4.155004 116.9745
-5.974955 4.34661 116.9822
-6.423886 4.460561 117.087
-5.813709 3.901698 117.0016
-6.194221 4.001684 116.701
-6.660846 3.61937 118.1634
-6.662806 4.326812 123.3411
-6.311794 4.474059 123.3466
-5.957196 4.329915 123.3184
-6.808374 3.982437 123.318
-6.77386 4.156792 123.8316
-6.510298 4.431514 123.845
-6.311593 3.97407 124.3357
-6.704499 3.668882 124.3357
-5.841372 3.795621 123.8065
-5.947934 3.627613 123.2722
-6.105221 3.517233 123.8119
-6.106489 4.43147 123.8389
-6.704499 4.279259 124.3357
-6.510451 3.516694 123.8181
-5.912388 3.668882 124.3357
-6.307339 3.474072 124.3357
-6.307625 4.47407 124.3357
-8.270282 5.332542 123.3167
-7.915866 5.484053 123.3305
-8.028034999999999 5.028118 123.7239
-7.881773 4.972465 123.3199
-8.411705 4.980362 123.3194
-7.712476 5.442658 123.8393
-8.12772 5.008369 124.0775
-7.696959 5.046349 124.0724
-7.445876 5.165704 123.8358
-7.445516 4.803364 123.8366
-8.267263 4.632519 123.3452
-7.710238 4.526462 123.8489
-8.115223 4.527358 123.8474
-7.909889 4.484074 123.3578
-7.767544 4.505308 120.681
-7.422687 4.879915 120.7691
-7.477296 4.736529 120.0757
-7.922156 4.987014 120.7107
-7.61679 4.580317 121.2709
-7.890073 4.922247 121.241
-7.63816 5.402599 121.0762
-8.225903000000001 5.373028 121.0641
-8.094905000000001 5.449305 120.2437
-7.412816 4.950956 121.2917
-8.240632 4.607486 119.0256
-8.395858 5.109005 118.9913
-7.921994 4.956102 119.6103
-7.903461 4.992944 118.7811
-7.504015 5.273515 120.3599
-7.545495 5.324483 119.6415
-8.253228 4.61887 119.6717
-7.808186 4.494907 119.5282
-8.110334 5.44293 119.3926
-8.406553000000001 5.055758 119.5956
-7.551592 4.637215 116.7457
-7.787323 4.928691 116.6167
-8.013851000000001 4.494612 120.1343
-7.737809 5.452851 118.9781
-8.083951000000001 4.514671 121.2418
-8.266781999999999 4.632033 120.6761
-7.429207 5.115154 118.9076
-7.62114 4.577175 118.8967
-7.443019 4.809941 119.4147
-8.01329 5.473645 121.6791
-7.437609 5.142878 121.6412
-7.962886 5.045043 121.8064
-7.434941 4.83346 118.2768
-8.323093999999999 4.699869 121.7577
-7.876645 4.485302 121.8579
-7.473621 4.743092 121.7832
-8.398311 4.869056 120.1597
-8.20579 5.388449 118.0834
-8.165108 5.415109 118.6736
-8.407138 4.916544 118.3335
-8.375106000000001 5.171879 121.6915
-7.413152 5.021909 116.8879
-7.646913 5.408191 116.949
-8.400460000000001 5.089576 120.6549
-7.914868 4.98407 124.3357
-8.411718 4.983209 124.3357
-8.307774 4.678882 124.3357
-7.610247 5.382963 121.8541
-7.658279 5.415079 118.2794
-8.307774 5.289259 124.3357
-7.913352 5.484068 124.3357
-7.97111 5.235331 124.1975
-7.411719 4.98407 124.3357
-7.515663 5.289259 124.3357
-8.215629 4.587033 122.3193
-8.403053999999999 4.89139 121.1865
-8.116467 5.440226 123.8348
-7.879591 5.483037 122.2959
-8.252844 5.349629 122.2466
-8.377732 4.802876 123.8352
-8.378607000000001 5.162998 123.8305
-7.414301 5.034825 122.2442
-8.410983 4.956955 122.2656
-7.571146 5.350145 122.4053
-7.887916 4.994346 122.3686
-7.944945 4.485176 118.3248
-7.641092 4.563641 117.7173
-8.214074 4.585848 117.6789
-7.914354 4.484077 124.3357
-7.908561 4.981865 124.3357
-7.919354 4.794389 124.1407
-7.895945 4.484319 122.4361
-7.57359 4.615737 122.3262
-7.445983 4.802163 122.8184
-7.451919 5.1805 122.832
-7.920662 4.97288 122.8521
-7.72396 5.447478 122.8428
-8.375551 5.170777 122.7914
-8.367628 4.778773 122.8165
-7.553614 4.635128 123.3463
-7.711878 4.525743 122.8611
-8.100415 5.447097 122.8011
-7.923155 5.48394 117.5719
-8.393333 5.118412 117.5898
-7.891199 4.928962 117.4092
-7.437253 5.141813 117.5793
-8.092522000000001 4.517905 122.8619
-7.880399 4.485052 117.1021
-7.487994 4.718631 117.2265
-8.232215 5.367844 116.9566
-8.361889 4.766478 116.9833
-7.411721 4.985729 123.3358
-7.557677 5.337135 123.339
-7.515663 4.678882 124.3357
-7.912993 5.484069 116.3357
-8.13256 3.525485 120.3767
-8.324443 4.256309 119.8344
-8.410734 3.942714 120.4058
-7.905743 3.976163 120.3976
-7.951491 4.472486 119.3437
-7.422041 3.872994 119.56
-7.541498 4.310131 119.7566
-7.870018 4.018957 119.8613
-7.94438 4.058912 118.8981
-8.18974 4.389647 120.4771
-7.782184 3.491141 119.7463
-8.373760000000001 4.165167 121.0311
-8.319990000000001 3.685428 121.0004
-7.893006 3.958413 120.9406
-8.406522000000001 4.045969 118.3665
-7.776621 3.492667 118.3095
-8.101932 4.436476 118.1401
-7.417005 3.901555 118.338
-7.689178 3.526325 120.4715
-7.416155 3.90761 120.2692
-7.908798 3.474079 121.0077
-7.473806 3.732756 121.0188
-7.914868 3.97407 124.3357
-8.379455999999999 3.797374 123.8095
-8.038645000000001 4.229773 124.0601
-7.879146 4.025246 124.0795
-7.423186 4.080542 121.3402
-7.864926 3.993113 121.4199
-7.481402 4.228683 121.8118
-7.602189 4.366742 121.3816
-7.945563 4.472924 119.9603
-7.944767 4.472977 121.0877
-7.683023 4.418703 120.418
-7.478376 4.223499 120.8825
-7.694401 3.523767 121.6005
-8.135244999999999 3.526817 121.5836
-8.402775999999999 3.879928 121.5968
-8.341733 3.718947 119.7253
-8.390938 4.116719 119.1494
-8.276192 4.316355 121.6462
-7.432194 3.832449 121.694
-8.010482 4.001841 123.5628
-8.111098999999999 4.432598 118.7036
-7.643485 4.396031 118.3277
-7.762521 4.451291 118.8546
-7.469572 4.207537 119.0229
-7.560578 3.618121 118.9915
-7.922193 3.47418 122.1677
-7.896077 3.982686 122.1991
-8.295590000000001 3.653692 122.1634
-7.54913 3.629789 122.1945
-8.405649 4.051738 122.1893
-7.853223 4.470637 121.8135
-7.446738 3.790242 122.7523
-7.722626 3.511205 122.7331
-8.119194999999999 3.519149 122.7297
-8.384506 3.811369 122.7383
-8.192824999999999 4.387567 122.2514
-7.888076 4.473511 122.3797
-8.179427 3.551776 118.9543
-7.454194 4.175742 122.7854
-7.587076 4.354343 122.3057
-7.909704 3.993567 122.8408
-8.358815999999999 4.19791 122.7633
-7.412531 4.002564 122.252
-7.717539 4.434824 122.8253
-8.291577999999999 4.299196 117.6534
-8.2295 3.588045 118.1981
-7.787673 4.017499 117.8854
-7.710899 4.431969 123.832
-8.389027 3.825152 117.6331
-7.447486 4.15978 117.6727
-7.814137 4.464456 117.6492
-7.991605 3.480494 117.6238
-8.234685000000001 3.592373 116.9753
-7.683434 3.529226 116.9819
-7.795864 4.00499 116.6731
-7.515663 4.279259 124.3357
-7.914152 3.474076 116.3357
-7.976472 3.957572 117.3393
-7.917276 3.474101 123.2786
-8.411509000000001 3.988535 123.2834
-8.276259 3.631857 123.276
-8.260375 4.332454 123.307
-8.082303 4.444071 122.8125
-7.906758 4.474046 123.3202
-7.411745 3.979182 123.2949
-8.380851 4.14703 116.9784
-8.036372 4.458283 117.0977
-7.415901 3.909531 117.0122
-7.908527 3.979187 124.3357
-8.111720999999999 4.432327 123.8268
-7.55651 4.325961 123.3094
-7.554963 3.623749 123.2834
-7.711652 3.515842 123.8109
-7.411719 3.97407 124.3357
-7.44582 4.155561 123.8166
-7.683733 3.865448 124.0432
-7.584064 4.351751 116.9957
-7.445589 3.793176 123.814
-7.515663 3.668882 124.3357
-7.521045 3.662023 117.6692
-8.376386999999999 4.158688 123.8155
-8.116752999999999 3.518043 123.8114
-8.307774 4.279259 124.3357
-8.411714999999999 3.976012 124.3357
-7.914511 4.474063 124.3357
-7.914511 3.474078 124.3357
-8.307774 3.668882 124.3357
-5.876603 2.69105 119.6643
-6.068807 2.877863 120.3497
-5.852952 2.232809 119.8006
-5.809817 2.476071 120.338
-6.790824 2.307466 119.2607
-6.567626 2.01145 119.8646
-6.664486 2.790076 119.5331
-6.808443 2.438925 119.8977
-6.110862 1.979724 119.6325
-6.090575 1.988993 120.3525
-6.339642 2.938056 120.9527
-6.749356 2.674817 120.9924
-6.629717 2.822153 120.3009
-6.279938 2.456268 120.9016
-6.051311 2.010214 121.0328
-5.844182 2.253392 120.8174
-6.289318 2.938664 119.8024
-6.303746 2.395995 120.3867
-5.874377 2.687195 120.9974
-5.808952 2.416478 123.2843
-5.879799 2.181612 122.7666
-5.958114 2.082282 123.3389
-6.323221 2.385888 122.8062
-5.839874 2.264551 121.3947
-5.8512 2.236723 119.0655
-5.874118 2.686741 119.1244
-6.215275 2.930273 119.1246
-6.176033 1.956881 121.6408
-6.462109 1.963228 120.9619
-6.657084 2.080631 121.5824
-6.38537 2.483487 121.5754
-6.804506 2.501658 121.611
-6.289511 2.299362 122.1521
-6.777106 2.264802 121.1233
-6.778888 2.269671 120.5045
-6.506585 1.979966 120.4187
-6.311593 2.43903 124.3357
-5.912388 2.744219 124.3357
-6.305193 2.43108 124.3357
-6.092917 2.526055 124.0423
-6.750959 2.206264 118.4558
-6.411987 1.949869 119.0917
-6.704759 2.743881 118.832
-6.301926 2.938987 118.3684
-5.890023 2.712752 118.6055
-6.558548 2.871982 121.5645
-5.898177 2.724829 117.7929
-5.825393 2.309948 118.2897
-6.31777 1.939117 117.1017
-5.959634 2.080795 116.8694
-6.180604 2.404366 116.6317
-5.837175 2.606082 121.6478
-6.332103 2.93847 122.1556
-5.931068 2.767036 122.1563
-6.172164 1.95796 118.3764
-6.714006 2.731466 122.1567
-6.106769 2.896553 121.5683
-5.833109 2.283927 122.1004
-6.720126 2.722786 118.1992
-6.80768 2.466653 117.6771
-6.420664 2.451105 118.0389
-6.5324 1.991991 117.7288
-6.66386 2.79071 117.0031
-6.742859 2.191475 117.0123
-6.288651 2.427151 117.264
-5.82775 2.576632 122.6991
-6.779293 2.270802 122.1885
-6.435621 1.955474 122.8779
-6.17266 1.95782 122.3716
-6.56497 2.009851 122.456
-6.493907 1.974699 122.0302
-6.792778 2.563206 122.7263
-6.531828 2.886354 122.7116
-6.114355 2.899822 122.7087
-5.9433 2.097459 117.6149
-6.452703 2.917767 117.6664
-6.807132 2.402832 123.2885
-6.73809 2.183289 122.8053
-6.641327 2.06595 123.3374
-6.203911 2.403209 123.5805
-5.943932 2.781275 123.2586
-6.295285 1.939203 123.375
-5.808444 2.43903 124.3357
-5.84054 2.615286 123.8075
-6.30707 2.939028 124.3357
-6.106761 2.896549 123.799
-6.126095 1.973467 122.93
-6.319513 2.938907 123.2627
-6.684187 2.768904 123.2621
-6.518165 2.89292 123.8008
-6.505741 2.346538 124.0446
-6.704499 2.133841 124.3357
-6.307248 1.939031 124.3357
-6.502474 1.978213 123.8458
-6.769731 2.246122 123.8247
-5.843294 2.255629 123.825
-6.103801 1.982826 123.8513
-6.083057 2.885349 117.0316
-6.779479 2.606738 123.8055
-5.912388 2.133841 124.3357
-6.808434 2.435967 124.3357
-6.704499 2.744219 124.3357
-5.810198 2.480876 117.0274
-6.308403 2.93903 116.3357
-6.808443 1.429929 124.3357
-6.43347 1.159386 124.0668
-6.773992 1.611415 123.838
-6.32573 1.38908 124.0671
-6.704499 1.123841 124.3357
-6.77586 1.251487 123.8342
-5.912388 1.123841 124.3357
-6.10891 0.970569 123.8385
-6.307451 0.9290308 124.3357
-5.843239 1.245768 123.8278
-6.231206 1.425875 123.6365
-6.513747 0.9731238 123.8423
-6.357279 0.9314205 120.2909
-6.312297 1.492094 120.0261
-6.806321 1.383008 120.431
-6.318541 1.421701 120.7148
-5.909131 1.729945 120.8743
-5.912543 1.734419 120.2263
-5.842878 1.246687 120.4914
-6.282067 1.928334 119.6753
-6.267774 1.927373 120.4864
-6.759005 1.645811 119.8442
-6.607159 1.82999 120.22
-6.625574 1.04247 121.0455
-6.794146 1.547746 121.1437
-6.105854 0.9719111 121.0559
-6.643215 1.800416 120.7166
-5.815614 1.344652 121.134
-6.307131 1.41672 121.4167
-5.88771 1.158876 121.6621
-6.354305 0.9311375 121.736
-6.303834 1.929009 121.9014
-6.766812 1.628775 119.2056
-6.741566 1.17922 119.7065
-6.366836 1.925608 121.2157
-6.34493 0.9303629 119.5291
-5.894449 1.148657 119.7306
-5.808593 1.416797 120.0542
-6.772452 1.242761 121.6866
-5.842891 1.611406 119.0851
-5.849075 1.626466 119.7187
-6.023212 1.018368 118.9936
-6.642571 1.057064 118.9108
-6.363684 1.925969 118.8457
-5.823784 1.306128 118.3545
-5.976427 1.802882 118.3243
-5.890084 1.702846 121.6043
-6.706922 1.731049 121.7411
-6.785677 1.578189 118.3946
-5.808447 1.427123 122.2108
-6.654861 1.068482 122.267
-6.807206 1.464184 122.2639
-6.616043 1.823215 122.327
-6.224944 0.9360514 118.3012
-6.311593 1.42903 124.3357
-6.704499 1.734219 124.3357
-6.275245 1.61928 124.0232
-5.8462 1.619636 122.7868
-5.980133 1.80614 122.2767
-6.386197 1.438876 122.5895
-6.514797 0.9735978 122.8298
-6.33725 0.9298604 122.3692
-6.297502 1.92891 122.4343
-6.762613 1.638146 122.8232
-6.488713 1.895402 122.8573
-6.775523 1.2506 122.8091
-6.004744 1.031832 122.2512
-6.66001 1.784559 117.6692
-6.173171 1.910384 117.6542
-6.330147 1.428594 118.0246
-6.345413 1.428456 117.2821
-6.423949 1.915505 118.1929
-5.933662 1.098064 117.6608
-6.418337 0.9412558 117.6153
-5.831705 1.579762 117.6694
-6.110933 1.888366 122.8414
-6.309626 0.9290313 116.3357
-6.092656 0.9779911999999999 116.9835
-6.642073 1.056617 116.9775
-6.772543 1.615072 116.9819
-6.795885 1.317672 117.6395
-6.163312 1.362645 123.1369
-6.808392 1.436225 123.3348
-6.670858 1.084566 123.3341
-6.660626 1.783949 123.348
-6.134318 0.9603291 122.8193
-5.852274 1.224312 122.7731
-5.841691 1.608313 123.8333
-5.948223 1.775788 123.3251
-5.808467 1.424177 123.3087
-6.317524 0.9291123 123.334
-6.668278 1.081871 118.1909
-6.207144 1.447802 116.7247
-6.416055 1.917312 117.0986
-5.97051 1.797541 116.9892
-6.303085 1.929001 123.3522
-5.956967 1.073412 123.3201
-6.508591 1.887223 123.8475
-5.808444 1.42903 124.3357
-6.305285 1.43142 124.3357
-5.814695 1.350214 117.0085
-6.307197 1.929028 124.3357
-6.104488 1.885541 123.8455
-5.912388 1.734219 124.3357
-8.266492 2.086701 123.3671
-8.032544 2.477424 123.7221
-7.928761 1.93932 123.3602
-7.904368 2.415499 123.337
-8.411339999999999 2.419573 123.328
-7.450563 2.245806 123.8181
-7.719062 1.977637 123.8415
-7.693257 2.501312 124.0723
-7.442161 2.610831 123.8158
-8.277955 2.779428 123.3034
-7.911878 2.93903 123.2989
-7.706249 2.894861 123.8153
-7.6886 2.886487 120.6489
-8.080214 2.909784 120.5947
-7.750952 2.912479 119.9991
-7.911795 2.503717 120.5275
-8.136637 2.885585 121.6901
-8.404180999999999 2.525522 121.69
-7.954761 2.495798 121.099
-7.844372 2.506434 121.6343
-8.260294999999999 2.080568 120.4445
-8.397247999999999 2.55845 120.5562
-8.381621000000001 2.268174 121.1004
-8.307594 2.744452 121.1298
-7.697856 1.987076 120.246
-7.93905 2.426816 119.7778
-7.411974 2.42304 119.617
-7.719803 1.977328 119.5097
-7.417652 2.515828 120.4753
-7.951038 1.940578 121.0851
-7.532303 2.113386 120.8926
-8.217639 2.83452 119.5242
-8.239941999999999 2.816216 120.1109
-8.406157 2.364662 119.2073
-8.167417 2.009357 119.722
-7.726062 2.903284 119.1889
-8.411640999999999 2.430201 119.922
-7.41295 2.403956 121.1346
-7.537911 2.106964 118.8927
-8.077131 1.967184 118.9863
-8.399372 2.328602 122.2644
-8.264507 2.084714 121.7045
-8.014958999999999 2.468438 122.2822
-8.233839 2.821441 118.7995
-7.896307 2.434995 118.6236
-7.537127 2.107848 121.5756
-7.427805 2.564839 121.6674
-7.429768 2.57216 118.8416
-7.700277 2.892122 121.68
-7.520488 2.750379 121.1167
-7.909537 2.939025 121.1579
-7.718745 2.90029 118.3347
-7.906386 1.939058 121.7794
-7.875031 1.940378 118.2885
-7.420321 2.346679 122.1992
-7.658464 2.007912 122.2384
-8.389033 2.290132 118.3933
-7.423321 2.331942 118.1557
-8.250806000000001 2.80648 118.1498
-7.510011 2.736739 117.5974
-7.919803 2.457027 117.4487
-8.302652 2.750753 122.234
-8.110692 1.980326 122.3506
-7.530572 2.762645 122.2154
-7.909379 2.431731 122.8106
-7.434152 2.587117 122.755
-7.918047 2.93899 122.2326
-8.389296999999999 2.587079 122.7903
-7.988704 2.933068 117.6048
-8.401415999999999 2.540006 117.6254
-8.213329 2.040243 117.6809
-8.365074999999999 2.228155 116.9827
-7.978385 1.943494 117.0876
-8.348765999999999 2.196152 122.8306
-7.68523 1.993269 117.6124
-8.111636000000001 1.980736 122.9325
-7.791572 1.95368 122.8203
-8.120281 2.893455 122.7708
-7.707557 2.895448 122.7585
-7.412709 2.407579 123.2904
-7.479393 2.187844 122.7659
-7.411719 2.43903 124.3357
-7.515663 2.744219 124.3357
-7.515663 2.133841 124.3357
-7.914868 2.43903 124.3357
-7.908466 2.430994 124.3357
-7.580428 2.064535 123.3112
-7.543337 2.777105 123.2889
-7.914908 1.93904 124.3357
-8.117741000000001 1.983448 123.8548
-7.428173 2.311814 117.4597
-8.142182999999999 2.525997 124.0927
-7.91444 2.939022 124.3357
-8.115968000000001 2.895409 123.8197
-7.419405 2.526367 116.9403
-7.690296 2.887329 116.9567
-8.247582 2.809429 116.969
-7.775684 2.403345 116.6618
-8.307774 2.744219 124.3357
-8.379791000000001 2.614838 123.8285
-7.558127 2.085515 116.931
-8.377119 2.256267 123.8433
-8.411709 2.436 124.3357
-8.307774 2.133841 124.3357
-7.914949 2.939019 116.3357
-8.375870000000001 1.243116 123.8191
-8.10924 0.9696986 123.8254
-8.257936000000001 1.068289 123.3014
-7.954634 1.436136 123.2897
-8.380118 1.603965 123.822
-7.832032 1.390821 123.6929
-7.899113 0.9291888 123.3121
-8.120937 1.883153 123.8286
-7.716146 1.889194 123.8329
-7.927389 1.928784 123.3244
-7.546074 1.087996 123.3021
-7.566055 1.7903 123.3115
-7.411917 1.4431 123.2955
-8.116977 1.525954 124.0501
-7.914991 0.9290406 124.3357
-7.70615 0.973243 123.8254
-7.866319 1.308446 124.1552
-7.515663 1.123841 124.3357
-7.515663 1.734219 124.3357
-7.908562 1.431158 124.3357
-7.411719 1.42903 124.3357
-7.443314 1.254109 123.8142
-7.64778 1.365098 124.084
-7.44775 1.615398 123.8172
-8.091265 0.9623789 121.0015
-7.785555 0.9452088 120.3442
-8.318813 1.138729 120.3118
-7.91754 1.465207 120.4861
-7.76157 1.905953 121.0615
-7.423894 1.538698 121.0238
-7.913889 1.426586 121.1104
-7.585122 1.050434 121.0165
-7.58729 1.809485 120.3986
-7.424679 1.315927 120.3997
-8.247104 1.058198 118.9041
-7.630991 1.015277 119.0042
-8.363918 1.642375 119.2183
-7.932649 1.404891 119.8348
-7.512037 1.729454 121.6484
-7.444264 1.251585 121.6323
-7.74818 1.901529 122.8103
-7.97474 1.925042 121.7438
-8.378024 1.609472 121.6539
-8.228505 1.815871 121.0975
-7.90744 1.432384 121.7124
-7.914868 1.42903 124.3357
-7.914881 1.92902 124.3357
-7.99916 0.9367353 119.6472
-7.493615 1.154823 119.7091
-7.62518 1.838781 122.2426
-8.36988 1.228809 119.6076
-8.058228 1.907083 120.4487
-7.449099 1.618722 119.1052
-7.42513 1.314001 118.3512
-7.585982 1.808366 118.3126
-7.970447 1.925569 118.8412
-8.360837999999999 1.648783 119.9574
-8.405094 1.347909 121.0418
-7.880376 1.928047 119.673
-8.379663000000001 1.605178 120.5672
-8.390345 1.573657 118.3805
-7.413727 1.473803 122.2102
-7.558452 1.07519 122.2238
-8.409606 1.383117 122.208
-8.198995999999999 1.019797 122.2189
-7.911442 1.430212 122.2308
-8.266344 1.781508 122.249
-7.852096 0.9325974 121.6957
-8.316407 1.135385 121.6307
-7.449956 1.620799 119.8438
-7.874931 0.9303851 122.3318
-7.953379 1.927291 122.3565
-7.821649 0.9372092 118.2916
-7.699099 0.9764894 122.7897
-7.902971 1.426863 122.742
-8.375726 1.6153 116.976
-7.783354 1.458554 116.6511
-7.575132 1.798772 116.9841
-8.021573999999999 1.916812 117.0909
-8.381610999999999 1.599913 122.7735
-8.360920999999999 1.209446 122.7671
-8.127052000000001 1.880286 122.8083
-7.462952 1.649503 122.7704
-7.441744 1.258372 122.7579
-8.076430999999999 0.956939 122.7898
-8.035627 1.913433 118.1711
-8.016318 0.9400932 117.6039
-7.950546 1.427088 117.2731
-8.398477 1.314723 117.6262
-7.858587 1.328973 117.92
-8.268077 1.078304 118.1739
-7.53448 1.100867 117.6527
-8.266204999999999 1.781648 117.6517
-7.437286 1.586872 117.6588
-8.244078999999999 1.055484 116.9696
-7.781351 1.911735 117.6396
-7.417305 1.354495 117.001
-8.279216 1.768066 123.3134
-8.411534 1.415461 123.3017
-7.692461 0.9796678 116.9765
-8.307774 1.734219 124.3357
-8.307774 1.123841 124.3357
-8.411718 1.429899 124.3357
-7.913355 0.9290325 116.3357
-1.857618 5.285102 126.9682
-1.641256 4.923275 126.7178
-1.637983 4.9433 127.1024
-1.751291 4.739934 126.6514
-2.099452 4.706635 128.6754
-1.770769 4.725273 128.7247
-1.949649 4.669091 128.2981
-2.00289 5.01262 128.3992
-2.265207 4.976668 128.6262
-1.999476 4.992325 128.8005
-1.707125 4.78389 129.2725
-1.703578 5.179862 129.3313
-1.973995 4.994362 129.175
-1.958573 4.984552 129.5933
-1.866529 5.287703 130.6853
-2.053573 5.281644 130.2495
-1.697895 5.172478 130.2358
-1.956123 4.981891 130.4707
-2.044736 4.683576 130.2521
-2.265265 4.979791 130.2639
-1.954473 4.983669 130.0342
-1.635333 4.98407 130.6853
-2.21204 5.159318 130.6853
-2.205408 4.799303 130.6853
-2.207772 5.165531 129.8296
-1.858865 5.285483 129.8011
-1.694034 4.800949 130.2364
-1.635339 4.982178 129.7729
-2.264099 4.956668 125.698
-2.183953 4.772824 126.1039
-1.835114 4.690912 126.1262
-2.240307 5.107019 126.1386
-1.642567 4.916955 126.3584
-2.063418 4.690098 126.5561
-1.942793 4.66918 127.0275
-2.241761 4.864609 126.9291
-1.667504 5.122748 126.6649
-2.190774 5.187519 127.2713
-2.161338 4.75023 127.4558
-1.798622 4.708023 127.427
-1.707148 5.184278 126.2148
-1.868337 5.288196 126.541
-2.047078 4.684322 125.649
-1.636543 4.956487 125.8986
-2.16954 5.210239 126.6576
-1.745359 4.744892 125.654
-1.997019 5.295569 126.1708
-2.257665 4.915169 126.488
-1.774861 5.24566 125.7417
-1.900564 5.295097 125.2242
-2.110138 5.25549 125.7024
-2.129703 5.242976 124.7899
-2.047126 4.979044 124.6419
-1.86475 4.680934 127.8535
-1.638459 4.939806 127.6843
-2.081237 5.270552 127.7807
-2.262182 5.028239 127.7219
-1.788487 5.254302 127.4596
-1.745274 5.223176 127.9717
-1.647706 4.896655 128.2616
-1.772681 5.244185 128.4652
-2.246541 5.09113 128.1709
-2.005753 5.294133 128.1902
-1.63551 4.994623 125.3366
-2.182861 4.771623 127.9586
-2.220701 4.822505 125.2667
-2.061998 4.689555 125.2546
-1.840235 4.688951 125.2471
-1.635333 4.98407 124.3357
-1.685801 5.155084 124.8107
-2.265166 4.975111 124.8814
-2.222677 5.142282 125.2641
-2.082949 4.698378 124.8396
-2.209381 4.804915 128.3399
-1.968251 4.669601 129.0267
-1.893921 5.293961 128.9326
-1.638999 5.031986 128.8285
-2.221806 4.824369 129.0318
-2.114775 5.252706 128.5679
-2.215617 5.153854 128.9996
-2.265282 4.986806 129.4229
-2.058557 5.279867 129.3868
-1.695677 4.798671 124.8187
-2.073303 4.694094 129.409
-1.887652 5.292755 124.7878
-2.205272 4.799114 129.8371
-1.850468 4.685334 129.7927
-1.863206 4.681374 130.6853
-2.818829 4.771303 125.729
-2.854414 5.149824 125.7182
-2.898071 4.93736 126.1739
-2.588588 4.976446 125.9677
-2.517218 5.29132 125.7378
-2.725736 5.266641 126.201
-2.273244 5.016272 125.7575
-2.368893 5.211728 126.2423
-2.695364 4.688474 128.5962
-2.337177 4.791681 128.5892
-2.510228 4.678483 128.1546
-2.590392 4.986888 128.3687
-2.325341 5.160054 128.5809
-2.588532 4.984929 128.8078
-2.484337 5.281997 130.6853
-2.331524 5.168901 130.2801
-2.271593 4.98407 130.6853
-2.582533 4.981471 130.4825
-2.481607 4.687095 130.6853
-2.329694 4.801792 130.2858
-2.679265 4.683038 130.2797
-2.837046 4.793083 130.6853
-2.436624 4.707073 124.8047
-2.618586 4.858659 124.5475
-2.271628 4.988769 124.885
-2.422328 5.252838 124.7904
-2.577791 4.974057 125.0666
-2.603661 5.298587 126.7698
-2.332506 5.170248 127.11
-2.891558 5.06279 126.9167
-2.601678 4.669453 127.019
-2.683634 5.283723 130.28
-2.840953 5.169822 129.8731
-2.487969 5.283219 129.8744
-2.58379 4.982585 130.0774
-2.361257 4.763968 127.7046
-2.311898 5.138233 127.6171
-2.30979 4.833727 127.1727
-2.558853 4.670312 127.3825
-2.851374 4.813502 127.2451
-2.437582 4.706556 126.6618
-2.274634 5.027733 126.693
-2.823498 4.776514 124.7995
-2.901028 5.002259 127.7083
-2.674828 5.286434 127.7078
-2.596028 4.982081 127.924
-2.817333 5.198459 127.2702
-2.535998 5.294964 127.2898
-2.272208 4.964401 128.1235
-2.467374 5.275625 128.1217
-2.83239 5.181014 128.147
-2.823572 4.776599 126.6799
-2.602621 4.979113 126.3871
-2.645421 4.674636 126.2109
-2.720173 4.698827 127.7332
-2.30889 4.835395 126.2231
-2.852671 4.815534 128.1587
-2.901293 4.996894 128.5917
-2.31729 4.820672 125.2973
-2.3358 5.174663 125.2872
-2.582523 4.983208 125.5051
-2.874371 5.112075 126.5388
-2.456259 4.697311 125.7524
-2.670924 5.287546 128.5779
-2.481797 5.281113 129.0191
-2.836592 5.175652 129.0249
-2.648663 4.67527 125.2725
-2.685622 5.283072 125.216
-2.860367 5.139794 124.7844
-2.900518 4.958549 125.2581
-2.493918 4.683026 129.0264
-2.844989 4.803976 129.0304
-2.579666 4.983851 129.2292
-2.271637 4.978825 129.0267
-2.332389 4.798052 129.4506
-2.684715 4.68477 129.4574
-2.901545 4.98639 129.4549
-2.680203 5.284813 129.4542
-2.669422 5.28796 124.7743
-2.330048 5.166846 129.4503
-2.840979 4.798354 129.8669
-2.271593 4.984308 129.8707
-2.487717 4.685005 129.8724
-2.901543 4.981445 130.2802
-2.843196 5.16671 130.6853
-2.901553 4.983214 124.3357
-2.053654 3.676525 130.2401
-2.265246 3.979544 130.2518
-1.957413 3.9711 130.4709
-1.953228 3.973263 130.0293
-1.858465 4.275362 130.6853
-2.199857 4.16627 130.6853
-2.046814 4.273904 130.2552
-2.21539 3.803932 130.6853
-2.158473 3.737676 126.6772
-1.891206 3.664686 126.8018
-2.260321 3.918323 127.053
-2.093828 3.693684 127.1401
-2.1004 4.250994 127.19
-2.250043 3.877248 127.5314
-1.768291 3.717009 127.2201
-2.055184 4.27108 126.6381
-1.749209 4.216495 126.7674
-1.65712 3.85896 126.7772
-2.054305 3.676752 127.9517
-2.170087 4.199708 127.7694
-1.723529 3.755481 127.7326
-1.651352 4.073241 127.3396
-1.871858 4.279123 127.6669
-1.867777 3.670096 126.2742
-2.261435 3.924921 128.0661
-2.238337 3.846575 126.2289
-2.251227 4.067149 126.6769
-1.637813 4.013517 126.278
-1.654288 4.081687 128.0061
-1.989447 3.661531 127.5216
-1.758796 4.224138 128.5019
-2.068011 4.266235 128.5577
-1.943433 4.288975 128.1187
-1.981672 3.969195 128.6781
-1.764383 3.719821 128.3074
-2.262581 4.015323 128.5358
-2.189409 4.179122 128.2129
-1.635334 3.974942 129.7845
-1.852661 3.67461 129.776
-1.95707 3.977762 129.5818
-2.133365 3.717741 128.4467
-1.913771 3.661217 128.8464
-1.682903 3.807625 128.7709
-1.956491 3.983158 129.1165
-1.635596 3.986931 128.4837
-1.891059 4.283427 128.9548
-1.651224 4.072853 128.9036
-2.265247 3.979511 129.3799
-2.061113 3.679221 129.3413
-2.223084 3.816562 128.9241
-2.128781 3.714528 124.8178
-2.227647 3.824743 125.3097
-1.876044 3.667971 125.297
-1.958632 3.991976 125.0884
-1.86453 4.277144 126.2393
-2.18587 4.183178 126.213
-1.936317 4.001187 126.0018
-1.703625 4.169921 125.7732
-2.036097 4.277144 125.761
-2.103615 3.698914 125.7781
-1.870552 3.669356 125.7855
-1.67922 3.813694 125.7841
-1.691236 3.79493 129.2704
-2.204951 4.159468 128.9723
-2.057775 4.270153 129.3945
-1.712245 4.180313 129.3641
-2.193556 4.174185 125.3063
-1.957734 3.978891 125.5339
-2.262851 4.013218 125.7638
-1.85955 4.27569 125.2876
-1.635513 3.984715 125.293
-2.264318 3.998844 124.8948
-2.207076 3.791627 129.8028
-2.205476 4.158745 129.8231
-1.703233 4.169426 124.8122
-1.684741 3.804708 124.8156
-2.07847 4.2618 124.8109
-1.880577 3.666907 124.8157
-1.85808 4.275244 129.8186
-1.635333 3.97407 124.3357
-1.697968 3.785565 130.2379
-1.695003 4.158541 130.2429
-1.635333 3.97407 130.6853
-1.868486 3.669905 130.6853
-2.588906 3.97741 127.7799
-2.78175 3.726848 128.0666
-2.279508 3.903903 127.9166
-2.574687 3.939644 128.3172
-2.851783 3.804139 127.2229
-2.637589 4.284892 127.352
-2.613914 3.660279 127.644
-2.293917 3.857604 127.5258
-2.314723 4.133161 127.8233
-2.567333 4.288462 127.7518
-2.362485 4.195422 127.3993
-2.480451 3.677506 127.135
-2.544623 3.661896 128.1103
-2.385927 3.731267 127.8649
-2.332143 3.788389 128.1966
-2.271616 3.970308 127.0417
-2.834173 4.168768 127.0833
-2.483666 4.271766 126.9385
-2.900487 3.948166 126.7039
-2.765211 4.233495 128.1091
-2.901357 3.985196 128.0645
-2.688133 3.675912 128.4852
-2.870745 3.838206 128.4149
-2.459448 4.262257 128.1744
-2.861087 4.128521 127.6093
-2.867377 3.831375 127.7122
-2.353774 4.186242 126.1372
-2.288501 3.87226 126.1752
-2.29009 4.080418 126.5762
-2.587191 3.938854 126.419
-2.278792 4.041027 128.2196
-2.753617 4.241108 126.6076
-2.361014 3.754218 126.6505
-2.395746 3.723476 124.7974
-2.608958 3.976902 125.1263
-2.618687 3.660731 125.2397
-2.302795 3.837387 125.28
-2.698696 3.679722 126.709
-2.487622 4.273104 126.4927
-2.878993 4.091131 126.2335
-2.837405 3.783555 126.2602
-2.545957 3.66172 126.2138
-2.449479 3.69049 128.4656
-2.41259 3.711502 125.7317
-2.745209 3.701954 125.7672
-2.601768 3.903124 126.0151
-2.288853 3.871237 128.5722
-2.880636 4.086942 128.5047
-2.590756 4.002923 128.7216
-2.651689 4.282247 126.1547
-2.640895 4.284331 128.5526
-2.480468 4.270641 128.9793
-2.342753 4.17348 128.5843
-2.327008 4.152503 130.2577
-2.335324 3.784106 130.2527
-2.584121 3.977974 130.4687
-2.585559 3.974716 130.0397
-2.901376 3.984639 130.2529
-2.673866 4.276713 130.2569
-2.84822 3.798703 130.6853
-2.830641 4.173177 130.6853
-2.477888 3.678435 128.8904
-2.272083 3.991635 128.9765
-2.275572 4.023973 125.7233
-2.584162 3.981982 129.159
-2.817393 4.188395 128.9561
-2.860023 3.817743 128.8706
-2.47806 4.269768 130.6853
-2.898784 3.932388 125.8634
-2.496716 4.275961 125.7188
-2.900349 3.946541 125.3506
-2.564451 3.997058 125.5098
-2.271691 3.966212 129.8249
-2.497874 3.671837 129.8113
-2.585397 3.977782 129.6026
-2.814051 4.191939 125.755
-2.693441 3.677773 129.3484
-2.671221 4.277464 129.3971
-2.901203 3.988936 129.367
-2.329256 4.155729 129.4026
-2.835815 4.166662 129.8202
-2.846605 3.796317 129.8067
-2.462246 4.263476 124.8068
-2.273259 4.006423 124.8865
-2.346525 4.178005 125.2846
-2.68386 4.27365 125.2848
-2.334335 3.785422 129.3753
-2.480852 4.270778 129.8287
-2.84165 4.158863 124.8251
-2.846358 3.795957 124.8179
-2.639288 3.663533 124.7915
-2.488227 3.993295 124.6474
-2.90154 3.977049 124.3357
-2.271593 3.97407 130.6853
-2.48957 3.674399 130.6853
-2.690897 3.676868 130.252
-3.277774 5.136185 125.7219
-3.559041 4.979326 125.492
-3.323094 4.769397 125.6943
-3.555128 4.97504 125.9453
-3.842635 4.858912 125.2846
-3.793613 5.188033 125.2908
-3.86439 5.035209 125.7446
-3.239046 4.967479 125.2461
-3.456466 4.684438 125.2456
-3.457608 4.68407 130.6853
-3.298208 4.799697 130.2766
-3.649409 4.684019 130.2737
-3.558203 4.982781 130.4829
-3.238608 4.98407 130.6853
-3.300274 5.171271 130.2718
-3.813242 5.162376 130.6853
-3.868549 4.980519 130.2752
-3.654992 5.282282 130.272
-3.23876 4.993842 128.9941
-3.464703 5.286249 128.9989
-3.556138 4.988503 128.7793
-3.555053 4.984144 129.2116
-3.251134 4.896129 126.1525
-3.375501 5.243873 126.2643
-3.240785 5.021041 128.1304
-3.334132 5.210016 127.8153
-3.245415 4.918943 127.6048
-3.543856 4.98627 127.9396
-3.806287 4.796038 129.8555
-3.810809 5.165868 129.8559
-3.554552 4.983877 130.0669
-3.554256 4.983274 129.6443
-3.655657 5.282055 129.432
-3.868512 4.978078 129.4282
-3.867091 4.953599 127.6225
-3.6533 5.282852 127.6615
-3.537189 4.973632 127.347
-3.28773 4.815157 128.55
-3.41002 4.703712 128.0805
-3.559182 4.989408 128.3415
-3.453241 4.685502 126.8629
-3.331779 5.207707 126.6896
-3.587574 4.952191 126.9351
-3.28506 5.148706 127.0865
-3.239938 4.955156 126.666
-3.276665 4.833985 127.1334
-3.834413 4.841416 126.1745
-3.692173 4.701216 126.5771
-3.867852 5.005311 126.6777
-3.777468 4.762506 127.1173
-3.817253 5.156389 127.1798
-3.549394 5.299023 127.2275
-3.357478 5.230552 127.4745
-3.79047 4.776466 128.0852
-3.59992 4.672516 127.6173
-3.66973 5.276857 128.5597
-3.868276 4.970502 128.5517
-3.820259 5.151699 128.1011
-3.310976 5.184948 128.5654
-3.488546 5.292262 128.146
-3.596445 5.296121 126.7573
-3.631602 4.678904 128.5419
-3.49996 4.673689 127.2321
-3.387981 4.71614 126.4688
-3.460153 5.284873 130.6853
-3.367581 4.729878 127.4109
-3.77186 5.211161 126.2326
-3.814065 5.161171 128.9907
-3.447803 4.687385 128.9969
-3.802521 4.79108 128.9943
-3.526248 4.670279 126.1172
-3.694214 4.702225 125.6654
-3.602053 5.2953 125.7522
-3.450244 5.281614 125.2184
-3.690636 4.700468 125.2549
-3.5693 4.971749 125.0786
-3.70124 4.705841 124.837
-3.645202 4.682708 129.4239
-3.295756 4.803143 129.4285
-3.301854 5.173392 129.4316
-3.459409 5.284641 129.8595
-3.238624 4.987261 129.8579
-3.453202 4.685515 129.8558
-3.309002 4.785602 124.7927
-3.714522 5.254834 124.7913
-3.282387 5.144265 124.7842
-3.4699 5.28773 124.7802
-3.868211 4.999076 124.8832
-3.238608 4.98407 124.3357
-3.807568 4.797772 130.6853
-4.17838 4.944567 127.7532
-4.469736 5.128554 127.5341
-4.186125 4.834131 127.4044
-4.496719 4.913056 127.5793
-4.13683 5.294556 127.3586
-3.874876 4.981904 127.645
-3.954107 4.775172 127.2737
-4.501967 4.941703 127.9432
-4.338504 5.261765 127.9252
-4.001278 4.731774 126.7791
-4.196953 4.66917 126.3012
-4.014013 5.245402 126.7512
-3.875267 4.999915 126.6286
-4.219387 4.981832 127.1944
-4.361711 4.720108 126.7617
-4.219717 4.670509 127.2059
-4.485627 4.875774 127.2108
-4.384366 4.736329 127.6039
-4.308289 5.275934 126.7778
-4.440381 5.174979 127.1318
-4.503565 5.012261 126.7485
-4.471009 4.842079 126.3225
-4.084805 4.687122 127.6444
-3.923207 5.151745 126.2453
-4.286141 4.68417 128.0355
-4.156511 4.906965 128.2738
-4.472655 5.122754 128.3813
-4.44815 4.803813 128.4129
-4.223762 5.062553 128.6366
-3.973975 4.754699 128.0718
-4.115935 4.972557 124.6408
-3.874912 4.978829 124.9061
-4.016522 5.247073 124.8117
-3.931349 5.164044 128.4871
-4.210094 5.298399 128.4173
-3.878006 5.028419 127.0907
-3.875654 5.006303 128.1398
-4.185132 5.299015 126.2837
-4.451284 5.159753 126.3191
-4.161487 4.67037 128.4795
-3.904839 4.849974 128.5216
-4.017518 5.247727 127.9726
-4.224414 4.944719 126.0545
-4.05057 4.701557 125.8067
-4.054868 5.268663 125.7789
-4.374089 5.239546 125.8138
-4.504612 4.995755 125.9257
-3.874909 4.989141 125.7882
-4.247875 4.674481 129.3443
-4.18077 4.989107 129.0968
-4.504501 4.969705 129.2681
-4.182145 4.989801 129.5714
-4.38606 4.737669 125.8386
-3.915991 4.82846 126.2588
-4.081076 4.688468 130.6853
-3.929538 4.806726 130.2439
-4.277009 4.68139 130.2378
-4.188696 4.979828 130.4674
-4.504824 4.982386 125.3948
-4.43413 4.785225 124.8487
-4.045283 4.704225 124.8326
-4.458466 5.148561 124.8354
-4.034392 4.710126 128.9354
-4.073166 5.276641 128.9079
-4.397428 5.220974 128.8582
-3.875733 5.007389 128.9353
-4.367163 4.723739 128.8848
-4.504263 4.965197 128.7799
-3.874868 4.98407 130.6853
-3.875114 4.9965 129.8078
-4.075688 4.690506 129.8042
-4.187246 4.986272 130.0187
-4.24942 4.674775 125.334
-3.924317 5.153497 125.3179
-3.925295 4.81312 125.3314
-4.252128 5.292832 125.2667
-4.278919 5.286194 129.3323
-4.450501 5.160912 129.7751
-3.939992 5.175863 129.3633
-4.098413 5.285487 129.8013
-3.919548 4.822361 129.3721
-4.437349 4.789247 129.7725
-4.259434 5.291268 124.8064
-4.504826 4.982658 124.3357
-4.504722 4.975867 130.2332
-4.291762 5.282108 130.2371
-3.937774 5.172937 130.2472
-4.444211 5.169845 130.6853
-4.08438 5.280868 130.6853
-4.436966 4.788762 130.6853
-3.238608 3.97407 128.5688
-3.525281 4.287776 128.5688
-3.500302 4.284511 126.4523
-3.544236 3.969352 127.5029
-3.238608 3.97407 126.4523
-3.86846 3.982336 126.4523
-3.505433 3.662793 126.4523
-3.535651 3.659601 128.5688
-3.550442 4.289035 130.6853
-3.705283 3.984993 130.1376
-3.701996 3.98385 129.5686
-3.505309 3.978661 129.7842
-3.566037 3.659336 130.6853
-3.868224 3.988808 130.6853
-3.431058 3.833738 125.288
-3.394365 3.921353 124.6942
-3.238608 3.97407 124.3357
-3.238608 3.97407 130.6853
-3.868359 3.985572 128.5688
-4.310214 4.116823 125.2992
-4.504821 3.976286 124.3357
-4.34903 4.027835 124.6911
-3.874868 3.97407 126.4523
-4.223193 3.895312 127.7729
-4.204975 4.288687 128.5688
-4.22853 4.050522 127.2476
-3.874868 3.97407 128.5688
-4.241626 3.663375 126.4523
-4.50466 3.984375 128.5688
-4.215105 3.660104 128.5688
-4.236613 4.28556 126.4523
-4.504767 3.980331 126.4523
-4.188402 3.659093 130.6853
-3.874868 3.97407 130.6853
-4.173184 4.288609 130.6853
-4.504502 3.988417 130.6853
-4.201811 3.974237 129.6229
-1.635333 2.43903 128.5688
-2.264814 2.421644 128.5688
-1.923118 2.125226 128.5688
-2.005261 2.586068 129.5933
-1.635333 2.43903 126.4523
-1.904575 2.750672 126.4523
-1.864174 2.440531 127.6847
-1.635333 2.43903 130.6853
-1.937258 2.753739 128.5688
-1.970083 2.753389 130.6853
-2.107468 2.410012 130.0082
-2.265028 2.426083 126.4523
-2.035987 2.430463 127.407
-1.829551 2.580459 125.2968
-2.264537 2.417209 130.6853
-1.94884 2.124053 130.6853
-1.635333 2.43903 124.3357
-1.791465 2.491732 124.6937
-1.897577 2.128496 126.4523
-2.271593 2.43903 130.6853
-2.569628 2.124506 130.6853
-2.900769 2.416811 130.6853
-2.450523 2.483454 130.0406
-2.271593 2.43903 128.5688
-2.621718 2.365878 129.7375
-2.60787 2.557915 127.5933
-2.601513 2.124404 128.5688
-2.901129 2.422672 128.5688
-2.592633 2.753952 130.6853
-2.631876 2.530371 129.441
-2.271593 2.43903 126.4523
-2.616814 2.752555 128.5688
-2.640817 2.749304 126.4523
-2.901379 2.428539 126.4523
-2.628151 2.363468 127.3049
-2.633245 2.127526 126.4523
-2.710477 2.578243 125.297
-2.748981 2.496045 124.7024
-2.90152 2.434409 124.3357
-1.65871 1.548111 127.1766
-1.716449 1.218032 127.2515
-1.637301 1.393873 127.669
-1.904036 1.392196 127.457
-2.223566 1.27236 127.0993
-1.988908 1.116423 127.3284
-1.840778 1.133709 127.6466
-1.908339 1.439541 127.8285
-1.920124 1.1155 126.9973
-2.261337 1.478796 127.5817
-2.147497 1.183406 127.6197
-2.071418 1.719798 127.1435
-1.806461 1.709242 127.6047
-2.236162 1.296731 128.0405
-1.985197 1.115987 128.0343
-1.739885 1.194653 127.9744
-1.636528 1.456443 126.2288
-2.22193 1.269541 126.2614
-1.845521 1.131993 126.1788
-1.682085 1.263906 126.7237
-2.041812 1.127632 126.6486
-1.956228 1.743955 128.0472
-2.218001 1.59503 128.0514
-2.093941 1.709358 127.6677
-2.253637 1.513927 126.6826
-2.22437 1.27377 126.6755
-1.762277 1.176335 128.4131
-1.992058 1.387445 128.2307
-1.808675 1.710368 128.4414
-1.69112 1.608003 128.0414
-1.638644 1.474577 128.4418
-1.643663 1.35707 128.1052
-2.108329 1.701507 128.4734
-2.105143 1.15473 128.4655
-1.673643 1.278477 125.7433
-1.947346 1.435305 125.9644
-1.74396 1.667002 126.6898
-1.860777 1.731016 130.6853
-2.043483 1.729915 130.2366
-1.693332 1.611165 130.2302
-1.954073 1.43236 130.4608
-1.902886 1.117641 128.883
-1.649179 1.336668 128.8591
-1.890415 1.391352 128.6348
-2.265273 1.432616 128.4808
-2.049039 1.728138 126.6045
-2.193982 1.628625 126.2064
-1.924902 1.742983 128.8788
-1.692287 1.609681 128.791
-1.86408 1.731976 126.2025
-2.218079 1.594903 128.9169
-2.264695 1.448445 125.7713
-1.705772 1.627555 124.8117
-1.866654 1.732697 125.2868
-2.083879 1.714289 124.8155
-1.957266 1.44726 125.0879
-2.203455 1.616465 130.6853
-2.265225 1.43561 130.2417
-2.199935 1.621127 125.3152
-2.045987 1.729128 125.7567
-1.935639 1.449054 125.5302
-1.705642 1.627395 125.751
-2.221998 1.269655 125.3127
-1.86846 1.124871 125.2856
-1.857137 1.128147 125.7392
-1.958403 1.428593 129.0825
-2.21462 1.257699 128.9145
-1.715822 1.218729 129.3167
-2.059654 1.724423 129.3331
-1.690585 1.607225 129.2582
-1.971478 1.414562 129.5567
-2.064531 1.135488 129.3445
-2.092346 1.147891 125.7606
-2.265288 1.430928 129.3605
-2.125816 1.167474 124.818
-2.264781 1.447003 124.9025
-1.635877 1.447528 125.2817
-2.056082 1.132339 130.2413
-1.953342 1.429295 130.0112
-1.84578 1.726158 129.7669
-1.864776 1.125886 129.7824
-2.209534 1.250096 129.7953
-1.635423 1.421514 129.7585
-2.203166 1.616854 129.7925
-1.877742 1.122524 124.8121
-1.683071 1.262315 124.8122
-1.6993 1.238754 130.2328
-1.635333 1.42903 130.6853
-1.865528 1.125675 130.6853
-1.635333 1.42903 124.3357
-2.210918 1.252118 130.6853
-2.78658 1.185699 127.9747
-2.887014 1.334434 127.573
-2.89971 1.463062 127.9908
-2.651274 1.386808 127.7726
-2.688251 1.727148 127.1612
-2.553237 1.742241 127.6027
-2.831007 1.627688 127.5903
-2.581909 1.40339 127.4002
-2.821189 1.218867 127.1478
-2.891998 1.506027 127.1517
-2.39214 1.676837 127.1703
-2.27208 1.41153 127.1817
-2.531614 1.46848 126.9724
-2.36951 1.200784 126.777
-2.692759 1.132488 126.7229
-2.565443 1.114759 127.1456
-2.302195 1.293599 127.6034
-2.306883 1.573894 127.6129
-2.363462 1.206693 127.2334
-2.685359 1.129941 127.5646
-2.515479 1.735882 126.7229
-2.808902 1.65215 126.7217
-2.894163 1.361197 126.7272
-2.288577 1.326999 126.278
-2.536777 1.118011 126.2811
-2.594172 1.510676 126.5124
-2.360905 1.648772 126.2668
-2.286215 1.523885 126.7303
-2.463201 1.139217 127.5219
-2.335936 1.23826 128.4581
-2.271881 1.415561 128.0411
-2.465738 1.138149 127.9608
-2.580485 1.352105 128.1999
-2.309837 1.579462 128.4866
-2.872687 1.560757 128.4447
-2.87042 1.292488 128.3492
-2.578734 1.431188 128.6544
-2.41978 1.696224 128.0501
-2.64998 1.120498 128.4205
-2.60197 1.743634 128.4788
-2.731105 1.708893 128.0288
-2.886505 1.525227 126.3
-2.667806 1.733355 126.2721
-2.861479 1.275278 128.8308
-2.326898 1.607302 130.2537
-2.335506 1.238825 130.2507
-2.582007 1.4292 130.4669
-2.582039 1.427901 130.0298
-2.828512 1.227342 126.2979
-2.899961 1.397394 125.3877
-2.737694 1.152669 125.8095
-2.50265 1.732624 125.8019
-2.897477 1.378514 125.9087
-2.406802 1.17039 125.79
-2.276582 1.484864 125.8001
-2.485805 1.130604 130.6853
-2.690179 1.131577 130.2465
-2.300363 1.297515 125.3223
-2.349464 1.636374 125.3325
-2.613748 1.115224 125.2681
-2.448464 1.712117 128.9249
-2.801823 1.658987 128.9005
-2.271593 1.42903 130.6853
-2.706659 1.137839 129.3294
-2.900517 1.454564 129.336
-2.575699 1.429119 129.1242
-2.499452 1.126338 128.8942
-2.272506 1.405068 128.9238
-2.318424 1.594282 129.3715
-2.343308 1.228944 129.3585
-2.819033 1.641574 125.8225
-2.654931 1.736503 129.362
-2.684896 1.728271 125.3281
-2.273329 1.462054 124.9064
-2.849995 1.25634 129.7952
-2.583142 1.42599 129.5825
-2.831983 1.62648 129.8051
-2.474239 1.723298 129.8139
-2.27188 1.41559 129.8139
-2.503364 1.125239 129.7976
-2.843102 1.611802 124.8435
-2.39339 1.180248 124.8133
-2.844776 1.24863 124.8328
-2.636263 1.117994 124.805
-2.484591 1.448341 124.6629
-2.464219 1.719275 124.8277
-2.480368 1.725565 130.6853
-2.673395 1.731808 130.2511
-2.901408 1.438599 130.2482
-2.901552 1.430233 124.3357
-2.843416 1.246699 130.6853
-2.834433 1.623396 130.6853
-3.568545 2.753655 130.6853
-3.691026 2.433186 130.1034
-3.763088 2.430597 129.5447
-3.495991 2.464481 129.6552
-3.547849 2.124102 130.6853
-3.867939 2.419128 130.6853
-3.868338 2.426984 126.4523
-3.433111 2.581125 125.3015
-3.49945 2.128737 126.4523
-3.52356 2.125484 128.5688
-3.868163 2.423055 128.5688
-3.537323 2.75359 128.5688
-3.238608 2.43903 130.6853
-3.394538 2.491846 124.6947
-3.238608 2.43903 124.3357
-3.238608 2.43903 126.4523
-3.506261 2.750434 126.4523
-3.238608 2.43903 128.5688
-3.513497 2.438541 127.5054
-3.874868 2.43903 130.6853
-4.172025 2.124554 130.6853
-4.50419 2.418971 130.6853
-4.041341 2.500177 130.0197
-3.874868 2.43903 128.5688
-4.271647 2.375818 129.7569
-4.50448 2.424203 128.5688
-4.204203 2.124377 128.5688
-4.192842 2.753996 130.6853
-4.202767 2.559518 129.4815
-3.874868 2.43903 126.4523
-4.504683 2.429439 126.4523
-4.23623 2.127483 126.4523
-4.28479 2.431158 127.3801
-4.111923 2.43542 127.7722
-4.243085 2.749479 126.4523
-4.148134 2.509804 125.5583
-4.218054 2.752745 128.5688
-4.394763 2.434942 124.7027
-4.365454 2.41895 125.2882
-4.504799 2.434677 124.3357
-3.348633 1.42903 124.7028
-3.568922 1.462543 125.2534
-3.310463 1.42903 125.3097
-3.238608 1.42903 126.4523
-3.501839 1.73973 126.4523
-3.238608 1.42903 128.5688
-3.513767 1.50426 127.2496
-3.504369 1.117919 126.4523
-3.238608 1.42903 124.3357
-3.868546 1.432794 126.4523
-3.528389 1.743 128.5688
-3.536605 1.320201 127.6058
-3.868523 1.434422 128.5688
-3.533502 1.114691 128.5688
-3.238608 1.42903 130.6853
-3.532299 1.426446 129.5907
-3.562808 1.114185 130.6853
-3.868491 1.43605 130.6853
-3.55512 1.744006 130.6853
-3.930332 1.607534 130.2291
-4.080287 1.724341 129.7723
-3.87509 1.417221 129.768
-4.185837 1.428604 129.9994
-3.938284 1.239483 130.2287
-4.181107 1.42769 130.4607
-4.083579 1.725542 130.6853
-4.437522 1.623633 130.6853
-4.277142 1.731672 130.2304
-3.874868 1.42903 130.6853
-3.926717 1.602161 129.3155
-4.186629 1.429739 129.5306
-4.267208 1.734363 129.3093
-4.160947 1.453427 129.0569
-4.443722 1.242588 127.2727
-4.461301 1.588799 127.262
-4.504585 1.416649 127.5913
-4.124523 1.120898 127.3071
-4.228464 1.116426 128.2825
-4.360646 1.164378 127.7646
-4.490509 1.335136 128.1702
-3.95654 1.217418 127.83
-4.119599 1.736076 127.2176
-3.943815 1.625703 127.7068
-3.877055 1.391983 127.2843
-3.894205 1.537692 126.7814
-4.144848 1.117281 126.3325
-3.971209 1.202293 126.8091
-4.298477 1.133374 126.8247
-4.436799 1.23351 126.3714
-4.482782 1.544798 126.3531
-4.503157 1.396616 126.8161
-4.374318 1.684341 127.8451
-4.502971 1.394867 127.8581
-3.958379 1.642651 126.2871
-3.891688 1.327478 126.3117
-4.470827 1.571381 128.3873
-4.464769 1.275304 128.7264
-4.239842 1.740017 128.4099
-4.412631 1.651697 128.8395
-4.21934 1.115433 125.2969
-4.23926 1.117949 124.8246
-4.208406 1.435022 125.1725
-3.996907 1.18006 124.8304
-3.881171 1.491725 128.0981
-4.366175 1.690031 126.7863
-4.446518 1.611604 124.864
-4.066346 1.718788 124.8487
-4.086142 1.44829 124.6766
-4.501654 1.384421 125.9616
-4.099393 1.730742 125.8278
-4.344695 1.154739 125.8584
-4.503119 1.396259 125.4288
-4.012472 1.168741 125.8287
-3.876572 1.461747 124.9268
-4.048438 1.710483 128.0986
-4.099442 1.730757 126.6879
-4.255605 1.73707 126.2912
-3.932384 1.61048 128.4687
-3.879117 1.480589 125.8336
-3.904791 1.295034 125.3492
-3.915634 1.27405 128.3883
-3.874934 1.422585 128.863
-4.073804 1.721855 128.8671
-4.504229 1.448459 129.276
-4.092484 1.129476 128.8046
-3.94315 1.233192 129.2957
-4.30602 1.136256 129.2649
-4.417493 1.646724 125.8595
-4.504827 1.430192 124.3357
-4.447215 1.247439 124.8519
-3.950351 1.633611 125.3587
-4.285976 1.728983 125.3574
-4.437277 1.623945 129.7604
-4.451665 1.253916 129.75
-4.292024 1.131082 130.2278
-4.504737 1.436635 130.2287
-4.104436 1.125851 129.7571
-4.087428 1.131166 130.6853
-4.444025 1.243001 130.6853
-6.048839 5.293566 127.9786
-5.722908 5.150524 127.9227
-6.305185 4.992339 128.1343
-6.250439 5.161686 127.6193
-6.125236 4.699451 124.8608
-6.166645 5.245068 124.8026
-6.305266 4.979859 124.8929
-6.304144 4.957185 127.3183
-5.68158 4.921651 127.4945
-5.936256 4.673764 127.6258
-5.738086 4.795407 127.9935
-6.253377 4.810836 127.6951
-5.838385 4.708153 128.4664
-6.07027 4.679407 128.0802
-5.874048 5.276807 127.4001
-6.209759 5.210027 127.1094
-5.840029 4.707254 127.1518
-6.160643 4.719117 127.2742
-5.67641 5.010095 126.9023
-5.853512 4.700349 126.6701
-6.080866 4.682387 126.9081
-5.850846 5.266491 128.3932
-5.675454 4.992784 128.3909
-6.29308 4.897209 126.8993
-6.23417 5.183436 126.6131
-6.174093 5.239878 128.4778
-5.947738 4.949528 128.6498
-5.926764 5.292573 124.8014
-5.937832 5.294648 125.2528
-6.005581 4.99984 125.0618
-6.160994 4.719343 126.5387
-5.932658 5.293729 126.7907
-5.701277 4.858888 126.3351
-5.73889 5.173804 126.3529
-6.029292 5.29663 126.2437
-5.962484 4.670322 126.1919
-6.246092 4.80025 126.1071
-6.301466 4.935112 126.4632
-6.277659 5.113086 126.1426
-6.178755 4.731677 128.5279
-5.693467 4.878739 128.8661
-5.727309 5.157394 128.7662
-6.265223 4.830326 125.2905
-6.109104 4.692349 125.2878
-5.966078 5.298117 128.8749
-5.886976 5.281617 129.7733
-5.729719 5.160997 129.2652
-5.675405 4.977365 129.7785
-5.996751 4.984024 129.582
-5.769739 4.759217 125.8132
-5.677096 5.017343 125.9311
-6.259691 4.820827 128.9764
-6.305269 4.988013 128.608
-6.105294 4.690826 125.6895
-6.005229 4.984157 129.1151
-6.305048 4.971639 125.7096
-5.81978 5.248893 125.8104
-5.676039 5.005142 125.3867
-6.141628 5.260325 125.7332
-5.962197 4.670347 128.928
-5.994659 4.986539 130.0299
-6.25598 5.153285 128.9538
-6.111605 4.69338 129.3873
-5.759797 4.76942 129.3455
-5.675333 4.98407 130.6853
-5.737711 4.795909 130.2461
-5.904051 4.681132 130.6853
-6.000155 4.988338 130.4713
-6.097984 5.280077 129.3511
-6.258258 5.149656 125.2851
-6.30523 4.990416 129.3934
-5.87789 4.689837 125.3109
-5.905563 4.680706 129.8126
-6.250276 4.806216 129.8265
-6.243116 5.171962 129.8095
-5.734793 4.799892 124.8448
-5.735565 5.169316 130.236
-5.727006 5.156933 124.8319
-6.093603 4.686507 130.2557
-6.305292 4.985119 130.2532
-5.675333 4.98407 124.3357
-6.089059 5.283172 130.2401
-6.246337 4.800592 130.6853
-6.252442 5.158717 130.6853
-5.907397 5.287941 130.6853
-6.759762 5.269506 127.1337
-6.631968 4.975366 126.847
-6.391713 5.193959 127.0571
-6.666783 4.957345 127.2886
-6.899512 5.141287 126.6387
-6.568774 5.293702 126.6443
-6.312873 5.012434 126.6466
-6.6303 4.984225 126.408
-6.755918 5.271268 126.1809
-6.939919 4.952022 126.1748
-6.626366 4.984934 125.9635
-6.311652 4.990144 124.8857
-6.464356 5.254067 124.7923
-6.652519 4.855003 124.5543
-6.901109 5.138481 124.7877
-6.862433 4.775305 124.7979
-6.474404 4.708286 124.8039
-6.878728 4.79531 129.8786
-6.882908 5.167115 129.8791
-6.625228 4.984842 130.0872
-6.624528 4.983711 129.6752
-6.311605 4.986737 129.8806
-6.525383 4.685787 129.8838
-6.718598 4.682833 130.289
-6.369688 4.801801 130.2892
-6.522063 4.686934 128.1952
-6.311632 4.988994 128.1888
-6.366549 4.806307 127.7185
-6.629863 4.97001 128.0029
-6.874687 4.790029 128.224
-6.720338 4.68337 127.8142
-6.939867 4.951518 127.8219
-6.522406 4.686814 129.0525
-6.626673 4.983813 128.8378
-6.87775 4.79401 129.0542
-6.625893 4.984264 129.2584
-6.311632 4.989033 129.0431
-6.368175 4.803951 128.6191
-6.375153 5.173808 128.6167
-6.626407 4.980776 128.4192
-6.731607 5.281022 128.6217
-6.941506 4.978597 128.6326
-6.320894 5.060047 127.4362
-6.503688 5.274091 127.4316
-6.888456 5.159086 128.1974
-6.754508 5.271899 127.723
-6.581874 4.672278 127.4301
-6.865539 4.778868 127.4353
-6.382372 5.183012 127.7976
-6.547364 5.288928 128.189
-6.928224 5.074731 127.431
-6.941552 4.983143 124.3357
-6.938422 4.939766 127.0395
-6.706669 4.679444 127.0391
-6.496171 4.697352 126.6439
-6.860778 4.77345 126.6125
-6.360354 4.815726 127.1342
-6.311593 4.98407 130.6853
-6.52282 4.686669 130.6853
-6.371409 5.168742 130.2893
-6.395918 5.198571 126.1999
-6.352674 4.828535 126.1977
-6.688164 4.67517 126.1861
-6.715218 4.681821 128.6306
-6.532894 5.284797 129.0447
-6.858981 4.771469 125.7269
-6.895575 5.147933 125.711
-6.55876 5.291664 125.7313
-6.611514 4.964293 125.5087
-6.729412 5.28179 125.2152
-6.377372 5.176713 125.2874
-6.313403 5.017784 125.7525
-6.49531 4.697745 125.7422
-6.355952 4.822899 125.2958
-6.685318 4.674617 125.2723
-6.940077 4.953604 125.2584
-6.617822 4.972341 125.0673
-6.883375 5.166459 129.0519
-6.718614 4.682838 129.4712
-6.941532 4.980324 129.4711
-6.369135 4.802582 129.4642
-6.37271 5.170526 129.469
-6.725239 5.283199 129.4692
-6.530602 5.284074 129.8788
-6.711753 5.287315 124.7795
-6.724881 5.283316 130.2901
-6.941519 4.979385 130.2879
-6.525845 5.28251 130.6853
-6.877332 4.793459 130.6853
-6.883859 5.165776 130.6853
-6.068968 3.973876 125.3967
-5.884559 3.976227 124.9275
-5.944115 3.662496 126.4523
-5.675333 3.97407 126.4523
-5.675333 3.97407 128.5688
-5.675333 3.97407 130.6853
-5.967635 4.288233 128.5688
-5.992184 3.991692 129.7021
-5.97633 3.659401 128.5688
-6.305199 3.981783 126.4523
-5.95879 4.052916 127.7728
-5.950606 3.89438 127.3046
-6.305117 3.984612 128.5688
-5.939812 4.284976 126.4523
-5.995637 4.289006 130.6853
-6.008693 3.659627 130.6853
-5.675333 3.97407 124.3357
-6.30501 3.987441 130.6853
-6.311817 3.962194 129.7834
-6.538748 3.671582 129.7796
-6.624795 3.976661 130.0159
-6.624776 3.975981 129.5626
-6.711675 4.277337 130.2418
-6.873261 4.169922 129.7955
-6.516645 4.269245 129.7936
-6.36618 4.151293 130.24
-6.318104 4.037779 126.7487
-6.422756 4.214218 127.161
-6.426814 3.730537 126.7707
-6.323526 3.888194 127.2441
-6.899842 4.130713 127.16
-6.685166 4.283553 127.0709
-6.82578 4.218057 126.7196
-6.534742 4.275367 128.0282
-6.352788 4.129807 127.6378
-6.853791 4.192209 128.0183
-6.692016 4.282177 127.5414
-6.410226 3.745146 127.8095
-6.791927 3.705983 127.6507
-6.575777 3.663213 127.2586
-6.893528 3.806895 127.2063
-6.525485 4.272388 126.702
-6.939774 3.940637 126.7488
-6.920305 4.0878 126.3048
-6.688041 4.282995 126.2658
-6.688459 4.023891 126.5071
-6.620922 3.98244 127.4293
-6.938821 4.015474 127.6037
-6.887551 3.797709 129.7861
-6.941053 3.991818 129.3377
-6.3854 4.176674 126.2702
-6.540807 3.670992 128.7973
-6.537165 3.672046 128.2923
-6.813031 3.720207 128.4278
-6.632761 3.97647 128.6259
-6.379253 3.779019 129.3074
-6.748141 3.683495 126.7684
-6.519468 4.270281 130.6853
-6.888371 3.798929 130.6853
-6.871478 4.172147 130.6853
-6.621955 3.978664 130.4614
-6.88198 4.158408 124.8555
-6.941541 3.976951 124.3357
-6.885192 3.794268 124.8459
-6.923707 3.86955 128.0349
-6.712796 3.671121 128.0405
-6.596452 3.660534 126.2924
-6.335168 3.854508 126.2907
-6.547883 3.986258 124.6528
-6.458716 3.707544 125.8037
-6.878344 3.784798 126.3198
-6.314248 4.014875 125.8132
-6.936981 4.027545 128.4574
-6.321082 4.0508 128.0654
-6.709684 4.277888 128.4617
-6.311648 3.979928 128.8677
-6.62684 3.981643 129.1003
-6.866685 4.177931 128.8996
-6.525608 4.27243 128.8993
-6.387228 4.178829 128.4598
-6.34099 3.8412 128.3832
-6.901503 3.820362 128.8783
-6.941337 3.985753 130.2406
-6.939101 3.934838 125.9218
-6.717275 4.275709 125.3353
-6.343847 3.835224 125.3413
-6.940573 3.949226 125.399
-6.660212 3.660891 125.2857
-6.788349 3.703809 125.8252
-6.530468 3.67411 130.6853
-6.731579 3.677108 130.2366
-6.528395 4.273359 125.8077
-6.851889 4.194174 125.831
-6.710069 4.277783 129.3475
-6.365811 4.150749 129.334
-6.312989 4.003691 124.9217
-6.501457 4.263135 124.8406
-6.734993 3.678338 129.3118
-6.311593 3.97407 130.6853
-6.376035 3.78317 130.2366
-6.435595 3.723592 124.8278
-6.383684 4.174613 125.3445
-6.67791 3.663302 124.8202
-6.651089 3.974349 125.1788
-7.503766 5.285972 128.0719
-7.278769 4.994121 128.0757
-7.594074 4.987735 128.2975
-7.590277 4.987893 127.852
-7.693872 5.28266 128.5323
-7.849839 5.167232 128.0737
-7.278609 4.984507 129.8436
-7.339384 5.170061 129.4055
-7.33827 4.799612 129.4131
-7.594875 4.984122 129.6283
-7.49866 5.284405 129.8411
-7.849736 5.167377 129.8419
-7.595578 4.983858 130.0579
-7.847735 4.798 129.8424
-7.340049 5.170966 130.2692
-7.694998 5.282279 130.2679
-7.34422 5.176497 127.6112
-7.698858 5.280939 127.6083
-7.588964 4.973981 127.4139
-7.331623 4.80918 127.631
-7.690359 4.684324 127.6231
-7.501579 5.285313 130.6853
-7.278608 4.98407 130.6853
-7.498726 4.683715 130.6853
-7.597127 4.982364 130.4798
-7.847977 4.798331 130.6853
-7.690477 4.684362 130.2667
-7.908555 4.981142 130.2687
-7.908476 4.976409 127.6032
-7.836186 4.783174 127.1165
-7.852994 5.162736 127.1353
-7.878803 4.850409 126.165
-7.908053 5.002097 126.6556
-7.769534 4.722812 126.5834
-7.60674 4.9675 126.41
-7.70343 5.279278 126.6794
-7.511828 5.288254 127.1446
-7.278624 4.987235 127.1258
-7.37232 5.208242 126.6846
-7.849513 4.800453 128.0743
-7.493842 4.685301 128.0801
-7.486525 4.687844 127.2327
-7.379341 4.753179 126.8842
-7.286074 4.915899 126.6152
-7.475117 4.692219 126.5324
-7.602418 4.669214 126.8759
-7.618385 4.670068 126.1431
-7.339435 4.79801 126.1901
-7.298508 5.094252 126.2272
-7.840213 5.180001 126.2064
-7.532619 5.293093 126.2253
-7.338584 4.799177 130.2649
-7.908557 4.981366 128.5186
-7.690896 4.684498 128.5218
-7.594153 4.983401 128.7478
-7.34018 5.171144 128.522
-7.336518 4.802062 128.523
-7.494722 4.685009 128.9627
-7.278611 4.985456 128.9708
-7.417252 4.723076 125.7349
-7.280119 4.953261 125.8378
-7.279315 4.962977 125.3423
-7.755508 4.713895 125.6793
-7.692839 5.283005 125.7392
-7.373366 5.209269 125.7611
-7.497392 5.284002 128.9727
-7.906008 5.024154 125.7326
-7.8539 5.161414 130.6853
-7.841918 5.177836 125.2843
-7.50765 5.2871 125.2325
-7.884356 4.862963 125.286
-7.908232 4.998622 124.8881
-7.608559 4.9975 125.0358
-7.743733 4.707179 125.2673
-7.517894 4.678321 125.2765
-7.594442 4.983813 129.1888
-7.746691 4.708803 124.8503
-7.847306 4.797415 128.9702
-7.908563 4.982181 129.4057
-7.849708 5.167416 128.9728
-7.689935 4.684187 129.4115
-7.692402 5.28315 129.4121
-7.351342 4.782752 124.8242
-7.51274 5.288498 124.7881
-7.319926 5.140024 124.8132
-7.756546 5.253621 124.7941
-7.495888 4.684626 129.8473
-7.278608 4.98407 124.3357
-8.493584999999999 5.156279 127.5699
-8.537159000000001 4.914986 127.526
-8.246245 4.92803 127.3947
-8.229181000000001 4.89528 127.8471
-8.542336000000001 5.023621 127.1844
-8.193975999999999 5.297001 127.0446
-8.527468000000001 4.880941 126.8614
-8.524224 5.096122 126.7842
-8.341573 5.278571 126.6991
-8.411759999999999 5.24121 127.1467
-7.981058 5.177243 127.1471
-8.219681 4.669254 127.2072
-8.062918 4.716962 126.7648
-8.202737000000001 5.297882 127.524
-8.524566999999999 4.872924 126.4068
-8.487631 5.16507 126.4116
-8.203609 4.980087 126.5898
-8.048082000000001 5.241313 124.799
-8.156148999999999 4.968508 124.6413
-8.268125 5.296716 126.2033
-8.070516 5.255779 126.6686
-7.96096 5.148118 126.2343
-7.959605 4.822265 126.2771
-7.915049 4.994747 126.7284
-8.253489 4.669979 126.3183
-8.36862 4.701307 126.7845
-7.93993 5.107195 127.6336
-7.944748 4.850167 127.2605
-8.468838999999999 4.778897 127.1999
-8.541503000000001 4.93842 127.9591
-8.403698 4.721413 127.6091
-8.120863 4.688546 127.6599
-7.942238 4.855646 127.7443
-8.529191000000001 5.082084 125.9799
-8.076791 5.259363 128.0381
-8.39118 5.254597 128.0002
-8.326708 4.684353 128.0549
-8.037291 4.734803 128.1143
-8.516494 5.114635 128.4148
-8.202014 4.943551 128.2606
-7.91493 4.977857 125.7841
-8.454230000000001 4.763014 125.8677
-8.087400000000001 5.264999 125.7415
-8.381323999999999 5.260236 125.703
-8.544826 4.982614 124.3357
-8.479661999999999 4.792222 124.8475
-8.494534 5.154816 124.8252
-7.91548 5.003691 128.1078
-8.209517 4.669747 128.5013
-8.487869 4.80341 128.437
-7.915172 4.97024 124.8999
-8.291237000000001 5.293011 124.7896
-8.259528 5.297649 128.4695
-8.105675 4.694599 125.8164
-7.915111 4.996436 129.8255
-8.115180000000001 4.690704 129.8116
-8.227518999999999 4.985717 130.03
-8.223006 4.988892 129.5815
-8.316732 4.68131 130.2489
-8.476565000000001 4.788255 129.7864
-8.544693000000001 4.974835 130.2376
-8.543962000000001 5.007426 125.3898
-8.308388000000001 4.679039 125.3405
-8.180592000000001 5.03497 125.5203
-7.978038 5.173289 130.2548
-8.138954 5.285651 129.8099
-8.543993 4.961142 128.797
-7.914868 4.98407 130.6853
-7.969641 4.806575 130.255
-8.122293000000001 4.688022 130.6853
-8.223091 4.985436 130.4669
-7.971263 5.16392 128.5109
-8.125254999999999 5.281178 130.6853
-8.484275999999999 5.169756 130.6853
-8.332654 5.281801 130.2443
-8.274364 5.295889 125.2288
-7.95751 5.142325 125.3012
-7.972897 4.801893 125.3313
-7.94689 4.845697 128.5296
-8.076307999999999 4.709047 128.95
-7.915593 5.005423 128.9585
-8.442131 5.216769 128.8846
-8.114882 5.27732 128.9286
-8.288192 4.674541 129.3571
-8.408317 4.724529 128.9002
-8.235094999999999 4.985316 129.1219
-7.979723 5.175512 129.3786
-8.321396999999999 5.285453 129.3538
-8.092924999999999 4.700408 124.8322
-8.544354 4.966775 129.2868
-7.96006 4.821508 129.386
-8.491323 5.159695 129.781
-8.476912 4.788693 130.6853
-7.278608 3.97407 126.4523
-7.679389 4.013384 125.4387
-7.453092 4.073942 125.0166
-7.48726 3.975377 124.6576
-7.540323 4.284514 126.4523
-7.589053 3.973333 126.4697
-7.545696 3.662752 126.4523
-7.278608 3.97407 124.3357
-7.673413 3.979799 127.3066
-7.565324 4.28778 128.5688
-7.509568 3.973476 127.6084
-7.278608 3.97407 128.5688
-7.908338 3.986129 128.5688
-7.576182 3.659571 128.5688
-7.908452 3.982658 126.4523
-7.278608 3.97407 130.6853
-7.908186 3.989598 130.6853
-7.590505 4.289036 130.6853
-7.744559 3.978722 130.0948
-7.584177 4.088976 129.2576
-7.589456 3.924413 129.7047
-7.606833 3.659369 130.6853
-7.982613 3.778912 126.7386
-8.305106 3.668213 126.758
-8.099379000000001 3.687382 127.2132
-8.226753 3.96836 126.8326
-8.449597000000001 4.199732 127.1647
-7.919345 4.026988 127.2203
-8.141052 4.276275 126.9712
-8.195911000000001 4.287217 127.4689
-8.544741999999999 3.966656 127.2885
-8.012117 3.746462 128.1598
-8.189007999999999 3.661749 127.9943
-7.914897 3.978304 128.1393
-7.970148 3.795834 127.7078
-8.28753 3.664417 127.6162
-8.503095999999999 3.817391 127.5839
-8.511595 4.114894 127.7099
-8.472828 3.773637 128.0296
-8.263771999999999 4.287219 127.9781
-7.967242 4.147997 127.7581
-8.514400999999999 4.109135 128.3146
-7.938799 4.094498 126.667
-8.13471 4.274339 126.5463
-8.031585 4.218824 128.1762
-8.238322 3.659204 128.4394
-8.170912 3.664653 126.2805
-8.475932999999999 3.777461 126.3224
-8.543219000000001 3.942262 126.8061
-8.425789999999999 3.727455 127.1981
-7.957326 4.132007 128.5435
-8.231411 4.289047 128.4684
-7.950155 3.829213 128.5354
-8.249836999999999 3.903118 128.653
-8.396444000000001 4.241388 126.6677
-7.998884 4.188239 126.1916
-7.928038 3.883944 126.2394
-8.090590000000001 3.691547 128.9224
-7.915006 3.983376 128.9513
-8.495554 3.804915 128.4775
-8.104253 4.262927 128.9257
-8.436628000000001 4.211672 128.8473
-8.218814999999999 3.97633 129.1015
-8.544819 3.97652 124.3357
-8.488472 3.794274 124.8336
-8.486556999999999 4.156589 124.8446
-8.544648 3.963387 128.7733
-8.523697 4.087498 126.3011
-8.295246000000001 4.282187 126.2022
-7.965955 3.802103 129.3709
-8.298498 3.666662 129.3479
-8.458978 4.1902 125.803
-8.243380999999999 3.90756 126.074
-7.919504 4.027909 125.7667
-8.384945999999999 3.699922 125.8233
-8.414289 3.718739 128.8834
-8.543415 3.944261 125.3911
-8.541717 3.929902 125.9175
-8.141052999999999 4.276275 125.7605
-8.048465999999999 3.716557 125.779
-7.974672 4.158725 129.3669
-8.314152 4.277559 129.3337
-8.544784 3.968769 129.2626
-8.221264 3.9776 129.5664
-8.212724 3.989843 125.5496
-7.991508 4.179999 125.314
-7.943277 3.843345 125.3126
-8.257963999999999 3.660347 125.268
-8.327738 4.273453 125.3171
-8.156867 3.998903 124.6424
-7.916741 4.008364 124.9017
-8.484938 4.158846 129.7683
-7.914887 3.977476 129.8133
-8.125605999999999 3.67684 129.8
-8.228204 3.979171 130.023
-8.130891 4.273102 129.7978
-8.484477 3.78866 129.7715
-8.257231000000001 3.973535 125.1676
-8.036249 3.725612 124.8099
-8.279439999999999 3.663018 124.804
-7.973607 4.157244 130.2507
-8.321652 4.275375 130.238
-8.227994000000001 3.978862 130.4651
-8.108682 4.264813 124.8258
-8.119992999999999 4.269272 130.6853
-8.544755 3.980883 130.2348
-7.914868 3.97407 130.6853
-8.131323999999999 3.674896 130.6853
-7.974829 3.789198 130.2497
-8.329974 3.675428 130.2405
-8.489373000000001 3.795577 130.6853
-8.471878 4.17565 130.6853
-5.675333 2.43903 126.4523
-6.305086 2.427606 126.4523
-5.938406 2.128356 126.4523
-5.997094 2.436254 127.5221
-5.944337 2.750636 126.4523
-5.976777 2.753719 128.5688
-5.964793 2.125085 128.5688
-5.675333 2.43903 128.5688
-6.304941 2.424134 128.5688
-5.831388 2.491643 124.6931
-5.870376 2.581043 125.3003
-5.675333 2.43903 124.3357
-5.991362 2.124051 130.6853
-5.675333 2.43903 130.6853
-5.962505 2.435125 129.6015
-6.009362 2.753434 130.6853
-6.304758 2.420663 130.6853
-6.311593 2.43903 128.5688
-6.604704 2.397437 129.6965
-6.611982 2.124388 130.6853
-6.474253 2.435112 130.1385
-6.311593 2.43903 126.4523
-6.656972 2.75254 128.5688
-6.547428 2.428196 127.3461
-6.632871 2.753947 130.6853
-6.940888 2.418559 130.6853
-6.62306 2.565484 129.2406
-6.311593 2.43903 130.6853
-6.941188 2.423863 128.5688
-6.643082 2.124483 128.5688
-6.787175 2.488195 124.6885
-6.674022 2.127644 126.4523
-6.71365 2.438612 127.6181
-6.9414 2.429172 126.4523
-6.680895 2.749291 126.4523
-6.750519 2.578247 125.2968
-6.941521 2.434483 124.3357
-5.785363 1.42903 124.7027
-6.031233 1.421235 125.1928
-5.809715 1.422702 125.3242
-5.942637 1.117679 126.4523
-5.957347 1.412005 125.723
-5.940611 1.740064 126.4523
-6.305273 1.432658 126.4523
-5.675333 1.42903 124.3357
-5.675333 1.42903 128.5688
-5.96925 1.743305 128.5688
-5.897656 1.422714 127.3661
-5.973344 1.114507 128.5688
-6.06817 1.432064 127.7722
-5.675333 1.42903 126.4523
-6.305256 1.433896 128.5688
-6.004214 1.114356 130.6853
-5.675333 1.42903 130.6853
-5.97331 1.4265 129.5916
-6.305235 1.435134 130.6853
-5.998065 1.743915 130.6853
-6.311662 1.43562 128.7881
-6.378811 1.62352 128.3235
-6.357775 1.264835 128.2951
-6.625646 1.434273 128.5407
-6.523907 1.131251 128.7668
-6.715936 1.126992 128.2409
-6.723067 1.728866 128.3253
-6.622946 1.435232 128.0529
-6.370812 1.245187 129.2661
-6.373186 1.616132 129.2696
-6.627131 1.431247 129.0263
-6.627281 1.430721 129.5051
-6.327457 1.330329 127.3358
-6.698937 1.122475 127.5224
-6.70603 1.733824 127.5222
-6.918426 1.547498 127.3232
-6.867675 1.631719 127.8574
-6.907461 1.2865 127.7652
-6.315184 1.476455 127.8316
-6.533991 1.730096 127.873
-6.490111 1.145145 127.3299
-6.873105 1.232982 127.2331
-6.759279 1.14337 126.7856
-6.695563 1.736362 127.1465
-6.655697 1.115399 127.1391
-6.419317 1.666216 127.3391
-6.938786 1.387363 126.8178
-6.46082 1.16119 127.7922
-6.370345 1.612222 130.2229
-6.528384 1.728314 129.7472
-6.311595 1.427981 129.7465
-6.626936 1.428786 129.9816
-6.441132 1.174424 126.8613
-6.317524 1.489863 126.8449
-6.922381 1.537246 126.3691
-6.38503 1.631192 126.3413
-6.691187 1.737312 126.3439
-6.835602 1.664656 126.8023
-6.941488 1.435446 128.2919
-6.336511 1.306243 126.3526
-6.525162 1.727238 126.8058
-6.708919 1.125004 127.8616
-6.875401 1.622156 130.6853
-6.94153 1.432915 130.2219
-6.71963 1.72995 130.2226
-6.625451 1.430729 130.4527
-6.879538 1.241356 126.3621
-6.594026 1.115736 126.3487
-6.456716 1.163773 125.8423
-6.634539 1.425891 126.0998
-6.314422 1.471148 125.8603
-6.384354 1.63038 125.3748
-6.718286 1.730362 125.3715
-6.529686 1.728739 125.8571
-6.343536 1.290818 125.3625
-6.940525 1.40359 125.4306
-6.657302 1.115552 125.3058
-6.78455 1.15653 125.867
-6.851765 1.64926 125.8767
-6.52703 1.130193 130.6853
-6.725273 1.129913 130.2155
-6.883653 1.247033 130.6853
-6.532528 1.729643 128.7985
-6.881958 1.613397 128.7875
-6.878712 1.240248 128.7634
-6.724797 1.728304 129.272
-6.941553 1.428308 129.2591
-6.938999 1.388992 125.9662
-6.530449 1.129076 129.7461
-6.882063 1.244808 129.7412
-6.72291 1.129143 129.257
-6.313089 1.45969 124.9343
-6.880982 1.614741 129.7427
-6.434728 1.179214 124.833
-6.885938 1.250305 124.854
-6.678107 1.118294 124.8247
-6.881563 1.613943 124.8674
-6.501449 1.718091 124.852
-6.372087 1.243425 130.2146
-6.522111 1.726183 130.6853
-6.311593 1.42903 130.6853
-6.941551 1.43026 124.3357
-7.278608 2.43903 126.4523
-7.546868 2.750526 126.4523
-7.670187 2.43127 127.2527
-7.511364 2.43692 127.6777
-7.57855 2.753651 128.5688
-7.539679 2.128697 126.4523
-7.278608 2.43903 128.5688
-7.564022 2.12544 128.5688
-7.908321 2.426551 126.4523
-7.473317 2.581004 125.3004
-7.278608 2.43903 124.3357
-7.434546 2.491642 124.6932
-7.278608 2.43903 130.6853
-7.588545 2.12409 130.6853
-7.907844 2.417674 130.6853
-7.744855 2.423206 130.1371
-7.73856 2.431569 129.5311
-7.610386 2.753562 130.6853
-7.559236 2.428754 129.73
-7.908114 2.422111 128.5688
-8.544354 2.421733 128.5688
-8.543937 2.415342 130.6853
-8.241624 2.353037 129.618
-8.150334000000001 2.560915 129.5131
-8.259541 2.752607 128.5688
-8.235082 2.753967 130.6853
-7.914868 2.43903 128.5688
-8.041392999999999 2.412915 129.955
-7.914868 2.43903 130.6853
-8.210553000000001 2.124641 130.6853
-8.243220000000001 2.124334 128.5688
-8.140594 2.437894 125.3576
-8.544639999999999 2.428132 126.4523
-8.388938 2.384318 124.6902
-8.275744 2.127411 126.4523
-8.272928 2.43443 127.5078
-8.283821 2.749352 126.4523
-8.544797000000001 2.434535 124.3357
-7.914868 2.43903 126.4523
-7.343029 1.238157 126.835
-7.831698 1.635225 127.1466
-7.872153 1.282012 127.1041
-7.598809 1.440526 127.3313
-7.584563 1.114179 127.155
-7.748039 1.154517 127.5679
-7.282032 1.475342 128.0188
-7.840503 1.624595 128.0391
-7.510562 1.73287 128.0386
-7.627079 1.414001 127.8041
-7.687484 1.12837 126.7109
-7.901547 1.495167 126.7006
-7.867443 1.273414 126.7016
-7.34846 1.231231 127.5298
-7.873319 1.284243 128.0158
-7.906977 1.460658 127.5758
-7.688616 1.729334 127.5993
-7.354292 1.633847 127.5928
-7.35544 1.222879 128.0468
-7.357437 1.637465 128.4741
-7.694034 1.727565 128.4885
-7.505381 1.731407 127.1585
-7.286457 1.498908 127.1804
-7.478848 1.135692 128.3742
-7.591059 1.11406 127.9821
-7.672246 1.734031 126.7106
-7.86576 1.270488 126.2976
-7.586111 1.452143 126.4903
-7.34338 1.620363 126.7304
-7.298159 1.319786 128.4586
-7.907845 1.450369 128.477
-7.744149 1.152364 128.4473
-7.278626 1.425662 126.2855
-7.49909 1.128559 126.2393
-7.829273 1.637993 126.2587
-7.48637 1.7252 126.2596
-7.907219 1.458155 125.8015
-7.599885 1.433049 128.6707
-7.846704 1.6165 128.9268
-7.338715 1.614103 125.7867
-7.509478 1.125487 125.7723
-7.324428 1.265429 125.7797
-7.741314 1.15084 125.7922
-7.278732 1.437869 125.2988
-7.500701 1.730003 125.3036
-7.600822 1.445013 125.0978
-7.576039 1.42391 125.5275
-7.693093 1.72788 129.3712
-7.908565 1.430609 129.3628
-7.594332 1.43353 129.1332
-7.59551 1.429816 129.5842
-7.838759 1.626777 125.3271
-7.676206 1.732982 125.7882
-7.518483 1.123135 125.3005
-7.869132 1.276425 125.3289
-7.343121 1.620024 129.3637
-7.336707 1.246754 129.3438
-7.488365 1.132145 128.8455
-7.855615 1.254231 128.9062
-7.688012 1.128536 129.3441
-7.279653 1.454665 128.9158
-7.506481 1.731726 128.9262
-7.771324 1.168987 124.8229
-7.72385 1.715813 124.8213
-7.907743 1.45182 124.9063
-7.854927 1.253203 130.6853
-7.908556 1.431866 130.2474
-7.846465 1.616823 130.6853
-7.591753 1.437337 130.463
-7.338848 1.614286 130.2493
-7.340753 1.241183 130.2489
-7.596352 1.430097 130.0293
-7.49709 1.129196 129.7989
-7.497353 1.728949 129.8133
-7.278608 1.428945 129.8063
-7.346727 1.624662 124.8171
-7.327823 1.25997 124.8183
-7.523182 1.122019 124.8188
-7.848186 1.243577 129.8015
-7.695441 1.130972 130.2454
-7.84861 1.6139 129.8103
-7.690702 1.728666 130.2493
-7.505457 1.12663 130.6853
-7.278608 1.42903 124.3357
-7.499613 1.729664 130.6853
-7.278608 1.42903 130.6853
-8.123894999999999 1.725655 130.6853
-7.914868 1.42903 130.6853
-8.476449000000001 1.624991 130.6853
-8.226578 1.430562 130.4575
-7.952442 1.279838 127.6414
-8.167498 1.120282 127.2176
-8.216067000000001 1.455309 127.3714
-7.914898 1.424709 127.1671
-8.215684 1.39869 128.1468
-8.544339000000001 1.411461 127.9774
-8.41011 1.687329 127.6828
-7.928041 1.338894 126.243
-8.002298 1.211238 126.7238
-7.940593 1.553705 126.6869
-8.229055000000001 1.443762 126.6611
-8.541181 1.381231 126.7015
-8.421697999999999 1.678842 126.6956
-8.520937999999999 1.549361 127.1529
-8.496976 1.26213 127.5433
-7.916358 1.459628 128.0638
-7.998254 1.642517 127.6215
-8.464028000000001 1.639678 128.301
-8.173864999999999 1.738995 127.1128
-8.475714 1.232147 127.0731
-8.324109999999999 1.128485 126.707
-8.203414 1.115161 127.6935
-8.544827 1.430099 124.3357
-8.487019999999999 1.247163 124.8338
-8.487655 1.609995 124.8428
-8.173781999999999 1.11908 126.2521
-8.470852000000001 1.226225 126.275
-8.154014999999999 1.734745 126.601
-8.243482 1.114345 128.4478
-8.058673000000001 1.164622 128.0598
-8.385626 1.155267 128.0153
-7.9544 1.276253 128.4799
-7.964802 1.599215 128.497
-8.208523 1.743287 128.5239
-8.129172000000001 1.727487 128.0996
-8.511266000000001 1.28755 128.3827
-8.308057 1.734146 126.22
-8.006812999999999 1.651444 126.218
-8.540480000000001 1.376867 125.9024
-8.156205 1.45373 124.6442
-8.255201 1.115072 125.2662
-8.254398 1.4264 125.1612
-8.542923999999999 1.394443 125.3809
-8.378619 1.151397 125.7951
-8.127967 1.130982 129.7723
-8.307335999999999 1.12373 129.3034
-8.484875000000001 1.244167 129.7372
-8.221037000000001 1.428181 129.5368
-7.920572 1.488701 125.7793
-8.045774 1.173434 125.7756
-7.9423 1.300467 125.3191
-8.148368 1.733289 125.7754
-8.526994999999999 1.533514 126.2745
-8.463748000000001 1.639989 125.8037
-8.278822999999999 1.11788 124.8079
-8.253223999999999 1.368531 128.6032
-8.413007 1.685283 128.8343
-8.543479 1.458161 128.723
-7.974249 1.613099 130.2347
-7.974396 1.244757 130.2344
-8.08812 1.710322 128.9139
-8.219609999999999 1.433266 129.063
-8.434535 1.189622 128.8381
-8.324761000000001 1.72937 130.2243
-7.91487 1.429913 128.9137
-8.095667000000001 1.14406 128.8842
-8.227556999999999 1.430829 129.9996
-7.914871 1.430409 129.7847
-7.970203 1.250713 129.3384
-8.109207 1.719991 124.8265
-7.916793 1.463793 124.904
-7.968258 1.60448 129.3448
-8.544732 1.436843 129.2223
-8.303421999999999 1.735297 129.3083
-7.994955 1.638882 125.3262
-8.330386000000001 1.727534 125.3139
-8.484753 1.61406 129.7392
-8.129082 1.727457 129.7735
-8.036441 1.180421 124.8125
-8.544821000000001 1.431254 130.2177
-8.327692000000001 1.129632 130.2248
-8.129099 1.130597 130.6853
-8.484655999999999 1.243866 130.6853
$EndNodes
$Elements
4 15067 1 60983
2 3 2 37
60884 1164 1272 1158 
60887 1292 1283 1273 
60899 1136 1298 1107 
60902 1159 1067 1292 
60909 1136 1135 1298 
60912 1163 1266 1130 
60913 1164 1141 1272 
60914 1167 1292 1273 
60917 1135 1278 1298 
60919 1157 1124 1281 
60920 1286 1273 1283 
60921 1067 1066 1292 
60922 1287 1286 1281 
60924 1167 1273 1142 
60925 1137 1287 1124 
60927 1278 1114 1266 
60929 1266 1286 1283 
60930 1167 1159 1292 
60933 1130 1266 1114 
60934 1266 1281 1286 
60936 1142 1273 1262 
60939 1266 1283 1278 
60941 1066 1298 1292 
60942 1272 1273 1286 
60944 1158 1272 1287 
60945 1287 1272 1286 
60946 1124 1287 1281 
60947 1163 1157 1281 
60949 1278 1283 1298 
60950 1142 1262 1141 
60959 1135 1114 1278 
60962 1262 1273 1272 
60963 1107 1298 1066 
60964 1163 1281 1266 
60971 1141 1262 1272 
60978 1158 1287 1137 
60981 1298 1283 1292 
2 4 2 14
60923 2030 2087 2017 
60928 2021 2079 2009 
60935 2029 2015 2087 
60937 2030 2029 2087 
60938 2022 2004 2082 
60951 2009 2079 2000 
60953 2017 2082 2004 
60955 2023 2079 2021 
60957 2023 2022 2082 
60966 2017 2087 2082 
60969 2023 2082 2079 
60976 2000 2079 2087 
60979 2015 2000 2087 
60983 2079 2082 2087 
3 6 4 732
1 1189 1156 1207 1208 
2 1154 1209 1210 1211 
3 1156 1207 1208 1209 
4 1155 1208 1101 1209 
5 1207 1211 1209 1212 
6 1209 1210 1213 1214 
7 1209 1213 1210 1215 
8 1105 1088 1216 1217 
9 1094 1218 1216 1219 
10 1094 1073 1216 1218 
11 1216 1218 1217 1220 
12 1118 1216 1221 1222 
13 1118 1216 1088 1221 
14 1090 1089 1086 1223 
15 1090 1224 1065 1225 
16 1223 1224 1225 1226 
17 1098 1224 1086 1226 
18 1132 1131 1227 1228 
19 1111 1217 1227 1229 
20 1131 1111 1227 1229 
21 1125 1227 1082 1230 
22 1132 1228 1227 1231 
23 1227 1230 1231 1232 
24 1233 1234 1235 1236 
25 1080 1071 1236 1237 
26 1100 1237 1214 1238 
27 1102 1101 1100 1214 
28 1102 1210 1101 1214 
29 1072 1236 1235 1237 
30 1210 1234 1214 1237 
31 1102 1072 1235 1237 
32 1210 1235 1234 1237 
33 1149 1239 1096 1240 
34 1150 1097 1239 1241 
35 1219 1239 1241 1242 
36 1239 1243 1240 1244 
37 1150 1239 1148 1245 
38 1149 1239 1240 1244 
39 1110 1229 1092 1246 
40 1229 1246 1247 1248 
41 1229 1247 1232 1248 
42 1092 1246 1229 1248 
43 1238 1246 1247 1249 
44 1076 1238 1246 1250 
45 1076 1238 1069 1246 
46 1074 1069 1238 1246 
47 1246 1247 1248 1250 
48 1116 1108 1249 1251 
49 1214 1251 1249 1252 
50 1079 1069 1070 1238 
51 1143 1117 1214 1251 
53 1143 1251 1214 1253 
54 1117 1093 1214 1251 
55 1182 1254 1198 1255 
56 1202 1254 1197 1256 
57 1050 1049 1198 1254 
58 1050 1181 1049 1254 
59 1243 1254 1256 1257 
60 1049 1048 1197 1254 
61 1048 1254 1180 1257 
62 1214 1238 1234 1249 
63 1110 1074 1217 1246 
64 1214 1237 1234 1238 
65 1076 1070 1238 1250 
66 1100 1238 1070 1250 
67 1100 1237 1238 1250 
68 1145 1258 1251 1259 
69 1213 1234 1220 1252 
70 1258 1253 1259 1243 
71 1108 1221 1252 1258 
72 1214 1251 1252 1253 
73 1214 1249 1234 1252 
74 1239 1241 1242 1260 
75 1148 1239 1244 1245 
76 1185 1151 1245 1261 
78 1184 1245 1255 1260 
80 1184 1245 1183 1255 
81 1185 1245 1260 1261 
82 1151 1150 1245 1261 
83 1078 1226 1219 1241 
84 1097 1219 1239 1241 
85 1151 1120 1150 1261 
86 1150 1120 1241 1261 
87 1099 1241 1261 1264 
88 1241 1260 1245 1261 
89 1215 1261 1241 1264 
95 1142 1141 1262 1271 
96 1228 1271 1232 1272 
97 1167 1248 1134 1271 
98 1167 1248 1271 1273 
106 1142 1271 1262 1273 
107 1223 1278 1279 1280 
108 1230 1281 1279 1282 
109 1163 1279 1266 1281 
110 1130 1266 1279 1278 
111 1130 1223 1279 1282 
112 1232 1279 1272 1283 
113 1124 1230 1104 1281 
115 1209 1210 1211 1215 
117 1104 1281 1230 1282 
119 1163 1281 1157 1282 
120 1122 1101 1102 1210 
121 1230 1272 1286 1287 
122 1177 1144 1253 1259 
123 1124 1231 1230 1287 
124 1228 1232 1231 1272 
125 1125 1230 1106 1231 
126 1158 1272 1231 1287 
128 1145 1128 1258 1259 
129 1118 1222 1095 1258 
130 1243 1258 1257 1259 
131 1240 1257 1243 1258 
132 1213 1252 1243 1253 
133 1095 1222 1221 1258 
134 1215 1241 1242 1264 
135 1120 1099 1241 1261 
136 1185 1211 1152 1261 
137 1211 1261 1215 1264 
138 1051 1199 1183 1255 
139 1121 1103 1068 1235 
140 1244 1254 1255 1260 
141 1243 1254 1244 1260 
142 1198 1199 1255 1260 
144 1183 1148 1244 1245 
145 1244 1255 1245 1260 
146 1184 1255 1199 1260 
148 1262 1271 1272 1273 
150 1141 1271 1228 1272 
152 1156 1155 1122 1209 
154 1129 1085 1109 1282 
160 1230 1231 1272 1287 
163 1266 1279 1278 1283 
173 1195 1202 1196 1296 
192 1133 1067 1070 1250 
204 1098 1086 1078 1226 
205 1176 1208 1195 1296 
206 1177 1208 1176 1296 
207 1177 1259 1253 1296 
208 1202 1207 1256 1296 
209 1045 1044 1195 1296 
210 1045 1177 1044 1296 
211 1202 1256 1196 1296 
212 1046 1196 1259 1296 
213 1046 1178 1045 1296 
217 1230 1231 1232 1272 
218 1232 1271 1248 1273 
219 1131 1115 1229 1271 
220 1227 1228 1229 1232 
221 1164 1228 1158 1272 
222 1232 1272 1271 1273 
223 1091 1225 1236 1300 
225 1266 1281 1279 1286 
226 1266 1279 1283 1286 
228 1130 1114 1266 1278 
230 1163 1130 1279 1282 
231 7 1189 1188 1194 
232 1228 1229 1232 1271 
233 1141 1131 1228 1271 
235 1134 1092 1115 1248 
236 1115 1092 1229 1248 
237 1217 1227 1247 1301 
238 1131 1227 1228 1229 
239 1217 1229 1246 1247 
249 1143 1214 1208 1253 
251 1236 1068 1235 1233 
252 1065 1235 1233 1264 
253 1121 1103 1235 1264 
254 1103 1210 1102 1235 
255 1065 1225 1233 1068 
256 1234 1235 1236 1237 
257 1121 1235 1065 1264 
259 1071 1236 1237 1250 
260 1101 1079 1100 1214 
261 1225 1234 1233 1236 
262 1220 1234 1221 1252 
269 1112 1089 1223 1278 
270 1090 1223 1224 1225 
272 1223 1225 1280 1303 
273 1130 1223 1089 1278 
274 1103 1210 1235 1264 
275 1210 1213 1234 1235 
276 1122 1209 1101 1210 
277 1102 1210 1214 1237 
287 1210 1211 1215 1264 
288 1211 1260 1215 1261 
289 1207 1209 1211 1215 
290 1213 1233 1234 1235 
291 1152 1261 1211 1264 
292 1187 1211 1201 1212 
293 1154 1209 1211 1212 
294 1049 1180 1048 1254 
295 1216 1220 1217 1221 
296 1087 1217 1074 1249 
297 1083 1221 1217 1249 
306 1238 1247 1246 1250 
307 1232 1248 1280 1283 
308 1248 1250 1280 1292 
309 1133 1067 1248 1292 
310 1067 1250 1248 1292 
311 1133 1076 1248 1250 
313 1093 1074 1238 1249 
315 1088 1217 1083 1221 
317 1234 1247 1238 1250 
318 1249 1116 1251 1093 
319 1093 1238 1214 1249 
320 1093 1079 1214 1238 
321 1218 1225 1220 1226 
322 1216 1220 1221 1222 
323 1081 1216 1073 1301 
325 1216 1219 1220 1222 
326 1085 1073 1218 1301 
327 1223 1280 1279 1303 
328 1109 1085 1218 1282 
329 1086 1218 1226 1223 
330 1253 1259 1256 1296 
331 1207 1208 1209 1253 
332 1189 1207 1156 1212 
333 1156 1209 1122 1210 
334 1195 1207 1202 1296 
335 1201 1211 1207 1212 
336 1194 1201 1207 1212 
337 1177 1143 1208 1253 
355 1147 1146 1257 1258 
356 1240 1243 1252 1258 
357 1213 1220 1242 1252 
358 1128 1257 1258 1259 
359 1243 1257 1256 1259 
360 1161 1256 1197 1257 
361 1219 1222 1240 1242 
363 1118 1096 1222 1240 
364 1181 1244 1147 1257 
365 1118 1240 1222 1258 
366 1240 1244 1243 1257 
367 1239 1242 1240 1243 
371 1182 1244 1181 1254 
372 1239 1244 1245 1260 
373 1147 1244 1240 1257 
374 1239 1243 1244 1260 
375 1049 1197 1198 1254 
376 1183 1245 1244 1255 
377 1222 1240 1242 1252 
378 1213 1243 1215 1253 
379 1243 1244 1254 1257 
380 1096 1239 1219 1240 
381 1239 1245 1241 1260 
382 1207 1243 1215 1260 
383 1213 1233 1220 1234 
384 1220 1226 1233 1264 
385 1220 1222 1242 1252 
386 1105 1217 1216 1301 
387 1094 1219 1216 1222 
388 1230 1301 1282 1303 
389 1105 1082 1227 1301 
390 1218 1282 1301 1303 
392 1218 1220 1225 1247 
393 1218 1301 1247 1303 
394 1216 1217 1218 1301 
395 1217 1220 1218 1247 
396 1094 1084 1218 1219 
397 1227 1230 1232 1303 
398 1161 1146 1128 1257 
399 1163 1279 1281 1282 
401 1232 1280 1279 1283 
402 1157 1281 1104 1282 
403 1124 1230 1281 1287 
404 1137 1231 1124 1287 
405 1082 1075 1230 1301 
406 1085 1282 1075 1301 
407 1213 1233 1235 1264 
408 1080 1236 1072 1237 
409 1218 1225 1223 1303 
411 1098 1224 1226 1264 
413 1213 1242 1220 1264 
414 1207 1209 1215 1253 
415 1253 1252 1258 1251 
416 1217 1221 1220 1234 
417 1213 1220 1233 1264 
418 1145 1251 1144 1259 
419 1155 1143 1101 1208 
420 1210 1215 1213 1264 
421 1207 1215 1211 1260 
422 1213 1242 1215 1243 
423 1243 1256 1253 1259 
424 1149 1240 1147 1244 
425 1219 1240 1239 1242 
426 1108 1095 1221 1258 
427 1216 1219 1218 1220 
428 1220 1226 1225 1233 
429 1219 1226 1220 1242 
431 1118 1221 1095 1222 
432 1101 1210 1209 1214 
433 1047 1197 1161 1256 
434 1161 1257 1128 1259 
435 1161 1256 1257 1259 
436 1047 1196 1197 1256 
437 1239 1242 1243 1260 
438 1243 1256 1254 1260 
439 1196 1256 1259 1296 
440 1198 1254 1202 1260 
441 1219 1220 1222 1242 
442 1147 1240 1118 1258 
443 1108 1252 1251 1258 
444 1251 1253 1259 1258 
445 1251 1093 1214 1249 
446 1087 1083 1217 1249 
447 1207 1253 1243 1256 
451 1167 1133 1248 1292 
452 1167 1159 1133 1292 
454 1066 1250 1292 1298 
456 1167 1271 1142 1273 
457 1092 1076 1246 1248 
458 1158 1228 1231 1272 
459 1164 1141 1228 1272 
460 1229 1248 1232 1271 
461 1141 1262 1271 1272 
462 1280 1283 1292 1298 
464 1131 1229 1228 1271 
465 1230 1272 1279 1286 
466 1098 1226 1078 1241 
467 1185 1260 1211 1261 
468 1209 1213 1215 1253 
469 1145 1108 1251 1258 
470 1195 1208 1207 1296 
471 1144 1251 1253 1259 
472 1150 1241 1245 1261 
473 1099 1098 1241 1264 
474 1185 1245 1184 1260 
475 1215 1260 1241 1261 
476 1213 1215 1242 1264 
477 1201 1207 1211 1260 
478 1202 1256 1207 1260 
480 1221 1234 1249 1252 
481 1225 1234 1236 1247 
482 1066 1236 1250 1298 
483 1074 1217 1246 1249 
484 1105 1216 1081 1301 
485 1225 1247 1236 1280 
486 1100 1071 1237 1250 
487 1234 1237 1236 1250 
488 1220 1221 1222 1252 
489 1051 1198 1199 1255 
490 1118 1094 1216 1222 
491 1097 1078 1219 1241 
492 1084 1219 1078 1226 
493 1056 1194 1188 1212 
494 1219 1241 1226 1242 
495 1119 1219 1096 1239 
496 1224 1233 1226 1264 
497 1098 1226 1241 1264 
498 1043 1195 1189 1194 
499 1044 1177 1176 1296 
501 1088 1216 1217 1221 
502 1223 1279 1282 1303 
503 1220 1234 1225 1247 
504 1073 1216 1218 1301 
505 1119 1097 1219 1239 
506 1153 1210 1103 1264 
507 1156 1208 1155 1209 
508 1272 1283 1279 1286 
510 1072 1068 1235 1236 
511 1103 1072 1068 1235 
512 1154 1123 1103 1210 
514 1233 1068 1235 1065 
515 1136 1091 1107 1298 
520 1220 1233 1225 1234 
521 1148 1097 1119 1239 
523 1065 1225 1224 1233 
524 1152 1121 1099 1264 
525 1150 1241 1239 1245 
527 1131 1115 1110 1229 
528 1215 1242 1241 1260 
534 1158 1231 1137 1287 
537 1232 1273 1248 1283 
543 1114 1089 1112 1278 
545 1075 1282 1230 1301 
547 1278 1298 1280 1300 
548 1135 1278 1112 1300 
552 1068 1225 1233 1236 
553 1121 1068 1065 1235 
554 1090 1223 1086 1224 
555 1225 1247 1280 1303 
556 1225 1280 1236 1300 
557 1091 1225 1068 1236 
558 1098 1065 1090 1224 
559 1102 1080 1072 1237 
560 1071 1066 1236 1250 
561 1082 1230 1227 1301 
567 1232 1279 1280 1303 
569 1134 1248 1115 1271 
576 1130 1279 1223 1278 
577 1112 1223 1090 1300 
578 1223 1109 1086 1218 
579 1048 1161 1197 1257 
581 1213 1214 1252 1253 
582 1202 1197 1196 1256 
583 1178 1259 1177 1296 
584 1208 1214 1209 1253 
585 1046 1179 1178 1259 
586 1101 1209 1208 1214 
590 1227 1231 1228 1232 
594 1278 1283 1280 1298 
596 1248 1283 1273 1292 
599 1105 1088 1081 1216 
600 1094 1084 1073 1218 
601 1202 1194 1201 1207 
602 1187 1186 1201 1211 
603 1186 1153 1152 1211 
604 1185 1200 1211 1260 
605 1213 1214 1234 1252 
606 1100 1214 1079 1238 
607 1156 1122 1123 1210 
608 1189 1188 1194 1212 
609 1111 1110 1217 1229 
610 1232 1272 1273 1283 
611 1230 1272 1232 1279 
612 1218 1220 1219 1226 
613 1151 1099 1120 1261 
615 1091 1236 1298 1300 
616 1135 1112 1113 1300 
617 1153 1103 1121 1264 
619 1125 1105 1082 1227 
620 1105 1227 1217 1301 
621 1104 1230 1075 1282 
622 1180 1147 1146 1257 
625 1047 1179 1046 1196 
626 1179 1161 1128 1259 
627 1177 1253 1208 1296 
628 1047 1161 1179 1256 
629 1179 1256 1161 1259 
630 1183 1148 1182 1244 
631 1187 1153 1186 1211 
637 1189 1195 1176 1208 
638 1230 1286 1281 1287 
642 1230 1279 1232 1303 
656 1207 1256 1243 1260 
657 1055 1187 1186 1201 
658 1046 1259 1178 1296 
659 1156 1209 1154 1212 
660 1181 1254 1244 1257 
661 1180 1146 1161 1257 
662 1056 1201 1194 1212 
663 1044 1176 1195 1296 
664 1179 1196 1256 1259 
665 1176 1143 1155 1208 
666 1207 1253 1256 1296 
668 1183 1244 1182 1255 
669 1184 1183 1199 1255 
670 1195 1194 1202 1207 
671 1209 1214 1213 1253 
672 1054 1186 1200 1201 
673 1202 1201 1200 1260 
674 1189 1156 1188 1212 
675 1054 1186 1185 1200 
676 1054 1185 1053 1200 
677 1202 1207 1201 1260 
678 1056 1187 1201 1212 
679 7 1188 1056 1194 
680 1184 1199 1200 1260 
682 1189 1176 1155 1208 
683 1202 1254 1256 1260 
684 1181 1180 1254 1257 
685 1185 1184 1200 1260 
686 1052 1183 1051 1199 
687 1198 1202 1199 1260 
688 1053 1184 1199 1200 
689 1198 1197 1202 1254 
690 1199 1202 1200 1260 
691 1048 1180 1161 1257 
692 1049 1181 1180 1254 
693 1050 1198 1182 1254 
694 1052 1184 1183 1199 
695 1051 1183 1182 1255 
696 1043 1176 1189 1195 
699 1153 1121 1152 1264 
701 1189 1207 1195 1208 
702 1119 1097 1078 1219 
703 1223 1280 1225 1300 
704 1220 1242 1226 1264 
705 1156 1207 1209 1212 
706 1158 1132 1125 1231 
707 1115 1092 1110 1229 
711 1091 1071 1066 1236 
713 1227 1232 1229 1247 
714 1150 1120 1097 1241 
716 1125 1227 1230 1231 
717 1071 1067 1066 1250 
720 1092 1076 1069 1246 
721 1227 1301 1230 1303 
722 1111 1110 1087 1217 
723 1130 1129 1109 1282 
725 1091 1080 1071 1236 
726 1084 1218 1226 1086 
727 1076 1070 1069 1238 
728 1094 1073 1081 1216 
729 1094 1081 1088 1216 
731 1104 1075 1085 1282 
732 1132 1105 1125 1227 
733 1247 1248 1250 1280 
734 1250 1280 1292 1298 
735 1125 1082 1106 1230 
736 1232 1248 1247 1280 
737 1117 1093 1079 1214 
738 1090 1223 1225 1300 
739 1120 1099 1098 1241 
740 1112 1089 1090 1223 
741 1218 1109 1086 1084 
742 1116 1077 1093 1249 
743 1111 1088 1105 1217 
744 1121 1065 1098 1264 
745 1129 1104 1085 1282 
746 1111 1087 1088 1217 
747 1106 1075 1104 1230 
748 1124 1106 1104 1230 
749 1111 1217 1105 1227 
750 1093 1074 1069 1238 
751 1158 1125 1137 1231 
752 1091 1068 1072 1236 
753 1217 1247 1218 1301 
754 1232 1280 1247 1303 
755 1164 1131 1132 1228 
756 1093 1077 1074 1249 
757 1093 1116 1251 1117 
758 1100 1079 1070 1238 
759 1236 1247 1250 1280 
760 1098 1065 1224 1264 
761 1110 1092 1074 1246 
762 1217 1247 1246 1249 
763 1152 1099 1261 1264 
764 1117 1079 1101 1214 
765 1119 1078 1084 1219 
766 1234 1238 1247 1249 
767 1217 1234 1247 1249 
768 1144 1116 1117 1251 
770 1120 1078 1097 1241 
771 1074 1246 1238 1249 
772 1240 1243 1242 1252 
773 1189 1194 1195 1207 
774 1084 1218 1219 1226 
775 1149 1119 1096 1239 
777 1100 1071 1080 1237 
778 1102 1235 1210 1237 
779 1098 1090 1086 1224 
780 1210 1213 1235 1264 
781 1085 1075 1073 1301 
782 1234 1238 1237 1250 
783 1227 1232 1247 1303 
784 1102 1214 1100 1237 
785 1133 1070 1076 1250 
786 1210 1213 1214 1234 
787 1065 1233 1224 1264 
788 1217 1221 1234 1249 
789 1108 1095 1083 1221 
790 1087 1077 1083 1249 
791 1234 1236 1247 1250 
792 1085 1073 1084 1218 
795 1086 1084 1078 1226 
796 1091 1090 1068 1225 
798 1142 1134 1115 1271 
799 1131 1110 1111 1229 
800 1146 1128 1257 1258 
801 1082 1081 1073 1301 
802 1132 1111 1105 1227 
803 1136 1091 1298 1300 
806 1113 1090 1091 1300 
807 1227 1247 1301 1303 
808 1067 1066 1250 1292 
809 1136 1113 1091 1300 
810 1189 1194 1207 1212 
812 1272 1273 1283 1286 
813 1116 1108 1077 1249 
814 1145 1108 1116 1251 
815 1095 1088 1083 1221 
816 1110 1074 1087 1217 
817 1045 1195 1196 1296 
818 1146 1118 1095 1258 
821 1157 1124 1104 1281 
823 1147 1096 1118 1240 
824 1108 1083 1077 1249 
825 1146 1095 1128 1258 
826 1135 1298 1278 1300 
827 1118 1088 1095 1221 
828 1198 1255 1254 1260 
829 1108 1221 1249 1252 
830 1102 1100 1080 1237 
831 1110 1217 1229 1246 
832 1091 1090 1225 1300 
834 1224 1225 1226 1233 
835 1154 1210 1153 1211 
836 1158 1228 1132 1231 
837 1153 1211 1210 1264 
839 1123 1102 1103 1210 
840 1217 1227 1229 1247 
841 1119 1094 1096 1219 
842 1167 1248 1273 1292 
843 1105 1081 1082 1301 
844 1236 1280 1250 1298 
845 1145 1128 1108 1258 
846 1187 1154 1211 1212 
847 1119 1084 1094 1219 
848 1109 1086 1089 1223 
849 1120 1098 1078 1241 
853 1167 1134 1142 1271 
854 1142 1115 1141 1271 
855 1071 1070 1067 1250 
856 1135 1114 1112 1278 
858 1113 1112 1090 1300 
861 1279 1280 1278 1283 
865 1137 1106 1124 1231 
867 1144 1117 1143 1251 
868 1046 1045 1196 1296 
869 1177 1144 1143 1253 
870 1149 1148 1239 1244 
871 1096 1219 1094 1222 
872 1182 1148 1149 1244 
873 1118 1096 1094 1222 
874 1182 1149 1181 1244 
875 1150 1097 1148 1239 
876 1145 1116 1144 1251 
877 1223 1278 1280 1300 
878 1183 1150 1148 1245 
879 1051 1182 1198 1255 
880 1184 1150 1183 1245 
881 1050 1182 1181 1254 
882 1149 1148 1119 1239 
883 1230 1282 1279 1303 
885 1144 1251 1143 1253 
886 1186 1152 1185 1211 
887 1091 1072 1080 1236 
888 1163 1130 1266 1279 
889 1153 1152 1211 1264 
890 1186 1185 1200 1211 
891 1154 1103 1153 1210 
892 1143 1101 1208 1214 
893 1121 1098 1099 1264 
894 1149 1096 1147 1240 
895 1076 1246 1248 1250 
897 1188 1156 1154 1212 
898 1213 1242 1243 1252 
899 1156 1123 1154 1210 
900 1185 1152 1151 1261 
901 1189 1155 1156 1208 
902 1087 1074 1077 1249 
903 1132 1131 1111 1227 
904 1163 1129 1130 1282 
905 1109 1218 1223 1282 
907 1092 1069 1074 1246 
911 1164 1132 1158 1228 
912 1106 1082 1075 1230 
913 1164 1141 1131 1228 
914 1108 1249 1251 1252 
916 1100 1070 1071 1250 
917 1090 1065 1068 1225 
920 1048 1197 1254 1257 
921 1108 1221 1083 1249 
923 1093 1069 1079 1238 
924 1088 1087 1083 1217 
925 1141 1115 1131 1271 
926 1130 1109 1089 1223 
927 1230 1279 1281 1286 
928 1221 1222 1252 1258 
929 1133 1248 1067 1250 
931 1218 1223 1282 1303 
932 1112 1278 1223 1300 
938 1107 1091 1066 1298 
940 1085 1218 1282 1301 
943 1130 1089 1114 1278 
944 1157 1104 1129 1282 
945 1109 1085 1084 1218 
948 1130 1109 1223 1282 
957 1207 1208 1253 1296 
958 1147 1257 1240 1258 
959 1155 1101 1122 1209 
960 1243 1252 1258 1253 
961 1134 1133 1076 1248 
962 1218 1247 1225 1303 
963 1184 1151 1150 1245 
964 1248 1280 1283 1292 
965 1188 1154 1187 1212 
966 1123 1122 1102 1210 
969 1215 1243 1242 1260 
970 1132 1227 1125 1231 
971 1159 1067 1133 1292 
981 1091 1236 1066 1298 
982 1136 1298 1135 1300 
984 1136 1135 1113 1300 
985 1226 1242 1241 1264 
994 1167 1133 1134 1248 
1004 1115 1248 1229 1271 
1005 1048 1161 1047 1197 
1006 1137 1125 1106 1231 
1007 1045 1178 1177 1296 
1008 1218 1223 1225 1226 
1009 1143 1117 1101 1214 
1010 1179 1145 1178 1259 
1012 1046 1196 1179 1259 
1013 1082 1073 1075 1301 
1014 1181 1147 1180 1257 
1015 1197 1256 1254 1257 
1016 1056 1187 1055 1201 
1017 1185 1151 1184 1245 
1018 1055 1186 1054 1201 
1019 1118 1094 1088 1216 
1020 1056 1188 1187 1212 
1021 1043 1189 7 1194 
1022 1103 1102 1072 1235 
1029 1163 1157 1129 1282 
1044 1236 1280 1298 1300 
1045 1124 1106 1230 1231 
1048 1128 1095 1108 1258 
1050 1043 1044 1176 1195 
1051 1096 1219 1222 1240 
1052 1207 1215 1243 1253 
1053 1051 1182 1050 1198 
1054 1047 1179 1196 1256 
1055 1147 1118 1146 1258 
1056 1156 1154 1209 1210 
1057 1181 1149 1147 1244 
1058 1222 1240 1252 1258 
1059 1152 1099 1151 1261 
1060 1086 1224 1223 1226 
1061 1053 1185 1184 1200 
1062 1200 1201 1211 1260 
1063 1053 1184 1052 1199 
1064 1217 1234 1220 1247 
1065 1178 1145 1144 1259 
1066 1186 1200 1201 1211 
1067 1187 1154 1153 1211 
1068 1179 1128 1145 1259 
1069 1182 1244 1254 1255 
1070 1178 1144 1177 1259 
1071 1134 1076 1092 1248 
1072 1177 1143 1176 1208 
3 7 4 14284
3572 2047 2043 2087 2088 
3573 2048 2047 2087 2088 
3574 2079 2087 2088 2089 
3576 1986 2053 2090 2091 
3577 2091 39 1986 2053 
3578 1971 1985 1986 2092 
3579 1986 1993 1992 2090 
3580 1970 1971 1986 2092 
3581 1970 1986 1992 2090 
3582 2090 2093 2092 2094 
3583 2090 2092 2093 2095 
3584 2090 2092 1986 2094 
3585 1993 2053 2090 1986 
3590 2048 2087 2017 2089 
3591 2043 2026 2087 2088 
3593 2079 2088 2099 2100 
3595 2026 2079 2088 2099 
3596 1979 2092 1970 2101 
3597 2061 2092 2095 2101 
3598 2074 2102 2101 2103 
3616 2039 2038 2089 2107 
3617 2017 2082 2004 2089 
3618 2017 2087 2082 2089 
3619 2079 2089 2088 2100 
3620 2038 2031 2089 2107 
3621 2022 2004 2082 2089 
3622 2048 2088 2089 2107 
3623 2009 2079 2099 2100 
3624 2060 2043 2088 2099 
3625 2060 2099 2088 2103 
3626 2036 2099 2095 2100 
3627 2043 2026 2088 2099 
3628 2061 2052 2057 2099 
3629 2052 2095 2035 2099 
3630 2023 2079 2021 2100 
3631 2048 2089 2031 2107 
3632 2023 2089 2079 2100 
3633 2036 2009 2099 2100 
3635 2048 2088 2087 2089 
3637 2079 2082 2087 2089 
3638 2026 2079 2000 2087 
3639 2073 2108 2109 2110 
3640 2092 2093 2095 2101 
3641 1980 2101 1978 2109 
3642 2101 2103 2102 2109 
3643 2023 2022 2082 2089 
3644 2073 2109 2103 2110 
3645 1975 1976 2074 2102 
3646 37 1975 2073 2102 
3647 37 2102 2073 2109 
3648 1974 37 1995 2108 
3649 1974 2109 37 2108 
3650 1994 1995 2051 2108 
3651 1994 2108 2051 2111 
3652 2073 2102 2103 2109 
3653 2059 2051 2108 2110 
3655 2073 2059 2108 2110 
3656 1973 1983 2112 2113 
3658 1980 1972 1971 2112 
3659 2093 2109 2112 2113 
3660 2093 2109 2101 2112 
3661 1973 2112 2109 2113 
3662 1978 2101 2102 2109 
3663 1988 2094 2112 2113 
3664 1970 1986 2090 2092 
3665 2092 2093 2101 2112 
3666 1979 1980 2092 2101 
3681 1987 2094 2113 2114 
3682 2059 2107 2051 2110 
3683 37 2073 2066 2108 
3684 35 1970 2061 2101 
3685 2067 2060 2088 2103 
3686 2061 2099 2057 2103 
3687 2060 2057 2099 2103 
3691 2026 2079 2087 2088 
3694 1976 2101 2074 2102 
3695 2056 2051 2110 2111 
3696 2059 2103 2107 2110 
3698 1994 2111 2056 2114 
3699 2094 2110 2114 2115 
3700 37 2109 2073 2108 
3701 1979 1971 1970 2092 
3702 1973 2109 2111 2113 
3703 1974 1973 2109 2111 
3704 1972 1985 1971 2112 
3705 1977 2109 1973 2112 
3706 1970 2092 2061 2101 
3707 1971 1985 2092 2112 
3708 1987 2091 2094 2114 
3709 2051 2108 2110 2111 
3710 1974 1981 1982 2111 
3711 1981 1987 1982 2114 
3712 2056 2107 2039 2110 
3714 2056 2051 2038 2107 
3715 2093 2094 2095 2110 
3716 1974 1994 1981 2111 
3717 1974 1982 1973 2111 
3723 1988 1987 2094 2113 
3727 1985 1988 2094 2112 
3728 2092 1986 2094 1985 
3733 2053 2090 2091 2115 
3734 2093 2103 2109 2110 
3735 2056 2055 2114 2115 
3736 2093 2103 2101 2109 
3742 1988 2112 1983 2113 
3746 2043 2015 2029 2087 
3747 2073 2067 2059 2103 
3753 1985 2094 2092 2112 
3754 36 1983 1984 2112 
3756 2060 2043 2047 2088 
3759 2061 2090 2052 2095 
3764 2061 2101 2095 2103 
3766 2092 2094 2093 2112 
3767 2093 2112 2094 2113 
3768 1980 2109 1977 2112 
3772 2053 2036 2035 2095 
3773 2037 2100 2036 2115 
3775 2054 2053 2091 2115 
3779 2031 2004 2022 2089 
3780 1989 40 39 2091 
3784 2039 2107 2100 2110 
3786 1980 1978 1977 2109 
3790 1986 1989 39 2091 
3793 2039 2100 2037 2115 
3795 2037 2021 2036 2100 
3796 2093 2094 2110 2113 
3797 2036 2021 2009 2100 
3802 2036 2009 2035 2099 
3803 1979 1970 35 2101 
3806 2039 2023 2037 2100 
3807 2031 2017 2004 2089 
3818 2059 2048 2031 2107 
3819 2057 2035 2026 2099 
3822 2039 2089 2023 2100 
3824 39 40 2054 2091 
3825 40 2055 2091 2114 
3828 1987 2091 1989 2094 
3832 2047 2029 2030 2087 
3833 2048 2047 2030 2087 
3834 1986 1989 2091 2094 
3837 2039 2022 2023 2089 
3842 1972 1984 1985 2112 
3849 2026 2009 2079 2099 
3850 1978 2101 1976 2102 
3851 2099 2100 2107 2110 
3852 2039 2038 2022 2089 
3854 2037 2023 2021 2100 
3856 2026 2009 2000 2079 
3862 2054 2036 2053 2115 
3863 2061 2095 2099 2103 
3864 2053 2036 2095 2115 
3865 2053 2035 2052 2095 
3867 2090 2093 2094 2095 
3870 2047 2043 2029 2087 
3871 2048 2030 2017 2087 
3872 2093 2095 2101 2103 
3877 1973 1982 1983 2113 
3879 2036 2100 2095 2115 
3883 2088 2099 2100 2107 
3884 2048 2017 2031 2089 
3886 2057 2052 2035 2099 
3887 1973 2111 1982 2113 
3897 2067 2103 2088 2107 
3901 2068 2101 2061 2103 
3903 2053 2095 2090 2115 
3907 1982 1987 2113 2114 
3908 1981 1994 38 2114 
3909 1994 2051 2056 2111 
3910 2053 2052 2090 2095 
3911 1984 1988 1985 2112 
3913 1985 1988 1989 2094 
3915 2055 2037 2054 2115 
3916 1982 2113 2111 2114 
3918 2043 2026 2015 2087 
3919 1987 40 2091 2114 
3920 2061 2092 2090 2095 
3921 38 2056 2055 2114 
3922 1981 2111 1994 2114 
3923 2067 2047 2048 2088 
3924 2067 2060 2047 2088 
3927 2056 2038 2039 2107 
3932 2109 2110 2111 2113 
3934 2061 2095 2052 2099 
3935 40 2055 2054 2091 
3936 2056 2051 2107 2110 
3937 1970 1992 2061 2090 
3939 2023 2082 2079 2089 
3940 1993 2053 2052 2090 
3941 2051 2031 2038 2107 
3943 2095 2099 2103 2110 
3945 38 2055 40 2114 
3952 2055 2091 2114 2115 
3955 2099 2107 2103 2110 
3957 2026 2000 2015 2087 
3966 2056 2111 2110 2114 
3967 2056 2114 2110 2115 
3969 2094 2110 2113 2114 
3970 36 1973 1983 2112 
3972 1977 1974 1973 2109 
3973 1974 1995 1994 2108 
3974 1970 2090 2061 2092 
3975 2067 2088 2048 2107 
3978 1972 36 1984 2112 
3979 2109 2110 2108 2111 
3981 2055 2054 2091 2115 
3982 2055 2039 2037 2115 
3983 35 2061 2068 2101 
3984 1980 2092 2101 2112 
3985 2094 2095 2110 2115 
3986 2068 2061 2057 2103 
3987 2074 2068 2060 2103 
3988 2090 2094 2091 2115 
3989 2054 2037 2036 2115 
3991 1987 38 40 2114 
3992 1980 1977 36 2112 
3993 2110 2111 2113 2114 
3996 1981 1982 2111 2114 
3998 1980 2101 2109 2112 
3999 2074 2101 2068 2103 
4001 1974 2108 1994 2111 
4002 2059 2031 2051 2107 
4003 2073 2103 2059 2110 
4004 1976 2068 2074 2101 
4005 2021 2079 2009 2100 
4008 2066 2051 1995 2108 
4009 2061 1992 2052 2090 
4010 2060 2057 2043 2099 
4011 1977 1973 36 2112 
4015 2074 2060 2067 2103 
4016 2068 2057 2060 2103 
4017 1978 1974 1977 2109 
4020 2066 2059 2051 2108 
4021 2090 2095 2094 2115 
4022 1988 1982 1987 2113 
4023 2073 2059 2066 2108 
4024 1975 2074 2073 2102 
4033 1981 38 1987 2114 
4035 2074 2067 2073 2103 
4036 2039 2110 2100 2115 
4038 2088 2100 2089 2107 
4039 2039 2089 2100 2107 
4042 2038 2031 2022 2089 
4043 2056 2110 2039 2115 
4046 2095 2100 2099 2110 
4049 2057 2026 2043 2099 
4050 2067 2059 2103 2107 
4051 2053 39 1986 1993 
4052 1988 1987 1989 2094 
4053 1974 2109 2108 2111 
4054 2035 2009 2026 2099 
4055 38 1994 2056 2114 
4056 2095 2100 2110 2115 
4057 1993 2052 1992 2090 
4058 2088 2103 2099 2107 
4059 1987 40 1989 2091 
4060 1979 35 1976 2101 
4061 35 2061 1970 1992 
4062 1978 1975 37 2102 
4063 1978 2102 37 2109 
4064 1985 1989 1986 2094 
4065 1988 1983 1982 2113 
4066 37 2066 1995 2108 
4067 2074 2073 2102 2103 
4068 1978 37 1974 2109 
4069 35 2068 1976 2101 
4070 2036 2035 2095 2099 
4071 1986 2091 2090 2094 
4072 2093 2095 2103 2110 
4073 1984 1983 1988 2112 
4074 39 2054 2053 2091 
4075 2056 2039 2055 2115 
4077 2093 2110 2109 2113 
4078 1980 1971 2092 2112 
4079 1979 1980 1971 2092 
4080 1978 1976 1975 2102 
4081 1980 36 1972 2112 
4082 1979 1976 1978 2101 
4083 1979 1978 1980 2101 
4084 2091 2094 2114 2115 
4085 2067 2048 2059 2107 
5978 2682 2746 2676 2747 
5979 2679 2747 2746 2748 
5980 2690 2746 2749 2750 
5981 1988 2745 1983 2744 
5982 2679 2746 2747 2750 
5983 2691 2677 2678 2746 
5984 2709 2749 2708 2750 
5985 2697 2678 2746 2748 
5986 2680 2679 2747 2750 
5987 2692 2746 2679 2750 
5988 2717 2712 2751 2752 
5989 2719 2752 2751 2753 
5990 2712 2751 2752 2753 
5991 2751 2708 2707 2719 
5992 2705 2751 2749 2752 
5993 2749 2708 2707 2751 
5994 2706 2752 2749 2754 
5995 2749 2752 2751 2754 
5996 2709 2708 2749 2751 
5997 2694 2747 2688 2750 
5998 1985 2741 1986 2755 
5999 1986 2755 2741 2756 
6000 1989 2755 2756 2757 
6001 2741 2756 2755 2757 
6002 1984 2744 2743 2755 
6003 1984 2743 1985 2755 
6004 1988 2744 2755 2757 
6005 1987 2757 2756 2758 
6006 38 40 2702 2758 
6007 38 2722 2737 2758 
6008 2753 2668 2729 2724 
6009 2756 2758 2757 2759 
6010 2734 2759 2760 2761 
6011 2723 2756 2759 2760 
6012 2740 2738 2757 2759 
6013 2723 2759 2700 2760 
6014 2700 2760 2759 2761 
6015 2756 2758 2759 2760 
6016 2738 2736 2757 2759 
6017 1986 1989 2755 2756 
6018 2736 2756 2757 2759 
6019 2737 2757 2758 2759 
6020 40 2703 83 2702 
6021 39 2703 40 2756 
6022 1981 1982 1987 2742 
6023 1987 1989 2756 2757 
6024 1987 2756 40 2758 
6025 2697 2677 2687 2746 
6026 2697 2748 2684 2761 
6027 2688 2681 2675 2747 
6028 2684 2682 2675 2747 
6029 2690 2676 2682 2746 
6030 2684 2682 2747 2748 
6031 2684 2748 2674 2761 
6032 2692 2691 2678 2746 
6033 1981 1987 38 2737 
6034 2694 2680 2681 2747 
6035 2697 2682 2684 2748 
6036 2694 2680 2747 2750 
6037 2697 2687 2682 2746 
6038 2686 2683 2748 2761 
6039 2728 2697 2721 2761 
6040 2688 2747 2675 2750 
6041 2692 2678 2679 2746 
6042 2709 2694 2749 2750 
6043 2690 2682 2687 2746 
6044 2699 2674 2683 2761 
6045 2707 2695 2691 2749 
6046 2693 2692 2679 2750 
6047 2698 2685 2683 2760 
6048 2697 2746 2682 2748 
6049 2723 2700 2699 2760 
6050 2722 2702 2698 2760 
6051 2684 2675 2674 2747 
6052 2723 2699 2703 2760 
6053 2694 2681 2688 2747 
6054 2694 2688 2749 2750 
6055 2721 2697 2684 2761 
6056 2701 2686 2678 2748 
6057 2691 2687 2677 2746 
6058 2701 2678 2697 2748 
6059 2704 2687 2695 2749 
6060 2689 2749 2688 2750 
6061 2740 2757 2739 2759 
6062 2683 2674 2748 2761 
6063 2734 2714 2701 2761 
6064 2706 2690 2704 2749 
6065 2689 2675 2676 2750 
6066 2691 2749 2746 2750 
6067 2692 2691 2746 2750 
6068 2706 2749 2704 2754 
6069 2690 2676 2746 2750 
6070 2721 2684 2697 2682 
6071 2707 2751 2754 2749 
6072 2715 2710 2695 2754 
6073 2709 2693 2694 2750 
6074 2716 2752 2710 2762 
6075 2707 2691 2692 2750 
6076 2705 2688 2689 2749 
6077 2706 2705 2689 2749 
6078 2712 2709 2696 2751 
6079 2733 2721 2700 2761 
6080 2716 2706 2704 2754 
6081 2718 2706 2716 2752 
6082 2676 2675 2747 2750 
6083 2686 2673 2679 2748 
6084 2721 2684 2700 2761 
6085 2707 2749 2691 2750 
6086 2686 2679 2678 2748 
6087 2683 2747 2673 2748 
6088 2714 2686 2701 2761 
6089 2680 2679 2673 2747 
6090 2714 2698 2686 2761 
6091 2708 2707 2692 2750 
6092 2701 2748 2697 2761 
6093 2690 2746 2687 2749 
6094 2706 2689 2690 2749 
6095 2719 2715 2707 2754 
6096 2694 2693 2680 2750 
6097 2708 2692 2693 2750 
6098 2679 2673 2747 2748 
6099 2708 2749 2707 2750 
6100 2722 2698 2714 2760 
6101 2739 2734 2735 2759 
6102 2718 2717 2705 2752 
6103 39 83 40 2703 
6104 2690 2749 2689 2750 
6105 2720 2709 2712 2751 
6106 2697 2678 2677 2746 
6107 2725 2716 2710 2762 
6108 2727 2720 2712 2753 
6109 2728 2701 2697 2761 
6110 2738 2735 2733 2759 
6111 2722 2758 2702 2760 
6112 1987 2737 2757 2758 
6113 1987 38 2737 2758 
6114 2737 2722 2714 2760 
6115 1982 2745 1987 2742 
6116 40 2703 2702 2756 
6117 2735 2733 2759 2761 
6118 2696 2694 2688 2749 
6119 2730 2752 2716 2762 
6120 2704 2690 2687 2749 
6121 2690 2689 2676 2750 
6122 2735 2759 2734 2761 
6123 38 40 83 2702 
6124 2737 2714 2734 2760 
6125 2723 2703 2756 2760 
6126 2699 2684 2674 2761 
6127 2716 2752 2706 2754 
6128 2715 2710 2752 2762 
6129 40 2756 2702 2758 
6130 2716 2710 2752 2754 
6131 2683 2674 2747 2748 
6132 1985 2743 2741 2755 
6133 2715 2695 2707 2754 
6134 38 2702 2722 2758 
6135 2739 2757 2737 2759 
6136 2702 2685 2698 2760 
6137 2705 2696 2749 2751 
6138 2716 2704 2710 2754 
6139 2720 2719 2708 2751 
6140 2724 2710 2715 2762 
6141 2725 2710 2711 2762 
6142 2726 2713 2753 2763 
6143 2667 2664 2763 2764 
6144 2667 2665 2764 2765 
6145 2718 2705 2706 2752 
6146 2726 2753 2752 2764 
6147 2720 2719 2751 2753 
6148 2665 2668 2711 2672 
6149 2725 2711 2672 2765 
6150 2732 2720 2727 2753 
6151 2717 2712 2696 2751 
6152 2701 2686 2748 2761 
6153 2762 2711 2764 2724 
6154 2709 2708 2693 2750 
6155 2732 2719 2720 2753 
6156 2706 2705 2749 2752 
6157 2691 2687 2746 2749 
6158 2731 2726 2717 2752 
6159 2752 2753 2762 2764 
6160 2731 2726 2752 2764 
6161 2715 2752 2710 2754 
6162 2719 2751 2752 2754 
6163 2729 2724 2715 2762 
6164 2719 2715 2752 2762 
6165 2717 2696 2705 2751 
6166 2682 2746 2747 2748 
6167 2724 2668 2729 80 
6168 2730 2764 2762 2765 
6169 2730 2752 2762 2764 
6170 2720 2708 2709 2751 
6171 2717 2751 2705 2752 
6172 2664 2669 84 2763 
6173 2709 2749 2696 2751 
6174 2764 2668 2711 2665 
6175 2730 2718 2716 2752 
6176 2731 2752 2730 2764 
6177 2729 2719 2753 2762 
6178 78 84 2726 2763 
6179 2671 2668 2729 2753 
6180 78 2726 2667 2763 
6181 2727 2713 84 2763 
6182 2726 2713 2712 2753 
6183 2765 2711 2764 2762 
6184 2731 2717 2718 2752 
6185 2726 2712 2717 2752 
6186 2731 2764 2730 2765 
6187 2724 2762 2753 2764 
6188 2704 2749 2695 2754 
6189 2671 2729 2732 2753 
6190 2671 2670 2732 2729 
6191 2671 81 2669 2763 
6192 2693 2679 2680 2750 
6193 2734 2701 2728 2761 
6194 2726 2712 2752 2753 
6195 81 82 2727 2753 
6196 2720 2751 2712 2753 
6197 2698 2683 2686 2761 
6198 2733 2728 2721 2761 
6199 39 2736 2723 2756 
6200 2738 2733 2736 2759 
6201 2729 2715 2719 2762 
6202 2732 2729 2719 2753 
6203 2765 2665 2711 2672 
6204 2730 2716 2725 2762 
6205 2719 2752 2753 2762 
6206 2764 2726 2667 2731 
6207 2764 2665 2711 2765 
6208 2695 2687 2691 2749 
6209 2727 2712 2713 2753 
6210 2671 2763 2669 2764 
6211 2671 2732 82 2753 
6212 2729 2753 2724 2762 
6213 39 2723 2703 2756 
6214 2743 2738 2741 2757 
6215 2733 2700 2759 2761 
6216 2672 2668 2711 2724 
6217 2676 2747 2746 2750 
6218 78 2667 2664 2763 
6219 1986 2741 2736 2756 
6220 2668 2724 2753 2764 
6221 77 2726 2667 78 
6222 77 2666 2667 2731 
6223 2736 2723 2756 2759 
6224 2740 2739 2735 2759 
6225 2731 2718 2730 2752 
6226 2667 2666 79 2765 
6227 2664 2669 2763 2764 
6228 2726 84 2713 2763 
6229 80 2668 2729 2671 
6230 2668 2671 2669 2764 
6231 2709 2694 2696 2749 
6232 2735 2728 2733 2761 
6233 2745 2740 2744 2757 
6234 2703 2699 2685 2760 
6235 2700 2684 2699 2761 
6236 2699 2683 2760 2761 
6237 2724 2711 2710 2762 
6238 2737 2758 2722 2760 
6239 2700 2699 2760 2761 
6240 2734 2760 2714 2761 
6241 2736 2733 2700 2759 
6242 2703 2702 2756 2760 
6243 2698 2760 2683 2761 
6244 1981 2742 1987 2737 
6245 2735 2734 2728 2761 
6246 2745 2742 2739 2757 
6247 2742 2737 2739 2757 
6248 2739 2737 2734 2759 
6249 2699 2683 2685 2760 
6250 2703 2685 2702 2760 
6251 1986 2736 39 2756 
6252 2740 2735 2738 2759 
6253 2743 2741 2755 2757 
6254 2736 2700 2723 2759 
6255 2702 2758 2756 2760 
6256 1987 2742 2745 2757 
6257 2714 2760 2698 2761 
6258 2763 2726 2667 2764 
6259 1989 39 40 2756 
6260 2737 2734 2759 2760 
6261 1988 1982 1983 2745 
6262 2726 2763 2753 2764 
6263 1986 39 1989 2756 
6264 2744 2740 2743 2757 
6265 1987 2737 2742 2757 
6266 1988 1989 1987 2757 
6267 1985 1986 1989 2755 
6268 79 2725 2672 2765 
6269 2668 2753 2671 2764 
6270 2737 2759 2758 2760 
6271 2745 2739 2740 2757 
6272 2671 2753 2763 2764 
6273 1984 1988 2744 2755 
6274 2730 2762 2725 2765 
6275 1985 1989 1988 2755 
6276 1988 2755 1989 2757 
6277 1987 40 38 2758 
6278 1984 1985 1988 2755 
6279 1988 1987 2745 2757 
6280 2665 79 2672 2765 
6281 2665 2668 2669 2764 
6282 81 2727 82 84 
6283 2671 2753 81 2763 
6284 1987 1989 40 2756 
6285 2671 2670 82 2732 
6286 2719 2751 2754 2707 
6287 2741 2738 2736 2757 
6288 2683 2674 2681 2747 
6289 2671 80 2670 2729 
6290 2707 2695 2749 2754 
6291 2710 2704 2695 2754 
6292 2725 2762 2711 2765 
6293 2664 2665 2669 2764 
6294 79 2730 2725 2765 
6295 2671 82 81 2753 
6296 2705 2696 2688 2749 
6297 2724 2668 2711 2764 
6298 2667 79 2665 2765 
6299 2744 2743 2755 2757 
6300 2667 2764 2731 2765 
6301 2719 2752 2715 2754 
6302 2667 2665 2664 2764 
6303 2667 2731 2666 2765 
6304 77 2726 78 84 
6305 2731 2726 2667 77 
6306 82 2732 2727 2753 
6307 2666 2731 2730 2765 
6308 1988 1987 1982 2745 
6309 81 2727 84 2763 
6310 2668 80 2724 2672 
6311 2743 2740 2738 2757 
6312 2681 2674 2675 2747 
6313 81 2753 2727 2763 
6314 1988 2745 2744 2757 
6315 1984 1988 1983 2744 
6316 2666 2730 79 2765 
6317 2686 2683 2673 2748 
6318 2679 2746 2678 2748 
6319 81 84 2669 2763 
6320 2683 2681 2680 2747 
6321 2741 2736 2756 2757 
6322 2683 2680 2673 2747 
6323 2684 2747 2674 2748 
6324 2689 2688 2675 2750 
6325 2727 2753 2713 2763 
6326 2682 2676 2675 2747 
6327 78 2664 84 2763 
6328 91 2847 2825 2848 
6329 2771 2847 91 2848 
6330 2771 2849 2848 2850 
6331 2825 2848 2847 2849 
6332 2773 89 2771 2849 
6333 1976 2775 2774 2819 
6334 2816 2796 2851 2852 
6335 2793 2851 2788 2852 
6336 2826 2816 2808 2851 
6337 2826 2851 2814 2853 
6338 2854 2855 2856 2857 
6339 2820 2854 2856 2857 
6340 1979 2820 2856 2857 
6341 2853 2858 2854 2859 
6342 2819 2854 2858 2859 
6343 2828 2854 2805 2859 
6344 2836 2854 2828 2859 
6345 2821 2854 2820 2857 
6346 2822 2803 2811 2860 
6347 2822 2860 2811 2861 
6348 2811 2861 2860 2862 
6349 2835 2818 2849 2861 
6350 2811 2862 2860 2863 
6351 2850 2861 2864 2865 
6352 2835 2832 2861 2865 
6353 2849 2861 2850 2865 
6354 2770 2850 2864 2865 
6355 87 2823 2776 2864 
6356 89 2825 2847 2849 
6357 2834 2850 2848 2862 
6358 2788 2778 2852 2866 
6359 2769 2766 2848 2850 
6360 2769 2848 2834 2850 
6361 2825 2848 2849 2862 
6362 86 91 2824 2848 
6363 2801 2851 2783 2859 
6364 2815 2851 2853 2859 
6365 2836 2815 2853 2859 
6366 2814 2808 2793 2851 
6367 2841 2853 2837 2858 
6368 2841 2854 2853 2858 
6369 2827 2858 2853 2859 
6370 2827 2853 2814 2859 
6371 2828 2805 2806 2859 
6372 1974 2831 37 2867 
6373 2827 2819 2775 2867 
6374 2855 2857 2858 2867 
6375 2819 2858 2857 2867 
6376 37 2827 2775 2867 
6377 1978 2856 2855 2857 
6378 1980 1971 1972 2846 
6379 1980 1971 2846 2856 
6380 2808 2796 2788 2851 
6381 1980 2855 1978 2856 
6382 1970 2820 2839 2856 
6383 1970 2839 1971 2856 
6384 2831 2855 2858 2867 
6385 1976 2774 2821 2819 
6386 2844 2854 2841 2858 
6387 1976 2819 2821 2857 
6388 35 2821 2820 2857 
6389 1979 35 2820 2857 
6390 1974 2838 2831 2855 
6391 2840 2838 2855 2858 
6392 1978 2857 2855 2867 
6393 1979 2856 1978 2857 
6394 2844 2840 2855 2858 
6395 2845 2844 2843 2855 
6396 1977 2843 1974 2855 
6397 2767 2770 2850 2864 
6398 2833 2860 2823 2864 
6399 2840 2830 2838 2858 
6400 2769 86 2824 2848 
6401 2769 2834 2833 2850 
6402 2771 2847 2848 2849 
6403 2769 2833 87 2850 
6404 2798 2797 2779 2868 
6405 2792 2787 2786 2866 
6406 2797 2789 2786 2868 
6407 2789 2782 2786 2868 
6408 2812 2791 2792 2868 
6409 2816 2807 2795 2852 
6410 2825 2824 2848 2862 
6411 2808 2788 2793 2851 
6412 2818 2849 2861 2862 
6413 2784 2783 2777 2852 
6414 2814 2853 2851 2859 
6415 2785 2780 2779 2866 
6416 2791 2781 2778 2866 
6417 2848 2850 2849 2862 
6418 2823 2860 2822 2864 
6419 2844 2855 2854 2858 
6420 2770 2771 2850 2865 
6421 2792 2866 2786 2868 
6422 2816 2787 2796 2866 
6423 2795 2794 2786 2866 
6424 91 2825 2824 2848 
6425 2796 2792 2791 2866 
6426 2811 2803 2799 2863 
6427 2804 2800 2789 2863 
6428 2795 2786 2787 2866 
6429 2796 2787 2792 2866 
6430 2798 2863 2797 2868 
6431 2794 2779 2786 2866 
6432 2767 2850 87 2864 
6433 2807 2806 2794 2852 
6434 2815 2806 2807 2851 
6435 2781 2780 2777 2866 
6436 2803 2781 2799 2863 
6437 2796 2788 2852 2866 
6438 2830 2853 2827 2858 
6439 2829 2807 2816 2851 
6440 88 2776 2822 2865 
6441 2794 2852 2785 2866 
6442 2816 2851 2807 2852 
6443 2841 2837 2840 2858 
6444 2796 2788 2851 2852 
6445 2802 2801 2783 2859 
6446 2816 2796 2808 2851 
6447 2803 2790 2781 2863 
6448 2796 2791 2788 2866 
6449 2792 2791 2866 2868 
6450 2800 2792 2782 2868 
6451 2806 2805 2784 2859 
6452 2793 2788 2778 2852 
6453 2841 2836 2837 2853 
6454 2794 2785 2779 2866 
6455 2792 2786 2782 2868 
6456 2783 2778 2777 2852 
6457 2829 2816 2826 2851 
6458 2786 2866 2779 2868 
6459 2817 2798 2810 2863 
6460 2813 2800 2804 2863 
6461 2770 2864 2776 2865 
6462 2805 2802 2784 2859 
6463 2791 2778 2788 2866 
6464 2809 2789 2797 2863 
6465 2818 2812 2813 2863 
6466 2817 2797 2798 2863 
6467 2780 2779 2866 2868 
6468 2818 2811 2799 2863 
6469 2798 2779 2780 2868 
6470 2773 2849 2771 2865 
6471 2810 2790 2803 2863 
6472 2784 2783 2852 2859 
6473 2785 2777 2780 2866 
6474 2815 2806 2851 2859 
6475 2810 2798 2790 2863 
6476 2791 2781 2866 2868 
6477 2811 2860 2803 2863 
6478 2813 2804 2862 2863 
6479 2825 2813 2804 2862 
6480 2785 2852 2777 2866 
6481 2806 2784 2852 2859 
6482 2837 2826 2830 2853 
6483 2826 2808 2814 2851 
6484 2802 2783 2784 2859 
6485 2795 2852 2794 2866 
6486 2816 2852 2795 2866 
6487 2816 2796 2852 2866 
6488 2798 2790 2863 2868 
6489 2806 2784 2785 2852 
6490 2807 2851 2806 2852 
6491 2829 2851 2826 2853 
6492 2793 2778 2783 2852 
6493 2821 2854 2819 2859 
6494 2793 2783 2851 2852 
6495 2818 2799 2812 2863 
6496 2778 2777 2852 2866 
6497 2828 2806 2815 2859 
6498 2812 2863 2799 2868 
6499 2812 2800 2863 2868 
6500 2833 2817 2810 2860 
6501 2797 2863 2789 2868 
6502 2817 2860 2862 2863 
6503 2817 2809 2797 2863 
6504 2814 2793 2801 2851 
6505 2814 2851 2801 2859 
6506 2832 2811 2818 2861 
6507 2797 2786 2779 2868 
6508 2809 2862 2804 2863 
6509 2835 2818 2813 2849 
6510 2809 2804 2789 2863 
6511 2799 2781 2791 2868 
6512 2818 2813 2862 2863 
6513 2818 2862 2811 2863 
6514 2829 2815 2851 2853 
6515 2819 2801 2802 2859 
6516 2821 2819 2802 2859 
6517 2771 89 2847 2849 
6518 1976 2775 2819 2857 
6519 2807 2794 2795 2852 
6520 2836 2815 2829 2853 
6521 2831 2830 2827 2858 
6522 2824 2804 2809 2862 
6523 2801 2793 2783 2851 
6524 2799 2863 2781 2868 
6525 2837 2853 2830 2858 
6526 2834 2817 2833 2860 
6527 2817 2810 2860 2863 
6528 2806 2852 2851 2859 
6529 2850 2861 2860 2864 
6530 88 2822 2832 2865 
6531 2849 2860 2850 2861 
6532 2848 2769 2834 2824 
6533 2824 2769 2834 85 
6534 2781 2780 2866 2868 
6535 2819 2854 2857 2858 
6536 2829 2815 2807 2851 
6537 2773 2835 2849 2865 
6538 2773 2772 2835 2865 
6539 2812 2799 2791 2868 
6540 1979 2820 1970 2856 
6541 2828 2820 2805 2854 
6542 2831 2858 2827 2867 
6543 2827 2801 2819 2859 
6544 2821 2802 2805 2859 
6545 2790 2780 2781 2868 
6546 2837 2829 2826 2853 
6547 2835 2861 2849 2865 
6548 2783 2851 2852 2859 
6549 1975 2775 2857 2867 
6550 2821 2819 2854 2857 
6551 2770 2776 88 2865 
6552 2767 87 2776 2864 
6553 2767 2776 2770 2864 
6554 2766 2771 91 2848 
6555 2834 2809 2817 2862 
6556 2800 2782 2789 2868 
6557 90 91 89 2825 
6558 2825 2804 2824 2862 
6559 2836 2828 2815 2859 
6560 2846 2844 2845 2855 
6561 2775 2819 2857 2867 
6562 2839 2828 2836 2854 
6563 2844 2840 2843 2855 
6564 2827 2814 2801 2859 
6565 2822 2860 2861 2864 
6566 2837 2836 2829 2853 
6567 2830 2826 2814 2853 
6568 2823 2803 2822 2860 
6569 1978 1974 37 2867 
6570 2825 2849 2813 2862 
6571 2846 2844 2855 2856 
6572 2835 2832 2818 2861 
6573 2840 2837 2830 2858 
6574 2821 2805 2820 2854 
6575 1974 2855 2831 2867 
6576 2813 2812 2800 2863 
6577 85 86 2824 2769 
6578 2790 2781 2863 2868 
6579 2776 2823 2822 2864 
6580 2769 87 2767 2850 
6581 2776 2864 2822 2865 
6582 2770 88 2773 2865 
6583 2849 2860 2861 2862 
6584 2842 2839 2854 2856 
6585 2781 2777 2778 2866 
6586 2773 90 89 2849 
6587 2834 2824 2809 2862 
6588 2849 2850 2860 2862 
6589 2766 2771 2848 2850 
6590 1978 2855 1974 2867 
6591 2818 2861 2811 2862 
6592 2818 2813 2849 2862 
6593 2844 2841 2840 2858 
6594 2843 2840 2838 2855 
6595 1974 2843 2838 2855 
6596 2771 2849 2850 2865 
6597 2823 2810 2803 2860 
6598 2854 2855 2857 2858 
6599 2771 89 91 2847 
6600 2827 2819 2858 2859 
6601 2844 2854 2855 2856 
6602 2844 2842 2841 2854 
6603 1975 2775 1976 2857 
6604 2821 2805 2854 2859 
6605 2836 2853 2854 2859 
6606 2835 2813 2825 2849 
6607 1977 1980 2846 2855 
6608 2846 2842 2844 2856 
6609 1978 1975 2857 2867 
6610 2841 2839 2836 2854 
6611 1977 2845 1973 2843 
6612 1980 2846 2855 2856 
6613 1980 1972 36 2846 
6614 2839 2820 2854 2856 
6615 2844 2842 2854 2856 
6616 1977 36 1973 2845 
6617 1977 2845 2843 2855 
6618 2817 2862 2809 2863 
6619 2833 2810 2823 2860 
6620 37 2775 1975 2867 
6621 2855 1977 2845 2846 
6622 1978 1975 1976 2857 
6623 1979 1970 1971 2856 
6624 1971 2839 2842 2856 
6625 35 1976 2821 2857 
6626 2846 1977 2845 36 
6627 1978 1977 1974 2855 
6628 2812 2792 2800 2868 
6629 1977 1973 1974 2843 
6630 36 1980 2846 1977 
6631 2827 2858 2819 2867 
6632 2816 2795 2787 2866 
6633 1979 35 1970 2820 
6634 1979 1980 1978 2856 
6635 2832 2822 2811 2861 
6636 1979 1978 1976 2857 
6637 1980 1977 1978 2855 
6638 2838 2830 2831 2858 
6639 90 2825 89 2849 
6640 2832 2822 2861 2865 
6641 2773 2772 90 2835 
6642 2822 2864 2861 2865 
6643 2767 2770 2771 2850 
6644 2772 2832 2835 2865 
6645 2770 2773 2771 2865 
6646 2834 2817 2860 2862 
6647 87 2833 2823 2864 
6648 87 2850 2833 2864 
6649 2769 2767 2766 2850 
6650 2766 2767 2771 2850 
6651 2769 2834 2768 2833 
6652 2833 2850 2860 2864 
6653 2800 2789 2863 2868 
6654 2769 85 2768 2834 
6655 37 2831 2827 2867 
6656 2834 2848 2824 2862 
6657 2834 2833 2850 2860 
6658 89 2825 91 2847 
6659 2773 2835 90 2849 
6660 2769 2768 87 2833 
6661 2839 2820 2828 2854 
6662 1971 2842 2846 2856 
6663 86 2766 91 2848 
6664 2773 88 2772 2865 
6665 2810 2803 2860 2863 
6666 86 2769 2766 2848 
6667 1979 1971 1980 2856 
6668 86 91 85 2824 
6669 88 2832 2772 2865 
6670 2830 2814 2827 2853 
6671 90 2835 2825 2849 
6672 35 1976 2774 2821 
6673 1978 37 1975 2867 
6674 2841 2836 2853 2854 
6675 1979 1976 35 2857 
6676 2834 2860 2850 2862 
6677 2806 2785 2794 2852 
6678 2798 2780 2790 2868 
6679 2842 2839 2841 2854 
6680 2838 2831 2855 2858 
6681 2785 2784 2777 2852 
10407 4093 4127 4088 4128 
10408 4101 4127 4129 4130 
10409 4100 4127 4099 4130 
10410 2668 80 4079 4131 
10411 82 4076 2670 4131 
10412 2670 4076 4080 4131 
10413 80 2670 4080 4131 
10414 4132 4133 4134 4135 
10415 4132 4135 4136 4137 
10416 4113 4130 4132 4138 
10417 4130 4132 4133 4139 
10418 4132 4136 4139 4140 
10419 4117 4138 4135 4141 
10420 4123 4135 4126 4142 
10421 4040 4134 159 4142 
10422 4038 4134 4040 4142 
10423 159 4134 4120 4142 
10424 4124 4120 4135 4142 
10425 4044 4123 4126 4142 
10426 159 4124 4044 4142 
10427 159 4120 4124 4142 
10428 4111 4130 4133 4139 
10429 4124 4120 4110 4141 
10430 4038 4040 4039 4142 
10431 4122 4135 4121 4143 
10432 4123 4122 4126 4135 
10433 4115 4111 4133 4139 
10434 4120 4134 4133 4135 
10435 4112 4130 4111 4139 
10436 4130 4133 4132 4138 
10437 4107 4102 4129 4133 
10438 4034 4119 4033 4137 
10439 4039 4044 4126 4142 
10440 4062 4059 4052 4144 
10441 4057 4047 4056 4145 
10442 4059 4058 4051 4144 
10443 4065 4058 4063 4053 
10444 4065 4058 4053 4145 
10445 4055 4053 4049 4145 
10446 4052 4050 4049 4145 
10447 4115 4133 4134 4139 
10448 4066 4055 4050 4145 
10449 4079 4056 4078 4146 
10450 157 4033 4113 4140 
10451 4080 4066 4057 4146 
10452 4057 4145 4056 4146 
10453 4075 4055 4066 4145 
10454 4071 4062 4061 4147 
10455 4052 4049 4144 4145 
10456 4075 4074 4065 4145 
10457 4055 4049 4050 4145 
10458 4065 4054 4058 4145 
10459 4075 4145 4066 4146 
10460 4061 4049 4060 4144 
10461 4065 4053 4055 4145 
10462 4069 4061 4060 4147 
10463 4058 4144 4053 4145 
10464 4081 4067 4058 4144 
10465 4081 4067 4144 4147 
10466 4074 4064 4054 4145 
10467 4080 4076 4066 4146 
10468 4075 4074 4145 4146 
10469 4070 4069 4060 4147 
10470 4125 4075 4076 4146 
10471 4068 4144 4062 4147 
10472 2668 4078 2671 4131 
10473 4080 4079 4131 4146 
10474 4072 4068 4062 4147 
10475 4062 4052 4061 4144 
10476 4067 4063 4058 4144 
10477 4067 4063 4144 4147 
10478 4058 4054 4051 4145 
10479 4073 4070 4063 4147 
10480 4071 4061 4069 4147 
10481 4125 4077 4074 4146 
10482 4072 4062 4071 4147 
10483 4056 4047 4051 4145 
10484 4070 4060 4063 4147 
10485 4061 4052 4049 4144 
10486 4063 4060 4144 4147 
10487 4082 4147 4072 4148 
10488 4106 4127 4100 4130 
10489 4085 4067 4081 4147 
10490 4086 4071 4069 4148 
10491 4082 4081 4068 4147 
10492 2668 4079 4078 4131 
10493 4088 4072 4071 4148 
10494 4139 4132 4134 4136 
10495 4083 4070 4073 4148 
10496 4063 4053 4058 4144 
10497 4070 4069 4147 4148 
10498 4062 4144 4061 4147 
10499 4095 4087 4091 4128 
10500 4120 4133 4110 4141 
10501 82 4125 4076 4131 
10502 4125 4131 4077 4146 
10503 4095 4128 4093 4148 
10504 4097 4089 4096 4127 
10505 4043 4122 4042 4126 
10506 4035 4032 4136 4140 
10507 4059 4051 4048 4144 
10508 4076 4075 4066 4146 
10509 4085 4073 4067 4147 
10510 2671 4078 4077 4131 
10511 4111 4130 4101 4133 
10512 2671 81 4125 4077 
10513 4078 4056 4064 4146 
10514 4087 4086 4069 4148 
10515 4079 4057 4056 4146 
10516 4066 4145 4057 4146 
10517 4135 4136 4137 4031 
10518 2671 4125 82 4131 
10519 4032 4139 4136 4140 
10520 4068 4059 4062 4144 
10521 4130 4132 4139 4140 
10522 2671 4078 2669 4077 
10523 4085 4147 4082 4148 
10524 4078 4077 4131 4146 
10525 4036 4134 4136 4139 
10526 4053 4144 4049 4145 
10527 4051 4048 4144 4145 
10528 2670 4041 4080 4076 
10529 4103 4082 4084 4148 
10530 4082 4068 4072 4147 
10531 4033 4035 4137 4140 
10532 4064 4051 4054 4145 
10533 4103 4085 4082 4148 
10534 4089 4072 4088 4148 
10535 4061 4144 4060 4147 
10536 4073 4063 4067 4147 
10537 4089 4082 4072 4148 
10538 4095 4086 4087 4148 
10539 4096 4088 4093 4127 
10540 4093 4088 4086 4148 
10541 4073 4070 4147 4148 
10542 4072 4147 4071 4148 
10543 4087 4070 4083 4148 
10544 155 4042 4121 4143 
10545 4034 4137 4030 4143 
10546 4119 4135 4137 4143 
10547 4031 4137 4135 4143 
10548 4118 4129 4138 4141 
10549 4031 4030 4137 4143 
10550 4034 4119 4137 4143 
10551 4071 4147 4069 4148 
10552 4098 4094 4090 4128 
10553 2671 4077 4125 4131 
10554 4105 4098 4128 4129 
10555 4108 4128 4127 4129 
10556 4096 4089 4088 4127 
10557 4101 4099 4095 4127 
10558 4090 4128 4083 4148 
10559 4087 4083 4128 4148 
10560 4085 4073 4147 4148 
10561 4088 4071 4086 4148 
10562 4104 4084 4097 4127 
10563 4099 4093 4095 4127 
10564 4106 4096 4100 4127 
10565 4101 4095 4129 4127 
10566 4104 4103 4084 4127 
10567 4092 4090 4085 4148 
10568 4087 4069 4070 4148 
10569 4107 4094 4098 4129 
10570 4110 4107 4098 4129 
10571 4125 4076 4131 4146 
10572 4094 4091 4083 4128 
10573 4102 4101 4091 4129 
10574 4106 4127 4130 4138 
10575 4095 4087 4128 4148 
10576 4098 4090 4092 4128 
10577 4089 4084 4082 4148 
10578 4092 4128 4090 4148 
10579 4098 4094 4128 4129 
10580 4103 4092 4085 4148 
10581 4110 4133 4129 4141 
10582 4097 4084 4089 4127 
10583 4107 4102 4094 4129 
10584 4089 4127 4084 4128 
10585 4095 4093 4086 4148 
10586 4108 4105 4103 4128 
10587 4100 4093 4099 4127 
10588 4132 4135 4134 4136 
10589 4111 4099 4101 4130 
10590 4127 4129 4130 4138 
10591 4033 4137 4119 4140 
10592 4116 4127 4109 4138 
10593 4109 4097 4106 4127 
10594 4091 4087 4083 4128 
10595 4101 4130 4129 4133 
10596 4095 4127 4093 4128 
10597 4116 4118 4129 4138 
10598 4031 4126 4030 4143 
10599 4106 4097 4096 4127 
10600 4113 4100 4112 4130 
10601 4116 4129 4127 4138 
10602 4109 4104 4097 4127 
10603 4100 4096 4093 4127 
10604 4124 4117 4135 4141 
10605 4105 4098 4092 4128 
10606 4119 4106 4113 4138 
10607 4113 4106 4100 4130 
10608 4136 4038 4031 4135 
10609 4108 4103 4104 4127 
10610 4108 4105 4128 4129 
10611 4118 4105 4108 4129 
10612 4089 4088 4127 4128 
10613 4102 4101 4129 4133 
10614 4116 4108 4127 4129 
10615 4035 4136 156 4137 
10616 4119 4132 4135 4138 
10617 4128 4095 4129 4091 
10618 155 4121 4119 4143 
10619 156 4038 4031 4136 
10620 4118 4110 4105 4129 
10621 4105 4092 4103 4128 
10622 4108 4103 4127 4128 
10623 4120 4134 4135 4142 
10624 4102 4091 4094 4129 
10625 4129 4133 4138 4141 
10626 4038 4126 4135 4142 
10627 4090 4073 4085 4148 
10628 4110 4098 4105 4129 
10629 4036 4115 4134 4139 
10630 4117 4118 4116 4138 
10631 4093 4128 4088 4148 
10632 4124 4118 4117 4141 
10633 4038 4134 4135 4136 
10634 4080 4131 4076 4146 
10635 4129 4133 4130 4138 
10636 4089 4128 4084 4148 
10637 4120 4107 4110 4133 
10638 4116 4118 4108 4129 
10639 4133 4139 4132 4134 
10640 157 4113 4112 4140 
10641 159 160 4120 4134 
10642 158 4036 4115 4134 
10643 4120 4135 4133 4141 
10644 4040 158 160 4134 
10645 4040 4036 4134 4136 
10646 4120 4114 4107 4133 
10647 4032 4036 4037 4136 
10648 4030 4126 4042 4143 
10649 4115 4111 4101 4133 
10650 4116 4104 4109 4127 
10651 4119 4109 4106 4138 
10652 4127 4095 4129 4128 
10653 4081 4144 4068 4147 
10654 158 4114 160 4134 
10655 4124 4135 4120 4141 
10656 4116 4108 4104 4127 
10657 4120 4114 4133 4134 
10658 157 4046 4032 4139 
10659 4119 4135 4132 4137 
10660 4035 4032 156 4136 
10661 4121 4119 4135 4138 
10662 4115 4101 4102 4133 
10663 4101 4099 4127 4130 
10664 4121 4135 4117 4138 
10665 4119 4137 4132 4140 
10666 4036 4045 4115 4139 
10667 4103 4084 4128 4148 
10668 4119 4113 4132 4138 
10669 160 4114 4120 4134 
10670 4040 4036 158 4134 
10671 4115 4102 4114 4133 
10672 4090 4083 4073 4148 
10673 4103 4128 4092 4148 
10674 4115 4133 4114 4134 
10675 4112 4100 4099 4130 
10676 4035 4136 4137 4140 
10677 4121 4117 4116 4138 
10678 4121 4109 4119 4138 
10679 4031 4135 4126 4143 
10680 4043 4123 4122 4126 
10681 157 4112 4046 4139 
10682 4091 4095 4129 4101 
10683 4114 4102 4107 4133 
10684 4038 4135 4134 4142 
10685 158 4115 4114 4134 
10686 4032 4045 4036 4139 
10687 4040 160 159 4134 
10688 4044 4124 4123 4142 
10689 4064 4056 4051 4145 
10690 4117 4118 4138 4141 
10691 4094 4083 4090 4128 
10692 4110 4107 4129 4133 
10693 4133 4135 4138 4141 
10694 4124 4135 4123 4142 
10695 4045 4111 4115 4139 
10696 4089 4088 4128 4148 
10697 4042 4122 4121 4143 
10698 4030 4042 155 4143 
10699 4037 4036 4040 4136 
10700 4034 155 4033 4119 
10701 4040 159 4039 4142 
10702 4031 4038 4126 4135 
10703 4037 4040 4038 4136 
10704 4039 159 4044 4142 
10705 4044 4123 4043 4126 
10706 4094 4091 4128 4129 
10707 2671 2669 81 4077 
10708 2671 81 82 4125 
10709 4077 4064 4074 4146 
10710 80 2670 4041 4080 
10711 2668 2669 2671 4078 
10712 2671 2670 80 4131 
10713 82 4041 2670 4076 
10714 4125 4074 4075 4146 
10715 2668 2671 80 4131 
10716 4078 4064 4077 4146 
10717 4074 4064 4145 4146 
10718 2671 82 2670 4131 
10719 4080 4057 4079 4146 
10720 4085 4081 4082 4147 
10721 4081 4059 4068 4144 
10722 80 4080 4079 4131 
10723 4075 4065 4055 4145 
10724 4079 4078 4131 4146 
10725 157 4112 4139 4140 
10726 4132 4133 4135 4138 
10727 156 4032 4037 4136 
10728 158 4036 4045 4115 
10729 4113 4106 4130 4138 
10730 4124 4110 4118 4141 
10731 4113 4132 4130 4140 
10732 4122 4117 4121 4135 
10733 4121 4116 4109 4138 
10734 4123 4117 4122 4135 
10735 4042 4126 4122 4143 
10736 4113 4130 4112 4140 
10737 4045 4046 4111 4139 
10738 4119 4132 4113 4140 
10739 157 4032 4035 4140 
10740 4038 4039 4126 4142 
10741 4052 4047 4050 4145 
10742 4034 4033 4035 4137 
10743 4031 4035 156 4137 
10744 4033 4119 4113 4140 
10745 4031 4136 4137 156 
10746 4066 4050 4057 4145 
10747 4121 4135 4119 4143 
10748 4132 4137 4136 4140 
10749 4046 4112 4111 4139 
10750 156 4037 4038 4136 
10751 4031 4034 4035 4137 
10752 4031 4030 4034 4137 
10753 4122 4126 4135 4143 
10754 4034 4030 155 4143 
10755 4074 4054 4065 4145 
10756 4057 4050 4047 4145 
10757 4052 4144 4048 4145 
10758 157 4035 4033 4140 
10759 4063 4060 4053 4144 
10760 4081 4058 4059 4144 
10761 4038 4040 4134 4136 
10762 4052 4048 4047 4145 
10763 4059 4048 4052 4144 
10764 4112 4099 4111 4130 
10765 157 4139 4032 4140 
10766 4032 4036 4136 4139 
10767 4032 4046 4045 4139 
10768 4058 4051 4144 4145 
10769 4112 4130 4139 4140 
10770 4124 4117 4123 4135 
10771 4118 4110 4129 4141 
10772 4103 4084 4127 4128 
10773 4051 4047 4048 4145 
10774 4060 4049 4053 4144 
10775 4064 4056 4145 4146 
10776 4109 4127 4106 4138 
10777 4034 155 4119 4143 
10778 4246 4252 4253 4254 
10779 4252 4253 4254 4255 
10780 4168 4252 4163 4254 
10781 4167 4253 4252 4255 
10782 4163 166 4249 4252 
10783 4165 4252 4167 4253 
10784 4165 4164 4253 4256 
10785 4164 4250 4252 4253 
10786 166 4250 4249 4252 
10787 4250 4249 4252 4253 
10788 4245 4230 4257 4258 
10789 4236 4229 4259 4260 
10790 4239 4230 4227 4257 
10791 4239 4227 4236 4257 
10792 4248 4207 4261 4262 
10793 79 4204 4169 4261 
10794 4207 4206 4261 4262 
10795 2665 4206 4205 4261 
10796 2665 4205 79 4261 
10797 4260 4236 4263 4227 
10798 4189 4179 4175 4264 
10799 4229 4221 4260 4263 
10800 4236 4259 4257 4260 
10801 4221 4216 4260 4263 
10802 4231 4259 4216 4260 
10803 4231 4226 4259 4260 
10804 4224 4217 4219 4260 
10805 4226 4259 4260 4265 
10806 4266 4267 4268 4269 
10807 4152 4159 4151 4266 
10808 4255 4267 4266 4270 
10809 4152 4266 4151 4269 
10810 4173 4244 4243 4271 
10811 4245 4258 4267 4272 
10812 4258 4269 4272 4273 
10813 4257 4260 4259 4265 
10814 4258 4268 4273 4274 
10815 4228 4258 4273 4274 
10816 4233 4265 4258 4274 
10817 4233 4224 4258 4265 
10818 4220 4257 4258 4260 
10819 4192 4181 4182 4176 
10820 4267 4269 4271 4272 
10821 4153 4271 4269 4272 
10822 4153 163 4271 4272 
10823 163 4154 4232 4272 
10824 164 4247 4164 4256 
10825 4241 4253 4256 4275 
10826 4172 4241 4256 4275 
10827 4253 4255 4270 4275 
10828 4158 4172 4256 4275 
10829 4250 4247 4242 4276 
10830 164 4158 4172 4256 
10831 4173 4172 4251 4275 
10832 4238 4229 4237 4259 
10833 4241 4276 4253 4277 
10834 4255 4267 4275 4277 
10835 4267 4271 4275 4277 
10836 4149 161 4155 4274 
10837 161 4233 4228 4274 
10838 161 4228 4273 4274 
10839 4234 4265 4274 4278 
10840 4170 4234 4274 4278 
10841 4149 4170 161 4274 
10842 4162 4254 165 4278 
10843 4265 4268 4274 4278 
10844 4149 4170 4274 4278 
10845 4171 4234 4170 4278 
10846 4149 4162 4278 4279 
10847 4219 4200 4214 4263 
10848 4253 4254 4255 4276 
10849 4246 4242 4259 4276 
10850 4246 4242 4231 4259 
10851 4255 4259 4267 4277 
10852 4255 4276 4259 4277 
10853 4241 4238 4276 4277 
10854 165 4254 4235 4278 
10855 4242 4237 4259 4276 
10856 4244 4239 4240 4277 
10857 4238 4259 4237 4276 
10858 4238 4259 4276 4277 
10859 4238 4257 4236 4259 
10860 4240 4239 4236 4257 
10861 4243 4240 4238 4277 
10862 4245 4267 4271 4272 
10863 4258 4265 4267 4268 
10864 4232 4258 4272 4273 
10865 4244 4243 4271 4277 
10866 4257 4265 4259 4267 
10867 4245 4244 4271 4277 
10868 4250 4249 4253 4276 
10869 4255 4259 4265 4267 
10870 4257 4267 4259 4277 
10871 4243 4275 4271 4277 
10872 4245 4271 4267 4277 
10873 4167 4255 4266 4270 
10874 4196 4188 4184 4280 
10875 162 4151 4160 4266 
10876 4255 4266 4268 4279 
10877 4168 4167 4255 4279 
10878 4266 4267 4269 4270 
10879 4155 4157 4269 4273 
10880 4267 4269 4270 4271 
10881 4156 4266 4268 4269 
10882 4156 4150 4155 4268 
10883 4157 4272 4269 4273 
10884 4155 4154 4157 4273 
10885 4220 4219 4257 4260 
10886 4152 4251 4270 4271 
10887 4247 4253 4241 4276 
10888 163 4245 4174 4271 
10889 163 4245 4271 4272 
10890 4235 4231 4226 4259 
10891 4150 4149 4268 4279 
10892 4253 4255 4275 4277 
10893 4167 4266 4255 4279 
10894 4150 4162 4149 4279 
10895 165 4163 4246 4254 
10896 4168 4255 4254 4279 
10897 4171 4235 4234 4278 
10898 165 4235 4171 4278 
10899 4194 4180 4184 4264 
10900 4186 4185 4264 4280 
10901 4182 4176 4177 4175 
10902 4193 4181 4186 4264 
10903 4189 4264 4178 4280 
10904 4204 4182 4192 4262 
10905 4264 4194 4181 4176 
10906 4194 4193 4180 4264 
10907 4176 4194 4181 4182 
10908 4191 4184 4180 4280 
10909 4164 4247 4250 4253 
10910 4191 4180 4185 4280 
10911 4208 4261 4204 4262 
10912 4202 4192 4182 4262 
10913 4198 4280 4189 4281 
10914 4197 4185 4187 4280 
10915 4179 4176 4175 4264 
10916 4201 4196 4191 4280 
10917 4193 4186 4185 4264 
10918 4198 4187 4280 4281 
10919 4198 4186 4179 4280 
10920 4177 4175 4176 4264 
10921 4212 4198 4210 4281 
10922 4202 4182 4192 4181 
10923 4199 4189 4188 4280 
10924 4194 4183 4182 4177 
10925 4203 4194 4195 4183 
10926 4177 4194 4176 4182 
10927 4199 4189 4280 4281 
10928 4189 4178 4188 4280 
10929 4264 4194 4176 4177 
10930 4198 4187 4186 4280 
10931 4198 4179 4189 4280 
10932 4178 4175 4177 4264 
10933 4214 4199 4213 4263 
10934 4182 4194 4181 4202 
10935 4199 4190 4189 4281 
10936 166 4164 4250 4252 
10937 4194 4184 4177 4264 
10938 4194 4203 4182 4183 
10939 4248 4203 4207 4262 
10940 4213 4196 4201 4280 
10941 4193 4194 4181 4264 
10942 2667 4206 2665 4261 
10943 79 4205 4204 4261 
10944 4201 4280 4197 4281 
10945 4248 4208 4202 4262 
10946 4211 4201 4197 4263 
10947 4186 4264 4179 4280 
10948 4184 4178 4264 4280 
10949 4167 4253 4255 4270 
10950 4209 4263 4197 4281 
10951 4222 4216 4209 4263 
10952 4222 4212 4218 4263 
10953 4210 4198 4190 4281 
10954 4205 4182 4204 4262 
10955 4196 4184 4191 4280 
10956 4206 4183 4205 4262 
10957 4200 4190 4199 4281 
10958 4197 4280 4187 4281 
10959 4183 4203 4182 4262 
10960 4218 4210 4217 4263 
10961 4213 4199 4188 4280 
10962 4209 4197 4187 4281 
10963 4212 4209 4187 4281 
10964 4213 4280 4201 4281 
10965 4203 4183 4195 4262 
10966 4201 4191 4197 4280 
10967 4210 4190 4200 4281 
10968 4208 4204 4192 4262 
10969 77 4208 4248 4261 
10970 4166 4253 4167 4270 
10971 4248 4261 4208 4262 
10972 78 2667 4248 4207 
10973 4169 4204 4208 4261 
10974 4205 4183 4182 4262 
10975 2666 4169 4208 4261 
10976 4207 4203 4195 4262 
10977 4211 4197 4209 4263 
10978 4202 4203 4182 4194 
10979 4251 4270 4271 4275 
10980 4161 4266 4167 4279 
10981 4198 4189 4190 4281 
10982 4210 4200 4263 4281 
10983 4205 4204 4261 4262 
10984 2667 4207 4206 4261 
10985 2667 4248 4207 4261 
10986 4212 4187 4198 4281 
10987 4246 4254 4253 4276 
10988 4255 4267 4265 4268 
10989 2667 4207 2664 4206 
10990 4215 4213 4201 4263 
10991 4207 4195 4206 4262 
10992 4255 4266 4267 4268 
10993 4206 4205 4261 4262 
10994 4203 4194 4202 4193 
10995 4219 4217 4200 4263 
10996 77 4248 2667 4261 
10997 4249 4246 4253 4276 
10998 4212 4263 4209 4281 
10999 4213 4201 4263 4281 
11000 4219 4260 4217 4263 
11001 4248 4202 4203 4262 
11002 4217 4210 4200 4263 
11003 4231 4222 4226 4260 
11004 4216 4211 4209 4263 
11005 4222 4209 4212 4263 
11006 4222 4218 4260 4263 
11007 4224 4219 4220 4260 
11008 4223 4213 4215 4263 
11009 4202 4194 4181 4193 
11010 4227 4219 4214 4263 
11011 4168 4167 4252 4255 
11012 4151 4159 4160 4266 
11013 4229 4215 4221 4263 
11014 4254 4265 4278 4279 
11015 4262 4203 4182 4202 
11016 4225 4217 4224 4260 
11017 4166 4256 4253 4270 
11018 4253 4270 4256 4275 
11019 4189 4175 4178 4264 
11020 4226 4218 4225 4260 
11021 4245 4258 4257 4267 
11022 4227 4214 4223 4263 
11023 4223 4214 4213 4263 
11024 4185 4180 4264 4280 
11025 4187 4185 4186 4280 
11026 4159 4251 4158 4270 
11027 4228 4224 4220 4258 
11028 4233 4224 4228 4258 
11029 4232 4228 4258 4273 
11030 4206 4195 4183 4262 
11031 4215 4201 4211 4263 
11032 4201 4197 4263 4281 
11033 4224 4260 4258 4265 
11034 77 2666 4208 4261 
11035 4242 4237 4221 4259 
11036 4224 4220 4258 4260 
11037 4167 4266 4159 4270 
11038 4235 4226 4234 4265 
11039 4242 4216 4231 4259 
11040 4250 4253 4247 4276 
11041 4197 4191 4185 4280 
11042 4230 4220 4257 4258 
11043 4168 4252 4254 4255 
11044 4214 4200 4199 4263 
11045 4189 4179 4264 4280 
11046 164 4172 4247 4256 
11047 2666 79 4169 4261 
11048 4232 4220 4230 4258 
11049 4154 4228 4232 4273 
11050 4170 4234 4233 4274 
11051 4162 4171 4170 4278 
11052 4246 4231 4235 4259 
11053 4225 4260 4224 4265 
11054 4254 4255 4265 4279 
11055 4245 4232 4230 4258 
11056 4174 4173 4251 4271 
11057 4223 4236 4263 4229 
11058 4226 4222 4218 4260 
11059 4246 4259 4254 4276 
11060 4184 4178 4177 4264 
11061 4238 4257 4259 4277 
11062 4221 4216 4259 4260 
11063 4246 4235 4254 4259 
11064 4229 4221 4259 4260 
11065 4240 4239 4257 4277 
11066 161 4170 4233 4274 
11067 4245 4257 4239 4277 
11068 4230 4219 4227 4257 
11069 4240 4257 4238 4277 
11070 4236 4257 4227 4260 
11071 4226 4260 4225 4265 
11072 4257 4258 4260 4265 
11073 4229 4236 4263 4260 
11074 4155 161 4273 4274 
11075 4212 4210 4263 4281 
11076 4162 4168 4254 4279 
11077 4254 4255 4259 4265 
11078 4240 4236 4238 4257 
11079 4247 4237 4242 4276 
11080 4237 4229 4221 4259 
11081 4150 4149 4155 4268 
11082 4166 4158 4256 4270 
11083 4265 4268 4278 4279 
11084 4241 4238 4237 4276 
11085 4221 4215 4211 4263 
11086 4149 4278 4268 4279 
11087 4267 4271 4270 4275 
11088 4227 4257 4219 4260 
11089 4156 4152 4151 4269 
11090 162 4150 4156 4268 
11091 4172 4243 4241 4275 
11092 4152 4266 4269 4270 
11093 4243 4238 4241 4277 
11094 4243 4241 4275 4277 
11095 4156 4268 4155 4269 
11096 4152 4270 4269 4271 
11097 4213 4188 4196 4280 
11098 4245 4267 4257 4277 
11099 4249 4246 4252 4253 
11100 4163 4249 4246 4252 
11101 165 4246 4235 4254 
11102 4166 4165 4253 4256 
11103 4235 4254 4265 4278 
11104 4162 165 4171 4278 
11105 4253 4276 4255 4277 
11106 4258 4265 4268 4274 
11107 4258 4268 4269 4273 
11108 4241 4253 4275 4277 
11109 4163 4252 4246 4254 
11110 4152 4153 4251 4271 
11111 4158 4256 4270 4275 
11112 4149 4274 4268 4278 
11113 4158 4251 4172 4275 
11114 4230 4220 4219 4257 
11115 4247 4172 4241 4256 
11116 162 4156 4266 4268 
11117 4173 4243 4172 4275 
11118 4227 4260 4219 4263 
11119 4152 4157 4153 4269 
11120 4174 4245 4244 4271 
11121 4245 4239 4244 4277 
11122 4173 4271 4243 4275 
11123 4153 4157 163 4272 
11124 4213 4199 4280 4281 
11125 4229 4223 4215 4263 
11126 4235 4254 4259 4265 
11127 4158 4270 4251 4275 
11128 4153 163 4174 4271 
11129 4174 4244 4173 4271 
11130 4152 4159 4266 4270 
11131 4165 4164 4252 4253 
11132 4249 4242 4246 4276 
11133 4152 4251 4159 4270 
11134 4164 4247 4253 4256 
11135 4255 4267 4270 4275 
11136 4254 4259 4255 4276 
11137 4162 4168 165 4254 
11138 4231 4216 4222 4260 
11139 4166 4159 4158 4270 
11140 4193 4185 4180 4264 
11141 4222 4260 4216 4263 
11142 2667 2664 2665 4206 
11143 4173 4251 4271 4275 
11144 77 2666 4169 4208 
11145 77 78 2667 4248 
11146 4150 4268 4161 4279 
11147 4218 4212 4210 4263 
11148 4213 4263 4199 4281 
11149 4250 4242 4249 4276 
11150 4227 4236 4263 4223 
11151 4168 4163 165 4254 
11152 4234 4226 4225 4265 
11153 4257 4258 4265 4267 
11154 4235 4265 4234 4278 
11155 4184 4264 4180 4280 
11156 4245 4232 4258 4272 
11157 4165 164 4164 4256 
11158 4165 4164 166 4252 
11159 4161 4160 4167 4266 
11160 4258 4268 4267 4269 
11161 4166 164 4165 4256 
11162 4166 4165 4167 4253 
11163 4153 4174 4251 4271 
11164 2667 79 2666 4261 
11165 4167 4160 4159 4266 
11166 4161 4167 4168 4279 
11167 4166 4167 4159 4270 
11168 162 4266 4161 4268 
11169 4221 4211 4216 4263 
11170 4233 4225 4224 4265 
11171 2667 2665 79 4261 
11172 4244 4240 4243 4277 
11173 4225 4218 4217 4260 
11174 162 4160 4161 4266 
11175 4247 4241 4237 4276 
11176 4218 4217 4260 4263 
11177 4208 4192 4202 4262 
11178 4157 4154 163 4272 
11179 4155 4273 4268 4274 
11180 4157 4154 4272 4273 
11181 4149 4155 4268 4274 
11182 4245 4230 4239 4257 
11183 4156 4155 4157 4269 
11184 161 4228 4154 4273 
11185 163 4232 4245 4272 
11186 4200 4199 4263 4281 
11187 4156 4151 4266 4269 
11188 4153 4269 4157 4272 
11189 4186 4181 4179 4264 
11190 4155 161 4154 4273 
11191 4161 4268 4266 4279 
11192 4235 4259 4226 4265 
11193 4181 4176 4179 4264 
11194 4156 4157 4152 4269 
11195 4247 4241 4253 4256 
11196 4154 4232 4272 4273 
11197 4165 166 4163 4252 
11198 4165 4163 4168 4252 
11199 4161 4168 4162 4279 
11200 162 4161 4150 4268 
11201 4155 4269 4268 4273 
11202 4234 4265 4233 4274 
11203 4165 4168 4167 4252 
11204 4188 4178 4184 4280 
11205 4152 4269 4153 4271 
11206 4255 4268 4265 4279 
11207 4238 4236 4229 4259 
11208 4242 4221 4216 4259 
11209 4149 4162 4170 4278 
11210 4232 4228 4220 4258 
11211 4258 4269 4267 4272 
11212 4166 4158 164 4256 
11213 4150 4161 4162 4279 
11214 4233 4258 4228 4274 
11215 162 4156 4151 4266 
11216 77 2667 2666 4261 
11217 4162 4254 4278 4279 
11218 4234 4225 4233 4265 
11219 78 2664 2667 4207 
11220 4288 4376 4377 4378 
11221 170 4358 4366 4376 
11222 4373 4377 4379 4380 
11223 4370 4377 4380 4381 
11224 4377 4376 4379 4382 
11225 4377 4378 4376 4382 
11226 4318 4317 4309 4383 
11227 4339 4325 4335 4383 
11228 170 4366 172 4379 
11229 4377 4379 4380 4382 
11230 4289 4377 4290 4381 
11231 4366 4379 4376 4382 
11232 170 4376 4366 4379 
11233 4366 4376 4358 4382 
11234 4291 172 4374 4379 
11235 88 4334 4333 4384 
11236 4332 4331 4384 4385 
11237 2772 4330 4334 4384 
11238 88 2772 4334 4384 
11239 2773 4331 89 4384 
11240 2772 90 4330 4384 
11241 90 89 4372 4384 
11242 4287 4299 4298 4386 
11243 4298 4299 4355 4386 
11244 4292 4377 4376 4379 
11245 4376 4382 4378 4387 
11246 4376 4386 4382 4387 
11247 4284 4386 4376 4387 
11248 4374 4379 4366 4382 
11249 4292 4287 170 4376 
11250 4284 4287 4376 4386 
11251 4297 4296 4375 4388 
11252 4296 4295 4375 4388 
11253 4368 4389 4390 4381 
11254 4382 4364 4391 4345 
11255 168 4288 4289 4378 
11256 4367 4353 4354 4391 
11257 4362 4359 4361 4380 
11258 4374 4364 4380 4382 
11259 4367 4354 4363 4391 
11260 4373 4363 4371 4380 
11261 4286 4387 4378 4390 
11262 169 4285 4357 4387 
11263 169 4357 4356 4386 
11264 4295 4369 4368 4388 
11265 4369 4381 4368 4388 
11266 4328 4385 4320 4392 
11267 4306 4392 4300 4393 
11268 4311 4302 4301 4393 
11269 4317 4307 4309 4383 
11270 4321 4392 4312 4393 
11271 4305 4301 4392 4393 
11272 4315 4305 4301 4392 
11273 4324 4307 4317 4383 
11274 4310 4309 4308 4383 
11275 4323 4383 4311 4393 
11276 4339 4327 4325 4383 
11277 4319 4383 4308 4393 
11278 4324 4323 4316 4393 
11279 4322 4313 4305 4392 
11280 4318 4309 4310 4383 
11281 4325 4319 4311 4383 
11282 4329 4313 4322 4392 
11283 4306 4302 4303 4393 
11284 4309 4304 4308 4393 
11285 4328 4312 4321 4392 
11286 4315 4300 4314 4392 
11287 4329 4322 4385 4392 
11288 4315 4314 4385 4392 
11289 4330 4329 4322 4385 
11290 4320 4314 4306 4392 
11291 4306 4300 4302 4393 
11292 4333 4314 4332 4385 
11293 4321 4312 4304 4393 
11294 4321 4313 4392 4393 
11295 4333 4315 4314 4385 
11296 2773 4333 4332 4384 
11297 2770 2773 4333 4332 
11298 4316 4305 4313 4393 
11299 4316 4313 4307 4393 
11300 4324 4316 4307 4393 
11301 4340 4391 4338 4394 
11302 4316 4301 4305 4393 
11303 4324 4383 4323 4393 
11304 4283 168 4289 4378 
11305 4327 4319 4325 4383 
11306 4329 4328 4321 4392 
11307 4319 4303 4302 4393 
11308 4313 4305 4392 4393 
11309 4336 4323 4324 4383 
11310 4336 4335 4383 4394 
11311 4336 4335 4323 4383 
11312 4309 4308 4383 4393 
11313 4320 4385 4314 4392 
11314 4331 4320 4328 4385 
11315 4358 4376 4355 4382 
11316 4312 4306 4303 4393 
11317 4327 4318 4383 4394 
11318 4296 4369 4295 4388 
11319 4340 4318 4326 4394 
11320 4327 4318 4310 4383 
11321 4328 4320 4312 4392 
11322 4322 4315 4385 4392 
11323 4334 4322 4315 4385 
11324 4340 4318 4337 4317 
11325 4380 4382 4364 4391 
11326 4339 4327 4383 4394 
11327 4308 4304 4303 4393 
11328 4329 4385 4328 4392 
11329 4346 4339 4342 4394 
11330 4327 4326 4318 4394 
11331 4342 4341 4391 4394 
11332 4323 4311 4316 4393 
11333 4359 4354 4326 4391 
11334 4346 4391 4343 4394 
11335 4359 4391 4351 4389 
11336 4346 4342 4391 4394 
11337 4344 4391 4341 4394 
11338 4339 4383 4335 4394 
11339 4372 4331 4328 4385 
11340 4372 4384 4331 4385 
11341 89 4331 4372 4384 
11342 4343 4326 4327 4394 
11343 4372 4329 4330 4385 
11344 90 4372 4330 4384 
11345 2772 4294 4334 4330 
11346 4342 4335 4341 4394 
11347 2773 88 4333 4384 
11348 2773 2771 89 4331 
11349 4346 4343 4339 4394 
11350 2770 2771 2773 4332 
11351 4322 4305 4315 4392 
11352 4332 4320 4331 4385 
11353 4334 4315 4333 4385 
11354 2772 90 4294 4330 
11355 2773 2772 88 4384 
11356 4334 4333 4384 4385 
11357 4315 4301 4300 4392 
11358 4324 4307 4383 4393 
11359 4325 4311 4323 4383 
11360 4342 4339 4335 4394 
11361 4349 4338 4345 4391 
11362 4290 4370 4297 4388 
11363 4343 4327 4339 4394 
11364 4354 4340 4326 4391 
11365 4348 4342 4391 4389 
11366 4340 4337 4318 4394 
11367 4343 4391 4326 4394 
11368 4329 4321 4313 4392 
11369 4348 4347 4382 4391 
11370 4347 4341 4344 4391 
11371 4344 4338 4391 4394 
11372 4282 4378 4283 4381 
11373 4337 4317 4318 4383 
11374 4359 4326 4343 4391 
11375 4353 4345 4338 4391 
11376 4340 4326 4391 4394 
11377 4335 4325 4323 4383 
11378 4337 4336 4383 4394 
11379 4351 4391 4346 4389 
11380 4348 4341 4347 4391 
11381 4344 4341 4336 4394 
11382 4290 4297 4375 4388 
11383 4295 4388 4368 4390 
11384 4287 4298 4376 4386 
11385 4288 4292 4377 4376 
11386 4356 4348 4347 4382 
11387 4349 4347 4344 4391 
11388 4367 4363 4380 4391 
11389 4363 4359 4380 4391 
11390 4344 4336 4337 4394 
11391 4290 171 4371 4377 
11392 4346 4391 4342 4389 
11393 4341 4335 4336 4394 
11394 4357 4356 4386 4389 
11395 4365 4357 4387 4389 
11396 4381 4389 4390 4378 
11397 4348 4342 4341 4391 
11398 4289 4292 4293 4377 
11399 4364 4358 4345 4382 
11400 4284 4376 4378 4387 
11401 4378 4382 4380 4389 
11402 4337 4383 4318 4394 
11403 4365 4350 4357 4389 
11404 4284 169 4386 4387 
11405 4369 4361 4360 4380 
11406 4373 4371 4377 4380 
11407 4337 4336 4324 4383 
11408 4286 4285 4387 4390 
11409 4378 4387 4382 4389 
11410 4358 4355 4349 4382 
11411 4378 4380 4381 4389 
11412 4284 4287 4288 4376 
11413 4284 4299 4287 4386 
11414 4374 4366 4364 4382 
11415 4314 4300 4306 4392 
11416 170 4298 4358 4376 
11417 4282 4378 4381 4390 
11418 4288 4287 4292 4376 
11419 4352 4351 4346 4389 
11420 4359 4343 4351 4391 
11421 4284 4378 4286 4387 
11422 170 4287 4298 4376 
11423 4286 4378 4282 4390 
11424 4290 4371 4370 4377 
11425 4374 4364 4367 4380 
11426 4352 4346 4350 4389 
11427 4370 4380 4369 4381 
11428 4363 4354 4359 4391 
11429 4366 4358 4364 4382 
11430 4360 4359 4351 4389 
11431 4389 4380 4381 4368 
11432 4359 4380 4391 4389 
11433 4340 4338 4337 4394 
11434 4371 4363 4362 4380 
11435 4363 4359 4362 4380 
11436 4360 4380 4359 4389 
11437 4371 4370 4377 4380 
11438 4365 4352 4350 4389 
11439 4360 4351 4352 4389 
11440 4282 4381 4388 4390 
11441 4365 4387 4390 4389 
11442 4299 4356 4355 4386 
11443 4364 4345 4353 4391 
11444 4298 4355 4358 4376 
11445 4292 4376 170 4379 
11446 4357 4348 4356 4389 
11447 4368 4380 4360 4389 
11448 4356 4382 4386 4389 
11449 4286 168 4283 4378 
11450 4356 4348 4382 4389 
11451 4344 4337 4338 4394 
11452 4350 4342 4348 4389 
11453 4368 4365 4390 4389 
11454 4369 4380 4368 4381 
11455 4368 4360 4352 4389 
11456 4361 4359 4360 4380 
11457 4370 4362 4361 4380 
11458 4368 4352 4365 4389 
11459 4350 4346 4342 4389 
11460 4284 169 4299 4386 
11461 4369 4360 4368 4380 
11462 4290 4381 4370 4388 
11463 4374 4367 4373 4380 
11464 4290 4375 4381 4388 
11465 167 4368 4365 4390 
11466 4348 4391 4382 4389 
11467 4358 4349 4345 4382 
11468 4282 4388 4295 4390 
11469 4367 4380 4364 4391 
11470 4286 4283 4282 4378 
11471 4355 4382 4376 4386 
11472 4296 4370 4369 4388 
11473 4283 4289 4375 4381 
11474 4370 4361 4369 4380 
11475 4349 4345 4382 4391 
11476 172 4366 4374 4379 
11477 4321 4307 4313 4393 
11478 167 4365 4285 4390 
11479 4354 4353 4340 4391 
11480 4356 4347 4355 4382 
11481 4374 4380 4379 4382 
11482 4374 4373 4379 4380 
11483 4357 4350 4348 4389 
11484 4319 4310 4308 4383 
11485 4380 4382 4391 4389 
11486 4373 4367 4363 4380 
11487 4367 4364 4353 4391 
11488 4377 4378 4380 4381 
11489 4285 4365 4357 4387 
11490 4371 4362 4370 4380 
11491 4370 4381 4369 4388 
11492 4282 4375 4295 4388 
11493 171 4373 4371 4377 
11494 167 4295 4368 4390 
11495 4351 4343 4346 4391 
11496 4282 4381 4375 4388 
11497 4297 4370 4296 4388 
11498 4368 4388 4381 4390 
11499 4353 4338 4340 4391 
11500 4282 4283 4375 4381 
11501 4290 4371 4297 4370 
11502 169 4286 4285 4387 
11503 4290 171 4297 4371 
11504 4293 4291 171 4373 
11505 4334 4330 4322 4385 
11506 2770 2773 88 4333 
11507 2773 4332 4331 4384 
11508 2773 90 2772 4384 
11509 4372 4330 4384 4385 
11510 2773 4332 2771 4331 
11511 4332 4314 4320 4385 
11512 4284 4288 168 4378 
11513 4309 4307 4304 4393 
11514 2773 89 90 4384 
11515 4334 4384 4330 4385 
11516 4337 4324 4317 4383 
11517 4302 4300 4301 4393 
11518 4292 170 172 4379 
11519 169 4356 4299 4386 
11520 4292 172 4293 4379 
11521 4289 4293 4290 4377 
11522 4283 4378 4289 4381 
11523 4286 167 4285 4390 
11524 4290 4293 171 4377 
11525 4293 4373 4377 4379 
11526 4320 4306 4312 4392 
11527 4349 4382 4347 4391 
11528 4298 4355 4376 4386 
11529 4290 4377 4370 4381 
11530 4286 4282 167 4390 
11531 4293 4291 4373 4379 
11532 4378 4390 4387 4389 
11533 4301 4300 4392 4393 
11534 4293 172 4291 4379 
11535 4377 4380 4378 4382 
11536 4291 4374 4373 4379 
11537 4355 4347 4349 4382 
11538 4285 4365 4387 4390 
11539 4284 168 4286 4378 
11540 4357 4386 4387 4389 
11541 169 4357 4386 4387 
11542 4284 4286 169 4387 
11543 4356 4382 4355 4386 
11544 4312 4392 4306 4393 
11545 4312 4303 4304 4393 
11546 4327 4310 4319 4383 
11547 88 2772 4294 4334 
11548 4288 4292 4289 4377 
11549 4288 4377 4289 4378 
11550 4309 4383 4307 4393 
11551 4284 4376 4288 4378 
11552 4321 4304 4307 4393 
11553 4372 4328 4329 4385 
11554 4382 4387 4386 4389 
11555 4289 4290 4375 4381 
11556 4292 4293 4377 4379 
11557 4319 4311 4383 4393 
11558 4319 4308 4303 4393 
11559 4333 4332 4384 4385 
11560 4319 4302 4311 4393 
11561 4293 4373 171 4377 
11562 4289 4378 4377 4381 
11563 4349 4344 4338 4391 
11564 4316 4311 4301 4393 
11565 167 4282 4295 4390 
11566 4395 4496 4401 4497 
11567 173 4469 4400 4496 
11568 4487 4475 4484 4498 
11569 4484 4475 4473 4499 
11570 4476 4459 4467 4499 
11571 173 4477 4469 4496 
11572 4477 4496 4500 4501 
11573 4497 4502 4503 4504 
11574 4403 4497 4496 4502 
11575 4395 173 4496 4500 
11576 4403 4401 4496 4497 
11577 4395 4497 4396 4500 
11578 4441 4431 4424 4505 
11579 4493 4498 4490 4506 
11580 4411 4494 4506 4507 
11581 4412 4410 4411 4507 
11582 4409 4506 4490 4508 
11583 4494 4498 4506 4507 
11584 4410 178 4411 4494 
11585 4409 178 4493 4506 
11586 4495 4503 4502 4509 
11587 4399 4495 4502 4509 
11588 4420 4419 4495 4509 
11589 4399 4502 4420 4509 
11590 4489 4488 4503 4510 
11591 4489 4503 4486 4510 
11592 4482 4471 4468 4511 
11593 4489 4486 4482 4510 
11594 4483 4482 4472 4510 
11595 4501 4504 4510 4511 
11596 4487 4491 4474 4498 
11597 4493 4487 4484 4498 
11598 4395 4396 4408 4500 
11599 4494 4491 4498 4507 
11600 4494 4498 4493 4506 
11601 4407 4414 4408 4508 
11602 4395 4408 4416 4500 
11603 4409 4493 4490 4506 
11604 4417 4478 4416 4500 
11605 4414 4506 4508 4512 
11606 177 4409 4490 4508 
11607 4490 4501 4508 4512 
11608 177 4479 4417 4508 
11609 4490 4498 4476 4501 
11610 4490 4501 4479 4508 
11611 4479 4501 4478 4508 
11612 4405 4404 4513 4514 
11613 4503 4512 4510 4514 
11614 4503 4497 4513 4397 
11615 4512 4513 4515 4413 
11616 4507 4512 4513 4514 
11617 4497 4500 4501 4508 
11618 4498 4506 4507 4512 
11619 4490 4484 4476 4498 
11620 4414 4507 4506 4512 
11621 4395 4401 4396 4497 
11622 4501 4510 4503 4512 
11623 4463 4516 4457 4517 
11624 4486 4503 4504 4510 
11625 4485 4474 4498 4510 
11626 4403 4497 4398 4402 
11627 4432 4425 4421 4518 
11628 4480 4502 4496 4504 
11629 4486 4503 4502 4504 
11630 4488 4509 4503 4514 
11631 4472 4470 4510 4511 
11632 4412 4404 176 4507 
11633 176 4418 4491 4514 
11634 4498 4512 4507 4514 
11635 4398 4495 4405 4503 
11636 4488 4503 4510 4514 
11637 4408 177 4417 4508 
11638 4405 4513 4503 4514 
11639 4497 4503 4501 4504 
11640 4497 4398 4503 4502 
11641 4403 4496 4400 4502 
11642 175 4400 4480 4502 
11643 4489 4502 4503 4509 
11644 4420 4486 4489 4502 
11645 4398 4502 4495 4503 
11646 4413 4512 4407 4515 
11647 4399 175 4420 4502 
11648 4485 4510 4498 4514 
11649 4414 4411 4506 4507 
11650 4494 4491 4487 4498 
11651 4438 4431 4426 4518 
11652 4442 4441 4424 4505 
11653 4428 4421 4422 4519 
11654 4447 4505 4445 4517 
11655 4433 4425 4432 4505 
11656 4446 4443 4505 4517 
11657 4452 4440 4429 4520 
11658 4439 4432 4421 4518 
11659 4417 4478 4500 4508 
11660 4450 4428 4437 4520 
11661 4429 4519 4428 4520 
11662 4448 4437 4436 4519 
11663 4473 4464 4458 4517 
11664 4427 4422 4518 4519 
11665 4430 4505 4424 4518 
11666 4443 4430 4433 4505 
11667 4446 4433 4434 4505 
11668 4456 4441 4442 4517 
11669 4434 4432 4426 4505 
11670 4455 4445 4441 4517 
11671 4430 4424 4423 4518 
11672 4429 4421 4428 4519 
11673 4439 4518 4421 4519 
11674 4448 4437 4519 4520 
11675 4433 4430 4425 4505 
11676 4447 4434 4426 4505 
11677 4443 4442 4505 4517 
11678 4447 4426 4445 4505 
11679 4447 4435 4434 4517 
11680 4458 4447 4445 4517 
11681 4442 4441 4505 4517 
11682 4437 4428 4519 4520 
11683 4439 4438 4518 4519 
11684 4454 4437 4448 4520 
11685 4432 4505 4425 4518 
11686 4439 4438 4426 4518 
11687 4431 4505 4426 4518 
11688 4432 4426 4505 4518 
11689 4451 4428 4450 4520 
11690 4449 4519 4440 4520 
11691 4446 4443 4433 4505 
11692 4439 4421 4429 4519 
11693 4453 4449 4440 4520 
11694 2769 4452 2767 4451 
11695 4447 4434 4505 4517 
11696 4425 4422 4421 4518 
11697 4400 4496 4480 4502 
11698 4458 4445 4455 4517 
11699 4456 4455 4441 4517 
11700 4444 4442 4443 4517 
11701 4438 4436 4431 4518 
11702 4422 4421 4518 4519 
11703 4461 4456 4460 4516 
11704 4464 4435 4447 4517 
11705 4476 4498 4499 4501 
11706 4464 4463 4435 4517 
11707 4449 4448 4519 4520 
11708 4452 4429 4451 4520 
11709 4460 4456 4444 4516 
11710 4434 4433 4432 4505 
11711 4395 4496 4497 4500 
11712 4463 4446 4435 4517 
11713 4473 4470 4464 4516 
11714 4461 4499 4459 4516 
11715 4459 4458 4455 4517 
11716 4445 4426 4431 4505 
11717 4456 4442 4444 4517 
11718 4457 4443 4446 4517 
11719 4454 4450 4437 4520 
11720 4492 4448 4449 4520 
11721 4431 4424 4505 4518 
11722 4461 4460 4499 4516 
11723 4492 4449 4453 4520 
11724 4462 4460 4444 4516 
11725 2769 4492 4453 4520 
11726 86 2769 4492 4453 
11727 85 4492 2768 4454 
11728 4492 4454 4448 4520 
11729 2768 4415 4454 4450 
11730 87 4451 2768 2769 
11731 4453 4440 4452 4520 
11732 2769 2767 87 4451 
11733 86 2766 2769 4453 
11734 2769 4452 4451 4520 
11735 4430 4423 4425 4518 
11736 86 2769 85 4492 
11737 87 4415 2768 4450 
11738 2769 4492 2768 85 
11739 2768 4450 4454 4520 
11740 85 2768 4415 4454 
11741 4436 4423 4424 4518 
11742 4461 4455 4456 4517 
11743 4446 4434 4435 4517 
11744 4449 4438 4439 4519 
11745 4445 4505 4441 4517 
11746 4456 4444 4516 4517 
11747 4457 4516 4444 4517 
11748 4470 4511 4499 4475 
11749 4461 4456 4516 4517 
11750 4470 4463 4464 4516 
11751 4467 4461 4466 4499 
11752 4395 4416 173 4500 
11753 4460 4511 4499 4516 
11754 4472 4468 4463 4516 
11755 4482 4472 4510 4511 
11756 4472 4463 4470 4516 
11757 4443 4442 4430 4505 
11758 4464 4516 4463 4517 
11759 4468 4462 4457 4516 
11760 4468 4457 4463 4516 
11761 4406 174 4515 4407 
11762 4473 4516 4464 4517 
11763 4461 4516 4459 4517 
11764 4445 4431 4441 4505 
11765 4473 4459 4499 4516 
11766 4473 4458 4459 4517 
11767 4466 4461 4460 4499 
11768 4449 4439 4440 4519 
11769 4408 4417 4500 4508 
11770 4478 4466 4477 4501 
11771 4462 4444 4457 4516 
11772 4470 4499 4511 4516 
11773 4477 4501 4466 4511 
11774 4484 4476 4498 4499 
11775 4481 4470 4474 4510 
11776 4471 4465 4462 4511 
11777 4481 4472 4470 4510 
11778 4472 4470 4511 4516 
11779 4475 4470 4473 4499 
11780 4473 4459 4516 4517 
11781 4471 4510 4504 4511 
11782 4498 4510 4501 4512 
11783 4408 4500 4396 4508 
11784 4408 4414 177 4508 
11785 4476 4499 4467 4501 
11786 4471 4504 4469 4511 
11787 4466 4460 4465 4511 
11788 4491 4498 4507 4514 
11789 174 4396 4402 4497 
11790 4497 4508 4407 4396 
11791 4400 4469 4480 4496 
11792 4497 4513 4515 4512 
11793 4480 4496 4469 4504 
11794 4416 4478 4477 4500 
11795 4469 4504 4501 4511 
11796 4477 4466 4465 4511 
11797 4486 4504 4471 4510 
11798 4397 4398 4503 4497 
11799 4488 4510 4485 4514 
11800 4482 4510 4471 4511 
11801 4468 4511 4462 4516 
11802 4485 4481 4474 4510 
11803 4412 4507 4413 4513 
11804 4479 4467 4478 4501 
11805 4482 4468 4472 4511 
11806 4503 4513 4512 4514 
11807 4486 4471 4482 4510 
11808 4430 4425 4505 4518 
11809 4499 4511 4501 4498 
11810 4508 4500 4396 4497 
11811 4471 4469 4465 4511 
11812 4488 4483 4481 4510 
11813 4413 4507 4512 4513 
11814 4475 4511 4499 4498 
11815 4475 4473 4470 4464 
11816 4484 4473 4476 4499 
11817 176 4507 4404 4514 
11818 4478 4467 4466 4501 
11819 4476 4473 4459 4499 
11820 4470 4474 4510 4475 
11821 4472 4511 4468 4516 
11822 4475 4474 4510 4498 
11823 4401 4402 4396 4497 
11824 4510 4475 4511 4470 
11825 4484 4498 4475 4499 
11826 4410 176 4494 4507 
11827 4491 4485 4474 4498 
11828 4489 4482 4483 4510 
11829 4463 4457 4446 4517 
11830 4490 4476 4479 4501 
11831 4501 4504 4503 4510 
11832 4461 4459 4455 4517 
11833 4414 4413 4507 4512 
11834 4467 4499 4466 4501 
11835 4497 4508 4501 4512 
11836 4493 4484 4490 4498 
11837 4498 4511 4501 4510 
11838 4466 4501 4499 4511 
11839 4438 4436 4518 4519 
11840 4396 4508 4407 4408 
11841 4402 4497 4397 174 
11842 4407 4413 4414 4512 
11843 4412 4404 4507 4513 
11844 177 4490 4479 4508 
11845 4448 4436 4438 4519 
11846 4462 4511 4460 4516 
11847 4408 4417 4416 4500 
11848 173 4477 4496 4500 
11849 4407 4508 4497 4512 
11850 4487 4474 4475 4498 
11851 4496 4497 4500 4501 
11852 4494 4487 4493 4498 
11853 4403 4400 175 4502 
11854 4486 4502 4480 4504 
11855 4399 4403 175 4502 
11856 4483 4472 4481 4510 
11857 4466 4499 4460 4511 
11858 175 4486 4420 4502 
11859 176 4491 4494 4507 
11860 4469 4496 4501 4504 
11861 4478 4477 4500 4501 
11862 4405 4495 4404 4514 
11863 173 4416 4477 4500 
11864 4419 4495 4509 4514 
11865 4489 4502 4486 4503 
11866 4488 4481 4485 4510 
11867 4442 4424 4430 4505 
11868 4498 4510 4512 4514 
11869 4457 4444 4443 4517 
11870 4419 4509 4488 4514 
11871 176 4491 4507 4514 
11872 4398 4405 4397 4503 
11873 4398 4399 4495 4502 
11874 4490 4506 4498 4512 
11875 4436 4424 4431 4518 
11876 4491 4485 4498 4514 
11877 4480 4469 4471 4504 
11878 4477 4469 4501 4511 
11879 4465 4460 4462 4511 
11880 4418 4485 4491 4514 
11881 4490 4508 4506 4512 
11882 4404 4507 4513 4514 
11883 4418 4488 4485 4514 
11884 4498 4475 4511 4510 
11885 4449 4448 4438 4519 
11886 4478 4501 4500 4508 
11887 4439 4426 4432 4518 
11888 4410 4494 4411 4507 
11889 4404 4495 4418 4514 
11890 4497 4501 4503 4512 
11891 4407 174 4515 4497 
11892 4399 4420 4495 4509 
11893 174 4407 4396 4497 
11894 4477 4465 4469 4511 
11895 4395 173 4401 4496 
11896 4436 4427 4423 4518 
11897 4414 4506 4409 4508 
11898 4417 4479 4478 4508 
11899 178 4494 4493 4506 
11900 4471 4462 4468 4511 
11901 4495 4503 4509 4514 
11902 4520 4492 2768 2769 
11903 2769 4451 2768 4520 
11904 2769 2766 2767 4452 
11905 4450 4451 2768 87 
11906 4520 4451 2768 4450 
11907 4454 4492 2768 4520 
11908 2769 4453 4452 4520 
11909 4425 4423 4422 4518 
11910 4451 4429 4428 4520 
11911 4464 4447 4458 4517 
11912 4513 4406 4405 4397 
11913 2769 4453 2766 4452 
11914 4401 173 4400 4496 
11915 4419 4489 4488 4509 
11916 178 4411 4494 4506 
11917 4467 4459 4461 4499 
11918 4412 4411 4413 4507 
11919 4436 4427 4518 4519 
11920 175 4480 4486 4502 
11921 4489 4503 4488 4509 
11922 4413 4406 4405 4513 
11923 176 4404 4418 4514 
11924 4414 4409 177 4508 
11925 4477 4469 4496 4501 
11926 4409 4411 178 4506 
11927 4427 4422 4423 4518 
11928 4412 4413 4405 4513 
11929 4406 4515 4513 4413 
11930 4419 4488 4418 4514 
11931 4428 4422 4427 4519 
11932 4489 4483 4488 4510 
11933 4405 4503 4495 4514 
11934 4397 4503 4405 4513 
11935 4473 4499 4470 4516 
11936 4440 4439 4429 4519 
11937 4412 4405 4404 4513 
11938 4437 4428 4427 4519 
11939 4446 4505 4434 4517 
11940 4437 4427 4436 4519 
11941 4412 176 4410 4507 
11942 4497 4512 4503 4513 
11943 4397 174 4515 4406 
11944 4397 4515 4513 4406 
11945 4496 4502 4497 4504 
11946 4479 4476 4467 4501 
11947 4398 4402 4497 4397 
11948 4407 4414 4508 4512 
11949 4420 4502 4489 4509 
11950 4419 4418 4495 4514 
11951 4440 4519 4429 4520 
11952 4490 4498 4501 4512 
11953 4403 4402 4401 4497 
11954 4414 4413 4411 4507 
11955 4486 4480 4471 4504 
11956 4502 4403 4497 4398 
11957 4496 4497 4501 4504 
11958 4414 4411 4409 4506 
11959 4398 4403 4399 4502 
11960 4403 4401 4400 4496 
11961 4420 4489 4419 4509 
11962 4413 4515 4407 4406 
11963 4515 4512 4407 4497 
11964 4497 4397 174 4515 
11965 4397 4497 4513 4515 
18917 6773 6772 6769 6849 
18918 6784 6772 6773 6849 
18919 6779 6764 6778 6850 
18920 6761 328 327 6840 
18921 6782 6770 6771 6849 
18922 6781 6777 6770 6849 
18923 6779 6771 6770 6850 
18924 6777 6764 6770 6850 
18925 6783 6782 6771 6849 
18926 6785 6784 6849 6851 
18927 6784 6783 6849 6851 
18928 6785 6784 6773 6849 
18929 6779 6769 6771 6850 
18930 6776 6775 6766 6850 
18931 6789 6850 6768 6852 
18932 6786 6785 6774 6849 
18933 6785 6773 6774 6849 
18934 6771 6769 6849 6850 
18935 6784 6783 6772 6849 
18936 6798 6797 6783 6851 
18937 6799 6785 6786 6851 
18938 6799 6793 6785 6851 
18939 6788 6787 6776 6849 
18940 6777 6767 6764 6850 
18941 6774 6773 6765 6849 
18942 6789 6767 6766 6850 
18943 6800 6799 6786 6851 
18944 6775 6774 6768 6850 
18945 6776 6849 6775 6850 
18946 6789 6778 6767 6850 
18947 6777 6770 6849 6850 
18948 6787 6786 6775 6849 
18949 6800 6786 6787 6851 
18950 6782 6781 6770 6849 
18951 6783 6782 6849 6851 
18952 6801 6800 6787 6851 
18953 6774 6849 6765 6850 
18954 6779 6770 6764 6850 
18955 6783 6771 6772 6849 
18956 6807 6798 6793 6853 
18957 6796 6794 6781 6851 
18958 6789 6766 6768 6850 
18959 6779 6850 6778 6852 
18960 6786 6785 6849 6851 
18961 6778 6764 6767 6850 
18962 6798 6784 6793 6851 
18963 6773 6769 6765 6849 
18964 6801 6788 6794 6851 
18965 6793 6784 6785 6851 
18966 6792 6768 6850 6852 
18967 6788 6787 6849 6851 
18968 6807 6853 6806 6854 
18969 6814 6813 6797 6853 
18970 6811 6805 6795 6852 
18971 6798 6783 6784 6851 
18972 6787 6775 6776 6849 
18973 6795 6792 6779 6852 
18974 6792 6769 6779 6850 
18975 6807 6793 6806 6853 
18976 6816 6815 6800 6853 
18977 6806 6793 6799 6853 
18978 6787 6786 6849 6851 
18979 6808 6794 6796 6853 
18980 6780 6779 6778 6852 
18981 6815 6799 6800 6853 
18982 6791 6789 6768 6852 
18983 6788 6777 6781 6849 
18984 6792 6791 6768 6852 
18985 6818 6805 6802 6791 
18986 6802 6790 6789 6852 
18987 6804 6790 6802 6855 
18988 6794 6788 6781 6851 
18989 6834 6818 6805 6855 
18990 6797 6782 6783 6851 
18991 6802 6789 6791 6852 
18992 6792 6850 6779 6852 
18993 6813 6808 6796 6853 
18994 6788 6849 6781 6851 
18995 6813 6796 6797 6853 
18996 6815 6806 6799 6853 
18997 6803 6852 6790 6855 
18998 6815 6806 6853 6854 
18999 6809 6801 6794 6853 
19000 6832 6831 6803 6855 
19001 6782 6781 6849 6851 
19002 6786 6774 6775 6849 
19003 6803 6778 6789 6852 
19004 6824 6820 6854 6856 
19005 6811 6852 6810 6855 
19006 6795 6779 6780 6852 
19007 6760 6857 324 6858 
19008 6777 6849 6776 6850 
19009 6798 6797 6851 6853 
19010 325 6827 6763 6859 
19011 6822 6817 6854 6856 
19012 6816 6801 6809 6853 
19013 6823 6814 6821 6854 
19014 6802 6790 6852 6855 
19015 6792 6768 6765 6850 
19016 6809 6794 6808 6853 
19017 6810 6780 6803 6852 
19018 6816 6800 6801 6853 
19019 6825 6824 6816 6854 
19020 6800 6799 6851 6853 
19021 6814 6798 6807 6853 
19022 6820 6812 6854 6856 
19023 6816 6853 6809 6854 
19024 6805 6802 6791 6852 
19025 6810 6852 6803 6855 
19026 6772 6771 6769 6849 
19027 6818 6802 6805 6855 
19028 158 160 6836 6860 
19029 159 6844 6841 6861 
19030 6845 6833 6842 6861 
19031 4036 6830 6845 6860 
19032 6809 6853 6808 6854 
19033 6834 6842 6819 6835 
19034 6759 6838 325 6858 
19035 6843 6842 6835 6861 
19036 6819 6811 6810 6855 
19037 326 6763 6826 6862 
19038 6811 6795 6810 6852 
19039 6825 6816 6809 6854 
19040 6842 6833 6818 6855 
19041 6796 6794 6851 6853 
19042 6823 6854 6821 6856 
19043 6811 6805 6852 6855 
19044 6797 6796 6851 6853 
19045 6801 6851 6794 6853 
19046 6814 6813 6853 6854 
19047 6823 6822 6854 6856 
19048 6814 6797 6798 6853 
19049 6801 6800 6851 6853 
19050 6813 6808 6853 6854 
19051 6814 6853 6807 6854 
19052 158 6830 4036 6860 
19053 6832 6855 6804 6861 
19054 6835 6819 6834 6811 
19055 6798 6851 6793 6853 
19056 6822 6817 6808 6854 
19057 6799 6793 6851 6853 
19058 6769 6765 6849 6850 
19059 330 6829 6828 6857 
19060 6838 6821 6827 6856 
19061 6823 6822 6813 6854 
19062 6836 6830 6860 6861 
19063 6821 6814 6807 6854 
19064 6838 6856 6827 6859 
19065 326 6837 6761 6862 
19066 6824 6815 6816 6854 
19067 6831 6819 6810 6855 
19068 4040 160 6860 6861 
19069 6837 6820 6824 6856 
19070 325 6858 6838 6859 
19071 6839 6823 6838 6856 
19072 6837 6826 6820 6856 
19073 6821 6854 6812 6856 
19074 6833 6804 6855 6861 
19075 6829 6856 6828 6857 
19076 6823 6813 6814 6854 
19077 6796 6781 6782 6851 
19078 6825 6809 6817 6854 
19079 6760 6857 6858 6862 
19080 4037 4036 6845 6860 
19081 6840 6825 6829 6856 
19082 6836 6804 6830 6861 
19083 6817 6809 6808 6854 
19084 6816 6815 6853 6854 
19085 160 6836 6860 6861 
19086 6838 6823 6821 6856 
19087 6840 6824 6825 6856 
19088 4037 6845 6847 6860 
19089 6832 6803 6790 6855 
19090 6833 6802 6818 6855 
19091 6863 6857 6828 6858 
19092 6848 6831 6832 6861 
19093 6758 6760 6858 6859 
19094 6828 6857 6856 6858 
19095 6827 6812 6826 6856 
19096 6797 6796 6782 6851 
19097 6758 6858 325 6859 
19098 6835 6842 6819 6861 
19099 6831 6819 6855 6861 
19100 6848 6832 6836 6861 
19101 323 6858 6863 6839 
19102 160 6848 329 6836 
19103 6829 6817 6828 6856 
19104 6805 6792 6795 6852 
19105 6858 6759 323 324 
19106 6839 6828 6856 6858 
19107 6839 6828 6822 6856 
19108 324 6858 6863 323 
19109 6838 6858 6856 6859 
19110 6828 6817 6822 6856 
19111 6805 6802 6852 6855 
19112 6763 6859 6826 6862 
19113 6833 6804 6802 6855 
19114 6759 6839 6838 6858 
19115 6840 6856 6829 6857 
19116 6825 6854 6817 6856 
19117 6758 6763 6760 6859 
19118 6763 6827 6826 6859 
19119 6820 6812 6806 6854 
19120 6758 325 6763 6859 
19121 6837 6826 6856 6862 
19122 327 328 330 6829 
19123 6821 6807 6812 6854 
19124 6805 6791 6792 6852 
19125 6826 6812 6820 6856 
19126 6827 6821 6812 6856 
19127 6760 327 330 6857 
19128 327 6840 6829 6857 
19129 6761 6840 327 6862 
19130 6845 6830 6833 6861 
19131 6861 6842 6819 6855 
19132 6801 6787 6788 6851 
19133 6829 6825 6817 6856 
19134 4040 6846 6844 6861 
19135 6847 6843 6846 6861 
19136 6847 6845 6842 6861 
19137 6836 6832 6804 6861 
19138 6858 6862 6859 6760 
19139 6824 6820 6815 6854 
19140 6844 6835 6819 6861 
19141 6774 6765 6768 6850 
19142 6839 6856 6838 6858 
19143 4040 6860 6847 6861 
19144 6846 6843 6835 6861 
19145 159 6762 160 6841 
19146 6840 6837 6856 6862 
19147 6843 6835 6842 6834 
19148 6847 6842 6843 6861 
19149 6826 6859 6856 6862 
19150 6832 6790 6804 6855 
19151 6855 6842 6819 6834 
19152 6831 6810 6803 6855 
19153 6840 6856 6857 6862 
19154 6777 6776 6767 6850 
19155 6845 6860 6830 6861 
19156 160 6841 6848 6861 
19157 6825 6824 6854 6856 
19158 6776 6766 6767 6850 
19159 6856 6862 6859 6858 
19160 325 6838 6827 6859 
19161 6842 6833 6855 6861 
19162 6761 6837 6840 6862 
19163 6803 6789 6790 6852 
19164 6842 6818 6834 6855 
19165 326 6761 6760 6862 
19166 6862 6857 6858 6856 
19167 330 324 6863 323 
19168 6760 6859 6763 6862 
19169 6840 6837 6824 6856 
19170 6839 6822 6823 6856 
19171 6812 6807 6806 6854 
19172 160 6848 6836 6861 
19173 324 6758 6760 6858 
19174 6841 6819 6831 6861 
19175 6844 6819 6841 6861 
19176 160 6762 6848 6841 
19177 158 160 329 6836 
19178 160 6762 329 6848 
19179 6788 6776 6777 6849 
19180 6839 6759 323 6858 
19181 6832 6831 6855 6861 
19182 6847 6860 6845 6861 
19183 4037 6847 4040 6860 
19184 6833 6830 6804 6861 
19185 6834 6805 6811 6855 
19186 4040 6847 6846 6861 
19187 4040 6846 4039 6844 
19188 4040 4039 159 6844 
19189 158 6836 6830 6860 
19190 4038 4040 6847 6846 
19191 6846 6835 6844 6861 
19192 4037 4040 4036 6860 
19193 6775 6768 6766 6850 
19194 6820 6806 6815 6854 
19195 4040 159 160 6861 
19196 4040 160 158 6860 
19197 4038 4039 4040 6846 
19198 4037 4038 4040 6847 
19199 4040 158 4036 6860 
19200 159 6841 160 6861 
19201 4040 6844 159 6861 
19202 6760 6761 327 6862 
19203 6827 6856 6826 6859 
19204 330 6760 6857 324 
19205 327 6829 330 6857 
19206 330 6863 6857 6828 
19207 6758 6759 325 6858 
19208 6792 6765 6769 6850 
19209 326 6826 6837 6862 
19210 6834 6811 6819 6855 
19211 6822 6808 6813 6854 
19212 324 6759 6758 6858 
19213 327 6840 6857 6862 
19214 326 6760 6763 6862 
19215 6760 327 6857 6862 
19216 327 6840 328 6829 
19217 6771 6849 6770 6850 
19218 6803 6780 6778 6852 
19219 6789 6778 6850 6852 
19220 6775 6849 6774 6850 
19221 6848 6841 6831 6861 
19222 6810 6795 6780 6852 
19223 324 6857 6863 6858 
19224 330 6863 6828 323 
19225 6858 6828 6863 6839 
19226 6828 6863 6839 323 
19227 330 324 6857 6863 
19228 6901 6900 6880 6957 
19229 6886 6876 6958 6959 
19230 6890 6878 6957 6958 
19231 6898 6878 6888 6957 
19232 6900 6888 6879 6957 
19233 6882 6872 6873 6958 
19234 6915 6881 6890 6957 
19235 6887 6958 6877 6959 
19236 6889 6881 6957 6958 
19237 6897 6959 6892 6960 
19238 6884 6874 6875 6959 
19239 6915 6957 6902 6961 
19240 6905 6892 6959 6960 
19241 6885 6884 6875 6959 
19242 6896 6885 6876 6959 
19243 6889 6957 6880 6958 
19244 6887 6886 6958 6959 
19245 6905 6882 6894 6959 
19246 6896 6885 6959 6960 
19247 6897 6896 6959 6960 
19248 6883 6882 6873 6958 
19249 6900 6879 6880 6957 
19250 6889 6872 6877 6958 
19251 6891 6959 6884 6960 
19252 6892 6887 6877 6959 
19253 6941 6914 6926 6961 
19254 6905 6892 6877 6959 
19255 6907 6891 6960 6906 
19256 6897 6896 6886 6959 
19257 6901 6880 6889 6957 
19258 6896 6876 6886 6959 
19259 6890 6886 6871 6958 
19260 6909 6897 6904 6960 
19261 6920 6960 6906 6962 
19262 6904 6892 6893 6960 
19263 6894 6883 6891 6959 
19264 6879 6878 6873 6957 
19265 6915 6889 6881 6957 
19266 6895 6884 6885 6960 
19267 6915 6901 6889 6957 
19268 6902 6890 6898 6957 
19269 6898 6890 6878 6957 
19270 6902 6957 6898 6961 
19271 6888 6878 6879 6957 
19272 6897 6887 6892 6959 
19273 6921 6907 6895 6962 
19274 6866 6963 6964 6965 
19275 6960 6907 6962 6895 
19276 6920 6919 6960 6962 
19277 6905 6893 6892 6960 
19278 6918 6910 6904 6962 
19279 6905 6959 6894 6960 
19280 6906 6907 6962 6960 
19281 6909 6960 6904 6962 
19282 6908 6895 6960 6962 
19283 6911 6898 6888 6961 
19284 6894 6882 6883 6959 
19285 6880 6957 6873 6958 
19286 6895 6891 6884 6960 
19287 6914 6912 6900 6961 
19288 6964 6965 6963 6966 
19289 6920 6905 6894 6960 
19290 6922 6909 6910 6962 
19291 6912 6911 6888 6961 
19292 6905 6877 6882 6959 
19293 6908 6895 6885 6960 
19294 6911 6924 6967 6912 
19295 6911 6899 6961 6967 
19296 6909 6908 6896 6960 
19297 6911 6899 6898 6961 
19298 6913 6903 6899 6961 
19299 6916 6902 6903 6961 
19300 6895 6891 6960 6907 
19301 6916 6915 6902 6961 
19302 6894 6959 6891 6960 
19303 6876 6875 6958 6959 
19304 6950 6949 6963 6966 
19305 6889 6880 6872 6958 
19306 6940 6912 6914 6961 
19307 6938 6899 6911 6967 
19308 6909 6896 6897 6960 
19309 6904 6897 6892 6960 
19310 6920 6894 6906 6960 
19311 6933 6910 6923 6962 
19312 6890 6881 6886 6958 
19313 6882 6877 6958 6959 
19314 6913 6961 6899 6967 
19315 6922 6921 6908 6962 
19316 6880 6873 6872 6958 
19317 6915 6901 6957 6961 
19318 6931 6919 6920 6962 
19319 6926 6901 6915 6961 
19320 6919 6893 6905 6960 
19321 6912 6888 6900 6961 
19322 6932 6921 6922 6962 
19323 6884 6883 6874 6959 
19324 6919 6893 6960 6962 
19325 6875 6874 6958 6959 
19326 6910 6909 6904 6962 
19327 6944 6967 6925 6968 
19328 6927 6903 6913 6961 
19329 6938 6911 6924 6967 
19330 6953 6952 6967 6968 
19331 6865 6950 6949 6963 
19332 6953 6967 6944 6968 
19333 6900 6888 6957 6961 
19334 6946 6941 6961 6967 
19335 6927 6961 6913 6967 
19336 6938 6913 6899 6967 
19337 6946 6926 6916 6961 
19338 6940 6912 6961 6967 
19339 6945 6943 6940 6967 
19340 6909 6908 6960 6962 
19341 6922 6908 6909 6962 
19342 6928 6917 6907 6962 
19343 332 6865 6864 6963 
19344 6908 6885 6896 6960 
19345 6943 6942 6967 6968 
19346 6933 6932 6922 6962 
19347 6914 6900 6901 6961 
19348 157 6939 6869 6969 
19349 6869 6939 6942 6969 
19350 6929 6962 6917 6966 
19351 6931 6930 6962 6966 
19352 6949 6929 6935 6966 
19353 4033 6942 6968 6969 
19354 6918 6904 6893 6962 
19355 332 6864 6866 6963 
19356 6942 6939 6968 6969 
19357 6939 6925 6968 6969 
19358 6933 6922 6910 6962 
19359 6929 6906 6917 6962 
19360 6923 6910 6918 6962 
19361 6930 6918 6919 6962 
19362 6946 6916 6927 6961 
19363 6885 6884 6959 6960 
19364 6917 6906 6907 6962 
19365 6920 6919 6905 6960 
19366 6926 6914 6901 6961 
19367 332 331 6950 6936 
19368 6932 6928 6921 6962 
19369 6890 6957 6881 6958 
19370 6931 6920 6929 6962 
19371 4034 4033 6968 6969 
19372 6951 6933 6937 6966 
19373 336 335 6970 337 
19374 6953 6946 6927 6967 
19375 6931 6930 6919 6962 
19376 6933 6962 6923 6966 
19377 6903 6902 6898 6961 
19378 6945 6940 6941 6967 
19379 6946 6961 6927 6967 
19380 6967 6912 6961 6911 
19381 6939 6925 6938 6967 
19382 6952 6945 6967 6968 
19383 6941 6940 6961 6967 
19384 4034 4035 6969 6971 
19385 157 6925 6939 6969 
19386 6906 6894 6891 6960 
19387 6944 6968 6925 6969 
19388 6887 6886 6881 6958 
19389 6928 6917 6962 6966 
19390 6898 6957 6888 6961 
19391 6943 6924 6940 6967 
19392 6938 6925 6913 6967 
19393 157 4032 6944 6969 
19394 334 6948 6867 6964 
19395 6935 6917 6934 6966 
19396 6964 6867 6970 6951 
19397 6928 6907 6921 6962 
19398 6944 6927 6913 6967 
19399 6941 6940 6914 6961 
19400 6950 6930 6931 6966 
19401 6867 335 6965 6970 
19402 6929 6920 6906 6962 
19403 6901 6900 6957 6961 
19404 6949 6963 6966 6972 
19405 333 6949 6935 6972 
19406 6932 6928 6962 6966 
19407 6864 6866 6963 6972 
19408 6904 6960 6893 6962 
19409 6949 6931 6929 6966 
19410 6933 6932 6962 6966 
19411 6935 6929 6917 6966 
19412 334 6870 6934 6964 
19413 6948 6934 6928 6966 
19414 6950 6931 6949 6966 
19415 6878 6873 6957 6958 
19416 6937 6936 6965 6966 
19417 6936 6923 6930 6966 
19418 6864 6963 6865 6972 
19419 6949 6966 6935 6972 
19420 6882 6877 6872 6958 
19421 6951 6932 6933 6966 
19422 6935 6966 6934 6972 
19423 6946 6941 6926 6961 
19424 6934 6966 6964 6972 
19425 6870 6935 6934 6972 
19426 6937 6923 6936 6966 
19427 332 6936 6950 6965 
19428 332 337 6936 6965 
19429 337 6937 6936 6965 
19430 6950 6936 6930 6966 
19431 6951 6937 6964 6966 
19432 6930 6923 6962 6966 
19433 6865 6949 333 6972 
19434 6867 6948 6951 6964 
19435 6965 6867 6964 6866 
19436 334 6866 6870 6964 
19437 337 335 6970 6965 
19438 6948 6964 6934 6966 
19439 6864 333 6870 6972 
19440 4034 4035 4033 6969 
19441 6950 6965 6936 6966 
19442 6915 6890 6902 6957 
19443 6937 6965 6964 6966 
19444 6912 6924 6967 6940 
19445 157 6869 4033 6969 
19446 6954 6968 6944 6969 
19447 6939 6925 6967 6968 
19448 6891 6883 6884 6959 
19449 4033 6869 6868 6942 
19450 6870 6934 6964 6972 
19451 4033 6868 6943 6942 
19452 6942 6939 6967 6968 
19453 6956 6945 6952 6968 
19454 4033 6942 6943 6968 
19455 6942 6938 6924 6967 
19456 6956 6968 6955 6971 
19457 6945 6943 6967 6968 
19458 6944 6913 6925 6967 
19459 6952 6941 6946 6967 
19460 4032 6954 6944 6969 
19461 6934 6917 6928 6966 
19462 6937 6933 6923 6966 
19463 4030 6947 6956 6971 
19464 6951 6867 6970 336 
19465 6942 6939 6938 6967 
19466 6954 6953 6944 6968 
19467 6883 6873 6874 6958 
19468 157 6944 6925 6969 
19469 6947 6943 6945 6968 
19470 6865 6963 6949 6972 
19471 6943 6942 6924 6967 
19472 6955 6952 6953 6968 
19473 6953 6952 6946 6967 
19474 4034 155 6947 6968 
19475 6964 6966 6963 6972 
19476 332 331 6865 6950 
19477 6864 6870 6866 6972 
19478 6970 6867 6964 6965 
19479 4035 6954 6969 6971 
19480 334 6934 6948 6964 
19481 332 337 331 6936 
19482 4034 6969 6968 6971 
19483 6926 6915 6916 6961 
19484 6930 6923 6918 6962 
19485 6866 6870 6964 6972 
19486 6880 6879 6873 6957 
19487 155 6943 6947 6968 
19488 6956 6947 6945 6968 
19489 6919 6918 6893 6962 
19490 6956 6947 6968 6971 
19491 6955 6968 6954 6971 
19492 6955 6953 6954 6968 
19493 332 6950 6963 6965 
19494 6956 6952 6955 6968 
19495 4031 156 4035 6971 
19496 4034 6947 4030 6971 
19497 4035 156 4032 6954 
19498 6953 6927 6944 6967 
19499 4034 155 4030 6947 
19500 4035 6954 4032 6969 
19501 4031 6956 6955 6971 
19502 155 4033 6943 6968 
19503 4031 4034 4030 6971 
19504 4031 4035 4034 6971 
19505 6952 6945 6941 6967 
19506 157 4035 4032 6969 
19507 4033 6869 6942 6969 
19508 4034 4033 155 6968 
19509 6866 335 337 6965 
19510 6866 335 6965 6867 
19511 6954 6968 6969 6971 
19512 6867 335 6970 336 
19513 332 6866 337 6965 
19514 4035 156 6954 6971 
19515 4031 6955 156 6971 
19516 6903 6898 6899 6961 
19517 6950 6963 6965 6966 
19518 6951 6948 6932 6966 
19519 6921 6895 6908 6962 
19520 6951 6964 6948 6966 
19521 6864 6865 333 6972 
19522 334 6867 6866 6964 
19523 332 6950 6865 6963 
19524 6948 6928 6932 6966 
19525 6883 6958 6874 6959 
19526 6889 6877 6887 6958 
19527 156 6955 6954 6971 
19528 6931 6962 6929 6966 
19529 332 6963 6866 6965 
19530 157 4033 4035 6969 
19531 6897 6886 6887 6959 
19532 6889 6887 6881 6958 
19533 6885 6875 6876 6959 
19534 6890 6871 6878 6958 
19535 6878 6874 6873 6958 
19536 6876 6875 6871 6958 
19537 333 6935 6870 6972 
19538 6886 6876 6871 6958 
19539 6890 6886 6876 6871 
19540 155 6943 4033 6868 
19541 6927 6916 6903 6961 
19542 4034 6968 6947 6971 
19543 4031 4030 6956 6971 
19544 6878 6871 6875 6958 
19545 6878 6875 6874 6958 
19546 6883 6882 6958 6959 
19547 6866 6964 6963 6972 
19548 336 6970 6937 337 
19549 337 6970 6937 6965 
19550 6965 6970 6937 6964 
19551 6970 6951 6937 6964 
19552 336 6951 6937 6970 
19553 7037 7017 7024 7065 
19554 7046 7037 7024 7065 
19555 7049 7065 7026 7066 
19556 7040 7026 7021 7066 
19557 7049 7066 7040 7067 
19558 7066 7067 7068 7069 
19559 7049 7046 7065 7066 
19560 7048 7022 7065 7066 
19561 6975 7069 7070 339 
19562 339 7070 7048 7069 
19563 7066 7069 7071 7048 
19564 6975 7067 345 7070 
19565 339 6975 345 7070 
19566 7048 7039 7022 7066 
19567 6979 7038 7068 7071 
19568 6973 7068 7069 7071 
19569 6975 7069 7067 7070 
19570 339 7039 7048 7070 
19571 339 338 6974 7048 
19572 6973 6979 7068 7071 
19573 6974 7047 340 7071 
19574 7066 7067 7069 7070 
19575 7069 7070 7048 7066 
19576 7053 7072 7051 7073 
19577 7038 7065 7037 7066 
19578 4162 7061 7053 7073 
19579 7061 7060 7072 7074 
19580 4162 7061 7073 7075 
19581 165 7051 6977 7073 
19582 7055 7072 7050 7076 
19583 7071 6973 339 7069 
19584 6977 7051 7056 7073 
19585 7048 7069 7071 339 
19586 7038 7066 7037 7068 
19587 7022 7021 7065 7066 
19588 341 6975 6979 7068 
19589 341 6976 6975 7067 
19590 6973 7068 6975 7069 
19591 7047 7065 7038 7066 
19592 4165 166 4164 7076 
19593 4164 7077 7076 7078 
19594 4165 7075 4168 7076 
19595 344 7055 6978 7076 
19596 164 7050 7077 7078 
19597 164 7050 7041 7077 
19598 164 6978 7050 7078 
19599 7079 6986 6992 6991 
19600 6997 6991 6986 7079 
19601 7007 6991 6992 7080 
19602 7007 6992 6991 6984 
19603 6997 6984 6991 7079 
19604 7045 7031 7042 7081 
19605 6988 6987 6982 7079 
19606 7069 6973 339 6975 
19607 6985 6986 6980 6981 
19608 6997 6995 6984 7079 
19609 6994 6987 6988 7082 
19610 6987 6980 6982 7079 
19611 6990 6989 6981 7079 
19612 7003 6988 6995 7082 
19613 7048 7065 7047 7066 
19614 6997 6986 6989 7079 
19615 6989 6986 6981 7079 
19616 7015 7082 7002 7083 
19617 7005 7004 6997 7082 
19618 6990 7079 6987 7082 
19619 6981 6986 6980 7079 
19620 6980 6986 6992 7079 
19621 7001 6986 6998 7080 
19622 7005 6997 6989 7082 
19623 7002 6990 6987 7082 
19624 6985 6986 6992 6980 
19625 6988 6987 7079 7082 
19626 6993 6992 6985 7080 
19627 6988 6982 6983 7079 
19628 7009 6996 7082 7083 
19629 7000 6999 6992 7080 
19630 7030 7007 6999 7080 
19631 7000 6992 6993 7080 
19632 7006 6989 6990 7082 
19633 7046 7066 7067 7068 
19634 7004 6996 6995 7082 
19635 6992 6991 6984 7079 
19636 7008 6993 7001 7080 
19637 7080 6986 6992 6985 
19638 6995 6988 7079 7082 
19639 6995 6988 6983 7079 
19640 7030 7000 7008 7080 
19641 7013 6994 7003 7083 
19642 7004 6995 6997 7082 
19643 7024 7017 7009 7065 
19644 7006 7005 6989 7082 
19645 7003 6995 6996 7082 
19646 7013 7003 7010 7083 
19647 7026 7025 7015 7083 
19648 7003 7082 6996 7083 
19649 7025 7014 7082 7083 
19650 7012 7011 7002 7083 
19651 7018 6998 7007 7080 
19652 7007 6998 6991 7080 
19653 7020 7008 7001 7080 
19654 6998 6986 6991 7080 
19655 7001 6985 6986 7080 
19656 7001 6993 6985 7080 
19657 7030 7016 7019 7000 
19658 7007 6992 6999 7080 
19659 7067 343 6976 342 
19660 7024 7009 7014 7083 
19661 343 7040 7067 7049 
19662 6975 342 345 7067 
19663 7003 6994 6988 7082 
19664 6990 6980 6987 7079 
19665 7025 7006 7015 7082 
19666 7002 6987 6994 7082 
19667 345 7040 342 343 
19668 7032 7012 7013 7065 
19669 7014 7009 7004 7082 
19670 7012 7002 6994 7083 
19671 7015 7002 7011 7083 
19672 7008 7000 6993 7080 
19673 7025 7082 7015 7083 
19674 6993 6985 6992 6980 
19675 7028 7016 7019 7084 
19676 7030 7019 7016 7084 
19677 7030 7020 7018 7080 
19678 4165 7076 4164 7077 
19679 4161 4160 7063 7075 
19680 7014 7009 7082 7083 
19681 7052 7027 7034 7084 
19682 341 7067 6975 7068 
19683 7044 7030 7035 7084 
19684 7031 7019 7008 7084 
19685 7030 7008 7019 7084 
19686 4167 4160 7075 7085 
19687 7026 7015 7021 7065 
19688 7064 7074 7063 7085 
19689 7009 6996 7004 7082 
19690 7015 7006 7002 7082 
19691 7033 7024 7014 7083 
19692 7026 7015 7065 7083 
19693 7017 7010 7009 7065 
19694 7023 7010 7017 7065 
19695 7025 7014 7005 7082 
19696 7074 7077 7075 7085 
19697 7030 6999 7000 7080 
19698 6990 6981 6985 6980 
19699 6997 7079 6989 7082 
19700 4159 7064 4160 7085 
19701 7003 6994 7082 7083 
19702 7031 7081 7028 7084 
19703 4158 7077 7062 7085 
19704 7014 7004 7005 7082 
19705 7006 6990 7002 7082 
19706 7025 7005 7006 7082 
19707 7010 7003 6996 7083 
19708 4159 4158 7062 7085 
19709 7048 7022 7032 7065 
19710 4160 7063 7075 7085 
19711 7038 7066 7068 7071 
19712 7032 7013 7023 7065 
19713 7020 7001 6998 7080 
19714 7030 7018 7020 7084 
19715 7030 7008 7020 7080 
19716 7010 7009 7065 7083 
19717 7013 7012 6994 7083 
19718 7030 7020 7008 7084 
19719 7038 7017 7037 7065 
19720 340 7038 6979 7071 
19721 7021 7015 7011 7065 
19722 7033 7065 7024 7083 
19723 7012 7065 7011 7083 
19724 7047 7066 7038 7071 
19725 7038 7023 7017 7065 
19726 7064 7059 7060 7074 
19727 7047 7032 7023 7065 
19728 7062 7041 7074 7077 
19729 7040 7021 7039 7066 
19730 7062 7077 7074 7085 
19731 7050 7072 7041 7077 
19732 7024 7065 7009 7083 
19733 7041 7072 7074 7077 
19734 7063 7074 7075 7085 
19735 7063 7074 7061 7075 
19736 7033 7025 7026 7083 
19737 7023 7013 7010 7065 
19738 7013 7010 7065 7083 
19739 7066 7069 7068 7071 
19740 7042 7081 7031 7084 
19741 7031 7020 7027 7084 
19742 7042 7031 7027 7084 
19743 7031 7028 7019 7084 
19744 4165 4164 164 7077 
19745 7035 7030 7016 7084 
19746 7010 6996 7009 7083 
19747 7031 7008 7020 7084 
19748 7036 7031 7028 7019 
19749 7063 7060 7061 7074 
19750 7029 7016 7028 7081 
19751 7032 7022 7012 7065 
19752 7013 7065 7012 7083 
19753 7051 7029 7028 7072 
19754 7048 7066 7047 7071 
19755 7020 6998 7018 7080 
19756 7049 7046 7066 7067 
19757 4166 7077 4158 7085 
19758 7055 7045 7042 7072 
19759 7002 7082 6994 7083 
19760 7052 7042 7027 7084 
19761 7044 7034 7018 7084 
19762 7044 7018 7030 7084 
19763 7030 7019 7008 7000 
19764 7061 7072 7053 7073 
19765 7028 7081 7016 7084 
19766 7043 7035 7029 7081 
19767 7036 7028 7031 7081 
19768 7034 7027 7020 7084 
19769 7045 7036 7031 7081 
19770 7054 7034 7044 7084 
19771 339 345 338 7039 
19772 7056 7051 7036 7072 
19773 6990 6981 6980 7079 
19774 7052 7072 7042 7081 
19775 6973 6979 6975 7068 
19776 6974 7048 7047 7071 
19777 7048 7039 7066 7070 
19778 6976 7046 7049 7067 
19779 7058 7054 7044 7084 
19780 7059 7057 7054 7081 
19781 7053 7043 7029 7072 
19782 6979 7038 7037 7068 
19783 7036 7072 7028 7081 
19784 7034 7020 7018 7084 
19785 7052 7050 7042 7072 
19786 7058 7035 7081 7084 
19787 7061 7072 7073 7075 
19788 6977 7073 7056 7076 
19789 7064 7060 7063 7074 
19790 7053 7029 7051 7072 
19791 6977 7056 344 7076 
19792 7047 7023 7038 7065 
19793 7029 7028 7072 7081 
19794 340 7047 7038 7071 
19795 7043 7029 7072 7081 
19796 6992 6983 6982 7079 
19797 339 345 7039 7070 
19798 7033 7014 7025 7083 
19799 6975 6976 342 7067 
19800 7067 345 7040 342 
19801 7026 7065 7021 7066 
19802 4158 7041 7062 7077 
19803 7054 7081 7052 7084 
19804 6990 6989 7079 7082 
19805 7054 7052 7034 7084 
19806 7045 7072 7036 7081 
19807 7061 7074 7072 7075 
19808 7060 7043 7072 7081 
19809 4162 7053 165 7073 
19810 344 7056 7055 7076 
19811 6973 340 6979 7071 
19812 341 7037 7046 7068 
19813 7049 343 6976 7067 
19814 341 7046 6976 7067 
19815 6975 7068 7067 7069 
19816 7048 7032 7047 7065 
19817 7058 7081 7054 7084 
19818 7049 7026 7040 7066 
19819 339 338 7048 7039 
19820 6978 7055 7050 7078 
19821 7055 7042 7050 7072 
19822 7046 7024 7033 7065 
19823 4165 4163 166 7076 
19824 6997 6995 7079 7082 
19825 7061 7043 7053 7072 
19826 7001 6986 6985 6981 
19827 339 7048 6974 7071 
19828 7045 7042 7072 7081 
19829 7060 7058 7043 7081 
19830 7040 7066 7039 7070 
19831 7030 7018 7007 7080 
19832 7035 7016 7081 7084 
19833 4165 4168 4163 7076 
19834 4162 7073 4168 7075 
19835 4163 6977 166 7076 
19836 7057 7052 7054 7081 
19837 7062 7041 7057 7074 
19838 7058 7035 7043 7081 
19839 7039 7021 7022 7066 
19840 7055 7076 7050 7078 
19841 7060 7072 7059 7081 
19842 7056 7051 7072 7073 
19843 7062 7057 7059 7074 
19844 7059 7057 7072 7074 
19845 7060 7059 7072 7074 
19846 7051 7028 7036 7072 
19847 6978 7076 7055 7078 
19848 166 6978 4164 7076 
19849 7040 7067 7066 7070 
19850 7064 7062 7059 7074 
19851 7057 7041 7072 7074 
19852 7057 7072 7052 7081 
19853 4159 7062 7064 7085 
19854 7064 7062 7074 7085 
19855 7050 7076 7077 7078 
19856 7057 7041 7052 7072 
19857 4161 7063 7061 7075 
19858 4160 7064 7063 7085 
19859 164 4164 6978 7078 
19860 7060 7059 7058 7081 
19861 7072 7075 7074 7077 
19862 7052 7081 7042 7084 
19863 4166 4158 4159 7085 
19864 4161 4168 4167 7075 
19865 4166 4159 4167 7085 
19866 4167 4159 4160 7085 
19867 7061 7060 7043 7072 
19868 342 7040 7067 343 
19869 4168 165 4163 7073 
19870 6992 6984 6983 7079 
19871 164 7077 4164 7078 
19872 4168 7073 4163 7076 
19873 7056 7045 7055 7072 
19874 165 6977 4163 7073 
19875 4165 7075 7076 7077 
19876 4163 7073 6977 7076 
19877 6992 6982 6980 7079 
19878 7072 7076 7075 7077 
19879 7022 7021 7011 7065 
19880 7056 7073 7072 7076 
19881 166 344 6978 7076 
19882 4167 7075 7077 7085 
19883 4165 4167 4168 7075 
19884 166 6977 344 7076 
19885 4161 4162 4168 7075 
19886 7049 7046 7033 7065 
19887 4166 4167 7077 7085 
19888 4161 4167 4160 7075 
19889 165 7053 7051 7073 
19890 7056 7072 7055 7076 
19891 7015 7011 7065 7083 
19892 4168 7075 7073 7076 
19893 7072 7073 7075 7076 
19894 4165 4167 7075 7077 
19895 4166 4165 164 7077 
19896 7052 7041 7050 7072 
19897 164 7041 4158 7077 
19898 4166 4167 4165 7077 
19899 4161 7061 4162 7075 
19900 7046 7037 7065 7066 
19901 4162 165 4168 7073 
19902 7056 7036 7045 7072 
19903 4166 164 4158 7077 
19904 345 7040 7039 7070 
19905 341 7046 7067 7068 
19906 7050 7076 7072 7077 
19907 345 7067 7040 7070 
19908 7046 7037 7066 7068 
19909 6991 6986 6992 7080 
19910 7049 7033 7026 7065 
19911 4164 7076 6978 7078 
19912 7059 7072 7057 7081 
19913 7022 7011 7012 7065 
19914 341 6979 7037 7068 
19915 7035 7016 7029 7081 
19916 7058 7044 7035 7084 
19917 339 6974 6973 7071 
19918 7033 7026 7065 7083 
19919 6973 6974 340 7071 
19920 7059 7054 7058 7081 
19921 6995 6983 6984 7079 
19922 7130 7129 7179 7180 
19923 7135 7179 7134 7180 
19924 7134 7179 7129 7180 
19925 7133 7130 7179 7180 
19926 7144 7179 7135 7180 
19927 351 7166 7158 7181 
19928 7144 7138 7179 7180 
19929 7133 7179 7132 7180 
19930 7141 7132 7179 7180 
19931 7141 7179 7138 7180 
19932 7166 7181 7182 7158 
19933 7182 7181 7157 7158 
19934 7089 7166 351 7181 
19935 7089 7166 7181 7183 
19936 7183 7166 7181 7182 
19937 7110 7099 7095 7184 
19938 7100 7097 7094 7184 
19939 346 7185 7087 347 
19940 352 7157 347 7185 
19941 346 352 7157 347 
19942 7157 7181 352 7158 
19943 7186 7187 7188 7189 
19944 4155 7188 4157 7189 
19945 4156 7178 4152 7188 
19946 7101 7098 7100 7094 
19947 7120 7098 7108 7190 
19948 7118 7097 7102 7184 
19949 7121 7110 7111 7190 
19950 7118 7184 7102 7191 
19951 7118 7094 7097 7184 
19952 7115 7095 7103 7191 
19953 7118 7105 7102 7097 
19954 7108 7096 7099 7184 
19955 7120 7108 7109 7190 
19956 7120 7107 7101 7190 
19957 7108 7098 7096 7184 
19958 7117 7093 7104 7191 
19959 7112 7102 7097 7184 
19960 7183 7185 7192 7182 
19961 7127 7104 7118 7191 
19962 351 7158 352 7181 
19963 7099 7093 7095 7184 
19964 352 7183 7157 7185 
19965 7100 7094 7098 7184 
19966 7118 7104 7096 7184 
19967 7125 7115 7103 7191 
19968 7110 7108 7184 7190 
19969 7127 7118 7119 7191 
19970 7095 7184 7093 7191 
19971 7121 7108 7110 7190 
19972 7112 7095 7102 7184 
19973 7127 7117 7104 7191 
19974 7125 7124 7115 7191 
19975 7103 7095 7093 7191 
19976 7163 7182 7183 7193 
19977 7101 7100 7098 7190 
19978 7122 7110 7112 7190 
19979 7120 7180 7107 7190 
19980 7129 7111 7122 7190 
19981 7135 7180 7134 7190 
19982 349 7089 7088 7193 
19983 7110 7108 7099 7184 
19984 7108 7098 7184 7190 
19985 7112 7097 7100 7184 
19986 7132 7131 7120 7180 
19987 7157 7183 7182 7185 
19988 7121 7110 7108 7099 
19989 7122 7112 7113 7190 
19990 7099 7096 7093 7184 
19991 7127 7191 7119 7194 
19992 7122 7111 7110 7190 
19993 7114 7100 7101 7190 
19994 7088 7183 352 7185 
19995 7115 7106 7102 7191 
19996 7104 7093 7184 7191 
19997 7124 7106 7115 7191 
19998 7114 7107 7180 7190 
19999 7142 7130 7137 7179 
20000 7102 7184 7095 7191 
20001 7124 7119 7191 7194 
20002 7136 7125 7126 7194 
20003 7125 7191 7116 7194 
20004 7133 7109 7121 7190 
20005 7139 7116 7117 7191 
20006 7128 7124 7119 7106 
20007 7145 7128 7124 7194 
20008 4150 4155 4149 7175 
20009 7119 7118 7105 7191 
20010 7125 7103 7116 7191 
20011 7106 7105 7102 7191 
20012 7118 7096 7094 7184 
20013 7124 7119 7106 7191 
20014 7119 7105 7106 7191 
20015 7112 7110 7095 7184 
20016 349 7088 7092 7193 
20017 7120 7109 7180 7190 
20018 7089 7163 7166 7183 
20019 7130 7129 7180 7190 
20020 7151 7141 7132 7179 
20021 7100 7184 7098 7190 
20022 7135 7114 7180 7190 
20023 7088 7089 7183 7193 
20024 7133 7132 7109 7180 
20025 7132 7120 7109 7180 
20026 7139 7126 7116 7194 
20027 7120 7101 7098 7190 
20028 7114 7101 7107 7190 
20029 7141 7182 7179 7195 
20030 7142 7179 7137 7195 
20031 7134 7129 7122 7190 
20032 7131 7123 7107 7180 
20033 7121 7109 7108 7190 
20034 7144 7135 7123 7180 
20035 7125 7124 7191 7194 
20036 7142 7133 7130 7179 
20037 7151 7132 7133 7179 
20038 348 7092 7192 7156 
20039 7130 7111 7129 7190 
20040 7195 7164 7185 7192 
20041 7134 7122 7113 7190 
20042 7182 7185 7192 7195 
20043 7138 7123 7131 7180 
20044 7139 7116 7191 7194 
20045 7115 7102 7095 7191 
20046 7152 7135 7144 7179 
20047 7135 7114 7123 7180 
20048 7135 7113 7114 7190 
20049 7133 7121 7130 7190 
20050 7150 7149 7139 7194 
20051 7137 7130 7129 7179 
20052 7152 7179 7182 7195 
20053 7112 7110 7184 7190 
20054 7135 7134 7113 7190 
20055 7170 7196 7187 7197 
20056 7136 7124 7125 7194 
20057 7133 7130 7180 7190 
20058 7128 7119 7124 7194 
20059 7148 7128 7140 7194 
20060 7134 7180 7129 7190 
20061 7163 7193 7155 7195 
20062 7154 7196 7153 7197 
20063 7149 7146 7126 7194 
20064 7130 7121 7111 7190 
20065 7156 7137 7155 7195 
20066 7165 7141 7151 7195 
20067 7185 7157 346 7165 
20068 7153 7145 7136 7196 
20069 7151 7133 7142 7179 
20070 7167 7187 7154 7197 
20071 7144 7123 7138 7180 
20072 7146 7136 7126 7194 
20073 7156 7155 7193 7195 
20074 351 352 350 7181 
20075 7147 7194 7145 7196 
20076 7147 7140 7128 7194 
20077 7154 7145 7153 7196 
20078 7183 7182 7181 7157 
20079 7139 7117 7127 7191 
20080 7152 7143 7134 7179 
20081 7165 7157 7141 7182 
20082 7153 7136 7146 7196 
20083 7152 7179 7144 7182 
20084 7153 7196 7146 7197 
20085 7173 7168 7187 7196 
20086 7144 7179 7138 7182 
20087 7154 7187 7196 7197 
20088 7089 351 350 7181 
20089 7161 7148 7140 7194 
20090 7161 7150 7194 7196 
20091 7163 7152 7182 7195 
20092 7166 7183 7163 7182 
20093 7151 7179 7142 7195 
20094 7143 7129 7134 7179 
20095 7117 7116 7103 7191 
20096 7145 7124 7136 7194 
20097 7131 7107 7120 7180 
20098 7163 7143 7152 7195 
20099 7165 7185 7182 7195 
20100 7154 7147 7145 7196 
20101 7145 7194 7136 7196 
20102 7161 7140 7147 7194 
20103 7151 7141 7179 7195 
20104 7166 7144 7158 7182 
20105 7164 7151 7142 7195 
20106 347 7088 352 7185 
20107 7088 7089 350 7183 
20108 7183 7157 7181 352 
20109 7141 7138 7179 7182 
20110 7158 7144 7138 7182 
20111 7155 7137 7143 7195 
20112 7123 7114 7107 7180 
20113 7166 7152 7144 7182 
20114 7165 7157 7182 7185 
20115 7141 7131 7132 7180 
20116 7161 7194 7147 7196 
20117 7173 7187 7170 7196 
20118 7148 7119 7128 7194 
20119 7143 7137 7129 7179 
20120 7161 7150 7148 7194 
20121 7150 7139 7148 7194 
20122 7088 7193 7192 7092 
20123 7168 7161 7147 7196 
20124 7170 7187 7162 7197 
20125 7139 7191 7127 7194 
20126 7150 7149 7196 7197 
20127 7168 7154 7187 7196 
20128 7165 7182 7141 7195 
20129 7163 7182 7193 7195 
20130 349 7092 7155 7193 
20131 7092 7156 7155 7193 
20132 4149 4155 161 7186 
20133 7167 7153 7159 7197 
20134 7167 7159 7091 7189 
20135 7133 7180 7109 7190 
20136 7148 7139 7127 7194 
20137 7150 7149 7194 7196 
20138 7148 7127 7119 7194 
20139 7146 7136 7194 7196 
20140 7165 7151 7164 7195 
20141 7171 7187 7186 7197 
20142 7149 7146 7196 7197 
20143 7170 7150 7161 7196 
20144 7167 7189 7187 7197 
20145 7186 7187 7189 7197 
20146 7170 7162 7150 7197 
20147 7147 7128 7145 7194 
20148 7158 7138 7157 7182 
20149 7087 7165 7164 7185 
20150 7152 7134 7135 7179 
20151 4149 7175 4155 7186 
20152 7104 7093 7096 7184 
20153 161 7090 7160 7186 
20154 7088 350 352 7183 
20155 7141 7138 7131 7180 
20156 4155 7175 7177 7188 
20157 7170 7150 7196 7197 
20158 7173 7170 7161 7196 
20159 7167 7159 7189 7197 
20160 7169 7154 7167 7187 
20161 7092 7192 7156 7193 
20162 7156 7142 7137 7195 
20163 7089 7163 7183 7193 
20164 7166 7163 7152 7182 
20165 7163 7155 7143 7195 
20166 350 7181 352 7183 
20167 4155 7186 7188 7189 
20168 4154 7091 7159 7189 
20169 163 7167 7091 7189 
20170 7087 7164 348 7185 
20171 7112 7184 7100 7190 
20172 7171 7162 7187 7197 
20173 7176 7173 7174 7187 
20174 7175 7171 7162 7187 
20175 7160 7186 7159 7197 
20176 7113 7112 7100 7190 
20177 348 7156 7192 7164 
20178 7088 7185 7192 7183 
20179 7114 7113 7100 7190 
20180 7164 7156 7192 7195 
20181 349 7155 7163 7193 
20182 4155 4154 161 7186 
20183 348 7185 7192 7086 
20184 7171 7149 7162 7197 
20185 7152 7143 7179 7195 
20186 7126 7125 7116 7194 
20187 7117 7103 7093 7191 
20188 4152 7172 4153 7188 
20189 4157 163 4154 7189 
20190 7175 7186 7171 7187 
20191 4153 7169 163 7189 
20192 7173 7168 7172 7187 
20193 7173 7161 7168 7196 
20194 7169 7187 7167 7189 
20195 7160 7159 7146 7197 
20196 7171 7186 7160 7197 
20197 7167 7154 7153 7197 
20198 7162 7149 7150 7197 
20199 7171 7160 7149 7197 
20200 7159 7153 7146 7197 
20201 4152 7174 7172 7188 
20202 349 7163 7089 7193 
20203 7168 7147 7154 7196 
20204 7169 7168 7154 7187 
20205 7178 7177 7176 7188 
20206 7192 7164 7185 348 
20207 7177 7175 7176 7188 
20208 7176 7175 7170 7187 
20209 4150 7177 4155 7175 
20210 4153 7188 7172 7189 
20211 7176 7170 7173 7187 
20212 347 7157 346 7185 
20213 4154 7159 7090 7186 
20214 7175 7162 7170 7187 
20215 4149 7171 7175 7186 
20216 7157 7138 7141 7182 
20217 4152 7178 7174 7188 
20218 4156 4152 4157 7188 
20219 4156 4155 7177 7188 
20220 4155 4157 4154 7189 
20221 4149 161 7171 7186 
20222 7149 7146 7194 7196 
20223 161 7160 7171 7186 
20224 4156 4157 4155 7188 
20225 347 7086 7088 7185 
20226 163 7091 4154 7189 
20227 7174 7187 7172 7188 
20228 4156 4151 4152 7178 
20229 7178 7176 7174 7188 
20230 7090 7159 7160 7186 
20231 4152 4153 4157 7188 
20232 163 7169 7167 7189 
20233 4155 7186 7175 7188 
20234 4153 7172 7169 7189 
20235 4153 163 4157 7189 
20236 4153 4157 7188 7189 
20237 7176 7187 7174 7188 
20238 7175 7186 7187 7188 
20239 4155 4154 7186 7189 
20240 4156 4155 4150 7177 
20241 162 4156 4150 7177 
20242 162 4151 4156 7178 
20243 7159 7186 7189 7197 
20244 7176 7175 7187 7188 
20245 4154 7159 7186 7189 
20246 4156 7177 7178 7188 
20247 7174 7173 7172 7187 
20248 7165 7164 7185 7195 
20249 161 4154 7090 7186 
20250 7086 7185 7192 7088 
20251 7160 7146 7149 7197 
20252 7164 7142 7156 7195 
20253 7118 7102 7105 7191 
20254 7089 7181 350 7183 
20255 7172 7168 7169 7187 
20256 347 7087 7086 7185 
20257 7143 7137 7179 7195 
20258 7118 7104 7184 7191 
20259 7098 7094 7096 7184 
20260 7172 7187 7169 7189 
20261 4154 7091 7090 7159 
20262 7172 7188 7187 7189 
20263 162 7178 4156 7177 
20264 7086 7087 348 7185 
20265 7149 7126 7139 7194 
20266 7165 7185 7087 346 
20267 7192 7092 7086 7088 
20268 7088 7192 7193 7183 
20269 7183 7192 7193 7182 
20270 7182 7192 7193 7195 
20271 7195 7192 7193 7156 
20272 348 7092 7086 7192 
20273 7260 7248 7258 7290 
20274 7260 7247 7248 7290 
20275 7258 7291 7246 7292 
20276 7247 7233 7290 7291 
20277 7257 7246 7291 7292 
20278 7261 7290 7250 7291 
20279 7261 7249 7250 7290 
20280 7261 7257 7291 7292 
20281 7239 7290 7233 7291 
20282 7250 7290 7239 7291 
20283 171 7276 7202 7293 
20284 7220 7218 7294 7295 
20285 7230 7219 7220 7294 
20286 7217 7216 7207 7296 
20287 7224 7221 7296 7297 
20288 7207 7206 7205 7295 
20289 7220 7207 7209 7295 
20290 357 7266 360 7298 
20291 7215 7295 7209 7296 
20292 7234 7208 7212 7297 
20293 7212 7208 7205 7296 
20294 7225 7224 7214 7296 
20295 7279 7276 7293 7299 
20296 7214 7213 7295 7296 
20297 7236 7232 7224 7297 
20298 7226 7225 7215 7296 
20299 7226 7215 7209 7296 
20300 172 7202 359 7293 
20301 7216 7209 7207 7296 
20302 4293 7293 172 7300 
20303 7221 7212 7296 7297 
20304 7226 7225 7296 7297 
20305 7215 7214 7295 7296 
20306 7224 7213 7214 7296 
20307 7212 7208 7296 7297 
20308 7219 7211 7206 7295 
20309 7225 7224 7296 7297 
20310 7209 7295 7207 7296 
20311 7238 7216 7227 7297 
20312 7228 7294 7218 7295 
20313 7213 7205 7295 7296 
20314 4292 172 7299 7300 
20315 7240 7231 7218 7294 
20316 7229 7294 7228 7295 
20317 7231 7230 7220 7294 
20318 7213 7205 7211 7295 
20319 7228 7218 7215 7295 
20320 172 7289 7203 7275 
20321 7242 7229 7219 7294 
20322 7232 7223 7221 7297 
20323 7253 7229 7242 7294 
20324 7213 7212 7205 7296 
20325 7231 7220 7218 7294 
20326 7254 7230 7231 7301 
20327 7244 7242 7230 7301 
20328 7248 7234 7223 7297 
20329 172 359 7289 7293 
20330 7239 7227 7233 7297 
20331 7234 7222 7217 7297 
20332 7211 7205 7206 7295 
20333 7248 7247 7234 7297 
20334 7229 7219 7294 7295 
20335 7253 7228 7229 7294 
20336 172 7293 7289 7299 
20337 7248 7223 7235 7290 
20338 7223 7212 7221 7297 
20339 7236 7224 7225 7297 
20340 7252 7243 7240 7301 
20341 7238 7237 7226 7297 
20342 355 7264 7204 7302 
20343 7217 7207 7208 7296 
20344 7204 7264 7263 7302 
20345 7260 7259 7291 7292 
20346 7240 7231 7294 7301 
20347 7235 7223 7232 7290 
20348 7245 7235 7232 7290 
20349 7233 7227 7222 7297 
20350 7199 7281 355 7303 
20351 7281 7292 7264 7302 
20352 7260 7247 7290 7291 
20353 7257 7246 7245 7290 
20354 7258 7248 7235 7290 
20355 7246 7235 7245 7290 
20356 7258 7235 7246 7290 
20357 7207 7295 7205 7296 
20358 7251 7239 7233 7291 
20359 358 357 7283 7266 
20360 7227 7217 7222 7297 
20361 7260 7259 7247 7291 
20362 7249 7236 7237 7297 
20363 7264 7292 7263 7302 
20364 7227 7216 7217 7297 
20365 7198 7204 7200 7302 
20366 7239 7238 7227 7297 
20367 7282 7259 7260 7292 
20368 7214 7213 7210 7295 
20369 7225 7214 7215 7296 
20370 7247 7290 7233 7297 
20371 7237 7236 7225 7297 
20372 7261 7257 7249 7290 
20373 7304 7302 7303 7200 
20374 7250 7249 7237 7297 
20375 7217 7296 7208 7297 
20376 7305 7298 7265 7303 
20377 7248 7290 7247 7297 
20378 7198 355 7302 7303 
20379 7250 7237 7238 7297 
20380 353 7303 7305 7282 
20381 7253 7241 7228 7294 
20382 360 7266 7265 7298 
20383 7254 7244 7230 7301 
20384 7237 7225 7226 7297 
20385 7262 7250 7239 7291 
20386 7234 7212 7223 7297 
20387 7234 7217 7208 7297 
20388 7250 7238 7239 7297 
20389 7250 7290 7249 7297 
20390 7247 7233 7222 7297 
20391 7200 357 360 7298 
20392 7242 7294 7230 7301 
20393 7272 7270 7254 7306 
20394 7241 7240 7228 7294 
20395 7241 7240 7294 7301 
20396 7277 7271 7301 7306 
20397 7253 7241 7294 7301 
20398 7204 7302 7263 7304 
20399 7269 7252 7301 7255 
20400 7231 7230 7294 7301 
20401 7270 7244 7254 7301 
20402 7229 7228 7210 7295 
20403 7243 7231 7240 7301 
20404 7248 7223 7290 7297 
20405 7281 7258 7264 7292 
20406 7260 7290 7258 7291 
20407 7283 7292 7266 7298 
20408 7259 7233 7247 7291 
20409 7267 7252 7241 7301 
20410 7268 7256 7244 7301 
20411 7273 7272 7254 7306 
20412 7267 7241 7253 7301 
20413 7277 7271 7256 7301 
20414 7267 7252 7301 7269 
20415 7278 7267 7271 7306 
20416 7271 7267 7301 7306 
20417 7256 7242 7244 7301 
20418 7232 7290 7223 7297 
20419 7273 7254 7243 7301 
20420 7252 7240 7241 7301 
20421 7284 7276 7270 7306 
20422 7271 7267 7253 7301 
20423 7265 7298 7292 7303 
20424 7262 7261 7250 7291 
20425 7240 7218 7228 7294 
20426 357 7283 7266 7298 
20427 7201 358 357 7283 
20428 7256 7253 7242 7301 
20429 7221 7212 7213 7296 
20430 7277 7256 7268 7301 
20431 7245 7232 7236 7290 
20432 7257 7246 7290 7291 
20433 7281 7292 7302 7303 
20434 356 7201 7200 7304 
20435 7292 7302 7303 7304 
20436 7242 7219 7230 7294 
20437 7249 7245 7236 7290 
20438 7253 7294 7242 7301 
20439 7266 7292 7265 7298 
20440 7220 7294 7219 7295 
20441 355 7281 7264 7302 
20442 7264 7258 7246 7292 
20443 7283 7261 7262 7292 
20444 7232 7221 7224 7297 
20445 7259 7251 7291 7292 
20446 7259 7251 7233 7291 
20447 7280 7257 7261 7292 
20448 7249 7290 7236 7297 
20449 7280 7263 7292 7304 
20450 7283 7262 7266 7292 
20451 7265 7251 7259 7292 
20452 7262 7291 7251 7292 
20453 7262 7261 7291 7292 
20454 7220 7219 7206 7295 
20455 7199 7282 7281 7303 
20456 7274 7269 7299 7306 
20457 7257 7245 7249 7290 
20458 7283 7280 7292 7304 
20459 7255 7243 7252 7301 
20460 7261 7257 7290 7291 
20461 7236 7290 7232 7297 
20462 7280 7263 7257 7292 
20463 7263 7246 7257 7292 
20464 7282 7265 7259 7292 
20465 7275 7274 7299 7306 
20466 7282 7292 7281 7303 
20467 7215 7214 7210 7295 
20468 354 7198 7200 7303 
20469 7200 7298 354 7303 
20470 7201 7280 7283 7304 
20471 7198 355 7204 7302 
20472 7260 7291 7258 7292 
20473 7264 7246 7263 7292 
20474 7281 7260 7258 7292 
20475 7266 7262 7251 7292 
20476 7278 7269 7267 7306 
20477 4289 7287 4290 7300 
20478 7288 7299 7287 7300 
20479 7289 7299 7284 7306 
20480 4290 7287 7279 7300 
20481 7255 7269 7306 7301 
20482 7279 7277 7268 7299 
20483 172 7293 7299 7300 
20484 7270 7268 7301 7306 
20485 7270 7268 7244 7301 
20486 7239 7233 7290 7297 
20487 7285 7299 7278 7306 
20488 7279 7299 7293 7300 
20489 4288 7288 4289 7300 
20490 4288 7286 7288 7300 
20491 7270 7301 7254 7306 
20492 4293 7279 171 7293 
20493 7202 7276 7284 7293 
20494 7277 7301 7268 7306 
20495 7226 7209 7216 7296 
20496 7228 7215 7210 7295 
20497 7285 7277 7299 7306 
20498 7288 7286 7278 7299 
20499 7276 7299 7268 7306 
20500 7285 7271 7277 7306 
20501 7284 7270 7272 7306 
20502 7220 7209 7218 7295 
20503 7254 7231 7243 7301 
20504 7289 7273 7275 7306 
20505 7220 7206 7207 7295 
20506 171 7279 7276 7293 
20507 4292 4287 7286 7274 
20508 7286 7274 7269 7299 
20509 7275 7255 7274 7306 
20510 170 7275 7274 7299 
20511 356 7263 7280 7304 
20512 172 7289 7275 7299 
20513 7229 7210 7211 7295 
20514 7288 7278 7285 7299 
20515 7301 7269 7306 7267 
20516 7276 7268 7270 7306 
20517 7289 7284 7272 7306 
20518 7273 7301 7255 7306 
20519 7200 7302 7204 7304 
20520 7289 7275 7299 7306 
20521 7213 7211 7210 7295 
20522 7287 7285 7277 7299 
20523 7284 7293 7276 7299 
20524 4290 7279 4293 7300 
20525 360 7200 7298 354 
20526 7287 7277 7279 7299 
20527 7289 7272 7273 7306 
20528 7262 7239 7251 7291 
20529 7198 7302 7200 7303 
20530 7277 7268 7299 7306 
20531 4289 7288 7287 7300 
20532 7271 7253 7256 7301 
20533 7274 7255 7269 7306 
20534 7284 7299 7276 7306 
20535 357 7283 7298 7304 
20536 7200 357 7298 7304 
20537 7226 7296 7216 7297 
20538 7283 7292 7298 7304 
20539 356 7204 7263 7304 
20540 7200 7304 7298 7303 
20541 7282 7199 353 7303 
20542 7238 7226 7216 7297 
20543 360 354 7305 353 
20544 7247 7222 7234 7297 
20545 7201 7283 357 7304 
20546 7283 7280 7261 7292 
20547 354 7303 7305 353 
20548 7282 7265 7292 7303 
20549 7286 7269 7278 7299 
20550 7279 7268 7276 7299 
20551 7278 7299 7269 7306 
20552 4291 7202 172 7293 
20553 7288 7286 7299 7300 
20554 4292 170 7274 7299 
20555 7288 7285 7287 7299 
20556 4292 7299 7286 7300 
20557 4292 172 170 7299 
20558 7285 7278 7271 7306 
20559 4293 7279 7293 7300 
20560 4288 4292 7286 7300 
20561 170 172 7275 7299 
20562 4292 4293 172 7300 
20563 4288 4289 4292 7300 
20564 4291 171 7202 7293 
20565 7275 7273 7255 7306 
20566 4290 171 4293 7279 
20567 7273 7254 7301 7306 
20568 4288 4292 4287 7286 
20569 172 359 7203 7289 
20570 4293 4291 172 7293 
20571 7287 7299 7279 7300 
20572 7263 7302 7292 7304 
20573 4293 171 4291 7293 
20574 7289 7293 7284 7299 
20575 4289 4290 4293 7300 
20576 359 7202 7284 7293 
20577 7258 7290 7246 7291 
20578 359 7284 7289 7293 
20579 4292 7274 7286 7299 
20580 170 172 7203 7275 
20581 4289 4293 4292 7300 
20582 7303 7304 7298 7292 
20583 7273 7243 7255 7301 
20584 4292 170 4287 7274 
20585 7303 7265 7305 7282 
20586 355 7281 7302 7303 
20587 7266 7251 7265 7292 
20588 356 7280 7201 7304 
20589 7303 7199 353 354 
20590 356 7200 7204 7304 
20591 7198 7199 355 7303 
20592 7200 7201 357 7304 
20593 7218 7209 7215 7295 
20594 7282 7260 7281 7292 
20595 7208 7207 7205 7296 
20596 7250 7239 7290 7297 
20597 354 7199 7198 7303 
20598 7224 7221 7213 7296 
20599 7229 7211 7219 7295 
20600 358 360 357 7266 
20601 7217 7216 7296 7297 
20602 354 7298 7305 7303 
20603 360 7305 7265 353 
20604 7265 7305 7282 353 
20605 360 354 7298 7305 
20606 360 7305 7298 7265 
20607 7325 7316 7324 7403 
20608 7329 7318 7319 7403 
20609 7321 7403 7314 7404 
20610 7322 7321 7314 7404 
20611 363 7405 7406 7407 
20612 7346 7318 7336 7408 
20613 7337 7326 7403 7408 
20614 7343 7321 7322 7404 
20615 7321 7319 7403 7404 
20616 7329 7403 7319 7404 
20617 7337 7315 7327 7403 
20618 7336 7325 7326 7408 
20619 7333 7408 7320 7409 
20620 7346 7320 7408 7409 
20621 7346 7320 7318 7408 
20622 7348 7408 7333 7409 
20623 7321 7319 7320 7403 
20624 7349 7338 7409 7410 
20625 7328 7316 7317 7404 
20626 7330 7324 7316 7404 
20627 7340 7329 7331 7404 
20628 7335 7334 7323 7404 
20629 7337 7326 7324 7403 
20630 7340 7328 7317 7404 
20631 7327 7321 7320 7403 
20632 7330 7404 7328 7411 
20633 7341 7330 7339 7411 
20634 7323 7315 7403 7404 
20635 7355 7404 7345 7411 
20636 7334 7314 7315 7404 
20637 7343 7319 7321 7404 
20638 7337 7324 7323 7403 
20639 7326 7325 7324 7403 
20640 7351 7340 7342 7411 
20641 7327 7315 7314 7403 
20642 7334 7322 7314 7404 
20643 7343 7331 7404 7411 
20644 7370 7347 7358 7409 
20645 7326 7325 7403 7408 
20646 7352 7331 7343 7411 
20647 7346 7332 7320 7409 
20648 7325 7318 7403 7408 
20649 7329 7317 7325 7403 
20650 7349 7338 7332 7409 
20651 7346 7408 7336 7409 
20652 7329 7325 7318 7403 
20653 7329 7317 7403 7404 
20654 7335 7323 7324 7404 
20655 7324 7403 7316 7404 
20656 7358 7337 7348 7408 
20657 7320 7403 7318 7408 
20658 7340 7317 7329 7404 
20659 7369 7411 7356 7412 
20660 7335 7404 7330 7411 
20661 7358 7408 7348 7409 
20662 7330 7316 7328 7404 
20663 7355 7322 7334 7404 
20664 7358 7336 7326 7408 
20665 7325 7317 7316 7403 
20666 7337 7403 7327 7408 
20667 7343 7331 7319 7404 
20668 7407 7313 7307 7309 
20669 7355 7344 7343 7411 
20670 7355 7334 7345 7404 
20671 7367 7353 7338 7410 
20672 7370 7357 7409 7410 
20673 7383 7371 7410 7413 
20674 7367 7338 7349 7410 
20675 7368 7354 7411 7412 
20676 7327 7314 7321 7403 
20677 7369 7345 7356 7411 
20678 7342 7340 7331 7411 
20679 7350 7341 7339 7411 
20680 7356 7341 7350 7411 
20681 7356 7345 7341 7411 
20682 7345 7335 7341 7411 
20683 7363 7411 7354 7412 
20684 7368 7344 7355 7411 
20685 7361 7360 7411 7412 
20686 7363 7352 7354 7411 
20687 7340 7328 7404 7411 
20688 7309 7405 7407 7414 
20689 7355 7343 7404 7411 
20690 7335 7324 7330 7404 
20691 7358 7347 7336 7409 
20692 7352 7342 7331 7411 
20693 7364 7348 7353 7409 
20694 7370 7358 7364 7409 
20695 7369 7355 7345 7411 
20696 7351 7339 7328 7411 
20697 7338 7333 7332 7409 
20698 7367 7366 7353 7410 
20699 7356 7411 7350 7412 
20700 7351 7328 7340 7411 
20701 7360 7350 7411 7412 
20702 7376 7356 7362 7412 
20703 7347 7346 7336 7409 
20704 7363 7361 7342 7411 
20705 7357 7346 7347 7409 
20706 7337 7323 7315 7403 
20707 7360 7350 7339 7411 
20708 7363 7361 7411 7412 
20709 7333 7320 7332 7409 
20710 7348 7327 7333 7408 
20711 7396 7373 7377 7415 
20712 7386 7365 7382 7415 
20713 7315 7314 7403 7404 
20714 7373 7361 7363 7412 
20715 7388 7372 7370 7410 
20716 7359 7349 7409 7410 
20717 7355 7343 7322 7404 
20718 7369 7368 7355 7411 
20719 7364 7358 7348 7409 
20720 7369 7368 7411 7412 
20721 7387 7382 7368 7412 
20722 7358 7336 7408 7409 
20723 7385 7366 7384 7413 
20724 7361 7360 7351 7411 
20725 7392 7372 7388 7413 
20726 7393 7381 7385 7413 
20727 7371 7367 7349 7410 
20728 7376 7412 7362 7415 
20729 7372 7357 7370 7410 
20730 7375 7412 7373 7415 
20731 7353 7409 7338 7410 
20732 7383 7371 7359 7410 
20733 7383 7359 7372 7410 
20734 7405 7378 7397 7415 
20735 7359 7409 7357 7410 
20736 7308 7396 363 7406 
20737 7415 7416 7405 7378 
20738 7370 7409 7364 7410 
20739 364 7313 7386 7414 
20740 7362 7356 7350 7412 
20741 7382 7365 7412 7415 
20742 7397 7375 7396 7415 
20743 7387 7382 7412 7415 
20744 7365 7363 7354 7412 
20745 7377 7407 7406 7414 
20746 7374 7350 7360 7412 
20747 7387 7412 7376 7415 
20748 7414 7415 7416 7405 
20749 7387 7369 7376 7412 
20750 7368 7354 7344 7411 
20751 7377 7373 7365 7415 
20752 7353 7333 7338 7409 
20753 7388 7410 7381 7413 
20754 7359 7349 7346 7409 
20755 7349 7332 7346 7409 
20756 7385 7381 7366 7413 
20757 7381 7410 7366 7413 
20758 7381 7370 7364 7410 
20759 7388 7372 7410 7413 
20760 7384 7366 7367 7413 
20761 7384 7413 7380 7417 
20762 7371 7349 7359 7410 
20763 7373 7412 7365 7415 
20764 7384 7367 7380 7413 
20765 7389 7367 7371 7413 
20766 7396 7377 7406 7415 
20767 7341 7335 7330 7411 
20768 7345 7334 7335 7404 
20769 7398 7387 7376 7415 
20770 7360 7339 7351 7411 
20771 7389 7380 7367 7413 
20772 7381 7364 7366 7410 
20773 7382 7365 7354 7412 
20774 7393 7388 7381 7413 
20775 7395 7382 7387 7415 
20776 7383 7410 7372 7413 
20777 7391 7384 7380 7417 
20778 7389 7380 7417 7418 
20779 169 7391 7380 7418 
20780 7389 7380 7413 7417 
20781 7390 7371 7383 7413 
20782 7390 7311 7389 7418 
20783 7367 7366 7410 7413 
20784 7373 7363 7365 7412 
20785 7382 7354 7368 7412 
20786 364 7310 7309 7414 
20787 7352 7343 7344 7411 
20788 7340 7404 7331 7411 
20789 7390 7389 7417 7418 
20790 7309 7414 7310 7416 
20791 7375 7361 7373 7412 
20792 7387 7368 7369 7412 
20793 7372 7359 7357 7410 
20794 7374 7362 7350 7412 
20795 7379 7362 7378 7415 
20796 7378 7362 7374 7415 
20797 7416 7310 7419 7398 
20798 7388 7370 7381 7410 
20799 367 362 7420 361 
20800 7398 7310 7419 366 
20801 7309 7405 7414 7416 
20802 7374 7362 7412 7415 
20803 7386 7414 7377 7415 
20804 7308 7397 7396 7406 
20805 7420 7308 7397 361 
20806 7415 7406 7405 7414 
20807 7379 7376 7362 7415 
20808 7397 7374 7375 7415 
20809 7398 7395 7387 7415 
20810 7379 7415 7378 7416 
20811 7386 7377 7365 7415 
20812 7308 7406 363 7405 
20813 7395 7386 7382 7415 
20814 7353 7348 7333 7409 
20815 361 362 7420 7308 
20816 362 7405 7309 7416 
20817 7405 362 7420 7416 
20818 7392 7383 7413 7417 
20819 7397 7378 7374 7415 
20820 167 7311 7390 7418 
20821 4285 7389 7311 7418 
20822 7377 7414 7406 7415 
20823 4285 7380 7389 7418 
20824 7399 7392 7388 7413 
20825 7391 7385 7384 7417 
20826 7376 7369 7356 7412 
20827 7391 7417 7380 7418 
20828 7308 362 7420 7405 
20829 7375 7374 7412 7415 
20830 4286 7400 7391 7417 
20831 4286 7402 7401 7417 
20832 7371 7367 7410 7413 
20833 7400 7385 7391 7417 
20834 7402 7394 7392 7417 
20835 367 7379 7378 7416 
20836 7406 7407 7405 7414 
20837 7359 7346 7357 7409 
20838 363 7313 7307 7407 
20839 364 7395 7310 7414 
20840 7309 365 367 7416 
20841 7399 7392 7413 7417 
20842 363 7396 7377 7406 
20843 363 7406 7377 7407 
20844 7399 7388 7393 7413 
20845 7393 7413 7385 7417 
20846 7390 7413 7383 7417 
20847 7394 7383 7392 7417 
20848 7361 7351 7342 7411 
20849 7401 7399 7393 7417 
20850 7401 7393 7400 7417 
20851 7394 7390 7383 7417 
20852 7392 7383 7372 7413 
20853 362 7307 7309 7405 
20854 7402 7392 7399 7417 
20855 7307 7407 7405 363 
20856 363 7377 7313 7407 
20857 167 7390 7394 7418 
20858 7402 7394 7417 7418 
20859 4284 169 4286 7391 
20860 167 4285 7311 7418 
20861 7394 7390 7417 7418 
20862 4284 4286 7400 7391 
20863 7399 7413 7393 7417 
20864 4282 7394 7402 7418 
20865 7310 7395 7398 7414 
20866 362 7308 7307 7405 
20867 4286 7402 4283 7401 
20868 4286 7402 7417 7418 
20869 367 365 7419 7416 
20870 7402 7399 7401 7417 
20871 7309 7310 365 7416 
20872 4284 4286 168 7400 
20873 4286 4282 7402 7418 
20874 4286 4285 167 7418 
20875 7395 7414 7386 7415 
20876 169 7380 4285 7418 
20877 167 7394 4282 7418 
20878 7354 7352 7344 7411 
20879 4286 167 4282 7418 
20880 4285 7312 7311 7389 
20881 4286 4282 4283 7402 
20882 7390 7389 7413 7417 
20883 4286 4283 168 7401 
20884 7405 7308 7397 7420 
20885 169 4285 4286 7418 
20886 4286 7401 7400 7417 
20887 7397 7406 7405 7415 
20888 7397 7396 7406 7415 
20889 7307 7308 363 7405 
20890 169 4286 7391 7418 
20891 7363 7342 7352 7411 
20892 7313 7407 7377 7414 
20893 7398 7414 7415 7416 
20894 7375 7374 7360 7412 
20895 7366 7364 7353 7410 
20896 7375 7360 7361 7412 
20897 7308 7397 7406 7405 
20898 7416 362 7420 367 
20899 7324 7323 7403 7404 
20900 7334 7315 7323 7404 
20901 7331 7329 7319 7404 
20902 7327 7403 7320 7408 
20903 7390 7389 7371 7413 
20904 7345 7404 7335 7411 
20905 7400 7393 7385 7417 
20906 7336 7318 7325 7408 
20907 7317 7316 7403 7404 
20908 169 7312 4285 7380 
20909 7386 7313 7377 7414 
20910 366 365 7419 367 
20911 7370 7357 7347 7409 
20912 7339 7330 7328 7411 
20913 7396 7375 7373 7415 
20914 7398 7376 7379 7415 
20915 7348 7337 7327 7408 
20916 7333 7327 7320 7408 
20917 7309 7407 7313 7414 
20918 7320 7319 7318 7403 
20919 7309 7407 7405 7307 
20920 7310 365 7419 366 
20921 7364 7409 7353 7410 
20922 4286 7401 168 7400 
20923 364 7309 7313 7414 
20924 7398 7414 7395 7415 
20925 364 7386 7395 7414 
20926 7416 365 7419 7310 
20927 7398 7415 7379 7416 
20928 4285 7312 7389 7380 
20929 7358 7326 7337 7408 
20930 7385 7413 7384 7417 
20931 4286 7417 7391 7418 
20932 7310 7414 7398 7416 
20933 362 7309 367 7416 
20934 366 7419 7379 367 
20935 367 7419 7379 7416 
20936 7419 7398 7379 7416 
20937 366 7398 7379 7419 
20938 367 7420 7378 361 
20939 361 7420 7378 7397 
20940 7397 7420 7378 7405 
20941 7405 7420 7378 7416 
20942 7416 7420 7378 367 
20943 7510 7511 7512 7513 
20944 7500 7510 7512 7514 
20945 4414 7510 4411 7511 
20946 4414 4411 4413 7511 
20947 4414 4409 7510 7515 
20948 7506 7510 7511 7512 
20949 7498 7497 7510 7512 
20950 4414 7498 177 7515 
20951 7495 7512 7513 7514 
20952 7498 7510 7497 7515 
20953 4409 7514 7510 7515 
20954 4414 7506 7498 7510 
20955 7516 7517 7518 7519 
20956 4409 7425 178 7514 
20957 177 7497 7425 7515 
20958 7422 7499 7493 7516 
20959 7487 7486 7516 7517 
20960 7488 7468 7474 7520 
20961 7499 7474 7483 7520 
20962 7447 7437 7438 7436 
20963 7435 7428 7432 7521 
20964 7448 7436 7446 7431 
20965 7453 7435 7442 7428 
20966 7522 7448 7437 7446 
20967 7431 7436 7446 7445 
20968 7439 7435 7432 7521 
20969 7436 7429 7432 7428 
20970 7438 7448 7437 7522 
20971 7454 7445 7446 7437 
20972 7453 7442 7435 7523 
20973 7454 7447 7522 7524 
20974 7447 7438 7437 7522 
20975 7431 7429 7430 7521 
20976 7454 7437 7446 7522 
20977 7436 7431 7432 7429 
20978 7450 7439 7433 7523 
20979 7442 7428 7435 7521 
20980 4404 7501 7507 7513 
20981 370 7516 7427 7518 
20982 7464 7443 7453 7525 
20983 4410 7513 4411 7514 
20984 7452 7440 7434 7523 
20985 176 7501 4404 7513 
20986 7454 7447 7437 7522 
20987 7440 7433 7521 7523 
20988 7466 7446 7454 7445 
20989 7466 7454 7446 7522 
20990 7452 7442 7443 7523 
20991 7453 7523 7444 7525 
20992 7464 7453 7459 7525 
20993 7445 7430 7431 7429 
20994 7450 7449 7439 7523 
20995 7451 7433 7440 7523 
20996 7440 7433 7430 7521 
20997 177 7425 4409 7515 
20998 7465 7447 7454 7524 
20999 7444 7435 7439 7523 
21000 7451 7523 7441 7525 
21001 7457 7455 7522 7524 
21002 7451 7450 7433 7523 
21003 7480 7456 7469 7524 
21004 7436 7448 7437 7438 
21005 7471 7460 7450 7525 
21006 7456 7438 7447 7522 
21007 7449 7444 7439 7523 
21008 7439 7435 7521 7523 
21009 7451 7440 7441 7523 
21010 7452 7441 7440 7523 
21011 7452 7523 7443 7525 
21012 7464 7463 7443 7525 
21013 7459 7453 7444 7525 
21014 7455 7446 7448 7522 
21015 4410 7495 7513 7514 
21016 7452 7441 7523 7525 
21017 7467 7459 7458 7520 
21018 7472 7471 7461 7520 
21019 4413 7507 7511 7513 
21020 7463 7452 7443 7525 
21021 4413 4405 7507 7513 
21022 7483 7463 7464 7520 
21023 7483 7474 7463 7520 
21024 7462 7441 7452 7525 
21025 7456 7448 7438 7522 
21026 7440 7430 7434 7521 
21027 7432 7429 7431 7521 
21028 7442 7434 7521 7523 
21029 7449 7444 7523 7525 
21030 7466 7454 7522 7524 
21031 7462 7461 7441 7525 
21032 7440 7521 7434 7523 
21033 7480 7457 7456 7524 
21034 7469 7447 7465 7524 
21035 369 375 7488 7519 
21036 7456 7522 7447 7524 
21037 7485 7477 7478 7526 
21038 7471 7451 7461 7525 
21039 7453 7443 7442 7523 
21040 7491 7479 7473 7526 
21041 7480 7524 7469 7526 
21042 7457 7455 7448 7522 
21043 7458 7444 7449 7525 
21044 7475 7459 7467 7520 
21045 7489 7517 7488 7519 
21046 7460 7458 7449 7525 
21047 7450 7449 7523 7525 
21048 7470 7467 7458 7520 
21049 7421 370 7427 7518 
21050 7517 7527 7528 7519 
21051 7499 7488 7517 7519 
21052 7494 7527 7528 7517 
21053 7481 7470 7460 7520 
21054 7518 7528 7423 7519 
21055 7471 7450 7451 7525 
21056 7481 7460 7471 7520 
21057 7486 7518 7517 7528 
21058 7422 369 368 7499 
21059 7483 7464 7475 7520 
21060 7448 7438 7436 7432 
21061 7478 7455 7473 7524 
21062 7478 7477 7466 7524 
21063 7484 7476 7465 7526 
21064 7499 7493 7517 7520 
21065 7445 7436 7446 7437 
21066 7468 7461 7462 7520 
21067 7475 7464 7459 7520 
21068 7478 7466 7455 7524 
21069 7472 7461 7468 7520 
21070 7432 7428 7429 7521 
21071 7502 7480 7490 7526 
21072 7442 7429 7428 7521 
21073 7499 7517 7488 7520 
21074 7494 7472 7489 7517 
21075 7517 7518 7519 7528 
21076 7471 7461 7520 7525 
21077 7489 7468 7488 7517 
21078 7489 7472 7468 7517 
21079 7474 7462 7463 7520 
21080 371 7492 7424 7528 
21081 7487 7467 7486 7517 
21082 7499 7488 7474 7520 
21083 7427 7528 7423 7518 
21084 7460 7520 7458 7525 
21085 7486 7467 7470 7517 
21086 7528 7527 7494 7424 
21087 7464 7520 7463 7525 
21088 7427 7518 7486 7528 
21089 7469 7456 7447 7524 
21090 7422 7493 370 7516 
21091 7422 7516 370 7518 
21092 373 372 7527 375 
21093 7494 7481 7472 7517 
21094 7422 369 7499 7516 
21095 7437 7436 7446 7448 
21096 7500 7512 7496 7514 
21097 7498 7476 7497 7512 
21098 7459 7458 7520 7525 
21099 7451 7450 7523 7525 
21100 7457 7522 7456 7524 
21101 7476 7469 7465 7526 
21102 7527 7489 7517 7494 
21103 7460 7449 7450 7525 
21104 7453 7443 7523 7525 
21105 7461 7451 7441 7525 
21106 370 7493 7487 7516 
21107 4407 4408 4414 7506 
21108 7493 7487 7517 7520 
21109 7481 7517 7470 7520 
21110 7490 7469 7476 7526 
21111 7463 7462 7452 7525 
21112 7477 7465 7454 7524 
21113 7480 7473 7524 7526 
21114 7493 7483 7475 7520 
21115 7492 7486 7517 7528 
21116 371 7427 7486 7528 
21117 7501 7479 7491 7512 
21118 7491 7473 7480 7526 
21119 7484 7465 7477 7526 
21120 7462 7520 7461 7525 
21121 7494 7492 7481 7517 
21122 7471 7520 7460 7525 
21123 7486 7516 7517 7518 
21124 7427 7516 7486 7518 
21125 7487 7475 7467 7520 
21126 7493 7475 7487 7520 
21127 7496 7482 7495 7512 
21128 7478 7524 7473 7526 
21129 7491 7512 7479 7526 
21130 7487 7467 7517 7520 
21131 7500 7484 7485 7512 
21132 7482 7479 7512 7526 
21133 7485 7478 7482 7526 
21134 7492 7470 7481 7517 
21135 7496 7485 7482 7512 
21136 4414 4413 7506 7511 
21137 7482 7478 7473 7526 
21138 7502 7512 7491 7526 
21139 7482 7473 7479 7526 
21140 7481 7471 7472 7520 
21141 4413 7508 7506 7511 
21142 7470 7458 7460 7520 
21143 7473 7455 7457 7524 
21144 4412 4413 4411 7513 
21145 7427 7487 7486 7516 
21146 369 7499 7516 7519 
21147 7464 7459 7520 7525 
21148 7502 7490 7512 7526 
21149 7457 7448 7456 7522 
21150 7506 7511 7503 7512 
21151 7497 7476 7484 7512 
21152 7500 7510 7514 7515 
21153 7498 7490 7476 7512 
21154 7485 7482 7512 7526 
21155 7500 7497 7510 7515 
21156 7500 7497 7484 7512 
21157 7439 7432 7431 7521 
21158 7459 7444 7458 7525 
21159 374 7496 7426 7514 
21160 7424 7492 7494 7528 
21161 374 7500 7496 7514 
21162 7426 7496 7495 7514 
21163 178 7425 374 7514 
21164 4409 4411 7510 7514 
21165 4412 4404 4405 7513 
21166 7472 7468 7517 7520 
21167 371 7423 7427 7528 
21168 7421 7422 370 7518 
21169 7488 7517 7468 7520 
21170 7485 7484 7477 7526 
21171 7466 7446 7455 7522 
21172 369 375 368 7488 
21173 7499 7493 7516 7517 
21174 7519 7421 369 7423 
21175 4413 7509 7508 7511 
21176 4413 7509 4406 7508 
21177 7423 7527 372 375 
21178 7507 7501 7504 7511 
21179 7500 7510 7497 7512 
21180 7505 7504 7502 7512 
21181 7485 7512 7484 7526 
21182 176 7495 7501 7513 
21183 4410 7426 7495 7514 
21184 7501 7512 7511 7513 
21185 7452 7434 7442 7523 
21186 7494 7492 7517 7528 
21187 7481 7472 7517 7520 
21188 369 7423 375 7519 
21189 7439 7521 7433 7523 
21190 7484 7512 7476 7526 
21191 375 7519 7423 7527 
21192 369 7516 7518 7519 
21193 177 7498 7497 7515 
21194 4410 7495 176 7513 
21195 7501 7495 7512 7513 
21196 178 374 7426 7514 
21197 7499 7483 7493 7520 
21198 4413 7511 4411 7513 
21199 371 7486 7492 7528 
21200 371 7424 7423 7528 
21201 7496 7512 7495 7514 
21202 7490 7476 7512 7526 
21203 7477 7454 7466 7524 
21204 4414 7510 7498 7515 
21205 7470 7517 7467 7520 
21206 7490 7480 7469 7526 
21207 7474 7468 7462 7520 
21208 7500 7485 7496 7512 
21209 7480 7473 7457 7524 
21210 7421 369 7422 7518 
21211 7505 7502 7503 7512 
21212 7425 7500 374 7514 
21213 7509 7507 7504 7511 
21214 7492 7486 7470 7517 
21215 7504 7501 7491 7512 
21216 7477 7465 7524 7526 
21217 7508 7505 7503 7511 
21218 7509 7504 7505 7511 
21219 369 368 7499 7488 
21220 4413 7507 7509 7511 
21221 4409 7425 7514 7515 
21222 4413 4405 7509 7507 
21223 7504 7491 7502 7512 
21224 7507 7501 7511 7513 
21225 7502 7491 7480 7526 
21226 4410 7426 176 7495 
21227 7508 7503 7506 7511 
21228 4408 4414 7506 7498 
21229 7453 7435 7444 7523 
21230 4407 4413 7508 7506 
21231 4407 4414 4413 7506 
21232 7505 7503 7511 7512 
21233 4411 7511 7510 7513 
21234 7503 7490 7498 7512 
21235 7510 7513 7512 7514 
21236 7501 7495 7479 7512 
21237 7509 7505 7508 7511 
21238 4405 4404 7507 7513 
21239 4407 4413 4406 7508 
21240 7469 7524 7465 7526 
21241 7448 7432 7436 7431 
21242 7506 7498 7510 7512 
21243 4409 178 4411 7514 
21244 375 7489 7488 7519 
21245 4410 4411 178 7514 
21246 4414 4409 4411 7510 
21247 7505 7511 7504 7512 
21248 7425 7500 7514 7515 
21249 7425 7497 7500 7515 
21250 7504 7511 7501 7512 
21251 7503 7502 7490 7512 
21252 7495 7482 7479 7512 
21253 4414 7506 7510 7511 
21254 7506 7503 7498 7512 
21255 4408 177 4414 7498 
21256 7433 7431 7430 7521 
21257 369 7488 7499 7519 
21258 7493 7487 7516 7517 
21259 370 7487 7427 7516 
21260 4412 4411 4410 7513 
21261 4412 176 4404 7513 
21262 4412 4405 4413 7513 
21263 4413 4405 4406 7509 
21264 4410 178 7426 7514 
21265 7434 7430 7429 7521 
21266 4412 4410 176 7513 
21267 7442 7434 7429 7521 
21268 4414 177 4409 7515 
21269 7445 7436 7437 7429 
21270 7463 7520 7462 7525 
21271 4411 7513 7510 7514 
21272 7519 7518 7421 7423 
21273 7527 7423 7424 7528 
21274 7489 7494 7527 373 
21275 7424 372 7527 373 
21276 7519 7489 7517 7527 
21277 7422 369 7516 7518 
21278 7527 7519 7423 7528 
21279 7466 7522 7455 7524 
21280 7478 7477 7524 7526 
21281 7445 7431 7436 7429 
21282 7446 7431 7445 7430 
21283 7442 7521 7435 7523 
21284 7439 7431 7433 7521 
21285 7423 7518 7421 7427 
21286 7494 7527 373 7424 
21287 7499 7517 7516 7519 
21288 7518 7519 7421 369 
21289 373 7527 7489 375 
21290 375 7527 7489 7519 
21291 372 7527 7423 7424 
21292 7562 7561 7620 7621 
21293 7557 7620 7556 7622 
21294 7561 7620 7557 7622 
21295 7567 7620 7561 7621 
21296 7560 7548 7620 7621 
21297 7556 7620 7555 7622 
21298 7560 7542 7555 7620 
21299 4403 175 7623 7624 
21300 7623 7624 7625 7626 
21301 7533 7598 7599 7623 
21302 4401 7623 7625 7626 
21303 173 7533 7599 7623 
21304 173 7599 7612 7623 
21305 7612 7623 7599 7625 
21306 7562 7620 7558 7621 
21307 7551 7550 7539 7627 
21308 7565 7550 7551 7627 
21309 7550 7536 7627 7628 
21310 7562 7620 7561 7622 
21311 7550 7549 7536 7628 
21312 7562 7561 7545 7622 
21313 7529 7629 378 7535 
21314 7549 7545 7536 7622 
21315 7553 7540 7541 7627 
21316 7564 7552 7540 7627 
21317 7566 7560 7555 7620 
21318 7557 7556 7544 7622 
21319 7559 7620 7548 7621 
21320 7556 7543 7544 7622 
21321 7547 7542 7620 7622 
21322 7560 7548 7542 7620 
21323 7557 7537 7545 7622 
21324 7545 7537 7536 7622 
21325 7549 7622 7536 7628 
21326 7543 7622 7538 7628 
21327 7550 7546 7549 7628 
21328 7550 7541 7546 7628 
21329 7553 7541 7540 7538 
21330 7559 7547 7620 7622 
21331 7550 7627 7541 7628 
21332 7562 7545 7549 7622 
21333 7567 7556 7557 7620 
21334 7558 7549 7546 7622 
21335 7544 7543 7540 7628 
21336 7541 7540 7538 7628 
21337 7552 7539 7536 7627 
21338 7570 7559 7548 7621 
21339 7571 7548 7560 7621 
21340 7574 7551 7627 7630 
21341 7573 7558 7569 7621 
21342 7550 7536 7539 7627 
21343 7584 7561 7562 7621 
21344 7584 7562 7573 7621 
21345 7566 7560 7620 7621 
21346 7547 7538 7542 7622 
21347 7554 7540 7553 7627 
21348 7552 7540 7627 7628 
21349 7564 7540 7554 7627 
21350 7574 7627 7564 7630 
21351 7565 7627 7551 7630 
21352 7571 7570 7621 7631 
21353 7564 7627 7554 7630 
21354 7570 7569 7621 7631 
21355 7559 7558 7546 7622 
21356 7577 7554 7553 7630 
21357 7586 7564 7576 7630 
21358 7587 7576 7578 7632 
21359 7576 7564 7554 7630 
21360 7547 7546 7538 7622 
21361 7559 7547 7548 7620 
21362 7567 7557 7561 7620 
21363 7579 7567 7572 7621 
21364 7629 7633 7634 7635 
21365 7556 7555 7543 7622 
21366 7565 7553 7627 7630 
21367 7554 7627 7553 7630 
21368 7584 7572 7561 7621 
21369 7559 7558 7620 7621 
21370 7591 7581 7631 7636 
21371 7579 7568 7621 7631 
21372 7574 7563 7551 7630 
21373 7574 7552 7564 7627 
21374 7565 7553 7541 7627 
21375 7574 7539 7552 7627 
21376 7574 7551 7539 7627 
21377 7565 7551 7563 7630 
21378 7593 7563 7574 7630 
21379 7589 7576 7587 7632 
21380 7537 7536 7622 7628 
21381 7588 7565 7563 7630 
21382 7562 7549 7558 7622 
21383 7577 7553 7565 7630 
21384 4399 7611 175 7624 
21385 7562 7558 7620 7622 
21386 4399 4403 7618 7624 
21387 4398 4399 4403 7618 
21388 7584 7572 7621 7631 
21389 7578 7554 7577 7630 
21390 7584 7621 7573 7631 
21391 7571 7621 7568 7631 
21392 7567 7566 7620 7621 
21393 7573 7562 7558 7621 
21394 7575 7573 7569 7631 
21395 4403 7618 7624 7626 
21396 7619 7617 7625 7626 
21397 7581 7575 7569 7631 
21398 7581 7569 7570 7631 
21399 7559 7620 7558 7622 
21400 175 7609 4400 7623 
21401 175 4400 7609 7534 
21402 7579 7568 7566 7621 
21403 4403 7623 4401 7626 
21404 7579 7566 7567 7621 
21405 7585 7631 7575 7636 
21406 7559 7546 7547 7622 
21407 7586 7574 7564 7630 
21408 7571 7560 7568 7621 
21409 7592 7631 7585 7636 
21410 7566 7555 7556 7620 
21411 7591 7570 7571 7631 
21412 7595 7594 7633 7636 
21413 7581 7575 7631 7636 
21414 7585 7573 7575 7631 
21415 7592 7572 7584 7631 
21416 7583 7580 7631 7636 
21417 379 7535 7594 7633 
21418 7572 7567 7561 7621 
21419 7593 7630 7586 7632 
21420 7615 7612 7603 7625 
21421 7600 7590 7632 7637 
21422 7599 7598 7587 7637 
21423 7602 7578 7590 7632 
21424 378 7629 7595 7535 
21425 7596 7633 7634 7636 
21426 7607 7581 7591 7636 
21427 7605 7583 7592 7636 
21428 379 7633 7605 7634 
21429 4401 7625 7615 7626 
21430 7612 7603 7625 7637 
21431 379 7531 7535 7629 
21432 7605 7633 7594 7636 
21433 379 7629 7535 7633 
21434 7608 7592 7585 7636 
21435 7606 7591 7582 7636 
21436 7613 7625 7603 7637 
21437 379 7629 7633 7634 
21438 7606 7582 7595 7636 
21439 4400 7609 7598 7623 
21440 7608 7634 7605 7636 
21441 7582 7568 7580 7631 
21442 7609 7598 7625 7637 
21443 7588 7577 7565 7630 
21444 7591 7581 7570 7631 
21445 7592 7583 7572 7631 
21446 7592 7584 7585 7631 
21447 7596 7575 7581 7636 
21448 7597 7585 7575 7636 
21449 7607 7591 7606 7636 
21450 7583 7580 7579 7631 
21451 7607 7636 7606 7638 
21452 7611 7609 7624 7625 
21453 7570 7569 7559 7621 
21454 7605 7634 7633 7636 
21455 7582 7631 7580 7636 
21456 7548 7547 7542 7620 
21457 7602 7587 7632 7637 
21458 7635 382 7634 7531 
21459 376 377 7596 7635 
21460 7583 7579 7572 7631 
21461 7607 7596 7581 7636 
21462 7607 7596 7636 7638 
21463 7597 7596 7634 7636 
21464 4403 7624 7623 7626 
21465 7591 7631 7582 7636 
21466 7598 7589 7587 7637 
21467 7578 7576 7630 7632 
21468 7590 7578 7577 7632 
21469 7593 7588 7563 7630 
21470 7580 7568 7579 7631 
21471 7586 7630 7576 7632 
21472 7614 7610 7611 7625 
21473 7610 7593 7601 7637 
21474 4399 7614 7611 7624 
21475 7578 7630 7577 7632 
21476 7588 7577 7630 7632 
21477 7612 7602 7603 7637 
21478 7578 7576 7554 7630 
21479 7601 7632 7589 7637 
21480 7609 7601 7589 7637 
21481 7618 7625 7624 7626 
21482 7604 7632 7593 7637 
21483 7567 7566 7556 7620 
21484 7617 7613 7616 7625 
21485 7634 381 7532 380 
21486 7608 7605 7592 7636 
21487 7597 7575 7596 7636 
21488 7582 7571 7568 7631 
21489 7595 7629 7633 7535 
21490 7594 7580 7583 7636 
21491 7530 7607 7606 7638 
21492 7530 7606 378 7638 
21493 7585 7584 7573 7631 
21494 376 7635 7607 7530 
21495 7596 376 7635 7607 
21496 7634 382 7597 380 
21497 7606 7636 7595 7638 
21498 7592 7583 7631 7636 
21499 7608 7585 7597 7636 
21500 7616 7613 7604 7637 
21501 7629 7635 7529 378 
21502 382 7597 380 381 
21503 7596 7633 7636 7638 
21504 382 377 7635 7596 
21505 380 7597 7634 381 
21506 7601 7593 7586 7632 
21507 7611 7625 7610 7637 
21508 7602 7599 7587 7637 
21509 4400 7598 7533 7623 
21510 7596 7635 7633 7638 
21511 7613 7600 7604 7637 
21512 7593 7588 7630 7632 
21513 7609 7598 7623 7625 
21514 7618 7616 7614 7625 
21515 7616 7610 7625 7637 
21516 4398 7618 4403 7626 
21517 7611 7601 7609 7637 
21518 4400 7534 7533 7598 
21519 7604 7600 7588 7632 
21520 7590 7577 7588 7632 
21521 7603 7590 7600 7637 
21522 4396 7615 7617 7626 
21523 7629 7633 7635 7638 
21524 7609 7589 7598 7637 
21525 7635 7638 378 7629 
21526 7604 7600 7632 7637 
21527 7595 7636 7633 7638 
21528 7531 7629 7634 7635 
21529 378 7606 7595 7638 
21530 7595 7580 7594 7636 
21531 7638 7595 7629 7633 
21532 7593 7574 7586 7630 
21533 379 7531 7629 7634 
21534 7605 7594 7583 7636 
21535 7591 7571 7582 7631 
21536 7607 7635 7638 7530 
21537 7568 7560 7566 7621 
21538 377 7635 376 7530 
21539 7555 7620 7542 7622 
21540 382 376 377 7596 
21541 7611 7610 7601 7637 
21542 7610 7604 7593 7637 
21543 7601 7593 7632 7637 
21544 7612 7625 7599 7637 
21545 7611 7609 7625 7637 
21546 7609 7623 7624 7625 
21547 173 4400 7533 7623 
21548 175 7611 7609 7624 
21549 4401 7623 7612 7625 
21550 7596 7634 7633 7635 
21551 4399 175 4403 7624 
21552 7616 7610 7614 7625 
21553 7604 7588 7593 7632 
21554 7543 7538 7540 7628 
21555 7619 7625 7618 7626 
21556 7546 7541 7538 7628 
21557 4395 4401 173 7612 
21558 7602 7587 7578 7632 
21559 4395 7615 4401 7612 
21560 7616 7625 7613 7637 
21561 7617 7615 7613 7625 
21562 4401 7615 4396 7626 
21563 7602 7632 7590 7637 
21564 7615 7603 7613 7625 
21565 7603 7602 7590 7637 
21566 4398 4397 7618 7626 
21567 7589 7632 7587 7637 
21568 174 4396 7617 7626 
21569 7618 7614 7624 7625 
21570 4399 7618 7614 7624 
21571 4395 4396 4401 7615 
21572 7531 377 7635 382 
21573 174 7617 7619 7626 
21574 7614 7611 7624 7625 
21575 7530 7638 378 7635 
21576 4401 4396 4402 7626 
21577 7619 7617 7616 7625 
21578 174 4402 4396 7626 
21579 4403 4400 4401 7623 
21580 7599 7625 7598 7637 
21581 4397 7619 7618 7626 
21582 174 7619 4397 7626 
21583 174 4397 4402 7626 
21584 4398 4402 4397 7626 
21585 4401 4400 173 7623 
21586 175 7609 7623 7624 
21587 4403 4401 4402 7626 
21588 4401 173 7612 7623 
21589 7601 7586 7589 7632 
21590 7616 7604 7610 7637 
21591 4398 4403 4402 7626 
21592 7544 7537 7622 7628 
21593 4401 7612 7615 7625 
21594 7617 7615 7625 7626 
21595 7544 7622 7543 7628 
21596 7557 7544 7537 7622 
21597 7599 7623 7598 7625 
21598 7529 7629 7531 7635 
21599 7613 7603 7600 7637 
21600 7619 7616 7618 7625 
21601 7612 7599 7602 7637 
21602 7600 7590 7588 7632 
21603 4403 175 4400 7623 
21604 7531 7532 380 7634 
21605 381 7597 7634 7608 
21606 7596 382 7634 7635 
21607 7589 7586 7576 7632 
21608 7569 7558 7559 7621 
21609 7531 380 382 7634 
21610 7571 7570 7548 7621 
21611 379 7532 7531 7634 
21612 379 7594 7605 7633 
21613 7608 7597 7634 7636 
21614 378 7635 7529 7530 
21615 7529 377 7530 7635 
21616 7529 7535 7531 7629 
21617 7555 7542 7538 7622 
21618 379 7605 7532 7634 
21619 7546 7538 7622 7628 
21620 7529 7531 377 7635 
21621 7565 7541 7550 7627 
21622 7561 7557 7545 7622 
21623 382 7597 7596 7634 
21624 7535 7595 7594 7633 
21625 7638 378 7629 7595 
21626 7541 7627 7540 7628 
21627 7579 7621 7572 7631 
21628 7552 7537 7544 7628 
21629 4400 7609 7534 7598 
21630 7595 7582 7580 7636 
21631 7608 381 7532 7634 
21632 7555 7538 7543 7622 
21633 7573 7621 7569 7631 
21634 7549 7546 7622 7628 
21635 7552 7627 7536 7628 
21636 7532 7605 7608 7634 
21637 7552 7536 7537 7628 
21638 7552 7544 7540 7628 
21639 7596 7607 7635 7638 
33042 11701 11720 11693 11721 
33043 11703 11693 11720 11721 
33044 11717 11705 11703 11721 
33045 11702 11720 11701 11721 
33046 11715 11702 11700 11721 
33047 11718 11720 11710 11721 
33048 11718 11705 11717 11721 
33049 11710 11720 11707 11721 
33050 11715 11700 11707 11721 
33051 11661 11640 11641 11722 
33052 11652 11641 11646 11722 
33053 11654 11643 11642 11722 
33054 11643 11642 11722 11723 
33055 11654 11646 11643 11722 
33056 11659 11650 11651 11723 
33057 11651 11645 11642 11723 
33058 11658 11649 11644 11723 
33059 11664 11657 11652 11724 
33060 11666 11649 11658 11723 
33061 11652 11722 11646 11725 
33062 11646 11644 11643 11722 
33063 11664 11652 11653 11724 
33064 11666 11658 11659 11723 
33065 11666 11659 11665 11723 
33066 11659 11658 11650 11723 
33067 11665 11648 11649 11723 
33068 11661 11656 11645 11722 
33069 11662 11646 11655 11725 
33070 11656 11655 11647 11722 
33071 11671 11662 11663 11724 
33072 11660 11659 11651 11723 
33073 11661 11722 11652 11725 
33074 11666 11665 11649 11723 
33075 11661 11652 11724 11725 
33076 11673 11655 11656 11724 
33077 636 11635 11726 11727 
33078 11669 11661 11657 11724 
33079 11670 11669 11657 11724 
33080 11670 11669 11661 11657 
33081 639 11726 11709 11727 
33082 11661 11656 11655 11724 
33083 11667 11660 11665 11659 
33084 11660 11642 11648 11723 
33085 11686 11667 11666 11659 
33086 11678 11665 11667 11660 
33087 11662 11654 11655 11646 
33088 11669 11656 11661 11724 
33089 11681 11672 11724 11728 
33090 11674 11673 11669 11724 
33091 11679 11669 11670 11724 
33092 11661 11655 11656 11722 
33093 11683 11664 11676 11728 
33094 11645 11722 11642 11723 
33095 11673 11656 11669 11724 
33096 11655 11654 11647 11722 
33097 11683 11657 11664 11724 
33098 11662 11724 11652 11725 
33099 11673 11663 11655 11724 
33100 637 11726 11715 11729 
33101 11671 11653 11662 11724 
33102 11667 11665 11666 11659 
33103 11658 11645 11650 11723 
33104 11679 11674 11669 11724 
33105 11671 11664 11653 11724 
33106 11678 11667 11668 11660 
33107 11686 11666 11667 11665 
33108 11655 11646 11654 11722 
33109 11686 11667 11678 11665 
33110 11679 11724 11670 11728 
33111 11654 11642 11647 11722 
33112 11672 11671 11724 11728 
33113 11686 11678 11685 11665 
33114 11668 11687 11686 11678 
33115 11715 11726 11720 11729 
33116 11677 11687 11686 11668 
33117 11663 11662 11655 11724 
33118 11681 11724 11674 11728 
33119 11692 11691 11681 11728 
33120 11680 11676 11671 11728 
33121 11681 11672 11663 11724 
33122 11692 11681 11674 11728 
33123 11696 11728 11676 11730 
33124 11683 11670 11724 11728 
33125 11683 11724 11664 11728 
33126 11696 11683 11676 11728 
33127 11683 11675 11670 11728 
33128 11689 11679 11682 11728 
33129 11672 11671 11663 11724 
33130 11696 11695 11683 11728 
33131 11690 11680 11672 11730 
33132 11696 11676 11684 11730 
33133 11717 11720 11726 11729 
33134 11682 11679 11675 11728 
33135 11644 11722 11640 11723 
33136 11686 11677 11668 11667 
33137 11665 11659 11660 11723 
33138 11681 11673 11674 11724 
33139 11688 11677 11687 11731 
33140 11713 11687 11699 11731 
33141 11699 11687 11698 11731 
33142 11714 11697 11688 11731 
33143 11714 11711 11697 11731 
33144 11713 11688 11687 11731 
33145 11686 11685 11666 11665 
33146 11689 11674 11679 11728 
33147 640 638 11718 11729 
33148 11676 11664 11671 11728 
33149 11706 11687 11686 11677 
33150 11662 11653 11652 11724 
33151 11695 11682 11675 11728 
33152 11690 11684 11680 11730 
33153 11692 11674 11689 11728 
33154 11684 11676 11680 11730 
33155 11691 11672 11728 11730 
33156 11695 11682 11728 11730 
33157 11705 11696 11703 11730 
33158 11680 11676 11728 11730 
33159 11703 11696 11684 11730 
33160 638 11639 11710 11729 
33161 640 11726 11636 11729 
33162 11701 11690 11691 11730 
33163 11686 11668 11678 11667 
33164 11702 11691 11692 11730 
33165 11706 11687 11698 11678 
33166 11712 11699 11731 11732 
33167 11662 11652 11653 11646 
33168 11709 11726 11720 11727 
33169 11636 11726 639 11727 
33170 11706 11686 11697 11677 
33171 11692 11691 11728 11730 
33172 640 639 11636 11726 
33173 11689 11728 11682 11730 
33174 11671 11664 11724 11728 
33175 11710 11707 11720 11729 
33176 635 11638 11708 11727 
33177 11635 635 11716 11727 
33178 11715 11707 11720 11721 
33179 11678 11687 11686 11706 
33180 11694 11689 11682 11730 
33181 11704 11682 11695 11730 
33182 11706 11687 11677 11731 
33183 11706 11698 11685 11678 
33184 11706 11677 11697 11731 
33185 639 11709 11638 11727 
33186 11693 11684 11690 11721 
33187 11717 11703 11709 11720 
33188 11705 11695 11696 11730 
33189 11695 11675 11683 11728 
33190 11709 11703 11693 11720 
33191 11667 11660 11659 11651 
33192 11700 11692 11689 11730 
33193 636 11636 11726 11729 
33194 11702 11721 11701 11730 
33195 11706 11698 11687 11731 
33196 636 11635 637 11726 
33197 11680 11728 11672 11730 
33198 11661 11655 11722 11725 
33199 11683 11670 11657 11724 
33200 638 11710 11718 11729 
33201 11712 11699 11698 11731 
33202 11701 11721 11690 11730 
33203 326 6761 11714 11732 
33204 11719 11706 11711 11731 
33205 326 11713 6760 11732 
33206 11715 11720 11702 11721 
33207 11661 11724 11655 11725 
33208 11700 11689 11694 11730 
33209 11719 11712 11731 11732 
33210 11690 11721 11684 11730 
33211 11705 11721 11704 11730 
33212 11707 11700 11694 11721 
33213 11717 11703 11720 11721 
33214 11711 11732 6761 328 
33215 11715 11720 11726 11727 
33216 6760 11712 327 11732 
33217 11705 11703 11721 11730 
33218 328 11732 6761 327 
33219 11716 11702 11715 11720 
33220 11710 11707 11694 11721 
33221 11702 11701 11691 11730 
33222 11703 11684 11693 11721 
33223 11706 11685 11686 11678 
33224 11697 11677 11688 11731 
33225 11696 11695 11728 11730 
33226 11719 11712 11698 11731 
33227 11705 11704 11695 11730 
33228 11708 11693 11701 11720 
33229 11662 11655 11724 11725 
33230 11639 11707 11710 11729 
33231 11718 11710 11720 11729 
33232 11635 11716 11715 11727 
33233 11716 11701 11702 11720 
33234 11681 11663 11673 11724 
33235 11718 11717 11720 11721 
33236 11661 11652 11657 11724 
33237 326 11714 11713 11732 
33238 11701 11693 11690 11721 
33239 11635 11715 11726 11727 
33240 11655 11646 11722 11725 
33241 640 11717 639 11726 
33242 11691 11690 11672 11730 
33243 11704 11694 11682 11730 
33244 11710 11694 11704 11721 
33245 11718 11704 11705 11721 
33246 11679 11670 11675 11728 
33247 11714 11731 11713 11732 
33248 11717 11720 11709 11726 
33249 636 11726 11636 11727 
33250 11638 11709 11708 11727 
33251 640 11718 11717 11729 
33252 11651 11650 11645 11723 
33253 11714 11711 11731 11732 
33254 11713 11731 11699 11732 
33255 11732 11719 328 11711 
33256 11709 11720 11708 11727 
33257 327 11712 11719 11732 
33258 6761 11637 11714 11711 
33259 11692 11728 11689 11730 
33260 11646 11641 11644 11722 
33261 11636 639 11638 11727 
33262 639 11717 11709 11726 
33263 11636 11639 638 11729 
33264 11704 11721 11694 11730 
33265 636 637 11639 11729 
33266 11691 11672 11681 11728 
33267 636 11639 11636 11729 
33268 6761 11711 11714 11732 
33269 6760 11713 11699 11732 
33270 6760 11699 11712 11732 
33271 11716 11708 11701 11720 
33272 11718 11720 11717 11729 
33273 11719 11731 11711 11732 
33274 11702 11700 11721 11730 
33275 637 11707 11639 11729 
33276 636 11636 11638 11727 
33277 11715 11720 11707 11729 
33278 11709 11693 11708 11720 
33279 11711 11706 11697 11731 
33280 6761 328 11637 11711 
33281 11700 11694 11721 11730 
33282 326 6761 11637 11714 
33283 640 11636 638 11729 
33284 326 6760 6761 11732 
33285 11719 11698 11706 11731 
33286 637 11715 11707 11729 
33287 640 11717 11726 11729 
33288 6760 327 6761 11732 
33289 636 635 11635 11727 
33290 637 11635 11715 11726 
33291 11716 11720 11715 11727 
33292 11716 11708 11720 11727 
33293 11645 11640 11722 11723 
33294 11660 11651 11642 11723 
33295 11661 11641 11652 11722 
33296 635 11708 11716 11727 
33297 11658 11640 11645 11723 
33298 11679 11674 11724 11728 
33299 11649 11648 11644 11723 
33300 11658 11644 11640 11723 
33301 11665 11660 11648 11723 
33302 11661 11645 11640 11722 
33303 11644 11643 11722 11723 
33304 11718 11710 11704 11721 
33305 636 11726 637 11729 
33306 11680 11671 11672 11728 
33307 636 11638 635 11727 
33308 11714 11688 11713 11731 
33309 11647 11642 11645 11722 
33310 11688 11687 11677 11668 
33311 11656 11647 11645 11722 
33312 11648 11643 11644 11723 
33313 327 11719 328 11732 
33314 11648 11642 11643 11723 
33315 11644 11641 11640 11722 
33316 11702 11692 11700 11730 
33317 11662 11652 11646 11725 
33318 11703 11684 11721 11730 
33319 11747 11744 11742 11820 
33320 11743 11740 11739 11821 
33321 11744 11738 11820 11822 
33322 11748 11747 11742 11820 
33323 11759 11741 11746 11822 
33324 11768 11763 11759 11821 
33325 11757 11743 11750 11820 
33326 11763 11755 11821 11823 
33327 11753 11821 11740 11822 
33328 11755 11752 11821 11823 
33329 11760 11759 11746 11821 
33330 11759 11746 11821 11822 
33331 11750 11745 11746 11822 
33332 11760 11745 11754 11821 
33333 11773 11756 11748 11820 
33334 11754 11821 11752 11823 
33335 11762 11761 11754 11823 
33336 11751 11750 11746 11820 
33337 11744 11820 11741 11822 
33338 11745 11743 11739 11821 
33339 11747 11741 11744 11820 
33340 11756 11741 11747 11820 
33341 11748 11824 11749 11765 
33342 11758 11749 11757 11820 
33343 642 11816 11825 11826 
33344 11758 11748 11749 11820 
33345 11759 11821 11753 11822 
33346 11760 11821 11754 11823 
33347 11746 11745 11821 11822 
33348 11764 11748 11756 11747 
33349 11769 11768 11823 11827 
33350 11761 11760 11754 11823 
33351 11759 11744 11741 11822 
33352 11756 11746 11741 11820 
33353 11768 11821 11760 11823 
33354 11759 11753 11744 11822 
33355 11749 11748 11758 11824 
33356 11765 11764 11748 11824 
33357 11756 11751 11746 11820 
33358 11763 11755 11753 11821 
33359 11773 11756 11764 11748 
33360 11756 11747 11748 11820 
33361 11774 11765 11766 11824 
33362 11766 11765 11749 11824 
33363 11757 11742 11738 11820 
33364 11769 11760 11761 11823 
33365 11767 11762 11823 11827 
33366 11779 11762 11771 11827 
33367 11745 11743 11821 11822 
33368 11768 11759 11760 11821 
33369 11772 11763 11768 11823 
33370 11769 11768 11760 11823 
33371 11770 11769 11761 11827 
33372 11773 11748 11758 11820 
33373 11743 11740 11821 11822 
33374 11762 11754 11752 11823 
33375 11771 11762 11767 11827 
33376 11758 11750 11751 11820 
33377 11757 11738 11743 11820 
33378 11816 11825 11826 11828 
33379 11779 11770 11761 11827 
33380 11755 11752 11740 11821 
33381 11824 11764 11748 11773 
33382 11753 11738 11744 11822 
33383 11781 11767 11755 11823 
33384 11748 11758 11824 11773 
33385 11775 11774 11766 11824 
33386 11767 11762 11752 11823 
33387 11768 11763 11821 11823 
33388 11781 11755 11763 11823 
33389 11750 11820 11743 11822 
33390 11749 11748 11742 11820 
33391 11785 11775 11766 11824 
33392 11794 11780 11777 11829 
33393 11783 11776 11824 11830 
33394 11784 11765 11774 11824 
33395 11789 11778 11770 11829 
33396 11781 11823 11772 11827 
33397 11778 11827 11770 11829 
33398 11781 11827 11772 11829 
33399 11808 11792 11801 11828 
33400 11785 11758 11773 11824 
33401 11788 11771 11777 11829 
33402 11778 11768 11769 11827 
33403 11757 11749 11742 11820 
33404 11781 11777 11767 11829 
33405 11766 11749 11758 11824 
33406 11795 11781 11772 11829 
33407 11784 11764 11765 11824 
33408 11806 11796 11783 11830 
33409 11781 11767 11827 11829 
33410 11806 11783 11784 11830 
33411 11796 11786 11776 11830 
33412 11791 11771 11788 11829 
33413 11779 11761 11762 11827 
33414 11781 11767 11823 11827 
33415 11784 11783 11764 11824 
33416 11784 11824 11774 11830 
33417 11796 11786 11830 11831 
33418 11785 11766 11758 11824 
33419 11787 11774 11775 11830 
33420 11789 11782 11829 11832 
33421 11781 11763 11772 11823 
33422 11775 11774 11824 11830 
33423 11786 11785 11776 11830 
33424 11811 11786 11796 11831 
33425 11795 11829 11782 11832 
33426 11785 11773 11776 11824 
33427 11793 11788 11780 11832 
33428 11779 11827 11771 11829 
33429 11791 11779 11771 11829 
33430 11790 11770 11779 11829 
33431 11779 11770 11827 11829 
33432 11795 11794 11781 11829 
33433 11754 11739 11752 11821 
33434 11802 11828 11801 11832 
33435 11802 11800 11828 11832 
33436 11800 11788 11793 11832 
33437 11788 11777 11780 11829 
33438 11783 11773 11764 11824 
33439 11798 11785 11786 11830 
33440 11754 11745 11739 11821 
33441 11801 11789 11790 11832 
33442 643 11807 11737 11825 
33443 6758 11812 325 11833 
33444 11790 11789 11829 11832 
33445 11796 11776 11783 11830 
33446 11788 11829 11780 11832 
33447 11778 11772 11827 11829 
33448 6759 11735 11814 11811 
33449 11812 11831 11811 11833 
33450 11773 11751 11756 11820 
33451 11784 11783 11824 11830 
33452 11778 11769 11770 11827 
33453 11798 11830 11786 11831 
33454 11812 11798 11786 11831 
33455 11797 11830 11787 11831 
33456 11755 11740 11753 11821 
33457 11799 11787 11798 11831 
33458 11813 11797 11787 11831 
33459 6758 11813 11799 11833 
33460 11806 11784 11797 11830 
33461 11802 11791 11800 11832 
33462 11777 11771 11767 11829 
33463 11782 11772 11778 11829 
33464 11794 11780 11829 11832 
33465 11805 11794 11795 11832 
33466 11818 11810 11828 11834 
33467 11801 11792 11789 11832 
33468 11800 11791 11788 11832 
33469 11802 11801 11790 11832 
33470 11790 11789 11770 11829 
33471 11778 11772 11768 11827 
33472 324 11813 6758 11833 
33473 6759 325 11811 11833 
33474 11812 11799 11831 11833 
33475 324 323 11819 11833 
33476 11803 11795 11782 11832 
33477 11791 11790 11829 11832 
33478 11769 11823 11761 11827 
33479 11809 11792 11808 11828 
33480 11805 11795 11803 11832 
33481 11810 11826 11825 11828 
33482 11795 11772 11782 11829 
33483 11810 11825 11807 11828 
33484 11783 11776 11773 11824 
33485 11762 11761 11823 11827 
33486 11814 11796 11806 11831 
33487 11804 11780 11794 11832 
33488 11798 11775 11785 11830 
33489 11798 11787 11775 11830 
33490 11819 11806 11797 11831 
33491 11785 11824 11776 11830 
33492 11805 11803 11828 11832 
33493 11789 11782 11778 11829 
33494 11812 11786 11811 11831 
33495 11797 11784 11774 11830 
33496 11797 11774 11787 11830 
33497 11791 11790 11779 11829 
33498 11816 11815 11825 11828 
33499 11804 11828 11793 11832 
33500 11806 11830 11797 11831 
33501 11818 11828 11817 11834 
33502 11815 11802 11800 11828 
33503 11795 11794 11829 11832 
33504 643 11815 11807 11825 
33505 646 644 11818 11834 
33506 646 11817 645 11834 
33507 11800 11793 11828 11832 
33508 11772 11823 11768 11827 
33509 11817 11805 11803 11828 
33510 11810 11793 11804 11828 
33511 11805 11828 11804 11832 
33512 644 11826 11810 11834 
33513 11810 11826 11828 11834 
33514 642 11816 11733 11825 
33515 11808 11828 11826 11834 
33516 11733 11816 11815 11825 
33517 11806 11796 11830 11831 
33518 645 11809 11736 11834 
33519 642 11826 11734 11834 
33520 11791 11829 11788 11832 
33521 11803 11792 11828 11832 
33522 11817 11803 11809 11828 
33523 644 11810 11818 11834 
33524 644 11737 11810 11825 
33525 642 11808 11826 11834 
33526 11744 11738 11742 11820 
33527 11807 11800 11793 11828 
33528 11816 11801 11802 11828 
33529 11818 11805 11817 11828 
33530 11805 11804 11794 11832 
33531 11817 11828 11809 11834 
33532 11810 11807 11793 11828 
33533 642 11736 11808 11834 
33534 11809 11828 11808 11834 
33535 646 11818 11817 11834 
33536 11814 11811 11796 11831 
33537 11818 11810 11804 11828 
33538 11813 11831 11799 11833 
33539 11819 11831 11813 11833 
33540 323 11814 11819 11833 
33541 6759 11814 323 11833 
33542 11816 11826 11808 11828 
33543 642 11736 641 11808 
33544 11815 11807 11825 11828 
33545 11813 11787 11799 11831 
33546 11734 11737 644 11825 
33547 644 11825 11810 11826 
33548 11803 11782 11792 11832 
33549 11792 11782 11789 11832 
33550 11750 11746 11820 11822 
33551 11771 11827 11767 11829 
33552 11798 11787 11830 11831 
33553 325 11812 11811 11833 
33554 6758 325 6759 11833 
33555 324 6759 323 11833 
33556 6759 325 11735 11811 
33557 6759 11735 323 11814 
33558 11815 11800 11807 11828 
33559 643 11737 11734 11825 
33560 11818 11804 11805 11828 
33561 642 641 11816 11808 
33562 642 641 11733 11816 
33563 11734 11825 644 11826 
33564 11736 11809 11808 11834 
33565 11773 11758 11751 11820 
33566 11809 11803 11792 11828 
33567 642 11733 643 11825 
33568 646 11734 644 11834 
33569 11743 11820 11738 11822 
33570 11802 11790 11791 11832 
33571 11814 11811 11831 11833 
33572 11812 11799 11798 11831 
33573 6758 11799 11812 11833 
33574 324 6758 6759 11833 
33575 11737 11807 11810 11825 
33576 11816 11802 11815 11828 
33577 6759 11811 11814 11833 
33578 643 11733 11815 11825 
33579 11794 11777 11781 11829 
33580 11819 11814 11831 11833 
33581 324 11819 11813 11833 
33582 11819 11814 11806 11831 
33583 11734 11826 644 11834 
33584 642 11734 645 11834 
33585 11785 11775 11824 11830 
33586 642 645 11736 11834 
33587 642 11825 11734 11826 
33588 642 11808 11816 11826 
33589 642 643 11734 11825 
33590 11816 11808 11801 11828 
33591 645 11817 11809 11834 
33592 11746 11741 11820 11822 
33593 11743 11738 11740 11822 
33594 11767 11752 11755 11823 
33595 11819 11797 11813 11831 
33596 11750 11743 11745 11822 
33597 11753 11740 11738 11822 
33598 11751 11746 11750 11745 
33599 11763 11753 11759 11821 
33600 11758 11757 11750 11820 
33601 11801 11828 11792 11832 
33602 11752 11739 11740 11821 
33603 11760 11746 11745 11821 
33604 646 645 11734 11834 
33605 11804 11793 11780 11832 
33606 11898 11897 11916 11917 
33607 11897 11889 11916 11917 
33608 11899 11880 11889 11916 
33609 11898 11916 11896 11917 
33610 11838 11905 11904 11918 
33611 11901 11916 11899 11917 
33612 11896 11916 11890 11917 
33613 11885 11878 11916 11919 
33614 11885 11873 11878 11919 
33615 11900 11890 11916 11917 
33616 11920 11921 648 649 
33617 11901 11900 11916 11917 
33618 648 11839 11836 11920 
33619 11898 11897 11917 11922 
33620 11897 11889 11917 11922 
33621 11905 11899 11889 11917 
33622 11898 11917 11896 11922 
33623 11913 11899 11905 11917 
33624 11914 11917 11913 11922 
33625 11896 11917 11890 11922 
33626 11914 11906 11917 11922 
33627 11906 11890 11917 11922 
33628 11836 651 11918 11923 
33629 11858 11854 11840 11845 
33630 11853 11842 11845 11840 
33631 11848 11844 11846 11843 
33632 11846 11854 11840 11855 
33633 11846 11855 11840 11856 
33634 11857 11844 11848 11924 
33635 11849 11848 11843 11924 
33636 11867 11919 11859 11925 
33637 11864 11850 11851 11924 
33638 11925 11840 11858 11855 
33639 11861 11860 11847 11925 
33640 11859 11858 11855 11925 
33641 11850 11846 11844 11843 
33642 11868 11867 11856 11925 
33643 11856 11840 11852 11925 
33644 11864 11857 11862 11924 
33645 11866 11919 11861 11925 
33646 11857 11851 11844 11924 
33647 11866 11858 11859 11925 
33648 11867 11855 11856 11925 
33649 11852 11840 11847 11925 
33650 11868 11852 11860 11925 
33651 11881 11864 11865 11862 
33652 11882 11864 11881 11863 
33653 11848 11844 11843 11924 
33654 11881 11863 11864 11862 
33655 11863 11843 11850 11924 
33656 11868 11860 11919 11925 
33657 11856 11855 11840 11925 
33658 11854 11848 11846 11842 
33659 11849 11843 11848 11842 
33660 11867 11859 11855 11925 
33661 11866 11861 11853 11925 
33662 11853 11840 11858 11925 
33663 11854 11845 11848 11842 
33664 11865 11857 11864 11851 
33665 11876 11859 11867 11919 
33666 11868 11856 11852 11925 
33667 11853 11847 11840 11925 
33668 11861 11919 11860 11925 
33669 11860 11852 11847 11925 
33670 11881 11865 11872 11862 
33671 11862 11857 11848 11924 
33672 11884 11871 11865 11926 
33673 11882 11865 11881 11864 
33674 11848 11843 11846 11842 
33675 11854 11846 11848 11844 
33676 11876 11875 11859 11919 
33677 11891 11869 11879 11919 
33678 11851 11850 11844 11924 
33679 11869 11868 11860 11919 
33680 11863 11862 11849 11924 
33681 11875 11874 11866 11919 
33682 11868 11919 11867 11925 
33683 11894 11872 11881 11926 
33684 11866 11853 11858 11925 
33685 11865 11862 11864 11857 
33686 11893 11882 11871 11926 
33687 11872 11862 11865 11857 
33688 11902 11881 11882 11926 
33689 11845 11840 11858 11853 
33690 11894 11883 11926 11927 
33691 11895 11883 11894 11927 
33692 11909 11884 11883 11927 
33693 11879 11869 11860 11919 
33694 11877 11868 11873 11919 
33695 11850 11843 11844 11924 
33696 11866 11859 11919 11925 
33697 11887 11886 11875 11919 
33698 11873 11868 11869 11919 
33699 651 11905 11918 11923 
33700 11861 11847 11853 11925 
33701 11881 11872 11865 11926 
33702 11879 11861 11870 11919 
33703 11912 11897 11898 11922 
33704 11905 11917 11889 11922 
33705 11888 11885 11916 11919 
33706 11886 11880 11874 11919 
33707 11896 11888 11885 11916 
33708 11882 11881 11865 11926 
33709 11888 11916 11887 11919 
33710 11892 11891 11879 11919 
33711 11887 11875 11876 11919 
33712 11882 11871 11865 11864 
33713 11897 11886 11887 11916 
33714 11886 11874 11875 11919 
33715 11879 11860 11861 11919 
33716 11896 11885 11890 11916 
33717 11870 11861 11866 11919 
33718 11892 11880 11916 11919 
33719 11888 11887 11876 11919 
33720 11893 11926 11884 11927 
33721 11874 11870 11866 11919 
33722 11901 11900 11891 11916 
33723 11900 11890 11878 11916 
33724 11888 11876 11877 11919 
33725 11892 11870 11880 11919 
33726 11898 11887 11888 11916 
33727 6866 11908 335 11928 
33728 11884 11865 11883 11926 
33729 11877 11867 11868 11919 
33730 11894 11883 11872 11926 
33731 11887 11916 11886 11919 
33732 11903 11896 11890 11922 
33733 11889 11880 11886 11916 
33734 11913 11917 11905 11922 
33735 11918 647 648 11921 
33736 11901 11892 11899 11916 
33737 11891 11916 11878 11919 
33738 11915 11894 11902 11927 
33739 11902 11926 11893 11927 
33740 11885 11877 11873 11919 
33741 11908 11895 11927 11928 
33742 11915 11902 11907 11927 
33743 11902 11882 11893 11926 
33744 11909 11927 11895 11928 
33745 11915 11908 11894 11927 
33746 11910 11893 11884 11927 
33747 335 11915 336 11928 
33748 11910 11907 11893 11927 
33749 334 6867 11910 11928 
33750 6866 11909 11895 11928 
33751 336 11915 11907 11928 
33752 11890 11885 11878 11916 
33753 11835 647 11912 11921 
33754 11898 11897 11887 11916 
33755 649 11835 11911 11921 
33756 11901 11891 11892 11916 
33757 11914 11906 11922 11923 
33758 649 11911 11903 11921 
33759 11903 11921 11922 11923 
33760 11911 11898 11896 11922 
33761 11904 11889 11897 11922 
33762 11912 11898 11911 11922 
33763 11892 11916 11891 11919 
33764 11899 11916 11889 11917 
33765 647 11838 11904 11918 
33766 11911 11896 11903 11922 
33767 11899 11892 11880 11916 
33768 11897 11889 11886 11916 
33769 11886 11916 11880 11919 
33770 11839 11920 11903 11923 
33771 11835 11912 11911 11921 
33772 11914 11906 11900 11917 
33773 11904 11922 11921 11923 
33774 11913 11922 11905 11923 
33775 11921 647 648 11835 
33776 651 11905 11838 11918 
33777 648 11836 11838 11918 
33778 11906 11903 11890 11922 
33779 11914 11900 11901 11917 
33780 11914 11901 11913 11917 
33781 11883 11865 11872 11926 
33782 11908 11895 11894 11927 
33783 11902 11894 11881 11926 
33784 11884 11926 11883 11927 
33785 11891 11878 11869 11919 
33786 11905 11922 11904 11923 
33787 11909 11883 11895 11927 
33788 652 650 11914 11923 
33789 651 11913 11905 11923 
33790 11836 11918 11920 11923 
33791 11912 11904 11897 11922 
33792 652 11913 651 11923 
33793 11918 11921 11920 11923 
33794 648 11921 11920 11918 
33795 652 11914 11913 11923 
33796 334 11909 6866 11928 
33797 11910 11927 11909 11928 
33798 6867 336 11907 11928 
33799 335 11908 11915 11928 
33800 648 649 11839 11920 
33801 11836 651 11838 11918 
33802 11902 11894 11926 11927 
33803 11836 11920 11839 11923 
33804 649 11921 11903 11920 
33805 649 11903 11839 11920 
33806 11864 11863 11850 11924 
33807 650 11839 11906 11923 
33808 6867 11907 11910 11928 
33809 334 11910 11909 11928 
33810 11877 11876 11867 11919 
33811 11915 11908 11927 11928 
33812 11882 11865 11871 11926 
33813 6866 335 6867 11928 
33814 334 6866 6867 11928 
33815 11907 11902 11893 11927 
33816 6867 11837 11910 11907 
33817 648 11838 647 11918 
33818 648 11836 11918 11920 
33819 11905 11904 11918 11923 
33820 647 11904 11912 11921 
33821 11906 11903 11922 11923 
33822 11900 11878 11891 11916 
33823 11905 11889 11904 11922 
33824 11921 648 649 11835 
33825 11910 11884 11909 11927 
33826 11875 11866 11859 11919 
33827 6867 335 336 11928 
33828 334 6867 11837 11910 
33829 6867 336 11837 11907 
33830 11880 11870 11874 11919 
33831 11862 11848 11849 11924 
33832 11839 11903 11906 11923 
33833 11888 11877 11885 11919 
33834 11915 11927 11907 11928 
33835 11898 11888 11896 11916 
33836 11878 11873 11869 11919 
33837 11913 11901 11899 11917 
33838 11903 11920 11921 11923 
33839 652 651 11836 11923 
33840 11864 11851 11857 11924 
33841 650 11906 11914 11923 
33842 11912 11911 11921 11922 
33843 11914 11922 11913 11923 
33844 647 11918 11904 11921 
33845 11911 11903 11921 11922 
33846 11893 11871 11884 11926 
33847 6866 11895 11908 11928 
33848 11846 11842 11843 11841 
33849 11910 11907 11927 11928 
33850 11842 11854 11840 11846 
33851 11864 11862 11863 11924 
33852 652 11836 650 11923 
33853 11912 11921 11904 11922 
33854 11850 11846 11843 11841 
33855 11904 11921 11918 11923 
33856 11855 11854 11840 11858 
33857 11906 11890 11900 11917 
33858 11892 11879 11870 11919 
33859 11863 11849 11843 11924 
33860 11845 11854 11840 11842 
33861 11846 11842 11841 11840 
33862 11836 11839 650 11923 
33863 11856 11841 11852 11840 
33864 11853 11847 11842 11840 
33865 11856 11846 11841 11840 
33866 11941 11934 12016 12017 
33867 11958 11947 11957 11946 
33868 11947 11946 11938 12016 
33869 11961 11951 11952 12018 
33870 11946 11937 11938 12016 
33871 11962 11944 11953 12018 
33872 11945 11936 12017 12018 
33873 11943 11937 12016 12017 
33874 11963 11950 11955 12018 
33875 11951 11942 11937 12017 
33876 11959 11948 11949 11947 
33877 11950 11941 11938 12017 
33878 11967 11948 11959 11947 
33879 11959 11949 11958 11947 
33880 11948 11947 11940 11949 
33881 11940 11939 11935 12016 
33882 11944 11943 11935 12017 
33883 11976 11955 11956 12018 
33884 11952 12017 11944 12018 
33885 11963 11945 11950 12018 
33886 11961 11956 11951 12018 
33887 11972 11962 11953 12018 
33888 11973 11953 11954 12018 
33889 11950 11945 11941 12017 
33890 11958 11949 11957 11947 
33891 11962 11961 11952 12018 
33892 11971 11965 11961 12018 
33893 11960 11958 11959 11949 
33894 11964 11963 11955 12018 
33895 11976 11956 11965 12018 
33896 11980 11969 11978 11960 
33897 11952 11951 11943 12017 
33898 11951 11942 12017 12018 
33899 11936 11935 11934 12017 
33900 11974 12018 11970 12019 
33901 11963 11954 11945 12018 
33902 11966 11958 11960 11957 
33903 11966 11959 11960 11958 
33904 11980 11960 11959 11949 
33905 11949 11947 11940 11957 
33906 11953 11944 11936 12018 
33907 11992 11967 11978 11966 
33908 11962 11952 11944 12018 
33909 11974 11973 11954 12018 
33910 11955 11950 11942 12018 
33911 11941 12016 11938 12017 
33912 11971 11961 11962 12018 
33913 11976 12018 11965 12019 
33914 11942 11938 11937 12017 
33915 11972 11971 11962 12018 
33916 11983 11974 11970 12019 
33917 11975 11970 11964 12019 
33918 11939 11934 11935 12016 
33919 11950 12017 11942 12018 
33920 11984 11977 11971 12019 
33921 11986 11973 11974 12019 
33922 11954 11953 11936 12018 
33923 11973 11972 12018 12019 
33924 11986 11985 11973 12019 
33925 11967 11959 11958 11947 
33926 11970 11963 11964 12018 
33927 11986 11974 11983 12019 
33928 11989 11975 11964 12019 
33929 11960 11957 11949 11940 
33930 11952 11951 12017 12018 
33931 11985 11984 11972 12019 
33932 12004 12020 12021 12022 
33933 11960 11957 11958 11949 
33934 11976 11964 11955 12018 
33935 11989 11964 11976 12019 
33936 11980 11960 11966 11959 
33937 11984 11971 11972 12019 
33938 11990 12019 11977 12023 
33939 11965 11956 11961 12018 
33940 658 657 11930 12022 
33941 12002 11991 11978 11969 
33942 11968 11992 11994 11979 
33943 11992 11979 11968 11967 
33944 11945 11934 11941 12017 
33945 11977 11965 11971 12019 
33946 11992 11967 11966 11958 
33947 11968 11967 11978 11992 
33948 12002 11992 11994 11978 
33949 11994 11979 11982 11968 
33950 11974 11954 11963 12018 
33951 11980 11966 11967 11959 
33952 11971 11965 12018 12019 
33953 11986 12019 11983 12023 
33954 11997 11984 11985 12023 
33955 11990 11965 11977 12019 
33956 12000 11975 11989 12023 
33957 12000 11988 11975 12023 
33958 12005 11999 11987 12020 
33959 11949 11940 11948 11939 
33960 12006 12003 11988 12020 
33961 11987 11977 11984 12023 
33962 11986 11985 12019 12023 
33963 12001 12000 11989 12023 
33964 11974 11963 11970 12018 
33965 12005 11987 12004 12020 
33966 11985 11972 11973 12019 
33967 11948 11938 11941 12016 
33968 11938 12016 11937 12017 
33969 11980 11967 11968 11959 
33970 11957 11940 11943 12016 
33971 11984 11977 12019 12023 
33972 11997 11987 11984 12023 
33973 11983 12019 11975 12023 
33974 12001 11990 11999 12023 
33975 11999 11990 11977 12023 
33976 12016 11947 11940 11948 
33977 11980 11967 11978 11968 
33978 11974 11973 12018 12019 
33979 11972 11971 12018 12019 
33980 12002 11969 11994 12024 
33981 12002 11994 11993 12024 
33982 12008 11995 11994 12024 
33983 12010 11991 12002 12024 
33984 658 12013 657 12022 
33985 11968 11994 11978 11980 
33986 11952 11943 11944 12017 
33987 11994 11980 11981 11969 
33988 12008 12024 12007 12025 
33989 11994 11969 11981 12024 
33990 11978 11992 11994 11968 
33991 12008 11994 11981 12024 
33992 12002 11991 11969 12024 
33993 11991 11981 11969 12024 
33994 11990 11989 11976 12019 
33995 12007 11981 11991 12024 
33996 12009 12024 11995 12025 
33997 657 12013 12005 12022 
33998 12008 11981 12007 12024 
33999 12010 12007 11991 12024 
34000 6865 12007 12010 12025 
34001 6865 11931 12010 12007 
34002 11970 12018 11964 12019 
34003 11976 11964 12018 12019 
34004 11967 11959 11966 11958 
34005 11998 11986 11996 12023 
34006 11980 11978 11966 11960 
34007 12012 11997 11998 12020 
34008 11994 11993 11982 11979 
34009 11999 11977 11987 12023 
34010 11951 11937 11943 12017 
34011 11989 11975 12019 12023 
34012 11983 11970 11975 12019 
34013 12011 11996 12003 12020 
34014 11998 11985 11986 12023 
34015 11966 11967 11978 11980 
34016 12015 12002 11993 12024 
34017 12015 11993 12009 12024 
34018 6864 12009 11995 12025 
34019 11969 11994 11978 12002 
34020 12009 11982 11995 12024 
34021 11996 11983 11988 12023 
34022 12011 12003 12021 12020 
34023 12012 11998 12011 12020 
34024 11932 12005 12004 12022 
34025 654 653 12021 12022 
34026 12001 11989 11990 12023 
34027 12009 11993 11982 12024 
34028 12014 12000 12001 12020 
34029 11998 11997 11985 12023 
34030 11957 11937 11946 12016 
34031 11988 11983 11975 12023 
34032 11998 12020 11997 12023 
34033 658 11930 656 12021 
34034 12000 12020 11988 12023 
34035 11930 11933 656 12021 
34036 11929 653 12012 12021 
34037 11948 11939 11940 12016 
34038 657 12005 11932 12022 
34039 12012 12011 12021 12020 
34040 658 12020 12013 12022 
34041 654 11932 653 12022 
34042 11996 11986 11983 12023 
34043 12005 12020 12004 12022 
34044 12014 12001 12013 12020 
34045 11990 11989 12019 12023 
34046 11990 11976 11965 12019 
34047 12013 12001 11999 12020 
34048 11957 11947 11940 12016 
34049 11944 12017 11936 12018 
34050 12003 11996 11988 12020 
34051 656 12021 12006 12020 
34052 11997 12020 11987 12023 
34053 12001 11999 12020 12023 
34054 653 12004 12021 12022 
34055 658 12021 656 12020 
34056 11973 11972 11953 12018 
34057 12015 12024 12009 12025 
34058 11954 11936 11945 12018 
34059 12015 12010 12024 12025 
34060 332 12015 12009 12025 
34061 12015 12010 12002 12024 
34062 12006 11988 12000 12020 
34063 331 12010 12015 12025 
34064 654 657 11932 12022 
34065 11993 11992 11994 12002 
34066 12004 11987 11997 12020 
34067 653 11932 12004 12022 
34068 658 12014 12013 12020 
34069 654 11930 657 12022 
34070 11996 11988 12020 12023 
34071 11948 11941 11939 12016 
34072 656 12006 12014 12020 
34073 11956 11942 11951 12018 
34074 656 11933 12006 12021 
34075 12013 12020 12005 12022 
34076 12014 12006 12000 12020 
34077 11998 11996 12020 12023 
34078 332 331 12015 12025 
34079 6865 11931 331 12010 
34080 12008 11995 12024 12025 
34081 11985 11984 12019 12023 
34082 653 12004 12012 12021 
34083 11995 11982 11994 12024 
34084 6865 12010 331 12025 
34085 11933 12003 12006 12021 
34086 11929 12012 12011 12021 
34087 12012 12021 12004 12020 
34088 654 653 11929 12021 
34089 6865 333 11931 12007 
34090 12012 12004 11997 12020 
34091 11941 11934 11939 12016 
34092 12006 12021 12003 12020 
34093 655 11929 12011 12021 
34094 654 11929 655 12021 
34095 11999 11987 12020 12023 
34096 11980 11994 11978 11969 
34097 6864 333 6865 12025 
34098 332 12009 6864 12025 
34099 332 6865 331 12025 
34100 6865 333 12007 12025 
34101 332 6864 6865 12025 
34102 6864 11995 12008 12025 
34103 11979 11992 11994 11993 
34104 658 12021 12020 12022 
34105 658 656 12014 12020 
34106 655 12011 12003 12021 
34107 12013 11999 12005 12020 
34108 654 12021 11930 12022 
34109 12011 11998 11996 12020 
34110 11957 11943 11937 12016 
34111 333 12008 12007 12025 
34112 11945 11936 11934 12017 
34113 11950 11938 11942 12017 
34114 11994 11982 11993 12024 
34115 658 11930 12021 12022 
34116 11943 12016 11935 12017 
34117 11957 11946 11947 12016 
34118 12010 12007 12024 12025 
34119 655 12003 11933 12021 
34120 655 11933 11930 12021 
34121 11943 11940 11935 12016 
34122 11948 11947 11938 12016 
34123 12001 12020 12000 12023 
34124 6864 12008 333 12025 
34125 11956 11955 11942 12018 
34126 11950 11945 12017 12018 
34127 11935 12016 11934 12017 
34128 11944 11935 11936 12017 
34129 654 655 11930 12021 
34130 12037 12032 12034 12114 
34131 12041 12036 12033 12115 
34132 12054 12038 12048 12116 
34133 12034 12114 12031 12115 
34134 12044 12031 12036 12115 
34135 12051 12114 12042 12115 
34136 12055 12048 12039 12116 
34137 12060 12045 12052 12115 
34138 12060 12042 12043 12115 
34139 12049 12032 12046 12116 
34140 12040 12114 12032 12116 
34141 12042 12114 12034 12115 
34142 12053 12046 12037 12116 
34143 12054 12047 12038 12116 
34144 12045 12035 12044 12115 
34145 12054 12053 12047 12116 
34146 12047 12034 12042 12114 
34147 12060 12051 12042 12115 
34148 12044 12036 12041 12115 
34149 12047 12037 12034 12114 
34150 12063 12057 12046 12116 
34151 12055 12116 12049 12117 
34152 12045 12043 12035 12115 
34153 12069 12041 12051 12115 
34154 12039 12033 12036 12114 
34155 12043 12042 12034 12115 
34156 12049 12040 12032 12116 
34157 12052 12045 12044 12115 
34158 12055 12039 12040 12116 
34159 12061 12045 12060 12043 
34160 12055 12040 12049 12116 
34161 12060 12043 12045 12115 
34162 12047 12114 12038 12116 
34163 12073 12067 12063 12118 
34164 12059 12116 12055 12117 
34165 12056 12055 12049 12117 
34166 12059 12048 12055 12116 
34167 12035 12034 12031 12115 
34168 12062 12052 12061 12045 
34169 12044 12035 12031 12115 
34170 12070 12062 12069 12061 
34171 12072 12069 12070 12062 
34172 12080 12061 12070 12060 
34173 12051 12033 12114 12115 
34174 12036 12114 12033 12115 
34175 12064 12063 12116 12117 
34176 12064 12063 12053 12116 
34177 12077 12058 12050 12117 
34178 12064 12053 12054 12116 
34179 12064 12116 12050 12117 
34180 12057 12049 12116 12117 
34181 12063 12057 12116 12117 
34182 12077 12059 12065 12117 
34183 12048 12038 12039 12116 
34184 12052 12044 12041 12115 
34185 12075 12056 12057 12117 
34186 12054 12048 12050 12116 
34187 12075 12118 12067 12119 
34188 12064 12050 12058 12117 
34189 12065 12055 12056 12117 
34190 12069 12060 12061 12052 
34191 12039 12038 12033 12114 
34192 12072 12069 12062 12052 
34193 12047 12037 12114 12116 
34194 12080 12062 12070 12061 
34195 12080 12072 12070 12062 
34196 12053 12037 12047 12116 
34197 12067 12057 12063 12118 
34198 12057 12049 12046 12116 
34199 12065 12059 12055 12117 
34200 12069 12060 12052 12115 
34201 12073 12063 12064 12118 
34202 12077 12074 12065 12059 
34203 12064 12054 12058 12050 
34204 12075 12057 12067 12118 
34205 12059 12050 12116 12117 
34206 12040 12031 12032 12114 
34207 12034 12032 12031 12114 
34208 12089 12068 12077 12118 
34209 12097 12120 12087 12121 
34210 12075 12066 12118 12119 
34211 12086 12085 12075 12119 
34212 12061 12052 12060 12045 
34213 12085 12066 12075 12119 
34214 12097 12090 12078 12120 
34215 12046 12032 12037 12116 
34216 12063 12046 12053 12116 
34217 12077 12065 12074 12118 
34218 12086 12075 12067 12119 
34219 12083 12067 12073 12119 
34220 12107 12082 12081 12122 
34221 12076 12073 12068 12118 
34222 12107 12122 12093 12123 
34223 12069 12051 12060 12115 
34224 12074 12118 12066 12119 
34225 12074 12065 12066 12118 
34226 12039 12038 12114 12116 
34227 12040 12039 12036 12114 
34228 12062 12081 12124 12072 
34229 12080 12072 12079 12070 
34230 12077 12050 12059 12117 
34231 12073 12064 12068 12118 
34232 12075 12065 12056 12117 
34233 12069 12061 12062 12052 
34234 12072 12081 12124 12079 
34235 12083 12119 12076 12120 
34236 12124 12091 12122 12082 
34237 12070 12061 12069 12060 
34238 12075 12065 12117 12118 
34239 12037 12032 12114 12116 
34240 6975 342 6976 12123 
34241 12082 12071 12124 12091 
34242 664 12027 662 12125 
34243 12107 12081 12093 12122 
34244 12113 12106 12092 12122 
34245 12093 12081 12092 12122 
34246 12100 12091 12122 12124 
34247 12090 12118 12074 12119 
34248 12068 12064 12058 12118 
34249 12084 12074 12066 12119 
34250 12082 12124 12062 12081 
34251 12026 659 12110 12126 
34252 12090 12089 12119 12120 
34253 12095 12084 12085 12120 
34254 12084 12078 12074 12119 
34255 12102 12125 12121 12126 
34256 12096 12095 12085 12120 
34257 12099 12090 12097 12120 
34258 12090 12119 12078 12120 
34259 661 12026 12109 12126 
34260 12088 12083 12076 12120 
34261 12100 12080 12079 12070 
34262 12089 12076 12119 12120 
34263 12079 12070 12072 12069 
34264 12085 12084 12119 12120 
34265 12090 12089 12118 12119 
34266 12090 12074 12078 12119 
34267 659 12027 12102 12126 
34268 12057 12056 12049 12117 
34269 12073 12067 12118 12119 
34270 12103 12121 12102 12125 
34271 12112 12104 12121 12125 
34272 12098 12088 12076 12120 
34273 12086 12067 12083 12119 
34274 12085 12084 12066 12119 
34275 12089 12076 12068 12118 
34276 12112 12121 12111 12125 
34277 12086 12085 12119 12120 
34278 12101 12094 12088 12121 
34279 12094 12086 12083 12120 
34280 12043 12034 12035 12115 
34281 661 12101 12030 12126 
34282 12094 12083 12088 12120 
34283 12086 12119 12083 12120 
34284 12077 12068 12058 12118 
34285 12111 12097 12103 12121 
34286 12098 12076 12089 12120 
34287 12098 12088 12120 12121 
34288 12087 12078 12084 12120 
34289 12064 12054 12050 12116 
34290 12096 12086 12094 12120 
34291 12030 12101 12104 12126 
34292 12090 12077 12074 12118 
34293 12122 12079 12081 12092 
34294 12122 12124 12082 12081 
34295 12105 12100 12091 12122 
34296 12071 12082 12124 12062 
34297 12108 12091 12082 12122 
34298 12079 12100 12122 12124 
34299 12077 12117 12065 12118 
34300 12064 12063 12117 12118 
34301 12069 12052 12041 12115 
34302 6975 12093 12106 12123 
34303 12099 12120 12097 12121 
34304 12059 12050 12048 12116 
34305 341 6976 12108 12123 
34306 342 12123 12113 343 
34307 12096 12120 12094 12121 
34308 12094 12120 12088 12121 
34309 12096 12095 12120 12121 
34310 12064 12117 12058 12118 
34311 12104 12101 12121 12126 
34312 12083 12073 12076 12119 
34313 12076 12073 12118 12119 
34314 12089 12076 12118 12119 
34315 12103 12097 12087 12121 
34316 12110 12096 12109 12121 
34317 12110 12102 12121 12126 
34318 12077 12058 12117 12118 
34319 12097 12078 12087 12120 
34320 12113 12106 12122 12123 
34321 12063 12057 12117 12118 
34322 12096 12085 12086 12120 
34323 660 12030 12125 12126 
34324 12104 12121 12125 12126 
34325 12026 12110 12109 12126 
34326 12104 12088 12098 12121 
34327 12109 12096 12094 12121 
34328 12112 12099 12111 12121 
34329 12106 12093 12122 12123 
34330 12075 12117 12057 12118 
34331 12036 12031 12114 12115 
34332 12027 663 12103 12125 
34333 12110 12095 12096 12121 
34334 12111 12099 12097 12121 
34335 12075 12066 12065 12118 
34336 12108 12122 12107 12123 
34337 12075 12065 12066 12056 
34338 12027 12103 12102 12125 
34339 12027 12103 12029 12102 
34340 664 12112 12111 12125 
34341 12099 12098 12089 12120 
34342 6975 12106 342 12123 
34343 341 12108 12107 12123 
34344 6975 12107 12093 12123 
34345 343 12123 12113 12105 
34346 12084 12078 12119 12120 
34347 341 12107 6975 12123 
34348 342 12106 12113 12123 
34349 12106 12093 12092 12122 
34350 12095 12087 12120 12121 
34351 6976 12028 12108 12105 
34352 6976 12105 12108 12123 
34353 659 12027 12029 12102 
34354 12027 663 12029 12103 
34355 12111 12121 12103 12125 
34356 12090 12089 12077 12118 
34357 661 12109 12101 12126 
34358 662 12030 12104 12125 
34359 660 12030 662 12125 
34360 660 661 12030 12126 
34361 12102 12087 12095 12121 
34362 12123 6976 343 342 
34363 12105 6976 343 12123 
34364 12099 12098 12120 12121 
34365 12092 12079 12081 12072 
34366 12113 12100 12105 12122 
34367 659 12102 12110 12126 
34368 12109 12121 12101 12126 
34369 341 6976 12028 12108 
34370 660 12027 659 12126 
34371 12104 12101 12088 12121 
34372 664 662 12112 12125 
34373 12080 12071 12062 12061 
34374 12110 12102 12095 12121 
34375 12103 12087 12102 12121 
34376 6976 343 12028 12105 
34377 664 12111 663 12125 
34378 12108 12105 12091 12122 
34379 341 6975 6976 12123 
34380 663 12111 12103 12125 
34381 12112 12098 12099 12121 
34382 660 659 12026 12126 
34383 12113 12122 12105 12123 
34384 660 12125 12027 12126 
34385 664 663 12027 12125 
34386 12113 12092 12100 12122 
34387 12051 12038 12047 12114 
34388 12095 12087 12084 12120 
34389 12110 12121 12109 12126 
34390 12051 12047 12042 12114 
34391 12027 12125 12102 12126 
34392 12112 12104 12098 12121 
34393 12108 12105 12122 12123 
34394 660 12026 661 12126 
34395 12030 12104 12125 12126 
34396 12124 12079 12081 12122 
34397 12071 12080 12124 12091 
34398 12051 12041 12033 12115 
34399 12051 12033 12038 12114 
34400 12099 12089 12090 12120 
34401 12040 12036 12031 12114 
34402 662 12104 12112 12125 
34403 12108 12082 12107 12122 
34404 12109 12094 12101 12121 
34405 660 662 12027 12125 
34406 12092 12100 12122 12079 
34407 12040 12039 12114 12116 
34408 12062 12124 12080 12072 
34409 12072 12124 12080 12079 
34410 12079 12124 12080 12100 
34411 12080 12124 12091 12100 
34412 12071 12124 12080 12062 
34413 12186 12215 12165 12216 
34414 12173 12164 12215 12217 
34415 12174 12215 12164 12217 
34416 12176 12215 12166 12217 
34417 12172 12215 12166 12216 
34418 12172 12165 12162 12215 
34419 12165 12162 12215 12217 
34420 12146 12132 12138 12218 
34421 12210 12219 12202 12220 
34422 12205 12202 12188 12219 
34423 12213 12205 12199 12219 
34424 12211 12197 12210 12219 
34425 12211 12196 12197 12219 
34426 12138 12132 12134 12221 
34427 12196 12187 12219 12220 
34428 12213 12199 12200 12219 
34429 12200 12219 12198 12220 
34430 12198 12219 12187 12220 
34431 12182 12169 12170 12222 
34432 12192 12179 12169 12222 
34433 12151 12218 12144 12221 
34434 12151 12135 12144 12218 
34435 12154 12148 12140 12218 
34436 12151 12132 12218 12221 
34437 12144 12135 12139 12218 
34438 12147 12146 12138 12218 
34439 12152 12151 12144 12221 
34440 12159 12141 12142 12223 
34441 12144 12139 12140 12218 
34442 12150 12145 12221 12223 
34443 12149 12139 12136 12224 
34444 12158 12217 12157 12224 
34445 12143 12142 12221 12223 
34446 12145 12140 12144 12139 
34447 12140 12218 12133 12221 
34448 12180 12152 12168 12223 
34449 12151 12134 12132 12221 
34450 12152 12143 12221 12223 
34451 12148 12147 12138 12218 
34452 12150 12133 12141 12221 
34453 12152 12143 12151 12221 
34454 12148 12133 12140 12218 
34455 12160 12142 12143 12223 
34456 12152 12221 12145 12223 
34457 12146 12137 12132 12218 
34458 12148 12147 12218 12224 
34459 12153 12137 12146 12224 
34460 12151 12143 12134 12221 
34461 12154 12218 12139 12224 
34462 12156 12153 12217 12224 
34463 12160 12159 12223 12225 
34464 12176 12158 12167 12217 
34465 12163 12158 12148 12224 
34466 12156 12136 12153 12224 
34467 12148 12138 12133 12218 
34468 12176 12157 12158 12217 
34469 12137 12135 12218 12224 
34470 12139 12218 12135 12224 
34471 12179 12160 12169 12225 
34472 12154 12148 12218 12224 
34473 12153 12136 12135 12224 
34474 12174 12155 12156 12217 
34475 12141 12133 12138 12221 
34476 12162 12153 12157 12217 
34477 12158 12147 12148 12224 
34478 12151 12132 12137 12218 
34479 12150 12221 12141 12223 
34480 12163 12148 12154 12224 
34481 12155 12154 12149 12224 
34482 12157 12153 12146 12224 
34483 12168 12145 12150 12223 
34484 12174 12156 12165 12217 
34485 12167 12158 12163 12217 
34486 12163 12217 12158 12224 
34487 12158 12157 12147 12224 
34488 12180 12161 12152 12223 
34489 12154 12139 12149 12224 
34490 12146 12137 12218 12224 
34491 12168 12152 12145 12223 
34492 12180 12223 12168 12225 
34493 12178 12168 12159 12225 
34494 12156 12155 12149 12224 
34495 12180 12161 12223 12225 
34496 12179 12159 12160 12225 
34497 12142 12141 12221 12223 
34498 12174 12164 12155 12217 
34499 12160 12159 12142 12223 
34500 12186 12165 12183 12216 
34501 12165 12156 12162 12217 
34502 12172 12162 12166 12215 
34503 12159 12150 12141 12223 
34504 12186 12185 12215 12216 
34505 12173 12215 12167 12217 
34506 12184 12173 12164 12216 
34507 12185 12164 12215 12216 
34508 12174 12165 12215 12217 
34509 12190 12215 12167 12216 
34510 12139 12135 12136 12224 
34511 668 12131 12205 12226 
34512 12172 12165 12215 12216 
34513 12184 12177 12216 12187 
34514 12173 12215 12164 12216 
34515 12147 12146 12218 12224 
34516 12164 12163 12155 12217 
34517 12161 12160 12143 12223 
34518 12180 12222 12170 12225 
34519 12144 12218 12140 12221 
34520 12166 12162 12157 12217 
34521 12176 12166 12157 12217 
34522 12168 12150 12159 12223 
34523 12179 12222 12178 12225 
34524 12193 12182 12170 12222 
34525 12178 12222 12171 12225 
34526 12152 12144 12145 12221 
34527 12193 12170 12180 12222 
34528 12180 12171 12222 12225 
34529 12179 12169 12222 12225 
34530 12180 12170 12161 12225 
34531 12185 12164 12174 12215 
34532 12170 12169 12161 12225 
34533 12142 12141 12134 12221 
34534 6974 12129 12209 12206 
34535 12207 12181 12206 12227 
34536 12175 12172 12166 12216 
34537 12214 12227 12208 12228 
34538 12187 12177 12216 12198 
34539 12207 12194 12227 12228 
34540 6974 338 12214 12209 
34541 12190 12189 12176 12215 
34542 12210 12197 12195 12219 
34543 12173 12167 12215 12216 
34544 6973 12194 12207 12228 
34545 12191 12181 12222 12227 
34546 340 12207 12206 12228 
34547 12183 12172 12175 12216 
34548 12190 12167 12177 12216 
34549 12184 12177 12173 12216 
34550 12185 12184 12216 12219 
34551 12166 12215 12162 12217 
34552 12196 12187 12184 12219 
34553 12161 12143 12152 12223 
34554 12163 12155 12217 12224 
34555 12177 12167 12173 12216 
34556 12186 12185 12174 12215 
34557 12191 12181 12171 12222 
34558 12183 12216 12175 12219 
34559 12207 12227 12206 12228 
34560 12162 12156 12153 12217 
34561 12170 12222 12169 12225 
34562 12193 12222 12181 12227 
34563 12207 12193 12181 12227 
34564 12194 12182 12193 12227 
34565 12208 12192 12182 12227 
34566 12200 12189 12190 12216 
34567 12197 12186 12195 12219 
34568 12179 12178 12159 12225 
34569 12189 12175 12166 12216 
34570 12199 12175 12189 12216 
34571 12195 12183 12188 12219 
34572 12197 12196 12185 12219 
34573 12188 12183 12175 12219 
34574 12169 12160 12161 12225 
34575 12153 12135 12137 12224 
34576 12168 12223 12159 12225 
34577 12176 12167 12215 12217 
34578 12198 12190 12177 12216 
34579 12200 12199 12216 12219 
34580 12196 12184 12185 12219 
34581 12183 12165 12172 12216 
34582 12211 12203 12196 12220 
34583 12161 12160 12223 12225 
34584 12201 12191 12178 12222 
34585 12201 12179 12192 12222 
34586 12190 12176 12167 12215 
34587 12200 12216 12198 12219 
34588 12163 12154 12155 12224 
34589 12173 12167 12163 12217 
34590 12195 12186 12183 12219 
34591 12180 12168 12171 12225 
34592 12173 12163 12164 12217 
34593 12214 12201 12192 12227 
34594 12157 12217 12153 12224 
34595 12192 12169 12182 12222 
34596 12178 12171 12168 12225 
34597 12201 12191 12222 12227 
34598 12203 12187 12196 12220 
34599 12211 12196 12219 12220 
34600 12205 12202 12219 12220 
34601 12206 12181 12191 12227 
34602 12201 12222 12192 12227 
34603 669 12204 12130 12229 
34604 12186 12185 12216 12219 
34605 670 668 12213 12226 
34606 12212 12220 12204 12229 
34607 12131 12202 12205 12226 
34608 670 12128 12226 12229 
34609 666 12210 667 12226 
34610 12212 12198 12204 12220 
34611 12213 12219 12200 12220 
34612 12213 12205 12220 12226 
34613 12216 12187 12219 12184 
34614 12199 12175 12216 12219 
34615 12202 12195 12188 12219 
34616 12211 12203 12220 12229 
34617 12197 12185 12186 12219 
34618 12186 12216 12183 12219 
34619 12210 12220 12202 12226 
34620 12151 12137 12135 12218 
34621 666 12211 12226 12229 
34622 666 12211 12127 12210 
34623 12213 12205 12219 12220 
34624 12200 12199 12189 12216 
34625 12204 12187 12203 12220 
34626 12130 12204 12203 12229 
34627 669 12212 12204 12229 
34628 12212 12200 12198 12220 
34629 12200 12190 12198 12216 
34630 12213 12200 12212 12220 
34631 665 12130 12203 12229 
34632 12138 12133 12218 12221 
34633 12199 12188 12175 12219 
34634 665 12203 12211 12229 
34635 12181 12180 12171 12222 
34636 12145 12144 12140 12221 
34637 12213 12220 12212 12229 
34638 670 12213 12212 12229 
34639 12205 12202 12220 12226 
34640 12192 12222 12182 12227 
34641 666 12211 12210 12226 
34642 12150 12145 12140 12221 
34643 12214 12209 12227 12228 
34644 6973 12208 12194 12228 
34645 12193 12180 12181 12222 
34646 12214 12192 12208 12227 
34647 6974 12209 12214 12228 
34648 12213 12226 12220 12229 
34649 666 12226 12128 12229 
34650 12189 12166 12176 12215 
34651 12128 669 12130 12229 
34652 12201 12178 12179 12222 
34653 12156 12149 12136 12224 
34654 12128 12131 668 12226 
34655 666 667 12131 12226 
34656 666 12131 12128 12226 
34657 12208 12227 12194 12228 
34658 339 12208 6973 12228 
34659 12209 12206 12227 12228 
34660 12156 12217 12155 12224 
34661 339 6973 6974 12228 
34662 12209 12206 12191 12227 
34663 12209 12191 12201 12227 
34664 6974 340 12129 12206 
34665 6974 12129 338 12209 
34666 6974 340 12206 12228 
34667 12211 12220 12210 12226 
34668 666 12130 665 12229 
34669 667 12210 12202 12226 
34670 666 665 12127 12211 
34671 12189 12166 12215 12216 
34672 12186 12174 12165 12215 
34673 12157 12146 12147 12224 
34674 666 12127 667 12210 
34675 670 12128 668 12226 
34676 670 12226 12213 12229 
34677 12191 12171 12178 12222 
34678 6973 12207 340 12228 
34679 12190 12189 12215 12216 
34680 6973 340 6974 12228 
34681 12207 12194 12193 12227 
34682 12193 12182 12222 12227 
34683 339 6974 338 12214 
34684 12198 12187 12219 12216 
34685 12214 12209 12201 12227 
34686 12208 12182 12194 12227 
34687 12185 12184 12164 12216 
34688 339 6974 12214 12228 
34689 339 12214 12208 12228 
34690 12211 12220 12226 12229 
34691 667 12202 12131 12226 
34692 668 12205 12213 12226 
34693 666 12128 12130 12229 
34694 6974 12206 12209 12228 
34695 666 665 12211 12229 
34696 670 12212 669 12229 
34697 670 669 12128 12229 
34698 12143 12142 12134 12221 
34699 12150 12140 12133 12221 
34700 12154 12140 12139 12218 
34701 12204 12220 12203 12229 
34702 12138 12218 12132 12221 
34703 12204 12198 12187 12220 
34704 12210 12195 12202 12219 
34705 12205 12188 12199 12219 
34706 12141 12138 12134 12221 
34707 12211 12219 12210 12220 
34708 12244 12237 12235 12313 
34709 12242 12236 12235 12313 
34710 12241 12240 12239 12313 
34711 12249 12236 12242 12313 
34712 12257 12313 12253 12314 
34713 12252 12251 12245 12244 
34714 12231 12302 12315 12316 
34715 12253 12250 12243 12313 
34716 12252 12246 12251 12244 
34717 12247 12243 12240 12313 
34718 12242 12235 12237 12313 
34719 12263 12314 12258 12317 
34720 12257 12249 12242 12313 
34721 12254 12247 12313 12314 
34722 12259 12258 12247 12314 
34723 12302 12315 12316 12318 
34724 12308 12316 12315 12318 
34725 12250 12237 12244 12313 
34726 673 12315 12308 12316 
34727 12256 12255 12248 12314 
34728 12246 12239 12240 12313 
34729 12252 12246 12244 12238 
34730 12257 12250 12253 12313 
34731 12254 12240 12241 12313 
34732 12260 12245 12251 12244 
34733 12260 12252 12251 12245 
34734 12263 12253 12258 12314 
34735 12238 12235 12236 12313 
34736 12261 12260 12252 12251 
34737 12254 12241 12248 12313 
34738 12263 12257 12253 12314 
34739 12254 12247 12240 12313 
34740 12262 12261 12260 12252 
34741 12265 12249 12257 12314 
34742 12265 12257 12263 12314 
34743 12277 12260 12261 12251 
34744 12253 12313 12247 12314 
34745 12249 12248 12313 12314 
34746 12252 12244 12245 12238 
34747 12264 12254 12255 12314 
34748 12249 12248 12236 12313 
34749 12273 12256 12265 12317 
34750 672 12315 673 12316 
34751 12265 12314 12263 12317 
34752 12258 12253 12247 12314 
34753 12266 12263 12258 12317 
34754 12264 12259 12254 12314 
34755 12265 12256 12249 12314 
34756 12259 12247 12254 12314 
34757 12277 12262 12269 12261 
34758 12261 12251 12252 12246 
34759 12277 12268 12262 12260 
34760 12279 12268 12278 12319 
34761 12290 12278 12268 12319 
34762 12275 12258 12259 12317 
34763 12264 12314 12255 12317 
34764 12270 12265 12263 12317 
34765 12262 12252 12260 12245 
34766 12256 12255 12314 12317 
34767 12264 12259 12314 12317 
34768 12272 12255 12256 12317 
34769 12275 12266 12258 12317 
34770 672 12231 12315 12316 
34771 12256 12248 12249 12314 
34772 12267 12259 12264 12317 
34773 12276 12267 12271 12320 
34774 12274 12270 12266 12320 
34775 12271 12267 12264 12317 
34776 12278 12277 12269 12261 
34777 12278 12269 12277 12268 
34778 12255 12254 12248 12314 
34779 12307 12304 12319 12321 
34780 12290 12268 12280 12319 
34781 12292 12279 12291 12319 
34782 12306 12280 12279 12319 
34783 12307 12319 12306 12321 
34784 12287 12274 12266 12320 
34785 12281 12273 12270 12320 
34786 12284 12272 12273 12320 
34787 12291 12278 12279 12269 
34788 12288 12287 12275 12320 
34789 12284 12283 12272 12320 
34790 12288 12320 12276 12322 
34791 12311 12297 12298 12318 
34792 12310 12298 12296 12318 
34793 12296 12276 12285 12322 
34794 12282 12276 12271 12320 
34795 12284 12273 12281 12320 
34796 12273 12272 12317 12320 
34797 12259 12258 12314 12317 
34798 12273 12272 12256 12317 
34799 12280 12268 12279 12319 
34800 12291 12278 12289 12319 
34801 12246 12244 12238 12313 
34802 12250 12246 12243 12313 
34803 12273 12265 12270 12317 
34804 12287 12266 12275 12320 
34805 12275 12266 12317 12320 
34806 12286 12281 12274 12322 
34807 12299 12278 12290 12319 
34808 12279 12269 12268 12262 
34809 12277 12268 12269 12262 
34810 12288 12267 12276 12320 
34811 12305 12292 12291 12319 
34812 12279 12269 12278 12268 
34813 12291 12279 12278 12319 
34814 12290 12278 12277 12268 
34815 12299 12289 12278 12319 
34816 12312 12305 12319 12321 
34817 12269 12261 12262 12252 
34818 12288 12275 12267 12320 
34819 12297 12286 12274 12322 
34820 12299 12290 12278 12277 
34821 12293 12281 12286 12322 
34822 12293 12284 12281 12322 
34823 12303 12286 12297 12318 
34824 12281 12320 12274 12322 
34825 12283 12282 12271 12320 
34826 12298 12288 12296 12322 
34827 12294 12285 12282 12322 
34828 12272 12271 12317 12320 
34829 12298 12297 12287 12322 
34830 12244 12235 12238 12313 
34831 12270 12317 12266 12320 
34832 12282 12276 12320 12322 
34833 12309 12301 12294 12318 
34834 12273 12317 12270 12320 
34835 12295 12284 12293 12322 
34836 12271 12267 12317 12320 
34837 12275 12317 12267 12320 
34838 12284 12283 12320 12322 
34839 12295 12294 12283 12322 
34840 12309 12308 12315 12318 
34841 12302 12301 12315 12318 
34842 12312 12299 12304 12319 
34843 12307 12290 12280 12319 
34844 12250 12242 12237 12313 
34845 12312 12305 12289 12319 
34846 349 7089 12307 12321 
34847 12305 12291 12289 12319 
34848 12306 12319 12292 12321 
34849 12306 12279 12292 12319 
34850 349 12306 7088 12321 
34851 349 12307 12306 12321 
34852 12305 12292 12319 12321 
34853 12295 12283 12284 12322 
34854 12303 12300 12286 12318 
34855 12307 12280 12306 12319 
34856 12283 12271 12272 12320 
34857 12308 12295 12293 12318 
34858 12287 12274 12320 12322 
34859 12308 12293 12300 12318 
34860 12295 12318 12294 12322 
34861 12300 12293 12286 12318 
34862 12310 12318 12316 12323 
34863 12311 12303 12318 12323 
34864 12231 12310 12316 12323 
34865 12230 671 12309 12315 
34866 676 675 12231 12310 
34867 674 12234 12303 12323 
34868 12284 12320 12281 12322 
34869 12285 12276 12282 12322 
34870 12311 12318 12310 12323 
34871 12303 12300 12318 12323 
34872 12230 12309 12308 12315 
34873 12309 12295 12308 12318 
34874 12311 12298 12310 12318 
34875 12294 12282 12283 12322 
34876 12296 12288 12276 12322 
34877 12302 12296 12285 12318 
34878 12288 12287 12320 12322 
34879 12294 12318 12285 12322 
34880 676 674 12311 12323 
34881 12231 12310 12302 12316 
34882 12231 12310 675 12302 
34883 12298 12318 12297 12322 
34884 12281 12270 12274 12320 
34885 673 12316 12300 12323 
34886 672 12316 673 12323 
34887 12231 12302 12233 12315 
34888 12283 12282 12320 12322 
34889 12302 12285 12301 12318 
34890 7088 12305 350 12321 
34891 673 12230 12308 12315 
34892 12233 12302 12301 12315 
34893 676 12311 12310 12323 
34894 12300 12316 12318 12323 
34895 7088 12306 12292 12321 
34896 12304 12299 12290 12319 
34897 7089 351 12304 12321 
34898 7089 12304 12307 12321 
34899 7089 351 12232 12304 
34900 7089 12232 12307 12304 
34901 351 350 12312 12321 
34902 12309 12315 12301 12318 
34903 12295 12293 12318 12322 
34904 12231 675 12233 12302 
34905 12293 12286 12318 12322 
34906 12310 12296 12302 12318 
34907 673 12308 12300 12316 
34908 672 673 12234 12323 
34909 672 12234 674 12323 
34910 12311 12303 12297 12318 
34911 12298 12296 12318 12322 
34912 351 12312 12304 12321 
34913 350 12305 12312 12321 
34914 12254 12313 12248 12314 
34915 12277 12262 12261 12260 
34916 7088 12292 12305 12321 
34917 349 7089 12232 12307 
34918 671 12231 12233 12315 
34919 671 12301 12309 12315 
34920 672 12231 671 12315 
34921 12234 12300 12303 12323 
34922 673 12300 12234 12323 
34923 672 12230 673 12315 
34924 7089 350 351 12321 
34925 676 12231 674 12323 
34926 12308 12300 12316 12318 
34927 12275 12259 12267 12317 
34928 12312 12319 12304 12321 
34929 7088 350 7089 12321 
34930 12307 12304 12290 12319 
34931 12280 12279 12268 12262 
34932 349 7088 7089 12321 
34933 12270 12263 12266 12317 
34934 672 12231 12316 12323 
34935 672 674 12231 12323 
34936 12298 12287 12288 12322 
34937 12297 12274 12287 12322 
34938 12309 12294 12295 12318 
34939 12297 12318 12286 12322 
34940 12296 12285 12318 12322 
34941 671 12233 12301 12315 
34942 676 12310 12231 12323 
34943 12312 12289 12299 12319 
34944 12301 12285 12294 12318 
34945 12310 12302 12316 12318 
34946 674 12303 12311 12323 
34947 12272 12271 12255 12317 
34948 12271 12264 12255 12317 
34949 12251 12246 12250 12244 
34950 12248 12241 12236 12313 
34951 12257 12242 12250 12313 
34952 12257 12249 12313 12314 
34953 12253 12243 12247 12313 
34954 12252 12239 12246 12238 
34955 12241 12238 12236 12313 
34956 12241 12239 12238 12313 
34957 12246 12240 12243 12313 
34958 12265 12256 12314 12317 
34959 12250 12244 12246 12313 
34960 12246 12238 12239 12313 
34961 672 671 12230 12315 
34962 12404 12396 12409 12410 
34963 12405 12404 12409 12410 
34964 12405 12397 12390 12410 
34965 12399 12396 12381 12410 
34966 12399 12381 12393 12410 
34967 12397 12380 12390 12410 
34968 12394 12409 12393 12410 
34969 12394 12392 12409 12410 
34970 12392 12380 12409 12410 
34971 12401 12411 12400 12412 
34972 12401 12387 12374 12411 
34973 12387 12411 12375 12413 
34974 347 12402 7086 12412 
34975 12360 12352 12342 12414 
34976 12415 12409 12416 12417 
34977 12367 12348 12356 12418 
34978 12369 12350 12358 12418 
34979 12356 12345 12349 12419 
34980 12342 12341 12334 12330 
34981 12351 12329 12341 12414 
34982 12342 12335 12341 12330 
34983 12346 12331 12339 12420 
34984 12348 12347 12339 12419 
34985 12419 12347 12355 12418 
34986 12343 12342 12335 12414 
34987 12348 12418 12347 12419 
34988 12340 12332 12330 12420 
34989 12342 12341 12335 12414 
34990 12345 12337 12419 12420 
34991 12341 12333 12334 12420 
34992 12337 12334 12333 12420 
34993 12340 12419 12339 12420 
34994 12346 12339 12419 12420 
34995 12335 12331 12329 12420 
34996 12355 12419 12338 12346 
34997 12339 12331 12332 12420 
34998 12346 12347 12355 12419 
34999 12341 12335 12329 12420 
35000 12366 12365 12347 12418 
35001 12350 12337 12338 12419 
35002 12345 12340 12330 12420 
35003 12343 12335 12342 12330 
35004 12338 12337 12333 12419 
35005 12337 12333 12419 12420 
35006 12360 12344 12354 12414 
35007 12360 12342 12343 12414 
35008 12349 12345 12337 12419 
35009 12336 12335 12331 12329 
35010 12335 12332 12331 12420 
35011 12341 12334 12330 12420 
35012 12351 12336 12329 12414 
35013 12350 12349 12337 12419 
35014 12366 12347 12348 12418 
35015 12418 12419 12350 12355 
35016 12360 12353 12344 12343 
35017 12340 12339 12332 12420 
35018 12356 12349 12418 12419 
35019 12385 12354 12360 12353 
35020 12385 12371 12359 12354 
35021 12354 12344 12336 12414 
35022 12352 12341 12342 12414 
35023 12336 12335 12329 12414 
35024 12360 12359 12352 12414 
35025 12356 12348 12340 12419 
35026 12344 12343 12335 12414 
35027 12341 12330 12335 12420 
35028 12356 12340 12345 12419 
35029 679 12416 12421 12417 
35030 12359 12354 12351 12414 
35031 12347 12346 12339 12419 
35032 12360 12353 12354 12344 
35033 12385 12359 12360 12354 
35034 12385 12373 12354 12353 
35035 12345 12330 12334 12420 
35036 12363 12422 12357 12423 
35037 12383 12358 12370 12423 
35038 12369 12422 12358 12423 
35039 12365 12364 12422 12423 
35040 12377 12364 12365 12423 
35041 12379 12378 12366 12422 
35042 12365 12364 12355 12422 
35043 12369 12418 12358 12422 
35044 12370 12358 12364 12423 
35045 12346 12419 12333 12420 
35046 12378 12365 12366 12422 
35047 12367 12366 12348 12418 
35048 12364 12358 12355 12422 
35049 12354 12336 12351 12414 
35050 12341 12329 12333 12420 
35051 12369 12357 12349 12418 
35052 12366 12365 12418 12422 
35053 12382 12368 12357 12423 
35054 678 12416 679 12417 
35055 12369 12357 12418 12422 
35056 12379 12366 12367 12422 
35057 12373 12372 12361 12353 
35058 678 12415 12416 12417 
35059 12373 12354 12353 12344 
35060 12352 12351 12341 12414 
35061 12384 12362 12371 12413 
35062 12373 12371 12362 12413 
35063 12358 12418 12355 12422 
35064 12367 12366 12418 12422 
35065 12357 12356 12349 12418 
35066 12385 12360 12359 12352 
35067 12360 12343 12344 12414 
35068 12375 12372 12361 12413 
35069 12387 12375 12361 12413 
35070 12386 12372 12375 12413 
35071 12367 12418 12356 12422 
35072 12365 12355 12347 12418 
35073 12367 12422 12363 12423 
35074 12391 12378 12379 12423 
35075 12378 12377 12365 12423 
35076 12365 12355 12418 12422 
35077 12367 12356 12363 12422 
35078 12369 12357 12422 12423 
35079 12376 12363 12368 12423 
35080 12379 12367 12376 12423 
35081 12358 12350 12355 12418 
35082 12417 12325 678 12415 
35083 12379 12422 12367 12423 
35084 12415 12325 678 12327 
35085 12383 12369 12358 12423 
35086 12389 12376 12381 12410 
35087 12392 12370 12380 12410 
35088 12381 12376 12368 12410 
35089 12389 12379 12376 12423 
35090 12364 12358 12422 12423 
35091 12382 12357 12369 12423 
35092 12327 12415 12416 678 
35093 12385 12372 12373 12353 
35094 12328 12396 12399 12417 
35095 12393 12381 12368 12410 
35096 12378 12365 12422 12423 
35097 12369 12349 12350 12418 
35098 12368 12363 12357 12423 
35099 12394 12382 12383 12410 
35100 682 12406 681 12415 
35101 12373 12361 12372 12413 
35102 12377 12370 12364 12423 
35103 681 12398 12327 12415 
35104 682 680 12407 12415 
35105 12363 12356 12357 12422 
35106 12390 12380 12377 12410 
35107 12376 12367 12363 12423 
35108 12374 12373 12362 12413 
35109 12395 12384 12371 12413 
35110 12344 12335 12336 12414 
35111 12388 12375 12387 12411 
35112 12403 12384 12395 12411 
35113 12356 12418 12348 12419 
35114 12387 12361 12373 12413 
35115 12384 12374 12362 12413 
35116 12384 12411 12374 12413 
35117 12395 12411 12384 12413 
35118 12385 12371 12373 12413 
35119 12385 12373 12371 12354 
35120 12401 12388 12387 12411 
35121 12386 12375 12411 12413 
35122 12408 12386 12402 12411 
35123 12400 12374 12384 12411 
35124 12402 12411 12388 12412 
35125 12402 12386 12375 12411 
35126 12401 12374 12400 12411 
35127 7087 12326 12403 12400 
35128 12379 12378 12422 12423 
35129 12346 12329 12331 12420 
35130 12394 12383 12392 12410 
35131 12383 12370 12410 12423 
35132 12396 12389 12381 12410 
35133 678 12327 677 12416 
35134 12399 12409 12396 12410 
35135 12387 12374 12411 12413 
35136 12386 12385 12372 12413 
35137 12325 12417 680 12415 
35138 12408 12395 12386 12411 
35139 12348 12339 12340 12419 
35140 12327 12416 12398 12421 
35141 12402 12375 12388 12411 
35142 12395 12386 12411 12413 
35143 12390 12410 12377 12423 
35144 12406 12392 12398 12409 
35145 12387 12373 12374 12413 
35146 12385 12360 12372 12353 
35147 12391 12389 12410 12423 
35148 12397 12409 12380 12410 
35149 12415 12327 12416 12398 
35150 12396 12421 12409 12417 
35151 12398 12409 12397 12421 
35152 12398 12416 12409 12421 
35153 680 12417 12399 12415 
35154 12404 12391 12389 12410 
35155 12398 12392 12380 12409 
35156 12405 12391 12404 12410 
35157 12383 12410 12382 12423 
35158 12391 12390 12378 12423 
35159 12404 12389 12396 12410 
35160 12407 12393 12394 12409 
35161 12376 12368 12410 12423 
35162 12383 12382 12369 12423 
35163 12391 12379 12389 12423 
35164 12409 12416 12417 12421 
35165 12324 12405 12404 12421 
35166 12407 12399 12393 12409 
35167 12382 12410 12368 12423 
35168 680 12328 12399 12417 
35169 12346 12338 12333 12419 
35170 12359 12351 12352 12414 
35171 12415 12398 12416 12409 
35172 681 12406 12398 12415 
35173 12404 12409 12396 12421 
35174 12407 12394 12406 12409 
35175 12405 12390 12391 12410 
35176 12390 12377 12378 12423 
35177 12407 12399 12409 12415 
35178 12419 12350 12355 12338 
35179 12373 12362 12371 12354 
35180 12406 12394 12392 12409 
35181 12399 12396 12409 12417 
35182 678 12328 12325 12417 
35183 682 12407 12406 12415 
35184 679 12404 12396 12421 
35185 12395 12385 12386 12413 
35186 347 346 12408 12412 
35187 348 12401 12400 12412 
35188 347 12408 12402 12412 
35189 7086 12402 12388 12412 
35190 12403 12400 12411 12412 
35191 7087 12403 346 12412 
35192 677 12327 12397 12421 
35193 679 12396 12328 12417 
35194 12393 12368 12382 12410 
35195 12325 681 12327 12415 
35196 12405 12409 12397 12410 
35197 678 12324 679 12416 
35198 12325 12328 680 12417 
35199 678 679 12328 12417 
35200 12399 12417 12409 12415 
35201 679 12421 12396 12417 
35202 12406 12409 12398 12415 
35203 12403 12400 12384 12411 
35204 346 12403 12408 12412 
35205 12401 12388 12411 12412 
35206 7087 12400 12403 12412 
35207 7087 348 12400 12412 
35208 7086 12401 348 12412 
35209 347 7086 7087 12412 
35210 12408 12411 12402 12412 
35211 12408 12403 12411 12412 
35212 7087 12326 346 12403 
35213 12327 12398 12397 12421 
35214 12405 12397 12409 12421 
35215 12392 12383 12370 12410 
35216 677 12327 12421 12416 
35217 12405 12409 12404 12421 
35218 12377 12410 12370 12423 
35219 12399 12393 12409 12410 
35220 12324 677 12421 12416 
35221 682 12325 680 12415 
35222 679 12324 12404 12421 
35223 12389 12376 12410 12423 
35224 7087 348 12326 12400 
35225 7086 348 7087 12412 
35226 12408 12403 12395 12411 
35227 12350 12418 12349 12419 
35228 12395 12371 12385 12413 
35229 12357 12356 12418 12422 
35230 347 7087 346 12412 
35231 7086 12388 12401 12412 
35232 680 12399 12407 12415 
35233 679 12324 12421 12416 
35234 12407 12409 12406 12415 
35235 12394 12393 12382 12410 
35236 12345 12419 12340 12420 
35237 12324 677 12405 12421 
35238 677 12397 12405 12421 
35239 678 677 12324 12416 
35240 12341 12329 12335 12414 
35241 12345 12334 12337 12420 
35242 12335 12330 12332 12420 
35243 12385 12373 12372 12413 
35244 12380 12370 12377 12410 
35245 12360 12354 12359 12414 
35246 12391 12410 12390 12423 
35247 12346 12333 12329 12420 
35248 12398 12380 12397 12409 
35249 682 681 12325 12415 
35250 687 12497 12508 12509 
35251 12442 12431 12435 12510 
35252 12449 12430 12440 12510 
35253 12435 12431 12433 12510 
35254 12446 12439 12437 12436 
35255 12446 12439 12436 12431 
35256 12446 12438 12439 12431 
35257 12450 12441 12442 12511 
35258 12449 12429 12430 12510 
35259 12442 12434 12436 12510 
35260 12436 12439 12437 12448 
35261 12442 12441 12510 12511 
35262 12454 12446 12447 12437 
35263 687 12497 12509 12512 
35264 12442 12441 12434 12510 
35265 12436 12432 12431 12510 
35266 12449 12444 12433 12510 
35267 12453 12437 12448 12436 
35268 12443 12442 12435 12510 
35269 12446 12436 12432 12431 
35270 12432 12430 12429 12510 
35271 12449 12433 12429 12510 
35272 12457 12444 12449 12511 
35273 12446 12433 12438 12431 
35274 12447 12439 12446 12438 
35275 12452 12440 12441 12511 
35276 12425 687 12508 12509 
35277 12446 12436 12437 12432 
35278 12459 12452 12441 12511 
35279 12452 12445 12440 12511 
35280 12461 12444 12457 12511 
35281 12441 12440 12434 12510 
35282 12457 12449 12445 12511 
35283 12455 12448 12447 12439 
35284 12449 12510 12440 12511 
35285 12458 12457 12449 12445 
35286 12449 12444 12510 12511 
35287 12455 12453 12454 12447 
35288 12448 12439 12437 12447 
35289 684 12425 12508 12509 
35290 12461 12451 12443 12511 
35291 12474 12454 12455 12453 
35292 12455 12448 12453 12447 
35293 12459 12450 12451 12511 
35294 12447 12439 12437 12446 
35295 12462 12457 12467 12513 
35296 12513 12461 12457 12445 
35297 12452 12461 12445 12511 
35298 685 12508 12495 12509 
35299 12461 12443 12444 12511 
35300 12513 12461 12452 12459 
35301 685 12495 12428 12509 
35302 12459 12461 12452 12511 
35303 12450 12442 12443 12511 
35304 12441 12440 12510 12511 
35305 12466 12453 12455 12448 
35306 12445 12513 12458 12457 
35307 12513 12461 12445 12452 
35308 12469 12460 12451 12513 
35309 12434 12430 12432 12510 
35310 12461 12459 12451 12511 
35311 12511 12461 12445 12457 
35312 12466 12455 12456 12448 
35313 12474 12455 12454 12447 
35314 12474 12473 12454 12453 
35315 12443 12442 12510 12511 
35316 12449 12440 12445 12511 
35317 12480 12462 12477 12513 
35318 12465 12475 12474 12456 
35319 684 12428 12425 12509 
35320 12469 12461 12462 12513 
35321 12456 12475 12474 12466 
35322 12489 12481 12514 12515 
35323 12471 12452 12464 12513 
35324 12480 12479 12469 12513 
35325 12433 12432 12429 12510 
35326 12433 12431 12432 12510 
35327 12462 12461 12457 12513 
35328 12480 12469 12462 12513 
35329 12468 12464 12459 12513 
35330 12436 12434 12432 12510 
35331 12484 12471 12464 12513 
35332 12471 12463 12458 12513 
35333 12477 12467 12470 12514 
35334 12454 12447 12453 12437 
35335 12474 12456 12466 12455 
35336 7200 357 7201 12516 
35337 12483 12470 12463 12514 
35338 12483 12463 12471 12513 
35339 12471 12445 12452 12513 
35340 12467 12458 12463 12513 
35341 12474 12455 12466 12453 
35342 12477 12462 12467 12513 
35343 12474 12466 12473 12453 
35344 12469 12451 12461 12513 
35345 688 12425 686 12509 
35346 12494 12474 12485 12465 
35347 12453 12447 12448 12437 
35348 12484 12483 12471 12513 
35349 12494 12473 12474 12466 
35350 12501 12475 12487 12517 
35351 12487 12475 12486 12517 
35352 12500 12516 12487 12517 
35353 12472 12464 12468 12514 
35354 12479 12460 12469 12513 
35355 12485 12465 12476 12517 
35356 12509 12498 12512 12515 
35357 12440 12430 12434 12510 
35358 12466 12475 12474 12494 
35359 12493 12514 12491 12515 
35360 12490 12479 12480 12514 
35361 12457 12467 12513 12458 
35362 12491 12472 12481 12514 
35363 12460 12459 12451 12513 
35364 12482 12477 12470 12514 
35365 12489 12478 12479 12514 
35366 12492 12470 12483 12514 
35367 12488 12480 12477 12514 
35368 12493 12492 12483 12514 
35369 12461 12451 12459 12513 
35370 12470 12467 12463 12514 
35371 12494 12475 12486 12466 
35372 12491 12514 12481 12515 
35373 12480 12479 12513 12514 
35374 12490 12489 12479 12514 
35375 12484 12464 12472 12514 
35376 12480 12513 12477 12514 
35377 12492 12482 12514 12515 
35378 12490 12514 12488 12515 
35379 12471 12458 12445 12513 
35380 12504 12489 12490 12515 
35381 12503 12488 12495 12515 
35382 12491 12484 12472 12514 
35383 12483 12463 12513 12514 
35384 12494 12475 12474 12465 
35385 12468 12464 12513 12514 
35386 12478 12468 12460 12514 
35387 12494 12486 12473 12466 
35388 12479 12460 12513 12514 
35389 12493 12492 12514 12515 
35390 12504 12496 12489 12515 
35391 12451 12450 12443 12511 
35392 12492 12482 12470 12514 
35393 688 686 12506 12512 
35394 12464 12452 12459 12513 
35395 12490 12480 12488 12514 
35396 12494 12486 12475 12517 
35397 12484 12483 12513 12514 
35398 12459 12441 12450 12511 
35399 12474 12465 12456 12455 
35400 12493 12483 12484 12514 
35401 12502 12499 12485 12517 
35402 12498 12509 12428 12495 
35403 356 7201 12502 12516 
35404 12446 12432 12433 12431 
35405 12516 358 7201 12499 
35406 12488 12477 12482 12514 
35407 12495 12488 12482 12515 
35408 688 12505 687 12512 
35409 686 12498 12509 12428 
35410 687 12497 12427 12508 
35411 12496 12481 12489 12515 
35412 687 12505 12497 12512 
35413 12478 12472 12468 12514 
35414 688 687 12425 12509 
35415 12503 12495 12508 12515 
35416 12505 12491 12497 12515 
35417 12490 12489 12514 12515 
35418 12467 12513 12463 12514 
35419 12489 12481 12478 12514 
35420 12498 12482 12492 12515 
35421 7200 12500 357 12516 
35422 12507 12486 12494 12517 
35423 12500 12487 12486 12517 
35424 12502 12501 12516 12517 
35425 12507 12500 12486 12517 
35426 12477 12513 12467 12514 
35427 12424 12504 12503 12508 
35428 12424 683 12504 12508 
35429 683 12427 12496 12508 
35430 12442 12436 12431 12510 
35431 12494 12465 12485 12517 
35432 12497 12509 12512 12515 
35433 12497 12481 12496 12515 
35434 12505 12497 12512 12515 
35435 12497 12508 12509 12515 
35436 12468 12513 12460 12514 
35437 12481 12472 12478 12514 
35438 12506 12493 12505 12515 
35439 12503 12490 12488 12515 
35440 685 12424 12503 12508 
35441 12506 12492 12493 12515 
35442 357 358 7201 12516 
35443 12501 12476 12475 12517 
35444 688 687 12509 12512 
35445 12427 12497 12496 12508 
35446 688 12506 12505 12512 
35447 7200 12501 12487 12516 
35448 356 12501 7200 12516 
35449 356 12502 12501 12516 
35450 12499 12507 12516 358 
35451 7201 358 12426 12499 
35452 685 12503 12495 12508 
35453 7201 12426 12502 12499 
35454 7201 12499 12502 12516 
35455 684 12427 683 12508 
35456 12494 12475 12465 12517 
35457 12425 687 12427 12508 
35458 12504 12508 12496 12515 
35459 12476 12465 12475 12517 
35460 686 12498 12512 12509 
35461 12504 12503 12508 12515 
35462 684 685 12428 12509 
35463 12425 12428 686 12509 
35464 12488 12514 12482 12515 
35465 357 12500 12507 12516 
35466 12501 12487 12516 12517 
35467 12497 12491 12481 12515 
35468 12498 12495 12482 12515 
35469 12479 12478 12460 12514 
35470 12497 12496 12508 12515 
35471 684 12425 12427 12508 
35472 12515 12495 12509 12498 
35473 12507 12494 12499 12517 
35474 358 12507 12516 357 
35475 356 7200 7201 12516 
35476 356 7201 12426 12502 
35477 7200 12487 12500 12516 
35478 12506 12498 12492 12515 
35479 684 683 12424 12508 
35480 12507 12499 12516 12517 
35481 12484 12513 12464 12514 
35482 12506 12505 12512 12515 
35483 688 12509 686 12512 
35484 12504 12490 12503 12515 
35485 12505 12493 12491 12515 
35486 12493 12484 12491 12514 
35487 684 12508 685 12509 
35488 12444 12443 12510 12511 
35489 12446 12433 12432 12429 
35490 12444 12443 12435 12510 
35491 12495 12509 12508 12515 
35492 12476 12475 12465 12456 
35493 12499 12494 12485 12517 
35494 12502 12516 12499 12517 
35495 684 12424 685 12508 
35496 683 12496 12504 12508 
35497 12502 12485 12476 12517 
35498 12444 12435 12433 12510 
35499 12506 12512 12498 12515 
35500 12507 12516 12500 12517 
35501 12468 12459 12460 12513 
35502 12448 12436 12439 12431 
35503 686 12498 12506 12512 
35504 12502 12476 12501 12517 
35505 12533 12527 12524 12605 
35506 12549 12526 12539 12606 
35507 12530 12605 12525 12607 
35508 12541 12528 12535 12607 
35509 12549 12548 12532 12606 
35510 12538 12534 12605 12606 
35511 12539 12523 12527 12605 
35512 12534 12533 12531 12605 
35513 12539 12605 12533 12606 
35514 12529 12528 12605 12607 
35515 12530 12529 12605 12607 
35516 12535 12528 12529 12607 
35517 12531 12525 12605 12607 
35518 12543 12531 12537 12607 
35519 12547 12542 12543 12607 
35520 12547 12607 12543 12608 
35521 12534 12533 12605 12606 
35522 12542 12525 12531 12607 
35523 12549 12532 12526 12606 
35524 12543 12542 12531 12607 
35525 12547 12536 12542 12607 
35526 12532 12605 12526 12606 
35527 12544 12543 12537 12608 
35528 12552 12547 12543 12608 
35529 12558 12534 12538 12606 
35530 12569 12559 12550 12549 
35531 12541 12607 12535 12608 
35532 12539 12527 12533 12605 
35533 12540 12533 12534 12606 
35534 12609 12548 12569 12550 
35535 12558 12548 12570 12550 
35536 12553 12543 12544 12608 
35537 12519 692 12610 12611 
35538 12562 12555 12612 12613 
35539 12551 12541 12546 12608 
35540 12556 12551 12608 12612 
35541 12547 12546 12535 12608 
35542 12553 12552 12543 12608 
35543 12550 12539 12540 12606 
35544 12557 12547 12552 12608 
35545 12545 12537 12541 12608 
35546 12543 12607 12537 12608 
35547 12551 12545 12541 12608 
35548 12546 12541 12535 12608 
35549 12558 12540 12534 12606 
35550 12569 12549 12550 12548 
35551 12570 12558 12550 12540 
35552 12538 12605 12532 12606 
35553 12558 12538 12548 12606 
35554 12547 12535 12607 12608 
35555 12562 12555 12551 12612 
35556 12566 12547 12557 12608 
35557 12545 12544 12608 12612 
35558 12562 12551 12556 12612 
35559 12576 12555 12573 12613 
35560 12564 12544 12545 12612 
35561 12564 12545 12555 12612 
35562 12558 12548 12550 12606 
35563 12545 12544 12537 12608 
35564 12552 12543 12547 12542 
35565 12575 12554 12564 12612 
35566 12568 12570 12548 12609 
35567 12556 12551 12546 12608 
35568 12563 12557 12552 12608 
35569 12562 12612 12556 12613 
35570 12541 12537 12607 12608 
35571 12518 12610 12601 12611 
35572 12570 12550 12609 12560 
35573 12566 12546 12547 12608 
35574 12540 12539 12533 12606 
35575 694 12610 12603 12614 
35576 12568 12558 12548 12570 
35577 12563 12552 12553 12608 
35578 12551 12545 12608 12612 
35579 12580 12566 12557 12612 
35580 12570 12548 12609 12550 
35581 12569 12609 12615 12568 
35582 12583 12560 12570 12615 
35583 12615 12568 12609 12570 
35584 12591 12568 12569 12615 
35585 12579 12565 12556 12613 
35586 12550 12609 12560 12559 
35587 12582 12569 12559 12615 
35588 12591 12569 12582 12615 
35589 12572 12559 12560 12615 
35590 12548 12538 12532 12606 
35591 12580 12557 12567 12612 
35592 12563 12553 12554 12612 
35593 12603 12614 12610 12616 
35594 7199 12520 12599 12596 
35595 12564 12554 12544 12612 
35596 12596 12571 12581 12615 
35597 12577 12567 12574 12613 
35598 12573 12555 12562 12613 
35599 12576 12564 12555 12612 
35600 12580 12612 12567 12613 
35601 12550 12548 12549 12606 
35602 12580 12579 12566 12612 
35603 12574 12567 12612 12613 
35604 12590 12579 12580 12613 
35605 12579 12556 12612 12613 
35606 12542 12530 12525 12607 
35607 12573 12562 12565 12613 
35608 12567 12557 12563 12612 
35609 12565 12562 12556 12613 
35610 12601 12610 12614 12616 
35611 12541 12537 12524 12607 
35612 12586 12577 12613 12616 
35613 12529 12523 12526 12605 
35614 12597 12571 12596 12615 
35615 12598 12572 12584 12615 
35616 12604 12599 12615 12617 
35617 12576 12575 12612 12613 
35618 12599 12596 12615 12617 
35619 12584 12572 12583 12615 
35620 12597 12584 12583 12615 
35621 12570 12568 12561 12615 
35622 12559 12550 12609 12569 
35623 12528 12527 12523 12605 
35624 12585 12573 12578 12613 
35625 12589 12565 12579 12613 
35626 12587 12576 12585 12613 
35627 12574 12563 12554 12612 
35628 12538 12534 12531 12605 
35629 12566 12608 12557 12612 
35630 12539 12526 12605 12606 
35631 12600 12585 12592 12616 
35632 12578 12573 12565 12613 
35633 12581 12571 12561 12615 
35634 12597 12583 12571 12615 
35635 12566 12556 12608 12612 
35636 12563 12557 12608 12612 
35637 12580 12579 12612 12613 
35638 690 689 12610 12614 
35639 12589 12578 12613 12616 
35640 12602 12588 12594 12616 
35641 12600 12587 12585 12616 
35642 12588 12580 12567 12613 
35643 12587 12586 12575 12613 
35644 12586 12574 12575 12613 
35645 12585 12576 12573 12613 
35646 12583 12572 12560 12615 
35647 690 12610 12519 12614 
35648 12601 12586 12587 12616 
35649 12558 12550 12540 12606 
35650 12597 12584 12615 12617 
35651 12571 12570 12561 12615 
35652 12581 12561 12568 12615 
35653 12582 12559 12572 12615 
35654 12604 12615 12598 12617 
35655 12583 12570 12571 12615 
35656 12537 12531 12524 12607 
35657 12599 12596 12581 12615 
35658 12604 12599 12591 12615 
35659 12570 12561 12568 12558 
35660 12604 12591 12582 12615 
35661 12598 12582 12572 12615 
35662 12587 12613 12585 12616 
35663 12590 12589 12613 12616 
35664 12533 12524 12531 12605 
35665 12600 12592 12611 12616 
35666 12542 12536 12530 12607 
35667 12595 12578 12589 12616 
35668 691 12600 12592 12611 
35669 12595 12611 12592 12616 
35670 12587 12586 12613 12616 
35671 12536 12529 12530 12607 
35672 12603 12589 12590 12616 
35673 12547 12535 12536 12607 
35674 12541 12524 12528 12607 
35675 12576 12575 12564 12612 
35676 12594 12588 12577 12616 
35677 12601 12587 12600 12616 
35678 12586 12577 12574 12613 
35679 12594 12577 12593 12616 
35680 12575 12574 12612 12613 
35681 690 12519 12610 12611 
35682 12518 12601 12600 12611 
35683 12603 12595 12589 12616 
35684 12554 12553 12544 12612 
35685 12592 12585 12578 12616 
35686 693 12602 12594 12614 
35687 12603 12602 12614 12616 
35688 12593 12577 12586 12616 
35689 12590 12613 12588 12616 
35690 12594 12593 12614 12616 
35691 689 12593 12601 12614 
35692 12602 12594 12614 12616 
35693 12563 12608 12553 12612 
35694 12595 12592 12578 12616 
35695 12553 12608 12544 12612 
35696 12603 12590 12602 12616 
35697 12575 12574 12554 12612 
35698 12599 12581 12591 12615 
35699 693 12594 12521 12614 
35700 12588 12613 12577 12616 
35701 12601 12600 12611 12616 
35702 12521 12594 12593 12614 
35703 692 12603 12610 12611 
35704 694 12603 12602 12614 
35705 12588 12567 12577 12613 
35706 694 12602 693 12614 
35707 7198 12597 355 12617 
35708 691 12592 12522 12611 
35709 12598 12615 12584 12617 
35710 355 12597 12596 12617 
35711 12530 12529 12526 12605 
35712 354 12598 7198 12617 
35713 354 12604 12598 12617 
35714 7198 12584 12597 12617 
35715 691 12518 12600 12611 
35716 7199 12599 353 12617 
35717 7198 12598 12584 12617 
35718 353 12599 12604 12617 
35719 12518 689 12601 12610 
35720 690 12521 689 12614 
35721 12603 12610 12611 12616 
35722 694 692 12603 12610 
35723 12528 12524 12605 12607 
35724 12574 12567 12563 12612 
35725 12587 12575 12576 12613 
35726 694 12519 692 12610 
35727 12519 12522 692 12611 
35728 689 12521 12593 12614 
35729 692 12522 12595 12611 
35730 12601 12614 12593 12616 
35731 12555 12545 12551 12612 
35732 7199 12596 12599 12617 
35733 7199 355 12596 12617 
35734 12591 12581 12568 12615 
35735 12604 12582 12598 12615 
35736 12576 12612 12555 12613 
35737 12585 12613 12578 12616 
35738 691 12522 12519 12611 
35739 689 12601 12610 12614 
35740 690 12610 12518 12611 
35741 690 689 12518 12610 
35742 12601 12593 12586 12616 
35743 354 7199 353 12617 
35744 12602 12590 12588 12616 
35745 12590 12580 12588 12613 
35746 12597 12615 12596 12617 
35747 354 7198 7199 12617 
35748 694 12519 12610 12614 
35749 12579 12556 12566 12612 
35750 694 693 12519 12614 
35751 692 12595 12603 12611 
35752 690 12519 693 12614 
35753 7199 12520 353 12599 
35754 12529 12528 12523 12605 
35755 12590 12589 12579 12613 
35756 12536 12535 12529 12607 
35757 7198 355 7199 12617 
35758 690 693 12521 12614 
35759 12603 12611 12595 12616 
35760 12601 12611 12610 12616 
35761 12528 12524 12527 12605 
35762 12539 12526 12523 12605 
35763 12531 12605 12524 12607 
35764 12522 12592 12595 12611 
35765 7199 355 12520 12596 
35766 12550 12549 12539 12606 
35767 12532 12525 12530 12605 
35768 354 353 12604 12617 
35769 12538 12525 12532 12605 
35770 690 12518 691 12611 
35771 690 691 12519 12611 
35772 12532 12530 12526 12605 
35773 12538 12531 12525 12605 
35774 12589 12578 12565 12613 
35775 12566 12556 12546 12608 
35776 12568 12609 12548 12569 
35777 12559 12609 12560 12615 
35778 12615 12609 12560 12570 
35779 12559 12569 12609 12615 
35780 12686 12679 12706 12707 
35781 12688 12686 12706 12707 
35782 12696 12708 12706 12709 
35783 12704 12703 12706 12707 
35784 12688 12706 12687 12707 
35785 12703 12695 12706 12707 
35786 12694 12678 12687 12707 
35787 12695 12678 12694 12707 
35788 12632 12631 12628 12710 
35789 12639 12631 12632 12711 
35790 12642 12641 12629 12710 
35791 12642 12631 12638 12711 
35792 12646 12637 12712 12713 
35793 12629 12628 12623 12710 
35794 12644 12629 12628 12623 
35795 12646 12625 12634 12712 
35796 12637 12636 12630 12712 
35797 12639 12638 12631 12711 
35798 7309 12698 365 12714 
35799 12632 12628 12627 12710 
35800 12645 12644 12636 12712 
35801 12648 12632 12710 12711 
35802 12634 12627 12628 12712 
35803 12633 12632 12627 12710 
35804 12629 12628 12627 12712 
35805 12650 12647 12635 12713 
35806 12644 12629 12636 12712 
35807 12657 12711 12643 12715 
35808 12647 12646 12634 12713 
35809 12662 12647 12650 12713 
35810 12655 12654 12648 12711 
35811 12654 12649 12711 12715 
35812 12630 12629 12624 12712 
35813 12660 12651 12652 12713 
35814 12657 12656 12641 12711 
35815 7310 365 366 12705 
35816 12646 12712 12634 12713 
35817 12631 12623 12628 12710 
35818 12642 12641 12710 12711 
35819 7310 12705 366 12697 
35820 12641 12626 12629 12710 
35821 12651 12637 12645 12636 
35822 12633 12627 12624 12710 
35823 12708 696 12618 695 
35824 12655 12654 12711 12715 
35825 12657 12653 12643 12642 
35826 12649 12638 12639 12711 
35827 12644 12628 12629 12712 
35828 12629 12627 12628 12710 
35829 12644 12635 12628 12712 
35830 12671 12650 12645 12713 
35831 12635 12634 12712 12713 
35832 12645 12636 12637 12712 
35833 12671 12651 12660 12713 
35834 696 697 12622 12716 
35835 700 698 12704 12709 
35836 12629 12624 12627 12710 
35837 12649 12643 12711 12715 
35838 12650 12644 12645 12712 
35839 12651 12645 12637 12713 
35840 12665 12654 12655 12715 
35841 12656 12655 12640 12711 
35842 698 12622 12696 12709 
35843 12648 12633 12640 12710 
35844 697 12693 12622 12716 
35845 12696 12693 12708 12716 
35846 12654 12649 12639 12711 
35847 12663 12657 12653 12715 
35848 12632 12631 12710 12711 
35849 12649 12643 12638 12711 
35850 12657 12641 12642 12711 
35851 12667 12656 12657 12715 
35852 12618 695 12702 12708 
35853 697 12618 12701 12708 
35854 695 12694 12702 12708 
35855 12669 12653 12643 12715 
35856 12667 12657 12663 12715 
35857 12666 12665 12655 12715 
35858 12657 12642 12643 12711 
35859 12652 12651 12637 12713 
35860 12657 12656 12711 12715 
35861 12669 12658 12653 12717 
35862 12647 12634 12635 12713 
35863 12669 12643 12649 12715 
35864 12661 12646 12647 12713 
35865 12669 12653 12715 12717 
35866 12640 12633 12626 12710 
35867 12684 12661 12660 12672 
35868 12661 12684 12660 12671 
35869 12622 12693 12696 12716 
35870 12643 12642 12638 12711 
35871 12621 12619 12718 696 
35872 12622 12696 12709 12716 
35873 12664 12659 12654 12717 
35874 12666 12665 12715 12717 
35875 12622 12619 696 12709 
35876 12681 12680 12717 12719 
35877 12680 12668 12717 12719 
35878 12677 12676 12666 12717 
35879 697 12708 12693 12716 
35880 12689 12681 12670 12707 
35881 12696 12708 12709 12716 
35882 12696 12693 12706 12708 
35883 696 12709 12716 12622 
35884 12668 12663 12658 12717 
35885 12661 12660 12652 12713 
35886 12655 12648 12640 12711 
35887 12677 12667 12674 12717 
35888 12650 12712 12645 12713 
35889 12667 12666 12656 12715 
35890 12674 12717 12668 12719 
35891 12652 12637 12646 12713 
35892 12674 12663 12668 12717 
35893 12656 12640 12641 12711 
35894 12646 12630 12625 12712 
35895 12674 12667 12663 12717 
35896 12654 12639 12648 12711 
35897 12661 12652 12646 12713 
35898 12645 12712 12637 12713 
35899 12683 12660 12673 12720 
35900 12694 12695 12718 12621 
35901 12692 12671 12684 12662 
35902 12648 12632 12633 12710 
35903 12671 12661 12662 12713 
35904 12662 12661 12647 12713 
35905 12684 12662 12671 12661 
35906 12667 12715 12663 12717 
35907 12667 12666 12715 12717 
35908 12663 12653 12658 12717 
35909 12688 12677 12686 12719 
35910 12666 12655 12656 12715 
35911 12677 12717 12674 12719 
35912 12681 12717 12659 12719 
35913 12664 12659 12717 12719 
35914 12686 12677 12674 12719 
35915 12677 12676 12717 12719 
35916 12636 12629 12630 12712 
35917 12676 12675 12665 12719 
35918 12680 12707 12668 12719 
35919 12680 12658 12669 12717 
35920 12692 12671 12683 12720 
35921 12687 12678 12675 12707 
35922 12683 12671 12660 12720 
35923 12665 12664 12717 12719 
35924 12646 12637 12630 12712 
35925 696 697 12708 12618 
35926 12681 12669 12659 12717 
35927 12705 12698 12685 12714 
35928 12675 12670 12664 12719 
35929 12681 12680 12669 12717 
35930 12705 12685 12698 12682 
35931 12688 12707 12687 12719 
35932 12676 12665 12666 12717 
35933 12635 12634 12628 12712 
35934 12657 12643 12653 12715 
35935 12634 12625 12627 12712 
35936 12720 12684 12660 12672 
35937 12671 12660 12661 12713 
35938 12680 12668 12658 12717 
35939 12700 12699 12714 12720 
35940 12677 12666 12667 12717 
35941 12671 12684 12660 12720 
35942 12699 12672 12685 12720 
35943 12665 12664 12654 12717 
35944 12700 12673 12699 12720 
35945 12705 12714 12685 12720 
35946 364 12699 7309 12714 
35947 364 12700 12699 12714 
35948 12705 12697 12714 12720 
35949 12691 12681 12689 12707 
35950 12641 12640 12626 12710 
35951 12703 12689 12695 12707 
35952 12678 12670 12675 12707 
35953 12681 12659 12670 12719 
35954 12688 12676 12677 12719 
35955 12701 12686 12693 12706 
35956 12670 12659 12664 12719 
35957 12697 12692 12683 12720 
35958 12685 12684 12682 12720 
35959 12705 12692 12697 12720 
35960 12700 12683 12673 12720 
35961 12671 12645 12651 12713 
35962 12669 12649 12659 12717 
35963 12701 12688 12686 12706 
35964 12694 12687 12706 12707 
35965 12696 12706 12679 12707 
35966 12687 12707 12675 12719 
35967 12676 12665 12717 12719 
35968 12696 12693 12679 12706 
35969 12675 12707 12670 12719 
35970 12700 12697 12683 12720 
35971 12671 12662 12650 12713 
35972 12693 12686 12679 12706 
35973 12702 12688 12701 12706 
35974 12704 12706 12703 12709 
35975 12686 12679 12707 12719 
35976 12690 12679 12668 12707 
35977 12703 12691 12689 12707 
35978 12704 12696 12690 12707 
35979 12679 12668 12707 12719 
35980 12648 12710 12640 12711 
35981 12681 12707 12680 12719 
35982 12642 12710 12631 12711 
35983 12618 12702 12701 12708 
35984 12705 12685 12682 12720 
35985 12673 12660 12672 12720 
35986 12681 12670 12707 12719 
35987 12702 12694 12687 12706 
35988 12692 12684 12671 12720 
35989 12703 12695 12718 12706 
35990 700 12703 699 12709 
35991 12718 699 12709 12619 
35992 12692 12682 12684 12720 
35993 12685 12672 12684 12720 
35994 12704 12691 12703 12707 
35995 12696 12679 12690 12707 
35996 12688 12686 12707 12719 
35997 12654 12649 12715 12717 
35998 12688 12687 12676 12719 
35999 12702 12694 12706 12708 
36000 7309 12699 12685 12714 
36001 12706 12703 12709 12718 
36002 12708 696 12718 12709 
36003 12718 695 12621 696 
36004 700 12704 12703 12709 
36005 7310 12705 12697 12714 
36006 7310 12697 12700 12714 
36007 12661 12660 12672 12652 
36008 7310 366 12620 12697 
36009 12700 12714 12697 12720 
36010 7310 12620 12700 12697 
36011 12699 12685 12714 12720 
36012 12694 695 12621 12718 
36013 12704 12706 12696 12707 
36014 12701 12706 12693 12708 
36015 12694 12706 12718 12695 
36016 12704 12690 12691 12707 
36017 7310 365 12705 12714 
36018 12665 12654 12715 12717 
36019 12619 12622 698 12709 
36020 12691 12680 12681 12707 
36021 12695 12689 12678 12707 
36022 12718 12703 12709 699 
36023 696 12708 12718 695 
36024 697 12701 12693 12708 
36025 12679 12674 12668 12719 
36026 12669 12715 12649 12717 
36027 699 12695 12718 12703 
36028 364 7310 12700 12714 
36029 365 12698 12705 12714 
36030 12695 12694 12706 12707 
36031 12705 12682 12692 12720 
36032 695 12708 12718 12694 
36033 696 12708 12716 12709 
36034 696 12619 12718 12709 
36035 7309 12685 12698 12714 
36036 12659 12649 12654 12717 
36037 364 7309 7310 12714 
36038 12687 12675 12676 12719 
36039 700 12619 698 12709 
36040 12642 12623 12631 12710 
36041 698 12696 12704 12709 
36042 12686 12674 12679 12719 
36043 12663 12715 12653 12717 
36044 700 699 12619 12709 
36045 12689 12670 12678 12707 
36046 7309 365 7310 12714 
36047 12716 696 697 12708 
36048 12690 12668 12680 12707 
36049 12656 12655 12711 12715 
36050 12629 12627 12624 12712 
36051 12630 12624 12625 12712 
36052 12691 12690 12680 12707 
36053 12702 12706 12701 12708 
36054 12641 12640 12710 12711 
36055 12699 12673 12672 12720 
36056 12650 12635 12712 12713 
36057 12629 12626 12624 12710 
36058 12642 12629 12623 12710 
36059 12648 12639 12632 12711 
36060 12702 12687 12688 12706 
36061 12704 12696 12706 12709 
36062 12673 12672 12660 12652 
36063 12627 12625 12624 12712 
36064 12675 12664 12665 12719 
36065 12650 12635 12644 12712 
36066 12633 12624 12626 12710 
36067 12694 12708 12718 12706 
36068 364 7310 12620 12700 
36069 699 12621 12718 12695 
36070 12619 12621 12718 699 
36071 12708 12718 12706 12709 
36072 12736 12732 12727 12810 
36073 12742 12741 12731 12811 
36074 12742 12741 12811 12812 
36075 12732 12728 12727 12810 
36076 12741 12740 12811 12812 
36077 12738 12737 12727 12813 
36078 12775 12773 12763 12774 
36079 12735 12810 12730 12811 
36080 12746 12745 12735 12813 
36081 702 12806 12814 12815 
36082 12745 12734 12813 12816 
36083 12749 12744 12734 12816 
36084 12742 12726 12732 12811 
36085 12748 12739 12729 12813 
36086 12731 12739 12726 12811 
36087 12754 12745 12746 12816 
36088 12738 12737 12813 12816 
36089 12755 12746 12737 12816 
36090 12748 12738 12813 12816 
36091 12747 12737 12738 12816 
36092 12745 12729 12730 12813 
36093 12736 12733 12732 12811 
36094 12743 12742 12732 12811 
36095 12756 12747 12738 12816 
36096 12748 12813 12744 12816 
36097 12750 12734 12745 12816 
36098 12743 12732 12733 12811 
36099 12732 12726 12810 12811 
36100 12806 12814 12815 12817 
36101 12775 12753 12743 12812 
36102 12753 12742 12743 12812 
36103 12762 12752 12753 12812 
36104 12743 12742 12811 12812 
36105 12762 12761 12752 12812 
36106 12743 12733 12740 12811 
36107 12761 12742 12741 12731 
36108 12728 12727 12810 12813 
36109 12761 12741 12742 12812 
36110 12730 12729 12739 12813 
36111 12751 12740 12741 12812 
36112 12766 12754 12755 12818 
36113 12748 12738 12728 12813 
36114 12767 12755 12747 12818 
36115 12766 12759 12754 12818 
36116 12740 12736 12735 12811 
36117 12768 12767 12747 12818 
36118 12756 12738 12748 12816 
36119 12757 12756 12748 12816 
36120 12757 12748 12744 12816 
36121 12743 12811 12740 12812 
36122 12730 12739 12810 12813 
36123 12744 12813 12734 12816 
36124 12785 12759 12772 12818 
36125 12757 12816 12749 12818 
36126 12779 12766 12767 12818 
36127 12767 12766 12755 12818 
36128 12780 12767 12768 12818 
36129 12736 12810 12727 12813 
36130 12769 12757 12765 12818 
36131 12736 12732 12733 12727 
36132 12768 12747 12756 12818 
36133 12775 12743 12760 12812 
36134 12757 12756 12816 12818 
36135 12784 12758 12818 12819 
36136 12759 12750 12754 12818 
36137 12736 12732 12810 12811 
36138 12758 12757 12749 12818 
36139 12781 12780 12768 12818 
36140 12746 12813 12737 12816 
36141 12771 12758 12749 12818 
36142 12761 12742 12752 12812 
36143 12736 12810 12735 12811 
36144 12781 12780 12818 12819 
36145 12765 12757 12758 12818 
36146 12784 12770 12758 12819 
36147 12756 12747 12816 12818 
36148 12773 12760 12751 12812 
36149 12769 12756 12757 12818 
36150 12781 12768 12769 12818 
36151 12755 12737 12747 12816 
36152 12761 12751 12741 12812 
36153 12760 12740 12751 12812 
36154 12788 12763 12764 12820 
36155 12764 12773 12763 12775 
36156 12755 12816 12747 12818 
36157 12772 12759 12766 12818 
36158 12774 12773 12751 12812 
36159 12754 12750 12816 12818 
36160 12754 12750 12745 12816 
36161 12753 12752 12742 12812 
36162 12800 12815 12814 12817 
36163 12775 12774 12762 12812 
36164 12788 12775 12776 12764 
36165 12787 12774 12763 12820 
36166 12787 12777 12763 12762 
36167 12760 12740 12743 12733 
36168 12774 12761 12762 12812 
36169 12786 12764 12773 12820 
36170 12788 12775 12764 12763 
36171 7308 12801 12804 12821 
36172 704 12814 12800 12815 
36173 7308 12723 12804 12801 
36174 12801 12776 12786 12822 
36175 12782 12772 12779 12819 
36176 12779 12772 12766 12818 
36177 12792 12817 12791 12819 
36178 12792 12790 12817 12819 
36179 12790 12778 12783 12819 
36180 12785 12818 12772 12819 
36181 12765 12818 12758 12819 
36182 12781 12818 12769 12819 
36183 12785 12784 12771 12818 
36184 12769 12818 12765 12819 
36185 12795 12784 12785 12819 
36186 12786 12776 12764 12820 
36187 12820 12773 12763 12764 
36188 12788 12787 12777 12763 
36189 12788 12820 12776 12822 
36190 12802 12788 12776 12822 
36191 12789 12777 12788 12822 
36192 12802 12789 12788 12822 
36193 12775 12762 12753 12812 
36194 12809 12821 12804 12822 
36195 12786 12776 12820 12822 
36196 12722 12814 704 12815 
36197 12775 12762 12763 12753 
36198 12788 12764 12776 12820 
36199 12802 12776 12801 12822 
36200 12771 12749 12750 12818 
36201 12732 12726 12728 12810 
36202 12791 12782 12779 12819 
36203 12781 12769 12778 12819 
36204 12800 12797 12783 12817 
36205 12795 12794 12784 12819 
36206 12778 12769 12765 12819 
36207 12794 12817 12783 12819 
36208 12784 12758 12771 12818 
36209 12780 12779 12767 12818 
36210 12794 12783 12770 12819 
36211 12731 12730 12739 12811 
36212 12769 12768 12756 12818 
36213 12779 12772 12818 12819 
36214 12746 12735 12736 12813 
36215 12739 12810 12726 12811 
36216 12742 12731 12726 12811 
36217 12793 12785 12772 12819 
36218 12794 12770 12784 12819 
36219 12799 12793 12782 12817 
36220 12795 12785 12793 12819 
36221 12741 12730 12731 12811 
36222 12785 12784 12818 12819 
36223 12790 12783 12817 12819 
36224 12730 12810 12739 12811 
36225 706 704 12808 12823 
36226 12791 12817 12782 12819 
36227 12775 12764 12773 12760 
36228 12793 12772 12782 12819 
36229 12803 12777 12789 12822 
36230 706 12807 705 12823 
36231 12740 12735 12730 12811 
36232 702 12814 12722 12815 
36233 12809 12796 12787 12822 
36234 12804 12786 12796 12822 
36235 12803 12787 12777 12822 
36236 12788 12777 12787 12822 
36237 12750 12749 12816 12818 
36238 12809 12787 12803 12822 
36239 12806 12792 12805 12817 
36240 12798 12817 12815 12823 
36241 12808 12800 12817 12823 
36242 12778 12765 12770 12819 
36243 12791 12779 12780 12819 
36244 704 12800 12808 12823 
36245 12796 12773 12774 12820 
36246 703 12805 12797 12814 
36247 12770 12765 12758 12819 
36248 12800 12815 12817 12823 
36249 12755 12754 12746 12816 
36250 704 12815 12800 12823 
36251 12780 12779 12818 12819 
36252 12795 12793 12817 12819 
36253 12806 12805 12814 12817 
36254 12808 12794 12795 12817 
36255 12721 12806 12805 12814 
36256 12808 12800 12794 12817 
36257 12806 12815 12798 12817 
36258 12805 12797 12814 12817 
36259 12807 12795 12793 12817 
36260 12805 12790 12797 12817 
36261 12802 12801 12821 12822 
36262 12792 12791 12780 12819 
36263 12805 12792 12790 12817 
36264 12807 12793 12799 12817 
36265 702 12815 12722 12823 
36266 705 12807 12799 12823 
36267 363 12802 12801 12821 
36268 12799 12782 12798 12817 
36269 703 12797 12725 12814 
36270 704 12725 12800 12814 
36271 12808 12795 12807 12817 
36272 361 12804 12809 12821 
36273 12809 12803 12821 12822 
36274 12757 12744 12749 12816 
36275 12803 12789 12821 12822 
36276 12792 12781 12790 12819 
36277 12793 12782 12817 12819 
36278 12799 12817 12798 12823 
36279 12795 12817 12794 12819 
36280 12797 12790 12783 12817 
36281 706 12808 12807 12823 
36282 12745 12734 12729 12813 
36283 12737 12736 12727 12813 
36284 12808 12817 12807 12823 
36285 12788 12787 12820 12822 
36286 12802 12821 12789 12822 
36287 362 12803 7307 12821 
36288 7307 12789 12802 12821 
36289 362 12809 12803 12821 
36290 7307 12803 12789 12821 
36291 12775 12773 12774 12812 
36292 12774 12751 12761 12812 
36293 12787 12763 12774 12762 
36294 702 12724 701 12798 
36295 12745 12730 12735 12813 
36296 702 12798 12806 12815 
36297 12806 12798 12791 12817 
36298 12722 12725 704 12814 
36299 705 12799 12724 12823 
36300 12744 12729 12734 12813 
36301 12809 12804 12796 12822 
36302 12804 12801 12786 12822 
36303 362 361 12809 12821 
36304 7308 363 12801 12821 
36305 12804 12821 12801 12822 
36306 7307 12802 363 12821 
36307 362 7307 7308 12821 
36308 12775 12774 12763 12762 
36309 12774 12773 12763 12820 
36310 7308 12723 361 12804 
36311 703 12725 12722 12814 
36312 12807 12817 12799 12823 
36313 702 701 12806 12798 
36314 12800 12814 12797 12817 
36315 12724 12799 12798 12823 
36316 12800 12783 12794 12817 
36317 12806 12791 12792 12817 
36318 702 12721 703 12814 
36319 702 705 12724 12823 
36320 702 12798 12815 12823 
36321 706 12722 704 12823 
36322 702 12806 12721 12814 
36323 12739 12728 12726 12810 
36324 12796 12774 12787 12820 
36325 362 7308 361 12821 
36326 12775 12760 12773 12812 
36327 7308 363 12723 12801 
36328 12750 12749 12734 12816 
36329 702 12722 705 12823 
36330 12722 12815 704 12823 
36331 12783 12778 12770 12819 
36332 702 701 12721 12806 
36333 702 12724 12798 12823 
36334 706 705 12722 12823 
36335 703 12721 12805 12814 
36336 12748 12729 12744 12813 
36337 702 703 12722 12814 
36338 12771 12750 12759 12818 
36339 12790 12781 12778 12819 
36340 12798 12782 12791 12817 
36341 12796 12820 12787 12822 
36342 12755 12754 12816 12818 
36343 12785 12771 12759 12818 
36344 12792 12780 12781 12819 
36345 7308 12804 361 12821 
36346 12735 12730 12810 12813 
36347 12738 12727 12728 12813 
36348 12746 12736 12737 12813 
36349 12725 12797 12800 12814 
36350 12741 12740 12730 12811 
36351 12760 12743 12740 12812 
36352 12739 12728 12810 12813 
36353 12788 12787 12763 12820 
36354 12736 12735 12810 12813 
36355 12746 12745 12813 12816 
36356 12748 12728 12739 12813 
36357 12796 12786 12820 12822 
36358 7307 363 7308 12821 
36359 12740 12733 12736 12811 
36360 12796 12786 12773 12820 
36361 12848 12844 12837 12833 
36362 12841 12840 12839 12830 
36363 12840 12836 12837 12834 
36364 12850 12843 12832 12911 
36365 12845 12835 12834 12911 
36366 12840 12838 12836 12839 
36367 12837 12834 12833 12912 
36368 12840 12838 12839 12830 
36369 12848 12838 12836 12837 
36370 12839 12838 12836 12848 
36371 12838 12832 12830 12912 
36372 12851 12833 12835 12911 
36373 12896 12887 12894 12913 
36374 12851 12835 12847 12911 
36375 12839 12838 12832 12830 
36376 12866 12856 12857 12848 
36377 12841 12836 12839 12840 
36378 12851 12850 12844 12911 
36379 12855 12852 12846 12914 
36380 12835 12834 12911 12912 
36381 12844 12837 12833 12912 
36382 12853 12846 12914 12915 
36383 12843 12842 12831 12911 
36384 12852 12829 12831 12911 
36385 12844 12832 12838 12912 
36386 708 710 12825 12916 
36387 12859 12849 12858 12841 
36388 12852 12911 12842 12914 
36389 12866 12857 12836 12848 
36390 12877 12858 12867 12857 
36391 12840 12849 12841 12836 
36392 12858 12841 12857 12839 
36393 12851 12911 12847 12914 
36394 12860 12853 12843 12914 
36395 12848 12857 12836 12839 
36396 12897 12877 12876 12867 
36397 12847 12835 12845 12911 
36398 12832 12831 12830 12912 
36399 12840 12834 12837 12912 
36400 12840 12830 12831 12912 
36401 7423 12890 12903 12917 
36402 12853 12846 12842 12914 
36403 12860 12843 12850 12914 
36404 12836 12849 12841 12857 
36405 12848 12844 12838 12837 
36406 12854 12851 12847 12914 
36407 12851 12850 12911 12914 
36408 12837 12838 12836 12840 
36409 12831 12911 12829 12912 
36410 12847 12911 12845 12914 
36411 12840 12829 12834 12912 
36412 12870 12914 12865 12915 
36413 12857 12867 12849 12858 
36414 12852 12834 12829 12911 
36415 12866 12867 12849 12857 
36416 12852 12831 12842 12911 
36417 12869 12867 12849 12866 
36418 12855 12845 12852 12914 
36419 12870 12864 12860 12914 
36420 12855 12847 12845 12914 
36421 12870 12860 12861 12914 
36422 12857 12836 12839 12841 
36423 12843 12842 12911 12914 
36424 12870 12861 12865 12914 
36425 12844 12833 12911 12912 
36426 12869 12858 12859 12849 
36427 12874 12855 12854 12847 
36428 12850 12843 12911 12914 
36429 12867 12857 12866 12856 
36430 12877 12868 12859 12858 
36431 12870 12913 12864 12915 
36432 12846 12852 12842 12914 
36433 12859 12879 12918 12878 
36434 12905 12904 12917 12919 
36435 12852 12845 12834 12911 
36436 12832 12911 12831 12912 
36437 12855 12854 12847 12914 
36438 12855 12914 12846 12915 
36439 12887 12886 12874 12915 
36440 12849 12857 12836 12866 
36441 12864 12853 12860 12914 
36442 12872 12846 12853 12915 
36443 12881 12871 12863 12913 
36444 12872 12863 12862 12915 
36445 12858 12849 12857 12841 
36446 12866 12837 12848 12836 
36447 12871 12862 12863 12915 
36448 12883 12864 12880 12913 
36449 12883 12872 12864 12913 
36450 12873 12870 12865 12913 
36451 12874 12865 12854 12915 
36452 12865 12861 12854 12914 
36453 12851 12844 12833 12911 
36454 12861 12860 12850 12914 
36455 12858 12867 12849 12869 
36456 12877 12869 12876 12867 
36457 12859 12878 12918 12869 
36458 12834 12829 12911 12912 
36459 12861 12851 12854 12914 
36460 12874 12855 12871 12915 
36461 12868 12859 12879 12918 
36462 12857 12839 12848 12838 
36463 12872 12862 12846 12915 
36464 12896 12886 12887 12913 
36465 12918 12889 12919 12897 
36466 12878 12889 12919 12918 
36467 12889 12869 12918 12878 
36468 12918 12888 12897 12919 
36469 12904 12878 12890 12919 
36470 12852 12845 12911 12914 
36471 12886 12865 12874 12915 
36472 12887 12874 12871 12915 
36473 12880 12864 12870 12913 
36474 12877 12869 12867 12858 
36475 12876 12918 12869 12877 
36476 12877 12859 12869 12858 
36477 12893 12882 12883 12913 
36478 12893 12892 12913 12920 
36479 12895 12873 12886 12913 
36480 12872 12864 12913 12915 
36481 12893 12892 12882 12913 
36482 12861 12850 12851 12914 
36483 12892 12884 12881 12913 
36484 12882 12881 12863 12913 
36485 712 710 12909 12916 
36486 710 12828 12901 12916 
36487 12871 12863 12913 12915 
36488 12870 12865 12913 12915 
36489 12896 12913 12894 12920 
36490 12884 12875 12881 12913 
36491 12872 12913 12863 12915 
36492 12882 12863 12872 12913 
36493 12887 12871 12913 12915 
36494 12881 12875 12871 12913 
36495 12886 12873 12865 12913 
36496 12878 12919 12879 12918 
36497 12905 12888 12879 12919 
36498 12895 12885 12873 12913 
36499 12891 12880 12885 12913 
36500 12894 12913 12884 12920 
36501 12891 12883 12880 12913 
36502 12870 12864 12914 12915 
36503 12889 12918 12869 12876 
36504 12894 12887 12875 12913 
36505 12883 12882 12872 12913 
36506 12916 12898 12921 708 
36507 12892 12881 12882 12913 
36508 707 12827 12899 12921 
36509 12907 12899 12920 12921 
36510 12908 12894 12900 12920 
36511 12887 12871 12875 12913 
36512 12872 12853 12864 12915 
36513 12893 12883 12891 12913 
36514 12888 12879 12918 12868 
36515 12876 12867 12869 12866 
36516 12896 12895 12886 12913 
36517 12885 12880 12873 12913 
36518 12919 12879 12918 12888 
36519 12903 12890 12889 12919 
36520 12902 12897 12888 12919 
36521 12880 12870 12873 12913 
36522 12840 12838 12830 12912 
36523 12890 12878 12889 12919 
36524 12855 12854 12914 12915 
36525 12850 12832 12844 12911 
36526 12905 12879 12904 12919 
36527 12904 12879 12878 12919 
36528 12896 12895 12913 12920 
36529 12907 12920 12906 12921 
36530 12843 12831 12832 12911 
36531 12862 12855 12846 12915 
36532 12901 12898 12885 12920 
36533 712 12908 711 12916 
36534 12874 12854 12855 12915 
36535 12906 12920 12898 12921 
36536 12906 12891 12898 12920 
36537 12900 12920 12899 12921 
36538 12824 707 12907 12921 
36539 709 12824 12906 12921 
36540 12886 12913 12865 12915 
36541 12900 12894 12884 12920 
36542 709 12828 708 12898 
36543 12898 12920 12916 12921 
36544 12907 12893 12906 12920 
36545 12892 12884 12913 12920 
36546 12898 12891 12885 12920 
36547 12894 12875 12884 12913 
36548 12909 12901 12895 12920 
36549 12835 12833 12834 12912 
36550 12901 12916 12898 12920 
36551 709 12906 12898 12921 
36552 12899 12884 12892 12920 
36553 12909 12908 12916 12920 
36554 12828 12898 12901 12916 
36555 12824 12907 12906 12921 
36556 12901 12885 12895 12920 
36557 12891 12913 12885 12920 
36558 12909 12896 12908 12920 
36559 12910 12889 12897 12919 
36560 12893 12913 12891 12920 
36561 12907 12899 12892 12920 
36562 12906 12893 12891 12920 
36563 12898 12828 708 12916 
36564 12908 12900 12916 12920 
36565 12825 711 12900 12916 
36566 12907 12892 12893 12920 
36567 7423 12903 372 12917 
36568 371 12904 7423 12917 
36569 7423 12904 12890 12917 
36570 372 12910 373 12917 
36571 371 12905 12904 12917 
36572 12900 12884 12899 12920 
36573 12825 12916 12900 12921 
36574 712 12909 12908 12916 
36575 12827 12900 12899 12921 
36576 12895 12885 12913 12920 
36577 12910 12902 12917 12919 
36578 7424 373 12902 12917 
36579 12910 12917 12903 12919 
36580 12825 711 12827 12900 
36581 707 12825 12827 12921 
36582 708 12916 12825 12921 
36583 12853 12842 12843 12914 
36584 708 12898 12921 709 
36585 708 12828 710 12916 
36586 12910 12903 12889 12919 
36587 7424 372 373 12917 
36588 12903 12917 12890 12919 
36589 7423 372 7424 12917 
36590 12868 12877 12918 12888 
36591 7424 12902 12905 12917 
36592 371 7424 12826 12905 
36593 371 7424 12905 12917 
36594 707 12899 12907 12921 
36595 708 12825 707 12921 
36596 12909 12895 12896 12920 
36597 12825 12900 12827 12921 
36598 12865 12914 12854 12915 
36599 12908 12896 12894 12920 
36600 12864 12853 12914 12915 
36601 12835 12911 12833 12912 
36602 708 12824 709 12921 
36603 12871 12855 12862 12915 
36604 12909 12916 12901 12920 
36605 12904 12890 12917 12919 
36606 12910 12897 12902 12919 
36607 7424 373 12826 12902 
36608 372 12903 12910 12917 
36609 373 12910 12902 12917 
36610 371 7423 7424 12917 
36611 7424 12826 12905 12902 
36612 12887 12913 12886 12915 
36613 12905 12917 12902 12919 
36614 712 12825 710 12916 
36615 12905 12902 12888 12919 
36616 12918 12897 12876 12889 
36617 12844 12911 12832 12912 
36618 711 12908 12900 12916 
36619 712 711 12825 12916 
36620 708 707 12824 12921 
36621 710 12901 12909 12916 
36622 12840 12831 12829 12912 
36623 12844 12838 12837 12912 
36624 12900 12916 12920 12921 
36625 12840 12837 12838 12912 
36626 12859 12918 12877 12869 
36627 12877 12897 12876 12918 
36628 12877 12918 12888 12897 
36629 12868 12918 12877 12859 
36630 12922 13008 13003 13009 
36631 12922 713 13004 13008 
36632 717 12997 12925 13008 
36633 13005 13008 13009 13010 
36634 13004 13008 12996 13010 
36635 713 12925 12996 13008 
36636 12935 13011 12934 13012 
36637 12939 12927 12933 13012 
36638 12944 12927 12932 13011 
36639 717 13005 13008 13009 
36640 12937 12931 12934 13011 
36641 12947 12935 12934 13012 
36642 12947 12934 12942 13012 
36643 12941 12933 12935 13012 
36644 12942 12934 12928 13012 
36645 12941 12940 13012 13013 
36646 12951 12956 12955 13013 
36647 12945 12938 12944 12937 
36648 12946 12942 12928 13012 
36649 12943 12935 12936 13011 
36650 12947 12941 13012 13013 
36651 12946 12928 12939 13012 
36652 12944 12937 12938 13011 
36653 12946 12942 13012 13013 
36654 12936 12933 12929 13011 
36655 12956 12947 12948 13013 
36656 12939 12928 12932 13012 
36657 12956 12941 12947 13013 
36658 12940 12939 12933 13012 
36659 12953 12944 12943 12930 
36660 12953 12945 12952 12943 
36661 12944 12932 12931 13011 
36662 12953 12943 12952 12936 
36663 12941 12940 12933 13012 
36664 12961 12952 12945 12943 
36665 12935 12933 13011 13012 
36666 12943 12936 12930 13011 
36667 12954 12952 12953 12945 
36668 12972 12962 12954 12953 
36669 12951 12950 12940 13013 
36670 12946 13012 12939 13013 
36671 12938 12937 12934 13011 
36672 12953 12944 12945 12943 
36673 12936 12929 12930 13011 
36674 12949 12942 12946 13013 
36675 12973 12961 12954 12945 
36676 12947 13012 12942 13013 
36677 12944 12930 12927 13011 
36678 12948 12947 12942 13013 
36679 12932 12928 12931 13012 
36680 12969 12951 12955 12950 
36681 12948 12957 12955 12967 
36682 12967 12958 12955 12949 
36683 12955 12948 12949 13013 
36684 12944 12931 12937 13011 
36685 12956 12951 12941 13013 
36686 12955 12950 12951 13013 
36687 12947 12941 12935 13012 
36688 12951 12940 12941 13013 
36689 12940 12939 13012 13013 
36690 12972 12953 12954 12952 
36691 12933 12927 13011 13012 
36692 12938 12934 12935 13011 
36693 12933 12927 12929 13011 
36694 12972 12961 12971 12952 
36695 714 13009 715 13014 
36696 12945 12943 12944 12938 
36697 13013 12956 12955 12948 
36698 12982 12959 12969 13015 
36699 12977 12966 12957 13015 
36700 12965 12959 12958 12955 
36701 12979 12958 12976 13015 
36702 12978 12977 12957 13015 
36703 12966 12957 12960 12956 
36704 12958 12967 12959 13015 
36705 12956 12957 12955 12948 
36706 12965 12958 12959 13015 
36707 12949 12948 12942 13013 
36708 13015 12967 12959 12957 
36709 12969 12955 12959 12950 
36710 12961 12952 12954 12945 
36711 12967 12949 12955 12948 
36712 12986 12975 13016 13017 
36713 715 13009 13003 13014 
36714 12986 12963 12973 13016 
36715 12994 12984 12971 13016 
36716 12932 12931 13011 13012 
36717 12985 12962 12975 13016 
36718 12973 12963 12962 13016 
36719 12969 12956 12955 12951 
36720 12968 12965 12959 13015 
36721 12972 12954 12961 12952 
36722 12973 12962 12972 13016 
36723 12985 12972 12962 13016 
36724 12975 12962 12963 13016 
36725 12959 12969 12957 12955 
36726 12966 12960 12957 13015 
36727 12955 12946 12950 13013 
36728 7422 12924 13002 12999 
36729 13000 12974 12999 13017 
36730 12979 13015 12976 13018 
36731 12990 12989 12978 13018 
36732 13003 12990 12988 13010 
36733 12978 12957 12967 13015 
36734 12977 12970 12966 13015 
36735 12979 12967 12958 13015 
36736 12976 13015 12968 13018 
36737 12983 12960 12970 13015 
36738 12973 12972 12962 12954 
36739 13006 12992 12993 13010 
36740 12955 12969 12957 12956 
36741 12976 12965 12968 13015 
36742 12983 13015 12970 13018 
36743 12980 12970 12977 13018 
36744 12955 12949 12946 13013 
36745 12978 12977 13015 13018 
36746 12961 12943 12945 12938 
36747 12986 12973 12974 13016 
36748 12973 12971 12964 13016 
36749 12957 12967 12959 12955 
36750 7422 12999 13002 13019 
36751 370 13000 12999 13019 
36752 12986 13016 12974 13017 
36753 12987 12975 12986 13017 
36754 13000 12987 12986 13017 
36755 13003 13009 13010 13014 
36756 12983 12969 12960 13015 
36757 12954 12945 12953 12944 
36758 13001 13017 12987 13019 
36759 12984 12974 13016 13017 
36760 12976 12958 12965 13015 
36761 12986 12975 12963 13016 
36762 12985 13016 12975 13017 
36763 12984 12974 12964 13016 
36764 12973 12961 12972 12954 
36765 12944 12938 12943 13011 
36766 12990 12979 12988 13018 
36767 12983 12982 12969 13015 
36768 12992 12981 12968 13018 
36769 12930 12929 12927 13011 
36770 12973 12962 12963 12954 
36771 13005 13010 13009 13014 
36772 12991 12970 12980 13018 
36773 12996 12980 12989 13010 
36774 13003 12988 12995 13010 
36775 12983 12982 13015 13018 
36776 12997 12980 12996 13010 
36777 12991 12983 12970 13018 
36778 12974 12973 12964 13016 
36779 12993 12992 12982 13018 
36780 12994 12984 13016 13017 
36781 13015 12969 12957 12959 
36782 13004 12996 12989 13010 
36783 718 13009 12923 13014 
36784 12977 12970 13015 13018 
36785 12988 12976 12981 13018 
36786 12956 12969 12957 12960 
36787 13007 13002 13017 13019 
36788 12994 13016 12985 13017 
36789 13000 12986 12974 13017 
36790 12955 12967 12959 12958 
36791 13000 13017 12999 13019 
36792 13007 12994 12985 13017 
36793 12973 12964 12971 12961 
36794 13002 12999 12984 13017 
36795 13007 13002 12994 13017 
36796 13007 12985 13001 13017 
36797 13001 12985 12975 13017 
36798 12982 12968 13015 13018 
36799 12944 12943 12930 13011 
36800 12953 12943 12936 12930 
36801 12995 12988 12981 13010 
36802 12926 12995 12998 13014 
36803 715 12995 12926 13014 
36804 715 13003 12995 13014 
36805 12994 12972 12985 13016 
36806 12992 12968 12982 13018 
36807 13004 12989 12990 13010 
36808 12998 12981 12992 13010 
36809 12997 12991 12980 13010 
36810 12989 12980 12977 13018 
36811 13006 13010 13005 13014 
36812 12998 12995 12981 13010 
36813 12981 12976 12968 13018 
36814 13004 12990 13003 13010 
36815 13004 13003 13008 13010 
36816 368 13002 13007 13019 
36817 12990 12988 13010 13018 
36818 12990 13010 12989 13018 
36819 714 13008 12922 13009 
36820 12979 12978 12967 13015 
36821 12989 12977 12978 13018 
36822 13005 12993 12991 13010 
36823 12925 12997 12996 13008 
36824 718 13005 717 13009 
36825 12922 13004 13003 13008 
36826 13006 12993 13005 13010 
36827 13005 12991 12997 13010 
36828 12950 12939 12940 13013 
36829 13005 12997 13008 13010 
36830 12993 12991 13010 13018 
36831 718 13006 13005 13014 
36832 714 12925 13008 13009 
36833 718 13005 13009 13014 
36834 12950 12946 12939 13013 
36835 13007 13017 13001 13019 
36836 12993 13010 12992 13018 
36837 13006 12998 13010 13014 
36838 12999 12974 12984 13017 
36839 7421 13000 370 13019 
36840 13001 12975 12987 13017 
36841 369 13007 13001 13019 
36842 12982 12968 12959 13015 
36843 7421 13001 12987 13019 
36844 369 368 13007 13019 
36845 7422 13002 368 13019 
36846 714 12925 713 13008 
36847 12988 12979 12976 13018 
36848 717 12923 13009 12925 
36849 716 12926 12998 13014 
36850 12997 12996 13008 13010 
36851 12923 12926 716 13014 
36852 715 12922 13003 13009 
36853 12932 13011 12927 13012 
36854 714 715 12926 13014 
36855 714 12926 12923 13014 
36856 13006 12998 12992 13010 
36857 12969 12960 12956 12951 
36858 12994 12971 12972 13016 
36859 7421 12987 13000 13019 
36860 7422 370 12999 13019 
36861 12993 12982 12983 13018 
36862 12960 12969 12957 13015 
36863 13002 12999 13017 13019 
36864 13002 12984 12994 13017 
36865 717 13005 12997 13008 
36866 7421 369 13001 13019 
36867 714 713 12922 13008 
36868 13009 12925 13008 717 
36869 12979 12978 13015 13018 
36870 12991 12980 13010 13018 
36871 12973 12971 12972 12961 
36872 718 716 13006 13014 
36873 7422 368 369 13019 
36874 12988 12981 13010 13018 
36875 12998 12995 13010 13014 
36876 7422 370 12924 12999 
36877 12990 12978 12979 13018 
36878 718 717 12923 13009 
36879 716 12998 13006 13014 
36880 12925 12923 13009 714 
36881 12989 13010 12980 13018 
36882 12970 12960 12966 13015 
36883 12973 12972 12971 13016 
36884 12984 12964 12971 13016 
36885 12992 13010 12981 13018 
36886 13000 12987 13017 13019 
36887 12946 12932 12939 12928 
36888 718 12923 716 13014 
36889 12934 12931 12928 13012 
36890 12939 12932 12927 13012 
36891 12943 12938 12935 13011 
36892 13003 13009 13008 13010 
36893 714 12923 13009 13014 
36894 7422 12924 368 13002 
36895 12934 13011 12931 13012 
36896 7421 370 7422 13019 
36897 7421 7422 369 13019 
36898 13003 13010 12995 13014 
36899 12993 12983 12991 13018 
36900 12936 12935 12933 13011 
36901 714 12922 715 13009 
36902 713 12996 13004 13008 
36903 13087 13106 13078 13107 
36904 13088 13106 13087 13107 
36905 13103 13106 13095 13108 
36906 13095 13078 13106 13107 
36907 13104 13106 13103 13108 
36908 13086 13079 13106 13107 
36909 13088 13086 13106 13107 
36910 13104 13096 13106 13108 
36911 13096 13106 13079 13107 
36912 13041 13031 13033 13109 
36913 13058 13048 13110 13111 
36914 13030 13109 13026 13110 
36915 13048 13039 13040 13110 
36916 13030 13109 13029 13112 
36917 13044 13036 13029 13112 
36918 13041 13031 13109 13110 
36919 13041 13033 13032 13109 
36920 13046 13038 13029 13109 
36921 13034 13033 13025 13112 
36922 13033 13031 13025 13109 
36923 13036 13035 13028 13112 
36924 13042 13033 13034 13112 
36925 13030 13027 13109 13112 
36926 13038 13037 13109 13110 
36927 13054 13042 13043 13036 
36928 13027 13025 13026 13109 
36929 13043 13036 13035 13028 
36930 13065 13047 13048 13113 
36931 13053 13042 13035 13114 
36932 13051 13050 13037 13111 
36933 13032 13029 13109 13112 
36934 13035 13027 13028 13112 
36935 13043 13036 13042 13035 
36936 13034 13025 13027 13112 
36937 13053 13035 13042 13034 
36938 13040 13039 13026 13110 
36939 13054 13044 13052 13042 
36940 13056 13045 13050 13111 
36941 13045 13041 13032 13109 
36942 13033 13109 13025 13112 
36943 13054 13042 13052 13114 
36944 13042 13035 13036 13112 
36945 13049 13031 13041 13110 
36946 13046 13038 13109 13110 
36947 13070 13052 13042 13114 
36948 13054 13044 13042 13036 
36949 13049 13110 13045 13111 
36950 13057 13046 13047 13111 
36951 13062 13043 13054 13114 
36952 13068 13050 13051 13111 
36953 13068 13051 13060 13111 
36954 13045 13109 13037 13110 
36955 13051 13037 13110 13111 
36956 13062 13055 13043 13114 
36957 13045 13032 13037 13109 
36958 13048 13047 13110 13111 
36959 13071 13070 13061 13114 
36960 13092 13071 13070 13115 
36961 13066 13065 13048 13113 
36962 13054 13043 13042 13114 
36963 13057 13111 13047 13113 
36964 13070 13053 13061 13114 
36965 13044 13032 13033 13112 
36966 13038 13032 13029 13109 
36967 13064 13060 13057 13113 
36968 13060 13051 13057 13111 
36969 13047 13046 13110 13111 
36970 13057 13051 13046 13111 
36971 13027 13025 13109 13112 
36972 13058 13040 13049 13110 
36973 13070 13042 13053 13114 
36974 13043 13035 13042 13114 
36975 13059 13056 13050 13111 
36976 13055 13035 13043 13114 
36977 13055 13053 13035 13114 
36978 13068 13111 13060 13113 
36979 13065 13064 13047 13113 
36980 13046 13030 13039 13110 
36981 13068 13059 13111 13113 
36982 13068 13059 13050 13111 
36983 13064 13057 13047 13113 
36984 13068 13059 13113 13116 
36985 13058 13048 13111 13113 
36986 13080 13059 13068 13116 
36987 13063 13058 13111 13113 
36988 13060 13111 13057 13113 
36989 13077 13065 13066 13113 
36990 13061 13053 13055 13114 
36991 13083 13061 13073 13115 
36992 13071 13061 13070 13115 
36993 13072 13062 13061 13055 
36994 13073 13061 13072 13115 
36995 13044 13042 13036 13112 
36996 13072 13062 13071 13061 
36997 13099 13072 13085 13115 
36998 13072 13061 13071 13115 
36999 13063 13058 13056 13111 
37000 13068 13113 13060 13116 
37001 13058 13049 13056 13111 
37002 13077 13076 13065 13113 
37003 13046 13109 13030 13110 
37004 13071 13062 13054 13114 
37005 13084 13071 13072 13062 
37006 13066 13058 13063 13113 
37007 13075 13069 13064 13116 
37008 13078 13069 13075 13107 
37009 13088 13087 13076 13107 
37010 13077 13066 13074 13113 
37011 13074 13113 13067 13116 
37012 13067 13063 13059 13113 
37013 13076 13075 13064 13116 
37014 13056 13049 13045 13111 
37015 13051 13037 13038 13110 
37016 13051 13110 13046 13111 
37017 13091 13080 13081 13116 
37018 13033 13032 13109 13112 
37019 724 722 13104 13108 
37020 13069 13060 13064 13116 
37021 724 13103 723 13108 
37022 720 722 13021 13108 
37023 13086 13074 13079 13116 
37024 13063 13111 13059 13113 
37025 13076 13064 13113 13116 
37026 13074 13066 13063 13113 
37027 13081 13080 13068 13116 
37028 13091 13089 13107 13116 
37029 13090 13079 13067 13116 
37030 13021 13023 13094 13108 
37031 13066 13048 13058 13113 
37032 13084 13071 13082 13115 
37033 13084 13072 13071 13115 
37034 13085 13072 13084 13115 
37035 13071 13061 13062 13114 
37036 13077 13076 13113 13116 
37037 723 13095 13023 13108 
37038 13021 13108 13094 13117 
37039 722 13024 13096 13108 
37040 13077 13113 13074 13116 
37041 13086 13077 13074 13116 
37042 13039 13030 13026 13110 
37043 13048 13047 13039 13110 
37044 13103 13091 13089 13107 
37045 13093 13086 13079 13106 
37046 13088 13077 13086 13116 
37047 13071 13054 13052 13114 
37048 13058 13048 13040 13110 
37049 13079 13074 13067 13116 
37050 13091 13081 13089 13116 
37051 13080 13067 13059 13116 
37052 13045 13110 13037 13111 
37053 13087 13078 13075 13107 
37054 13058 13110 13049 13111 
37055 13035 13034 13027 13112 
37056 13040 13026 13031 13110 
37057 13045 13041 13109 13110 
37058 13076 13064 13065 13113 
37059 13105 13082 13092 13115 
37060 13081 13060 13069 13116 
37061 13051 13038 13046 13110 
37062 13092 13070 13083 13115 
37063 13097 13092 13083 13115 
37064 13090 13107 13079 13116 
37065 379 7532 13100 13118 
37066 13105 13115 13097 13118 
37067 13089 13069 13107 13116 
37068 13031 13026 13109 13110 
37069 379 13100 13099 13118 
37070 721 13101 13093 13117 
37071 13104 13106 13096 13107 
37072 13101 13086 13093 13106 
37073 7531 13098 380 13118 
37074 7531 13099 13085 13118 
37075 13102 13088 13101 13106 
37076 13089 13069 13078 13107 
37077 13102 13087 13088 13106 
37078 379 13099 7531 13118 
37079 13099 13115 13085 13118 
37080 13094 13078 13087 13106 
37081 13087 13075 13076 13107 
37082 13088 13076 13077 13116 
37083 13103 13089 13095 13107 
37084 13088 13086 13107 13116 
37085 720 13024 13108 13117 
37086 13020 13102 13101 13117 
37087 13050 13045 13037 13111 
37088 13089 13081 13069 13116 
37089 13096 13079 13090 13107 
37090 13095 13106 13094 13108 
37091 13096 13093 13106 13117 
37092 723 13103 13095 13108 
37093 13086 13079 13107 13116 
37094 721 13093 13024 13117 
37095 13101 13088 13086 13106 
37096 13102 13094 13106 13117 
37097 13095 13089 13078 13107 
37098 13103 13095 13106 13107 
37099 13092 13082 13071 13115 
37100 13102 13106 13101 13117 
37101 13067 13113 13059 13116 
37102 13104 13091 13103 13107 
37103 724 13021 722 13108 
37104 724 13104 13103 13108 
37105 13023 13095 13094 13108 
37106 13024 13093 13096 13117 
37107 13030 13029 13028 13112 
37108 13105 13098 13115 13118 
37109 13100 13097 13083 13115 
37110 13099 13073 13072 13115 
37111 381 13105 13097 13118 
37112 7532 381 13097 13118 
37113 13105 13092 13097 13115 
37114 13076 13107 13075 13116 
37115 13021 723 13023 13108 
37116 719 13021 13023 13094 
37117 13101 13106 13093 13117 
37118 13102 13094 13087 13106 
37119 13024 13096 13108 13117 
37120 13071 13052 13070 13114 
37121 13088 13107 13076 13116 
37122 13063 13056 13059 13111 
37123 720 721 13024 13117 
37124 720 13024 722 13108 
37125 13064 13060 13113 13116 
37126 13098 13084 13082 13115 
37127 7532 13097 13100 13118 
37128 13098 13085 13084 13115 
37129 380 13105 381 13118 
37130 7532 381 13022 13097 
37131 13100 13115 13099 13118 
37132 379 7531 7532 13118 
37133 13105 13098 13082 13115 
37134 13090 13067 13080 13116 
37135 13100 13083 13073 13115 
37136 7532 13022 13100 13097 
37137 379 7532 13022 13100 
37138 719 13021 13094 13117 
37139 719 13094 13102 13117 
37140 720 13021 719 13117 
37141 721 13020 13101 13117 
37142 13081 13068 13060 13116 
37143 720 719 13020 13117 
37144 13096 13106 13108 13117 
37145 13083 13070 13061 13115 
37146 13044 13029 13032 13112 
37147 720 13020 721 13117 
37148 13036 13028 13029 13112 
37149 13104 13090 13091 13107 
37150 13044 13033 13042 13112 
37151 7532 380 381 13118 
37152 13074 13063 13067 13113 
37153 7531 380 7532 13118 
37154 13048 13047 13111 13113 
37155 13100 13097 13115 13118 
37156 13100 13073 13099 13115 
37157 13073 13072 13061 13055 
37158 7531 13085 13098 13118 
37159 13098 13085 13115 13118 
37160 720 13108 13021 13117 
37161 724 723 13021 13108 
37162 13020 719 13102 13117 
37163 722 13096 13104 13108 
37164 13049 13040 13031 13110 
37165 13091 13090 13080 13116 
37166 13046 13029 13030 13109 
37167 380 13098 13105 13118 
37168 13075 13107 13069 13116 
37169 13047 13046 13039 13110 
37170 13091 13107 13090 13116 
37171 13104 13096 13090 13107 
37172 13038 13037 13032 13109 
37173 13042 13034 13035 13112 
37174 13104 13103 13106 13107 
37175 13096 13093 13079 13106 
37176 13094 13108 13106 13117 
37177 13031 13026 13025 13109 
37178 13062 13061 13055 13114 
37179 13030 13028 13027 13112 
37180 13030 13027 13026 13109 
37181 13049 13041 13045 13110 
37182 13095 13078 13094 13106 
37183 13199 13191 13184 13203 
37184 13199 13203 13198 13204 
37185 13191 13175 13184 13203 
37186 13198 13203 13190 13204 
37187 13193 13190 13176 13203 
37188 13186 13203 13175 13204 
37189 13193 13176 13187 13203 
37190 13188 13187 13203 13204 
37191 13188 13203 13186 13204 
37192 13193 13190 13204 13205 
37193 13122 13192 13206 729 
37194 728 13205 13193 13206 
37195 13120 13205 728 13206 
37196 730 13200 729 13207 
37197 730 728 13201 13207 
37198 13142 13128 13130 13208 
37199 13141 13208 13134 13209 
37200 13142 13135 13208 13209 
37201 13134 13127 13124 13208 
37202 13154 13147 13140 13210 
37203 13135 13124 13128 13208 
37204 13145 13141 13134 13209 
37205 13146 13134 13135 13209 
37206 13187 13176 13163 13203 
37207 13191 13204 13205 13206 
37208 13151 13144 13137 13211 
37209 726 13123 13120 13205 
37210 13147 13138 13131 13210 
37211 13138 13130 13128 13210 
37212 13152 13151 13145 13211 
37213 13154 13140 13133 13210 
37214 13138 13133 13130 13210 
37215 13141 13137 13126 13208 
37216 13151 13141 13145 13211 
37217 13148 13140 13147 13210 
37218 13154 13138 13147 13210 
37219 13167 13155 13149 13148 
37220 13140 13132 13133 13210 
37221 13142 13130 13136 13208 
37222 13139 13126 13132 13210 
37223 13137 13136 13129 13208 
37224 13137 13136 13208 13209 
37225 13168 13154 13167 13149 
37226 13148 13139 13140 13210 
37227 13167 13149 13154 13147 
37228 13151 13137 13141 13211 
37229 13141 13127 13134 13208 
37230 13164 13145 13146 13211 
37231 13127 13208 13126 13210 
37232 13142 13135 13128 13208 
37233 13164 13146 13153 13211 
37234 13204 13192 13207 13206 
37235 13161 13160 13211 13212 
37236 13162 13161 13211 13212 
37237 13135 13134 13208 13209 
37238 13198 13204 13190 13205 
37239 13148 13147 13131 13210 
37240 13154 13133 13138 13210 
37241 13150 13135 13142 13209 
37242 13162 13144 13151 13211 
37243 13168 13154 13149 13140 
37244 13143 13142 13136 13209 
37245 13162 13211 13151 13212 
37246 13154 13147 13149 13140 
37247 13148 13125 13139 13210 
37248 13167 13148 13149 13147 
37249 13142 13208 13136 13209 
37250 13141 13137 13209 13211 
37251 13128 13208 13124 13210 
37252 13199 13204 13198 13205 
37253 13159 13153 13150 13212 
37254 13161 13143 13144 13211 
37255 13150 13146 13135 13209 
37256 13162 13151 13158 13212 
37257 13167 13154 13166 13147 
37258 13127 13124 13208 13210 
37259 13160 13159 13150 13212 
37260 13162 13161 13144 13211 
37261 13144 13136 13137 13209 
37262 13192 13206 729 13207 
37263 13165 13153 13159 13213 
37264 7529 13195 378 13214 
37265 13160 13150 13143 13211 
37266 7529 13196 13182 13214 
37267 13174 13173 13161 13213 
37268 13162 13161 13212 13213 
37269 13164 13211 13153 13212 
37270 13153 13211 13150 13212 
37271 13164 13152 13211 13212 
37272 13164 13152 13212 13213 
37273 13174 13162 13171 13213 
37274 13177 13163 13152 13213 
37275 13178 13153 13165 13213 
37276 13174 13161 13162 13213 
37277 13173 13172 13160 13213 
37278 13172 13165 13159 13213 
37279 13120 729 13122 13206 
37280 13168 13155 13156 13149 
37281 728 13193 13207 13206 
37282 13168 13166 13167 13154 
37283 726 13205 13120 13206 
37284 13179 13215 13169 13216 
37285 13169 13168 13157 13216 
37286 13189 13179 13166 13216 
37287 13181 13156 13168 13216 
37288 7529 377 13196 13214 
37289 13168 13156 13155 13216 
37290 13172 13159 13160 13213 
37291 13136 13130 13129 13208 
37292 13168 13155 13167 13216 
37293 13180 13167 13155 13216 
37294 13189 13167 13180 13216 
37295 7530 378 13194 13214 
37296 13170 13155 13156 13216 
37297 13149 13140 13148 13139 
37298 13168 13167 13155 13149 
37299 13194 13169 13179 13215 
37300 13171 13162 13158 13213 
37301 13164 13212 13153 13213 
37302 13195 13214 13182 13215 
37303 377 376 13202 13214 
37304 13161 13160 13212 13213 
37305 13146 13145 13209 13211 
37306 13146 13145 13134 13209 
37307 13186 13165 13175 13203 
37308 13153 13146 13150 13211 
37309 13168 13166 13157 13216 
37310 728 13123 13193 13205 
37311 13158 13151 13152 13212 
37312 13183 13171 13176 13203 
37313 13140 13139 13132 13210 
37314 13181 13168 13169 13216 
37315 13127 13125 13124 13210 
37316 13158 13212 13152 13213 
37317 13163 13158 13152 13213 
37318 13173 13160 13161 13213 
37319 13187 13203 13163 13213 
37320 13176 13171 13163 13203 
37321 13179 13157 13166 13216 
37322 13181 13215 13170 13216 
37323 13179 13169 13157 13216 
37324 13144 13143 13136 13209 
37325 13195 13194 13214 13215 
37326 13189 13166 13167 13216 
37327 13181 13169 13215 13216 
37328 13195 13181 13169 13215 
37329 13182 13170 13181 13215 
37330 13180 13170 13215 13216 
37331 13196 13180 13170 13215 
37332 13159 13153 13212 13213 
37333 13162 13212 13158 13213 
37334 13185 13184 13173 13203 
37335 13183 13174 13171 13203 
37336 13198 13185 13183 13203 
37337 13188 13177 13178 13213 
37338 13185 13174 13183 13203 
37339 13150 13209 13143 13211 
37340 13198 13183 13190 13203 
37341 13150 13142 13143 13209 
37342 13193 13190 13203 13204 
37343 13175 13165 13172 13203 
37344 13177 13152 13164 13213 
37345 13152 13151 13211 13212 
37346 13168 13167 13166 13216 
37347 13178 13177 13164 13213 
37348 13174 13203 13173 13213 
37349 13188 13203 13187 13213 
37350 13200 13186 13192 13204 
37351 13148 13131 13125 13210 
37352 13150 13146 13209 13211 
37353 13172 13203 13165 13213 
37354 13168 13157 13166 13154 
37355 13197 13179 13189 13215 
37356 13202 13189 13180 13215 
37357 13149 13147 13148 13140 
37358 13189 13215 13179 13216 
37359 13181 13170 13156 13216 
37360 13189 13180 13215 13216 
37361 13185 13173 13174 13203 
37362 13171 13163 13203 13213 
37363 13201 13187 13188 13204 
37364 13187 13163 13177 13213 
37365 727 13198 13190 13205 
37366 13144 13143 13209 13211 
37367 13173 13203 13172 13213 
37368 13180 13155 13170 13216 
37369 13199 13184 13185 13203 
37370 13193 13203 13187 13204 
37371 13188 13186 13203 13213 
37372 13138 13128 13131 13210 
37373 13199 13191 13203 13204 
37374 13139 13125 13127 13210 
37375 13139 13127 13126 13210 
37376 727 13190 13123 13205 
37377 726 725 13205 13206 
37378 13119 13199 13198 13205 
37379 13141 13126 13127 13208 
37380 729 13200 13192 13207 
37381 13200 13188 13186 13204 
37382 13192 13186 13175 13204 
37383 13199 13185 13198 13203 
37384 13144 13209 13137 13211 
37385 13201 13188 13200 13204 
37386 13190 13183 13176 13203 
37387 13188 13178 13186 13213 
37388 13145 13141 13209 13211 
37389 13188 13187 13177 13213 
37390 13192 13175 13191 13204 
37391 13161 13160 13143 13211 
37392 13201 13193 13204 13207 
37393 725 13191 13205 13206 
37394 730 13201 13200 13207 
37395 13133 13132 13130 13210 
37396 13197 13194 13179 13215 
37397 13186 13178 13165 13213 
37398 13201 13193 13187 13204 
37399 377 13202 13196 13214 
37400 376 13197 13202 13214 
37401 13196 13182 13214 13215 
37402 13184 13175 13172 13203 
37403 7529 7530 377 13214 
37404 7530 13197 376 13214 
37405 725 13122 13191 13206 
37406 13199 13191 13204 13205 
37407 730 13207 729 13206 
37408 13141 13137 13208 13209 
37409 13192 13191 13206 13204 
37410 13120 13123 728 13205 
37411 13193 13204 13207 13206 
37412 730 13120 728 13206 
37413 13196 13170 13182 13215 
37414 13160 13159 13212 13213 
37415 726 727 13123 13205 
37416 13130 13208 13128 13210 
37417 13193 13205 13204 13206 
37418 13160 13150 13211 13212 
37419 378 13195 13194 13214 
37420 7529 378 7530 13214 
37421 13195 13169 13194 13215 
37422 13174 13171 13203 13213 
37423 7530 376 377 13214 
37424 7530 378 13121 13194 
37425 7530 13121 376 13197 
37426 13202 13197 13189 13215 
37427 7530 13194 13197 13214 
37428 13184 13172 13173 13203 
37429 13122 13191 13206 13192 
37430 13119 725 13199 13205 
37431 726 725 13119 13205 
37432 726 13119 727 13205 
37433 730 728 13207 13206 
37434 13200 13204 13192 13207 
37435 730 729 13120 13206 
37436 13164 13152 13145 13211 
37437 13131 13128 13124 13210 
37438 7530 13121 13197 13194 
37439 726 13122 725 13206 
37440 13202 13196 13214 13215 
37441 13202 13214 13197 13215 
37442 13202 13180 13196 13215 
37443 13178 13164 13153 13213 
37444 13195 13182 13181 13215 
37445 13197 13214 13194 13215 
37446 7529 13182 13195 13214 
37447 726 13120 13122 13206 
37448 728 13193 13201 13207 
37449 13201 13204 13200 13207 
37450 725 13191 13199 13205 
37451 13191 13175 13203 13204 
37452 13137 13129 13126 13208 
37453 13132 13126 13208 13210 
37454 13132 13126 13129 13208 
37455 13132 13129 13130 13208 
37456 13131 13124 13125 13210 
37457 13135 13134 13124 13208 
37458 13123 13190 13193 13205 
37459 13186 13165 13203 13213 
37460 13171 13158 13163 13213 
37461 727 13119 13198 13205 
37462 13132 13208 13130 13210 
50943 18386 18390 18393 18391 
50944 18422 18421 18420 18461 
50945 18428 18422 18461 18462 
50946 18440 18439 18463 18464 
50947 18382 18456 18460 18465 
50948 18458 18457 18465 18466 
50949 18382 924 18383 18465 
50950 18384 18458 18457 18465 
50951 18384 18457 18383 18465 
50952 18451 18464 18450 18466 
50953 18459 18458 18465 18466 
50954 18460 18450 18444 18466 
50955 18415 18400 18410 18399 
50956 18410 18411 18395 18391 
50957 18402 18395 18392 18391 
50958 18396 18386 18390 18393 
50959 18406 18393 18402 18386 
50960 18405 18403 18402 18393 
50961 18397 18411 18396 18387 
50962 18396 18387 18390 18386 
50963 18416 18412 18415 18410 
50964 18395 18392 18391 18387 
50965 18412 18397 18410 18411 
50966 18386 18388 18387 18392 
50967 18430 18412 18416 18410 
50968 18402 18391 18392 18386 
50969 18398 18388 18389 18387 
50970 18389 18398 18410 18399 
50971 18415 18412 18413 18399 
50972 18415 18410 18412 18399 
50973 18411 18397 18395 18387 
50974 18441 18414 18415 18413 
50975 18389 18387 18392 18395 
50976 18396 18411 18390 18387 
50977 18406 18402 18405 18392 
50978 11636 18445 18467 638 
50979 18405 18404 18403 18394 
50980 18425 18404 18407 18394 
50981 18410 18399 18400 18389 
50982 18406 18405 18402 18393 
50983 18397 18412 18398 18413 
50984 18397 18389 18398 18410 
50985 18408 18393 18406 18386 
50986 18412 18398 18413 18399 
50987 18425 18409 18404 18394 
50988 18409 18401 18404 18394 
50989 18407 18404 18405 18394 
50990 18408 18394 18403 18393 
50991 18421 18418 18461 18462 
50992 18408 18405 18403 18394 
50993 18427 18401 18426 18461 
50994 18408 18405 18406 18393 
50995 18406 18392 18388 18386 
50996 18443 18413 18415 18412 
50997 18408 18407 18405 18394 
50998 18397 18410 18398 18412 
50999 18425 18408 18409 18394 
51000 18423 18405 18407 18404 
51001 18467 638 640 11636 
51002 18408 18403 18405 18393 
51003 18425 18408 18407 18406 
51004 18388 18389 18387 18392 
51005 18443 18441 18433 18415 
51006 18433 18417 18431 18416 
51007 640 923 638 18454 
51008 18425 18407 18408 18394 
51009 18423 18420 18404 18401 
51010 18425 18409 18423 18404 
51011 18443 18416 18430 18412 
51012 18443 18441 18415 18413 
51013 18415 18413 18414 18399 
51014 18443 18415 18416 18412 
51015 18443 18433 18416 18415 
51016 18402 18393 18391 18386 
51017 18414 18399 18413 18398 
51018 18441 18434 18433 18432 
51019 18443 18433 18431 18416 
51020 638 18445 18467 18454 
51021 18398 18389 18397 18387 
51022 18446 18434 18433 18431 
51023 18443 18431 18430 18416 
51024 18441 18432 18415 18414 
51025 18424 18422 18420 18461 
51026 18426 18401 18418 18461 
51027 18423 18404 18409 18401 
51028 18427 18423 18409 18401 
51029 18427 18424 18420 18461 
51030 18421 18418 18401 18461 
51031 18426 18409 18418 18401 
51032 18436 18421 18422 18462 
51033 18435 18418 18419 18462 
51034 18421 18418 18419 18401 
51035 18440 18419 18421 18463 
51036 18437 18436 18422 18462 
51037 18422 18421 18461 18462 
51038 18428 18422 18424 18461 
51039 18429 18461 18418 18462 
51040 18408 18407 18406 18405 
51041 18429 18428 18427 18461 
51042 18437 18422 18428 18462 
51043 18427 18423 18425 18409 
51044 18427 18425 18426 18409 
51045 18427 18420 18423 18401 
51046 18421 18419 18418 18462 
51047 18429 18426 18418 18461 
51048 18435 18429 18418 18462 
51049 18440 18421 18436 18463 
51050 18429 18427 18426 18461 
51051 18427 18424 18423 18420 
51052 18427 18425 18423 18407 
51053 18438 18437 18428 18462 
51054 18449 18438 18447 18463 
51055 18437 18436 18462 18463 
51056 18429 18428 18461 18462 
51057 18411 18390 18387 18391 
51058 18455 18434 18446 18431 
51059 18449 18448 18463 18464 
51060 18438 18428 18429 18462 
51061 18421 18419 18462 18463 
51062 18449 18448 18437 18463 
51063 18431 18443 18434 18433 
51064 18441 18432 18433 18415 
51065 18455 18443 18434 18431 
51066 18445 18434 18441 18432 
51067 18440 18439 18419 18463 
51068 18406 18402 18392 18386 
51069 18387 18392 18391 18386 
51070 18433 18443 18434 18441 
51071 18445 18434 18467 18454 
51072 18441 18443 18434 18454 
51073 18455 18434 18467 18446 
51074 639 640 18467 18455 
51075 18447 18438 18435 18463 
51076 18449 18463 18447 18464 
51077 18421 18401 18420 18461 
51078 18454 18441 18445 18434 
51079 18387 18390 18386 18391 
51080 18454 18443 18434 18455 
51081 638 18445 18454 18442 
51082 18453 18464 18451 18466 
51083 18427 18409 18426 18401 
51084 18459 18444 18452 18466 
51085 18439 18435 18419 18463 
51086 18454 18442 18445 18441 
51087 18452 18440 18448 18464 
51088 18447 18435 18439 18463 
51089 18453 18448 18449 18464 
51090 18438 18462 18435 18463 
51091 18448 18436 18437 18463 
51092 18438 18437 18462 18463 
51093 18448 18440 18463 18464 
51094 18448 18440 18436 18463 
51095 18444 18439 18440 18464 
51096 18451 18449 18447 18464 
51097 18452 18444 18464 18466 
51098 18453 18449 18451 18464 
51099 18453 18452 18464 18466 
51100 18450 18439 18444 18464 
51101 18449 18437 18438 18463 
51102 18457 18453 18451 18466 
51103 18460 18444 18459 18466 
51104 18416 18410 18415 18400 
51105 18456 18451 18450 18466 
51106 18453 18452 18448 18464 
51107 18427 18420 18401 18461 
51108 18425 18423 18407 18404 
51109 18459 18452 18458 18466 
51110 18452 18444 18440 18464 
51111 924 18459 18385 18465 
51112 18410 18397 18395 18411 
51113 18451 18447 18450 18464 
51114 18382 18460 924 18465 
51115 18460 18456 18450 18466 
51116 18457 18451 18456 18466 
51117 18395 18389 18397 18410 
51118 18436 18421 18462 18463 
51119 18454 18434 18467 18455 
51120 640 18455 923 18454 
51121 18382 18383 18456 18465 
51122 18410 18400 18395 18389 
51123 18460 18465 18456 18466 
51124 18385 18459 18458 18465 
51125 18399 18389 18398 18388 
51126 18458 18453 18457 18466 
51127 18457 18456 18465 18466 
51128 924 18460 18459 18465 
51129 18385 18458 18384 18465 
51130 18460 18459 18465 18466 
51131 18411 18395 18391 18387 
51132 924 18385 18383 18465 
51133 18450 18464 18444 18466 
51134 18438 18429 18435 18462 
51135 18458 18452 18453 18466 
51136 18435 18462 18419 18463 
51137 18385 18384 18383 18465 
51138 18428 18424 18427 18461 
51139 18450 18447 18439 18464 
51140 18383 18457 18456 18465 
51141 18447 18463 18439 18464 
51142 11636 18434 18467 18445 
51143 11636 640 18467 639 
51144 18446 18431 18433 18417 
51145 640 639 923 18455 
51146 18446 18434 18467 11636 
51147 18387 18389 18397 18395 
51148 18410 18398 18412 18399 
51149 18454 638 640 18467 
51150 18454 18467 640 18455 
51151 18455 639 18446 18467 
51152 18467 639 18446 11636 
51153 18512 18511 18490 18542 
51154 18511 18502 18500 18542 
51155 18504 18493 18502 18542 
51156 18508 18507 18497 18543 
51157 18507 18506 18543 18544 
51158 18469 18540 925 18545 
51159 18472 18539 18538 18545 
51160 925 18472 18471 18545 
51161 636 635 18527 18546 
51162 636 18516 18526 18546 
51163 18526 18546 18516 18547 
51164 636 18526 637 18546 
51165 18488 18477 18479 18473 
51166 18536 18530 18533 18548 
51167 18485 18484 18481 18475 
51168 18479 18477 18476 18473 
51169 18491 18481 18482 18473 
51170 11635 18541 635 18546 
51171 18487 18484 18483 18549 
51172 18484 18477 18478 18474 
51173 18469 18536 18540 18545 
51174 18496 18484 18485 18549 
51175 18497 18496 18485 18549 
51176 18484 18476 18481 18475 
51177 18496 18495 18484 18549 
51178 18488 18479 18477 18478 
51179 18479 18477 18478 18476 
51180 18494 18487 18483 18549 
51181 18495 18543 18494 18549 
51182 18491 18489 18482 18550 
51183 18500 18493 18488 18550 
51184 18489 18488 18479 18473 
51185 18501 18490 18489 18550 
51186 925 18540 18539 18545 
51187 18501 18489 18491 18550 
51188 18497 18485 18486 18549 
51189 18489 18488 18482 18550 
51190 18493 18482 18488 18550 
51191 18489 18479 18476 18473 
51192 18481 18476 18477 18473 
51193 18492 18491 18482 18550 
51194 18506 18495 18496 18543 
51195 18497 18543 18496 18549 
51196 18498 18486 18487 18549 
51197 18498 18497 18486 18549 
51198 18507 18506 18496 18543 
51199 18493 18492 18482 18550 
51200 18487 18486 18484 18549 
51201 636 11635 635 18546 
51202 18495 18494 18483 18549 
51203 18498 18487 18494 18549 
51204 18499 18498 18494 18543 
51205 18515 18514 18547 18551 
51206 18489 18482 18488 18473 
51207 18489 18488 18480 18479 
51208 18501 18491 18492 18550 
51209 18507 18496 18497 18543 
51210 18484 18478 18477 18476 
51211 18504 18492 18493 18542 
51212 18512 18490 18501 18542 
51213 18501 18492 18542 18550 
51214 18501 18542 18490 18550 
51215 18491 18482 18489 18473 
51216 18484 18478 18483 18474 
51217 18512 18501 18503 18542 
51218 18489 18480 18488 18550 
51219 18508 18497 18498 18543 
51220 18498 18494 18543 18549 
51221 18508 18543 18499 18544 
51222 18505 18494 18495 18543 
51223 18517 18505 18506 18544 
51224 18517 18510 18505 18544 
51225 18500 18480 18490 18550 
51226 18502 18493 18500 18542 
51227 18512 18511 18542 18551 
51228 18505 18499 18494 18543 
51229 18500 18490 18542 18550 
51230 18513 18512 18503 18551 
51231 18515 18504 18514 18551 
51232 18512 18542 18503 18551 
51233 18486 18485 18484 18549 
51234 18515 18503 18504 18551 
51235 18515 18547 18513 18551 
51236 18498 18543 18497 18549 
51237 18504 18503 18492 18542 
51238 18523 18514 18502 18551 
51239 18523 18502 18511 18551 
51240 18514 18504 18502 18551 
51241 18511 18502 18542 18551 
51242 18516 18515 18514 18547 
51243 18505 18499 18543 18544 
51244 18496 18543 18495 18549 
51245 18508 18507 18543 18544 
51246 18535 18523 18525 18547 
51247 18519 18544 18509 18552 
51248 18511 18500 18490 18542 
51249 18506 18505 18543 18544 
51250 18490 18480 18489 18550 
51251 18488 18478 18477 18474 
51252 18519 18518 18507 18544 
51253 18526 18516 18514 18547 
51254 18486 18476 18484 18475 
51255 18509 18508 18499 18544 
51256 18529 18518 18519 18552 
51257 18525 18513 18547 18551 
51258 18517 18510 18544 18552 
51259 18510 18509 18499 18544 
51260 18510 18499 18505 18544 
51261 18521 18519 18509 18552 
51262 18519 18508 18509 18544 
51263 18495 18483 18484 18549 
51264 18506 18505 18495 18543 
51265 18508 18498 18499 18543 
51266 18520 18509 18510 18552 
51267 18521 18509 18520 18552 
51268 18487 18483 18484 18478 
51269 18527 18516 18546 18547 
51270 18504 18542 18502 18551 
51271 18519 18518 18544 18552 
51272 18525 18512 18513 18551 
51273 18523 18547 18514 18551 
51274 18525 18547 18523 18551 
51275 18515 18513 18503 18551 
51276 18522 18520 18510 18552 
51277 18510 18509 18544 18552 
51278 18486 18484 18485 18475 
51279 18526 18514 18523 18547 
51280 18541 18535 18525 18547 
51281 18541 18525 18513 18547 
51282 18503 18501 18492 18542 
51283 18522 18510 18517 18552 
51284 18493 18542 18492 18550 
51285 18535 18524 18523 18547 
51286 18500 18488 18480 18550 
51287 18541 18513 18527 18547 
51288 18527 18513 18515 18547 
51289 18535 18546 18524 18547 
51290 637 18526 18524 18546 
51291 18526 18524 18546 18547 
51292 18541 18527 18546 18547 
51293 635 18541 18527 18546 
51294 18522 18533 18521 18528 
51295 18531 18522 18521 18520 
51296 18528 18522 18517 18552 
51297 18531 18530 18522 18520 
51298 18534 18529 18532 18521 
51299 18504 18503 18542 18551 
51300 18534 18528 18529 18521 
51301 18528 18521 18522 18552 
51302 18541 18546 18535 18547 
51303 11635 18535 18541 18546 
51304 18482 18481 18477 18473 
51305 637 18524 18535 18546 
51306 18527 18515 18516 18547 
51307 18522 18521 18520 18552 
51308 18537 18536 18545 18548 
51309 18534 18532 18531 18521 
51310 18537 18530 18536 18548 
51311 18518 18506 18507 18544 
51312 18533 18531 18530 18522 
51313 18539 18532 18538 18548 
51314 18531 18533 18521 18522 
51315 18540 18534 18539 18548 
51316 18529 18521 18528 18552 
51317 18529 18519 18521 18552 
51318 18525 18511 18512 18551 
51319 18538 18531 18537 18548 
51320 18538 18537 18545 18548 
51321 18540 18533 18534 18548 
51322 18540 18545 18536 18548 
51323 18469 18470 18536 18545 
51324 18529 18528 18518 18552 
51325 18534 18533 18531 18548 
51326 18539 18538 18545 18548 
51327 18540 18539 18545 18548 
51328 18537 18531 18530 18548 
51329 18470 18537 18536 18545 
51330 18528 18533 18521 18534 
51331 637 18535 11635 18546 
51332 11635 18468 18541 18535 
51333 636 18527 18516 18546 
51334 18533 18530 18531 18548 
51335 18471 18537 18470 18545 
51336 18538 18532 18531 18548 
51337 18471 18538 18537 18545 
51338 925 18471 18470 18545 
51339 18534 18531 18532 18548 
51340 18519 18507 18508 18544 
51341 18469 925 18470 18545 
51342 925 18539 18472 18545 
51343 18540 18536 18533 18548 
51344 18534 18533 18521 18531 
51345 18539 18534 18532 18548 
51346 18472 18538 18471 18545 
51347 18526 18523 18524 18547 
51348 18525 18523 18511 18551 
51349 18488 18482 18477 18473 
51350 636 637 11635 18546 
51351 637 18468 11635 18535 
51352 18528 18517 18518 18552 
51353 18500 18542 18493 18550 
51354 18518 18517 18506 18544 
51355 11635 18468 635 18541 
51356 18518 18517 18544 18552 
51357 18487 18484 18486 18476 
51358 18481 18475 18476 18473 
51359 18484 18477 18481 18476 
51360 18487 18478 18484 18476 
51361 18625 18624 18627 18628 
51362 18553 18554 18623 18627 
51363 18554 18624 18623 18627 
51364 18555 18625 18624 18627 
51365 18561 18558 18560 18557 
51366 18569 18564 18560 18559 
51367 18578 18577 18569 18560 
51368 18569 18560 18568 18559 
51369 18571 18564 18565 18563 
51370 18567 18566 18564 18563 
51371 18581 18568 18577 18561 
51372 18577 18561 18568 18560 
51373 18577 18569 18568 18567 
51374 18572 18565 18571 18564 
51375 18580 18578 18570 18561 
51376 18590 18577 18581 18568 
51377 18575 18571 18572 18565 
51378 18578 18569 18570 18560 
51379 18571 18564 18563 18562 
51380 18569 18567 18566 18564 
51381 18569 18567 18564 18559 
51382 18575 18566 18567 18563 
51383 18588 18587 18574 18629 
51384 18588 18575 18583 18574 
51385 18575 18574 18566 18565 
51386 18575 18572 18574 18565 
51387 18564 18560 18559 18557 
51388 18575 18565 18566 18563 
51389 18581 18577 18578 18561 
51390 18583 18572 18575 18571 
51391 18586 18573 18583 18572 
51392 18614 18613 18628 18630 
51393 18569 18568 18567 18559 
51394 18583 18573 18574 18572 
51395 18585 18572 18583 18571 
51396 18577 18568 18569 18560 
51397 18567 18563 18564 18559 
51398 18560 18558 18559 18557 
51399 18596 18584 18629 18631 
51400 18583 18571 18575 18563 
51401 18566 18565 18564 18563 
51402 18588 18576 18583 18575 
51403 18564 18563 18562 18559 
51404 18599 18588 18589 18629 
51405 18608 18607 18597 18631 
51406 18564 18559 18562 18557 
51407 18581 18568 18561 18558 
51408 18589 18629 18584 18631 
51409 18596 18583 18585 18629 
51410 18581 18578 18580 18561 
51411 18616 18604 18610 18632 
51412 18568 18559 18560 18558 
51413 18581 18592 18579 18578 
51414 18583 18574 18575 18572 
51415 18580 18578 18579 18570 
51416 18579 18581 18580 18633 
51417 18596 18584 18583 18629 
51418 18592 18581 18590 18577 
51419 18586 18583 18585 18572 
51420 18578 18581 18580 18579 
51421 18600 18592 18593 18633 
51422 18595 18581 18582 18633 
51423 18633 18592 18579 18581 
51424 18569 18566 18565 18564 
51425 18568 18560 18561 18558 
51426 18591 18582 18581 18633 
51427 18597 18596 18629 18631 
51428 18592 18578 18581 18577 
51429 18589 18588 18576 18629 
51430 18588 18574 18583 18629 
51431 18599 18629 18589 18631 
51432 18602 18589 18584 18631 
51433 18584 18576 18583 18629 
51434 18586 18585 18583 18629 
51435 18598 18586 18587 18629 
51436 18609 18598 18599 18631 
51437 18587 18586 18573 18629 
51438 18606 18602 18630 18631 
51439 18609 18599 18606 18631 
51440 18586 18583 18573 18629 
51441 18607 18630 18602 18631 
51442 18606 18589 18602 18631 
51443 18588 18583 18576 18629 
51444 18583 18574 18573 18629 
51445 18604 18632 18603 18634 
51446 18600 18633 18593 18634 
51447 18595 18594 18633 18634 
51448 18594 18593 18633 18634 
51449 18594 18579 18580 18633 
51450 18600 18591 18590 18633 
51451 18610 18595 18582 18634 
51452 18594 18593 18579 18633 
51453 18604 18603 18594 18634 
51454 18601 18600 18593 18634 
51455 18599 18587 18588 18629 
51456 18597 18596 18585 18629 
51457 18591 18582 18633 18634 
51458 18578 18561 18577 18560 
51459 18598 18597 18586 18629 
51460 18600 18590 18592 18633 
51461 18600 18591 18633 18634 
51462 18610 18632 18604 18634 
51463 18612 18591 18600 18634 
51464 18592 18590 18581 18633 
51465 18607 18596 18597 18631 
51466 18595 18580 18581 18633 
51467 18591 18581 18590 18633 
51468 18603 18601 18593 18634 
51469 18603 18593 18594 18634 
51470 18602 18584 18596 18631 
51471 18593 18592 18579 18633 
51472 18605 18603 18604 18632 
51473 18606 18599 18589 18631 
51474 18613 18602 18607 18630 
51475 18608 18597 18598 18631 
51476 18604 18594 18595 18634 
51477 18608 18630 18607 18631 
51478 18595 18633 18582 18634 
51479 18618 18607 18608 18630 
51480 18619 18618 18608 18630 
51481 18578 18570 18561 18560 
51482 18599 18598 18629 18631 
51483 18598 18597 18629 18631 
51484 18597 18585 18586 18629 
51485 18612 18600 18601 18634 
51486 18616 18605 18604 18632 
51487 18614 18606 18602 18630 
51488 18621 18612 18601 18632 
51489 18622 18621 18615 18632 
51490 18622 18611 18610 18632 
51491 18610 18604 18595 18634 
51492 18616 18615 18605 18632 
51493 18603 18632 18601 18634 
51494 18612 18601 18632 18634 
51495 645 646 18616 18611 
51496 18616 18610 18611 18632 
51497 18611 646 18616 18615 
51498 18595 18594 18580 18633 
51499 18622 18610 18612 18632 
51500 18609 18606 18630 18631 
51501 18617 18609 18606 18630 
51502 18622 646 18615 18621 
51503 18611 646 18615 18622 
51504 18622 18611 646 645 
51505 18617 18614 18628 18630 
51506 18616 18611 18615 18632 
51507 646 926 644 18621 
51508 18621 646 18615 644 
51509 18615 18601 18603 18632 
51510 18625 18613 18618 18628 
51511 18620 18614 18613 18628 
51512 18609 18608 18598 18631 
51513 18619 18609 18617 18630 
51514 18626 18617 18614 18628 
51515 18619 18617 18628 18630 
51516 18612 18632 18610 18634 
51517 18617 18606 18614 18630 
51518 18619 18608 18609 18630 
51519 18622 18615 18611 18632 
51520 644 646 18615 11734 
51521 18615 18603 18605 18632 
51522 18612 18610 18591 18634 
51523 18623 18619 18617 18628 
51524 18574 18572 18573 18565 
51525 18587 18573 18574 18629 
51526 18625 18618 18624 18628 
51527 18625 18620 18613 18628 
51528 18607 18602 18596 18631 
51529 927 18620 18556 18627 
51530 18553 18623 18626 18627 
51531 18624 18623 18627 18628 
51532 18555 18624 18554 18627 
51533 18618 18613 18607 18630 
51534 18626 18627 18623 18628 
51535 18556 18620 18625 18627 
51536 18626 18620 18627 18628 
51537 18556 18625 18555 18627 
51538 18589 18576 18584 18629 
51539 18622 18612 18621 18632 
51540 18614 18602 18613 18630 
51541 646 18622 926 18621 
51542 646 645 926 18622 
51543 18624 18618 18619 18628 
51544 18619 18628 18618 18630 
51545 18553 927 18555 18627 
51546 927 18556 18555 18627 
51547 18609 18630 18608 18631 
51548 18624 18619 18623 18628 
51549 18553 18626 927 18627 
51550 927 18626 18620 18627 
51551 18626 18623 18617 18628 
51552 18626 18614 18620 18628 
51553 18618 18628 18613 18630 
51554 18553 18555 18554 18627 
51555 18625 18627 18620 18628 
51556 18615 646 18616 11734 
51557 18621 18601 18615 18632 
51558 18610 18582 18591 18634 
51559 11734 18616 18615 18605 
51560 11734 646 18616 645 
51561 18599 18598 18587 18629 
51562 18575 18571 18565 18563 
51563 18718 18653 18650 18719 
51564 18656 18642 18643 18641 
51565 18649 18648 18640 18718 
51566 18656 18643 18644 18641 
51567 18652 18653 18650 18651 
51568 18651 18641 18643 18718 
51569 18665 18651 18652 18650 
51570 18645 18642 18644 18641 
51571 18656 18644 18655 18642 
51572 18665 18650 18652 18719 
51573 18654 18670 18645 18655 
51574 18719 18653 18650 18652 
51575 18662 18660 18718 18719 
51576 18667 18653 18661 18719 
51577 18663 18718 18649 18719 
51578 18647 18646 18643 18718 
51579 18661 18653 18660 18719 
51580 18655 18645 18654 18642 
51581 18663 18648 18649 18718 
51582 18656 18647 18646 18643 
51583 18674 18673 18659 18720 
51584 18664 18649 18650 18719 
51585 18669 18658 18659 18654 
51586 18707 18721 18702 18695 
51587 18670 18656 18657 18644 
51588 18670 18658 18669 18654 
51589 18669 18659 18668 18654 
51590 18680 18670 18671 18720 
51591 18670 18669 18655 18654 
51592 18645 18642 18641 18640 
51593 18673 18672 18658 18720 
51594 18655 18670 18645 18644 
51595 18653 18643 18646 18718 
51596 18653 18651 18652 18643 
51597 18650 18649 18718 18719 
51598 18670 18655 18656 18644 
51599 18663 18662 18648 18718 
51600 18651 18650 18641 18718 
51601 18660 18646 18647 18718 
51602 18667 18666 18652 18719 
51603 18684 18682 18672 18722 
51604 18672 18671 18720 18722 
51605 18670 18657 18658 18644 
51606 18662 18647 18648 18718 
51607 18670 18658 18657 18720 
51608 18659 18654 18658 18645 
51609 18678 18664 18665 18719 
51610 18641 18642 18643 18718 
51611 18675 18661 18719 18723 
51612 18675 18661 18660 18719 
51613 18664 18663 18649 18719 
51614 18674 18673 18720 18722 
51615 18648 18642 18640 18718 
51616 18667 18719 18661 18723 
51617 18673 18658 18659 18720 
51618 18674 18659 18668 18720 
51619 18660 18653 18646 18718 
51620 18680 18679 18720 18722 
51621 18675 18660 18662 18719 
51622 18676 18675 18719 18723 
51623 18688 18676 18677 18723 
51624 18717 18716 18724 18725 
51625 18666 18665 18652 18719 
51626 18650 18649 18641 18718 
51627 18656 18655 18647 18642 
51628 18714 18713 18724 18725 
51629 18665 18664 18650 18719 
51630 18638 18714 18637 18724 
51631 18677 18663 18664 18719 
51632 18677 18676 18663 18719 
51633 18678 18677 18664 18719 
51634 18651 18653 18650 18718 
51635 18690 18689 18678 18723 
51636 18678 18677 18719 18723 
51637 18678 18665 18666 18719 
51638 18667 18666 18719 18723 
51639 18685 18673 18674 18722 
51640 18673 18672 18720 18722 
51641 18685 18684 18673 18722 
51642 18663 18662 18718 18719 
51643 18690 18689 18723 18726 
51644 18687 18675 18676 18723 
51645 18690 18667 18686 18723 
51646 18686 18661 18675 18723 
51647 18680 18679 18669 18720 
51648 18680 18669 18670 18720 
51649 18690 18666 18667 18723 
51650 18677 18676 18719 18723 
51651 18689 18677 18678 18723 
51652 18644 18670 18645 18658 
51653 18636 18637 18713 18724 
51654 18681 18680 18671 18722 
51655 18685 18683 18684 18722 
51656 18701 18695 18727 18684 
51657 18648 18647 18642 18718 
51658 18702 18684 18701 18682 
51659 18710 18705 18725 18728 
51660 18691 18684 18683 18722 
51661 18684 18672 18673 18722 
51662 18685 18674 18683 18722 
51663 18685 18727 18684 18683 
51664 18690 18723 18686 18726 
51665 18693 18690 18686 18726 
51666 18689 18688 18723 18726 
51667 18660 18653 18718 18719 
51668 18698 18697 18687 18726 
51669 18686 18667 18661 18723 
51670 18699 18698 18688 18726 
51671 18658 18670 18645 18654 
51672 18699 18698 18726 18728 
51673 18676 18675 18662 18719 
51674 18697 18686 18687 18726 
51675 18669 18659 18658 18720 
51676 18682 18681 18671 18722 
51677 18682 18671 18672 18722 
51678 18689 18688 18677 18723 
51679 18708 18725 18704 18728 
51680 18679 18668 18669 18720 
51681 18679 18674 18720 18722 
51682 18691 18680 18681 18722 
51683 18672 18671 18657 18720 
51684 18688 18687 18723 18726 
51685 18690 18678 18666 18723 
51686 18671 18670 18657 18720 
51687 18691 18679 18680 18722 
51688 18706 18696 18694 18692 
51689 18656 18644 18642 18641 
51690 18667 18652 18653 18719 
51691 18691 18681 18682 18722 
51692 18699 18688 18689 18726 
51693 18701 18684 18691 18682 
51694 18691 18682 18684 18722 
51695 18649 18640 18641 18718 
51696 18696 18695 18694 18692 
51697 18692 18695 18727 18701 
51698 18702 18695 18701 18684 
51699 18691 18683 18679 18722 
51700 18680 18720 18671 18722 
51701 18676 18662 18663 18719 
51702 18698 18687 18688 18726 
51703 18705 18693 18704 18728 
51704 18700 18726 18693 18728 
51705 18700 18699 18726 18728 
51706 18697 18693 18686 18726 
51707 18687 18686 18723 18726 
51708 18710 18699 18700 18728 
51709 18709 18708 18698 18728 
51710 18708 18697 18698 18728 
51711 18688 18687 18676 18723 
51712 18692 18727 18694 18683 
51713 18697 18693 18726 18728 
51714 18692 18701 18721 18695 
51715 18711 18701 18721 18692 
51716 18712 11733 18703 641 
51717 642 18707 11733 641 
51718 18703 18721 18707 18711 
51719 18654 18642 18645 18640 
51720 18711 643 18706 18729 
51721 18711 18696 18706 18692 
51722 18669 18668 18659 18720 
51723 641 18707 11733 18703 
51724 18701 18682 18691 18681 
51725 18700 18689 18690 18726 
51726 18694 18727 18685 18683 
51727 18695 18701 18721 18702 
51728 18687 18686 18675 18723 
51729 18703 18707 11733 18711 
51730 18712 18721 18703 18711 
51731 18662 18660 18647 18718 
51732 11733 18635 641 18712 
51733 18702 18712 18721 18703 
51734 18711 11733 18703 18712 
51735 18729 18707 11733 642 
51736 18702 18701 18721 18712 
51737 18705 18704 18725 18728 
51738 18714 18704 18708 18725 
51739 18678 18719 18666 18723 
51740 18710 18709 18699 18728 
51741 18709 18725 18708 18728 
51742 18716 18710 18705 18725 
51743 643 11733 18729 18711 
51744 18711 18707 11733 18729 
51745 18647 18642 18643 18656 
51746 18695 18694 18727 18685 
51747 18700 18690 18693 18726 
51748 18714 18708 18713 18725 
51749 18709 18698 18699 18728 
51750 18704 18693 18697 18728 
51751 18683 18674 18679 18722 
51752 18713 18708 18709 18725 
51753 18701 18721 18712 18711 
51754 18717 18709 18710 18725 
51755 18708 18704 18697 18728 
51756 18695 18692 18727 18694 
51757 18710 18725 18709 18728 
51758 643 18635 11733 18711 
51759 18637 18714 18713 18724 
51760 18636 928 18639 18724 
51761 18717 18713 18709 18725 
51762 18717 18724 18713 18725 
51763 18715 18705 18704 18725 
51764 18710 18700 18705 18728 
51765 18715 18714 18724 18725 
51766 18639 18716 18715 18724 
51767 18639 18715 18638 18724 
51768 18638 18715 18714 18724 
51769 928 18717 18716 18724 
51770 18636 18639 18638 18724 
51771 18705 18700 18693 18728 
51772 18636 18638 18637 18724 
51773 928 18716 18639 18724 
51774 18717 18710 18716 18725 
51775 18716 18705 18715 18725 
51776 18716 18715 18724 18725 
51777 18636 18717 928 18724 
51778 18700 18699 18689 18726 
51779 18636 18713 18717 18724 
51780 18715 18704 18714 18725 
51781 18729 643 18706 642 
51782 11733 18635 18712 18711 
51783 18670 18669 18658 18720 
51784 18679 18674 18668 18720 
51785 18653 18651 18643 18718 
51786 642 11733 18729 643 
51787 18698 18697 18726 18728 
51788 18718 18642 18643 18647 
51789 18672 18657 18658 18720 
51790 18655 18644 18645 18642 
51791 18642 18641 18640 18718 
51792 18701 18727 18691 18684 
51793 18684 18727 18691 18683 
51794 18683 18727 18691 18692 
51795 18692 18727 18691 18701 
51796 18692 18721 18696 18695 
51797 18695 18696 18707 18721 
51798 18721 18696 18707 18711 
51799 18711 18721 18696 18692 
51800 18706 18729 18696 18711 
51801 18711 18729 18696 18707 
51802 18707 18729 18696 642 
51803 642 18729 18696 18706 
51804 18695 18685 18727 18684 
51805 18702 18703 18721 18707 
51806 18780 18806 18778 18807 
51807 18782 18781 18770 18806 
51808 18791 18779 18778 18806 
51809 18733 18802 18801 18808 
51810 930 18803 18802 18808 
51811 930 18802 18733 18808 
51812 18731 18800 18799 18808 
51813 18776 18775 18809 18810 
51814 18780 18758 18768 18807 
51815 18753 18740 18741 18811 
51816 18795 18794 18812 18813 
51817 18800 18795 18794 18812 
51818 18786 18784 18810 18813 
51819 18743 18739 18811 18814 
51820 18765 18753 18754 18815 
51821 18745 18748 18816 18747 
51822 18757 18747 18745 18736 
51823 18761 18756 18748 18750 
51824 18750 18748 18816 18745 
51825 18747 18744 18745 18736 
51826 18749 18739 18743 18814 
51827 18749 18743 18744 18814 
51828 18756 18745 18750 18744 
51829 18754 18753 18741 18811 
51830 18749 18744 18816 18747 
51831 18754 18753 18811 18815 
51832 18750 18744 18816 18749 
51833 18739 18738 18737 18814 
51834 18755 18754 18742 18811 
51835 18763 18809 18762 18815 
51836 18751 18743 18739 18811 
51837 18765 18764 18753 18815 
51838 18741 18811 18739 18814 
51839 18753 18752 18740 18811 
51840 18743 18811 18742 18814 
51841 18755 18743 18751 18811 
51842 18763 18751 18752 18815 
51843 18747 18748 18816 18759 
51844 18752 18739 18740 18811 
51845 18766 18765 18754 18815 
51846 18766 18755 18762 18815 
51847 18748 18761 18757 18756 
51848 18744 18742 18735 18814 
51849 18756 18761 18757 18746 
51850 18730 18731 18799 18808 
51851 18757 18756 18746 18745 
51852 18742 18734 18735 18814 
51853 18747 18736 18741 18814 
51854 18742 18741 18734 18814 
51855 18766 18754 18755 18815 
51856 18741 18736 18734 18814 
51857 18757 18747 18748 18745 
51858 18736 18735 18734 18814 
51859 18742 18811 18741 18814 
51860 18750 18756 18748 18745 
51861 18768 18761 18757 18748 
51862 18759 18761 18768 18748 
51863 18759 18749 18747 18738 
51864 18747 18737 18738 18814 
51865 18761 18750 18759 18760 
51866 18741 18740 18739 18811 
51867 18764 18809 18763 18815 
51868 18776 18764 18765 18809 
51869 18774 18762 18763 18809 
51870 18763 18762 18751 18815 
51871 18777 18809 18773 18810 
51872 18762 18755 18751 18815 
51873 18764 18752 18753 18815 
51874 18773 18766 18762 18809 
51875 18744 18735 18736 18814 
51876 18764 18763 18752 18815 
51877 18777 18766 18773 18809 
51878 18749 18744 18747 18814 
51879 18744 18743 18742 18814 
51880 18767 18761 18756 18746 
51881 18767 18761 18758 18807 
51882 18768 18758 18761 18807 
51883 18768 18761 18760 18807 
51884 18748 18750 18759 18761 
51885 18774 18773 18762 18809 
51886 18745 18756 18748 18757 
51887 18749 18738 18739 18814 
51888 18755 18754 18811 18815 
51889 18771 18770 18761 18807 
51890 18759 18748 18816 18750 
51891 18780 18768 18769 18807 
51892 18778 18767 18758 18807 
51893 18778 18771 18767 18807 
51894 18789 18780 18769 18806 
51895 18791 18778 18780 18806 
51896 18767 18758 18761 18746 
51897 18771 18806 18770 18807 
51898 18782 18771 18772 18806 
51899 18791 18780 18789 18806 
51900 18770 18760 18761 18807 
51901 18777 18776 18765 18809 
51902 18771 18761 18767 18807 
51903 18746 18761 18757 18758 
51904 18781 18769 18770 18806 
51905 18770 18769 18760 18807 
51906 18741 18739 18737 18814 
51907 18782 18770 18771 18806 
51908 18779 18772 18806 18817 
51909 18793 18782 18772 18817 
51910 18776 18775 18764 18809 
51911 18791 18779 18806 18817 
51912 18777 18765 18766 18809 
51913 18779 18772 18771 18806 
51914 18793 18772 18779 18817 
51915 18775 18774 18809 18810 
51916 18766 18809 18765 18815 
51917 18782 18781 18806 18817 
51918 18784 18773 18774 18810 
51919 18777 18776 18809 18810 
51920 18785 18773 18784 18810 
51921 18766 18762 18809 18815 
51922 18765 18809 18764 18815 
51923 18788 18787 18810 18813 
51924 18774 18773 18809 18810 
51925 18797 18786 18787 18813 
51926 18787 18775 18776 18810 
51927 18788 18776 18777 18810 
51928 18758 18761 18757 18768 
51929 18789 18806 18781 18817 
51930 18769 18768 18760 18807 
51931 18775 18774 18763 18809 
51932 18788 18787 18776 18810 
51933 18787 18786 18775 18810 
51934 18785 18810 18784 18813 
51935 18786 18784 18774 18810 
51936 18770 18806 18769 18807 
51937 18788 18777 18785 18810 
51938 18752 18751 18811 18815 
51939 18755 18811 18751 18815 
51940 18787 18786 18810 18813 
51941 18798 18788 18796 18813 
51942 18749 18747 18738 18814 
51943 18805 18793 18779 18817 
51944 18779 18771 18778 18806 
51945 18792 18789 18781 18817 
51946 18788 18810 18785 18813 
51947 18805 18804 18790 18789 
51948 18785 18777 18773 18810 
51949 18793 18783 18782 18817 
51950 18782 18806 18772 18817 
51951 11836 18793 652 18792 
51952 18793 18792 18783 18817 
51953 18805 18793 652 651 
51954 18792 18790 18789 18817 
51955 18805 18789 18790 18817 
51956 18805 652 18790 18804 
51957 18804 652 18790 650 
51958 18791 18806 18789 18817 
51959 18780 18769 18806 18807 
51960 18805 18779 18791 18817 
51961 18789 18769 18781 18806 
51962 652 929 650 18804 
51963 18792 18781 18783 18817 
51964 18805 18791 18804 18789 
51965 18805 18790 18793 18817 
51966 18793 18790 18792 18817 
51967 650 652 18790 18792 
51968 652 18805 929 18804 
51969 18795 18785 18784 18813 
51970 18797 18812 18794 18813 
51971 18800 18794 18799 18812 
51972 18801 18795 18800 18812 
51973 18796 18785 18795 18813 
51974 18798 18812 18797 18813 
51975 18797 18794 18786 18813 
51976 18801 18796 18795 18812 
51977 18801 18800 18808 18812 
51978 18803 18802 18808 18812 
51979 18803 18808 18799 18812 
51980 18802 18801 18808 18812 
51981 18732 18800 18731 18808 
51982 18780 18778 18758 18807 
51983 18800 18799 18808 18812 
51984 18803 18797 18798 18812 
51985 18755 18742 18743 18811 
51986 18794 18784 18786 18813 
51987 18802 18798 18796 18812 
51988 18733 18801 18732 18808 
51989 18775 18763 18764 18809 
51990 18798 18797 18787 18813 
51991 18730 18732 18731 18808 
51992 18798 18796 18812 18813 
51993 18730 930 18732 18808 
51994 18803 18799 18797 18812 
51995 930 18733 18732 18808 
51996 18795 18784 18794 18813 
51997 18730 18803 930 18808 
51998 18732 18801 18800 18808 
51999 18803 18798 18802 18812 
52000 18760 18761 18768 18759 
52001 651 18793 652 11836 
52002 18805 18791 18789 18817 
52003 652 651 929 18805 
52004 11836 18793 18792 18783 
52005 18783 18781 18782 18817 
52006 18790 18793 652 18805 
52007 18778 18806 18771 18807 
52008 18792 18793 652 18790 
52009 18747 18744 18736 18814 
52010 18745 18736 18744 18735 
52011 18796 18788 18785 18813 
52012 18753 18752 18811 18815 
52013 18786 18774 18775 18810 
52014 18796 18795 18812 18813 
52015 18754 18741 18742 18811 
52016 652 650 11836 18792 
52017 18799 18794 18797 18812 
52018 18741 18739 18740 18737 
52019 18752 18751 18739 18811 
52020 18798 18787 18788 18813 
52021 18802 18796 18801 18812 
52022 18747 18741 18737 18814 
52023 18730 18799 18803 18808 
52024 18745 18816 18744 18747 
52025 18747 18749 18759 18816 
52026 18816 18749 18759 18750 
52027 18750 18816 18744 18745 
52028 18896 18830 18897 18825 
52029 18896 18831 18897 18830 
52030 18897 18833 18823 18831 
52031 18841 18830 18832 18896 
52032 18838 18850 18840 18839 
52033 18838 18898 18828 18827 
52034 18897 18824 18827 18835 
52035 18837 18826 18836 18898 
52036 18831 18830 18826 18898 
52037 18847 18837 18836 18828 
52038 18828 18850 18837 18838 
52039 18834 18897 18823 18827 
52040 18827 18898 18823 18838 
52041 18839 18850 18840 18852 
52042 18830 18824 18826 18898 
52043 18835 18825 18897 18824 
52044 18847 18850 18837 18828 
52045 18824 18897 18830 18825 
52046 18845 18896 18841 18899 
52047 18854 18853 18899 18900 
52048 18845 18834 18835 18896 
52049 18854 18841 18832 18899 
52050 18841 18825 18830 18896 
52051 18833 18896 18897 18834 
52052 18844 18833 18834 18896 
52053 18834 18833 18823 18897 
52054 18845 18835 18841 18896 
52055 18831 18896 18897 18833 
52056 18836 18824 18828 18898 
52057 18837 18898 18828 18838 
52058 648 18901 18873 18883 
52059 18854 18853 18841 18899 
52060 18857 18856 18899 18900 
52061 18898 18829 18838 18837 
52062 18832 18830 18831 18896 
52063 18844 18843 18896 18899 
52064 18850 18849 18846 18837 
52065 18840 18837 18838 18829 
52066 18840 18831 18837 18829 
52067 18841 18835 18825 18896 
52068 18898 18824 18827 18897 
52069 18837 18850 18847 18846 
52070 18859 18844 18845 18899 
52071 18837 18829 18831 18898 
52072 18859 18858 18844 18899 
52073 18837 18836 18828 18898 
52074 18842 18832 18831 18896 
52075 18840 18838 18839 18829 
52076 18896 18825 18897 18835 
52077 18858 18843 18844 18899 
52078 18828 18824 18827 18898 
52079 18837 18850 18840 18838 
52080 18849 18850 18840 18837 
52081 18846 18850 18847 18902 
52082 18863 18862 18860 18902 
52083 18852 18850 18849 18902 
52084 18848 18846 18847 18902 
52085 18864 18852 18862 18902 
52086 18875 18903 18874 18904 
52087 18861 18848 18847 18902 
52088 18857 18856 18842 18899 
52089 18852 18850 18840 18849 
52090 18852 18851 18850 18902 
52091 18847 18837 18846 18836 
52092 18860 18849 18846 18902 
52093 18822 18894 18893 18905 
52094 18864 18863 18851 18902 
52095 18852 18850 18851 18839 
52096 18831 18829 18823 18898 
52097 18859 18845 18853 18899 
52098 18842 18831 18833 18896 
52099 18881 18861 18860 18848 
52100 18863 18850 18851 18902 
52101 18844 18843 18833 18896 
52102 18902 18849 18846 18850 
52103 18898 18823 18838 18829 
52104 18843 18842 18896 18899 
52105 18890 18884 18889 18881 
52106 18861 18860 18848 18902 
52107 18845 18844 18896 18899 
52108 18869 18858 18859 18900 
52109 18842 18832 18896 18899 
52110 18867 18866 18900 18903 
52111 18859 18858 18899 18900 
52112 18869 18868 18858 18900 
52113 18868 18867 18857 18900 
52114 18845 18844 18834 18896 
52115 18860 18846 18848 18902 
52116 18857 18842 18843 18899 
52117 18856 18832 18842 18899 
52118 18856 18854 18899 18900 
52119 18843 18842 18833 18896 
52120 18867 18856 18857 18900 
52121 18869 18859 18865 18900 
52122 18856 18854 18832 18899 
52123 18841 18896 18832 18899 
52124 18865 18859 18853 18900 
52125 18865 18900 18855 18903 
52126 18862 18852 18849 18902 
52127 18865 18853 18855 18900 
52128 931 18894 18822 18905 
52129 18864 18862 18863 18902 
52130 18888 18904 18886 18906 
52131 18864 18870 18862 18871 
52132 18872 18871 18870 18864 
52133 18863 18870 18862 18864 
52134 18863 18860 18861 18902 
52135 18864 18851 18852 18902 
52136 18855 18853 18854 18900 
52137 18881 18863 18862 18860 
52138 18872 18864 18870 18863 
52139 18858 18857 18899 18900 
52140 18881 18870 18862 18863 
52141 18881 18871 18879 18862 
52142 18853 18845 18841 18899 
52143 18879 18881 18873 18871 
52144 18881 18861 18863 18860 
52145 18883 18879 18873 18871 
52146 18868 18857 18858 18900 
52147 18869 18868 18900 18903 
52148 18875 18865 18874 18903 
52149 18859 18899 18853 18900 
52150 18867 18866 18856 18900 
52151 18866 18855 18900 18903 
52152 18876 18874 18903 18904 
52153 18890 11835 18884 647 
52154 18874 18865 18855 18903 
52155 18882 18874 18876 18904 
52156 18877 18867 18868 18903 
52157 18875 18869 18865 18903 
52158 18876 18866 18867 18903 
52159 18873 18872 18871 18870 
52160 18874 18855 18866 18903 
52161 18869 18900 18865 18903 
52162 18887 18876 18877 18904 
52163 18877 18876 18867 18903 
52164 18868 18867 18900 18903 
52165 18881 18870 18863 18861 
52166 18886 18878 18875 18904 
52167 18885 18875 18874 18904 
52168 18862 18849 18860 18902 
52169 18861 18847 18850 18902 
52170 18871 18881 18873 18870 
52171 18877 18876 18903 18904 
52172 18878 18903 18875 18904 
52173 18884 18872 18873 18870 
52174 18866 18855 18854 18900 
52175 18889 18880 18879 18873 
52176 18880 649 18883 18901 
52177 18871 18870 18862 18881 
52178 18878 18877 18903 18904 
52179 18884 18881 18873 18889 
52180 18878 18877 18868 18903 
52181 18898 18824 18897 18830 
52182 18884 18901 18873 648 
52183 18889 11835 18884 18890 
52184 11835 18818 647 18890 
52185 18836 18826 18824 18898 
52186 18887 18882 18876 18904 
52187 18837 18831 18826 18898 
52188 18901 11835 18884 18889 
52189 18870 18881 18873 18884 
52190 11835 649 18889 18901 
52191 18889 18881 18873 18879 
52192 648 11835 18884 18901 
52193 18886 18904 18885 18906 
52194 18892 18885 18882 18906 
52195 649 18889 18901 18880 
52196 18833 18831 18829 18823 
52197 18891 18882 18887 18906 
52198 18885 18874 18882 18904 
52199 18893 18892 18905 18906 
52200 18893 18886 18885 18906 
52201 18881 18862 18879 18860 
52202 18886 18875 18885 18904 
52203 18885 18904 18882 18906 
52204 18888 18887 18904 18906 
52205 18893 18885 18892 18906 
52206 18887 18882 18904 18906 
52207 18888 18878 18886 18904 
52208 18894 18886 18893 18906 
52209 18894 18893 18905 18906 
52210 18895 18891 18887 18906 
52211 18895 18888 18894 18906 
52212 18890 18884 18881 18870 
52213 649 18818 11835 18889 
52214 18878 18868 18869 18903 
52215 18892 18891 18905 18906 
52216 18876 18874 18866 18903 
52217 18863 18861 18850 18902 
52218 18894 18888 18886 18906 
52219 18895 18905 18891 18906 
52220 18895 18887 18888 18906 
52221 18820 18892 18891 18905 
52222 931 18895 18894 18905 
52223 18819 931 18822 18905 
52224 18822 18821 18820 18905 
52225 18821 18892 18820 18905 
52226 18819 18822 18820 18905 
52227 18821 18893 18892 18905 
52228 18866 18854 18856 18900 
52229 18819 18895 931 18905 
52230 18822 18893 18821 18905 
52231 18819 18891 18895 18905 
52232 18895 18894 18905 18906 
52233 18888 18877 18878 18904 
52234 18819 18820 18891 18905 
52235 18851 18839 18850 18838 
52236 647 11835 18884 648 
52237 648 11835 18901 649 
52238 18883 18879 18880 18873 
52239 18858 18857 18843 18899 
52240 18831 18897 18830 18898 
52241 18878 18869 18875 18903 
52242 11835 18818 18890 18889 
52243 18892 18882 18891 18906 
52244 18901 649 18883 648 
52245 18888 18887 18877 18904 
52246 18823 18897 18831 18898 
52247 18897 18835 18834 18896 
52248 18827 18835 18834 18897 
52249 18827 18897 18823 18898 
52250 18883 18901 18873 18880 
52251 18880 18901 18873 18889 
52252 18889 18901 18873 18884 
52253 18911 18917 18916 18918 
52254 18910 18914 18912 18918 
52255 18913 18914 18917 18918 
52256 18907 18919 18920 18921 
52257 18912 18914 18913 18918 
52258 18909 18920 18908 18919 
52259 18913 18917 18920 18921 
52260 18910 18916 18914 18918 
52261 18909 18920 18919 18921 
52262 11930 656 18922 18923 
52263 656 932 18922 18923 
52264 657 18922 932 18923 
52265 11930 18922 657 18923 
52266 658 932 656 18923 
52267 657 18910 932 18922 
52268 658 656 11930 18923 
52269 11930 18912 657 18922 
52270 933 18909 18908 18919 
52271 18908 18920 18907 18919 
52272 18913 18915 18909 18920 
52273 18917 18907 18920 18921 
52274 18915 18917 18907 18920 
52275 933 18908 18907 18919 
52276 18910 18914 18916 18922 
52277 18912 18913 18911 18918 
52278 18910 18912 18914 18922 
52279 933 18909 18919 18921 
52280 18913 18909 933 18921 
52281 18913 18920 18909 18921 
52282 18911 18913 933 18917 
52283 18909 18915 18908 18920 
52284 18913 933 18917 18921 
52285 18910 18911 18916 18918 
52286 18915 18907 18908 18920 
52287 18910 18912 18911 18918 
52288 657 18912 18910 18922 
52289 11930 18914 18912 18922 
52290 658 657 932 18923 
52291 18911 18913 18917 18918 
52292 11930 18916 18914 18922 
52293 11930 656 18916 18922 
52294 656 932 18910 18922 
52295 18913 18914 18915 18917 
52296 18914 18916 18917 18918 
52297 933 18919 18907 18921 
52298 656 18910 18916 18922 
52299 18913 18917 18915 18920 
52300 933 18907 18917 18921 
52301 658 11930 657 18923 
52302 655 18936 18924 18937 
52303 653 18924 18936 18937 
52304 654 18936 655 18937 
52305 654 653 18936 18937 
52306 18928 18938 18935 18939 
52307 18928 18929 18935 18938 
52308 18928 18930 18938 18939 
52309 18930 18933 18938 18939 
52310 18933 18935 18938 18939 
52311 18928 18931 18929 18938 
52312 18928 18935 18934 18939 
52313 18928 18932 18930 18939 
52314 18929 18931 18933 18938 
52315 18928 18930 18932 18936 
52316 11929 18924 653 18937 
52317 654 653 18930 18936 
52318 655 18924 11929 18937 
52319 654 18934 655 18936 
52320 18929 18927 934 18925 
52321 18927 18926 18925 18940 
52322 18929 18933 18935 18938 
52323 18931 18926 18927 18940 
52324 18929 18931 18927 18940 
52325 18933 18935 18926 18940 
52326 18928 18930 18931 18938 
52327 653 18932 18930 18936 
52328 653 18924 18932 18936 
52329 654 18930 18928 18936 
52330 654 11929 653 18937 
52331 655 18934 18932 18936 
52332 18929 18927 18925 18940 
52333 655 18932 18924 18936 
52334 18933 18934 18935 18939 
52335 18929 18935 18933 18940 
52336 18930 18933 18931 18938 
52337 18932 18934 18933 18939 
52338 18926 18935 18925 18940 
52339 18929 18933 18931 18940 
52340 18928 18932 18934 18936 
52341 18930 18932 18933 18939 
52342 18929 18925 18935 18940 
52343 18928 18934 18932 18939 
52344 654 655 11929 18937 
52345 654 18928 18934 18936 
52346 18931 18933 18926 18940 
52347 18945 18949 18947 18952 
52348 18944 18945 18950 18953 
52349 18945 936 18951 18952 
52350 936 18941 18951 18952 
52351 18949 18952 18941 18954 
52352 18944 18950 18948 18955 
52353 12027 662 18950 18956 
52354 18949 18951 18941 18952 
52355 936 18942 18941 18954 
52356 936 18943 18942 18954 
52357 662 935 18944 18956 
52358 18947 18949 18943 18952 
52359 12027 18956 663 18957 
52360 663 18956 935 18957 
52361 12027 662 18956 18957 
52362 662 935 18956 18957 
52363 18946 18947 18953 18955 
52364 18947 18949 18953 18955 
52365 18944 18946 18953 18955 
52366 18949 18951 18953 18955 
52367 18944 18953 18950 18955 
52368 18950 18953 18951 18955 
52369 12027 18946 663 18956 
52370 663 18944 935 18956 
52371 664 662 12027 18957 
52372 664 935 662 18957 
52373 18945 18951 18950 18953 
52374 18948 18950 18951 18955 
52375 936 18952 18943 18954 
52376 18947 18943 936 18952 
52377 18943 18952 18949 18954 
52378 18945 18947 18949 18953 
52379 18945 18947 936 18952 
52380 662 18944 18950 18956 
52381 18943 18949 18942 18954 
52382 18948 18951 18949 18955 
52383 18944 18946 18945 18953 
52384 18945 18949 18951 18953 
52385 663 18946 18944 18956 
52386 12027 18948 18946 18956 
52387 664 663 935 18957 
52388 12027 18950 18948 18956 
52389 664 12027 663 18957 
52390 18947 18948 18949 18955 
52391 18944 18946 18948 18956 
52392 18944 18948 18950 18956 
52393 18946 18947 18945 18953 
52394 18949 18941 18942 18954 
52395 18946 18948 18947 18955 
52396 18944 18948 18946 18955 
52397 18945 18951 18949 18952 
52398 936 18941 18952 18954 
52399 937 18961 18960 18970 
52400 18963 18961 18970 18971 
52401 18972 18965 18963 18967 
52402 18960 18959 18970 18973 
52403 18963 18970 18959 18973 
52404 18962 18965 18963 18972 
52405 18967 18969 18960 18973 
52406 18967 18960 18971 18973 
52407 18960 18969 18959 18973 
52408 18963 937 18959 18970 
52409 18962 18968 18966 18974 
52410 18973 18967 18963 18971 
52411 18962 18965 18972 18974 
52412 18964 18966 18967 18974 
52413 18965 18967 18972 18974 
52414 18967 18968 18972 18974 
52415 660 18962 18968 18975 
52416 18962 18972 18968 18974 
52417 660 18975 661 18976 
52418 661 18975 18958 18976 
52419 660 659 18975 18976 
52420 659 18958 18975 18976 
52421 18962 18969 18968 18972 
52422 18962 18963 18969 18972 
52423 18963 18967 18969 18972 
52424 18967 18968 18969 18972 
52425 18967 18963 18971 18965 
52426 12026 18958 659 18976 
52427 660 659 18964 18975 
52428 661 18958 12026 18976 
52429 660 18968 661 18975 
52430 937 18960 18959 18970 
52431 18961 18960 18970 18971 
52432 18965 18960 18961 18971 
52433 18963 18965 18961 18971 
52434 18963 18971 18970 18973 
52435 18965 18967 18960 18971 
52436 18966 18968 18967 18974 
52437 18963 18961 937 18970 
52438 18963 18959 18969 18973 
52439 18962 18966 18964 18974 
52440 18973 18967 18969 18963 
52441 659 18966 18964 18975 
52442 18962 18964 18965 18974 
52443 18964 18967 18965 18974 
52444 660 18964 18962 18975 
52445 661 18968 18966 18975 
52446 660 12026 659 18976 
52447 659 18958 18966 18975 
52448 660 661 12026 18976 
52449 18962 18964 18966 18975 
52450 661 18966 18958 18975 
52451 18962 18966 18968 18975 
52452 18960 18970 18971 18973 
52453 18994 18983 18987 19055 
52454 18984 18982 18983 19055 
52455 18988 18987 19055 19056 
52456 18984 18983 18982 18981 
52457 18991 18990 18984 19055 
52458 18996 18994 18993 19055 
52459 18990 18988 18982 19055 
52460 19002 19001 18990 19056 
52461 18989 18987 18988 19056 
52462 19018 19008 19009 18995 
52463 18995 18984 18986 18981 
52464 19004 19003 18992 19056 
52465 18995 18997 18985 18984 
52466 18984 18995 18986 18985 
52467 19001 18988 18990 19056 
52468 19013 18989 19001 19057 
52469 19011 18998 19000 19057 
52470 18999 18998 18987 19056 
52471 19001 18989 18988 19056 
52472 18990 18982 18984 19055 
52473 18990 18988 19055 19056 
52474 18984 18997 18996 18995 
52475 18996 18992 18991 19055 
52476 18996 18984 18994 19055 
52477 19017 19003 19004 19057 
52478 18988 18983 18982 19055 
52479 19004 19056 18998 19057 
52480 19017 19004 19011 19057 
52481 18995 18983 18994 18981 
52482 18999 18987 18989 19056 
52483 19004 19003 19056 19057 
52484 19011 19004 18998 19057 
52485 19013 18999 18989 19057 
52486 18996 18995 18994 18984 
52487 18998 18993 18987 19056 
52488 19015 19001 19002 19057 
52489 19019 19009 19018 19058 
52490 19015 19013 19001 19057 
52491 18993 18992 19055 19056 
52492 19018 19005 19008 18995 
52493 19005 18995 18994 18996 
52494 19003 19002 18991 19056 
52495 18994 18983 18984 18981 
52496 18993 19055 18987 19056 
52497 18977 19050 19054 19059 
52498 19025 19014 19013 19060 
52499 19015 19013 19057 19060 
52500 19016 19015 19057 19060 
52501 19004 18992 18993 19056 
52502 19017 19057 19011 19060 
52503 19006 18997 19005 18996 
52504 19001 18989 19056 19057 
52505 19008 19006 19007 18997 
52506 19003 18991 18992 19056 
52507 19024 19011 19012 19060 
52508 18994 18984 18983 19055 
52509 19014 19012 19000 19060 
52510 19008 18997 18985 18995 
52511 19011 19057 19000 19060 
52512 19012 19011 19000 19060 
52513 19013 19000 19057 19060 
52514 19009 18995 19008 18986 
52515 19016 19002 19003 19057 
52516 19006 19005 19008 19020 
52517 19018 19009 19008 19058 
52518 19020 19018 19008 19058 
52519 19020 19007 19008 19006 
52520 19027 19017 19024 19060 
52521 19022 19007 19008 19058 
52522 18999 18998 19056 19057 
52523 19048 19029 19042 19061 
52524 18978 19051 19050 19059 
52525 19030 19021 19022 19062 
52526 19028 19020 19021 19058 
52527 19031 19030 19022 19062 
52528 19038 19010 19019 19062 
52529 19024 19060 19012 19063 
52530 19027 19016 19017 19060 
52531 19024 19017 19011 19060 
52532 19025 19013 19015 19060 
52533 18985 18995 18986 19008 
52534 19021 19020 19007 19058 
52535 19026 19025 19060 19063 
52536 19025 19014 19060 19063 
52537 19013 19000 18999 19057 
52538 19000 18998 18999 19057 
52539 19035 19014 19025 19063 
52540 19034 19063 19033 19064 
52541 19033 19024 19012 19063 
52542 19036 19025 19026 19063 
52543 19022 19021 19007 19058 
52544 19023 19008 19009 19058 
52545 19023 19009 19010 19058 
52546 19028 19018 19020 19058 
52547 19037 19026 19027 19063 
52548 19014 19012 19060 19063 
52549 12128 19043 19042 19032 
52550 19035 19033 19063 19064 
52551 19034 19024 19033 19063 
52552 19026 19025 19015 19060 
52553 19033 19012 19014 19063 
52554 19029 19028 19021 19062 
52555 19040 19019 19028 19062 
52556 19038 19023 19010 19062 
52557 19014 19000 19013 19060 
52558 18999 19056 18989 19057 
52559 19020 19008 19007 19058 
52560 19038 19031 19023 19062 
52561 19019 19010 19058 19062 
52562 19023 19022 19058 19062 
52563 19028 19058 19021 19062 
52564 19038 19061 19031 19062 
52565 19023 19022 19008 19058 
52566 19026 19015 19016 19060 
52567 19040 19028 19029 19062 
52568 19052 19051 19059 19065 
52569 19028 19019 19018 19058 
52570 19031 19061 19030 19062 
52571 19034 19027 19024 19063 
52572 19031 19022 19023 19062 
52573 19032 19030 19031 19061 
52574 19040 19038 19019 19062 
52575 18995 19005 19008 18997 
52576 19027 19060 19024 19063 
52577 19027 19026 19016 19060 
52578 19037 19036 19026 19063 
52579 19016 19015 19002 19057 
52580 19022 19021 19058 19062 
52581 19017 19016 19003 19057 
52582 19035 19033 19014 19063 
52583 19044 19034 19033 19064 
52584 19046 19035 19036 19064 
52585 19036 19035 19063 19064 
52586 19037 19063 19034 19064 
52587 19047 19036 19037 19064 
52588 18992 18991 19055 19056 
52589 19041 19033 19035 19064 
52590 19019 19010 19009 19058 
52591 19045 19037 19034 19064 
52592 19017 19016 19057 19060 
52593 19040 19061 19038 19062 
52594 19030 19061 19029 19062 
52595 19043 19032 19031 19061 
52596 19048 19040 19029 19061 
52597 19040 19029 19061 19062 
52598 19043 19038 19039 19061 
52599 19049 19048 19042 19061 
52600 19043 19042 19032 19061 
52601 19049 19038 19040 19061 
52602 669 19039 670 19043 
52603 19043 19039 670 19042 
52604 18995 18997 18996 19005 
52605 19036 19035 19025 19063 
52606 19049 670 19042 19048 
52607 19049 19039 19038 19061 
52608 19049 19039 670 669 
52609 19030 19029 19021 19062 
52610 19047 19046 19036 19064 
52611 19046 19041 19035 19064 
52612 19049 19042 19039 19061 
52613 19049 19040 19048 19061 
52614 19054 19044 19041 19065 
52615 19048 670 19042 668 
52616 19037 19027 19034 19063 
52617 19020 19005 19008 19018 
52618 19053 19041 19046 19065 
52619 19051 19047 19045 19065 
52620 19027 19026 19060 19063 
52621 19047 19046 19064 19065 
52622 19045 19064 19044 19065 
52623 19054 19050 19044 19065 
52624 19028 19019 19058 19062 
52625 19054 19053 19059 19065 
52626 19037 19036 19063 19064 
52627 939 19053 18980 19059 
52628 19044 19064 19041 19065 
52629 19046 19041 19064 19065 
52630 19052 19047 19051 19065 
52631 19052 19046 19047 19065 
52632 19043 19031 19038 19061 
52633 19042 19029 19030 19061 
52634 12128 670 19043 669 
52635 19045 19034 19044 19064 
52636 670 938 668 19048 
52637 670 669 938 19049 
52638 18980 19053 19052 19059 
52639 19053 19052 19059 19065 
52640 19054 19059 19050 19065 
52641 18977 18978 19050 19059 
52642 19050 19045 19044 19065 
52643 19047 19064 19045 19065 
52644 18977 939 18978 19059 
52645 18979 19052 19051 19059 
52646 18979 19051 18978 19059 
52647 18980 18979 18978 19059 
52648 18980 19052 18979 19059 
52649 939 19054 19053 19059 
52650 19053 19046 19052 19065 
52651 18977 19054 939 19059 
52652 19054 19041 19053 19065 
52653 19051 19045 19050 19065 
52654 19044 19033 19041 19064 
52655 19047 19037 19045 19064 
52656 939 18980 18978 19059 
52657 19051 19050 19059 19065 
52658 19042 19030 19032 19061 
52659 668 670 19042 12128 
52660 19042 670 19043 12128 
52661 19002 19001 19056 19057 
52662 670 19049 938 19048 
52663 19043 19039 19042 19061 
52664 19004 18993 18998 19056 
52665 19003 19002 19056 19057 
52666 18996 18993 18992 19055 
52667 19023 19058 19010 19062 
52668 19002 18990 18991 19056 
52669 19042 19039 670 19049 
52670 18996 18991 18984 19055 
52671 18995 18994 18984 18981 
52672 18994 18987 18993 19055 
52673 18991 18990 19055 19056 
52674 18988 18987 18983 19055 
52675 18997 19005 19008 19006 
52676 19093 19080 19088 19146 
52677 19082 19077 19076 19147 
52678 19084 19083 19080 19147 
52679 19081 19075 19147 19148 
52680 19086 19085 19074 19148 
52681 19079 19078 19075 19147 
52682 19074 19147 19071 19148 
52683 19080 19146 19073 19147 
52684 19095 19081 19082 19148 
52685 19096 19082 19083 19148 
52686 19084 19080 19073 19147 
52687 19097 19083 19084 19148 
52688 19084 19083 19147 19148 
52689 19097 19096 19083 19148 
52690 19093 19073 19080 19146 
52691 19100 19099 19086 19149 
52692 19084 19147 19074 19148 
52693 19101 19100 19087 19149 
52694 19081 19075 19078 19147 
52695 19085 19084 19074 19148 
52696 19095 19087 19081 19148 
52697 19083 19082 19147 19148 
52698 19095 19087 19148 19149 
52699 19097 19148 19085 19149 
52700 19083 19076 19080 19147 
52701 19079 19072 19146 19147 
52702 19105 19091 19092 19150 
52703 19105 19104 19091 19150 
52704 19102 19094 19150 19151 
52705 19078 19146 19077 19147 
52706 19091 19090 19078 19146 
52707 19106 19105 19092 19150 
52708 19106 19092 19093 19150 
52709 19106 19150 19094 19151 
52710 19097 19084 19085 19148 
52711 19106 19093 19094 19150 
52712 19103 19102 19089 19150 
52713 19090 19089 19146 19150 
52714 19104 19103 19090 19150 
52715 19077 19146 19076 19147 
52716 19090 19077 19078 19146 
52717 19089 19088 19076 19146 
52718 19097 19096 19148 19149 
52719 19089 19088 19146 19150 
52720 19103 19089 19090 19150 
52721 19091 19078 19079 19146 
52722 19108 19107 19096 19149 
52723 19082 19081 19077 19147 
52724 19086 19071 19075 19148 
52725 19092 19091 19079 19146 
52726 19102 19094 19088 19150 
52727 19114 19106 19094 19151 
52728 19107 19101 19095 19149 
52729 19086 19074 19071 19148 
52730 19145 19144 19152 19153 
52731 19079 19146 19078 19147 
52732 19107 19098 19101 19149 
52733 19099 19098 19085 19149 
52734 19129 19110 19111 19109 
52735 19101 19098 19099 19149 
52736 19102 19088 19089 19150 
52737 19112 19100 19101 19099 
52738 19080 19076 19146 19147 
52739 19113 19101 19112 19100 
52740 19087 19075 19081 19148 
52741 19108 19098 19107 19149 
52742 19098 19110 19101 19099 
52743 19070 19144 19143 19152 
52744 19122 19113 19121 19111 
52745 19074 19073 19072 19147 
52746 19122 19112 19113 19111 
52747 19074 19072 19071 19147 
52748 19130 19112 19129 19110 
52749 19101 19099 19100 19149 
52750 19107 19095 19096 19149 
52751 19079 19071 19072 19147 
52752 19104 19090 19091 19150 
52753 19107 19109 19101 19098 
52754 19111 19109 19101 19107 
52755 19111 19110 19101 19109 
52756 19075 19071 19147 19148 
52757 19116 19103 19104 19151 
52758 19103 19102 19150 19151 
52759 19092 19091 19146 19150 
52760 19115 19102 19103 19151 
52761 19093 19092 19146 19150 
52762 19094 19093 19088 19150 
52763 940 19145 19144 19152 
52764 19115 19114 19102 19151 
52765 19105 19104 19150 19151 
52766 19125 19114 19124 19154 
52767 19118 19117 19105 19151 
52768 19114 19094 19102 19151 
52769 19091 19090 19146 19150 
52770 19144 19143 19152 19153 
52771 19127 19116 19117 19154 
52772 19098 19097 19085 19149 
52773 19087 19086 19148 19149 
52774 19108 19097 19098 19149 
52775 19086 19085 19148 19149 
52776 19117 19104 19105 19151 
52777 19112 19110 19101 19111 
52778 19099 19110 19101 19112 
52779 19128 19118 19125 19154 
52780 19106 19105 19150 19151 
52781 19129 19111 19119 19109 
52782 19118 19106 19114 19151 
52783 19117 19116 19151 19154 
52784 19108 19096 19097 19149 
52785 19126 19124 19115 19154 
52786 19082 19081 19147 19148 
52787 19100 19086 19087 19149 
52788 19119 19109 19111 19107 
52789 19087 19086 19075 19148 
52790 19096 19095 19148 19149 
52791 19118 19105 19106 19151 
52792 19109 19110 19101 19098 
52793 19073 19146 19072 19147 
52794 19101 19087 19095 19149 
52795 19127 19126 19116 19154 
52796 19124 19114 19115 19154 
52797 19079 19075 19071 19147 
52798 19129 19122 19120 19111 
52799 19093 19092 19073 19146 
52800 19123 19122 19121 19120 
52801 19116 19115 19103 19151 
52802 19116 19115 19151 19154 
52803 19129 19120 19119 19111 
52804 19130 19122 19129 19112 
52805 19132 19125 19124 19155 
52806 19135 19124 19126 19155 
52807 19137 19126 19127 19155 
52808 19127 19126 19154 19155 
52809 19109 19107 19108 19098 
52810 19113 19111 19112 19101 
52811 19128 19127 19117 19154 
52812 19138 19127 19128 19155 
52813 19115 19114 19151 19154 
52814 19136 19128 19125 19155 
52815 19126 19124 19154 19155 
52816 19128 19154 19125 19155 
52817 19128 19127 19154 19155 
52818 19125 19118 19114 19154 
52819 19129 19112 19122 19111 
52820 19118 19117 19151 19154 
52821 19120 19123 19122 19139 
52822 665 19134 19140 19131 
52823 666 19134 19156 665 
52824 19134 19140 19122 19123 
52825 19140 665 12127 19156 
52826 19139 19123 19133 19120 
52827 19093 19146 19088 19150 
52828 19083 19082 19076 19147 
52829 19128 19117 19118 19154 
52830 19122 19121 19120 19111 
52831 19125 19154 19124 19155 
52832 19122 19139 19129 19120 
52833 19135 19132 19124 19155 
52834 19139 12127 19156 19140 
52835 19156 665 12127 666 
52836 19133 19123 19121 19120 
52837 19067 19141 19145 19152 
52838 19156 667 12127 19139 
52839 665 19134 19156 19140 
52840 19104 19103 19150 19151 
52841 19129 19140 19122 19130 
52842 19119 19108 19109 19107 
52843 19139 19133 19156 667 
52844 19118 19151 19114 19154 
52845 19143 19136 19132 19153 
52846 19143 19132 19142 19153 
52847 19138 19136 19153 19155 
52848 19138 19128 19136 19155 
52849 19145 19137 19138 19153 
52850 19136 19125 19132 19155 
52851 19135 19153 19132 19155 
52852 19141 19135 19137 19153 
52853 19138 19153 19137 19155 
52854 19129 19112 19111 19110 
52855 19137 19135 19126 19155 
52856 19145 19138 19144 19153 
52857 19142 19132 19135 19153 
52858 19138 19137 19127 19155 
52859 19136 19132 19153 19155 
52860 19137 19153 19135 19155 
52861 19143 19142 19152 19153 
52862 19130 19140 19122 19134 
52863 19140 19139 19129 19122 
52864 666 667 12127 19156 
52865 12127 19066 19140 19139 
52866 12127 19066 665 19140 
52867 667 19066 12127 19139 
52868 19144 19136 19143 19153 
52869 19069 19142 19068 19152 
52870 19142 19141 19152 19153 
52871 19142 19135 19141 19153 
52872 19067 19068 19141 19152 
52873 19069 19143 19142 19152 
52874 19070 19143 19069 19152 
52875 19067 19069 19068 19152 
52876 19067 940 19070 19152 
52877 19067 19070 19069 19152 
52878 19144 19138 19136 19153 
52879 19145 19141 19137 19153 
52880 19067 19145 940 19152 
52881 940 19144 19070 19152 
52882 19096 19095 19082 19148 
52883 19126 19115 19116 19154 
52884 19068 19142 19141 19152 
52885 19145 19152 19141 19153 
52886 19139 19123 19122 19140 
52887 19140 19131 19134 19130 
52888 19117 19116 19104 19151 
52889 667 19133 19156 666 
52890 19092 19072 19073 19146 
52891 19099 19085 19086 19149 
52892 19089 19076 19077 19146 
52893 19090 19089 19077 19146 
52894 19092 19079 19072 19146 
52895 19084 19073 19074 19147 
52896 19081 19078 19077 19147 
52897 19088 19080 19076 19146 
52898 19140 19156 19123 19134 
52899 19134 19156 19123 666 
52900 666 19156 19123 19133 
52901 19133 19156 19123 19139 
52902 19139 19156 19123 19140 
52903 19157 19168 19169 19170 
52904 19159 19169 19168 19170 
52905 19158 19169 19157 19168 
52906 19159 19169 19158 19168 
52907 19164 19171 19162 12231 
52908 19163 19165 19159 19170 
52909 19165 19157 19169 19170 
52910 19165 19167 19157 19170 
52911 942 19159 19158 19168 
52912 942 19158 19157 19168 
52913 674 19172 941 19171 
52914 675 941 19172 19171 
52915 12231 19172 674 19171 
52916 12231 675 19172 19171 
52917 675 19160 941 19171 
52918 19162 19171 675 12231 
52919 676 941 674 19172 
52920 12231 674 19166 19171 
52921 19161 19167 19166 19173 
52922 19164 19166 19167 19173 
52923 19161 19165 19167 19173 
52924 19161 942 19167 19170 
52925 19161 19163 19165 19173 
52926 942 19159 19168 19170 
52927 19163 19159 942 19170 
52928 19159 19165 19169 19170 
52929 19161 19167 19165 19170 
52930 19161 19165 19163 19170 
52931 19160 19164 19171 19162 
52932 19166 19171 19164 12231 
52933 676 675 941 19172 
52934 676 674 12231 19172 
52935 676 12231 675 19172 
52936 19159 19165 19158 19169 
52937 19160 19166 19171 19164 
52938 19162 19163 19161 19173 
52939 19163 19164 19165 19173 
52940 19161 19163 942 19170 
52941 942 19168 19157 19170 
52942 674 941 19160 19171 
52943 19160 19162 19161 19173 
52944 19160 19164 19162 19173 
52945 674 19160 19166 19171 
52946 942 19157 19167 19170 
52947 19160 19161 19166 19173 
52948 19165 19157 19158 19169 
52949 19162 19164 19163 19173 
52950 19160 19166 19164 19173 
52951 19164 19167 19165 19173 
52952 19160 19162 19171 675 
52953 943 19177 19176 19186 
52954 19179 19177 19186 19187 
52955 19179 19183 19181 19187 
52956 943 19176 19175 19186 
52957 19179 19187 19175 19188 
52958 19178 19182 19180 19189 
52959 19178 19189 19181 19190 
52960 672 19184 673 19191 
52961 19185 19189 19190 19183 
52962 19178 19185 19189 19190 
52963 672 19178 19184 19191 
52964 19189 19190 19183 19181 
52965 672 19192 671 19193 
52966 671 19192 19174 19193 
52967 672 673 19192 19193 
52968 673 19174 19192 19193 
52969 19179 943 19175 19186 
52970 19176 19175 19186 19187 
52971 19176 19185 19175 19188 
52972 19183 19185 19176 19188 
52973 19185 19183 19190 19179 
52974 19176 19188 19187 19183 
52975 672 19191 673 19193 
52976 672 671 19180 19191 
52977 673 19174 12230 19192 
52978 12230 19174 671 19192 
52979 19183 19184 19185 19189 
52980 19180 19182 19183 19189 
52981 19178 19185 19184 19189 
52982 19178 19184 19182 19189 
52983 19177 19176 19186 19187 
52984 19181 19176 19177 19187 
52985 19179 19177 943 19186 
52986 19179 19181 19177 19187 
52987 19179 19175 19185 19188 
52988 19180 19183 19181 19189 
52989 19185 19179 19190 19178 
52990 19178 19180 19181 19189 
52991 673 19191 19182 19193 
52992 672 671 19191 19193 
52993 671 19182 19180 19191 
52994 672 12230 671 19192 
52995 19178 19180 19182 19191 
52996 671 19182 19191 19193 
52997 19179 19186 19175 19187 
52998 673 19182 19174 19193 
52999 19179 19190 19178 19181 
53000 19178 19182 19184 19191 
53001 19183 19188 19187 19179 
53002 673 19184 19182 19191 
53003 19176 19175 19187 19188 
53004 19185 19188 19183 19179 
53005 19183 19190 19179 19181 
53006 19182 19184 19183 19189 
53007 671 19174 19182 19193 
53008 672 19180 19178 19191 
53009 19187 19183 19181 19176 
53010 672 673 12230 19192 
53011 681 19205 19206 19207 
53012 12325 680 19206 19205 
53013 681 19206 19197 19207 
53014 680 19197 19203 19206 
53015 19197 19198 19203 19208 
53016 19197 19199 19198 19208 
53017 12325 19206 681 19205 
53018 681 944 19205 19207 
53019 680 19206 19205 19207 
53020 680 19205 944 19207 
53021 19201 19208 19204 19209 
53022 19201 19204 19202 19209 
53023 19198 19204 19208 19209 
53024 19199 19198 19208 19209 
53025 19199 19208 19201 19209 
53026 19200 19201 19202 19209 
53027 682 680 12325 19205 
53028 682 944 680 19205 
53029 12325 19199 681 19206 
53030 681 19197 944 19207 
53031 12325 19203 19201 19206 
53032 19201 19203 19204 19208 
53033 19199 19200 19198 19209 
53034 19198 945 19204 19210 
53035 19200 19196 945 19210 
53036 680 944 19197 19207 
53037 19200 19202 19196 19210 
53038 19198 19200 945 19210 
53039 19198 19204 19202 19210 
53040 19196 19202 19195 19194 
53041 19196 19202 19194 19210 
53042 19197 19203 19201 19208 
53043 681 19199 19197 19206 
53044 19197 19201 19203 19206 
53045 682 681 944 19205 
53046 19197 19201 19199 19208 
53047 682 12325 681 19205 
53048 12325 680 19203 19206 
53049 945 19194 19204 19210 
53050 19198 19204 19203 19208 
53051 19197 19199 19201 19206 
53052 19202 19204 19194 19210 
53053 945 19196 19194 19210 
53054 19199 19201 19200 19209 
53055 680 19197 19206 19207 
53056 12325 19201 19199 19206 
53057 19198 19202 19204 19209 
53058 19198 19200 19202 19209 
53059 19198 19202 19200 19210 
53060 19283 19275 19276 19284 
53061 19283 19284 19282 19285 
53062 19212 19213 19279 19285 
53063 19212 19279 19283 19285 
53064 946 19283 19282 19285 
53065 19265 19286 19264 19287 
53066 19223 19222 19219 19218 
53067 19244 19232 19233 19231 
53068 19222 19221 19216 19217 
53069 19216 19219 19217 19232 
53070 19226 19238 19225 19224 
53071 19237 19238 19246 19236 
53072 19227 19222 19221 19216 
53073 19232 19220 19227 19219 
53074 19224 19222 19223 19218 
53075 19232 19216 19231 19217 
53076 19238 19240 19226 19239 
53077 19233 19231 19232 19227 
53078 19236 19226 19222 19224 
53079 19228 19252 19241 19253 
53080 19268 19269 19288 19272 
53081 19233 19230 19228 19244 
53082 19239 19238 19225 19226 
53083 19235 19226 19222 19236 
53084 19232 19219 19227 19216 
53085 19233 19227 19232 19220 
53086 19226 19222 19217 19221 
53087 19226 19238 19224 19236 
53088 19236 19238 19224 19237 
53089 19226 19236 19235 19238 
53090 19232 19223 19219 19218 
53091 19277 19271 19289 679 
53092 19217 19225 19224 19226 
53093 19218 19219 19217 19222 
53094 19247 19249 19248 19267 
53095 19250 19239 19240 19238 
53096 19221 19226 19222 19235 
53097 19227 19219 19222 19216 
53098 19247 19240 19248 19249 
53099 19224 19217 19222 19218 
53100 19271 19289 19261 19277 
53101 19227 19229 19241 19230 
53102 679 19271 19289 678 
53103 19231 19227 19230 19216 
53104 19234 19235 19245 19238 
53105 19244 19233 19230 19231 
53106 19232 19231 19218 19217 
53107 19252 19241 19253 19242 
53108 19234 19238 19240 19226 
53109 19248 19238 19247 19237 
53110 19251 19249 19250 19240 
53111 19247 19238 19246 19237 
53112 19232 19227 19231 19216 
53113 19260 19250 19251 19249 
53114 19268 19250 19267 19248 
53115 19226 19217 19222 19224 
53116 19249 19247 19240 19245 
53117 19231 19233 19230 19227 
53118 19267 19250 19260 19249 
53119 19228 19230 19241 19243 
53120 19272 19288 19268 19260 
53121 19230 19241 19243 19242 
53122 19236 19223 19224 19222 
53123 19230 19227 19229 19216 
53124 19255 19253 19252 19287 
53125 19264 19253 19254 19287 
53126 19255 19252 19253 19242 
53127 19235 19226 19234 19221 
53128 19244 19243 19231 19230 
53129 19230 19229 19241 19242 
53130 19265 19254 19255 19287 
53131 19252 19243 19244 19228 
53132 19233 19228 19230 19227 
53133 19262 19252 19253 19287 
53134 19238 19236 19235 19246 
53135 19235 19245 19238 19246 
53136 19244 19230 19228 19243 
53137 19241 19230 19228 19227 
53138 19256 19244 19252 19243 
53139 19266 19255 19256 19287 
53140 19255 19243 19252 19242 
53141 678 19289 19261 19271 
53142 19232 19219 19217 19218 
53143 19252 19244 19233 19228 
53144 19263 19256 19252 19287 
53145 19218 19225 19224 19217 
53146 19257 19247 19249 19245 
53147 19256 19252 19255 19243 
53148 12324 19211 19278 19277 
53149 19260 19259 19258 19249 
53150 19240 19248 19249 19250 
53151 19260 19251 19259 19249 
53152 19238 19248 19240 19250 
53153 19251 19240 19250 19239 
53154 19238 19240 19245 19234 
53155 19245 19238 19246 19247 
53156 19222 19219 19217 19216 
53157 19247 19238 19248 19240 
53158 19255 19254 19253 19287 
53159 19267 19260 19258 19249 
53160 19261 19260 19259 19258 
53161 12324 19211 677 19278 
53162 19235 19238 19234 19226 
53163 19266 19265 19255 19287 
53164 19256 19255 19252 19287 
53165 19267 19258 19257 19249 
53166 19268 19260 19267 19250 
53167 19273 19270 19262 19286 
53168 19266 19286 19265 19287 
53169 19275 19273 19264 19286 
53170 19266 19263 19286 19287 
53171 19275 19284 19273 19286 
53172 19266 19256 19263 19287 
53173 19243 19241 19252 19242 
53174 19260 19261 19272 19288 
53175 19258 19261 19288 19277 
53176 19260 19261 19288 19258 
53177 19257 19246 19247 19245 
53178 19278 12324 19269 677 
53179 678 12324 677 19272 
53180 19268 19278 19288 19269 
53181 19281 19284 19280 19285 
53182 19269 19288 19272 19277 
53183 19288 19261 19272 19277 
53184 19283 19279 19284 19285 
53185 677 12324 19269 19272 
53186 19277 19261 19271 19258 
53187 19268 19267 19288 19278 
53188 19272 12324 19289 678 
53189 19277 12324 19289 19272 
53190 19271 19261 19259 19258 
53191 19278 19288 19269 19277 
53192 19213 19280 19279 19285 
53193 19289 679 12324 19277 
53194 19277 12324 19269 19278 
53195 19272 12324 19269 19277 
53196 19274 19270 19284 19286 
53197 19270 19263 19262 19286 
53198 19281 19270 19280 19284 
53199 678 679 12324 19289 
53200 19281 19274 19270 19284 
53201 19279 19273 19275 19284 
53202 19276 19265 19266 19286 
53203 19276 19274 19284 19286 
53204 946 19215 19214 19285 
53205 19276 19266 19274 19286 
53206 19280 19273 19279 19284 
53207 19282 19276 19274 19284 
53208 19276 19275 19265 19286 
53209 19263 19252 19262 19287 
53210 19280 19284 19279 19285 
53211 19280 19270 19273 19284 
53212 19283 19276 19282 19284 
53213 19265 19264 19254 19287 
53214 19282 19274 19281 19284 
53215 19276 19284 19275 19286 
53216 19263 19262 19286 19287 
53217 19273 19262 19264 19286 
53218 19247 19240 19245 19238 
53219 19267 19249 19257 19247 
53220 19228 19243 19241 19252 
53221 679 19211 12324 19277 
53222 19283 19279 19275 19284 
53223 946 19282 19215 19285 
53224 946 19214 19213 19285 
53225 19214 19281 19280 19285 
53226 19214 19280 19213 19285 
53227 19212 946 19213 19285 
53228 19215 19281 19214 19285 
53229 19282 19284 19281 19285 
53230 19273 19284 19270 19286 
53231 19254 19242 19253 19241 
53232 19275 19264 19265 19286 
53233 19255 19253 19254 19242 
53234 19274 19263 19270 19286 
53235 19249 19248 19267 19250 
53236 19215 19282 19281 19285 
53237 19212 19283 946 19285 
53238 19274 19266 19263 19286 
53239 19264 19286 19262 19287 
53240 19264 19262 19253 19287 
53241 19268 19288 19267 19260 
53242 19260 19288 19267 19258 
53243 19258 19288 19267 19277 
53244 19267 19288 19278 19277 
53245 19277 19289 19261 19272 
53246 19272 19289 19261 678 
53247 19314 19309 19313 19300 
53248 12425 19355 19354 19344 
53249 19300 19294 19298 19296 
53250 19313 19309 19310 19299 
53251 19323 19312 19313 19310 
53252 19305 19297 19303 19295 
53253 19316 19304 19303 19302 
53254 19321 19313 19314 19309 
53255 19305 19303 19298 19295 
53256 19305 19295 19298 19294 
53257 19305 19297 19295 19294 
53258 19312 19299 19310 19296 
53259 19313 19310 19312 19299 
53260 19313 19311 19310 19309 
53261 19301 19302 19307 19297 
53262 19316 19302 19303 19297 
53263 19327 19313 19321 19367 
53264 19354 19351 19350 19368 
53265 19323 19311 19313 19367 
53266 19315 19304 19307 19302 
53267 19316 19306 19304 19302 
53268 19301 19295 19297 19294 
53269 19329 19317 19318 19306 
53270 19328 19320 19315 19308 
53271 19321 19311 19313 19309 
53272 19302 19307 19297 19306 
53273 19313 19300 19309 19299 
53274 19303 19298 19295 19296 
53275 19315 19307 19308 19301 
53276 19329 19316 19306 19304 
53277 19302 19297 19301 19295 
53278 19328 19318 19319 19308 
53279 19329 19316 19317 19306 
53280 19325 19323 19313 19367 
53281 19324 19322 19311 19367 
53282 19314 19305 19309 19300 
53283 19310 19299 19309 19296 
53284 19299 19295 19294 19296 
53285 19355 19343 19335 19368 
53286 19327 19314 19321 19313 
53287 19323 19313 19311 19310 
53288 19325 19313 19323 19312 
53289 19315 19302 19307 19301 
53290 19303 19297 19302 19295 
53291 19336 19321 19322 19367 
53292 19356 19345 19353 19369 
53293 19340 19329 19330 19328 
53294 19338 19325 19326 19367 
53295 19319 19308 19318 19307 
53296 19324 19311 19323 19367 
53297 19321 19313 19311 19367 
53298 19330 19318 19329 19317 
53299 19329 19318 19307 19306 
53300 19340 19334 19328 19320 
53301 19329 19315 19328 19304 
53302 19329 19318 19328 19308 
53303 19324 19322 19367 19370 
53304 19330 19320 19328 19319 
53305 19333 19320 19331 19319 
53306 19331 19318 19330 19317 
53307 19334 19320 19331 19333 
53308 19352 19332 19333 19331 
53309 19309 19300 19298 19296 
53310 19329 19308 19315 19307 
53311 19329 19328 19315 19308 
53312 19330 19328 19329 19318 
53313 19319 19320 19331 19330 
53314 19307 19304 19306 19302 
53315 19337 19323 19325 19367 
53316 19331 19319 19330 19318 
53317 19356 19369 19353 19371 
53318 19329 19307 19315 19304 
53319 19322 19321 19311 19367 
53320 19336 19327 19321 19367 
53321 19333 19331 19332 19319 
53322 19339 19327 19336 19367 
53323 19337 19324 19367 19370 
53324 19329 19306 19307 19304 
53325 19348 19347 19337 19370 
53326 948 19366 19293 19372 
53327 19316 19305 19306 19297 
53328 19329 19318 19308 19307 
53329 19348 19337 19338 19370 
53330 19346 19336 19345 19370 
53331 19346 19339 19336 19370 
53332 19327 19326 19313 19367 
53333 19340 19320 19331 19334 
53334 19338 19337 19325 19367 
53335 19352 19333 19334 19331 
53336 19316 19305 19303 19298 
53337 19352 19342 19333 19332 
53338 19352 19334 19340 19331 
53339 19352 19342 19343 19333 
53340 19352 19350 19332 19331 
53341 19310 19309 19298 19296 
53342 19352 19343 19334 19333 
53343 19332 19319 19331 19318 
53344 19344 19342 19343 19368 
53345 19352 19343 19335 19334 
53346 19330 19319 19328 19318 
53347 19349 19339 19346 19370 
53348 19352 19341 19335 19368 
53349 19352 19350 19342 19332 
53350 19352 19341 19340 19334 
53351 19345 19322 19324 19370 
53352 19347 19324 19337 19370 
53353 19330 19320 19331 19340 
53354 19349 19348 19338 19370 
53355 19336 19367 19322 19370 
53356 19347 19369 19345 19370 
53357 19347 19345 19324 19370 
53358 19358 19353 19347 19369 
53359 19353 19345 19347 19369 
53360 19349 19346 19369 19370 
53361 19339 19326 19327 19367 
53362 19358 19347 19348 19369 
53363 19359 19358 19348 19369 
53364 19326 19325 19313 19367 
53365 19352 19331 19340 19330 
53366 19348 19369 19347 19370 
53367 19357 19349 19346 19369 
53368 19346 19345 19369 19370 
53369 19328 19319 19320 19308 
53370 19340 19328 19330 19320 
53371 19305 19298 19300 19294 
53372 19339 19338 19326 19367 
53373 19362 19355 19341 19368 
53374 19298 19294 19295 19296 
53375 948 19360 19366 19372 
53376 19352 19335 19341 19334 
53377 19309 19300 19305 19298 
53378 19300 19299 19294 19296 
53379 19361 19350 19351 19368 
53380 19349 19338 19339 19370 
53381 19355 19344 19343 19368 
53382 19352 19335 19343 19368 
53383 19362 19352 19361 19368 
53384 19355 19354 19344 19368 
53385 12425 19355 688 19354 
53386 19362 19355 688 687 
53387 19339 19367 19336 19370 
53388 19365 19371 19364 19372 
53389 19361 19351 19355 19368 
53390 19361 19355 688 19362 
53391 19361 688 19351 686 
53392 19361 19352 19350 19368 
53393 19354 19342 19344 19368 
53394 19362 19361 19355 19368 
53395 688 947 686 19361 
53396 686 688 19351 19354 
53397 19358 19353 19369 19371 
53398 19366 19353 19358 19371 
53399 688 686 12425 19354 
53400 19351 19355 688 19361 
53401 19362 19341 19352 19368 
53402 19357 19346 19356 19369 
53403 19359 19349 19357 19369 
53404 19359 19369 19357 19371 
53405 19363 19357 19356 19371 
53406 19356 19346 19345 19369 
53407 19364 19357 19363 19371 
53408 19357 19369 19356 19371 
53409 19352 19343 19342 19368 
53410 19338 19337 19367 19370 
53411 19309 19299 19300 19296 
53412 19365 19358 19359 19371 
53413 19360 19356 19353 19371 
53414 19349 19369 19348 19370 
53415 19366 19358 19365 19371 
53416 19293 19292 19291 19372 
53417 19363 19356 19360 19371 
53418 19290 19363 19360 19372 
53419 19293 19365 19292 19372 
53420 19355 19335 19341 19368 
53421 19355 19351 19354 19368 
53422 19354 19350 19342 19368 
53423 688 19362 947 19361 
53424 948 19293 19291 19372 
53425 19292 19364 19291 19372 
53426 19364 19371 19363 19372 
53427 19292 19365 19364 19372 
53428 19291 19364 19363 19372 
53429 19366 19371 19365 19372 
53430 688 687 947 19362 
53431 19365 19359 19364 19371 
53432 948 19291 19290 19372 
53433 19366 19360 19371 19372 
53434 948 19290 19360 19372 
53435 19359 19358 19369 19371 
53436 19291 19363 19290 19372 
53437 19366 19360 19353 19371 
53438 19364 19359 19357 19371 
53439 19293 19366 19365 19372 
53440 687 19355 688 12425 
53441 19359 19348 19349 19369 
53442 19354 19355 688 19351 
53443 19345 19336 19322 19370 
53444 19337 19324 19323 19367 
53445 19339 19338 19367 19370 
53446 19316 19303 19305 19297 
53447 19352 19342 19350 19368 
53448 19305 19300 19297 19294 
53449 19363 19371 19360 19372 
53450 19316 19306 19302 19297 
53451 19390 19449 19389 19450 
53452 19400 19399 19390 19449 
53453 19399 19393 19449 19451 
53454 19411 19451 19402 19452 
53455 684 19426 19435 19453 
53456 684 19435 685 19453 
53457 12424 19442 19448 19453 
53458 684 683 19436 19453 
53459 12424 19448 683 19453 
53460 19438 19437 19454 19455 
53461 19441 19439 19454 19455 
53462 19445 19439 19438 19454 
53463 19446 19441 19439 19454 
53464 19446 19439 19445 19454 
53465 19397 19396 19386 19456 
53466 19398 19387 19388 19456 
53467 19420 19457 19416 19458 
53468 19420 19419 19409 19457 
53469 19409 19457 19408 19459 
53470 19407 19457 19406 19459 
53471 19408 19457 19407 19459 
53472 19389 19383 19379 19450 
53473 19394 19388 19384 19456 
53474 19387 19386 19378 19450 
53475 19387 19378 19381 19450 
53476 19385 19384 19379 19450 
53477 19396 19395 19385 19456 
53478 19395 19394 19384 19456 
53479 19388 19381 19380 19450 
53480 685 19373 12424 19442 
53481 19400 19390 19391 19449 
53482 19391 19381 19382 19450 
53483 19403 19401 19382 19449 
53484 19391 19449 19390 19450 
53485 19399 19393 19389 19449 
53486 19396 19385 19386 19456 
53487 19388 19384 19387 19450 
53488 19393 19392 19389 19449 
53489 19391 19380 19381 19450 
53490 19403 19392 19393 19449 
53491 19390 19389 19379 19450 
53492 19401 19400 19391 19449 
53493 19392 19449 19382 19450 
53494 19411 19399 19400 19451 
53495 19402 19400 19401 19451 
53496 19392 19382 19378 19450 
53497 19401 19400 19449 19451 
53498 19387 19384 19386 19450 
53499 949 19377 19447 19446 
53500 19398 19388 19394 19456 
53501 19403 19401 19449 19451 
53502 19405 19404 19393 19451 
53503 19401 19391 19382 19449 
53504 19412 19401 19403 19451 
53505 19386 19384 19385 19450 
53506 19386 19385 19384 19456 
53507 19407 19394 19395 19459 
53508 19408 19407 19395 19459 
53509 19409 19408 19396 19459 
53510 19386 19385 19383 19450 
53511 19410 19406 19457 19459 
53512 19399 19389 19390 19449 
53513 19403 19382 19392 19449 
53514 19408 19395 19396 19459 
53515 19409 19396 19397 19459 
53516 19410 19409 19397 19459 
53517 19410 19398 19406 19459 
53518 19391 19390 19380 19450 
53519 19392 19389 19449 19450 
53520 19416 19410 19406 19457 
53521 19419 19418 19408 19457 
53522 19387 19386 19384 19456 
53523 19395 19394 19456 19459 
53524 19400 19399 19449 19451 
53525 19388 19387 19384 19456 
53526 19418 19407 19408 19457 
53527 19388 19380 19384 19450 
53528 19407 19406 19394 19459 
53529 19398 19397 19387 19456 
53530 19403 19449 19393 19451 
53531 19412 19403 19404 19451 
53532 19405 19393 19399 19451 
53533 19412 19402 19401 19451 
53534 19422 19402 19412 19452 
53535 19412 19402 19451 19452 
53536 19421 19413 19452 19460 
53537 19421 19413 19411 19452 
53538 19411 19405 19399 19451 
53539 19398 19397 19456 19459 
53540 19396 19395 19456 19459 
53541 19412 19451 19404 19452 
53542 19397 19396 19456 19459 
53543 19411 19400 19402 19451 
53544 19388 19387 19381 19450 
53545 19404 19403 19393 19451 
53546 19432 19424 19413 19460 
53547 19415 19404 19405 19452 
53548 19422 19421 19402 19452 
53549 19414 19412 19404 19452 
53550 19425 19423 19414 19460 
53551 19422 19452 19414 19460 
53552 19415 19452 19413 19460 
53553 19434 19432 19460 19461 
53554 19417 19416 19457 19458 
53555 19419 19418 19457 19458 
53556 19417 19416 19406 19457 
53557 19405 19404 19451 19452 
53558 19428 19416 19427 19458 
53559 19420 19419 19457 19458 
53560 19417 19406 19407 19457 
53561 19427 19416 19417 19458 
53562 19431 19419 19420 19458 
53563 19430 19429 19418 19458 
53564 19421 19411 19402 19452 
53565 19439 19431 19428 19455 
53566 19440 19429 19430 19455 
53567 19406 19398 19394 19459 
53568 19438 19428 19427 19455 
53569 19431 19428 19455 19458 
53570 19429 19427 19417 19458 
53571 19424 19415 19413 19460 
53572 19430 19455 19429 19458 
53573 19420 19410 19416 19457 
53574 19415 19414 19404 19452 
53575 19410 19457 19409 19459 
53576 19440 19454 19437 19455 
53577 19419 19408 19409 19457 
53578 19428 19420 19416 19458 
53579 19430 19418 19419 19458 
53580 19420 19409 19410 19457 
53581 19426 19425 19424 19461 
53582 19422 19412 19414 19452 
53583 19431 19420 19428 19458 
53584 19440 19437 19429 19455 
53585 19441 19440 19430 19455 
53586 19441 19431 19439 19455 
53587 19434 19432 19421 19460 
53588 19422 19421 19452 19460 
53589 19415 19414 19452 19460 
53590 19429 19417 19418 19458 
53591 19411 19405 19451 19452 
53592 19435 19426 19424 19461 
53593 19434 19460 19423 19461 
53594 19425 19460 19424 19461 
53595 19429 19455 19427 19458 
53596 19435 19432 19433 19461 
53597 19435 19424 19432 19461 
53598 19448 19434 19423 19461 
53599 19418 19417 19407 19457 
53600 19425 19423 19460 19461 
53601 19442 19433 19432 19461 
53602 19436 19423 19425 19461 
53603 19436 19425 19426 19461 
53604 19410 19397 19398 19459 
53605 19442 19432 19434 19461 
53606 19435 19453 19426 19461 
53607 19442 19453 19433 19461 
53608 684 19436 19426 19453 
53609 683 19448 19436 19453 
53610 19448 19453 19442 19461 
53611 19436 19426 19453 19461 
53612 12424 19373 19448 19442 
53613 19434 19422 19423 19460 
53614 19392 19383 19389 19450 
53615 19448 19436 19453 19461 
53616 19439 19438 19454 19455 
53617 19437 19427 19429 19455 
53618 19443 19437 19440 19454 
53619 19439 19428 19438 19455 
53620 19441 19454 19440 19455 
53621 19438 19427 19437 19455 
53622 19447 19443 19440 19454 
53623 19447 19441 19446 19454 
53624 19445 19438 19444 19454 
53625 19425 19414 19415 19460 
53626 19444 19438 19437 19454 
53627 19374 19447 19444 19443 
53628 19377 19445 19376 19444 
53629 19447 19444 19443 19454 
53630 19447 19446 19377 19444 
53631 19431 19430 19419 19458 
53632 19447 19440 19441 19454 
53633 19374 19377 19375 19444 
53634 19374 19447 19377 19444 
53635 685 19433 19442 19453 
53636 685 19442 12424 19453 
53637 19448 19423 19436 19461 
53638 19446 19445 19444 19454 
53639 19447 19446 19444 19454 
53640 19377 19446 19445 19444 
53641 19444 19437 19443 19454 
53642 19374 19447 949 19377 
53643 19377 19376 19375 19444 
53644 19374 19444 19375 19443 
53645 19435 19433 19453 19461 
53646 685 19435 19433 19453 
53647 684 12424 683 19453 
53648 19423 19422 19414 19460 
53649 684 685 12424 19453 
53650 19432 19413 19421 19460 
53651 19413 19405 19411 19452 
53652 12424 19373 683 19448 
53653 19425 19415 19424 19460 
53654 19448 19442 19434 19461 
53655 19398 19456 19394 19459 
53656 19441 19430 19431 19455 
53657 19390 19379 19384 19450 
53658 19385 19379 19383 19450 
53659 19392 19378 19386 19450 
53660 19391 19382 19449 19450 
53661 19418 19417 19457 19458 
53662 19390 19384 19380 19450 
53663 19432 19424 19460 19461 
53664 19392 19386 19383 19450 
53665 19382 19381 19378 19450 
53666 19395 19384 19385 19456 
53667 19431 19455 19430 19458 
53668 19428 19427 19455 19458 
53669 19397 19386 19387 19456 
53670 19434 19421 19422 19460 
53671 19415 19405 19413 19452 
53672 12519 19473 693 19474 
53673 693 19467 19465 19473 
53674 693 19473 19465 19474 
53675 694 692 12519 19474 
53676 692 19465 19473 19474 
53677 19466 951 19472 19475 
53678 19468 19469 19476 19477 
53679 19468 19469 19470 19476 
53680 19466 19468 19476 19477 
53681 19469 19471 19476 19477 
53682 19465 19471 19469 19477 
53683 19466 19476 19471 19477 
53684 951 19462 19472 19475 
53685 951 19464 19462 19475 
53686 19470 19472 19462 19475 
53687 19464 19470 19462 19475 
53688 19466 19472 19471 19476 
53689 19466 19468 951 19475 
53690 693 19465 950 19474 
53691 19466 19470 19472 19476 
53692 19466 19468 19470 19476 
53693 19466 19470 19468 19475 
53694 19465 19467 19466 19477 
53695 19469 19471 19472 19476 
53696 12519 19469 19467 19473 
53697 19465 19467 19469 19473 
53698 12519 19467 693 19473 
53699 12519 692 19473 19474 
53700 12519 692 19471 19473 
53701 12519 19471 19469 19473 
53702 694 950 692 19474 
53703 694 693 950 19474 
53704 692 19465 19471 19473 
53705 694 12519 693 19474 
53706 19467 19468 19466 19477 
53707 19468 19464 951 19475 
53708 19467 19469 19468 19477 
53709 19465 19469 19467 19477 
53710 19468 19470 19464 19475 
53711 19466 19472 19470 19475 
53712 19464 19470 19463 19462 
53713 19465 19466 19471 19477 
53714 19465 19469 19471 19473 
53715 692 950 19465 19474 
53716 19469 19472 19470 19476 
53717 19546 19540 19554 19555 
53718 19548 19544 19545 19554 
53719 19552 19545 19546 19554 
53720 19496 19490 19495 19487 
53721 19490 19495 19492 19491 
53722 19491 19495 19492 19505 
53723 19499 19486 19498 19485 
53724 19501 19483 19486 19488 
53725 19495 19487 19493 19488 
53726 19504 19491 19496 19490 
53727 19506 19495 19492 19493 
53728 19516 19515 19505 19556 
53729 19485 19486 19557 19490 
53730 19492 19484 19493 19557 
53731 19544 19539 19533 19555 
53732 19505 19495 19492 19506 
53733 19510 19496 19504 19556 
53734 19485 19490 19557 19492 
53735 19488 19493 19557 19487 
53736 19526 19502 19503 19558 
53737 19496 19495 19491 19505 
53738 19546 19536 19540 19555 
53739 19506 19494 19495 19493 
53740 19479 19481 19480 19559 
53741 12518 19553 19478 19547 
53742 19503 19497 19502 19489 
53743 19501 19497 19498 19483 
53744 19505 19504 19496 19556 
53745 19510 19508 19509 19556 
53746 19508 19494 19495 19556 
53747 690 12518 19560 691 
53748 19508 19515 19510 19520 
53749 19505 19496 19495 19556 
53750 19509 19495 19496 19556 
53751 19557 19484 19493 19483 
53752 19506 19505 19495 19556 
53753 19506 19495 19494 19556 
53754 19516 19506 19507 19556 
53755 19521 19510 19520 19509 
53756 19492 19490 19491 19485 
53757 19483 19493 19557 19488 
53758 19511 19498 19502 19497 
53759 19501 19498 19500 19486 
53760 19501 19486 19487 19488 
53761 19498 19558 19512 19511 
53762 19526 19525 19558 19561 
53763 19511 19502 19498 19558 
53764 19493 19492 19490 19495 
53765 19523 19511 19512 19558 
53766 19490 19495 19491 19496 
53767 19515 19504 19505 19556 
53768 19484 19485 19557 19492 
53769 19495 19493 19487 19490 
53770 19525 19524 19513 19558 
53771 19525 19513 19514 19558 
53772 19512 19498 19513 19558 
53773 19484 19486 19485 19498 
53774 19500 19498 19514 19513 
53775 19498 19513 19558 19514 
53776 19513 19499 19500 19498 
53777 19501 19489 19497 19483 
53778 19489 19501 19497 19502 
53779 19526 19525 19514 19558 
53780 19509 19508 19495 19556 
53781 19516 19505 19506 19556 
53782 19497 19501 19498 19502 
53783 19526 19503 19522 19558 
53784 19511 19503 19502 19558 
53785 19557 19492 19490 19493 
53786 19522 19503 19511 19558 
53787 19508 19507 19494 19556 
53788 19516 19507 19515 19556 
53789 19480 19549 19548 19559 
53790 19500 19501 19514 19498 
53791 19517 19515 19516 19507 
53792 19515 19507 19508 19556 
53793 19507 19506 19494 19556 
53794 19521 19520 19529 19531 
53795 19501 19498 19486 19483 
53796 19556 19515 19510 19508 
53797 19541 19537 19520 19518 
53798 19515 19510 19504 19556 
53799 19513 19512 19499 19498 
53800 19482 19550 19481 19559 
53801 19510 19520 19515 19519 
53802 19519 19528 19529 19520 
53803 19536 19525 19526 19561 
53804 19558 19502 19498 19514 
53805 19526 19558 19522 19561 
53806 19534 19523 19524 19561 
53807 19525 19524 19558 19561 
53808 19523 19522 19511 19558 
53809 19536 19535 19525 19561 
53810 19526 19514 19502 19558 
53811 690 19560 19532 19542 
53812 19536 19526 19527 19561 
53813 19523 19522 19558 19561 
53814 19505 19496 19504 19491 
53815 19495 19493 19494 19488 
53816 19524 19523 19512 19558 
53817 19498 19483 19484 19486 
53818 19517 19520 19515 19508 
53819 19515 19520 19517 19528 
53820 952 19551 19482 19559 
53821 19543 19560 19532 690 
53822 19528 19520 19517 19541 
53823 19520 19517 19518 19508 
53824 19533 19555 19527 19561 
53825 19517 19508 19515 19507 
53826 19520 19508 19509 19510 
53827 19534 19533 19523 19561 
53828 19481 19549 19480 19559 
53829 19530 19529 19521 19519 
53830 19519 19520 19529 19521 
53831 19531 19520 19529 19541 
53832 19532 19531 19530 19529 
53833 19518 19508 19517 19507 
53834 19528 19529 19520 19541 
53835 19541 19537 19531 19520 
53836 19538 19560 19532 19543 
53837 19511 19502 19503 19497 
53838 19534 19555 19533 19561 
53839 19533 19527 19522 19561 
53840 19535 19524 19525 19561 
53841 19544 19533 19534 19555 
53842 19536 19555 19535 19561 
53843 19545 19534 19535 19555 
53844 19535 19534 19524 19561 
53845 19533 19522 19523 19561 
53846 19531 19530 19529 19521 
53847 19524 19523 19558 19561 
53848 19546 19535 19536 19555 
53849 19524 19512 19513 19558 
53850 19521 19519 19520 19510 
53851 19540 19536 19527 19555 
53852 19536 19527 19555 19561 
53853 19510 19509 19496 19556 
53854 19501 19514 19498 19502 
53855 19527 19526 19522 19561 
53856 19543 19532 19537 19531 
53857 19531 19541 19562 19537 
53858 19490 19493 19487 19557 
53859 19543 19538 19537 19532 
53860 19539 19527 19533 19555 
53861 19553 691 19542 19560 
53862 19537 19541 19562 19547 
53863 19553 19532 19542 19529 
53864 19547 19560 19532 19538 
53865 19553 12518 19560 19547 
53866 19538 19543 689 19560 
53867 19550 19540 19539 19554 
53868 19540 19527 19539 19555 
53869 19549 19539 19544 19554 
53870 19550 19539 19549 19554 
53871 19545 19554 19544 19555 
53872 19541 19518 19520 19517 
53873 19560 19543 689 690 
53874 19528 19516 19517 19515 
53875 19547 689 19560 19538 
53876 19481 19550 19549 19559 
53877 19553 19541 19562 19529 
53878 19535 19555 19534 19561 
53879 19560 691 19542 690 
53880 691 12518 19560 19553 
53881 19552 19548 19545 19554 
53882 19549 19554 19548 19559 
53883 19557 19486 19485 19484 
53884 19540 19539 19554 19555 
53885 19552 19554 19551 19559 
53886 19549 19544 19548 19554 
53887 19552 19548 19554 19559 
53888 19552 19546 19551 19554 
53889 19551 19546 19540 19554 
53890 19520 19519 19528 19515 
53891 19547 19541 19562 19553 
53892 19546 19554 19545 19555 
53893 19553 19560 19532 19547 
53894 19479 952 19482 19559 
53895 19545 19544 19534 19555 
53896 690 19560 12518 689 
53897 12518 19478 689 19547 
53898 19544 19554 19539 19555 
53899 19479 19480 19548 19559 
53900 19479 19482 19481 19559 
53901 19542 19532 19530 19529 
53902 19498 19497 19484 19483 
53903 19482 19551 19550 19559 
53904 19500 19498 19499 19486 
53905 19550 19554 19549 19559 
53906 19551 19554 19550 19559 
53907 19479 19552 952 19559 
53908 19547 19537 19538 19532 
53909 19479 19548 19552 19559 
53910 19551 19540 19550 19554 
53911 19546 19545 19535 19555 
53912 952 19552 19551 19559 
53913 19529 19541 19562 19531 
53914 12518 19547 689 19560 
53915 691 19478 12518 19553 
53916 19488 19557 19486 19487 
53917 19486 19557 19490 19487 
53918 19486 19483 19484 19557 
53919 19483 19557 19486 19488 
53920 19531 19562 19532 19537 
53921 19537 19562 19532 19547 
53922 19547 19562 19532 19553 
53923 19553 19562 19532 19529 
53924 19529 19562 19532 19531 
53925 19542 19560 19532 19553 
53926 19591 19580 19639 19640 
53927 19605 19590 19591 19639 
53928 19631 19619 19620 19641 
53929 19630 19627 19641 19642 
53930 19628 19641 19627 19642 
53931 19638 19634 19630 19642 
53932 19579 19640 19578 19643 
53933 19580 19579 19575 19640 
53934 19576 19640 19575 19643 
53935 19563 954 19566 19644 
53936 19563 19634 19638 19644 
53937 19565 19636 19635 19644 
53938 19577 19568 19573 19643 
53939 19587 19574 19581 19645 
53940 19585 19572 19573 19571 
53941 19585 19584 19572 19571 
53942 19579 19571 19575 19643 
53943 19589 19588 19576 19640 
53944 19576 19575 19567 19643 
53945 19571 19574 19570 19568 
53946 19578 19640 19577 19643 
53947 19583 19581 19582 19570 
53948 19590 19589 19577 19640 
53949 19573 19571 19572 19643 
53950 19577 19576 19568 19643 
53951 19590 19577 19578 19640 
53952 19573 19574 19571 19568 
53953 19576 19567 19568 19643 
53954 19582 19570 19581 19569 
53955 19584 19574 19571 19585 
53956 19578 19573 19572 19643 
53957 19571 19568 19570 19567 
53958 19588 19639 19580 19640 
53959 19585 19574 19571 19573 
53960 19581 19574 19570 19583 
53961 19594 19581 19582 19645 
53962 19579 19575 19640 19643 
53963 19595 19582 19583 19645 
53964 19570 19571 19583 19574 
53965 19588 19580 19575 19640 
53966 19584 19583 19574 19645 
53967 19596 19583 19584 19645 
53968 19581 19569 19570 19568 
53969 19586 19585 19574 19645 
53970 19575 19571 19567 19643 
53971 19571 19568 19567 19643 
53972 19598 19584 19585 19645 
53973 19587 19586 19574 19645 
53974 19570 19568 19569 19567 
53975 19579 19578 19572 19643 
53976 19568 19574 19570 19581 
53977 19579 19572 19571 19643 
53978 954 19637 19566 19644 
53979 19598 19585 19586 19645 
53980 19583 19582 19581 19645 
53981 19571 19583 19574 19584 
53982 19604 19603 19589 19639 
53983 19591 19590 19578 19640 
53984 19585 19584 19574 19645 
53985 19638 19634 19642 19644 
53986 19598 19587 19594 19645 
53987 19588 19575 19576 19640 
53988 19604 19603 19639 19646 
53989 19592 19591 19580 19639 
53990 19603 19593 19588 19639 
53991 19608 19607 19593 19646 
53992 19603 19588 19589 19639 
53993 19590 19639 19589 19640 
53994 19603 19593 19639 19646 
53995 19591 19578 19579 19640 
53996 19608 19593 19603 19646 
53997 19609 19595 19597 19594 
53998 19598 19595 19596 19645 
53999 19623 19601 19609 19597 
54000 19598 19599 19594 19587 
54001 19598 19596 19584 19645 
54002 19593 19592 19580 19639 
54003 19611 19598 19597 19596 
54004 19607 19606 19592 19646 
54005 19601 19611 19594 19597 
54006 19600 19587 19599 19586 
54007 19596 19595 19583 19645 
54008 19609 19597 19601 19594 
54009 19583 19581 19574 19645 
54010 19599 19587 19598 19586 
54011 19591 19579 19580 19640 
54012 19598 19586 19587 19645 
54013 19599 19611 19594 19601 
54014 19566 19636 19565 19644 
54015 19563 19566 19564 19644 
54016 19623 19601 19611 19599 
54017 19612 19600 19601 19599 
54018 19598 19611 19594 19599 
54019 19623 19621 19612 19599 
54020 19623 19611 19601 19597 
54021 19623 19612 19613 19601 
54022 19614 19612 19613 19647 
54023 19613 19601 19612 19600 
54024 19598 19594 19595 19645 
54025 19594 19587 19581 19645 
54026 19578 19577 19573 19643 
54027 19598 19597 19596 19595 
54028 19587 19599 19594 19601 
54029 19604 19589 19590 19639 
54030 19591 19639 19590 19640 
54031 19623 19602 19610 19601 
54032 19605 19604 19590 19639 
54033 19605 19639 19592 19646 
54034 19620 19607 19608 19648 
54035 19625 19614 19613 19647 
54036 19573 19568 19571 19643 
54037 19623 19612 19601 19599 
54038 19623 19612 19621 19647 
54039 19623 19610 19609 19601 
54040 19615 19603 19604 19646 
54041 19605 19591 19592 19639 
54042 19605 19604 19639 19646 
54043 19615 19608 19646 19648 
54044 19577 19640 19576 19643 
54045 19626 19615 19616 19648 
54046 19606 19605 19592 19646 
54047 19593 19592 19639 19646 
54048 19598 19597 19595 19594 
54049 19616 19604 19605 19646 
54050 19616 19605 19606 19646 
54051 19619 19606 19607 19648 
54052 19626 19617 19615 19648 
54053 19617 19608 19615 19648 
54054 19619 19618 19606 19648 
54055 19616 19646 19606 19648 
54056 19608 19607 19646 19648 
54057 19616 19615 19604 19646 
54058 19618 19616 19606 19648 
54059 19620 19619 19607 19648 
54060 19615 19608 19603 19646 
54061 19620 19617 19641 19648 
54062 19607 19592 19593 19646 
54063 19626 19616 19618 19648 
54064 19626 19618 19641 19648 
54065 19633 19625 19610 19647 
54066 19623 19610 19602 19647 
54067 19633 19623 19621 19647 
54068 19625 19613 19602 19647 
54069 19601 19599 19600 19587 
54070 19623 19613 19612 19647 
54071 19633 19621 19622 19647 
54072 19620 19641 19619 19648 
54073 19623 19602 19613 19647 
54074 19625 19602 19610 19647 
54075 19633 19623 19632 19621 
54076 19625 700 19622 19633 
54077 12619 19625 19624 19614 
54078 699 700 19625 19633 
54079 19628 19617 19626 19641 
54080 19629 19617 19628 19641 
54081 19629 19641 19628 19642 
54082 19631 19630 19619 19641 
54083 19628 19626 19627 19641 
54084 19633 700 19622 19632 
54085 19633 19632 19622 19621 
54086 698 700 19622 19624 
54087 19624 19621 19612 19647 
54088 19625 19622 19624 19647 
54089 19624 19612 19614 19647 
54090 19633 19610 19623 19647 
54091 700 19633 953 19632 
54092 19624 700 19625 12619 
54093 19624 700 19622 19625 
54094 19633 19622 19625 19647 
54095 19632 700 19622 698 
54096 19627 19626 19618 19641 
54097 19631 19620 19629 19641 
54098 19626 19641 19617 19648 
54099 19631 19641 19629 19642 
54100 19631 19630 19641 19642 
54101 19635 19628 19627 19642 
54102 19630 19627 19618 19641 
54103 19635 19627 19634 19642 
54104 19635 19642 19634 19644 
54105 19607 19606 19646 19648 
54106 19564 19635 19634 19644 
54107 19634 19627 19630 19642 
54108 19636 19629 19628 19642 
54109 19637 19631 19629 19642 
54110 19636 19628 19635 19642 
54111 19638 19642 19637 19644 
54112 19630 19618 19619 19641 
54113 19620 19608 19617 19648 
54114 19637 19629 19636 19642 
54115 19637 19642 19636 19644 
54116 19566 19637 19636 19644 
54117 19624 19622 19621 19647 
54118 700 698 12619 19624 
54119 700 953 698 19632 
54120 700 699 953 19633 
54121 19638 19630 19631 19642 
54122 19565 19635 19564 19644 
54123 19636 19642 19635 19644 
54124 19638 19631 19637 19642 
54125 954 19638 19637 19644 
54126 19563 19564 19634 19644 
54127 19566 19565 19564 19644 
54128 19589 19576 19577 19640 
54129 19595 19594 19582 19645 
54130 19593 19580 19588 19639 
54131 19563 19638 954 19644 
54132 19616 19615 19646 19648 
54133 19629 19620 19617 19641 
54134 19625 19624 19614 19647 
54135 19623 19613 19602 19601 
54136 19589 19639 19588 19640 
54137 19597 19611 19594 19598 
54138 12619 700 19625 699 
54139 19623 19611 19621 19599 
54140 19619 19641 19618 19648 
54141 19670 19662 19731 19732 
54142 19657 19656 19655 19664 
54143 19664 19656 19663 19654 
54144 19658 19660 19656 19667 
54145 19671 19656 19658 19731 
54146 19677 19665 19664 19733 
54147 697 19715 19734 696 
54148 19670 19657 19654 19731 
54149 19679 19669 19663 19733 
54150 19731 19657 19654 19656 
54151 19682 19681 19668 19733 
54152 19658 19667 19656 19668 
54153 19664 19663 19656 19733 
54154 19680 19677 19666 19733 
54155 19669 19668 19656 19733 
54156 19665 19663 19664 19733 
54157 19672 19671 19658 19731 
54158 19656 19731 19671 19654 
54159 19679 19663 19665 19733 
54160 19672 19658 19659 19731 
54161 19668 19667 19659 19658 
54162 19677 19655 19666 19733 
54163 19666 19661 19656 19655 
54164 19676 19675 19662 19732 
54165 19682 19668 19669 19733 
54166 19674 19673 19731 19732 
54167 19679 19678 19677 19665 
54168 19673 19672 19659 19731 
54169 19675 19731 19662 19732 
54170 19668 19667 19656 19733 
54171 19672 19671 19731 19732 
54172 19684 19683 19671 19732 
54173 19681 19667 19668 19733 
54174 19687 19686 19674 19732 
54175 19673 19672 19731 19732 
54176 19660 19659 19658 19731 
54177 19687 19675 19676 19732 
54178 19686 19673 19674 19732 
54179 19670 19662 19657 19731 
54180 19680 19666 19667 19733 
54181 19674 19659 19660 19731 
54182 19684 19671 19672 19732 
54183 19675 19674 19731 19732 
54184 19689 19676 19683 19735 
54185 19677 19664 19655 19733 
54186 19679 19665 19677 19733 
54187 19695 19682 19692 19681 
54188 19669 19656 19663 19733 
54189 19657 19661 19656 19731 
54190 19693 19679 19691 19678 
54191 19693 19692 19682 19678 
54192 12618 19649 19725 19724 
54193 19654 19731 19671 19670 
54194 19682 19680 19681 19733 
54195 19686 19685 19673 19732 
54196 19687 19674 19675 19732 
54197 19676 19662 19670 19732 
54198 19692 19681 19682 19680 
54199 19731 19660 19656 19658 
54200 19675 19674 19660 19731 
54201 19683 19670 19671 19732 
54202 19685 19684 19672 19732 
54203 19733 19666 19656 19655 
54204 19667 19666 19656 19733 
54205 19655 19661 19656 19657 
54206 19693 19682 19679 19678 
54207 19686 19685 19732 19735 
54208 19699 19686 19687 19735 
54209 19683 19676 19732 19735 
54210 19688 19687 19676 19735 
54211 19715 19734 19705 19713 
54212 19685 19684 19732 19735 
54213 19696 19683 19684 19735 
54214 19685 19672 19673 19732 
54215 19695 19692 19694 19681 
54216 19678 19677 19692 19682 
54217 19699 19687 19688 19735 
54218 19723 19721 19736 19737 
54219 19694 19681 19692 19680 
54220 19728 19720 19727 19736 
54221 19735 19696 19689 19688 
54222 19696 19699 19688 19735 
54223 19714 19692 19702 19738 
54224 19684 19683 19732 19735 
54225 19677 19692 19682 19680 
54226 19730 19722 19723 19736 
54227 19690 19699 19688 19696 
54228 19693 19692 19691 19738 
54229 19689 19688 19676 19735 
54230 19669 19668 19658 19656 
54231 955 19729 19653 19739 
54232 19696 19697 19690 19699 
54233 19662 19661 19657 19731 
54234 19650 19651 19726 19739 
54235 19712 19703 19693 19738 
54236 19688 19696 19689 19690 
54237 19714 19692 19691 19678 
54238 19682 19669 19679 19733 
54239 19712 19693 19691 19738 
54240 19704 19695 19703 19738 
54241 19695 19694 19692 19738 
54242 19695 19692 19693 19738 
54243 19695 19693 19692 19682 
54244 19687 19686 19732 19735 
54245 19682 19677 19679 19678 
54246 19698 19685 19686 19735 
54247 19674 19673 19659 19731 
54248 19733 19677 19679 19682 
54249 19714 19712 19691 19738 
54250 19696 19689 19683 19735 
54251 19697 19696 19684 19735 
54252 19703 19695 19693 19738 
54253 19712 19702 19704 19738 
54254 19712 19704 19705 19703 
54255 19704 19702 19694 19738 
54256 19697 19684 19685 19735 
54257 19708 19707 19698 19697 
54258 19701 19696 19690 19689 
54259 19699 19698 19686 19735 
54260 19664 19656 19655 19733 
54261 19671 19670 19731 19732 
54262 19714 19691 19692 19738 
54263 19708 19698 19699 19697 
54264 19706 19707 19690 19697 
54265 19710 19708 19700 19740 
54266 19706 19701 19690 19740 
54267 19706 19697 19690 19696 
54268 19698 19697 19685 19735 
54269 955 19730 19729 19739 
54270 19699 19697 19698 19735 
54271 19725 12618 19734 695 
54272 19717 19711 19706 19740 
54273 696 695 19716 19734 
54274 19687 19732 19676 19735 
54275 19664 19657 19656 19654 
54276 19708 19699 19700 19690 
54277 19699 19697 19690 19708 
54278 19697 19707 19690 19708 
54279 19700 19690 19699 19688 
54280 19711 19737 19709 19740 
54281 19710 19700 19709 19740 
54282 19718 19707 19708 19740 
54283 19704 19694 19695 19738 
54284 19710 19709 19737 19740 
54285 19717 19706 19707 19740 
54286 19711 19709 19701 19740 
54287 19709 19690 19701 19740 
54288 19712 19705 19704 19702 
54289 19706 19701 19696 19690 
54290 19709 19700 19690 19740 
54291 19681 19680 19667 19733 
54292 19683 19676 19670 19732 
54293 19719 19709 19711 19737 
54294 19714 19702 19712 19738 
54295 19677 19680 19682 19733 
54296 19725 19705 19712 19702 
54297 19715 19712 19713 19705 
54298 19716 19704 19705 19702 
54299 19660 19666 19656 19667 
54300 19712 19704 19703 19738 
54301 19725 19716 19705 19702 
54302 19653 19652 19651 19739 
54303 19713 19724 697 19734 
54304 696 19734 19705 19715 
54305 12618 19649 695 19725 
54306 19667 19660 19659 19658 
54307 19702 19692 19694 19738 
54308 19699 19696 19697 19735 
54309 19722 19711 19717 19737 
54310 19718 19717 19707 19740 
54311 19721 19718 19710 19737 
54312 19724 19713 19712 19705 
54313 19723 19717 19718 19737 
54314 19724 12618 19734 19725 
54315 19713 19715 19734 697 
54316 696 697 12618 19734 
54317 19724 697 19734 12618 
54318 19675 19660 19661 19731 
54319 19727 19720 19719 19736 
54320 19722 19736 19719 19737 
54321 19728 19721 19720 19736 
54322 19728 19736 19727 19739 
54323 19720 19709 19719 19737 
54324 19721 19710 19720 19737 
54325 19721 19720 19736 19737 
54326 19729 19723 19721 19736 
54327 19708 19707 19690 19740 
54328 19726 19719 19722 19736 
54329 19723 19736 19722 19737 
54330 19723 19718 19721 19737 
54331 19720 19719 19736 19737 
54332 19718 19708 19710 19740 
54333 19729 19721 19728 19736 
54334 19730 19726 19722 19736 
54335 19660 19661 19656 19666 
54336 19734 695 19716 19725 
54337 19740 19707 19690 19706 
54338 19725 19712 19714 19702 
54339 19717 19737 19711 19740 
54340 697 19649 12618 19724 
54341 19652 19728 19727 19739 
54342 19730 19736 19729 19739 
54343 19727 19719 19726 19736 
54344 19730 19726 19736 19739 
54345 19727 19736 19726 19739 
54346 19651 19727 19726 19739 
54347 19730 19723 19729 19736 
54348 19675 19661 19662 19731 
54349 19720 19710 19709 19737 
54350 19715 19712 19705 19703 
54351 19650 19653 19651 19739 
54352 19652 19727 19651 19739 
54353 19650 19730 955 19739 
54354 19725 19724 19712 19705 
54355 19653 19729 19728 19739 
54356 19708 19690 19700 19740 
54357 19650 955 19653 19739 
54358 19729 19736 19728 19739 
54359 19731 19661 19656 19660 
54360 19650 19726 19730 19739 
54361 19722 19719 19711 19737 
54362 19653 19728 19652 19739 
54363 19723 19722 19717 19737 
54364 19718 19737 19717 19740 
54365 19693 19691 19692 19678 
54366 19718 19710 19737 19740 
54367 695 12618 19734 696 
54368 19711 19701 19706 19740 
54369 19725 19724 19714 19712 
54370 19713 19734 19705 19724 
54371 19724 19734 19705 19725 
54372 19725 19734 19705 19716 
54373 19716 19734 19705 696 
54374 704 19744 19752 19753 
54375 705 19752 19744 19753 
54376 12722 19752 705 19753 
54377 12722 19753 705 19754 
54378 12722 704 19752 19753 
54379 19744 19750 19752 19755 
54380 705 19746 19744 19752 
54381 704 956 19753 19754 
54382 705 19753 956 19754 
54383 12722 704 19753 19754 
54384 19744 19750 19755 19756 
54385 19744 19755 19746 19756 
54386 19750 19751 19756 19757 
54387 19744 19745 19750 19757 
54388 19749 19756 19751 19757 
54389 19746 19756 19747 19757 
54390 19747 19756 19749 19757 
54391 19744 19756 19746 19757 
54392 19746 19748 19747 19756 
54393 19748 19750 19751 19756 
54394 19745 19751 19750 19757 
54395 19745 19747 19749 19757 
54396 957 19742 19741 19758 
54397 19749 19759 19741 19760 
54398 957 19743 19742 19758 
54399 19749 19741 19758 19760 
54400 19744 19750 19756 19757 
54401 19747 19749 19743 19760 
54402 957 19741 19751 19759 
54403 19749 19741 19742 19758 
54404 957 19741 19759 19760 
54405 19745 957 19751 19759 
54406 19748 19755 19750 19756 
54407 19747 19759 19749 19760 
54408 705 19744 956 19753 
54409 12722 19746 705 19752 
54410 706 956 704 19754 
54411 706 704 12722 19754 
54412 19746 19747 19745 19757 
54413 19744 19752 19746 19755 
54414 19748 19752 19750 19755 
54415 957 19743 19758 19760 
54416 957 19758 19741 19760 
54417 19743 19749 19758 19760 
54418 19745 19749 19747 19759 
54419 19747 957 19759 19760 
54420 12722 19750 19748 19752 
54421 19749 19751 19741 19759 
54422 12722 19748 19746 19752 
54423 19744 19746 19745 19757 
54424 704 956 19744 19753 
54425 19747 19748 19749 19756 
54426 19748 19751 19749 19756 
54427 12722 704 19750 19752 
54428 19747 19743 957 19760 
54429 706 12722 705 19754 
54430 19745 19749 19751 19757 
54431 19745 19751 19749 19759 
54432 19743 19749 19742 19758 
54433 19746 19752 19748 19755 
54434 706 705 956 19754 
54435 704 19744 19750 19752 
54436 19746 19755 19748 19756 
54437 19745 19747 957 19759 
54438 19780 19779 19768 19840 
54439 19777 19769 19776 19766 
54440 19769 19768 19767 19840 
54441 19785 19775 19784 19773 
54442 19774 19769 19770 19766 
54443 19774 19773 19769 19766 
54444 19774 19770 19771 19766 
54445 19786 19782 19775 19771 
54446 19768 19769 19770 19774 
54447 19771 19770 19767 19766 
54448 19775 19772 19773 19771 
54449 19795 19782 19786 19771 
54450 19775 19773 19774 19771 
54451 19781 19769 19776 19840 
54452 19788 19781 19776 19840 
54453 19784 19783 19775 19800 
54454 19786 19775 19774 19771 
54455 19792 19791 19779 19840 
54456 19790 19777 19767 19840 
54457 19790 19767 19778 19840 
54458 19777 19767 19769 19766 
54459 19790 19778 19779 19840 
54460 19798 19797 19783 19800 
54461 19772 19783 19775 19784 
54462 19779 19778 19768 19840 
54463 19773 19771 19772 19766 
54464 19800 19799 19798 19841 
54465 19795 19841 19800 19797 
54466 19780 19768 19769 19840 
54467 19778 19767 19768 19840 
54468 19789 19776 19777 19840 
54469 19794 19788 19793 19781 
54470 19800 19799 19785 19784 
54471 19791 19792 19788 19840 
54472 19795 19783 19775 19782 
54473 19812 19811 19799 19841 
54474 19812 19799 19800 19841 
54475 19800 19795 19787 19841 
54476 19774 19769 19773 19768 
54477 19810 19809 19841 19842 
54478 12721 19761 701 19834 
54479 19809 19795 19797 19841 
54480 12721 19761 19834 19833 
54481 19782 19772 19775 19771 
54482 19809 19796 19795 19841 
54483 19797 19841 19800 19798 
54484 19793 19792 19780 19840 
54485 19800 19787 19795 19786 
54486 19811 19798 19799 19841 
54487 19800 19797 19783 19795 
54488 19800 19784 19785 19775 
54489 19803 19791 19788 19840 
54490 19803 19802 19789 19788 
54491 19798 19800 19783 19784 
54492 19822 19812 19815 19842 
54493 19782 19783 19775 19772 
54494 19803 19790 19791 19840 
54495 19790 19789 19777 19840 
54496 19777 19769 19767 19840 
54497 19813 19802 19803 19843 
54498 19773 19772 19769 19766 
54499 19803 19802 19788 19843 
54500 19777 19776 19769 19840 
54501 19810 19809 19797 19841 
54502 19843 19791 19788 19803 
54503 19808 19793 19794 19843 
54504 19793 19792 19788 19843 
54505 19805 19791 19792 19843 
54506 19797 19783 19795 19782 
54507 19793 19781 19788 19840 
54508 19801 19800 19787 19841 
54509 19800 19783 19775 19795 
54510 19793 19780 19781 19840 
54511 19802 19794 19788 19843 
54512 19781 19780 19769 19840 
54513 19823 19805 19813 19804 
54514 19813 19806 19802 19843 
54515 19766 19769 19770 19767 
54516 19803 19788 19789 19840 
54517 19807 19805 19792 19843 
54518 19813 19807 19806 19843 
54519 19840 19792 19788 19793 
54520 19813 19803 19804 19843 
54521 19803 19789 19790 19840 
54522 19809 19796 19841 19842 
54523 19812 19811 19841 19842 
54524 19812 19841 19801 19842 
54525 19782 19772 19771 19766 
54526 19800 19798 19799 19784 
54527 19811 19810 19798 19841 
54528 19811 19810 19841 19842 
54529 19822 19811 19812 19842 
54530 19801 19787 19796 19841 
54531 19794 19793 19788 19843 
54532 19821 19820 19810 19842 
54533 19792 19779 19780 19840 
54534 19808 19794 19806 19843 
54535 19815 19812 19801 19842 
54536 19819 19815 19842 19844 
54537 19812 19800 19801 19841 
54538 19819 19801 19796 19842 
54539 19810 19797 19798 19841 
54540 19819 19796 19809 19842 
54541 19806 19807 19845 19808 
54542 19808 19806 19807 19843 
54543 19789 19788 19776 19840 
54544 19808 19845 19816 19817 
54545 19807 19845 19808 19817 
54546 19824 19807 19823 19805 
54547 19819 19815 19801 19842 
54548 19821 19810 19811 19842 
54549 19820 19819 19809 19842 
54550 19796 19787 19795 19841 
54551 19843 19792 19788 19791 
54552 19824 19817 19823 19807 
54553 19816 19845 19814 19817 
54554 19806 19808 19845 19816 
54555 702 12721 19846 703 
54556 19818 19817 19816 19814 
54557 19808 19807 19793 19843 
54558 19823 19817 19845 19807 
54559 19814 19817 19845 19823 
54560 19795 19786 19782 19775 
54561 19830 19819 19820 19844 
54562 19823 19807 19813 19805 
54563 19801 19841 19796 19842 
54564 19822 19821 19842 19844 
54565 19820 19809 19810 19842 
54566 19822 19842 19815 19844 
54567 19800 19786 19795 19775 
54568 19832 19821 19822 19844 
54569 19822 19821 19811 19842 
54570 19806 19794 19802 19843 
54571 19821 19820 19842 19844 
54572 19832 19844 19827 19847 
54573 19831 19830 19820 19844 
54574 19791 19790 19779 19840 
54575 19813 19805 19807 19843 
54576 19827 19815 19826 19844 
54577 19813 19804 19805 19843 
54578 19778 19770 19768 19767 
54579 19823 19834 19833 19848 
54580 19817 19823 19848 19824 
54581 701 19834 19846 12721 
54582 701 19846 19829 702 
54583 19829 19825 19824 19818 
54584 19839 19835 19847 19849 
54585 19825 19818 19846 19834 
54586 19833 19818 19828 19814 
54587 19818 19824 19848 19834 
54588 19833 19818 19846 19828 
54589 19825 19846 19829 701 
54590 19814 19823 19848 19817 
54591 702 19818 19846 19829 
54592 19762 19835 19839 19849 
54593 19828 19818 19816 19814 
54594 19834 19824 19825 19818 
54595 19834 19818 19846 19833 
54596 19807 19792 19793 19843 
54597 19829 19818 19846 19825 
54598 19836 19826 19830 19847 
54599 19830 19826 19844 19847 
54600 19820 19819 19842 19844 
54601 19805 19804 19791 19843 
54602 19827 19844 19826 19847 
54603 19762 958 19765 19849 
54604 19831 19830 19844 19847 
54605 19838 19832 19827 19847 
54606 958 19839 19838 19849 
54607 703 12721 19846 19833 
54608 19778 19770 19774 19768 
54609 19836 19830 19835 19847 
54610 19832 19831 19844 19847 
54611 19835 19830 19831 19847 
54612 19839 19831 19832 19847 
54613 19804 19803 19791 19843 
54614 19836 19847 19835 19849 
54615 19765 19837 19764 19849 
54616 19829 19818 19824 19817 
54617 703 19761 12721 19833 
54618 19763 19836 19835 19849 
54619 19762 19763 19835 19849 
54620 19837 19827 19826 19847 
54621 19839 19847 19838 19849 
54622 19764 19837 19836 19849 
54623 19762 19765 19764 19849 
54624 19827 19822 19815 19844 
54625 19832 19822 19827 19844 
54626 19838 19847 19837 19849 
54627 19762 19764 19763 19849 
54628 19839 19832 19838 19847 
54629 19839 19835 19831 19847 
54630 958 19838 19765 19849 
54631 19837 19826 19836 19847 
54632 19838 19827 19837 19847 
54633 19830 19826 19819 19844 
54634 19762 19839 958 19849 
54635 19764 19836 19763 19849 
54636 19834 19824 19848 19823 
54637 19765 19838 19837 19849 
54638 19784 19773 19775 19772 
54639 19831 19820 19821 19844 
54640 19833 19823 19848 19814 
54641 19828 19818 19846 702 
54642 19767 19769 19770 19768 
54643 19832 19831 19821 19844 
54644 19826 19815 19819 19844 
54645 19774 19771 19773 19766 
54646 19837 19847 19836 19849 
54647 19786 19771 19774 19770 
54648 19777 19771 19767 19766 
54649 19807 19845 19813 19806 
54650 19806 19845 19813 19814 
54651 19814 19845 19813 19823 
54652 19823 19845 19813 19807 
54653 19848 19834 19833 19818 
54654 19833 19848 19818 19814 
54655 19814 19848 19818 19817 
54656 19817 19848 19818 19824 
54657 19806 19816 19845 19814 
54658 19834 19846 12721 19833 
54659 19833 703 19828 19846 
54660 19846 703 19828 702 
54661 702 12721 701 19846 
54662 19825 701 19834 19846 
54663 19853 19857 19855 19861 
54664 19857 19859 19860 19861 
54665 19855 19856 19854 19861 
54666 19854 19858 19860 19861 
54667 12825 19862 710 19863 
54668 710 19862 959 19863 
54669 12825 711 19862 19863 
54670 711 959 19862 19863 
54671 711 19853 959 19863 
54672 712 959 710 19862 
54673 12825 19855 711 19863 
54674 712 710 12825 19862 
54675 19856 19852 960 19864 
54676 960 19850 19860 19864 
54677 19856 19858 19852 19864 
54678 19854 19858 19856 19864 
54679 19852 19858 19851 19850 
54680 19858 19860 19850 19864 
54681 19854 19856 960 19864 
54682 19854 19860 19858 19864 
54683 19854 19856 19858 19861 
54684 19855 19857 19856 19861 
54685 711 19855 19853 19863 
54686 12825 19857 19855 19863 
54687 712 711 959 19862 
54688 19853 19855 19854 19861 
54689 12825 710 19859 19863 
54690 12825 19859 19857 19863 
54691 712 12825 711 19862 
54692 710 959 19853 19863 
54693 19853 19855 19857 19863 
54694 19853 19857 19859 19863 
54695 19854 960 19860 19864 
54696 960 19852 19850 19864 
54697 19853 19854 19859 19861 
54698 19856 19857 19858 19861 
54699 19854 19860 19859 19861 
54700 19853 19859 19857 19861 
54701 710 19853 19859 19863 
54702 19857 19860 19858 19861 
54703 19852 19858 19850 19864 
54704 19870 19877 19868 19878 
54705 19869 19870 19876 19879 
54706 19870 19866 19877 19878 
54707 19867 19866 19877 19880 
54708 961 19868 19867 19878 
54709 961 19867 19866 19878 
54710 19874 19876 19867 19880 
54711 19880 19877 19872 19870 
54712 19867 19877 19872 19880 
54713 19867 19876 19866 19880 
54714 19870 961 19866 19878 
54715 708 709 12824 19881 
54716 19871 19872 19879 19882 
54717 19870 19879 19872 19882 
54718 19871 19879 19873 19882 
54719 19870 19876 19879 19882 
54720 19873 19879 19875 19882 
54721 19875 19879 19876 19882 
54722 708 19881 707 19883 
54723 707 19881 19865 19883 
54724 709 19865 19881 19883 
54725 708 709 19881 19883 
54726 708 707 19871 19883 
54727 12824 19865 707 19881 
54728 708 19875 709 19883 
54729 709 19865 12824 19881 
54730 19869 19875 19873 19879 
54731 19871 19873 19874 19882 
54732 19870 19872 19874 19882 
54733 19869 19873 19871 19879 
54734 19872 19867 19868 19877 
54735 19870 19868 961 19878 
54736 19868 19877 19867 19878 
54737 19870 19872 19868 19877 
54738 19870 19880 19874 19872 
54739 19869 19871 19872 19879 
54740 707 19873 19871 19883 
54741 19870 19876 19874 19880 
54742 709 19875 19873 19883 
54743 708 19871 19869 19883 
54744 708 12824 707 19881 
54745 19869 19871 19873 19883 
54746 709 19873 19865 19883 
54747 19870 19877 19866 19880 
54748 19870 19866 19876 19880 
54749 19869 19872 19870 19879 
54750 19869 19876 19875 19879 
54751 19874 19875 19876 19882 
54752 19872 19880 19874 19867 
54753 19871 19874 19872 19882 
54754 19870 19874 19876 19882 
54755 19867 19877 19866 19878 
54756 707 19865 19873 19883 
54757 708 19869 19875 19883 
54758 19873 19875 19874 19882 
54759 19869 19873 19875 19883 
54760 717 19895 19896 19897 
54761 12923 716 19896 19895 
54762 19889 19897 19896 19898 
54763 716 19893 19896 19897 
54764 19893 19896 19897 19898 
54765 19891 19896 19893 19898 
54766 12923 19896 717 19895 
54767 717 962 19895 19897 
54768 716 19896 19895 19897 
54769 716 19895 962 19897 
54770 19888 19894 19893 19899 
54771 717 19896 19889 19897 
54772 19891 19893 19894 19899 
54773 19890 19899 19891 19900 
54774 19889 19891 19890 19899 
54775 19888 19899 19890 19900 
54776 718 716 12923 19895 
54777 718 962 716 19895 
54778 12923 19889 717 19896 
54779 717 19887 962 19897 
54780 19890 19891 19892 19900 
54781 19891 19899 19894 19900 
54782 19888 19890 19892 19900 
54783 19888 19894 19899 19900 
54784 19890 19886 963 19901 
54785 19889 19896 19891 19898 
54786 19890 19892 19886 19901 
54787 19888 19892 19890 19901 
54788 19888 19890 963 19901 
54789 19886 19892 19885 19884 
54790 19888 19894 19892 19901 
54791 19887 19889 19888 19899 
54792 19887 19897 19889 19898 
54793 12923 19891 19889 19896 
54794 718 717 962 19895 
54795 718 12923 717 19895 
54796 12923 716 19893 19896 
54797 12923 19893 19891 19896 
54798 19887 19893 19897 19898 
54799 19889 19890 19888 19899 
54800 19887 19891 19893 19898 
54801 19888 963 19894 19901 
54802 963 19886 19884 19901 
54803 19887 19889 19891 19898 
54804 19887 19891 19889 19899 
54805 19892 19894 19884 19901 
54806 19887 19893 19891 19899 
54807 19888 19892 19894 19900 
54808 716 19887 19893 19897 
54809 19887 19888 19893 19899 
54810 963 19884 19894 19901 
54811 19891 19894 19892 19900 
54812 19886 19892 19884 19901 
54813 716 962 19887 19897 
54814 717 19889 19887 19897 
54815 19947 19934 19935 19976 
54816 19948 19935 19936 19976 
54817 19934 19976 19933 19977 
54818 19958 19957 19978 19979 
54819 19910 19911 19909 19916 
54820 19921 19913 19916 19909 
54821 19923 19922 19913 19977 
54822 19916 19910 19911 19907 
54823 19917 19918 19915 19908 
54824 19923 19922 19914 19909 
54825 19935 19934 19923 19977 
54826 19916 19910 19915 19909 
54827 19927 19918 19915 19917 
54828 19924 19911 19910 19907 
54829 19974 19967 19968 19980 
54830 19919 19915 19907 19910 
54831 19919 19918 19915 19920 
54832 19910 19915 19907 19916 
54833 19923 19913 19922 19909 
54834 19938 19931 19937 19926 
54835 19916 19915 19907 19917 
54836 19936 19935 19924 19977 
54837 19936 19913 19932 19977 
54838 19933 19921 19922 19977 
54839 19920 19915 19919 19910 
54840 19917 19915 19907 19908 
54841 19933 19932 19921 19977 
54842 19932 19913 19921 19977 
54843 19917 19916 19911 19907 
54844 19930 19931 19918 19920 
54845 19917 19916 19913 19911 
54846 19925 19918 19915 19926 
54847 19925 19931 19918 19926 
54848 19935 19923 19924 19977 
54849 19923 19914 19910 19909 
54850 19926 19931 19918 19938 
54851 19908 19918 19915 19919 
54852 19933 19976 19932 19977 
54853 19924 19912 19913 19911 
54854 19904 19971 19970 19981 
54855 19938 19927 19928 19918 
54856 19974 19970 19980 19981 
54857 19938 19926 19927 19918 
54858 19930 19928 19929 19918 
54859 19920 19931 19918 19925 
54860 19942 19929 19930 19982 
54861 19943 19942 19930 19982 
54862 19922 19913 19921 19909 
54863 19915 19910 19914 19909 
54864 19917 19911 19908 19907 
54865 19951 19950 19943 19941 
54866 19952 19951 19950 19943 
54867 19962 19959 19942 19940 
54868 19949 19942 19943 19982 
54869 19943 19931 19941 19982 
54870 19906 19972 19905 19981 
54871 19968 19957 19958 19979 
54872 19943 19949 19941 19950 
54873 19924 19923 19913 19977 
54874 19934 19933 19922 19977 
54875 19913 19911 19909 19923 
54876 19946 19945 19933 19976 
54877 19947 19946 19976 19978 
54878 19945 19944 19932 19976 
54879 19934 19922 19923 19977 
54880 19936 19912 19913 19977 
54881 19956 19954 19978 19979 
54882 19948 19947 19976 19978 
54883 19936 19976 19935 19977 
54884 19923 19911 19909 19910 
54885 19946 19933 19934 19976 
54886 19922 19921 19913 19977 
54887 19927 19926 19916 19915 
54888 19930 19929 19919 19918 
54889 19947 19946 19934 19976 
54890 19941 19931 19937 19982 
54891 19939 19938 19928 19982 
54892 19945 19932 19933 19976 
54893 19956 19954 19945 19978 
54894 19937 19926 19931 19925 
54895 19908 19915 19907 19919 
54896 19972 19966 19961 19980 
54897 19958 19948 19955 19978 
54898 19948 19976 19944 19978 
54899 19943 19930 19931 19982 
54900 19948 19936 19944 19976 
54901 19936 19924 19912 19977 
54902 19925 19915 19920 19914 
54903 19946 19945 19976 19978 
54904 19948 19947 19935 19976 
54905 19955 19948 19944 19978 
54906 19949 19941 19937 19982 
54907 19930 19919 19920 19918 
54908 19924 19911 19923 19910 
54909 19949 19950 19942 19962 
54910 19949 19937 19938 19982 
54911 19940 19939 19928 19982 
54912 19920 19918 19915 19925 
54913 19928 19931 19918 19930 
54914 19938 19931 19928 19982 
54915 19926 19918 19915 19927 
54916 19962 19942 19949 19940 
54917 19962 19950 19942 19952 
54918 19958 19957 19947 19978 
54919 19953 19952 19951 19950 
54920 19927 19916 19917 19915 
54921 19950 19942 19943 19949 
54922 19952 19962 19953 19959 
54923 19924 19913 19923 19911 
54924 19957 19956 19946 19978 
54925 19955 19944 19954 19978 
54926 19956 19945 19946 19978 
54927 19935 19976 19934 19977 
54928 19965 19961 19954 19979 
54929 19958 19978 19955 19979 
54930 19961 19955 19954 19979 
54931 19967 19956 19957 19979 
54932 19957 19946 19947 19978 
54933 19954 19944 19945 19978 
54934 19940 19928 19929 19982 
54935 19936 19932 19976 19977 
54936 19965 19954 19956 19979 
54937 19944 19936 19932 19976 
54938 19958 19947 19948 19978 
54939 19968 19967 19957 19979 
54940 19968 19958 19966 19979 
54941 19942 19940 19929 19982 
54942 19938 19937 19931 19982 
54943 19964 19953 19959 19952 
54944 19949 19940 19942 19982 
54945 19962 19940 19949 19939 
54946 19982 19949 19941 19943 
54947 19969 19960 19964 19959 
54948 19975 12922 19963 19953 
54949 19963 19953 19951 19950 
54950 19924 19913 19912 19977 
54951 19962 19959 19952 19942 
54952 19975 19959 19964 19953 
54953 19920 19914 19915 19910 
54954 19916 19911 19909 19913 
54955 19974 19980 19973 19981 
54956 19959 19962 19953 19975 
54957 19975 19953 19963 19950 
54958 19953 12922 19963 714 
54959 19966 19955 19961 19979 
54960 19949 19938 19939 19982 
54961 19957 19956 19978 19979 
54962 12922 19964 19953 19975 
54963 713 19964 19969 19960 
54964 19950 19962 19953 19952 
54965 19975 19969 19964 19959 
54966 19969 12922 19964 713 
54967 715 19975 12922 19963 
54968 19952 19950 19942 19943 
54969 19968 19967 19979 19980 
54970 19967 19965 19979 19980 
54971 19972 19980 19971 19981 
54972 19971 19961 19965 19980 
54973 19955 19978 19954 19979 
54974 19971 19965 19970 19980 
54975 19973 19966 19972 19980 
54976 19971 19980 19970 19981 
54977 19972 19961 19971 19980 
54978 19903 19970 19974 19981 
54979 19970 19965 19967 19980 
54980 19974 19970 19967 19980 
54981 19965 19961 19979 19980 
54982 19973 19968 19966 19980 
54983 19974 19968 19973 19980 
54984 19903 964 19904 19981 
54985 964 19974 19973 19981 
54986 19973 19980 19972 19981 
54987 19905 19971 19904 19981 
54988 19906 19973 19972 19981 
54989 19903 19974 964 19981 
54990 19975 12922 19964 19969 
54991 12922 19902 713 19969 
54992 713 12922 19964 714 
54993 19975 19962 19969 19959 
54994 19905 19972 19971 19981 
54995 964 19906 19905 19981 
54996 19966 19979 19961 19980 
54997 19930 19929 19928 19982 
54998 19966 19958 19955 19979 
54999 19903 19904 19970 19981 
55000 964 19905 19904 19981 
55001 19967 19965 19956 19979 
55002 964 19973 19906 19981 
55003 19938 19931 19918 19928 
55004 19968 19979 19966 19980 
55005 19949 19939 19940 19982 
55006 714 715 12922 19963 
55007 714 19964 19953 12922 
55008 12922 19975 19902 19969 
55009 715 19902 12922 19975 
55010 19945 19944 19976 19978 
55011 19931 19930 19928 19982 
55012 19975 19962 19953 19950 
55013 19986 19992 19994 19995 
55014 19992 19993 19994 19995 
55015 19986 19994 19988 19995 
55016 19986 19987 19992 19995 
55017 19988 19994 19989 19995 
55018 19986 19992 19990 19994 
55019 723 19996 965 19997 
55020 13021 19996 723 19997 
55021 13021 722 19996 19997 
55022 722 965 19996 19997 
55023 966 19985 19984 19998 
55024 19985 19984 19998 19999 
55025 966 19984 19983 19998 
55026 19983 19998 19999 20000 
55027 13021 19988 723 19996 
55028 723 19986 965 19996 
55029 724 722 13021 19997 
55030 724 965 722 19997 
55031 19989 19993 19999 20000 
55032 19989 19993 19991 19999 
55033 19993 19983 19999 20000 
55034 19991 19983 19984 19999 
55035 19989 19991 19985 19999 
55036 19985 19999 19998 20000 
55037 19986 19990 19988 19994 
55038 19988 19989 19987 19995 
55039 19987 19993 19992 19995 
55040 19990 19992 19993 19994 
55041 966 19985 19998 20000 
55042 966 19983 19993 20000 
55043 19987 19989 966 19993 
55044 19989 966 19993 20000 
55045 19989 19999 19985 20000 
55046 19989 19994 19993 19995 
55047 19988 19990 19989 19994 
55048 723 19988 19986 19996 
55049 13021 19990 19988 19996 
55050 19986 19988 19987 19995 
55051 13021 19992 19990 19996 
55052 724 13021 723 19997 
55053 19989 19985 966 20000 
55054 13021 722 19992 19996 
55055 722 965 19986 19996 
55056 19989 19990 19993 19994 
55057 19985 19991 19984 19999 
55058 19986 19988 19990 19996 
55059 19986 19990 19992 19996 
55060 19987 19989 19993 19995 
55061 19991 19993 19983 19999 
55062 19989 19990 19991 19993 
55063 724 723 965 19997 
55064 966 19998 19983 20000 
55065 19984 19983 19998 19999 
55066 722 19986 19992 19996 
55067 20010 20003 20013 20014 
55068 20010 20012 20003 20014 
55069 20003 20012 20002 20014 
55070 20006 20012 20010 20014 
55071 20006 20002 20014 20015 
55072 20006 967 20002 20015 
55073 967 20004 20003 20015 
55074 20006 20013 20004 20015 
55075 20008 20010 20003 20013 
55076 20003 20014 20002 20015 
55077 20006 20002 20012 20014 
55078 967 20003 20002 20015 
55079 20016 20009 20017 719 
55080 20007 20009 20010 20018 
55081 20009 20011 20010 20018 
55082 20001 20009 20017 721 
55083 720 721 13020 20017 
55084 721 20001 13020 20017 
55085 720 20007 20005 20016 
55086 720 719 20016 20017 
55087 721 20011 20009 20016 
55088 720 20011 721 20016 
55089 20005 20006 20012 20018 
55090 20006 20014 20013 20015 
55091 20006 20010 20013 20014 
55092 20005 20008 20006 20018 
55093 20005 20012 20011 20018 
55094 20007 20010 20008 20018 
55095 13020 20001 719 20017 
55096 20005 20011 20009 20018 
55097 720 719 20007 20016 
55098 720 20016 721 20017 
55099 720 20005 20011 20016 
55100 20006 20004 967 20015 
55101 20008 20003 20004 20013 
55102 20006 20008 20010 20018 
55103 20005 20009 20011 20016 
55104 20006 20008 20004 20013 
55105 721 20009 20017 20016 
55106 20006 20010 20008 20013 
55107 20005 20007 20008 20018 
55108 20005 20009 20007 20018 
55109 719 20009 20007 20016 
55110 720 13020 719 20017 
55111 719 20009 20017 20001 
55112 20004 20013 20003 20015 
55113 20010 20011 20012 20018 
55114 20006 20010 20012 20018 
55115 20003 20013 20014 20015 
55116 20005 20007 20009 20016 
55117 20044 20035 20024 20093 
55118 20032 20024 20026 20093 
55119 20042 20040 20041 20094 
55120 20044 20033 20032 20024 
55121 20044 20036 20025 20024 
55122 20032 20026 20030 20093 
55123 20039 20026 20027 20094 
55124 20028 20027 20093 20094 
55125 20041 20028 20029 20094 
55126 20040 20031 20039 20094 
55127 20030 20029 20093 20094 
55128 20029 20028 20093 20094 
55129 20054 20053 20041 20040 
55130 20034 20023 20029 20093 
55131 20042 20029 20030 20094 
55132 20042 20031 20040 20094 
55133 20035 20028 20027 20093 
55134 20042 20040 20038 20054 
55135 20039 20037 20026 20094 
55136 20044 20032 20030 20093 
55137 20037 20031 20030 20094 
55138 20046 20035 20044 20034 
55139 20044 20030 20023 20093 
55140 20054 20041 20042 20040 
55141 20031 20040 20038 20042 
55142 20030 20029 20023 20093 
55143 20035 20027 20024 20093 
55144 20040 20039 20027 20094 
55145 20048 20036 20025 20095 
55146 20046 20044 20045 20034 
55147 20043 20038 20042 20031 
55148 20035 20034 20028 20093 
55149 20052 20051 20039 20038 
55150 20046 20045 20044 20095 
55151 20044 20024 20032 20093 
55152 20055 20049 20044 20095 
55153 20044 20034 20035 20093 
55154 20044 20023 20034 20093 
55155 20054 20042 20043 20038 
55156 20044 20033 20025 20095 
55157 20040 20027 20028 20094 
55158 20055 20044 20045 20095 
55159 20048 20047 20036 20095 
55160 20057 20047 20049 20095 
55161 20059 20048 20049 20047 
55162 20054 20038 20043 20096 
55163 20049 20047 20048 20095 
55164 20064 20052 20053 20096 
55165 20038 20096 20052 20051 
55166 20037 20030 20026 20094 
55167 20051 20039 20038 20037 
55168 20047 20046 20036 20095 
55169 20052 20040 20038 20039 
55170 20049 20033 20044 20095 
55171 20054 20040 20038 20053 
55172 20034 20029 20028 20093 
55173 20049 20048 20033 20095 
55174 20066 20050 20056 20049 
55175 20044 20025 20036 20095 
55176 20060 20049 20059 20048 
55177 20066 20059 20060 20049 
55178 20053 20040 20038 20052 
55179 20078 20067 20097 20098 
55180 20057 20055 20045 20095 
55181 20057 20046 20047 20095 
55182 20075 20074 20099 20100 
55183 20069 20058 20059 20098 
55184 20042 20030 20031 20094 
55185 20076 20097 20070 20098 
55186 20066 20056 20050 20098 
55187 20078 20076 20056 20098 
55188 20076 20050 20056 20098 
55189 20070 20069 20059 20098 
55190 20066 20058 20059 20057 
55191 20066 20060 20050 20049 
55192 20046 20044 20036 20095 
55193 20057 20049 20055 20095 
55194 20066 20059 20058 20098 
55195 20072 20099 20068 20100 
55196 20096 20062 20051 20038 
55197 20051 20096 20052 20063 
55198 20073 20062 20063 20099 
55199 20062 20061 20043 20096 
55200 20027 20026 20093 20094 
55201 20061 20054 20043 20096 
55202 20054 20053 20038 20096 
55203 20042 20041 20029 20094 
55204 20065 20064 20053 20096 
55205 20063 20062 20096 20099 
55206 20057 20045 20046 20095 
55207 20064 20063 20052 20096 
55208 20045 20034 20044 20023 
55209 20082 20081 20071 20097 
55210 20021 20089 20020 20101 
55211 20063 20062 20051 20096 
55212 20068 20061 20062 20099 
55213 20062 20043 20038 20096 
55214 20065 20096 20061 20099 
55215 20075 20064 20065 20099 
55216 20096 20053 20038 20052 
55217 20065 20054 20061 20096 
55218 20039 20031 20037 20094 
55219 20065 20053 20054 20096 
55220 20041 20040 20028 20094 
55221 20046 20036 20044 20035 
55222 20030 20093 20026 20094 
55223 20074 20073 20063 20099 
55224 20073 20068 20062 20099 
55225 20064 20063 20096 20099 
55226 20070 20059 20060 20098 
55227 20066 20056 20055 20049 
55228 20065 20064 20096 20099 
55229 20069 20097 20067 20098 
55230 20071 20069 20070 20097 
55231 20078 20066 20067 20098 
55232 20092 20091 20101 20102 
55233 20072 20061 20068 20099 
55234 20079 20068 20073 20100 
55235 20074 20063 20064 20099 
55236 20072 20065 20061 20099 
55237 20075 20099 20072 20100 
55238 20075 20074 20064 20099 
55239 20039 20038 20037 20031 
55240 20075 20065 20072 20099 
55241 20083 20100 20080 20102 
55242 20059 20049 20057 20047 
55243 20080 20072 20068 20100 
55244 20073 20068 20099 20100 
55245 20067 20066 20058 20098 
55246 20080 20100 20079 20102 
55247 20086 20078 20067 20097 
55248 20082 20071 20070 20097 
55249 20086 20067 20081 20097 
55250 20087 20078 20086 20097 
55251 20087 20077 20076 20097 
55252 20069 20067 20058 20098 
55253 20087 20086 20081 20097 
55254 729 730 20082 20077 
55255 20082 20076 20077 20097 
55256 20076 20060 20050 20098 
55257 20077 730 20082 20081 
55258 20087 20076 20078 20097 
55259 20076 20070 20060 20098 
55260 20074 20073 20099 20100 
55261 20084 20079 20073 20100 
55262 20087 20081 20077 20097 
55263 20087 730 20081 20086 
55264 729 730 20077 20087 
55265 20066 20060 20059 20098 
55266 20078 20097 20076 20098 
55267 20084 20073 20074 20100 
55268 20091 20079 20090 20102 
55269 20084 20079 20100 20102 
55270 20083 20072 20080 20100 
55271 20092 20080 20091 20102 
55272 20085 20100 20083 20102 
55273 20062 20061 20096 20099 
55274 20077 730 20081 20087 
55275 20082 20070 20076 20097 
55276 20059 20057 20058 20047 
55277 20086 730 20081 728 
55278 20085 20084 20100 20102 
55279 20088 20085 20083 20102 
55280 20089 20084 20085 20102 
55281 20091 20090 20101 20102 
55282 20092 20101 20088 20102 
55283 20090 20079 20084 20102 
55284 20022 20091 20090 20101 
55285 20083 20075 20072 20100 
55286 20081 730 20082 13120 
55287 20092 20088 20083 20102 
55288 730 729 968 20087 
55289 20085 20075 20083 20100 
55290 20022 20090 20021 20101 
55291 20020 20089 20088 20101 
55292 20019 20020 20088 20101 
55293 20091 20080 20079 20102 
55294 969 20092 20091 20101 
55295 969 20091 20022 20101 
55296 969 20022 20021 20101 
55297 20019 969 20021 20101 
55298 20019 20092 969 20101 
55299 20089 20085 20088 20102 
55300 20090 20084 20089 20102 
55301 20089 20088 20101 20102 
55302 20021 20090 20089 20101 
55303 730 968 728 20086 
55304 20090 20089 20101 20102 
55305 20019 20021 20020 20101 
55306 20085 20084 20074 20100 
55307 20066 20057 20059 20049 
55308 20092 20083 20080 20102 
55309 13120 730 20082 729 
55310 728 730 20081 13120 
55311 20066 20055 20057 20049 
55312 20078 20056 20066 20098 
55313 20080 20068 20079 20100 
55314 20081 20069 20071 20097 
55315 13120 20082 20081 20071 
55316 20044 20035 20036 20024 
55317 20048 20025 20033 20095 
55318 730 20087 968 20086 
55319 20044 20025 20033 20024 
55320 20082 20077 20081 20097 
55321 20070 20097 20069 20098 
55322 20039 20040 20038 20031 
55323 20027 20026 20024 20093 
55324 20081 20067 20069 20097 
55325 20066 20050 20060 20098 
55326 20019 20088 20092 20101 
55327 20085 20074 20075 20100 
55328 20104 970 20105 20179 
55329 20111 20108 20180 20109 
55330 20181 20120 20121 20111 
55331 20131 20118 20119 20182 
55332 20128 20127 20115 20182 
55333 20111 20121 20180 20113 
55334 20113 20108 20180 20111 
55335 20123 20110 20111 20181 
55336 20118 20108 20109 20182 
55337 20134 20120 20121 20181 
55338 20108 20114 20109 20182 
55339 20128 20116 20117 20182 
55340 20112 20120 20111 20113 
55341 20180 20114 20109 20108 
55342 13119 20103 20173 20172 
55343 20130 20117 20118 20182 
55344 20118 20117 20108 20182 
55345 20111 20120 20121 20113 
55346 20130 20129 20117 20182 
55347 20126 20119 20114 20182 
55348 20139 20124 20125 20181 
55349 20138 20137 20123 20181 
55350 20128 20115 20116 20182 
55351 20121 20111 20110 20181 
55352 20124 20111 20112 20181 
55353 20139 20138 20124 20181 
55354 20138 20123 20124 20181 
55355 20136 20134 20122 20181 
55356 20114 20116 20108 20180 
55357 20115 20116 20180 20113 
55358 20127 20126 20114 20182 
55359 20117 20116 20108 20182 
55360 20134 20133 20120 20181 
55361 20122 20121 20110 20181 
55362 20140 20126 20127 20182 
55363 20132 20131 20119 20182 
55364 20127 20114 20115 20182 
55365 20132 20130 20131 20182 
55366 20113 20111 20112 20108 
55367 20131 20130 20118 20182 
55368 20119 20109 20114 20182 
55369 20182 20140 20132 20130 
55370 20142 20130 20140 20129 
55371 726 13119 20183 727 
55372 20173 20163 20184 20162 
55373 20143 20130 20142 20129 
55374 20169 20158 20168 20185 
55375 20119 20118 20109 20182 
55376 20140 20132 20126 20182 
55377 20131 20132 20146 20145 
55378 20130 20140 20132 20145 
55379 20155 20145 20146 20144 
55380 20113 20116 20180 20108 
55381 20163 20145 20162 20143 
55382 20141 20128 20129 20182 
55383 20145 20132 20146 20144 
55384 20142 20140 20141 20129 
55385 20130 20140 20145 20142 
55386 20144 20140 20145 20132 
55387 20145 20162 20152 20155 
55388 20164 725 20173 20183 
55389 20136 20134 20181 20186 
55390 20124 20123 20111 20181 
55391 20148 20135 20134 20186 
55392 970 20178 20177 20179 
55393 20114 20180 20110 20121 
55394 20114 20116 20180 20115 
55395 20133 20125 20120 20181 
55396 20149 20148 20186 20187 
55397 20148 20134 20136 20186 
55398 20147 20139 20133 20186 
55399 20104 20174 20178 20179 
55400 20135 20133 20134 20186 
55401 20150 20137 20138 20186 
55402 20151 20150 20186 20187 
55403 20147 20133 20135 20186 
55404 20151 20150 20138 20186 
55405 20134 20133 20181 20186 
55406 20178 20179 20174 20188 
55407 20141 20140 20127 20182 
55408 20181 20120 20111 20112 
55409 20171 20161 20169 20185 
55410 20150 20149 20137 20186 
55411 20129 20128 20117 20182 
55412 20125 20113 20120 20112 
55413 20151 20186 20147 20187 
55414 20165 20156 20183 726 
55415 20145 20142 20143 20130 
55416 20161 20150 20151 20187 
55417 20151 20139 20147 20186 
55418 20125 20124 20112 20181 
55419 726 13119 725 20183 
55420 20151 20138 20139 20186 
55421 20134 20121 20122 20181 
55422 20132 20119 20126 20182 
55423 20149 20148 20136 20186 
55424 20160 20149 20150 20187 
55425 20157 20135 20148 20187 
55426 20160 20185 20159 20187 
55427 20139 20125 20133 20181 
55428 20138 20137 20181 20186 
55429 20137 20136 20181 20186 
55430 20152 20145 20144 20140 
55431 20137 20136 20122 20181 
55432 20159 20148 20149 20187 
55433 20160 20159 20149 20187 
55434 20150 20149 20186 20187 
55435 20152 20141 20142 20140 
55436 20155 20154 20153 20144 
55437 20140 20129 20130 20182 
55438 20141 20127 20128 20182 
55439 20140 20142 20152 20145 
55440 20116 20115 20114 20182 
55441 20139 20181 20133 20186 
55442 20155 20146 20154 20144 
55443 20158 20151 20147 20187 
55444 20158 20157 20185 20187 
55445 20182 20116 20108 20114 
55446 20183 727 20165 726 
55447 20155 20162 20152 20153 
55448 20157 20147 20135 20187 
55449 20156 20155 20154 20153 
55450 20123 20122 20110 20181 
55451 20152 20155 20144 20145 
55452 20163 20155 20162 20145 
55453 20153 20155 20144 20152 
55454 20161 20151 20158 20187 
55455 20168 20157 20167 20185 
55456 20147 20186 20135 20187 
55457 20145 20130 20131 20132 
55458 20161 20185 20160 20187 
55459 20139 20138 20181 20186 
55460 20158 20147 20157 20187 
55461 20161 20158 20185 20187 
55462 20170 20167 20159 20185 
55463 20161 20160 20150 20187 
55464 20159 20185 20157 20187 
55465 20171 20160 20161 20185 
55466 20143 20142 20145 20162 
55467 20159 20157 20148 20187 
55468 20168 20158 20157 20185 
55469 20148 20135 20186 20187 
55470 20171 20170 20160 20185 
55471 20162 20173 20172 20184 
55472 20155 20162 20184 20163 
55473 725 20173 20183 13119 
55474 725 20183 20166 726 
55475 20166 20164 20163 20156 
55476 20166 20156 20163 20155 
55477 20164 20156 20183 20173 
55478 20172 20156 20165 20153 
55479 20172 20156 20183 20165 
55480 20164 20183 20166 725 
55481 20165 20156 20154 20153 
55482 20153 20162 20184 20155 
55483 726 20156 20183 20166 
55484 20137 20122 20123 20181 
55485 20156 20163 20184 20173 
55486 20173 20163 20164 20156 
55487 20173 20156 20183 20172 
55488 20141 20129 20140 20182 
55489 13119 20103 725 20173 
55490 20145 20142 20152 20162 
55491 20167 20157 20159 20185 
55492 727 13119 20183 20172 
55493 20149 20136 20137 20186 
55494 20172 20162 20184 20153 
55495 20175 20167 20174 20188 
55496 20170 20159 20160 20185 
55497 20176 20168 20175 20188 
55498 20171 20185 20169 20188 
55499 20166 20156 20183 20164 
55500 20168 20185 20167 20188 
55501 20105 20175 20174 20179 
55502 20171 20170 20185 20188 
55503 20177 20171 20169 20188 
55504 20174 20167 20170 20188 
55505 20178 20170 20171 20188 
55506 20178 20171 20177 20188 
55507 20107 20177 20176 20179 
55508 20107 20176 20106 20179 
55509 20170 20167 20185 20188 
55510 727 20103 13119 20172 
55511 20106 20176 20175 20179 
55512 20106 20175 20105 20179 
55513 970 20106 20105 20179 
55514 20104 20105 20174 20179 
55515 20125 20112 20120 20181 
55516 20176 20175 20179 20188 
55517 20178 20177 20179 20188 
55518 970 20107 20106 20179 
55519 20175 20174 20179 20188 
55520 20176 20169 20168 20188 
55521 20169 20185 20168 20188 
55522 20178 20174 20170 20188 
55523 970 20177 20107 20179 
55524 20175 20168 20167 20188 
55525 20177 20176 20179 20188 
55526 20177 20169 20176 20188 
55527 20169 20161 20158 20185 
55528 20104 20178 970 20179 
55529 20109 20111 20110 20180 
55530 20109 20180 20110 20114 
55531 20180 20115 20121 20114 
55532 20113 20115 20121 20180 
55533 20110 20111 20121 20180 
55534 20184 20173 20172 20156 
55535 20172 20184 20156 20153 
55536 20153 20184 20156 20155 
55537 20155 20184 20156 20163 
55538 20172 727 20165 20183 
55539 20173 20183 13119 20172 
$EndElements
