$MeshFormat
4.1 0 8
$EndMeshFormat
$Entities
0 0 0 1
1 0 0 0 0 0 0 0 0 
$EndEntities
$PartitionedEntities
4
0
0 0 5 6
2 3 1 2 1 4 -9.994400000000001 -5.028616999999999 43.39136 -0.05088389999999965 4.93052 47.6182 0 0 
3 3 1 2 2 4 -7.847324 -7.850352 22.33766 7.938651 7.999384 28.45256 0 0 
4 3 1 2 1 2 -8.084847999999999 0.07214103000000005 69.19970000000001 -2.100999 6.352778 71.45031 0 0 
5 3 1 2 3 4 1.916516 -6.274918 66.39559 8.215626 -0.1545114000000001 69.20842 0 0 
6 3 1 2 3 4 0.07227237000000031 -5.036123 41.17028 10.08936 4.931884 45.80977 0 0 
2 3 1 1 3 0.07227237000000031 -6.375686 41.17028 10.12977 6.381257 130.6853 0 2 5 6 
5 3 1 1 1 -10.1106 -6.37895 43.39136 -0.05039684000000033 6.381216999999999 130.6853 0 2 2 4 
6 3 1 1 2 -7.999983 -7.999964 0 8 7.999998 28.45256 0 1 3 
7 3 1 1 2 -9.11008 0.03501349999999981 69.19970000000001 -1.070081 6.377031 130.6853 0 1 -4 
8 3 1 1 4 -10.1297 -7.999993999999999 22.33766 10.12977 7.999998 47.6182 0 2 -2 -3 
9 3 1 1 4 1.070085 -6.381301 66.39559 9.110080999999999 -0.03185452999999994 130.6853 0 2 -5 -6 
$EndPartitionedEntities
$Nodes
6 5536 1 18381
2 2 0 18
1532
1644
1519
1548
1642
1676
1553
1540
1533
1527
1518
1636
1526
1517
1663
1551
1552
1529
-8.695361999999999 3.521415 46.95394
-5.799591 0.8320189 45.9765
-9.948352999999999 1.340005 46.5418
-0.4121202 -1.87486 46.88256
-3.608537 -2.368787 45.28097
-2.202257 1.104625 45.11704
-0.4498788 1.966454 47.21515
-0.0508839 0.07006427 47.6182
-6.576447 4.81551 46.79392
-5.423889 -5.028617 43.39136
-8.573914 -3.64161 43.85928
-5.623487 -0.6908246 43.65211
-2.831919 -4.505455 44.38447
-9.994400000000001 -1.160202 45.57279
-4.188163 2.5991 47.02856
-4.046823 4.93052 46.55301
-1.863657 3.871512 46.81825
-0.8129327 -2.665412 43.69371
2 3 0 28
1164
1272
1158
1292
1283
1273
1136
1298
1107
1159
1067
1135
1163
1266
1130
1141
1167
1278
1157
1124
1281
1286
1066
1287
1142
1137
1114
1262
-4.403304 -6.679141 25.56464
-2.5603 -2.834614 26.36968
-6.603881 -4.515391 25.67833
4.670787 -1.227024 24.77033
0.9469676 1.178248 24.84004
2.08534 -3.097574 27.00009
5.632086 5.681514 22.61802
3.829726 2.730051 23.1893
7.175913 3.53642 23.11777
6.753044 -4.289102 25.73686
7.56692 -2.596483 22.33766
3.080339 7.383191 22.95031
-4.40725 6.676537 25.73245
-0.4869183 5.35965 26.59988
-3.000019 7.416191 22.49498
-1.540121 -7.850352 25.59242
4.500483 -6.61405 25.65946
0.7024502 4.93912 22.75518
-6.634751 4.469909 25.85532
-7.847324 1.555475 25.98486
-4.143003 2.713001 26.24233
-1.514926 0.8564603 26.86365
7.938651 0.9888514 22.5707
-4.831728 0.383206 27.8546
1.580475 -7.842327 25.65993
-7.830902 -1.636148 25.88811
0.09927451 7.999384 22.79094
-0.05914626 -4.034957 28.45256
2 5 0 14
1931
1857
1874
1966
1854
1858
1859
1865
1965
1864
1932
1851
1867
1866
5.854485 -2.123218 67.00476
5.964397 -0.1545114 67.72793
3.814968 -0.2990676 66.58705
5.670886 -4.471537 67.09231
7.182402 -5.594344 66.95863
8.215626 -3.763632 66.39559
7.682679 -1.37412 66.94803
2.579199 -5.149444 68.85437
3.740027 -2.881626 69.20842
1.916516 -3.117923 68.62639
3.906448 -2.92142 67.06520999999999
2.330984 -1.635961 67.11646
6.230776 -6.16935 68.80186
4.27492 -6.274918 68.78699
2 6 0 16
1350
1463
1333
1456
1459
1458
1460
1366
1363
1337
1336
1335
1461
1362
1341
1342
1.791157 -3.809924 43.11128
3.535813 -0.9240235 43.94639
5.279503 -5.036123 43.66327
7.514573 2.166474 44.60294
6.407516 2.272015 42.4099
3.302276 2.139315 45.58105
5.064943 -1.949194 41.55401
7.339721 4.509716 45.12988
9.478700999999999 2.477586 45.80977
0.07227237 -0.4690554 43.77177
1.096166 3.073607 43.92919
8.319065999999999 -3.869377 43.90962
7.700068 -0.3193578 44.04395
4.053288 4.931884 45.09978
9.777380000000001 -1.851389 41.17028
10.08936 0.6368558 43.46092
3 8 0 212
1059
1205
1174
1203
1020
1038
5
1060
1263
1171
1170
1265
1063
1204
1267
1268
1033
1269
1270
1206
1274
1173
1275
1037
1276
1277
1175
1284
1285
1190
1029
1025
3
1036
1288
1289
1290
1291
1126
1293
1031
1138
1162
1024
1294
1034
1295
1041
1035
1027
1165
1030
1028
1064
1172
1023
1297
1139
2
1021
1299
1019
1191
1057
1193
1160
1166
1192
1302
1040
1042
1169
6
1039
1168
1058
1062
1127
4
1032
1022
1140
1
1026
1061
1424
1422
1452
1453
1381
1380
1454
1393
1455
1361
1468
1387
1471
1472
1473
1474
1394
1349
1475
1377
1364
1476
1477
1426
1423
1420
1359
1478
1368
1479
1357
1411
1343
1340
1425
1334
1427
1375
1370
1345
1399
1365
1378
1360
1344
1358
1356
1346
1408
14
1421
1327
1328
1382
1510
1581
1621
1622
1589
1582
1623
1611
1624
1618
1616
1601
1625
1626
1627
1572
1547
1628
1629
1539
1632
1633
1634
1522
1635
1523
1538
1580
1566
1579
1653
1657
1658
1612
1614
1563
1659
1561
1546
1565
1666
1588
1583
1610
1535
1669
1670
1520
1556
1598
1615
1509
1508
1515
1617
1619
1534
1507
1562
1528
1521
1530
1531
1536
1555
1560
1537
1516
1545
1554
1613
1571
1578
1.490244 -7.859973 32
0.7134537 -5.11827 32
0.01001323 -7.999994 28.81404
-1.442933 -5.98433 32
-1.457804 -3.493563 32
3.559681 -4.801697 32
6.336884 -4.883021 32
4.268691 -6.765965 32
4.498682 -3.800745 29.96106
-0.005163594 7.999998 28.91568
2.970557 7.428041 28.93651
-0.1073117 5.017361 29.81389
-1.503106 7.857523 32
1.421887 5.965304 32
-2.646469 4.626806 29.66253
0.6108815 2.737961 27.47078
1.392985 3.424894 32
0.01290544 2.610496 30.30207
3.651222 3.740272 30.07293
-0.7071774 5.079915 32
2.137242 -5.16897 30.06683
-2.976819 -7.425533 28.79142
-3.383564 -3.934896 29.53768
1.418081 -3.451787 32
2.133775 -2.389362 30.68102
0.4280549 -2.114598 30.0003
3.013639 -7.410667 28.82762
-4.67951 2.636848 29.70138
-2.275739 2.092555 30.3126
-5.542017 5.769406 28.89961
-4.350514 2.510966 32
-7.792681 1.809452 32
-6.336884 4.883021 32
0.3723241 -1.772339 32
-1.567607 -1.48351 28.84539
0.9726122 -0.6835032 30.71203
0.2507026 0.2071713 29.18342
-0.7061008 -0.5673062 30.7641
7.913773 -1.171407 26.53515
-3.351075 -0.8745081 30.47528
-5.019461 -0.3048024 32
-7.999887 -0.04250063 28.98658
-7.336266 3.190486 28.97066
-3.507325 4.784694 32
0.3224247 0.8298048 30.77706
0.2687846 1.467487 32
3.033724 1.244198 27.86319
1.875239 0.6368306 32
0.05213709 -0.1324294 32
-5.160055 -2.771237 32
-7.306609 -3.25783 28.91763
-2.944183 -2.080282 32
-2.075029 0.5047443 32
-4.278519 6.759754 32
-2.987516 7.421236 28.89397
-1.340328 3.36716 32
2.550918 4.77532 26.65618
1.548736 7.848657 25.87739
-0.05039684 0 32
-0.3189753 -1.623258 32
3.471245 0.1781629 30.17456
-3.6024 -4.815104 32
-5.509135 -5.800813 28.81612
-4.286598 -6.754634 32
5.477185 5.83099 29.00627
6.524052 4.629983 26.09088
7.33673 -3.18942 29.15485
5.569862 -5.742528 28.85042
5.330556 -0.8199174 28.3409
3.842861 -1.678737 32
1.512128 -1.279692 32
7.25548 3.370166 29.32718
8 0 32
4.174975 2.015128 32
4.378996 6.695102 25.88859
-1.518031 -7.854653 32
1.507368 7.856707 32
7.796535 1.792774 26.7856
6.336884 4.883021 32
3.564076 4.803095 32
-0.325246 1.641574 32
-1.530646 7.852205 25.77188
-6.336884 -4.883021 32
-7.794302 -1.802459 32
4.278832 6.759556 32
0.07455576 -0.4928722 35.74317
0.4006903 1.846085 35.85571
2.438996 0.1561488 38.28217
3.08748 1.141055 35.76755
0.3067007 -1.586723 40.64316
0.280233 1.504586 40.9378
2.896021 1.030338 41.32304
1.023795 2.977203 38.02789
4.691351 2.640878 39.30346
8.909624000000001 3.287781 42.87095
2.206883 -2.162688 33.40165
3.611372 -4.817867 37.31454
2.331267 -1.560317 36.29434
3.395101 -2.066585 38.94612
5.249069 -2.629087 34.61837
5.18072 -0.1097985 38.34299
0.5056894 -2.093268 37.63579
1.902257 3.903357 40.54946
5.962709 2.520998 36.37949
3.301617 4.711668 37.71361
6.495245 4.839828 38.17947
5.409455 0.08299541000000001 34.44638
1.566753 -0.1382984 34.48868
0.1361463 -0.9257146000000001 33.70353
0.7661762 -2.588873 34.63599
2.567891 -4.363138 34.53632
9.895473000000001 1.518758 34.89734
8.020300000000001 -0.1707307 36.11134
7.95832 4.143866 34.96055
7.648933 -0.6169474 40.22473
9.209659 2.903014 37.71283
2.024095 3.999768 34.93727
6.238022 4.907204 42.03551
8.368029 3.827985 40.25108
0.6983581 2.472081 33.77008
3.341363 4.726563 42.46065
0.1054844 0.7431103 33.90292
1.798481 -3.816253 39.48541
6.38844 -4.869567 37.70329
4.300832 -4.9775 40.44342
5.114908 -5.039623 34.74694
9.002279 -3.176968 37.91802
7.926576 -4.165659 34.87146
9.843367000000001 -1.674722 34.9314
7.467435 -4.443715 40.80613
10.12633 -0.1859217 37.86773
9.902186 1.497352 40.51769
4.276349 4.973556 40.11797
1.69309 -3.72275 36.72384
10.12977 0 32
0.06523176 0.386402 38.22952
9.118814 -3.027825 32
9.127934 3.015653 32
4.958851 5.037975 34.98772
-8.688805 3.528116 32
-9.447716 2.531686 34.88348
-6.035906 2.287321 33.83547
-7.656798 -3.293157e-06 33.57171
-4.902009 5.036174 34.8387
-7.527586 4.411007 34.90624
-4.16673 2.795763 35.78838
-2.417492 4.272667 34.68694
-2.572706 1.987042 34.32707
-0.1015573 0.7162737 34.24948
-0.7804419 2.612552 34.48387
-1.331463 3.357262 37.22323
-2.349601 1.035727 36.74565
-2.740061 -0.4773169 33.93906
-2.624362 1.434565 39.74817
-3.44153 4.762426 37.58989
-6.156753 4.925508 37.84027
-5.947277 2.52973 40.44625
-6.159609 1.113145 37.04324
-9.332401000000001 -2.720503 40.54129
-7.575335 -1.75896 42.01501
-5.961884 -2.516905 37.90855
-7.67682 0.3488194 40.18064
-10.03035 0.9960541000000001 43.33607
-7.701015 1.233728 44.31602
-9.912952000000001 -1.462303 42.77363
-10.12762 -0.1469837 40.42021
-10.1297 -0.02473247 34.84611
-9.928032 -1.411613 37.66497
-9.438185000000001 -2.548021 34.82871
-8.157404 -1.20408 36.29532
-4.26378 -0.5064301 38.84453
-4.325725 -2.361407 41.93994
-0.07907952 -0.5369177000000001 38.54079
-0.739583 -2.543931 36.72544
-0.7994611 -2.643671 40.13055
-3.515119 -1.621859 36.19893
-2.33723 -4.221401 38.39548
-4.675051 -5.022566 39.88149
-9.970311000000001 1.257684 37.67074
-5.763528 -1.716751 33.99269
-5.062026 -5.039606 34.65671
-7.581573 -4.38074 34.76825
-2.42513 -4.277435 34.97752
-4.463029 5.000522 40.68126
-4.803398 2.594993 43.95473
-2.719206 1.173623 42.38067
-7.827863 4.23119 44.34579
-8.552630000000001 -3.661854 37.66774
-0.3915301 1.822645 39.46848
-0.07443766 -0.4916689 36.10773
-9.968610999999999 1.264262 32
-9.970537 -1.256808 32
-9.322526999999999 2.73584 44.8342
-0.8919627999999999 -2.788229 34.03523
-0.1946466 -1.197138 34.21075
-2.588688 4.375094 43.55319
-8.692971999999999 -3.523861 32
-1.931245 3.926853 40.18868
-5.495366 5.023362 43.76507
-7.438736 4.45895 41.03651
-0.8629637999999999 2.744066 44.90258
-7.321636 -4.518692 40.58843
-2.600778 -4.381984 41.64063
-8.589717 3.626426 37.81911
-0.6210213 2.329361 42.36719
-9.523260000000001 2.396944 40.47838
-9.027282 3.145929 42.75576
-6.329813 -4.884822 37.47457
-0.05780391 0.2731367 44.76256
-0.2369267 1.358422 36.7136
-4.090584 -4.939577 37.06298
-0.05905122 -0.2952215 41.55131
3 9 0 5248
1872
1856
1934
1916
1935
1936
1937
1834
1848
32
1907
1938
1939
1940
1941
1900
1942
1915
1901
1909
1908
1840
1943
1944
1945
1894
1946
1913
1897
1947
1914
1899
1885
1948
1833
1949
1950
1951
1831
1952
1830
31
1895
1882
1881
1957
1910
29
1884
1958
1911
1896
1959
1847
1912
1960
1893
30
1836
1837
1963
1832
1826
1825
1842
1841
1839
1838
1964
1829
1849
1846
1827
1835
1828
34
1892
1869
1886
33
1868
1880
1863
1855
1870
1887
1883
1843
1871
1898
2541
2544
2545
2482
2481
2474
2546
2535
2547
2486
2548
2475
2549
2490
2466
65
2469
2550
2503
2495
2551
2488
2473
2502
2552
2504
2496
2477
2476
2483
2471
2472
2553
2498
2527
2519
2521
2543
2539
2542
2554
2518
2499
2555
2492
2491
2510
2556
2507
2500
2557
2534
2501
2522
2558
2559
2485
2497
2467
2560
66
69
63
2525
2462
2523
2528
2468
2561
2463
2562
2531
2526
2563
2540
2537
2480
2538
2479
2478
2536
2533
2520
2484
2493
2489
2487
2515
2494
2514
2564
2513
2465
2530
2464
2516
2505
2506
67
2508
2512
2509
2524
2517
2532
2470
2511
2529
64
68
62
2593
2645
2584
2646
2606
2592
2576
2647
2648
70
2624
71
2603
2577
2583
2649
2588
2587
2650
2595
2579
2580
2590
2582
2601
2651
2585
2652
2653
2612
2654
2597
2618
2581
2609
2617
2607
2594
2589
2578
2565
2655
2656
76
2657
2634
2567
2633
2625
74
75
2568
2630
2621
2627
2658
2631
2659
2640
2660
2642
2661
2638
2591
2644
2596
2600
2611
2586
2615
2598
2602
2608
2641
2605
2599
2632
2610
2614
2604
2619
2620
2573
2622
2643
2613
2629
2626
2616
2637
2636
2628
2662
2635
2663
2572
2623
2570
2569
2575
2566
72
2639
2571
73
2574
3606
3652
3604
3653
3583
3582
3654
3596
3588
3580
3598
3597
3595
3593
3587
3586
3594
3655
3612
3611
3656
3650
3610
3657
3570
3613
3609
3640
3658
3629
3659
3660
3661
3618
3619
3642
3637
3662
3663
3664
3558
3561
3665
3666
3555
3565
3667
3557
3668
3669
3634
133
3635
3670
3556
3560
3671
3577
3576
3672
131
3641
3639
3645
3644
3673
3638
3621
3615
3674
3648
3563
3562
132
3636
3630
3554
3559
3632
3620
3625
3626
3622
3628
3600
3585
3581
3590
3579
3589
3599
3601
3584
3592
3616
3614
3603
3578
3575
3574
3602
3607
3608
3591
3566
3646
3569
3624
3605
3617
3623
3568
135
3647
3567
3572
3571
136
3649
3631
3627
3633
3643
3573
3651
3564
134
141
3769
3757
3770
3685
140
3758
142
3771
3772
3748
3773
3766
3750
3675
3679
138
3723
3713
3774
3775
3724
3767
3728
3776
3725
3727
3726
3676
3777
3682
3684
3778
3683
3779
3677
3680
3756
3755
3746
3745
3780
3754
3781
3752
3687
3762
3765
3688
137
3753
3697
3693
3692
3782
3704
3703
3707
3699
3696
3718
3717
3783
3714
3701
3705
3700
3708
3702
3694
3695
3698
3735
3720
3722
3784
3712
3785
3709
3710
3734
3731
3719
3733
3706
3715
3711
3742
3732
3730
3729
3716
139
3691
3759
3721
3739
3736
3749
3741
3743
3686
3738
3737
3747
3751
3740
3744
3764
3763
3786
3689
3768
3690
3761
3760
3681
3678
3868
3885
3886
3887
3863
3855
3864
3859
3856
3852
3888
3858
3889
3809
3878
3877
3890
3873
3891
3801
3884
3800
3892
3880
3867
3854
3849
3851
3893
3810
3842
3841
3894
3883
3839
3840
3895
3843
3796
3789
3896
3897
3787
3898
3899
3875
3900
144
3901
3902
3805
3903
3798
3904
3905
3861
3866
3865
3807
3812
3906
145
3791
3790
3794
3799
146
3907
3797
3811
3788
3869
3874
3862
3871
3793
143
3795
3792
3803
3882
148
3802
3881
3838
3820
3831
3908
3814
3909
3837
3828
3830
3823
3815
3833
3824
3827
3817
3813
3825
3816
3835
3826
3818
3910
3821
3829
3822
3848
3834
3850
3844
3845
3832
3819
3857
3836
3847
3846
3853
3808
3806
3860
3876
3804
3872
3870
147
3879
3959
4006
3930
3929
3928
4007
4008
3962
4009
4004
3960
3961
3955
4010
3950
4011
3964
3953
4012
3945
3968
3956
4013
3954
150
3918
3919
4014
3923
3992
3991
4015
3970
3912
4005
4016
4017
3911
149
3915
4018
3977
4019
3975
4020
3988
3985
3987
3983
4021
4022
4023
3979
4024
3916
151
4025
3914
3998
3922
4026
4002
3990
3921
4027
4028
3994
153
3920
3924
3989
3993
3963
3939
3938
4029
3936
3933
3949
3937
3932
3931
3943
3944
3947
3946
3942
3948
3940
3957
3925
3926
4000
3952
3935
3958
3951
3941
3966
3967
3965
3934
3984
3974
3978
3969
3972
3971
3973
3976
3981
3980
3996
3982
3997
4001
3986
3917
152
4003
3999
3927
3995
154
3913
5983
5984
5985
5986
5987
5988
5989
5979
5990
269
5972
5958
5991
5992
5896
5973
5897
266
5894
5914
5902
5898
5993
5969
5961
5994
5892
5971
5895
5995
5962
270
5960
5968
5908
5899
5918
5905
5906
5919
5907
5903
5900
5922
5910
5996
5911
5923
5925
5913
5909
5901
5997
5917
5904
5893
265
5928
5970
5926
5920
5931
5929
5915
5940
5932
5921
5998
5933
5934
5927
5912
5916
5936
5924
5999
267
264
263
5939
5942
5949
5967
5964
6000
6001
5943
5953
5965
5954
5938
5937
5955
5959
5930
6002
5951
5945
5977
5950
5974
5966
5947
5944
5956
5941
5976
5935
5952
5946
5957
5948
5963
5980
5982
5978
5981
5975
268
6034
6091
6033
6092
6048
6037
6044
6093
272
6094
271
6095
6046
6026
6038
6045
6064
6061
6065
6049
6058
6056
6068
6096
6097
6059
6031
6015
6013
6098
6020
6011
6099
6030
6022
6014
6040
6023
6018
6053
6021
6016
6024
6036
6017
6019
6010
6028
6006
6077
6100
6087
6084
6081
6101
6032
6012
6025
6069
275
6027
6039
6080
6003
6005
277
6035
6079
6057
6060
6043
6052
6051
6029
6102
6055
6054
6041
6075
6042
6047
276
6074
6103
6104
6086
6083
6050
6085
6067
6066
6105
6073
6071
6088
6082
6070
6063
6076
6062
6106
6107
6072
6004
6089
6078
273
6007
274
6009
6090
6008
6162
6147
6199
6200
6170
6201
6172
6168
6157
6202
6171
6150
6149
6159
6158
285
282
6203
6108
6188
6204
6180
6173
6169
6205
6127
6206
6120
6207
6179
6191
279
6190
6109
278
280
6178
6114
6208
6189
6145
6125
6134
6209
6118
6144
6136
6210
6135
6182
6181
6165
6164
6187
6166
6211
6195
6167
6212
6156
6119
6116
6122
6115
6117
6133
6132
6124
6123
6130
6131
6213
6141
6214
6121
6137
6129
6128
6126
6111
6143
6140
6146
6148
6139
6151
6152
6154
6215
6142
6138
6155
6153
6160
6176
6175
6163
6161
281
6177
6110
6186
6174
6183
283
6197
6193
6196
6185
6194
6198
6192
6112
284
6184
6113
6299
6311
6295
6312
6294
6293
6218
6219
290
6313
6308
6314
6315
6301
6310
6307
6234
6233
6231
6316
6244
6243
6317
6267
6255
6318
6225
6249
6248
6319
6252
6247
6320
6239
6237
6227
6228
6223
6224
6264
6230
6241
6226
6232
6259
6235
6238
6258
6257
6321
6236
6240
6251
6246
6245
6253
6229
6302
6305
6262
6250
6268
6242
6256
6285
6281
6273
6322
6272
6270
6263
6271
6260
6254
6274
6261
6276
6282
6323
6279
6278
6324
6325
6297
6280
6286
6284
6269
6283
6275
6266
6277
6265
6292
6291
6303
6288
6290
6289
287
6326
292
6309
6306
6327
6216
6304
289
6296
291
6221
6298
6287
6217
288
6300
6222
286
6220
6333
6404
6419
6420
6418
6410
6405
6421
6422
6406
6416
6330
6331
297
6423
6334
6424
6396
6425
6426
6328
6408
6402
6329
295
6407
6400
6427
6428
6384
6383
6429
6403
6430
296
6395
6372
6361
6431
6349
6346
6339
6432
6433
6344
6337
6338
6345
6359
6352
6354
6341
6340
6350
6336
6342
6347
6357
6343
6351
6348
6353
6434
6335
6360
6358
6370
6369
6365
6362
6356
6377
6367
6373
6394
6393
6364
6363
6368
6389
6366
6435
6355
299
6409
6380
6376
6379
6378
6391
6371
6386
6375
6401
6381
6374
6398
6392
6382
6390
6385
6387
6388
6436
294
6414
6437
6399
6417
6415
6397
300
6411
6412
6413
293
6332
298
6518
6496
6506
6526
6523
6522
6527
6528
6524
6529
6530
6531
6521
6525
6532
305
6533
6534
6504
6503
6439
6511
6535
6512
6438
301
302
6478
6468
6469
6536
6502
6537
6479
6485
6482
6538
6452
6446
6445
6539
6464
6460
6540
6455
6454
6473
6465
6458
6457
6450
6541
6475
6451
6448
6456
6444
6440
6453
6459
6466
6447
6470
6461
6449
6472
6471
6483
6467
6487
6494
6486
6474
6542
6462
6463
6492
6491
6488
6480
6517
6509
6477
6476
6499
6493
6495
6514
306
6513
6441
6490
6489
6484
6481
6498
307
6501
6508
6497
304
6500
6443
6505
6507
6520
6516
303
6510
6442
6515
6519
311
6608
6623
6634
6546
6544
6624
310
6635
6554
6636
6551
6637
309
315
6610
6638
6609
6639
6561
6558
6559
6611
6626
6640
6562
6560
6553
6557
6556
6552
6570
6563
6575
6565
6550
6566
6586
6576
6641
6571
6564
6555
313
6569
6568
6578
6579
6583
6567
6572
6577
6617
6601
6642
6643
6580
6589
6633
6622
6629
6644
6590
6595
6574
6585
6645
6581
6573
6587
6582
6593
6591
6594
6543
6584
6599
6596
308
6625
6620
6619
6646
6606
6588
6602
6605
6603
6592
6604
6597
6598
6614
6600
6607
6549
6647
6632
312
6615
6613
6628
6627
6612
6616
6630
6545
6618
6621
6547
314
6548
6631
6708
6727
6740
6729
6741
6742
6725
6723
6722
6726
6730
6738
6743
6651
6734
321
6744
6731
6745
6732
6719
6746
319
6650
6747
318
6654
320
6648
6748
6687
6686
6666
6749
6672
6663
6657
6750
6668
6655
6660
6751
6711
6676
6661
6656
6752
6669
6665
6670
6662
6659
6674
6681
6680
6677
6698
6688
6691
6671
6682
6753
6664
6673
6754
6667
6658
6684
6679
6706
6678
6690
6689
6721
6702
6692
6755
6685
6694
6718
6683
6653
6737
6739
6675
6697
6701
6756
6714
6700
6720
6733
6757
6704
6695
6717
6649
317
316
6705
6710
6724
6709
6707
6696
6713
6699
322
6715
6712
6693
6703
6716
6736
6735
6728
6652
10146
10123
10133
10148
10135
10141
10149
10132
10142
10131
10136
10129
10121
10144
10143
10150
10087
10079
10076
10151
10088
10072
10152
10153
10094
10086
10077
10073
10069
10085
10075
10081
10082
10090
10074
10084
10083
10070
10068
10067
10078
10080
10096
10095
10103
10071
10099
10091
10063
542
10154
10092
10093
10097
10062
539
10155
10089
541
10106
10109
10102
10156
10098
10113
10104
10108
10100
10114
10118
10112
10101
10107
10119
10117
10157
540
10065
10122
10110
10115
10158
10105
10134
10125
10159
10116
10138
10127
10160
10126
10139
10111
10120
10124
10140
10137
10128
10147
10130
544
543
10145
10066
10064
10235
10228
10247
10248
10229
10245
10221
10232
10244
10243
10227
10242
10179
10166
10249
10167
10200
10182
10191
10250
10181
10172
10190
10180
10189
10178
10170
10188
10177
10173
10251
10169
10168
10252
10184
10171
10186
10175
10174
10176
10196
10199
10194
10253
10209
10187
10198
10193
10185
10195
10205
10192
10254
10183
10211
10210
10212
10203
10201
10215
10204
10217
10216
10255
10207
10206
10197
10220
10208
10219
10223
10202
10213
10256
10224
10214
10236
10218
10233
10231
10225
10237
10257
10238
10230
550
10258
10222
10241
548
10165
546
10161
547
10259
10234
10164
549
10260
10240
545
10226
10246
10239
10163
10162
10276
10275
10282
10284
10277
10274
10273
10268
10267
10266
10271
10345
10269
553
10340
10332
10346
10288
10270
10278
10285
10272
10279
10339
10347
10336
10348
10309
10299
10293
10291
10283
10292
10300
10290
10349
10281
10280
10289
10322
10312
10286
10296
10311
10310
10307
10297
10304
10303
10350
10287
10295
10294
10301
10302
10298
10305
10316
10319
10306
10324
10337
10323
10338
10315
10331
10314
10313
10351
10327
10330
10320
10328
10326
10317
10308
10329
556
554
10343
10352
10318
10325
10265
10335
10262
555
10342
10334
10353
10344
10321
10261
551
10341
552
10333
10264
10263
559
10427
10358
10440
10354
10435
10382
10363
10372
10441
10376
10361
10362
10442
10443
10374
10367
10370
10444
10359
557
10436
10387
10383
10445
10369
10365
10380
10379
10392
10384
10393
10366
10375
10364
10381
10371
10360
10431
10406
10416
10446
10378
10368
10377
10398
10386
10373
10447
10388
10391
10385
10399
10390
10403
10404
10401
10448
10394
10430
10408
10400
10405
10396
10397
10414
10409
10389
10402
10426
10395
10417
10449
10418
10411
10412
10415
10410
10421
10432
10450
10407
10433
10420
10422
10451
10413
10423
10424
10425
10434
10419
10439
10429
10428
558
10355
10452
10438
10437
561
10357
562
560
10356
10476
10470
10462
10536
10474
10465
10459
10537
10468
10463
10471
10467
10460
10461
10475
10477
10464
10469
10472
10538
10504
10503
10494
10484
10482
10466
10491
10478
10483
10485
10481
10495
10486
10490
10480
10458
10502
10492
10479
10499
10487
10489
10501
10496
10488
10473
10508
10505
10539
10497
10507
10498
10540
10493
10522
10513
10541
10529
10515
10511
10506
10500
10512
10521
10519
568
566
10534
10542
10516
10510
10520
10457
10526
10533
567
10518
10514
10530
10523
564
565
10525
10543
10531
10544
10545
10453
563
10532
10456
10524
10454
10528
10517
10509
10527
10535
10546
10455
10633
10625
10637
10638
10609
10618
10639
10627
10610
10621
10619
10624
10640
10617
10578
10567
10568
10641
10556
10642
10555
10643
10583
10577
10572
10560
10554
10557
10563
10562
10574
10573
10589
10579
10559
10564
10552
10565
10561
10644
10580
10569
10570
10558
10571
10566
571
10551
10645
10584
10581
10598
10588
10646
10595
10582
10575
10553
10590
574
10548
572
10586
10576
10585
10601
10602
10592
570
10594
10606
10599
10608
10605
10647
10596
569
10648
10597
10587
10607
10612
10600
10593
10591
10615
10649
10623
10613
10603
10604
10650
10614
10549
10631
10628
10611
10629
10651
10630
10626
10550
10547
10632
10622
10620
10636
10616
10635
10634
573
10677
10660
10669
10739
10661
10665
10740
10666
10659
10741
10673
10663
10683
10676
10680
10653
579
10742
10743
10671
10667
10664
10662
10658
10691
10681
10744
10692
10690
10657
10688
10686
10679
10674
10684
10668
10656
10726
10655
10728
10745
10678
10670
10685
10682
10675
10687
10705
10704
10672
10689
10746
10702
10699
10693
10747
10698
10695
10694
10700
10696
10697
10714
10707
10706
10725
10732
10718
10748
10716
10710
10709
10715
10703
10731
10749
10711
10750
10708
10701
10721
10720
10724
10722
10713
10719
10733
10717
10738
10723
10736
10712
10730
10729
10652
575
10735
10734
576
577
10727
10737
580
578
10654
10808
10807
10795
10838
10794
10839
10768
10764
10763
10840
582
583
10755
10841
10778
10762
10773
10842
10783
10774
10777
10772
10785
10776
10767
10761
10765
10757
10766
10760
10759
10758
10780
10769
10779
10784
10775
10805
10796
10792
10770
10771
10756
10782
10798
10787
10793
10788
10802
10781
10791
10800
10789
10814
10806
10799
10786
10797
10811
10843
10828
10816
10790
10844
10824
10813
10804
10801
10845
10818
10810
10846
10812
10820
10822
10819
10809
10821
10823
10831
10815
10847
10817
10803
10829
10753
10832
10825
10826
10837
10834
10833
10848
10827
10751
10835
10754
585
586
584
10836
10849
10830
581
10752
10926
10911
10918
10931
10927
10932
10933
10905
10919
10915
10904
10914
10916
10925
10908
10899
10934
589
10854
10850
587
10869
10862
10860
10857
10856
10861
10855
10870
10864
10935
10878
10863
10859
10871
10936
10889
10886
10887
10868
588
10937
10938
10865
10939
10874
10867
10892
10884
10872
10866
10858
10881
10879
10877
10882
10876
10940
10883
10873
10894
10891
10880
10875
10896
10909
591
10928
10903
10902
10907
10906
10941
10885
10920
10890
10897
10917
10888
10924
10898
10910
10922
10853
10893
10901
10895
10912
10900
10930
10923
10942
10913
592
10921
10851
590
10929
10852
11003
11028
10989
11029
11002
10988
11030
10985
10998
10997
10987
10978
10999
10996
10981
10964
10963
10954
10962
10957
11031
10968
10958
10952
11032
10953
10949
10966
10972
10955
10951
10967
10956
10961
10960
11033
10965
10950
10986
10979
10977
10969
598
11034
597
11035
10974
10975
10971
10970
10980
594
10946
10948
10959
11036
11014
10991
10992
10973
10982
10993
11037
10947
11015
10976
10984
10994
10983
11005
10995
11004
595
10945
11022
11019
11038
11039
10990
11000
11018
11040
11023
11010
11008
11001
11009
11011
11006
11027
11007
11020
11012
11026
11025
10943
11024
11013
11021
11017
11016
10944
11041
593
596
11126
11129
11118
11130
11127
11114
11131
11125
11117
11110
11111
11113
11132
11109
11102
11054
11049
11050
11133
11051
11134
11068
11052
11062
11071
11053
11055
11048
11047
11058
11056
11057
11075
11064
11063
11076
11066
11077
11065
11135
11061
599
11045
11079
11073
11067
11136
11072
11059
11060
11080
11093
11084
11083
11094
11074
11070
11069
11089
11078
11137
11088
11085
11091
11081
11138
11087
11086
11097
11103
11104
11082
11100
11099
11139
11115
11140
11096
11095
11122
11106
11090
11098
11092
11112
11108
11107
11042
11121
11105
11123
11141
600
11043
11124
11116
11119
601
11046
11101
602
11128
11120
604
603
11044
11209
11227
11228
11229
610
11230
609
11231
11223
11214
11224
11212
607
11142
11222
11232
11218
11233
11221
11226
11206
11219
11220
11143
606
608
11225
11208
11217
11200
11211
11207
11146
11166
11156
11152
11234
11178
11154
11161
11235
11147
11236
11237
11171
11162
11169
11155
11165
11153
11164
11149
11151
11150
11148
11168
11174
11170
11163
11160
11238
11179
11172
11175
11167
11159
11157
11158
11173
11186
11176
11185
11184
11239
11188
11177
11240
11191
11190
11181
11180
11241
11198
11183
11201
11187
11192
11196
11189
11195
11182
11204
11205
11194
11242
11213
11202
11193
11203
11197
11199
11216
11215
11210
11145
605
11144
11256
11252
11254
11251
11326
11263
11257
11248
11253
11250
11327
11258
11264
11255
11265
11262
11281
11260
11285
11279
11275
11328
11312
11292
11291
11282
11261
11249
11284
11259
11266
11269
11287
11267
11268
11272
11273
11270
11271
11277
11302
11301
11289
11329
11322
11314
11307
11330
11305
11318
11331
11274
11276
11280
11304
11293
11286
11278
11298
11297
11288
615
11323
11315
11332
11283
11294
11319
11333
11303
11295
11296
11334
11311
11309
11300
11320
11290
11306
11310
11324
11316
11308
11299
616
11244
614
11317
11325
613
11321
11313
11335
11243
611
11247
612
11246
11245
11357
11351
11344
11425
11358
11349
11341
11353
11352
11343
11426
11356
11427
11378
11345
11362
11350
11347
11348
11361
11360
11428
11354
11342
11365
11372
11363
11346
11393
11429
11382
11430
11383
11376
11371
11359
11370
11369
11367
11431
11364
11355
11366
11379
11368
11390
11377
11381
618
619
11432
11433
622
11337
620
11434
11374
11386
11396
11384
11388
11435
11399
11375
11395
11373
11387
11436
11385
11400
11389
11401
11403
11380
11391
11392
11411
11402
11398
11410
11409
11437
11406
11394
11408
11397
11417
11416
11438
11419
11418
11404
11439
11407
11405
11422
11414
11420
11412
11338
11424
11421
11423
11415
11340
621
11413
11339
11440
11336
617
11514
11511
11524
11525
11519
11506
11526
11505
11522
11496
11521
11507
11454
11448
11452
11446
11460
11527
11451
11447
11464
11457
11455
11463
11456
11465
11458
11450
11462
11468
11453
11461
11486
11470
11528
623
11512
11520
11529
11459
11473
11471
11479
11472
11467
11476
11474
11469
11449
11466
11530
11490
11489
11478
11484
11483
11475
11482
11488
624
626
11442
11480
11494
11531
11492
11493
11518
11515
11532
11533
11498
11477
11517
11503
11501
11502
11499
11481
11510
11504
11497
11495
11487
11485
11509
11491
11523
11516
11500
11508
11513
628
625
11445
11441
627
11444
11443
11604
11622
11603
11623
11617
11620
11612
11606
11593
631
11609
11538
11624
11602
11594
11607
11619
11605
11534
11625
11545
11542
11541
11626
11555
11546
11627
11562
11544
11547
11556
11568
11567
11548
11551
11552
11549
11540
11566
11557
11543
11539
11553
11550
11628
11561
11554
11558
11559
11560
11573
11564
11572
11629
11571
11577
11579
11578
11563
11565
630
11569
11582
11570
11598
11584
11630
11599
11585
11580
11631
11590
11591
11596
11583
11632
11576
11595
11592
11589
11581
11600
11574
11586
11608
11597
11575
11587
11588
634
632
11615
11601
11633
11634
11614
11613
11536
11616
11610
11621
11611
629
11537
633
11535
11618
16656
16650
16651
16659
16649
16660
16607
16606
16592
16661
16605
16599
16597
16594
16593
16608
16596
16598
16595
16611
16610
16602
16590
16589
16588
16600
16662
16613
16612
16601
16615
16614
16603
16663
16604
16591
16616
16620
16629
16618
16619
16631
16630
16658
16645
16657
16639
16623
16617
16628
16609
16632
16621
16664
16624
16644
16634
16635
16627
16626
16638
16637
16665
16625
16642
16633
16622
16641
16586
16655
16585
16666
16654
16587
16640
16648
16667
16647
16653
16646
16636
16643
16652
876
875
16584
16718
16715
16741
16742
16738
16737
16743
16744
16672
16671
16670
877
16739
16740
16728
16720
16716
16745
16727
16723
16722
16746
16729
16725
16747
16734
16735
16721
16710
16685
16683
16684
16674
16678
16677
16676
16689
16680
16687
16675
16679
16748
16681
16694
16693
16699
16688
16749
16686
16673
16730
16700
16682
16702
16692
16698
16691
16750
16714
16703
16705
16751
16696
16706
16695
16704
16697
16701
16690
16708
16707
16717
16726
16709
16711
16712
16713
16724
16719
16732
16733
16731
16668
16736
16669
16763
16755
16764
16753
16752
16765
16766
16757
16758
16762
16760
879
16754
16756
16761
16767
16759
878
16770
16769
16780
16781
16773
16779
16782
880
16771
16774
16776
16777
16783
16778
16784
16775
16785
16786
16768
16772
16787
16788
16853
16860
16856
16855
16861
882
16789
16790
16850
16843
16842
16831
16832
16862
16804
16796
16795
16794
16810
16797
16799
16800
16812
16803
16813
16821
16802
16792
16791
16806
16793
16801
16809
16808
16798
16859
16849
16835
16863
16807
16846
16848
16811
16817
16805
16864
16819
16815
16820
16814
16847
16837
16836
16816
16827
16822
16823
16825
16824
881
16845
16826
16818
16865
16829
16828
16841
16840
16830
16833
16834
16866
16858
16838
16844
16839
16851
16852
16857
16854
16874
16878
16879
16880
16872
16870
883
16868
16869
16871
16881
16876
16877
16875
16882
16883
16873
16867
16895
884
16896
16891
16893
16897
16887
16898
16888
16894
16890
885
16899
16892
16889
16886
16885
16900
16884
16910
16912
16903
16913
16906
16914
16902
16908
16915
16916
886
16904
16901
16917
16918
16907
16911
16905
16909
16921
16992
16920
16996
16931
16930
16927
16923
16933
16938
16935
16932
16928
16943
16944
16947
16936
16926
16934
16937
16997
16948
16945
16925
16924
16939
16960
16974
16979
16998
16989
16981
16990
16949
16941
16953
16951
16999
16940
16942
16929
16967
16955
16956
16922
16993
16957
16958
16950
16966
17000
16963
16961
16965
16952
16969
16946
16962
16959
16978
16968
16975
17001
16964
16972
887
16971
17002
16954
16977
16973
16970
16991
16976
16982
16987
16983
17003
16985
16984
16980
16986
16988
16994
888
16995
16919
17016
17017
17018
17012
17008
17011
17009
17019
17014
17015
17010
17013
17020
17021
17004
17006
17005
17022
889
17007
17032
17027
17031
17097
17062
17051
17098
17099
17063
17052
17053
17096
17092
17100
17101
17088
17080
17102
17085
17083
17103
17087
17086
17042
17034
17033
17041
17039
17040
17037
17104
17054
17044
17045
17035
17050
17043
17064
17038
17030
17028
17089
17029
17058
17056
17105
17036
17046
17084
17048
17106
17047
17057
17072
17065
17059
17060
17061
17107
17049
17077
17079
17066
17055
17074
17073
17071
17069
17068
17067
17108
17070
17076
17075
17082
17078
17081
17090
17091
890
17094
17093
17095
17024
17023
891
17026
17025
17134
17125
17187
17188
17131
17120
17121
17133
17132
17122
17177
17176
17189
17190
17112
17183
17182
17191
892
17185
17184
17111
17181
17113
17110
17150
17137
17138
17192
17152
17151
17193
17163
17162
17194
17174
17164
17166
17154
17123
17114
17117
17195
17116
17115
17196
17119
17127
17126
17128
17124
17143
17129
17118
17197
17130
17141
17140
17139
17136
17144
17146
17135
17198
17149
17148
17199
17158
17178
17175
17153
17142
17155
17145
17156
17147
17159
17157
17170
17160
17168
17161
17167
17165
17173
17186
17171
17172
17180
17169
17179
17109
17220
17218
17205
17276
17212
17211
17210
17277
17213
17209
17207
17206
17222
17208
17221
17216
17215
17236
17230
17278
17224
17217
17229
17228
17214
17226
17223
17237
17227
17225
17231
17219
17232
17235
17258
17257
17247
17279
17234
17233
17264
17263
17203
17273
17202
17280
17204
17239
17238
17249
17242
17240
17241
17253
17261
17201
17272
17271
17245
17281
17246
17244
17248
17255
17254
17256
17252
17243
17282
17251
17250
17259
17262
17283
17265
17267
17268
894
17275
17274
17270
17284
17269
17260
17266
893
17200
17297
17298
17285
17289
17292
17290
17299
17294
17295
17296
17293
17288
17287
17286
17300
17301
895
17291
896
17371
17370
17377
17374
17367
17366
17378
17373
17379
17376
17368
17369
17375
17347
17333
17334
17380
17335
17331
17381
17355
17344
17345
17382
17348
17302
17303
17372
897
17305
17362
17350
17351
17383
17353
17352
17342
17318
17317
17312
17384
17314
17313
17323
17322
17385
17364
17354
17326
17325
17327
17315
17310
17311
17328
17316
17321
17308
17309
17324
17307
17319
17329
17386
17306
17338
17337
17332
17336
17330
17387
17340
17320
17359
17356
17388
17343
17346
17349
17339
17341
17360
17358
17357
17365
17363
17361
17304
898
17465
17464
17466
17390
17393
17403
17401
17402
17467
17397
17394
17408
17448
17447
17441
17468
17409
17400
17399
17414
17396
17415
17410
17411
17412
17469
17398
17421
17420
17406
17407
17404
17405
17449
17440
17432
17443
17416
17428
17417
17422
17470
17425
17424
17413
17423
17395
17463
17427
17419
17418
17459
17453
17452
17471
17439
17430
17444
17460
17450
17462
17429
17433
17426
17461
17434
17435
17436
17446
17437
17438
17445
17431
17442
17454
17472
17456
17458
17457
17455
17389
17451
17392
17391
17476
17546
17475
17549
17474
17545
17544
17539
17538
17550
17541
17496
17483
17484
17551
17500
17490
17491
17489
17498
17487
17477
17478
17482
17480
17479
17501
17488
17486
17503
17502
17494
17481
17552
17485
17492
17495
17497
17509
17508
17553
17521
17510
17506
17504
17518
17520
17514
17499
17511
17554
17522
17516
17515
17493
17534
17512
17523
17517
17513
17532
17507
17525
17524
17519
17505
17555
17529
17527
17556
900
17547
17531
17528
17530
17526
17557
17535
17540
17543
17537
17542
17536
17533
17558
899
17548
17473
17571
17559
17572
17567
17564
17560
17570
17573
17562
901
17566
17568
17561
17563
17565
17569
17582
17585
17574
17586
17587
17579
17588
903
17576
17575
17589
17580
17584
17578
17590
17581
17583
17591
17577
17592
902
17597
17601
17603
17605
904
17596
17606
17607
17602
17604
17608
17599
17600
17609
17594
17593
17595
17598
17630
17616
17617
17688
17624
17623
17618
17689
17634
17622
17636
17631
17632
17645
17646
17621
17620
17615
17614
17633
17626
17635
17619
17647
17690
17625
17638
17637
17628
17627
17649
17648
17691
17644
17639
17629
17640
17642
17641
17651
17643
17653
17652
17656
17692
17659
17650
17661
17654
17673
17671
17664
17657
17660
17658
17668
17693
17669
17670
17663
17667
17655
17662
17665
17694
17666
17677
17674
17695
17678
17680
17682
17675
17687
17696
17686
17697
17672
17676
17611
17684
17683
17681
17679
17685
17613
905
906
17610
17612
907
17775
17774
17776
17699
17771
17727
17705
17723
17777
17719
17708
17709
17704
17715
17706
17716
17711
17713
17712
17728
17720
17717
17707
17703
17710
17702
17770
17764
17778
17721
17722
17731
17732
17734
17714
17763
17769
17761
17759
17725
17726
17698
17733
17730
17760
17753
17729
17718
17737
17724
17779
17738
17736
17743
17742
17741
17740
17752
17751
17780
17765
17754
17762
17781
17750
17739
17744
17749
17748
17745
17735
17747
17758
17757
17782
17746
17755
17756
17768
17767
17766
17783
17772
17700
17773
17701
17788
17793
17795
17796
17791
17794
17792
17790
909
17797
17786
17785
17798
17784
17799
17800
908
17789
17787
17803
17813
17812
17814
17809
17805
17811
17806
17802
910
17804
17801
17815
17816
17810
17808
17807
17817
17829
17830
17831
17821
17822
912
17828
17832
17825
17823
17833
17824
911
17826
17827
17820
17818
17819
17843
17846
17844
17847
17838
17840
17842
17848
17841
17849
17839
17836
17845
17835
913
17834
17850
17837
17921
17917
17915
17925
17924
17923
17926
915
17854
17920
17904
17897
17893
17927
17896
17928
17870
17869
17858
17857
17856
17855
17859
17929
17879
17880
17891
17887
17882
17868
17863
17872
17865
17860
17862
17867
17871
17930
17874
17861
17864
17884
17873
17931
17885
17875
17876
17886
17877
17866
17878
17889
17895
17894
17898
17890
17919
17918
17912
17932
17881
17916
17911
17905
17901
17892
17933
17888
17883
17908
17900
17910
17903
17906
17907
17899
17902
17914
17913
17909
17922
17851
914
17853
17852
17962
17960
17961
18009
17971
17959
17983
17972
18010
17985
17974
17975
18011
17993
18012
17982
17973
17981
17984
17991
17979
17980
18013
18003
18002
18014
18015
18005
18004
17937
916
17938
17989
17987
18016
17999
17988
17997
18001
17948
17942
17939
17940
17947
17941
17958
17946
17954
18017
17945
17944
17950
17949
18018
17952
17963
17951
17965
17953
17966
18019
17943
17956
17955
17970
17969
18020
17957
17968
17967
17978
17977
17964
17976
17992
17995
17996
17986
17990
17998
18007
18008
17934
17994
18000
18006
17935
17936
18036
18029
18032
18101
18037
18031
18030
18043
18102
18035
18046
18103
18045
18058
18034
18027
18033
18025
18026
18048
18047
18049
18044
18057
18060
18042
18104
18059
18039
18038
18050
18105
18062
18061
18051
18106
18041
18028
18040
18054
18053
18052
18056
18065
18055
18063
18070
18069
18074
18066
18067
18086
18077
18084
18064
18094
18085
18107
18071
18108
18072
18081
18073
18082
18080
18083
18078
18068
18076
18079
18075
18092
18109
18088
18093
18091
18023
18097
18022
18110
18095
18090
18089
18024
18099
18098
18087
18111
18100
18096
18021
917
918
18178
18191
18112
18186
18185
18179
18144
18156
18148
18147
18126
18118
18120
18117
18135
18134
18192
18193
18125
18129
18124
18140
18137
18136
18194
18128
18127
18123
18119
18121
18132
18131
18142
18167
18159
18160
18195
18122
18133
18130
18172
18162
18163
18196
18139
18141
18143
18183
18181
18197
18198
18149
18146
18157
18151
18138
18199
18154
18153
18155
18116
18115
18114
18200
18164
18161
18145
18174
18168
18150
18158
18166
919
18189
18176
18165
18152
18171
18169
18188
18170
18180
18173
18177
18182
18175
18184
18187
18190
18113
18214
18205
18206
18276
18209
18217
18216
18277
18201
18271
18275
18278
18204
18274
18273
18203
18272
18202
18250
18242
18238
18279
18266
18280
18215
18227
18254
18243
18281
18268
18255
18282
18231
18219
18220
18283
18208
18222
18226
18213
18211
18207
18212
921
18210
18228
18232
18230
18284
18234
18221
18229
18224
18223
18218
18225
18245
18233
18285
18241
18240
18237
18236
18239
18244
18258
18286
18235
18253
18256
18246
18247
18248
18249
18259
18252
18251
18262
18261
18263
18287
18270
18269
18260
18257
18267
18265
920
18264
18306
18300
18301
18370
18296
18295
18294
18371
18299
18293
18318
18305
18298
18297
18307
18312
18311
18372
18320
18313
18308
18321
18302
18310
18309
18337
18319
18327
18373
18346
18374
18345
18375
18315
18303
18322
18325
18326
18324
18314
18328
18317
18290
18363
18366
18376
18377
18334
18332
18340
18364
18343
18354
18342
18356
18348
18344
18351
18350
18323
922
18368
18292
18341
18304
18316
18329
18331
18336
18335
18339
18347
18338
18330
18333
18378
18358
18357
18349
18379
18365
18352
18355
18380
18362
18359
18353
18288
18381
18360
18361
18367
18369
18289
18291
8.236094 -2.779972 68.95341000000001
7.360566 -0.9874814 69.34464
6.325074 -3.58043 68.91994
6.908644 -0.6042054 75.53176999999999
5.973053 -3.138335 75.39727000000001
5.224543 -1.473164 76.25828
5.980546 -1.695547 74.48014000000001
5.986308 -1.552121 77.55714999999999
6.043695 -0.1783512 77.55714999999999
7.604875 -1.268722 77.55714999999999
5.064076 -0.03185453 75.52448
4.340772 -3.996686 73.76645000000001
4.270397 -1.933522 73.75618
6.451773 -3.422293 73.68939
4.027583 -2.603648 75.69622
6.006738 -0.1669601 73.53607
6.142099 -1.565399 72.48815999999999
8.091564 -2.171916 75.50244000000001
7.599112 -1.261265 73.48323000000001
2.072093 -2.221096 75.43617
3.228084 -0.6351036 75.48678
6.724234 -2.72009 77.55714999999999
6.877367 -3.518773 76.33204000000001
5.803817 -3.432964 76.80721
5.683842 -2.429934 76.68762
1.915279 -3.206192 73.24218
4.478944 -1.912562 71.3523
6.963512 -5.769678 75.42979
6.138391 -6.203284 73.2433
5.643348 -4.790624 75.38273
8.117039 -4.164095 75.46217
8.263000999999999 -3.097253 73.36884999999999
8.170071999999999 -3.976629 71.14685
5.469279 -4.201232 70.61790000000001
3.573196 -2.48106 77.55714999999999
4.281865 -3.473274 76.87398
2.912941 -2.366716 76.62425
4.440078 -2.33571 76.78291
3.642741 -3.74861 77.55714999999999
2.947465 -3.953432 76.59921
1.915279 -3.206398 77.55714999999999
2.575287 -1.268722 77.55714999999999
2.538155 -5.095212 73.21132
3.288478 -5.820665 71.01723
2.069754 -4.184809 70.99075999999999
4.234735 -3.879546 75.55985
2.077896 -4.209599 75.40114
2.575287 -5.144378 77.55714999999999
7.08307 -5.677858 71.06065
6.399217 -1.951752 70.58577
3.249568 -5.793417 75.39635
4.160679 -6.242267 73.22172
4.330257 -5.066051 76.11869
6.03951 -6.236064 77.55714999999999
5.10819 -6.381301 75.40647
5.163598 -4.558583 76.75036
2.526417 -1.333852 73.32238
5.070081 -3.20655 77.55714999999999
5.124881 -2.963689 77.55714999999999
5.121831 -3.423022 77.55714999999999
5.08975 -3.377368 77.10527999999999
4.509541 -3.042292 77.55714999999999
4.962036 -3.855013 77.55714999999999
4.325322 -4.763589 77.55714999999999
5.698403 -2.775788 77.55714999999999
6.904384 -3.910686 77.55714999999999
5.986221 -4.86092 77.55714999999999
5.291391 -4.038637 77.55714999999999
4.872116 -3.218991 76.24305
4.010441 -1.441409 77.55714999999999
4.149544 -0.1742642 77.55714999999999
4.108137 -6.225681 77.55714999999999
5.024931 -2.783987 77.55714999999999
5.291458 -2.374318 77.55714999999999
4.78589 -2.178931 77.55714999999999
8.264882999999999 -3.20655 77.55714999999999
4.086533 -0.1945308 73.4581
3.292319 -0.5897928 71.25435
5.051799 -0.03197884 71.51354000000001
7.604875 -5.144378 77.55714999999999
7.832838 -4.805503 68.88195
2.092264 -2.161342 71.04246000000001
2.719557 -1.094682 68.983
4.356647 -0.1176274 69.25021
5.957851 -0.1526439 69.86626
8.030404000000001 -2.009108 71.30492
5.206446 -6.379219 71.02226
5.954411 -3.621524 77.55714999999999
6.837478 -0.5558954 71.54069
7.712887 -4.995476 73.28471
5.618864 -1.873782 78.46261
5.214708 -2.568146 78.41965
5.915575 -2.618079 78.48812
7.225401 -5.203223 83.3994
5.440935 -4.308345 84.36743
6.429255 -5.087102 85.52558000000001
6.553053 -3.576508 83.65051
6.419604 -1.32952 79.23738
7.372922 -2.690871 79.47848999999999
5.118713 -3.392165 87.31186
7.138128 -3.801265 87.48527
5.370592 -4.193555 85.99741
7.043307 -3.302795 85.34177
5.563424 -1.938539 87.11511
6.359352 -2.945863 93.55714999999999
5.889326 -1.622329 93.55714999999999
7.284709 -2.067564 93.55714999999999
6.989876 -2.332044 92.66160000000001
7.957151 -5.018309 88.76114
8.98874 -3.892582 88.79352
7.695581 -3.822644 89.30741999999999
7.219517 -5.203554 87.13757
7.948742 -5.022218 85.40657
5.305538 -4.068888 88.91186
7.003944 -2.497457 88.18219999999999
6.441665 -5.091549 88.83264
5.241163 -2.494408 83.60577000000001
6.087507 -1.48773 85.27337
5.138265 -2.871974 85.56271
9.01327 -3.821263 82.93279
8.501756 -4.642949 84.17744
8.78509 -2.113689 83.94422
7.310036 -2.881323 82.35306
8.290265 -4.821222 81.33598000000001
5.127281 -2.94482 81.73996
5.807291 -1.689073 82.1691
7.827607 -1.339693 79.78304
5.110433 -3.169008 78.23864
5.111415 -3.133517 79.10324
5.189238 -3.763652 78.42991000000001
6.113499 -3.508989 78.488
5.480549 -4.36613 82.56516000000001
6.654279 -5.153919 81.24441
7.407545 -2.506004 89.90897
8.426259999999999 -1.700671 87.14846
6.961581 -1.212071 87.04498
9.109486 -3.157751 90.57482
7.859956 -2.82327 91.26443
8.924848000000001 -2.365944 88.81348
8.90673 -2.327885 79.41937
7.760779 -4.064624 78.35711000000001
6.273214 -5.023045 79.26927000000001
8.813903 -4.253923 79.34084
7.611664 -5.142632 79.69333
6.005488 -3.014483 79.53119
6.615918 -2.876679 80.89989
9.096549 -3.438811 80.95957
8.606444 -1.879562 81.69794
7.646016 -3.074282 93.55714999999999
7.723128 -3.187338 92.56147
8.370001999999999 -1.93403 93.55714999999999
9.110080999999999 -3.20655 93.55714999999999
8.370001999999999 -4.47907 93.55714999999999
8.881309 -4.135393 92.035
7.647601 -3.339565 93.55714999999999
5.341326 -2.273005 92.04943
6.391503 -1.340097 91.97927
7.112725 -1.206552 93.55714999999999
6.598732 -2.694203 91.55642
6.359423 -3.467184 93.55714999999999
6.116714 -3.100033 92.55991
7.786437 -1.324386 91.97328
8.858311 -2.235111 92.03167000000001
6.702844 -4.092616 92.77882
5.562305 -4.473194 78.47774
5.310188 -4.07855 79.45834000000001
9.045598 -3.710308 85.17740999999999
5.392616 -2.181701 79.41922
8.878078 -2.271571 85.71769
7.790162 -1.325729 85.35256
5.114557 -3.072827 80.26312
5.626493 -1.865295 80.67140000000001
6.913147 -1.21627 81.18186
7.053413 -1.207353 83.33047000000001
9.106688999999999 -3.090124 87.12012
5.811354 -4.727507 87.30029999999999
8.619826 -4.518294 87.04071
7.174339 -5.205518 90.39651000000001
5.22553 -2.536874 88.86467
8.534602 -4.610381 90.4092
6.910557 -3.862431 91.20153999999999
5.77164 -4.692677 90.46171
7.2865 -4.345646 93.55714999999999
7.837092 -5.069734 91.98423
7.121812 -5.206516 93.55714999999999
7.053102 -1.207362 90.36919
6.256596 -1.397804 88.75449
7.780033 -1.322097 88.75248999999999
8.330836 -1.622329 93.55714999999999
5.110751 -3.2583 90.62593
5.688237 -1.800008 90.42993
5.110216 -3.22977 92.08287
5.363617 -4.181159 92.05741999999999
8.455556 -1.726787 90.40612
5.440417 -4.30756 80.79029
5.110082 -3.204295 93.55714999999999
9.10994 -3.182786 92.05747
6.442407 -5.091812 91.99438000000001
5.889326 -4.790771 93.55714999999999
9.110080999999999 -3.20655 77.55714999999999
8.330836 -4.790771 93.55714999999999
1.280045 -2.31449 83.03609
3.216793 -2.625814 83.08289000000001
1.652237 -1.795977 85.14527
2.179494 -3.464018 84.15916
2.570551 -1.269937 83.20847999999999
3.43058 -1.239308 85.00005
1.072288 -3.112612 85.84726999999999
2.964781 -3.291958 86.07056
3.70873 -4.165325 92.66252
4.290836 -4.790771 93.55714999999999
4.879475 -4.058661 91.8599
4.330002 -4.47907 93.55714999999999
1.408297 -4.319417 83.14149
1.313876 -4.163495 85.05731
2.456383 -5.110067 85.27298999999999
2.595151 -3.795945 81.94181
4.384573 -1.699198 86.66262999999999
2.624121 -1.256904 86.92465
3.738313 -3.687023 87.3501
3.563874 -5.144634 88.54951
3.994325 -4.980183 86.73295
2.629511 -5.157421 87.14606000000001
5.048763 -3.497788 86.37114
1.210614 -2.470085 87.46578
5.068117 -3.295165 90.11557000000001
3.561436 -2.50813 89.28716
4.816634 -4.181001 88.3428
3.519609 -3.694977 90.28918
2.326089 -3.679915 89.31103
4.491924 -1.800008 90.15916
2.438092 -2.778449 90.94462
2.051175 -1.485553 88.88772
3.071436 -1.206551 90.3205
1.407786 -4.318654 86.85348999999999
1.521085 -4.471703 90.19497
2.891718 -5.198581 90.21181
4.631717 -4.456067 83.22131
3.158114 -5.204612 83.46543
4.26424 -4.810914 84.95834000000001
1.072739 -3.103468 84.3685
3.56952 -3.322367 93.55714999999999
3.834603 -2.808067 92.28873
2.861767 -3.230462 92.68935
5.070081 -3.20655 93.55714999999999
3.050523 -3.93926 91.56792
3.726537 -5.095747 91.86429
3.066992 -5.206548 93.55714999999999
2.245592 -5.028697 91.86501
4.91404 -2.432072 91.86902000000001
4.330002 -1.93403 93.55714999999999
4.290836 -1.622329 93.55714999999999
3.233018 -4.346348 93.55714999999999
3.488416 -5.16231 78.97114999999999
1.922287 -4.844405 79.12982
2.873858 -5.196901 80.50041
2.65623 -3.385287 79.22322
2.978805 -1.208634 79.47457
3.698907 -2.240149 78.89919999999999
4.801695 -2.205795 78.74903999999999
4.262525 -3.019307 78.42874999999999
5.069063 -3.270342 79.09994
3.816411 -3.257298 80.70735999999999
4.291688 -1.622986 79.79671999999999
4.822867 -2.243356 84.83898000000001
5.035344 -2.835412 78.18210999999999
2.055332 -4.930001 88.60375000000001
1.110888 -2.804604 89.89394
3.713281 -1.312799 88.52854000000001
1.176139 -3.849188 88.58445
1.973417 -1.534029 81.29061
4.94481 -2.50985 88.3319
5.021446 -3.644928 84.53673999999999
4.372632 -4.724233 90.15711
4.699491 -4.366302 78.8535
4.205836 -1.560324 83.20350000000001
1.084238 -2.969008 81.20932000000001
2.405502 -1.320195 91.98276
1.813855 -1.650306 90.58329999999999
1.528884 -4.481191 80.914
2.438258 -5.104127 82.00729
1.087069 -3.46667 79.29797000000001
1.556669 -1.89904 79.39212999999999
1.260309 -4.057858 77.55714999999999
1.282008 -2.310561 91.90222
5.035841 -3.575045 78.28632
5.049507 -2.920414 83.12718
4.974031 -3.818902 81.52202
4.767979 -2.1496 81.56476000000001
3.870065 -5.039588 81.85872000000001
4.954915 -3.87543 80.05253
4.281078 -4.798243 80.30927
3.524085 -1.258762 81.42161
2.090897 -3.898388 92.65594
3.821352 -1.353015 91.90206999999999
2.499049 -2.222742 92.76146
3.231852 -2.066774 93.55714999999999
1.182988 -3.869029 91.81744
3.566378 -3.092084 93.55714999999999
2.289876 -2.923313 93.55714999999999
1.070085 -3.202517 93.55714999999999
2.291431 -3.488563 93.55714999999999
1.849326 -4.790771 93.55714999999999
5.017748 -2.752025 80.19365999999999
3.064693 -1.206557 93.55714999999999
1.849326 -1.622329 93.55714999999999
1.244005 -2.390801 77.55714999999999
6.257537 -2.861699 100.9395
7.19347 -1.796585 100.0274
5.913813 -1.538628 100.933
7.369732 -1.684432 101.2293
7.954823 -0.9992504 99.04546000000001
8.268856 -2.428642 98.90445
6.995615 -1.921033 98.7962
7.60501 -3.09267 100.1685
5.860529 -2.095337 99.66792
6.506272 -3.03984 99.63849
7.271238 -3.183602 101.4791
8.158967000000001 -2.632055 101.4084
8.334277 -1.63613 101.4426
7.723127 -0.8333137 100.7134
8.369983 -1.927164 100.2261
6.491603 -0.8363569 99.70893
6.613294 -0.7761855 101.0577
7.07576 -2.037951 102.508
5.896809 -2.273695 94.92644
6.886882 -3.174023 94.87381999999999
6.860056 -1.571566 94.22626
8.351509 -1.718951 94.92574
8.065903 -2.754886 94.8849
7.249609 -2.253099 95.47949
7.110218 -0.6741088 93.55714999999999
6.30915 -0.9614508 94.92501
7.684934 -0.8128945 94.87922
7.934674 -2.88663 104.5616
7.74344 -1.851709 104.9102
8.294252 -2.364309 103.8324
7.14949 -2.52809 104.358
7.024269 -1.600427 105.2746
7.264375 -2.373034 105.1967
8.362086 -2.075041 102.6931
8.015503000000001 -2.810165 103.4321
8.305063000000001 -1.534756 105.4386
7.86502 -0.9253334 105.3281
7.695362 -1.593293 105.7439
7.874132 -2.276932 105.8206
7.340251 -2.155802 105.7413
5.850797 -1.97409 106.2564
6.391972 -1.678493 106.2564
6.429915 -2.150911 105.732
6.212592 -1.621125 105.8248
7.025808 -2.27366 106.2564
7.22208 -2.326915 106.2564
7.23894 -1.90397 106.0287
6.720562 -1.255709 106.2564
7.115262 -1.272052 105.8452
6.898937 -1.730893 105.8743
6.388157 -0.9014470999999999 105.2724
6.112084 -1.165002 106.2564
5.910682 -1.548227 105.2894
6.557332 -2.156836 104.9507
7.030725 -1.604987 106.2564
6.792712 -1.820766 106.2564
6.863944 -2.153165 105.9264
6.147114 -2.746492 98.49821
5.935489 -1.478252 98.21035999999999
7.143758 -1.960845 97.45556999999999
6.112084 -2.703058 106.2564
5.9131 -2.32727 105.3143
7.268698 -3.183927 104.6765
6.884843 -3.173654 105.4229
6.318929 -2.914581 105.3589
6.994584 -2.683453 105.8006
6.685271 -3.120174 104.5114
5.89997 -1.583269 103.2496
6.362039 -0.9202081 103.3977
6.878689 -1.714125 103.8899
8.213759 -2.541728 105.456
7.152331 -1.703183 106.2564
7.421876 -1.309518 106.2564
7.102144 -1.93403 106.2564
7.25865 -3.185161 103.6331
6.464193 -3.015801 103.6377
6.725624 -2.609249 106.2564
6.483706 -2.176898 106.2564
6.104518 -2.693137 104.4079
7.187404 -0.6764837 103.0701
6.769742 -0.720947 104.2513
6.085482 -1.200819 104.2988
8.360742 -1.781556 103.7914
5.850705 -1.971076 104.31
8.344635 -1.682481 97.59869999999999
6.78483 -3.151245 97.39306999999999
7.277411 -3.18279 98.69332
7.588487 -0.7684704999999999 97.47749
5.950507 -2.426766 97.32804
7.956741 -2.867073 97.51424
7.470437 -3.141318 96.18006
6.976296 -0.6812319999999999 96.17532
6.5012 -0.8310047 97.31740000000001
5.916615 -1.530248 96.41387
5.869726 -2.155212 102.1449
6.245293 -1.017764 102.2328
7.969901 -1.013101 102.1898
6.842875 -0.7027696 98.41079999999999
6.733506 -0.7317021 106.2564
7.463276 -0.7246275 106.2564
7.169816 -0.6755257 101.8454
8.316098999999999 -2.298615 96.23763
8.096876 -1.15068 96.23415
6.251976 -2.856557 96.16146999999999
7.507722 -2.617219 106.2564
7.474553 -3.140082 105.4409
7.350557 -2.112717 106.2564
5.974503 -2.479799 103.3391
7.721233 -3.035799 102.5004
8.087038 -1.138444 103.3755
6.570975 -3.072786 102.481
7.745989 -1.879759 106.2564
8.108078000000001 -2.703058 106.2564
7.89726 -2.917773 105.5598
8.30973 -2.319054 106.2564
7.096666 -3.193879 106.2564
6.596894 -3.084699 106.2564
8.370001999999999 -1.93403 106.2564
8.36103 -2.084126 105.6009
8.198410000000001 -1.299254 104.488
7.589655 -0.7689504 104.272
7.137548 -0.6744083 105.2681
8.360309000000001 -2.090015 104.7171
7.58274 -3.101932 106.2564
7.108219 -2.743936 106.2564
7.124662 -2.036509 106.2564
8.108078000000001 -1.165002 106.2564
8.108078000000001 -5.248098 106.2564
7.826932 -4.483157 105.5612
8.3131 -4.853431 105.2548
7.612432 -5.053648 105.7581
7.681217 -4.445763 106.2564
8.108078000000001 -3.710043 106.2564
8.295692000000001 -4.052776 105.3486
8.370001999999999 -4.47907 106.2564
7.144141 -4.631768 105.8106
7.421676 -4.107896 105.8384
8.363481999999999 -4.351059 104.3097
7.259867 -4.796309 105.0111
7.876616 -3.479158 105.4631
8.023714 -3.611502 104.5111
6.867163 -5.042801 106.2564
6.559638 -4.566762 106.2564
7.102144 -4.47907 106.2564
8.130254000000001 -5.218426 96.08731
7.009015 -5.734931 96.22111
7.293152 -4.177571 96.78603
7.033008 -4.713547 95.50861
8.298859999999999 -4.061692 96.14391999999999
8.356305000000001 -4.664348 94.86329000000001
8.040013 -3.628996 94.85415
6.848105 -4.879081 94.18035999999999
6.350646 -5.484386 94.88753
6.84021 -3.248391 94.87882999999999
5.884896 -4.185263 94.90307
6.991419 -4.074712 106.2564
6.472264 -4.309043 105.8258
7.180446 -4.170524 106.2564
7.392714 -5.079566 106.2564
7.105232 -3.85179 105.3462
7.130479 -4.61916 106.2564
6.702576 -5.174939 105.7616
6.662614 -3.768772 106.2564
6.435289 -4.112566 106.2564
7.838887 -5.506807 105.2088
7.069833 -5.738348 105.1968
7.474285 -5.685203 104.1332
6.626452 -5.642472 104.147
6.800432 -4.110456 103.9795
6.327629 -5.466577 105.2211
6.543976 -4.533201 104.6579
6.193846 -3.61425 104.484
6.707742 -5.673024 106.2564
5.935678 -4.022805 105.3302
6.362585 -3.464846 105.4039
7.460957 -5.689148 106.2564
6.112084 -5.248098 106.2564
5.892358 -4.802417 105.2752
5.884081 -4.769458 98.68679
6.566916 -5.615896 97.89588999999999
5.864492 -4.289575 97.5348
6.983179 -4.470702 98.42574999999999
6.174279 -3.635462 96.22186000000001
5.961567 -4.997064 96.30753
8.276237 -4.956022 99.66058
8.185695000000001 -3.822979 99.90267
8.333027 -4.17608 98.61745000000001
8.369706000000001 -4.506371 100.92
7.903502 -5.457786 100.7734
7.015772 -4.577052 99.79298
8.352109 -4.690651 97.31999
7.709755 -5.587128 97.2017
7.348873 -5.716155 99.45314
7.984103 -5.386532 98.37118
6.279372 -5.426342 99.54785
7.945553 -3.535997 97.47451
7.373606 -3.247017 98.95237
6.717764 -3.281787 97.52970999999999
6.13432 -3.682019 98.76221
6.021212 -3.845222 102.3247
5.915828 -4.077623 101.0873
6.58263 -3.334869 101.4182
7.141548 -4.170266 101.0041
7.51821 -3.287084 101.7631
7.514085 -4.547851 102.5262
5.853055 -4.393714 99.83588
6.40569 -3.434449 100.0639
5.890724 -4.796197 102.0872
6.475962 -5.567782 101.9378
6.022165 -5.114554 100.8588
8.269168000000001 -3.985189 102.1529
8.073891 -3.667608 101.0564
7.408161 -3.254918 96.1854
7.38589 -3.249709 100.4834
6.800876 -3.257681 102.7272
8.230434000000001 -5.055448 101.9878
7.451629 -5.691814 101.9151
7.701958 -5.591313 94.84116
6.874277 -5.716728 100.7314
6.112084 -3.710043 106.2564
6.59417 -3.32962 106.2564
7.407219 -3.254689 103.7967
7.710487 -3.371409 102.7806
8.356780000000001 -4.661122 103.1719
7.886742 -5.471138 103.0626
5.865384 -4.283801 104.3231
5.850866 -4.521239 103.2386
6.102677 -3.722408 103.4572
7.124704 -5.738907 93.55714999999999
7.005727 -5.734662 103.0401
6.189583 -5.339352 103.0957
8.160660999999999 -5.174543 104.184
6.625805 -3.315938 103.7995
8.166206000000001 -3.792047 103.4368
6.004606 -5.083492 104.2157
6.926198 -3.23264 105.4909
7.395509 -3.251906 105.6527
7.016019 -3.74409 105.9029
7.57683 -3.308794 106.2564
7.065835 -3.585845 106.2564
7.091256 -3.21929 106.2564
6.808163 -3.255859 104.6248
7.432111 -3.260999 104.8762
7.478722 -3.813883 106.2564
5.85069 -4.442542 106.2564
2.856812 -3.175769 103.7849
3.533023 -2.059855 104.4815
3.310984 -1.556902 103.6578
2.62812 -1.959965 104.3225
3.594348 -3.079693 103.4739
4.143478 -2.593742 103.6117
4.162967 -1.307132 104.2216
3.524818 -0.7590341 104.086
3.999588 -1.08349 103.0128
3.12838 -0.6754583 102.9204
3.444782 -2.11304 102.7752
2.651556 -0.7456538 104.0841
2.994802 -1.582474 105.0061
3.064991 -3.193941 106.2564
3.246909 -3.181481 105.4195
2.682434 -3.132834 105.4179
2.802814 -2.647184 105.7564
2.899174 -3.182305 104.707
3.517225 -2.378382 105.1488
3.474368 -2.621105 106.2564
3.050587 -2.770687 106.2564
3.182237 -2.327191 106.2564
3.265565 -2.562698 105.8047
4.230095 -1.442329 105.3185
3.810566 -0.9146758 105.2137
1.96072 -1.336769 104.1849
2.20928 -1.014017 103.0026
4.329995 -1.929701 103.2823
2.594208 -2.19884 105.2814
3.566527 -3.092021 106.2564
1.89918 -2.399209 94.98979
2.909176 -3.183634 94.90321
2.778374 -1.601112 94.2396
4.303763 -1.678236 94.96966
3.570684 -0.7778301 94.95440000000001
4.053782 -2.721262 94.86897
3.122954 -2.112052 95.5968
2.186926 -1.035454 94.97281
2.780548 -2.191943 106.2564
3.028363 -2.163122 106.2564
3.017883 -2.465039 106.0468
3.1255 -2.101012 106.0358
2.597196 -2.656444 106.2564
3.16839 -2.12049 105.6758
2.60589 -2.342847 106.0002
3.6878 -3.03213 105.2483
3.715243 -2.448421 105.8666
3.062144 -1.93403 106.2564
2.86264 -1.831304 105.8846
3.541245 -2.061657 105.937
3.374255 -2.046514 106.2564
3.294499 -1.74949 105.9786
3.10045 -1.746667 106.2564
2.541263 -1.14859 105.7971
2.437843 -1.953666 105.7773
1.851081 -1.615533 105.292
2.306429 -0.9319135 105.2013
3.070593 -0.6741089 105.172
3.066578 -0.6741137 93.55714999999999
2.694166 -0.7314955 106.2564
3.185903 -1.318716 105.6563
2.072084 -1.165002 106.2564
2.704505 -1.270848 106.2564
3.001833 -1.630549 106.2564
2.71138 -1.813206 106.2564
3.08716 -2.054149 106.2564
4.068078 -1.165002 106.2564
3.776495 -1.735187 105.7243
3.354369 -1.332108 106.2564
3.438197 -0.7290853 106.2564
2.900331 -2.41432 106.2564
1.8634 -2.296413 105.4944
2.160092 -2.80542 105.3705
1.85866 -2.280239 104.4468
2.356499 -2.972395 104.4991
2.383872 -2.170536 106.2564
2.072084 -2.703058 106.2564
2.33654 -1.679113 106.2564
1.810858 -1.975975 106.2564
4.271146 -1.553447 106.2564
4.327037 -1.847646 105.5614
4.330002 -1.93403 106.2564
4.267641 -2.325504 106.2564
4.304541 -2.186041 105.5798
3.989647 -1.072752 96.36519
3.316118 -0.6983653 97.75071
2.714091 -0.7254472 96.35711000000001
3.180084 -1.870742 96.9539
2.078518 -1.156724 97.69235
2.901942 -2.015093 99.0926
4.27669 -2.296653 96.30045
3.659014 -3.047834 97.56725
4.305087 -1.684709 97.74003
2.467583 -0.8275051 99.12213
1.854518 -1.602658 98.60722
3.197365 -0.6805548 100.4363
2.087351 -1.145587 100.585
2.409677 -3.007001 99.93564000000001
3.197674 -3.187474 98.9083
2.042191 -2.66262 98.1075
4.242182 -2.396178 99.21465999999999
3.891138 -0.9783799 99.12732
3.283261 -3.175785 101.1935
4.178918 -2.532261 100.8686
3.579128 -3.086537 100.0338
3.045455 -1.958643 101.4564
2.437762 -3.023789 96.39838
3.565794 -3.092335 96.05045
1.815899 -1.813911 96.43862
3.705103 -0.8458442 101.7353
4.211804 -1.401236 100.5221
4.005021 -2.778594 102.3565
4.312837 -1.726766 101.9456
1.877369 -1.528027 101.9323
1.850886 -2.251779 100.9039
1.81025 -1.949058 99.53794000000001
2.870844 -3.178098 102.5295
2.386246 -2.992222 101.3381
1.969172 -2.546729 102.2288
2.617554 -0.7581812 101.7475
1.81038 -1.910503 103.2089
2.568462 -3.089789 106.2564
3.695625 -2.30403 106.2564
2.14974 -2.79448 103.4158
4.317091 -2.113936 104.6235
3.80717 -1.800808 106.2564
3.410817 -3.147001 104.4986
3.955908 -2.829972 104.4771
4.068078 -2.703058 106.2564
4.0942 -2.667911 105.4918
2.270574 -5.45282 94.91834
2.773957 -4.469096 94.48953
1.853282 -4.805876 98.47723999999999
2.013437 -5.165294 97.28836
1.878648 -4.069328 97.38865
3.102715 -4.498596 98.27739
3.616819 -4.981833 94.25162
4.006738 -3.636411 94.88381
3.051261 -4.668207 95.56551
4.31635 -4.664044 94.98141
1.860638 -4.126013 94.84730999999999
2.81817 -3.24459 94.84631
4.327848 -4.405421 100.7078
3.256709 -4.669877 99.48677000000001
3.974648 -5.356087 100.5399
2.613185 -4.635365 100.4213
1.907685 -4.965111 102.0122
1.822721 -4.301605 101.0862
2.891737 -4.433685 102.4212
2.195698 -3.571957 101.5121
3.623389 -3.347147 102.1682
2.932752 -3.226656 101.2251
3.653127 -4.459887 101.4882
3.878931 -3.513067 100.8865
3.062144 -4.47907 106.2564
3.144259 -4.161637 106.2564
3.085643 -4.588825 106.2564
2.986264 -4.2592 105.9182
2.695287 -5.681955 106.2564
3.074123 -5.738985 105.1671
2.323773 -5.494169 105.2084
2.911906 -5.307551 105.7411
4.256208 -4.054214 101.9446
2.962452 -4.093957 106.2564
3.05428 -3.672469 106.2564
2.735459 -3.803358 105.8603
3.413904 -3.740423 105.8002
2.850759 -5.018393 106.2564
2.072084 -5.248098 106.2564
2.52773 -4.564573 106.2564
2.220336 -4.689793 105.7889
1.978583 -3.849759 103.3833
2.831234 -3.943706 104.1306
1.824379 -4.667825 103.1821
3.223933 -4.660824 103.682
2.091852 -3.68505 104.4152
1.814738 -4.371763 104.2731
2.878205 -3.233846 103.6328
2.395603 -3.41489 103.6609
3.270208 -3.910248 105.1294
2.596188 -4.808741 104.7774
3.452358 -4.807724 104.7853
2.008543 -5.157701 104.1696
2.754986 -4.341979 105.3888
2.406117 -4.117319 106.2564
2.072084 -3.710043 106.2564
2.184573 -4.087118 105.8521
1.811081 -4.430906 106.2564
1.88674 -4.046513 105.3085
3.066881 -5.738987 93.55714999999999
3.110827 -4.687615 105.7886
2.361187 -3.4375 105.3584
1.861738 -4.835872 105.2435
3.638699 -4.437933 106.2564
3.554472 -5.252924 105.7679
3.836766 -4.302501 105.697
4.281426 -4.825545 105.1956
4.068078 -5.248098 106.2564
3.335579 -5.064318 106.2564
3.436765 -5.684452 106.2564
3.969723 -3.597001 104.2463
3.826092 -5.486963 105.1618
3.644198 -5.600583 94.9712
2.205059 -3.563026 96.12161999999999
1.84453 -4.771347 96.13337
3.362824 -4.547781 96.8884
3.683811 -5.579405 97.6153
2.661005 -5.670732 98.05786000000001
3.377899 -3.25733 96.12018
3.841215 -3.4827 97.29273999999999
2.75466 -3.259271 97.40069
2.221746 -3.547551 98.80886
4.146839 -3.824858 99.53854
4.290693 -4.791331 99.52495999999999
2.837506 -5.717339 96.44439
3.17169 -3.223253 99.86069999999999
1.810227 -4.492084 99.78709000000001
4.329892 -4.49574 98.02645
3.634559 -5.605466 99.08503
4.110043 -5.190322 96.40766000000001
3.54443 -3.311854 106.2564
3.056055 -3.219227 106.2564
3.270859 -3.23525 105.7135
2.075919 -5.253049 100.7591
3.549195 -3.313802 98.49928
4.257144 -4.056835 96.30842
3.026857 -5.73825 100.5249
2.360802 -5.52038 99.43465999999999
3.522986 -5.654774 101.7449
2.571035 -5.635943 101.811
4.215692 -5.003452 101.7972
2.209431 -3.558917 100.3203
3.475289 -3.286088 103.3125
2.604948 -3.308151 102.5921
4.128663 -3.795839 103.1254
1.885419 -4.050146 102.292
3.06454 -5.738979 102.9361
2.240218 -5.427083 103.0199
3.896535 -5.430057 102.9352
4.318547 -4.648578 102.9948
3.490517 -5.666772 104.0627
2.657613 -5.669562 104.093
2.642136 -3.294054 104.4403
4.141937 -5.141283 104.0801
3.332387 -3.246757 104.3408
2.826308 -3.242957 105.7229
4.320791 -4.327002 104.1502
3.439255 -3.813536 106.2564
4.068078 -3.710043 106.2564
3.725809 -3.403235 105.2947
4.240583 -4.012888 105.2286
2.576269 -3.319954 106.2564
3.026817 -3.219892 105.1153
4.330002 -4.47907 106.2564
2.657239 -3.787117 106.2564
8.161981000000001 -1.914865 115.4441
8.039752999999999 -2.290868 115.9577
7.890636 -1.714032 116.0301
7.538327 -2.109369 115.9379
8.458138 -1.563666 115.9524
7.731773 -1.558297 115.8946
7.438591 -1.997469 106.5477
7.36312 -2.507615 106.7251
7.745115 -2.297916 106.6354
8.705418999999999 -1.93403 106.2564
8.692610999999999 -2.076043 107.086
8.515580999999999 -1.418946 107.0142
8.077764999999999 -1.646951 106.6446
8.342783000000001 -2.226913 106.657
8.560852000000001 -2.390743 106.2564
8.358055999999999 -2.59034 107.1095
7.118021 -1.931694 116.3357
7.427261 -1.305331 116.3357
7.855036 -1.925807 116.3357
8.592544 -2.341997 112.3621
8.681141 -2.128835 111.4612
8.245938000000001 -2.653931 111.7042
7.832979 -2.124415 112.1392
7.624609 -2.673982 115.5795
7.185195 -2.253598 115.5905
7.758175 -2.22693 115.1514
7.856897 -1.942044 116.3357
8.199965000000001 -1.19452 115.5583
7.911338 -1.140329 116.3357
8.506624 -2.300481 115.9244
8.637916000000001 -2.254339 115.5699
8.705418999999999 -1.93403 116.3357
7.185497 -1.613775 115.588
7.624799 -1.194005 115.5681
8.641615 -1.622242 112.2192
8.323145999999999 -1.25529 111.1578
7.162127 -1.673123 112.6288
7.118148 -1.919649 111.9295
7.272055 -1.464146 111.9589
7.53705 -1.234327 112.5507
7.67196 -1.177408 111.7562
7.434243 -2.568047 111.6346
7.213035 -1.557465 111.0866
7.296343 -2.435302 110.4864
7.151793 -1.704959 110.0602
7.924899 -1.944675 110.2181
8.195703 -2.675187 110.7594
7.86669 -2.726452 109.7097
8.110958999999999 -1.165744 109.1339
8.547399 -1.458771 109.9524
7.718697 -1.164158 110.1133
8.704502 -1.97217 110.618
7.769335 -2.094703 112.9078
7.188131 -2.260191 112.5571
7.520716 -2.624738 112.6144
7.914283 -2.727726 116.3357
7.427261 -2.562728 116.3357
7.33327 -2.477498 113.3391
8.198971999999999 -2.673926 115.566
7.11825 -1.953205 113.3453
8.148593 -1.1765 112.2995
7.88806 -1.140682 113.215
7.331451 -1.392505 113.3175
8.019821 -2.720334 112.4505
8.64705 -1.635285 113.9541
8.465413 -1.365362 113.1216
8.705018000000001 -1.959263 113.1346
7.86356 -2.102436 113.6563
7.294598 -1.434908 109.1133
7.197787 -2.280818 109.4631
8.418148 -2.545168 113.2059
8.600241 -2.328868 109.7894
7.844057 -2.724841 113.2857
8.695214999999999 -1.807167 108.8729
8.35431 -2.592872 108.8512
8.017481999999999 -1.947488 108.5604
8.411719 -1.42903 116.3357
8.411719 -2.43903 116.3357
8.396176000000001 -2.562728 116.3357
8.636635 -2.257227 113.9788
7.590334 -2.659752 114.0691
8.212052 -1.199346 113.9822
7.411974 -1.317413 107.5829
7.816498 -1.146062 107.1208
7.850915 -1.89292 107.8169
7.772527 -2.036127 107.1598
7.601785 -1.203344 114.0401
8.262268000000001 -1.221937 107.699
7.206898 -1.569081 108.1647
7.743835 -1.158288 108.2005
7.178147 -2.237069 114.0936
7.174908 -1.638953 114.0827
7.144495 -2.137325 108.5643
8.608435999999999 -2.314222 107.9792
8.384249000000001 -1.296319 108.3797
7.816185 -1.809303 114.428
8.658289999999999 -1.6646 107.8513
8.705406 -1.938634 114.7715
7.158217 -1.684638 107.4318
8.470658999999999 -1.370517 114.7711
7.133212 -2.088586 107.8028
7.427611 -2.562998 107.9252
7.351954 -2.496724 114.8361
7.118019 -1.935519 114.8416
7.905192 -2.727704 114.8157
8.188806 -2.677793 114.0264
7.279005 -2.413231 107.2857
7.611279 -2.66867 108.7605
8.043170999999999 -2.716769 107.9563
8.464321 -2.503759 114.7939
7.911819 -1.140329 114.7904
7.353074 -1.370224 114.8203
8.638163 -1.614282 115.5618
7.297212 -1.431693 106.8994
7.124309 -1.834296 106.7999
7.126927 -2.052617 107.2182
7.168218 -2.211819 106.7579
7.726602 -2.705841 107.0867
8.396176000000001 -1.305331 116.3357
6.925534 -2.433189 113.346
6.333879 -1.939995 114.1197
7.102038 -1.947016 113.451
6.317194 -1.968675 113.2723
7.045224 -1.638878 114.0941
6.937905 -1.450565 113.254
7.047488 -2.223467 114.1299
6.310192 -1.935436 114.8331
6.808444 -2.43903 116.3357
6.868066 -2.278012 116.0002
6.792901 -2.562728 116.3357
6.42526 -2.320424 115.9728
6.048962 -2.684117 114.094
6.391571 -2.723365 113.3656
5.806651 -2.548981 113.3288
6.653428 -2.648835 114.1064
6.331317 -2.727401 114.8458
6.865289 -1.368447 114.8249
6.309046 -1.14033 114.787
5.590161 -2.271714 114.0521
5.765397 -2.512874 114.8283
5.51484 -1.94647 114.804
7.037366 -2.248089 115.6013
6.445196 -2.119644 115.3713
6.648044 -1.727217 115.9423
5.747712 -1.372299 114.7816
6.821308 -1.328282 110.4243
7.063648 -1.689845 111.5
6.449093 -1.152891 111.4515
6.285038 -1.993505 110.9919
5.564892 -2.211684 111.5749
6.163299 -2.714346 111.839
6.464081 -2.006001 112.0925
6.966171 -2.378276 110.6844
5.986542 -2.659523 110.7616
6.550382 -2.689957 111.2298
6.429809 -2.718397 109.7864
5.601399 -2.294652 109.786
6.769096 -1.287686 112.3495
7.089629 -2.074423 109.6557
5.69203 -1.434035 111.5113
5.986051 -1.208755 110.7237
6.033156 -1.189599 112.3198
6.363313 -1.142228 113.1733
6.687549 -2.631339 112.5691
6.117685 -2.704466 112.6989
6.915297 -2.445585 111.7306
5.542132 -1.727323 112.3706
6.304798 -1.140338 116.3357
6.018051 -1.19536 115.5609
6.004416 -1.885449 115.8273
6.853246 -1.356838 106.7452
6.848489 -1.352384 107.4299
6.421584 -1.148435 106.9238
6.665514 -1.836566 106.8911
5.839223 -1.29388 109.7631
5.521459 -1.831 110.658
7.100427 -1.986216 112.5595
7.032641 -1.609225 115.5949
6.808444 -1.42903 116.3357
5.663442 -2.39656 112.485
5.517801 -2.003636 113.2346
6.592379 -1.192854 115.569
6.24889 -1.942589 116.3357
6.248968 -1.92548 116.3357
7.102144 -1.93403 116.3357
5.736068 -1.38417 113.1743
6.603399 -2.670889 115.5935
6.87747 -2.487356 114.8607
6.635582 -1.210883 114.0125
5.56782 -1.648658 114.0031
5.608432 -2.308121 107.9749
5.618415 -1.541829 107.9068
5.519599 -1.846365 108.8442
6.338157 -1.866364 108.7818
6.76593 -1.285442 108.31
6.033111 -1.189616 108.6729
5.914433 -2.623026 108.8719
7.100628 -1.884992 108.7237
6.747113 -1.27257 109.2833
6.011541 -1.197953 113.9846
6.792901 -1.305331 116.3357
5.803613 -1.32157 107.0327
6.509874 -1.927145 107.593
6.123468 -2.039053 107.0121
7.090738 -1.799957 107.2874
7.088543 -1.787723 107.9128
7.102109 -1.926538 114.8564
7.048996 -2.219585 107.4241
5.584313 -2.258984 115.5806
5.580747 -1.617141 115.5724
6.190699 -2.354368 106.6388
5.83407 -2.570371 107.1043
6.294402 -2.727606 107.9426
6.89111 -2.472973 106.8609
6.755624 -2.589766 107.4817
5.515028 -1.955311 107.0918
6.2199 -1.145284 107.7244
6.955297 -2.393965 108.0898
6.744953 -2.596917 108.8625
6.789505 -2.126558 106.5398
6.723356 -1.668379 106.5345
6.426543 -2.718895 106.9926
6.30793 -2.72773 116.3357
7.05272 -1.658326 106.811
6.027895 -2.676494 115.5834
5.823986 -2.562728 116.3357
5.603596 -2.298929 106.2564
5.823986 -1.305331 116.3357
5.514744 -1.933064 116.3357
7.089118 -2.077235 106.8174
5.573427 -1.63451 106.2564
8.705363 -4.488465 114.8999
8.638945 -4.797037 114.1881
8.121245999999999 -4.635388 115.1329
7.952947 -4.235948 114.1718
8.466136000000001 -5.047034 114.9045
7.695092 -4.611416 114.5578
7.92135 -3.685428 114.8918
7.357244 -3.911163 114.8911
7.118019 -4.480477 114.8781
7.83642 -4.212222 115.3906
7.910742 -5.27277 114.8884
7.181732 -4.167492 114.148
7.180759 -4.788357 114.1245
7.625286 -5.219284 114.1205
8.216974 -5.211723 114.1768
8.705418999999999 -4.47907 116.3357
8.411719 -3.97407 116.3357
8.068357000000001 -4.249403 116.0659
7.85135 -4.487728 116.3357
7.626524 -3.738379 115.6142
7.50831 -4.256034 115.9555
8.639322999999999 -4.161971 115.6223
8.477812999999999 -3.922746 114.8899
7.357009 -5.046748 114.8701
8.241808000000001 -4.653429 115.956
7.478282 -3.814169 111.0375
7.925796 -4.470664 111.8924
7.145655 -4.271447 111.8363
7.912123 -4.619562 111.1618
8.637043999999999 -4.801349 115.6258
8.202322000000001 -3.740484 115.6121
8.411719 -4.98407 116.3357
8.1981 -5.219304 115.6142
7.916841 -5.272754 116.3357
8.396176000000001 -5.107769 116.3357
7.427261 -5.107769 116.3357
7.186218 -4.800955 115.6138
7.118028 -4.483111 116.3357
7.740295 -4.845715 115.9789
7.624501 -5.21898 115.6069
7.380972 -5.069213 109.5524
7.546591 -5.183799 110.6718
8.059601000000001 -5.258872 109.8703
7.91566 -4.345165 110.3817
7.122722 -4.565358 111.0761
8.462410999999999 -3.907495 109.6144
7.598703 -3.749699 109.9624
7.926132 -4.483583 109.5837
7.121511 -4.404685 110.2167
7.13288 -4.326197 108.0637
7.294247 -4.977758 107.6606
7.876545 -5.271991 107.8789
7.321275 -5.009483 108.5539
7.425261 -3.851918 107.5334
7.653068 -3.728697 108.3133
7.614427 -4.313241 107.6016
7.738717 -3.704454 106.895
7.916941 -3.685387 107.5459
7.987231 -4.494006 106.9967
7.167938 -4.20203 109.1184
7.3476 -5.037399 111.7016
8.185181999999999 -5.224173 111.6187
8.456003000000001 -3.901389 111.5606
8.681516 -4.672392 111.2453
8.683536 -4.664161 111.9468
8.472121 -5.041128 112.6823
8.672286 -4.252139 112.5708
8.68201 -4.287729 110.5409
8.432624000000001 -5.077917 110.6122
7.22658 -4.078389 112.6714
7.65348 -3.728555 112.8222
7.825825 -4.541574 112.6766
8.221026 -3.748119 112.5961
7.930313 -4.478113 113.494
7.645388 -3.731388 112.0333
7.118249 -4.459919 113.378
7.168668 -4.758061 112.5602
7.721092 -5.249539 112.5229
8.211527999999999 -3.744172 110.5631
7.913764 -3.685372 116.3357
8.645566000000001 -4.781442 109.6731
7.374049 -3.895228 113.4447
7.795461 -3.693931 109.1536
7.985424 -5.269341 113.3817
7.373001 -5.061946 113.3366
7.951725 -3.686379 113.4322
8.503688 -3.950362 113.375
8.165793000000001 -5.231006 108.8708
8.087031 -4.362089 108.1139
8.701306000000001 -4.559772 113.3959
8.469806 -5.043427 113.5418
8.308826 -3.791854 108.7227
8.655976000000001 -4.203313 114.1477
7.626112 -3.738537 114.1684
8.704141999999999 -4.434055 107.7366
8.518074 -4.991216 107.9158
8.703809 -4.428538 108.664
8.239065 -3.756018 114.154
7.427261 -3.850372 116.3357
7.184613 -4.160828 115.6204
7.853508 -4.47067 116.3357
7.123036 -4.568175 107.3819
8.433130999999999 -3.880664 107.8749
8.291575999999999 -3.782171 106.9884
8.396176000000001 -3.850372 116.3357
7.305001 -3.967354 106.8527
7.169027 -4.199125 107.3562
7.122336 -4.396389 106.8197
7.670342 -5.235178 107.0053
7.222662 -4.872975 106.8973
8.661322 -4.739944 107.0466
8.645735999999999 -4.177113 107.0316
8.561184000000001 -4.935311 106.2564
8.705418999999999 -4.47907 106.2564
8.289497000000001 -5.177099 107.0722
8.553756999999999 -4.012437 106.2564
6.484839 -5.252921 106.9843
6.155986 -4.507731 107.837
6.795217 -5.105977 107.6691
6.593362 -4.401497 107.2688
6.165645 -5.259819 107.7776
5.809249 -5.096132 107.0274
6.249256 -4.470555 116.3357
6.30843 -3.68537 116.3357
6.808444 -3.97407 116.3357
6.32036 -4.211816 115.9507
7.002239 -4.864567 106.9493
6.19217 -4.243773 106.6297
6.746706 -4.216032 106.5704
7.094595 -4.588276 107.6096
7.087903 -4.329391 106.9145
7.016736 -4.120906 107.5041
6.926433 -4.977116 111.7521
7.101907 -4.459683 111.8761
7.100457 -4.427346 110.9274
6.170675 -4.444964 111.0844
7.09927 -4.411592 109.9151
6.885626 -5.023883 110.0864
6.121764 -4.461483 110.2267
7.041171 -4.784145 109.0959
6.399743 -5.267502 109.3408
6.413923 -4.344439 108.9181
6.644496 -5.198118 110.9704
6.638642 -5.200825 112.5513
7.047289 -4.769016 112.5697
6.36366 -4.320829 112.1495
6.644094 -3.759835 112.5606
7.044557 -4.182259 112.5665
6.40582 -4.345935 112.9119
6.898289 -3.947994 111.7714
5.576245 -4.172729 112.4411
5.517013 -4.539055 111.535
5.827862 -3.847405 111.6815
5.786318 -5.076855 111.8977
5.894777 -5.156448 111.1242
5.605267 -4.110963 109.6832
5.681578 -3.992244 110.7676
5.551031 -4.716317 110.475
6.333191 -5.272385 111.8003
6.459597 -3.699896 111.0427
6.321189 -5.272669 113.319
6.030156 -5.222385 112.5744
6.03096 -3.735455 112.5252
6.875393 -5.034524 113.328
7.102141 -4.481129 113.3191
6.443895 -4.390503 113.6856
5.577998 -4.789569 112.4963
6.116972 -3.708811 110.2146
5.751017 -3.914061 113.2613
5.514759 -4.47395 113.2742
6.791645 -3.849406 110.1526
6.877222 -3.92549 113.3105
6.382151 -3.6888 111.8972
6.023805 -3.738165 115.5708
6.596826 -3.739614 115.572
6.322215 -3.685489 113.2967
5.749091 -5.042174 113.3022
6.943591 -4.0031 109.2304
6.126795 -5.251705 110.2393
6.290902 -3.685564 109.4123
6.312008 -3.685378 114.811
5.755711 -3.909468 114.8109
6.010377 -3.743464 114.0449
6.185877 -4.561495 114.4468
6.004564 -5.212295 114.0812
7.042411 -4.781151 114.0759
7.042478 -4.177154 114.071
6.614607 -5.211344 114.0839
5.573076 -4.777727 114.0633
5.673242 -4.954969 109.5158
6.617548 -3.748033 114.0554
5.578273 -4.167926 114.0504
5.515513 -4.514023 108.7133
5.748417 -5.041503 114.8316
6.306823 -4.48006 115.529
7.022197 -4.826224 108.2622
6.604881 -5.215335 108.4772
6.158484 -4.856993 115.9773
6.647877 -4.380879 116.0037
7.053001 -4.204125 108.3159
6.525269 -3.715561 108.5324
6.867042 -3.915219 114.8202
6.307363 -5.27277 114.8351
5.514771 -4.472374 114.8264
6.866441 -5.043516 114.8368
7.102142 -4.477106 114.831
5.898712 -5.158836 108.6206
5.583288 -4.15641 107.8655
5.821813 -3.852052 108.6955
6.082936 -3.71808 107.8106
5.605593 -4.847801 107.8436
6.019671 -5.218375 115.587
5.580705 -4.795862 115.5893
7.034465 -4.158363 115.5852
7.035376 -4.797707 115.5892
6.808444 -4.98407 116.3357
6.85706 -4.862249 115.9608
7.102144 -4.47907 116.3357
6.845583 -3.89474 106.9335
6.361158 -3.687122 107.0048
5.893521 -4.304625 115.9566
6.250141 -4.487481 116.3357
6.596497 -5.218655 115.5853
5.823986 -3.850372 116.3357
5.78304 -3.884165 107.0454
6.792901 -3.850372 116.3357
5.594182 -4.132962 106.2564
5.514753 -4.483116 107.0547
5.58358 -4.155754 115.5841
6.309921 -5.27277 116.3357
5.823986 -5.107769 116.3357
6.696003 -3.786425 107.7027
5.514744 -4.480062 116.3357
6.792901 -5.107769 116.3357
5.572229 -4.775632 106.2564
4.514441 -1.468339 106.2564
4.220897 -1.221264 107.1557
4.156283 -1.491133 106.6649
3.485309 -1.685967 106.5685
3.079128 -1.892064 106.6159
4.605683 -2.236117 107.0731
4.220258 -2.647108 107.0537
3.616849 -1.774364 107.0582
3.954243 -2.179814 106.6416
3.61563 -1.182778 106.9745
3.165471 -1.571849 106.8786
3.810826 -1.925308 116.3357
3.871623 -1.140329 116.3357
4.371719 -1.42903 116.3357
3.870571 -1.663186 115.9498
3.078021 -1.931836 116.3357
3.743435 -2.314159 115.967
3.156764 -2.278704 115.5963
3.426411 -1.762379 115.9687
3.890158 -1.907084 115.5406
3.812603 -1.942537 116.3357
4.194023 -2.659344 115.6106
3.619287 -2.686518 115.5848
3.872799 -2.72773 116.3357
3.387261 -2.562728 116.3357
3.278935 -2.461825 107.7571
3.079716 -1.985919 108.3355
3.8177 -2.160695 108.4861
3.828073 -1.939742 107.7115
4.649335 -1.775054 108.7884
4.556323 -2.335623 108.6368
3.718443 -1.884551 109.4568
4.138021 -1.186338 115.5973
4.224847 -1.80637 116.0015
3.387261 -1.305331 116.3357
3.137062 -1.633629 115.6088
4.500713 -2.418103 109.6643
4.504037 -1.454307 109.6423
3.8386 -1.936645 110.362
3.968998 -1.146313 110.3365
4.182369 -2.664411 112.3667
3.374992 -2.553081 112.2803
3.853529 -2.063939 112.8041
3.831079 -1.862831 111.8785
3.945424 -1.143759 112.3537
3.26947 -1.41706 112.3984
4.629578 -2.169847 112.8746
4.639698 -1.733611 112.0199
4.644775 -2.113875 113.6472
4.222127 -2.646192 113.3576
4.65017 -1.779197 110.7329
4.072547 -1.166157 111.3326
4.497329 -2.422468 111.4775
3.221158 -1.479353 110.8484
3.079526 -1.982932 111.747
3.175433 -2.315011 110.9169
3.078385 -1.958154 112.7337
3.462532 -1.253937 113.2918
3.714528 -2.712009 111.422
3.710797 -2.711246 110.387
4.346864 -2.569795 110.7035
3.078096 -1.945153 113.4746
3.887866 -1.952359 114.1073
3.415192 -1.284766 111.7213
3.435608 -2.59718 113.1796
4.467588 -1.409721 113.1574
3.713082 -2.711715 114.054
4.342744 -2.572853 114.1838
3.174578 -2.313445 114.0851
3.261274 -1.426765 109.8119
3.116384 -2.177812 110.1102
4.086556 -1.169958 114.0378
4.590219 -1.596809 114.1291
4.165914 -1.196867 108.6682
4.662678 -1.999942 107.8978
4.40312 -2.523583 107.8674
3.141136 -1.623852 114.1219
3.58435 -2.673881 109.4546
4.638437 -2.139221 114.3498
3.833332 -1.141258 114.8594
3.517521 -1.223745 114.2099
3.624083 -2.05383 114.8735
3.844796 -1.140786 109.4588
4.665419 -1.93403 106.2564
4.623627 -1.679877 107.091
4.48271 -2.440636 114.9361
3.29074 -1.393267 114.8941
4.662347 -1.86426 114.9173
4.389043 -1.332086 114.8474
3.961581 -2.722627 114.8526
4.100906 -2.69392 108.7116
3.346629 -1.338848 108.7882
3.088071 -2.059954 109.1884
3.566796 -1.201239 115.6061
3.367691 -2.54715 114.8311
3.079055 -1.974583 114.8576
4.584448 -1.584777 115.6088
4.503391 -1.453457 107.9289
4.16642 -1.197069 107.9084
3.214309 -1.489313 108.036
3.69617 -1.159986 107.8778
3.400635 -2.572811 108.5644
3.835561 -2.726906 107.8378
4.440084 -2.296622 115.9734
4.371719 -2.43903 116.3357
3.078972 -1.972941 107.0044
3.489757 -2.189969 106.6572
3.295501 -1.388196 107.455
3.123194 -2.197985 106.6696
3.298835 -2.483361 106.6797
4.612119 -2.21998 115.6311
4.665419 -1.93403 116.3357
3.615139 -2.685114 107.0139
3.079488 -1.885748 107.5445
3.187868 -2.336905 107.1488
4.356176 -2.562728 116.3357
4.500928 -2.417823 106.2564
4.356176 -1.305331 116.3357
2.442863 -1.159731 107.0296
2.325077 -1.142352 108.0129
1.80963 -1.28638 107.131
2.136646 -1.814246 107.519
3.060743 -1.981172 107.0282
2.931094 -1.49716 106.9017
2.655489 -1.839241 106.6212
2.584877 -1.92972 107.1179
3.052309 -1.809472 106.6202
2.074135 -1.615372 106.6964
2.727189 -2.2588 106.5829
2.31528 -2.353321 106.6463
2.962993 -2.318167 106.8533
3.040241 -2.119202 106.5644
2.593992 -2.097314 116.0384
2.768444 -1.42903 116.3357
2.835256 -1.580428 115.9741
2.380527 -1.75261 115.6589
2.990779 -1.605105 115.6138
2.99703 -2.248866 115.6169
2.26671 -2.727728 116.3357
1.973333 -2.670827 115.6005
1.963435 -1.962005 115.8823
2.553781 -2.674667 115.6113
2.205824 -1.942967 116.3357
2.752901 -2.562728 116.3357
2.768444 -2.43903 116.3357
3.002991 -2.234696 114.1477
3.062137 -1.930746 113.3601
2.783094 -2.538261 113.4541
2.459575 -2.134629 114.1324
1.539553 -2.248161 115.6007
2.297081 -2.161055 115.0232
2.563998 -2.670649 114.2
3.061932 -1.915674 114.874
2.982633 -1.587772 114.1178
2.136245 -1.685775 114.6219
2.071111 -1.165251 110.8929
2.00881 -1.183996 111.8095
1.527283 -1.650056 111.5133
2.268055 -1.887041 111.5958
2.995021 -1.614584 112.529
2.939999 -2.357082 112.642
2.325387 -1.994947 112.9403
2.363226 -1.146009 112.556
1.622518 -1.472791 112.4537
1.707752 -2.4958 109.6717
2.409094 -2.715169 110.272
1.566539 -1.563502 109.9737
1.586427 -2.340002 110.8241
2.35515 -2.72298 111.3027
2.306232 -1.982927 110.9539
3.058884 -2.005896 109.8267
2.953585 -2.334706 110.7686
2.718097 -1.279987 111.6906
3.036806 -2.132977 111.6815
1.474745 -1.932444 116.3357
2.205767 -1.925086 116.3357
1.648725 -2.429922 112.1602
2.957802 -1.540653 110.7881
2.482348 -1.169697 109.9143
1.540982 -1.616601 110.7801
1.751672 -2.536448 113.2834
2.300825 -2.72707 112.8375
2.510243 -2.690002 112.1085
2.737144 -1.293498 113.3377
1.934497 -1.214002 113.4057
2.557218 -2.673333 109.2655
1.931596 -1.215355 108.9836
2.793169 -1.338527 108.9834
1.546186 -2.263126 107.9313
1.596175 -1.512111 108.027
1.474761 -1.939441 108.8966
2.242823 -1.789621 108.4735
2.264559 -2.727721 113.5813
1.475063 -1.911481 113.1993
2.80218 -1.34659 114.8713
2.477879 -1.16846 114.1258
2.827877 -2.497053 114.8949
1.954286 -2.662909 114.1465
3.047796 -1.783796 107.5472
2.793034 -1.338408 107.5478
1.531188 -2.227993 114.0558
1.553001 -1.59037 114.086
2.247338 -1.14061 114.9048
1.898404 -2.636192 108.6517
3.044109 -2.102269 108.818
1.73337 -2.520252 107.0456
2.752901 -1.305331 116.3357
2.547315 -1.190934 115.6135
2.266577 -1.140332 116.3357
1.705508 -1.374508 114.8919
1.700872 -2.488848 114.8557
1.474814 -1.923449 114.8444
1.944152 -1.209602 114.2626
2.258767 -2.727671 114.8891
3.062144 -1.93403 116.3357
1.541416 -1.61561 115.6092
3.039351 -2.122873 108.0783
2.96247 -1.548949 108.2008
1.783986 -1.305331 116.3357
2.658802 -2.625102 108.2606
1.526719 -1.651533 106.2564
1.475217 -1.906602 107.1164
2.063189 -2.700731 107.7453
2.938878 -2.358857 107.4845
2.27781 -2.727675 106.9445
1.783986 -2.562728 116.3357
1.974016 -1.196959 115.6171
1.558707 -2.289325 106.2564
2.561442 -2.671669 107.4926
2.738044 -2.573901 106.881
3.387261 -3.850372 116.3357
3.142952 -4.164651 115.6053
3.581428 -3.740361 115.5992
3.977413 -4.092664 115.9635
3.872156 -3.68537 116.3357
3.870773 -5.27277 116.3357
3.589524 -5.22091 115.5825
3.387261 -5.107769 116.3357
3.701166 -4.845348 115.9686
4.37048 -5.096482 111.6902
4.070545 -4.508968 112.4071
4.664291 -4.521377 111.7478
3.926508 -4.660217 111.7153
4.371719 -4.98407 116.3357
4.665419 -4.47907 116.3357
4.59927 -4.796293 115.5993
4.179269 -4.62435 115.9651
3.148551 -4.806162 115.5996
3.644662 -4.472956 115.5669
3.918061 -3.686724 110.7953
4.264689 -5.16866 110.7466
4.645103 -4.300641 110.7576
4.596936 -4.156549 115.6044
4.157226 -3.738499 115.5968
3.876261 -4.480756 114.8473
3.14874 -4.806581 111.6811
3.26891 -4.995387 110.6174
3.164543 -4.118704 111.1095
4.388835 -3.876949 111.6567
3.657238 -3.714899 111.7721
3.706812 -5.255451 111.5259
3.103434 -4.678316 112.6045
3.148119 -4.152936 112.0692
4.113941 -3.723234 112.5305
3.4846 -3.786178 112.6516
4.591445 -4.813666 111.2106
4.608219 -4.183221 112.5193
4.422265 -3.907354 113.3218
4.665333 -4.490788 113.3374
3.627319 -4.414933 113.311
3.140676 -4.169979 112.8297
3.472636 -5.165142 112.4236
4.02923 -5.256985 112.2897
4.356176 -3.850372 116.3357
3.225561 -4.018157 109.9938
3.895181 -5.272424 109.8966
4.593034 -4.810226 109.7752
4.333369 -3.83344 109.7362
3.951177 -5.268784 113.1719
4.531656 -4.920027 112.5934
4.466201 -5.004951 113.4409
3.240987 -4.960878 109.4818
3.092244 -4.329472 107.9791
3.59007 -3.737023 108.2653
3.873179 -4.314417 108.8237
3.783436 -4.607157 107.8966
3.626213 -3.724294 109.1727
4.213467 -3.762713 108.7691
3.268809 -3.962872 106.8302
3.382826 -3.853815 107.5001
3.130964 -4.194038 107.304
3.796092 -4.248009 107.1813
3.118805 -4.227909 108.9196
3.560177 -3.749069 114.1324
3.301228 -3.927254 113.4314
3.842529 -3.685907 113.3545
3.732528 -4.306465 114.0906
3.078026 -4.475437 113.4182
3.303931 -5.033668 113.2896
4.601575 -4.167188 114.0965
4.611639 -4.766261 114.119
4.191818 -5.20536 114.0692
3.135275 -4.183078 114.1465
3.593348 -5.222354 114.0405
3.807324 -4.488234 116.3357
3.143834 -4.795528 114.1044
4.661943 -4.404871 108.7234
4.165176 -3.741613 114.1061
4.356176 -5.107769 116.3357
4.161882 -5.21783 115.5861
3.623097 -5.232826 106.9899
4.248757 -5.177499 107.0715
4.078198 -4.557714 106.6722
3.867462 -3.685381 114.8587
4.088426 -5.242614 108.8856
3.310312 -3.918015 114.8761
3.88191 -5.272705 114.8277
3.324791 -5.054249 114.8387
3.078094 -4.490075 114.8641
4.434888 -5.038357 114.8461
4.665375 -4.470661 114.8577
3.26747 -4.993701 108.48
4.477655 -4.991712 107.938
3.827262 -5.271525 107.8625
4.425052 -3.910051 114.8558
3.078029 -4.483155 116.3357
3.899412 -4.329518 116.0976
3.083759 -4.383776 106.7911
4.371719 -3.97407 116.3357
4.663569 -4.424916 107.7646
4.381746 -3.870932 107.8964
4.622278 -4.737182 107.0558
4.603786 -4.172414 107.0428
3.870301 -3.685371 107.5314
3.249851 -4.972265 107.6126
3.176437 -4.861882 106.8724
3.809597 -4.470196 116.3357
4.248465 -3.780484 106.9866
3.082419 -4.562537 107.3332
4.522182 -4.933886 106.2564
4.665419 -4.47907 106.2564
4.511498 -4.009344 106.2564
3.698889 -3.704415 106.882
1.998125 -5.22532 107.3449
2.697848 -5.146582 107.1846
2.091085 -4.718621 106.9846
2.378463 -3.693032 107.3982
2.18234 -4.22122 106.631
2.638082 -4.398489 107.0428
1.477031 -4.418842 106.9552
1.640702 -4.964766 106.8828
1.526791 -4.761758 107.6393
1.798388 -3.839533 107.0474
2.32467 -3.687364 106.7663
2.758874 -3.85502 106.8409
2.644814 -4.205156 106.5524
2.266967 -3.685371 116.3357
2.559494 -3.74066 115.597
2.752901 -3.850372 116.3357
2.439748 -4.11378 115.9641
1.985761 -3.737416 115.608
2.266862 -4.429093 115.4832
1.97433 -5.216266 115.5846
1.538765 -4.791368 115.604
1.859004 -4.641439 115.9754
1.783986 -3.850372 116.3357
2.206412 -4.470208 116.3357
2.073045 -4.310477 115.9561
1.783986 -5.107769 116.3357
1.474761 -4.473673 116.3357
2.768444 -3.97407 116.3357
2.207508 -4.487797 116.3357
2.388287 -4.848953 115.967
2.84693 -5.022498 109.0086
2.019048 -5.232571 108.9633
2.478074 -5.244587 109.9822
2.246263 -4.510361 109.328
1.479421 -4.565116 112.5251
1.573217 -4.861981 111.6876
1.563103 -4.115126 111.7361
2.387136 -4.34876 112.5849
1.896194 -3.778078 110.7342
1.476052 -4.43351 111.053
1.476761 -4.422507 110.353
2.302003 -4.488263 110.6425
2.973505 -4.114586 108.8643
3.06198 -4.462958 109.8192
3.021697 -4.729211 110.81
2.485144 -5.242616 110.9413
2.29663 -4.431293 111.3915
3.061986 -4.463234 111.7639
2.965195 -4.098942 111.2243
2.804704 -5.064207 111.6738
2.126121 -5.259906 111.6503
1.757925 -5.086797 110.7399
2.76671 -3.861259 111.8742
2.50996 -5.235133 112.4696
2.995139 -4.798248 112.502
1.640386 -3.993782 109.6501
2.116344 -3.70008 108.8551
2.487936 -3.716323 109.7521
2.201804 -5.269968 113.2662
1.844364 -5.149978 112.4768
1.635702 -4.958236 113.2914
2.352898 -4.716407 113.2924
2.102881 -3.70283 111.7947
1.750222 -3.877899 112.6717
2.298109 -4.47393 107.8448
2.824863 -3.913069 110.5489
2.527349 -3.728785 111.2146
2.460589 -3.708979 112.588
2.986961 -4.141887 112.5617
1.47583 -4.437539 108.6183
1.486211 -4.344636 113.3616
2.80855 -5.06066 113.2712
3.062142 -4.477259 113.2933
2.995963 -4.161775 115.5945
1.923224 -5.193762 114.061
1.515259 -4.729419 114.0945
2.282617 -4.434347 114.097
2.801577 -3.891083 113.3312
2.205309 -3.687885 113.3834
1.544837 -4.152951 115.6147
1.731874 -3.894217 113.5265
1.560137 -4.120933 106.2564
3.0156 -4.746873 106.8012
3.032981 -4.265896 106.8486
1.585264 -4.883083 109.6929
2.438216 -5.254401 108.1314
2.545577 -5.222816 114.0495
2.219175 -4.522735 114.8772
2.818141 -5.051603 114.821
2.997888 -4.791913 114.0559
2.993434 -4.802103 115.5892
2.549914 -5.221185 115.5799
2.814236 -4.815391 115.9731
2.559017 -3.740472 114.1105
2.998705 -4.16814 114.0757
2.826424 -3.914607 114.8506
2.268434 -5.272771 116.3357
2.768444 -4.98407 116.3357
2.752901 -5.107769 116.3357
3.062137 -4.482425 114.8351
2.992658 -4.803838 108.1271
2.603323 -3.759476 108.1329
1.880924 -3.786402 107.9788
1.52276 -4.207195 107.6823
1.780753 -5.105264 108.1605
1.695338 -5.02817 114.8412
1.474986 -4.459416 114.8754
3.062144 -4.47907 116.3357
2.250881 -5.272577 114.825
1.719978 -3.905358 114.8919
1.549566 -4.142655 114.1642
1.974193 -3.741929 114.1653
2.274544 -3.685393 114.8777
2.889303 -3.984607 107.4577
3.057825 -4.561755 107.4222
3.01398 -4.206792 108.0356
1.518122 -4.737872 106.2564
8.115933999999999 -0.9726351 123.8446
7.917794 -0.9290668 123.3484
8.271265 -1.081573 123.3341
7.879834 -1.400696 123.3724
7.712095 -0.9706084 123.8442
7.445989 -1.247107 123.8398
8.027575000000001 -1.475492 123.7325
8.41169 -1.434383 123.3215
7.445541 -1.609802 123.8409
8.26559 -1.782265 123.332
7.709591 -1.886353 123.844
7.553546 -1.777902 123.3448
7.90904 -1.929023 123.3483
8.377319 -1.611282 123.8331
8.113182999999999 -1.886646 123.8431
8.094249 -1.544279 124.0953
7.894986 -1.92875 119.0116
7.648382 -1.854064 119.6658
8.261088000000001 -1.786718 119.7769
7.771739 -1.376103 119.6344
8.117520000000001 -0.9733483000000001 121.0289
7.592115 -1.044513 120.8131
7.883747 -1.415411 120.5404
7.89052 -1.467621 121.4779
8.054778000000001 -0.9499327 118.9615
8.323861000000001 -1.145942 119.6366
7.886965 -0.929643 119.605
8.392008000000001 -1.290027 120.3719
7.937838 -0.9297125000000001 120.2536
7.615273 -1.831671 121.1638
7.421886 -1.52935 120.6935
7.415526 -1.367445 121.2569
7.663198 -0.9951661000000001 121.3364
8.103683 -1.890711 121.1101
8.289021 -1.757119 120.5289
7.798183 -1.915969 120.4253
8.410231 -1.467567 121.0605
7.530085 -1.105988 119.8713
7.431162 -1.567106 120.1092
7.482614 -1.172379 120.3542
7.542626 -1.091731 119.2728
7.438147 -1.589436 119.0684
7.483896 -1.687811 118.3367
7.515205 -1.124436 118.665
8.398959 -1.541265 118.9219
7.412374 -1.45462 119.594
7.885718 -1.928353 121.7938
7.461831 -1.647208 121.7609
7.914875 -1.431028 124.3357
8.307774 -1.123841 124.3357
8.027093000000001 -1.16336 124.1566
8.351136 -1.190466 121.6603
8.33778 -1.6907 121.6761
7.92488 -0.9292030999999999 121.8052
7.411719 -1.429889 124.3357
7.515663 -1.734219 124.3357
7.685527 -1.341313 124.0966
7.480541 -1.175878 121.7995
7.515663 -1.123841 124.3357
8.087126 -1.897252 118.2753
7.899507 -1.928881 122.4054
8.224434 -1.81917 122.2796
7.901785 -1.421419 122.2905
7.599292 -1.038659 122.3195
8.400669000000001 -1.533563 118.1587
8.325488 -1.148326 118.3988
7.411814 -1.419247 122.3055
7.580947 -1.803983 122.3131
7.929254 -0.9293374 118.2238
7.449507 -1.619715 122.8268
8.411642000000001 -1.437753 122.2366
8.241676999999999 -1.053361 122.2717
7.921979 -0.9291352 122.4037
7.45486 -1.225854 122.8293
7.730591 -0.9629904 122.8521
7.913393 -1.430492 122.8465
7.908569 -1.42903 124.3357
7.914847 -1.92902 124.3357
8.368987000000001 -1.631282 122.8022
8.094438999999999 -1.894447 122.8416
7.700435 -1.882196 117.6434
7.830801 -1.41552 117.9319
7.499025 -1.146746 118.0719
8.323926 -1.146036 117.6741
7.773204 -0.948599 117.5655
7.849069 -1.448699 117.309
7.412248 -1.406019 117.5867
8.260839000000001 -1.786962 116.832
7.906862 -1.929006 117.0552
8.046011 -1.471307 116.6091
8.282124 -1.764887 117.529
7.478903 -1.67937 116.9656
8.108599 -0.9694234 122.841
7.716937 -1.88953 122.8524
8.374535 -1.239817 122.7987
7.556743 -1.076905 116.9557
8.140082 -0.9842263 116.9721
7.558484 -1.075157 123.346
8.410473 -1.393765 116.971
7.411727 -1.426084 123.3357
8.411719 -1.42903 124.3357
8.307774 -1.734219 124.3357
8.378806000000001 -1.250622 123.8322
7.914954 -0.9290403 124.3357
7.913245 -0.9290322 116.3357
7.71124 -2.897078 123.8032
7.547867 -2.781976 123.2657
7.795699 -2.384853 123.7154
7.934634 -2.415796 123.3245
7.412001 -2.422231 123.2928
8.10859 -1.97942 123.8497
7.905266 -1.939071 123.3664
8.247724 -2.068759 123.3379
8.373517 -2.247346 123.8213
8.38275 -2.606749 123.8033
7.565468 -2.078322 123.3346
8.120924 -2.893159 123.8015
7.796197 -2.925502 120.387
8.138173999999999 -1.993252 120.1789
7.880983 -2.356761 119.8716
7.58138 -2.063695 120.1224
8.336679999999999 -2.175576 118.9488
7.879983 -1.940038 119.4595
7.860575 -1.941652 118.693
7.852243 -2.440956 119.2015
8.402547999999999 -2.534353 119.4747
8.333000999999999 -2.169733 119.6485
8.305548999999999 -2.747085 118.9235
8.106920000000001 -2.899352 119.624
7.585005 -2.817525 119.5993
7.430388 -2.303677 119.5373
7.423322 -2.546123 120.0974
8.405931000000001 -2.514884 121.5068
8.312184 -2.139652 121.5233
8.346 -2.19124 120.8817
7.888251 -2.295509 121.53
7.80786 -1.949935 120.734
7.41334 -2.398796 120.7392
7.852589 -2.585932 120.8234
8.285988 -2.770575 120.9066
8.396984 -2.559519 120.1851
7.4127 -2.470343 121.5375
7.563307 -2.080408 121.231
7.564233 -2.798549 121.045
7.981443 -1.943915 121.3239
7.66239 -2.00563 121.8409
7.825079 -2.931466 118.9489
7.688927 -2.88665 121.5961
7.813273 -2.479351 122.0496
8.377852000000001 -2.258145 122.1257
8.101706 -1.976531 121.8448
8.315231000000001 -2.734289 122.1168
8.134845 -2.886483 121.564
7.895795 -2.938776 121.0724
7.515459 -2.743954 122.144
7.424083 -2.328524 122.2139
7.433907 -2.586327 118.9477
7.936311 -2.406184 118.1858
7.520934 -2.12712 118.9909
8.408643 -2.494401 118.2814
8.087524999999999 -2.907103 118.2866
7.451235 -2.24421 118.3211
7.568442 -2.80257 118.2934
8.219998 -2.045375 118.2232
7.708152 -2.895714 122.7049
7.918266 -2.938987 122.1471
7.468115 -2.208344 122.8047
7.435159 -2.590327 122.7314
7.904464 -2.412575 122.7907
8.013237 -1.949444 122.385
8.131690000000001 -2.888043 122.6948
7.623796 -2.03025 122.4035
7.75376 -1.964636 122.8658
8.068349 -1.964196 122.9321
8.397861000000001 -2.555928 122.6965
7.823447 -2.931176 117.6292
7.799163 -1.951863 118.0943
7.425703 -2.556457 117.6405
7.859624 -2.435123 117.2987
8.380648000000001 -2.265522 117.6159
8.040984 -1.956028 117.5949
7.58348 -2.816203 116.9769
7.919469 -2.93897 123.2581
8.307366999999999 -2.744746 117.6304
8.409959000000001 -2.397114 123.2759
7.567397 -2.07648 117.6194
7.447738 -2.252691 116.9698
8.048572 -2.408887 116.644
8.247301 -2.068376 116.9622
8.288451999999999 -2.767773 123.2524
8.411719 -2.43903 124.3357
8.136436 -2.372809 124.0564
8.325399000000001 -2.158195 122.7721
7.444285 -2.61653 123.8098
8.307774 -2.133841 124.3357
7.914878 -1.93904 124.3357
7.908569 -2.43903 124.3357
7.411728 -2.435944 124.3357
7.515663 -2.133841 124.3357
7.713952 -2.395397 124.0935
7.709545 -1.981727 123.8484
7.914387 -2.939023 124.3357
8.307774 -2.744219 124.3357
8.047585 -2.481524 124.176
7.447189 -2.254064 123.826
7.515663 -2.744219 124.3357
7.806194 -1.950292 117.0666
8.407005 -2.507522 116.9869
8.137501 -2.885149 116.9768
7.914687 -2.939021 116.3357
7.914985 -2.430449 124.3357
6.808384 -1.436748 119.8088
5.942224 -1.769446 119.6459
6.510206 -0.9715454 119.2121
6.489398 -1.895137 119.2526
5.809672 -1.464059 119.0866
5.935022 -1.09653 119.6278
6.072007 -0.9884645 120.4747
6.427664 -0.9434513 119.8928
6.622588 -1.04004 120.3883
5.808548 -1.439239 120.2163
6.610164 -1.827734 120.4776
6.327976 -1.436233 120.7887
6.427619 -1.914619 119.9092
5.912388 -1.123841 124.3357
5.84151 -1.250221 123.8255
6.104798 -0.9723805 123.8249
6.12135 -1.529275 124.0612
6.532048 -0.9818152999999999 121.1109
6.806074 -1.380409 120.6371
6.806967 -1.390633 121.2292
6.281097 -1.928281 121.1478
6.063192 -1.864749 120.4082
6.715036 -1.720033 121.0358
5.971401 -1.059703 116.9736
6.454333 -1.460745 116.6528
6.52543 -0.9785668 116.9517
6.244942 -1.440392 117.349
6.524688 -0.9782103 118.3409
5.97892 -1.052979 118.1562
5.825107 -1.557036 118.3761
5.990754 -1.042929 118.812
6.026216 -1.841762 118.9435
6.807396 -1.461371 118.8649
6.409852 -1.918638 118.4058
6.70973 -1.727307 121.6508
6.343871 -1.46296 121.7152
6.005943 -1.030918 121.153
5.812998 -1.496361 120.9519
6.766298 -1.22811 121.7125
6.235808 -0.9343339000000001 117.6068
5.819098 -1.326359 117.6302
5.907464 -1.72772 121.658
6.168097 -0.9491311 121.6906
6.02475 -1.840755 117.7144
6.802842 -1.503663 118.0729
6.806755 -1.47009 122.2445
6.67414 -1.088052 122.2666
5.810393 -1.473141 122.2199
5.998547 -1.821412 122.2979
6.213927 -1.468088 122.596
5.835288 -1.267402 121.6428
6.303884 -1.929009 121.8795
6.519178 -0.9756086 121.7822
6.316431 -0.9290937 122.2639
6.308091 -1.92903 122.426
6.619542 -1.82046 122.3002
5.948975 -1.081492 122.2248
5.840257 -1.253526 122.7742
6.776348 -1.252776 122.7953
6.505346 -0.9694329 122.79
6.253707 -1.926025 117.1017
6.667147 -1.777357 116.9291
6.551427 -1.866019 117.6297
5.858899 -1.647913 116.9956
5.854535 -1.638713 122.7912
6.703546 -1.122608 117.5772
6.122882 -1.893322 122.8478
6.112017 -0.9692292 122.78
6.225361 -1.494094 123.0737
5.808501 -1.436596 123.3119
6.808391 -1.436292 123.3195
6.762465 -1.638467 122.809
6.6616 -1.78298 123.333
5.954759 -1.782452 123.3318
6.30833 -1.92903 123.3509
6.494478 -1.893132 122.8524
6.66803 -1.081614 123.3144
6.808444 -1.42903 124.3357
6.704499 -1.123841 124.3357
6.775151 -1.24963 123.8255
6.43954 -1.233793 124.0529
6.306735 -0.9290328 123.3084
5.947871 -1.082638 123.3019
6.307425 -0.9290309 124.3357
6.510358 -0.9716128000000001 123.8277
6.311602 -1.431334 124.3357
6.704499 -1.734219 124.3357
6.773925 -1.611587 123.8331
6.509075 -1.887011 123.8426
6.207599 -1.455565 123.5855
6.799022 -1.332425 116.9261
6.795728 -1.541075 117.4336
5.808444 -1.429962 124.3357
5.912388 -1.734219 124.3357
5.842827 -1.611241 123.8352
6.305294 -1.42903 124.3357
6.106742 -1.886541 123.8418
6.307166 -1.929028 124.3357
6.309675 -0.9290314 116.3357
5.912388 -2.133841 124.3357
6.100294 -1.984416 123.8439
6.307214 -1.939031 124.3357
6.085137 -2.330819 124.0426
5.808452 -2.436173 124.3357
5.842509 -2.257633 123.8241
5.982557 -2.059823 121.6152
5.971904 -2.069245 120.9799
6.413211 -1.950129 121.1147
6.293577 -2.441771 121.3309
6.308062 -1.93903 119.4136
6.360351 -1.941732 120.0053
5.940311 -2.100683 119.8909
6.33508 -2.409018 119.3725
6.420526 -2.36038 120.7242
6.393784 -2.931693 119.7421
5.849637 -2.637768 119.7656
6.047743 -2.865686 120.3941
6.211229 -2.38248 120.1908
6.147074 -1.965786 120.4984
5.912388 -2.744219 124.3357
5.841308 -2.617312 123.806
6.525643 -2.88939 121.5535
6.796358 -2.548299 121.5319
6.318997 -2.419169 121.9612
6.480528 -2.908484 120.4516
6.790665 -2.571176 120.2632
5.898944 -2.725927 121.0287
6.283045 -2.938384 120.9963
6.006569 -2.837617 118.9605
6.640726 -2.812645 118.9887
6.746664 -2.198276 119.003
6.714514 -2.147299 119.7767
6.78991 -2.5739 119.5508
5.811699 -2.382063 120.5012
5.818806 -2.540296 121.6218
5.81814 -2.341037 121.1409
6.628601 -2.054974 120.446
5.980552 -2.816505 116.9743
5.825076 -2.566921 117.6348
6.214712 -2.930166 117.6188
6.278948 -2.435701 117.3051
6.694893 -2.756294 120.9507
6.794032 -2.319851 120.952
5.852397 -2.234038 119.1833
5.822566 -2.321033 122.191
6.446486 -1.958463 121.8091
6.721411 -2.157147 121.5034
6.317643 -2.431271 118.5121
6.085499 -2.886574 121.581
6.706843 -2.741152 122.1191
6.223192 -1.946351 118.7501
6.123053 -1.97467 122.3225
6.538183 -1.994936 122.3546
6.423184 -2.925686 118.3069
6.80003 -2.530367 118.3233
6.78168 -2.277637 122.1081
6.328601 -2.438143 122.5267
6.61866 -2.0469 118.2691
6.49885 -1.976704 123.8372
6.107667 -1.981112 122.9045
6.415654 -1.950659 122.8252
5.824014 -2.315225 118.3834
5.968806 -2.805972 118.1988
6.318956 -2.938919 122.1378
6.73112 -2.171925 122.751
6.110965 -2.898379 122.7054
5.925371 -2.760363 122.1613
6.529893 -2.887315 122.694
6.691622 -2.760238 117.6532
6.168923 -1.95889 118.1433
6.779855 -2.272384 117.6439
6.210483 -2.445472 123.0734
5.946621 -2.093943 117.65
5.872539 -2.194106 122.7791
6.319737 -2.938902 123.2529
6.79376 -2.559313 122.6915
5.831862 -2.590258 122.726
5.946255 -2.783732 123.2655
5.842222 -2.258371 116.9791
6.396852 -2.45265 116.7266
6.430411 -1.954134 117.6295
6.642133 -2.066671 116.977
5.952932 -2.087446 123.3385
5.808744 -2.421711 123.2869
6.330832 -2.556262 123.652
6.28557 -1.939553 123.3503
6.685704 -2.767168 123.2454
6.633732 -2.05931 123.3091
6.806756 -2.397984 123.2651
6.533227 -2.885653 116.9748
6.193707 -1.952372 117.0885
6.803433 -2.509634 116.9972
6.518988 -2.892539 123.7967
6.108195 -2.897179 123.8
6.305294 -2.43903 124.3357
6.311694 -2.431068 124.3357
6.44337 -2.532839 124.0147
6.76829 -2.24271 123.8099
6.779854 -2.60568 123.7953
6.704499 -2.744219 124.3357
6.307036 -2.939028 124.3357
6.808444 -2.43903 124.3357
6.704499 -2.133841 124.3357
6.30844 -2.93903 116.3357
8.273422999999999 -3.62886 121.1463
7.638618 -3.555244 120.9401
8.100002 -3.510876 120.3844
7.833019 -3.934341 120.4407
8.348280000000001 -3.73032 119.7011
8.288637 -4.302601 119.7162
8.411621999999999 -3.964259 120.4046
7.868419 -3.885795 119.8232
7.739922 -4.44363 119.8083
8.096769999999999 -4.438566 120.4399
8.344506000000001 -4.224459 121.0421
7.544582 -3.634643 119.4842
7.599687 -3.583384 120.1835
7.415162 -4.03265 119.9385
7.910784 -4.47407 119.0648
7.847078 -4.469874 121.1606
7.574958 -4.343654 120.4951
7.444542 -4.152246 119.2331
7.427232 -4.097655 121.0793
7.959806 -3.99987 121.7309
7.412205 -3.952031 117.6297
7.699103 -4.426613 117.6825
8.090814999999999 -4.440894 118.3141
7.483971 -4.232976 118.4093
8.058083 -3.495972 119.0561
7.940344 -3.47489 119.7571
8.401579 -4.074252 118.9473
7.513112 -4.275919 121.6823
7.511099 -3.674899 118.7759
7.808804 -3.484776 121.628
8.224136 -4.364449 121.6863
7.941766 -3.474974 122.2358
8.162074 -3.541263 121.7913
8.290635999999999 -3.647847 122.2733
8.359978999999999 -3.75257 121.7745
7.416709 -3.903606 120.5354
7.922735 -3.474192 118.2875
8.319993 -3.685432 118.4434
7.446771 -3.790157 121.6022
8.403197 -4.065987 122.1828
7.858029 -4.471179 121.8213
7.564059 -3.61472 122.1886
8.402435000000001 -4.069976 118.1917
8.097667 -4.438207 122.3556
7.634255 -4.39002 122.2845
8.410399 -4.010367 121.5631
7.443361 -3.799024 122.7514
7.722106 -3.511418 122.7606
7.905677 -3.964425 122.5626
7.413931 -4.021059 122.2089
7.467511 -4.20359 122.7855
8.121696 -3.520298 122.7784
7.838524 -4.045456 123.106
7.497598 -3.693884 118.1402
8.318609 -3.683485 117.7088
7.768603 -3.49499 117.6054
7.917545 -3.994865 117.2423
7.47878 -4.224198 116.9849
7.907552 -4.474053 117.0711
8.388826 -3.82451 122.7756
7.777562 -4.455736 122.8307
8.106021999999999 -4.434772 122.9333
8.350669999999999 -4.213489 122.8079
8.411334999999999 -3.993645 123.3169
8.264939999999999 -4.327956 123.3562
8.411719 -3.97407 124.3357
8.307774 -3.668882 124.3357
8.379861999999999 -3.798453 123.8234
8.127329 -3.859371 124.0393
7.551335 -3.627482 123.2915
7.91543 -3.474084 123.2999
8.279272000000001 -3.635095 123.3009
7.914479 -3.474078 124.3357
8.117589000000001 -3.51842 123.8193
8.377039999999999 -4.157035 123.8367
8.307774 -4.279259 124.3357
7.411991 -3.990567 123.2963
8.284319999999999 -4.307489 117.5549
7.555432 -3.623272 116.9757
7.709432 -3.516817 123.8177
7.908569 -3.97407 124.3357
7.515663 -3.668882 124.3357
8.115326 -4.430736 123.8526
8.012478 -4.199023 124.1005
7.443585 -3.798427 123.8197
7.687418 -4.050879 124.0648
7.817854 -4.004556 123.5879
7.411723 -3.976113 124.3357
7.515663 -4.279259 124.3357
7.448285 -4.161764 123.826
7.914507 -4.474063 124.3357
7.71517 -4.433819 123.8457
7.91491 -3.979208 124.3357
8.262683000000001 -4.330194 116.8467
7.571744 -4.3407 123.3211
7.922201 -4.47396 123.3667
8.136184999999999 -3.527288 116.9917
8.41009 -3.933748 116.9876
8.059727000000001 -4.010853 116.6144
7.914071 -3.474076 116.3357
7.445749 -5.165377 123.8131
7.712087 -5.442488 123.8104
7.796379 -4.937078 123.7068
8.078239 -4.991838 124.038
7.915656 -5.484055 123.2703
7.554516 -5.333937 123.2815
7.943396 -4.97672 123.3063
8.113402000000001 -4.526551 123.8345
7.912787 -4.484072 123.3284
8.266059 -4.631306 123.317
7.411749 -4.978541 123.297
7.710563 -4.526319 123.8344
7.659906 -4.877785 124.0747
7.559405 -4.629282 123.3148
8.229943 -5.36973 119.0064
7.926982 -5.483837 119.7502
8.378429000000001 -5.163462 119.5912
7.911873 -5.027974 119.4075
7.423303 -4.877065 120.6928
7.905109 -5.012781 120.4446
7.771899 -4.504018 120.4268
7.946514 -5.004579 121.061
8.087043 -5.452324 121.5818
8.383015 -5.151043 121.5685
8.260028 -5.342792 120.9803
7.495791 -5.261566 119.5299
7.536701 -5.314769 119.9339
8.375425999999999 -5.171087 120.2943
8.013603 -5.47358 120.4697
8.408101 -4.924037 120.9766
7.483756 -5.24262 121.1046
7.826991 -5.476839 121.0243
7.641303 -5.404636 118.9185
7.99443 -4.490959 118.8416
7.420911 -4.888637 119.9671
7.570381 -5.349432 120.4216
8.278478 -4.644236 120.4791
7.418911 -4.899565 121.2718
7.619971 -4.578012 121.1484
7.928053 -4.983304 121.661
7.621764 -4.57673 118.8665
7.842517 -4.488882 119.5407
7.420788 -4.889268 119.198
8.341215 -4.728076 119.8171
8.100088 -4.52091 121.1416
8.366465 -4.77621 121.5393
7.515663 -4.678882 124.3357
7.914356 -4.484077 124.3357
7.809542 -4.8685 124.1529
7.675521 -5.424764 121.627
7.805176 -4.495554 121.7298
8.404788999999999 -4.901114 122.1476
8.279411 -5.322895 122.1483
7.891734 -4.979571 122.2439
7.902139 -5.483979 122.168
8.182478 -4.563726 121.8544
7.430982 -5.121521 121.6989
8.068761 -4.509373 120.0541
8.364822 -4.772653 119.0624
8.411719 -4.98407 124.3357
7.914882 -4.981183 124.3357
8.307774 -4.678882 124.3357
7.590858 -4.600601 122.2664
7.482307 -4.727934 121.7283
7.540899 -5.31947 122.2084
8.400888 -5.087576 118.3393
7.416065 -4.918287 118.3996
7.768218 -4.505105 118.2793
7.908569 -4.98407 124.3357
7.940552 -4.484902 122.3091
7.715487 -5.443954 122.7378
8.111862 -5.442265 122.72
7.457084 -4.775966 122.7873
7.732961 -4.517117 122.8094
7.897543 -4.962562 122.7898
7.413082 -4.947167 122.249
7.515663 -5.289259 124.3357
7.840154 -5.228808 124.046
8.098997000000001 -4.520468 122.8324
8.242005000000001 -4.608689 122.3789
7.444445 -5.161989 122.7607
8.383319 -5.150181 122.719
8.034011 -5.468884 118.2995
7.592908 -5.369245 118.1983
8.249722 -4.615623 118.3114
7.543862 -4.645424 117.69
7.811856 -4.937054 117.9374
8.294922 -5.305248 117.6531
7.827412 -5.476912 117.6079
7.433034 -5.128503 117.6414
8.033685999999999 -4.499175 117.673
7.880043 -4.992432 117.2837
8.3863 -4.826678 117.6583
7.912925 -5.484069 116.3357
8.135555999999999 -5.431169 116.9741
7.586613 -5.363947 116.9738
8.367409 -4.778288 122.7804
7.445026 -4.804633 116.9877
8.042814999999999 -4.954271 116.6533
8.246938999999999 -4.613089 116.9914
8.116747 -5.440101 123.8101
7.913379 -5.484068 124.3357
7.411719 -4.983653 124.3357
7.445874 -4.802441 123.8223
8.411663000000001 -4.97659 123.2867
8.274213 -5.328451 123.2683
8.406378999999999 -5.056948 116.9984
7.79593 -4.497662 117.107
8.377535999999999 -4.802373 123.8248
8.378607000000001 -5.162998 123.8112
8.307774 -5.289259 124.3357
6.70398 -3.66821 119.6272
6.787204 -4.118252 119.8617
6.204529 -3.484988 119.8062
6.379097 -3.864572 119.3848
6.527676 -3.524696 120.1435
6.142298 -3.502482 120.5047
6.265733 -3.895074 120.3089
6.806321 -3.928045 120.8188
6.609412 -3.574798 120.6042
6.375799 -3.985368 121.189
6.68613 -4.301718 121.0703
6.574136 -4.397635 120.3786
6.505087 -3.514363 121.2008
6.808322 -3.963053 121.4481
6.258083 -4.471528 121.1529
6.311634 -3.979115 124.3357
6.704499 -4.279259 124.3357
6.31079 -3.978134 124.0526
6.555258 -3.896837 124.0486
6.078298 -4.417955 119.7913
6.56628 -4.402463 119.5676
5.957787 -4.330497 120.5034
5.81557 -3.889955 119.9838
5.817418 -3.87976 120.6368
6.273396 -4.472841 121.8217
5.932663 -4.303902 121.7087
6.377116 -3.967705 121.82
6.119533 -3.511131 121.7027
6.472772 -3.501846 121.8184
6.793403 -3.852356 120.2387
5.926621 -3.651252 118.7773
6.695528 -4.29056 118.8894
6.198996 -4.461945 119.027
5.833669 -4.130878 121.1334
6.714884 -3.682855 121.7587
6.800497 -4.062861 119.3672
6.307301 -3.474072 124.3357
6.10276 -3.518336 123.8213
6.307593 -4.47407 124.3357
6.512215 -4.430664 123.8496
6.070429 -4.076504 124.0674
6.348853 -3.475706 119.1354
5.926375 -3.651544 119.4038
6.625069 -4.361043 121.6718
5.822016 -3.858362 121.6819
5.946364 -3.629254 121.1342
6.760834 -3.761132 118.9233
6.45008 -3.494551 118.3585
6.806598 -4.016985 118.274
5.821775 -4.088759 119.2259
5.853447 -4.181383 118.4089
6.214708 -4.004622 123.5896
6.805191 -4.031006 122.1463
5.815306 -4.056627 122.2446
6.654243 -3.612929 122.2637
6.297782 -3.963313 122.5684
6.049249 -4.401643 122.3004
6.421572 -4.461104 118.3024
5.93351 -3.643276 118.1658
5.927411 -3.65032 122.2296
6.285478 -3.474598 122.2649
6.510279 -4.431522 122.3474
6.778945 -3.804872 122.7527
5.812149 -3.913313 117.6455
6.067787 -4.412345 117.6941
6.727293 -3.701004 117.649
5.868525 -4.211709 116.9953
6.295811 -4.473911 117.0811
6.322664 -3.988756 117.2569
6.213489 -3.483169 117.6331
5.870472 -4.215277 122.8026
6.185062 -4.458608 122.8397
6.754278 -4.200414 122.7858
6.512033 -4.430744 122.924
6.656479 -4.333056 116.8509
6.454587 -4.012009 116.616
5.833472 -3.817859 122.7795
6.235561 -4.044961 123.1075
6.097023 -3.520968 122.7771
6.495627 -3.51043 122.7768
5.808888 -3.995153 123.3125
5.971063 -4.343088 123.3334
6.808286 -3.986624 123.3023
6.665299 -4.32429 123.3492
6.302136 -3.47411 123.3023
5.941419 -3.634522 123.3027
5.964361 -3.611294 116.9886
6.678514 -4.310296 117.5732
6.807441 -3.942421 116.9794
6.669199 -3.627868 123.2973
6.77386 -4.156793 123.833
6.322733 -4.473866 123.366
6.540792 -3.531336 116.9842
6.510248 -3.516605 123.8223
5.808446 -3.975712 124.3357
5.912388 -4.279259 124.3357
5.844777 -4.161189 123.8327
5.840089 -3.799017 123.8243
6.305294 -3.97407 124.3357
5.912388 -3.668882 124.3357
6.111568 -4.433679 123.8466
6.775798 -3.796364 123.82
6.808444 -3.97407 124.3357
6.704499 -3.668882 124.3357
6.308992 -3.474071 116.3357
5.851156 -4.781862 122.7666
5.845099 -5.171985 122.7386
5.809289 -4.955007 122.1967
6.310061 -4.948626 122.4771
5.95708 -5.3398 122.1791
6.31908 -4.991352 121.961
6.794789 -5.100122 119.9183
6.160614 -5.461717 120.3602
6.639058 -5.359162 120.4099
6.289361 -4.971052 120.484
6.305294 -4.98407 124.3357
5.912388 -4.678882 124.3357
6.307828 -4.484071 124.3357
6.275516 -4.736465 124.1285
6.799455 -5.07845 121.6639
6.787781 -4.841819 121.1888
6.752039 -5.214772 121.0488
6.320081 -4.995531 121.399
6.566137 -5.412549 121.6031
6.384574 -5.47824 120.9923
6.702003 -4.675669 121.6935
6.534359 -4.538019 121.085
6.296516 -4.484213 121.7462
5.888202 -4.713152 121.6627
6.087999 -4.53529 121.0812
6.782045 -4.823754 120.5237
5.956221 -5.338949 121.0048
5.824565 -5.110013 120.4465
5.813412 -4.913758 121.0713
5.902672 -5.276217 119.7472
5.86615 -4.750882 119.9668
5.901463 -4.69361 120.5803
6.803595 -5.053533 119.2517
6.679744 -4.649203 119.758
6.453652 -5.462521 119.6457
6.143862 -5.456207 121.5937
5.838174 -5.153913 121.6157
6.114038 -4.523412 122.812
5.991846 -4.597074 122.2433
6.294165 -4.484274 122.3612
6.197709 -4.496487 119.5414
5.82159 -4.870166 119.2449
6.303435 -4.484095 120.3527
6.030509 -5.399705 118.9449
6.802722 -4.908647 122.2225
6.699463 -5.295685 122.1924
6.340957 -5.483012 122.1692
6.57664 -5.406055 118.9212
5.817207 -4.890868 118.4203
6.06316 -4.548368 118.8873
5.977438 -5.358817 118.2004
6.418559 -5.471794 118.2949
6.58923 -4.570357 118.9251
6.80373 -5.052566 118.4181
6.127872 -5.450326 122.7256
6.524396 -5.43503 122.7336
6.598075 -4.5765 122.2593
6.479082 -4.514089 122.8138
6.753202 -4.755619 122.7722
6.535688 -4.885004 124.066
6.505819 -4.524677 123.8307
5.956139 -4.629272 117.6971
6.224583 -4.491153 118.2974
6.284203 -4.970702 118.0514
6.697443 -5.298203 117.6739
6.217589 -5.475747 117.6185
6.437461 -4.501003 117.6508
6.643719 -4.613138 118.2052
6.301606 -4.908571 122.9609
5.95086 -4.634593 123.3099
6.299673 -4.484147 123.3227
6.421887 -5.096626 123.6371
6.783604 -5.139707 122.7482
5.808445 -4.982893 123.2887
6.653815 -4.62252 123.313
5.954338 -5.337071 123.282
6.318015 -5.483979 123.2771
6.674947 -5.324181 123.2807
6.808102 -4.965604 123.2913
6.645575 -4.614825 116.9863
6.783259 -4.827387 117.6555
6.272415 -4.947736 117.3213
6.198671 -4.496269 117.1047
5.825766 -5.114541 117.6484
5.979919 -5.360994 116.9791
6.310639 -5.484066 116.3357
6.534611 -5.429995 116.9832
6.103441 -4.528029 123.8305
6.108376 -5.442298 123.8155
6.803071 -5.057171 117.0073
5.842808 -5.166234 123.8138
5.841957 -4.804097 123.8204
6.17147 -5.092361 124.0592
6.514 -5.439863 123.8154
5.808444 -4.983281 124.3357
6.776653 -5.159513 123.8116
6.308463 -5.48407 124.3357
6.704499 -5.289259 124.3357
6.808444 -4.98407 124.3357
6.704499 -4.678882 124.3357
6.772273 -4.797357 123.8191
6.38794 -4.988157 116.7267
5.844386 -4.797924 116.9945
5.912388 -5.289259 124.3357
6.311603 -4.981616 124.3357
3.403882 -1.252595 123.841
3.50916 -1.084717 123.3452
3.669508 -0.9717434 123.8476
3.825165 -1.445388 123.3306
3.407556 -1.614913 123.8395
3.987139 -1.390455 123.7248
3.655479 -1.363728 124.0973
3.869689 -0.929034 123.3491
3.674833 -1.888634 123.8477
4.232335 -1.082684 123.3241
3.88176 -1.928929 123.3702
4.229297 -1.778512 123.3462
4.371625 -1.438713 123.3111
3.523483 -1.070238 116.9771
3.737833 -0.9472886 117.6351
3.374036 -1.380944 117.5998
3.796987 -1.445037 117.356
3.475663 -1.123841 124.3357
3.874001 -0.9290351 124.3357
3.371719 -1.429854 124.3357
3.475663 -1.734219 124.3357
4.238091 -1.088778 119.7889
4.321716 -1.646981 119.9411
4.357756 -1.311694 120.6009
3.693259 -0.9619621 120.5031
3.429961 -1.663232 119.7185
3.855255 -1.928759 119.7752
3.400656 -1.261399 119.9921
3.542667 -1.805494 119.0494
3.407585 -1.243072 119.3729
3.829396 -1.449346 119.2614
3.889613 -0.9293502 119.121
3.693809 -0.9617525 119.7689
3.458812 -1.711002 120.4079
4.076588 -0.9729284 121.1739
3.853817 -1.365295 120.8495
3.941988 -1.924068 118.3665
4.303481 -1.681183 119.1361
4.29393 -1.161191 118.6256
4.370287 -1.391226 121.38
3.868569 -1.42903 124.3357
4.103011 -1.317825 124.0942
3.923962 -1.660074 124.0735
3.62039 -0.996787 121.2389
3.852951 -1.383434 121.7284
3.419881 -1.21492 121.7271
3.371874 -1.416556 121.0874
3.372553 -1.457898 122.2715
3.528119 -1.065796 122.2977
3.738679 -1.911005 121.1455
4.253615 -1.75176 121.0428
4.062751 -1.891098 120.4835
3.832674 -0.9305567 121.824
3.428014 -1.198539 118.7275
4.29025 -1.155476 119.1878
3.78991 -1.922292 121.8209
4.180468 -1.822316 121.6495
3.947447 -1.380229 122.3758
3.579229 -1.834554 122.305
3.444499 -1.688805 121.7049
4.370468 -1.464372 122.1319
4.060907 -1.891856 122.3405
3.416727 -1.636353 118.2761
4.241746 -1.092757 121.7508
4.344146 -1.592773 118.3191
4.219861 -1.787912 117.6104
4.267774 -1.734219 124.3357
4.337881 -1.60984 123.8333
3.403655 -1.253198 122.8157
3.424001 -1.651626 122.8236
4.319413 -1.651671 122.7891
4.337755 -1.247895 122.7746
3.901729 -1.417636 122.868
4.176135 -1.03238 122.2886
4.075786 -1.885491 123.8521
3.847519 -0.9296158 122.4069
3.861551 -0.9291333000000001 118.343
4.290221 -1.155433 117.7939
3.459934 -1.145422 118.1229
3.433271 -1.66937 116.9801
3.631555 -1.867575 117.6719
3.85511 -1.928754 117.084
4.105944 -0.9872849 117.0216
3.873963 -1.929025 124.3357
4.055515 -0.9640363 122.8424
3.735174 -1.910024 122.8384
4.069564 -1.888222 122.9306
3.53001 -1.794044 123.3401
3.668021 -0.9724039 122.8513
4.370657 -1.396473 117.0257
4.215409 -1.792179 116.8668
3.979362 -1.476802 116.6595
3.371909 -1.442823 123.3363
4.371719 -1.42903 124.3357
4.075847 -0.9725964 123.8437
3.874876 -1.431225 124.3357
4.267774 -1.123841 124.3357
4.339473 -1.252379 123.833
3.870953 -0.9290305 116.3357
4.358139 -2.554769 122.7193
3.777822 -2.40645 122.6908
4.330132 -2.239388 122.1629
3.758191 -2.460801 122.2337
4.295867 -2.17427 122.8262
4.055385 -1.973985 122.9966
3.79653 -2.35466 123.1263
4.037601 -1.967349 122.4924
3.394359 -2.587784 122.7473
3.670767 -2.896871 122.7126
3.383671 -2.33036 122.2277
3.638258 -1.99688 122.3276
3.439632 -2.187433 122.8045
3.739267 -1.956892 122.8899
4.329436 -2.237796 119.08
3.909738 -1.940477 119.5458
4.317049 -2.666364 119.6905
4.300123 -2.181212 119.8577
3.835498 -2.937716 119.664
4.097218 -2.885292 120.3159
3.810921 -2.413943 120.3214
3.447408 -2.70353 121.003
3.599899 -2.85869 120.3452
3.371882 -2.426232 120.4517
3.895772 -2.444944 120.925
4.36844 -2.496191 120.3419
4.293946 -2.171216 120.3704
4.286174 -2.71872 120.9339
4.167064 -2.842479 119.0082
3.402571 -2.611947 119.7511
3.509167 -2.094709 119.9702
3.857988 -2.938841 120.9508
4.311891 -2.201863 120.8993
4.237505 -2.098148 121.5248
3.861401 -1.939136 121.1422
3.865846 -2.484137 121.6016
3.430028 -2.204703 119.2278
3.986444 -1.95237 120.3497
3.881796 -2.938928 122.137
4.28083 -2.726481 122.1294
3.483029 -2.753546 122.1701
3.376982 -2.511388 121.6326
4.371719 -2.43903 124.3357
4.07536 -2.34436 124.0678
4.267774 -2.744219 124.3357
3.883434 -2.431167 124.2066
3.957471 -1.946438 121.8783
4.106047 -2.88072 121.5371
4.369072 -2.490405 121.535
3.533223 -2.071034 121.7059
3.533163 -2.806971 118.9478
3.868569 -2.43903 124.3357
3.873784 -2.939026 124.3357
3.574697 -2.036814 120.6129
3.417346 -2.230354 121.0991
3.886219 -2.432942 118.5376
4.250027 -2.76596 117.6607
3.965046 -2.930243 118.309
4.359356 -2.549526 118.3505
3.814949 -1.942263 118.8071
4.196644 -2.058999 118.3037
3.393019 -2.294645 118.3936
3.768054 -2.468243 124.1391
3.874026 -1.939035 124.3357
3.673788 -1.979875 123.8598
3.643623 -2.883971 121.5676
3.517253 -2.791669 118.1976
3.385886 -2.557209 117.6354
3.746659 -1.954922 118.1659
4.345877 -2.280367 117.6597
4.000097 -1.955792 117.6406
3.771107 -2.928803 117.6158
3.475663 -2.133841 124.3357
3.872632 -2.939029 116.3357
4.093501 -2.887151 116.9788
3.541525 -2.814493 116.9761
4.015625 -2.412396 116.6513
3.810559 -2.441899 117.3247
4.093658 -2.887073 122.699
3.878645 -2.938982 123.2613
4.073571 -1.981585 123.8677
3.81677 -2.420461 123.604
3.408504 -2.250795 123.8322
3.372347 -2.413963 123.3003
3.533752 -2.070548 123.3485
3.878679 -1.939078 123.4013
3.50676 -2.780798 123.2716
4.24616 -2.770381 123.2622
3.514849 -2.088824 117.6577
4.366207 -2.513065 117.0038
3.759526 -1.95178 117.0892
3.405997 -2.257087 116.9773
4.219062 -2.079374 123.3764
4.33624 -2.254043 123.8377
4.341 -2.611584 123.8089
3.371728 -2.435916 124.3357
3.403345 -2.614034 123.8136
4.370696 -2.407072 123.3006
4.208281 -2.069266 116.9846
4.079323 -2.893893 123.8029
3.670105 -2.89658 123.8044
3.874972 -2.430939 124.3357
3.771359 -2.666693 124.0603
3.475663 -2.744219 124.3357
4.267774 -2.133841 124.3357
2.733186 -1.613459 123.8301
2.21779 -1.318725 123.7207
2.467391 -1.887746 123.8379
2.493563 -1.518932 124.0926
2.735399 -1.250278 123.8303
2.768348 -1.438796 123.3196
2.269732 -1.433122 123.3206
1.803036 -1.611774 123.8258
2.065615 -1.886043 123.8366
1.914069 -1.781761 123.3199
1.768508 -1.437074 123.3092
2.628171 -1.081761 123.3212
2.189488 -1.649347 124.0678
1.907583 -1.082938 123.3108
2.267031 -0.9290319 123.3197
2.24072 -0.9297991 119.9413
2.741024 -1.592333 120.1362
2.653913 -1.110575 120.448
2.222513 -1.540613 120.0507
2.735961 -1.606306 120.7225
2.265859 -1.488143 120.8549
2.029593 -1.868291 121.0644
1.847828 -1.699367 120.4231
1.772667 -1.364177 120.9939
2.455946 -0.9655183000000001 121.2126
2.120222 -0.9515045 120.6696
1.816876 -1.214352 119.5438
1.819663 -1.208585 120.2697
1.772917 -1.495767 119.9766
1.795554 -1.591436 119.0761
1.950852 -1.815211 119.7198
2.528953 -1.855802 119.6202
1.865928 -1.132413 118.7714
2.299647 -0.9300045 119.1639
2.000773 -1.006712 121.2501
2.693738 -1.691946 118.9146
2.735772 -1.251255 119.5853
1.817216 -1.644422 118.354
2.15724 -1.916507 118.993
2.268985 -1.410282 118.5949
2.351375 -1.922104 120.3961
1.872388 -1.734219 124.3357
2.265944 -1.929024 124.3357
2.250258 -1.928699 121.7682
2.675959 -1.718739 121.738
2.498883 -1.872762 121.1453
2.353481 -1.419452 121.7735
2.735666 -1.250977 121.6723
2.737342 -1.255438 121.0549
2.750063 -1.563351 121.2719
2.135442 -0.9470438 121.7499
2.376491 -0.9408438 118.3198
2.363621 -1.919888 118.2913
1.879566 -1.114746 118.1274
2.766439 -1.473755 118.1601
2.704583 -1.184525 118.8272
1.81329 -1.222063 121.6731
1.828156 -1.665984 121.6444
1.918719 -1.071689 122.2506
2.478385 -0.9752407 121.8306
2.162064 -1.23204 124.0963
1.768877 -1.449853 122.2252
2.282345 -0.9292232 122.295
2.766838 -1.469061 122.2575
2.640885 -1.095432 122.2711
2.268228 -1.442612 122.3364
1.945736 -1.810946 122.2567
2.254856 -1.928845 122.3756
2.073523 -0.9685888 122.7993
2.737965 -1.257129 122.7939
2.72007 -1.643584 122.8043
2.567519 -1.829722 122.2881
1.80179 -1.249491 122.7807
1.812098 -1.633355 122.7821
2.270402 -1.435933 122.8127
2.644121 -1.099081 117.5941
2.275316 -1.446409 117.5474
1.771621 -1.372749 117.6065
2.003623 -1.853141 117.6689
1.825345 -1.660683 116.9784
2.145552 -0.9443674 117.5925
2.469371 -0.9711781 122.8029
2.075823 -1.890438 122.8223
2.445404 -1.896668 122.8328
2.618052 -1.786485 123.328
2.225257 -1.927161 117.0828
2.528815 -1.855887 117.6175
1.768444 -1.430011 124.3357
2.635385 -1.768668 116.9302
2.759776 -1.521724 117.4636
1.91734 -1.073044 116.9606
2.383604 -1.454277 116.6959
2.265294 -1.42903 124.3357
2.271602 -1.431372 124.3357
1.800872 -1.251896 123.823
2.063612 -0.9729116 123.8295
2.469377 -0.9711809 123.8364
1.872388 -1.123841 124.3357
2.266287 -0.9290345 124.3357
2.263677 -1.929007 123.3324
2.664499 -1.123841 124.3357
2.757433 -1.324676 116.9413
2.474015 -0.9732443 116.9532
2.768444 -1.42903 124.3357
2.664499 -1.734219 124.3357
2.2674 -0.9290310000000001 116.3357
1.768846 -2.418964 123.3204
2.192876 -2.394329 123.1124
2.23791 -2.257661 123.6948
2.253092 -2.601979 123.4797
2.768444 -2.43903 124.3357
2.492128 -2.334347 124.0824
2.664499 -2.744219 124.3357
2.199542 -2.444206 124.1554
1.800871 -2.616162 123.8254
2.061553 -1.983842 123.8659
2.7383 -2.610011 123.8123
2.767259 -2.404627 123.3006
1.872388 -2.133841 124.3357
1.768453 -2.435957 124.3357
1.80276 -2.25699 123.8447
2.210271 -2.595635 124.0092
1.941175 -2.817045 116.9667
2.406407 -2.413438 116.6397
2.492755 -2.88589 116.9692
2.763469 -2.509383 116.9909
2.150697 -1.953092 117.0761
1.801295 -2.260782 116.9698
2.600921 -2.065588 116.9695
2.2717 -2.430832 124.3357
2.265294 -2.43903 124.3357
2.664499 -2.133841 124.3357
2.729723 -2.246102 123.8314
1.902471 -2.779712 123.2832
2.460814 -1.977518 123.8582
2.250037 -1.939369 123.3967
2.598368 -2.063331 123.3499
1.91439 -2.085977 123.3827
2.265931 -1.939036 124.3357
2.656473 -2.75436 120.9671
2.747998 -2.297511 120.9802
2.753656 -2.55973 120.2723
2.256914 -2.456958 120.6938
1.971916 -2.841611 118.9403
1.814306 -2.648216 119.7347
2.360252 -2.930529 119.7353
2.293084 -2.409262 119.3645
2.566973 -2.037931 120.4735
2.271416 -2.36862 120.1494
2.273851 -2.33973 121.5352
2.604292 -2.809443 118.973
2.751423 -2.568376 119.5533
1.970833 -2.037249 121.7381
1.840622 -2.180247 121.0886
2.340578 -1.944261 121.1739
2.666411 -2.136339 119.7821
1.809209 -2.241283 119.1651
1.890923 -2.111191 119.8743
1.769525 -2.40616 120.4329
2.060958 -1.984113 120.5333
2.296186 -1.9398 120.0171
1.769972 -2.4781 121.6455
2.474203 -2.89473 121.5774
2.757359 -2.543728 121.5703
2.25938 -1.939112 119.4114
2.674467 -2.147234 121.5509
2.333968 -2.449686 122.0258
2.704705 -2.194743 118.9945
2.177836 -1.947308 118.7301
2.01481 -2.869924 121.592
2.223555 -2.937011 121.0038
1.830259 -2.67985 121.018
2.437146 -2.90971 120.4506
2.002197 -2.862247 120.3788
2.409435 -1.95932 121.895
2.094971 -1.970087 122.4158
2.504744 -1.998391 122.4314
1.787862 -2.301039 122.2544
1.867149 -2.737296 122.1878
2.281497 -2.434398 118.5094
2.742572 -2.280279 122.1601
2.66057 -2.749251 122.1524
2.286125 -2.436715 122.5772
2.760475 -2.527937 118.3084
2.385914 -2.925035 118.2872
2.124362 -1.960239 118.1209
2.575762 -2.044625 118.248
2.273826 -2.390091 117.9344
1.836222 -2.187665 122.8394
2.258672 -2.938934 122.1562
2.695744 -2.179387 122.81
2.384513 -1.952688 122.8959
1.782683 -2.320555 118.3581
2.058612 -2.89287 122.729
2.480049 -2.892045 122.719
2.073428 -1.978629 122.9735
1.932461 -2.809321 118.1799
2.738992 -2.26996 117.6281
1.903575 -2.097166 117.6311
2.386165 -1.953086 117.6079
2.206929 -2.441244 117.289
2.653495 -2.75799 117.636
2.751274 -2.568934 122.7246
1.786028 -2.570466 117.6162
2.17795 -2.930773 117.6021
1.789254 -2.581781 122.7679
2.271445 -2.939021 123.2668
2.475344 -2.894214 123.8099
2.066052 -2.896236 123.8133
2.640396 -2.773172 123.2687
2.266173 -2.939025 124.3357
1.872388 -2.744219 124.3357
2.266774 -2.939027 116.3357
4.314078 -4.207133 119.9152
4.079235 -4.428973 120.4701
4.362076 -3.876349 120.5492
3.855385 -3.474337 120.4371
3.837293 -4.039418 120.8214
4.272408 -3.674992 119.7485
3.751506 -3.488737 119.7575
3.41119 -3.779357 120.0764
3.504652 -4.313573 120.4315
3.428755 -4.205983 119.7378
3.833882 -3.994731 119.266
3.417618 -3.764804 119.3977
3.530732 -4.339759 119.0467
3.857381 -4.473865 119.769
4.103635 -3.531109 121.1801
4.370674 -3.941771 121.2137
4.290641 -4.247025 119.1216
4.265698 -4.281934 121.0096
3.873613 -3.474074 122.2657
3.502491 -3.636919 122.2431
3.718613 -3.498089 121.6997
3.793636 -3.887745 121.7586
4.297102 -3.711299 117.7871
3.881564 -3.474167 118.3376
4.338204 -4.154047 118.3105
4.305904 -3.726113 118.6144
3.387205 -4.097546 121.1128
3.405 -3.794699 120.6314
3.92469 -4.471256 118.3647
3.56143 -3.581997 121.1128
3.803691 -4.469421 121.1581
4.338752 -3.795521 121.724
3.375796 -4.037794 122.2498
3.482976 -4.288521 121.7054
3.395041 -3.823145 121.6777
3.924493 -3.476863 119.112
3.438263 -3.72484 118.7353
4.250001 -4.30103 121.6546
4.308546 -3.730797 119.1634
3.843389 -4.473267 121.821
4.312482 -4.210138 122.8152
4.345213 -3.813438 122.7786
4.364889 -4.056431 122.2511
3.925084 -3.988415 122.2934
3.408586 -4.162507 123.8321
3.675802 -4.434088 123.8465
3.534032 -4.342808 123.3281
3.952206 -3.929967 123.5842
3.850713 -4.473629 117.0827
4.212913 -4.339565 116.8655
3.997932 -4.012809 116.6273
3.410191 -4.166403 118.2796
4.079311 -3.519202 121.8076
4.243096 -3.639289 122.2747
4.212749 -4.339718 117.6062
3.621139 -4.406748 117.6731
4.075218 -4.430785 122.349
3.60538 -4.39723 122.2917
3.399063 -3.810985 122.7797
3.430667 -4.209598 122.7983
4.071555 -3.515742 122.7857
4.267774 -4.279259 124.3357
4.337441 -4.156011 123.8283
4.076669 -4.430135 123.8489
4.09096 -3.886797 124.0478
3.469173 -3.677494 118.1227
3.375135 -3.915722 117.6004
3.431776 -4.211663 116.9785
3.873303 -3.990242 117.2683
3.747493 -3.489748 117.629
3.667923 -3.517488 122.7859
3.742788 -4.457161 122.8328
3.877671 -4.012381 122.8443
4.371456 -3.990285 123.3128
4.226074 -4.32682 123.3508
3.87047 -3.474072 123.3071
3.526062 -3.612792 116.9764
4.071099 -4.432598 122.9272
3.507369 -3.631653 123.3082
4.235429 -3.630975 123.3053
4.339904 -3.798563 123.8211
4.076071 -3.517737 123.8299
3.372141 -3.994622 123.3118
3.885186 -4.473889 123.3592
4.371719 -3.97407 124.3357
3.874909 -3.979102 124.3357
4.267774 -3.668882 124.3357
4.110044 -3.534524 117.0171
4.370966 -3.946652 117.022
3.475663 -3.668882 124.3357
3.403294 -3.799205 123.8254
3.667641 -3.517614 123.8267
3.673569 -4.063627 124.0477
3.371723 -3.976129 124.3357
3.475663 -4.279259 124.3357
3.873706 -3.474074 124.3357
3.868569 -3.97407 124.3357
3.873401 -4.474068 124.3357
3.87207 -3.474071 116.3357
4.312192 -5.220678 119.7801
4.069379 -5.443342 120.3704
4.358514 -5.09822 120.469
3.826856 -4.878973 120.1965
3.850891 -4.484504 119.7395
3.99461 -4.499408 120.4875
3.562442 -4.591199 120.3957
3.44996 -5.252621 120.9545
3.607128 -5.408325 120.3342
3.373141 -5.021762 120.3686
3.885548 -4.979894 120.7956
3.846308 -5.483424 119.6811
3.856622 -4.992662 119.4635
4.325687 -4.774516 119.207
4.302021 -4.729434 120.0164
4.22513 -5.337766 121.0168
4.370543 -4.949806 121.0799
3.418951 -5.196205 119.7029
3.399846 -4.818733 120.9477
4.140969 -4.562758 121.1874
3.696416 -4.515809 121.0381
3.869786 -4.926457 121.5154
3.375792 -5.047767 121.4438
4.297509 -4.721959 120.6454
4.335447 -5.171034 121.6074
3.570973 -5.38351 121.641
3.810122 -5.480262 120.9948
3.428693 -4.752276 119.8622
3.685596 -4.520003 122.7602
3.885372 -4.973412 122.1678
3.912766 -4.485758 122.2746
3.874551 -4.977928 122.784
3.848191 -5.483517 122.1801
4.228042 -5.334832 122.1714
4.029667 -5.458467 121.5936
3.43098 -4.747958 119.1847
4.173288 -4.585252 121.8605
3.810708 -4.487807 121.6721
3.89838 -4.484782 119.0543
3.892882 -4.929698 118.8429
3.462172 -4.69724 121.5618
4.340738 -4.810805 121.5836
4.178718 -5.378723 119.0576
4.135598 -4.559373 118.4238
3.644102 -4.538884 118.656
3.381158 -4.887372 118.3623
3.552528 -5.368931 118.9435
3.5348 -5.353511 118.197
3.868569 -4.98407 124.3357
3.475663 -4.678882 124.3357
3.800371 -4.75476 124.185
3.838576 -5.026922 124.1823
4.371719 -4.98407 124.3357
3.87488 -4.981358 124.3357
4.267774 -4.678882 124.3357
4.082454 -4.900567 124.0656
3.547393 -4.603527 122.176
4.367845 -4.921956 122.164
3.408292 -4.796359 122.7021
3.372552 -5.01293 122.0801
3.981215 -5.471934 118.3371
3.925803 -5.084119 117.9641
4.330319 -4.784857 122.7878
4.212895 -4.618559 122.3794
3.409938 -5.175797 122.7194
3.52884 -5.347985 122.2597
4.065743 -5.44489 122.7282
3.628298 -5.015838 124.0367
4.060235 -4.52097 122.8155
4.339932 -5.159501 122.7263
4.363708 -5.073212 118.4226
3.782545 -5.476054 117.632
3.497111 -4.652907 117.6563
3.687456 -4.519262 118.157
3.391623 -5.123742 117.634
3.97477 -4.494805 117.6802
4.258414 -5.301036 117.6913
4.336941 -4.800854 117.7192
3.866494 -4.484098 123.3046
4.3717 -4.979769 123.2936
4.22542 -4.630665 123.3129
3.816878 -4.897338 123.5572
3.516797 -5.336251 123.2738
3.68378 -5.447405 122.7517
4.231589 -5.331191 123.2749
3.87543 -5.484057 123.2779
3.403924 -4.807524 116.9829
3.546422 -5.363784 116.9773
3.997637 -4.889436 117.3929
4.097635 -5.430121 116.995
4.200559 -4.607422 117.0124
3.750295 -4.499038 117.1099
3.946875 -5.016245 116.7341
3.371723 -4.986058 123.264
3.512647 -4.636123 123.2734
4.338253 -5.163918 123.8076
4.07545 -5.440681 123.8124
3.404628 -4.80567 123.8018
3.666075 -4.528317 123.8159
3.870225 -5.484068 116.3357
4.367257 -5.050715 117.0283
3.405848 -5.165633 123.803
4.337349 -4.801894 123.82
4.070717 -4.525377 123.8272
3.873242 -4.484073 124.3357
4.267774 -5.289259 124.3357
3.671135 -5.442073 123.8076
3.87238 -5.48407 124.3357
3.847188 -5.255737 124.1784
3.371719 -4.983604 124.3357
3.475663 -5.289259 124.3357
2.469928 -3.516464 123.8301
2.061577 -3.518871 123.828
2.2195 -4.09281 123.7372
2.360415 -3.764256 124.0556
1.799594 -3.800346 123.8225
1.768959 -3.996774 123.3145
2.27539 -3.981973 123.3471
1.930384 -4.342466 123.3414
2.736088 -3.797128 123.8285
2.279788 -4.473942 123.3792
2.733428 -4.157888 123.8424
2.623963 -4.325646 123.362
1.929187 -3.606776 119.6578
2.478221 -3.520205 119.8858
2.170823 -3.483693 120.4369
1.772354 -3.91166 120.3709
1.905495 -3.630169 121.0419
2.310198 -4.040975 121.0012
2.054007 -4.425753 120.4648
2.693994 -3.711569 120.4402
2.434049 -4.445849 119.2511
1.768688 -3.989715 119.1169
1.89035 -4.301248 119.7011
1.972557 -4.377122 118.9674
2.766895 -4.013394 119.723
2.271706 -4.47406 121.1861
2.675611 -4.264268 121.1626
2.648676 -4.298759 120.5252
2.494947 -3.528317 119.1975
2.498845 -3.530319 121.1707
2.766525 -3.930315 120.9532
2.76805 -3.95423 121.5085
2.765409 -4.029077 122.1865
2.599228 -4.349012 121.7214
2.284894 -3.918682 121.6044
1.872388 -4.279259 124.3357
2.070786 -4.433343 123.8497
1.80521 -4.162257 123.8328
2.171388 -4.207261 124.0919
1.805646 -4.163328 121.0543
1.781764 -4.088713 118.3906
1.965766 -3.576093 118.8242
2.35698 -4.466169 118.4088
2.765809 -4.025331 118.8409
1.780847 -3.863391 121.6417
2.084621 -3.509087 121.6678
2.444153 -3.505961 121.8092
2.677725 -3.686861 121.7811
2.409547 -4.453747 119.9325
1.900726 -4.312868 121.6935
2.340792 -3.941121 122.2993
1.976348 -4.379879 117.7199
2.761093 -4.059492 118.0674
1.946422 -3.591575 118.1623
1.886416 -3.651495 122.2223
1.775677 -4.058814 122.2364
2.249439 -4.473709 121.847
2.012711 -4.403722 122.2983
2.493974 -3.527824 118.3359
2.265294 -3.97407 124.3357
2.664499 -3.668882 124.3357
2.271638 -3.979357 124.3357
2.247679 -3.474502 122.2663
1.832477 -4.218882 122.7961
2.256344 -3.980762 122.8641
2.055893 -3.521498 122.7858
2.143477 -4.458202 122.8504
1.935077 -3.601422 116.9771
2.487566 -3.524643 116.9535
2.205715 -3.984401 117.3499
2.35102 -3.983433 116.7355
2.739538 -3.80653 122.7792
2.616305 -3.614915 122.2848
1.81683 -4.188652 116.9993
2.208607 -4.470477 117.1013
2.202704 -3.478411 117.6086
2.50308 -4.415597 117.6322
2.714321 -4.20033 122.8047
2.471759 -4.430866 122.3711
2.667882 -3.673324 117.5772
1.900588 -3.635423 123.307
2.26108 -3.474125 123.3108
1.792043 -3.822272 122.7727
2.470093 -4.431605 122.9414
2.456152 -3.510643 122.798
2.768278 -3.986924 123.3165
1.779674 -3.868692 117.6352
2.759995 -3.882546 116.9296
2.623639 -4.325974 116.9302
2.753724 -4.094499 117.4328
2.629242 -3.627914 123.3122
2.470195 -4.431559 123.8575
2.768444 -3.97407 124.3357
1.872388 -3.668882 124.3357
2.266318 -3.474075 124.3357
1.768447 -3.97589 124.3357
2.664499 -4.279259 124.3357
2.266425 -4.474066 124.3357
2.267006 -3.474072 116.3357
1.768458 -4.980206 123.2788
2.218047 -5.085907 123.6936
1.910685 -5.333368 123.2675
2.249408 -4.952234 123.2566
1.801998 -4.80399 123.8116
2.732571 -4.798098 123.8072
2.466915 -4.525149 123.819
2.616296 -4.624907 123.2893
2.273088 -5.484049 123.2628
1.872388 -4.678882 124.3357
2.064626 -4.527498 123.8214
2.26658 -4.484074 124.3357
2.172762 -4.747295 124.0501
1.912715 -4.632706 123.2959
2.262908 -4.484101 123.3054
2.768193 -4.968233 123.2674
2.736582 -5.159701 123.8006
2.632277 -5.327036 123.2613
1.768444 -4.983325 124.3357
2.171207 -5.169172 124.0846
2.761139 -4.898918 120.9733
2.693242 -4.720354 120.353
2.721955 -5.194611 120.3911
2.334467 -5.016764 120.9759
2.417452 -4.50679 120.9401
2.455567 -5.447735 120.479
2.234342 -4.890617 120.4011
2.451985 -5.449164 119.7285
1.85916 -5.271275 119.7589
2.068637 -5.442412 120.3815
2.636825 -5.322146 121.0063
1.789073 -5.126212 121.6151
2.061168 -5.439083 121.5935
1.881741 -5.301027 121.0103
2.767087 -5.02088 119.8672
2.615078 -4.623731 119.6525
1.941203 -4.606032 120.6153
1.774437 -5.061255 120.4494
2.473052 -5.440289 121.5827
2.258442 -5.48397 121.0087
1.837372 -4.730739 119.9383
2.283343 -4.484292 120.1634
2.146223 -4.499238 119.4689
2.012692 -4.554429 121.2023
2.279155 -4.923748 121.6455
2.749254 -5.12126 121.5773
1.778631 -4.883655 119.2263
1.779635 -4.878875 121.0871
1.847736 -4.713876 121.6739
2.667968 -4.683438 121.5751
2.53393 -4.560376 118.881
2.003953 -4.559754 118.8658
2.551308 -5.396366 118.9518
2.491799 -4.894056 124.0832
2.642799 -5.315518 122.1527
2.271392 -5.484062 122.152
1.769994 -4.944729 122.1937
1.900929 -5.323088 122.1622
2.766099 -5.032431 119.2339
2.009744 -5.411942 118.9649
2.265294 -4.98407 124.3357
2.253991 -4.484279 121.7146
2.764908 -4.924714 122.1547
2.56514 -4.581614 122.2051
2.764706 -5.045093 118.4167
2.390525 -5.468937 118.3059
2.27738 -4.981607 118.2039
2.741727 -4.822817 117.6573
2.594687 -4.60517 118.1974
1.955547 -4.594076 122.2307
2.254362 -4.985217 122.268
2.07481 -5.445054 122.7165
1.801396 -5.162582 122.7306
2.740516 -5.148835 122.7083
2.472356 -5.4406 122.7086
2.283982 -4.956279 122.764
2.257974 -4.48418 122.3291
2.716239 -4.761632 122.7358
1.813225 -4.777246 122.7521
2.078595 -4.521515 122.7903
2.444001 -4.515904 122.7794
1.907732 -4.637824 117.7007
2.166882 -4.494494 118.2869
1.773698 -4.911776 118.4208
2.660451 -5.294442 117.6795
2.185401 -5.477126 117.6252
1.950222 -5.369732 118.2106
1.788732 -5.125055 117.6522
2.388021 -4.49858 117.6562
2.768444 -4.98407 124.3357
2.664499 -4.678882 124.3357
2.603038 -4.612524 116.9899
2.152872 -4.497611 117.1083
2.231581 -4.948879 117.3262
2.396351 -4.954205 116.6577
1.802413 -4.80292 116.9955
1.94201 -5.362807 116.9816
2.2675 -5.484069 116.3357
2.495106 -5.429743 116.9829
2.06758 -5.44195 123.8045
2.763158 -5.056581 117.0108
2.473386 -5.440139 123.8056
1.872388 -5.289259 124.3357
2.267404 -5.484069 124.3357
2.664499 -5.289259 124.3357
2.271601 -4.981815 124.3357
1.802287 -5.164897 123.804
8.127677 -1.726979 130.2552
8.314629 -1.732386 129.8214
7.969413 -1.606191 129.8245
8.225336 -1.426578 130.0312
7.978167 -1.239639 129.8077
8.221119 -1.429408 129.5861
8.181328000000001 -1.117809 128.0515
7.943296 -1.298262 128.1244
7.921583 -1.493722 127.8541
8.197666999999999 -1.423714 128.269
7.974058 -1.612833 128.1975
8.290438999999999 -1.119932 127.1466
8.540902000000001 -1.478614 127.2448
8.473146 -1.228982 127.7411
8.005528 -1.207912 127.6222
8.267086000000001 -1.741801 126.5493
8.193224000000001 -1.741874 127.0856
8.477031999999999 -1.624255 126.8442
7.949611 -1.572834 126.6165
8.50122 -1.269124 126.4022
8.527933000000001 -1.327253 126.8088
8.528085000000001 -1.530361 128.1383
8.376917000000001 -1.707568 127.6614
7.919362 -1.376016 127.1092
7.980748 -1.621803 127.5033
8.340965000000001 -1.1343 126.6505
8.133327 -1.437366 124.6374
7.933199 -1.323144 126.1708
8.268553000000001 -1.116437 126.1849
8.041802000000001 -1.176342 126.6574
8.504566000000001 -1.274943 128.8103
8.434388 -1.189497 128.3597
8.544313000000001 -1.44705 128.5504
8.19244 -1.424295 128.7187
8.265193 -1.742021 128.1599
8.077847 -1.704907 127.8668
8.417448 -1.68205 128.5533
8.080833999999999 -1.151528 128.4874
8.277004 -1.74046 128.9737
8.101165 -1.716525 128.572
7.915046 -1.439601 128.5519
7.96807 -1.253859 128.9406
7.965968 -1.601016 128.9684
8.484999999999999 -1.24434 130.2409
8.544743 -1.436387 129.7937
8.482742999999999 -1.616798 130.2482
8.461573 -1.642376 129.3844
8.527412 -1.532318 126.4531
8.525700000000001 -1.537124 128.9435
8.287668999999999 -1.119402 128.8718
8.405905000000001 -1.690213 126.1617
8.387840000000001 -1.701521 125.743
8.070169999999999 -1.700535 126.0937
8.242896 -1.447562 125.6549
8.543782 -1.403366 125.9805
8.544826 -1.430348 125.3646
7.953724 -1.277479 125.263
7.973106 -1.611501 125.251
7.917897 -1.472602 125.7038
8.075464 -1.154479 125.7107
8.131214 -1.129892 129.3468
8.494158000000001 -1.257702 129.2932
8.222403 -1.434338 129.1261
8.399068 -1.163366 125.6933
8.275029999999999 -1.117307 125.2231
8.295127000000001 -1.737172 125.2655
8.096315000000001 -1.714304 125.6189
7.914965 -1.421243 129.3826
7.97723 -1.617169 130.6853
7.914873 -1.427316 130.2516
7.970007 -1.250999 130.6853
8.222436999999999 -1.4251 130.4713
8.132107 -1.129599 130.2439
8.320611 -1.73065 130.6853
8.110689000000001 -1.720601 129.3929
8.333995 -1.131766 129.7836
8.256466 -1.437135 125.1232
8.092152 -1.712318 124.797
8.478339 -1.622588 124.8243
8.048677 -1.171369 124.7856
7.915219 -1.443897 124.8737
8.29135 -1.120112 124.784
8.495431999999999 -1.259684 124.8205
8.544829 -1.42903 130.6853
8.544829 -1.42903 124.3357
8.316281 -1.12614 130.6853
7.860896 -1.595641 125.3214
7.528021 -1.73711 125.2966
7.601049 -1.427045 125.5362
7.602622 -1.439262 125.0849
7.505684 -1.731495 130.2426
7.278693 -1.436341 130.2404
7.597938 -1.429168 130.4633
7.597917 -1.428599 130.0217
7.699583 -1.72564 130.6853
7.345599 -1.62323 130.6853
7.336745 -1.2467 130.6853
7.908569 -1.42903 130.6853
7.853155 -1.607461 130.2462
7.844917 -1.23917 130.2427
7.344917 -1.622356 129.8008
7.517316 -1.734636 129.364
7.279016 -1.445054 129.3293
7.59808 -1.425978 129.5749
7.333305 -1.251646 129.7857
7.859392 -1.59803 129.3668
7.839981 -1.232807 129.3465
7.605522 -1.43127 129.1234
7.75757 -1.160101 124.8018
7.510217 -1.125284 124.786
7.560963 -1.554193 124.5528
7.319689 -1.273494 124.7961
7.356862 -1.636811 124.8095
7.48244 -1.134312 129.3217
7.325195 -1.264174 128.808
7.672364 -1.124059 126.7859
7.838419 -1.627198 127.2757
7.908477 -1.421444 126.783
7.841129 -1.234258 127.2691
7.622042 -1.742722 127.6792
7.843285 -1.62103 127.7465
7.907466 -1.402693 127.6304
7.745951 -1.153352 127.8425
7.467183 -1.140527 127.3169
7.388498 -1.189968 127.8814
7.278668 -1.422892 127.5393
7.375351 -1.656153 127.7045
7.631894 -1.433706 128.1703
7.44122 -1.704704 127.2421
7.686589 -1.729968 126.7701
7.338816 -1.243817 126.7449
7.542343 -1.118246 128.351
7.312669 -1.286562 128.3104
7.608613 -1.439743 128.6484
7.282487 -1.478309 127.9971
7.278752 -1.419531 127.1099
7.74337 -1.706119 124.818
7.851632 -1.248403 128.4191
7.33857 -1.613903 126.7266
7.567427 -1.742922 128.5137
7.452242 -1.710515 128.0841
7.304968 -1.555167 128.4535
7.740906 -1.707436 128.1079
7.584214 -1.424318 126.5082
7.352682 -1.63195 125.7709
7.278751 -1.438507 126.2516
7.511081 -1.733012 126.2648
7.594117 -1.423843 126.0232
7.857173 -1.60147 126.284
7.676004 -1.125023 125.7726
7.48536 -1.133227 126.2652
7.332514 -1.252812 125.7582
7.83705 -1.229183 126.2834
7.862664 -1.592771 128.5052
7.907879 -1.449869 128.0589
7.907947 -1.409251 125.7959
7.712729 -1.720609 125.7906
7.846858 -1.241767 125.3109
7.279509 -1.452838 125.2794
7.369363 -1.650243 128.9149
7.688073 -1.128555 128.8608
7.908001 -1.410121 128.907
7.723521 -1.715962 128.9333
7.496146 -1.129501 125.2349
7.908558 -1.426408 124.9008
7.680335 -1.12623 129.79
7.908304 -1.416113 129.8018
7.703688 -1.724141 129.8047
7.278611 -1.430361 124.3357
7.491436 -1.131075 130.2401
7.694297 -1.130583 130.6853
8.334759 -2.435337 124.9301
8.544829 -2.43903 126.4523
8.155495999999999 -2.44023 125.3653
7.915657 -2.416751 130.6853
8.233008999999999 -2.124065 130.6853
8.227783000000001 -2.556693 129.9882
8.063406000000001 -2.291038 129.7723
8.275974 -2.750615 126.4523
8.243684999999999 -2.753706 128.5688
8.258165 -2.125325 128.5688
7.915367 -2.421313 128.5688
8.544829 -2.43903 130.6853
8.211249 -2.75346 130.6853
8.544829 -2.43903 128.5688
8.28314 -2.12859 126.4523
8.270619 -2.439926 127.4956
7.915143 -2.42588 126.4523
8.544829 -2.43903 124.3357
7.27938 -2.416989 130.6853
7.609994 -2.124477 130.6853
7.732797 -2.450123 130.1465
7.596407 -2.495641 129.6762
7.908569 -2.43903 128.5688
7.578289 -2.124421 128.5688
7.601999 -2.309351 129.3955
7.908569 -2.43903 130.6853
7.5872 -2.753945 130.6853
7.539237 -2.749285 126.4523
7.278776 -2.42876 126.4523
7.279023 -2.422872 128.5688
7.515887 -2.428951 127.7725
7.546739 -2.127553 126.4523
7.674924 -2.431834 127.4554
7.563129 -2.752534 128.5688
7.434379 -2.384205 124.6908
7.473179 -2.295578 125.2991
7.278639 -2.434652 124.3357
7.908569 -2.43903 126.4523
6.71636 -1.127118 130.6853
6.366036 -1.252019 130.6853
6.523325 -1.131453 130.2366
6.630325 -1.426215 130.4576
6.883193 -1.611674 130.2359
6.532909 -1.729761 130.2355
6.6263 -1.428395 130.0083
6.941554 -1.42903 130.6853
6.373977 -1.617198 130.6853
6.721851 -1.729254 130.6853
6.368958 -1.247793 129.7771
6.719783 -1.128157 129.7722
6.311646 -1.434807 129.3231
6.376882 -1.621037 128.8577
6.36762 -1.249709 128.859
6.625741 -1.428674 129.081
6.941433 -1.420295 127.8578
6.708309 -1.124839 127.9043
6.487841 -1.146248 127.5014
6.311692 -1.436917 127.5234
6.941385 -1.418717 126.8473
6.355748 -1.589859 127.0939
6.864339 -1.635622 127.3391
6.852139 -1.209183 127.3466
6.637083 -1.114225 126.2651
6.311659 -1.43544 126.6593
6.355677 -1.26832 126.2231
6.907584 -1.571318 126.3449
6.458757 -1.162478 126.6724
6.348741 -1.280632 127.0957
6.580622 -1.11742 127.0893
6.373822 -1.61699 127.9554
6.502751 -1.718651 127.4936
6.770181 -1.148692 126.7679
6.784821 -1.701372 126.7633
6.46967 -1.702149 126.6718
6.595244 -1.742448 127.0785
6.878183 -1.618517 124.8523
6.486785 -1.711291 124.8752
6.729149 -1.72684 125.3313
6.613185 -1.411579 125.08
6.363834 -1.255304 127.9581
6.695378 -1.121656 124.8109
6.453921 -1.165584 124.8156
6.897667 -1.268653 126.3407
6.538077 -1.731323 128.3895
6.726593 -1.727708 127.9001
6.621851 -1.429452 128.152
6.522032 -1.131904 128.3898
6.876296 -1.237063 128.3537
6.648817 -1.743224 126.2622
6.359739 -1.596397 126.2204
6.941458 -1.42126 125.4058
6.34721 -1.574525 125.3244
6.36443 -1.254407 125.3245
6.886914 -1.60633 128.3607
6.499978 -1.71745 125.3142
6.941327 -1.417084 125.9504
6.81781 -1.178748 125.8213
6.311635 -1.423908 125.7743
6.494829 -1.142925 125.7769
6.941554 -1.42903 124.3357
6.6894 -1.120379 125.2766
6.498628 -1.716854 125.7469
6.311751 -1.43898 128.4108
6.624322 -1.430452 128.6205
6.941471 -1.421799 128.8331
6.719345 -1.128021 128.843
6.536584 -1.730882 129.3141
6.885319 -1.60865 129.3042
6.732893 -1.725524 128.8408
6.878723 -1.240262 129.3061
6.835327 -1.6649 125.8328
6.626259 -1.429338 129.5477
6.892835 -1.260752 124.8384
6.311597 -1.427435 124.9099
6.941511 -1.423858 129.7729
6.52577 -1.130615 129.3109
6.729727 -1.72664 129.779
6.375527 -1.619262 129.7751
6.879151 -1.240835 130.2366
6.311651 -1.435032 130.2355
5.973455 -1.743559 128.5688
5.969107 -1.114764 128.5688
5.913085 -1.433047 129.8867
6.061632 -1.431526 129.3875
6.305294 -1.42903 128.5688
6.004381 -1.743696 130.6853
6.305294 -1.42903 130.6853
5.99785 -1.11414 130.6853
5.675399 -1.435482 130.6853
6.305294 -1.42903 126.4523
5.956547 -1.427579 127.5044
5.67537 -1.433858 128.5688
5.94054 -1.118007 126.4523
5.675349 -1.432233 126.4523
5.856667 -1.442921 124.9365
6.021341 -1.467072 125.442
5.942692 -1.740389 126.4523
5.675337 -1.430609 124.3357
6.823484 -2.437144 125.5912
6.941554 -2.43903 124.3357
6.732444 -2.43569 124.9273
6.31182 -2.42708 126.4523
6.680663 -2.128729 126.4523
6.545629 -2.432706 125.4558
6.941554 -2.43903 126.4523
6.62462 -2.434724 127.5122
6.941554 -2.43903 128.5688
6.656503 -2.125475 128.5688
6.64269 -2.753598 128.5688
6.941554 -2.43903 130.6853
6.74555 -2.325558 129.6059
6.311997 -2.423094 128.5688
6.673828 -2.750445 126.4523
6.611394 -2.753644 130.6853
6.312224 -2.41911 130.6853
6.51239 -2.369978 129.7526
6.632164 -2.124099 130.6853
5.675664 -2.424591 128.5688
5.977277 -2.124319 128.5688
5.675952 -2.419288 130.6853
6.076775 -2.310838 129.5114
6.305294 -2.43903 128.5688
5.956852 -2.439362 127.5176
6.010111 -2.124672 130.6853
5.963531 -2.752869 128.5688
5.953166 -2.518986 129.6322
6.203766 -2.461977 129.9187
6.305294 -2.43903 130.6853
5.989463 -2.754009 130.6853
5.675356 -2.435207 124.3357
5.831324 -2.384294 124.6913
5.870436 -2.295575 125.2994
5.937781 -2.749599 126.4523
5.944584 -2.127387 126.4523
6.305294 -2.43903 126.4523
5.675466 -2.429898 126.4523
7.980897 -4.167036 130.6853
7.914881 -3.976899 130.2425
7.965329 -3.803068 130.6853
8.221235 -3.975801 130.4636
8.528833000000001 -3.87497 127.7254
7.933971 -3.866047 127.5765
8.466934 -4.181443 127.5781
8.257250000000001 -4.287856 127.7036
8.228479999999999 -4.289048 127.1532
7.992127 -3.767428 126.6994
8.474964999999999 -4.171885 126.8843
7.971524 -4.154296 126.6515
8.052802 -4.234584 127.8731
7.938199 -3.855104 128.0432
8.207281999999999 -3.6599 127.7926
8.534052000000001 -3.892383 126.8817
8.422056 -3.724533 127.294
8.090316 -3.691682 127.219
8.536982999999999 -4.043935 127.2666
8.316117999999999 -3.671134 126.8021
8.181381999999999 -3.976705 126.4732
8.495545999999999 -3.804903 126.4753
8.280157000000001 -4.285007 126.5972
7.916417 -4.005265 127.1225
7.99455 -4.183468 127.5131
8.497812 -4.139624 128.0581
8.527115 -4.07821 126.5027
7.915399 -3.992353 124.877
8.270859 -3.661771 125.2315
8.266914999999999 -3.980264 125.1593
8.495362 -3.804615 124.8236
8.544810999999999 -3.970708 125.3825
8.479205 -4.166512 124.8283
8.249117999999999 -3.65968 126.2385
8.215209 -4.28871 128.1496
8.394303000000001 -4.24271 128.5116
8.456149 -3.75498 128.2711
8.189549 -3.973705 128.632
8.541071000000001 -4.022577 128.4854
7.965726 -4.145685 128.1746
7.928226 -4.064825 127.8317
7.960596 -4.137519 128.9392
8.084059999999999 -4.25328 128.5426
7.914869 -3.974645 128.4996
8.323102 -4.27493 130.6853
8.131589999999999 -4.273332 130.2475
8.096806000000001 -3.688567 128.3766
8.081071 -4.251699 126.124
7.925435 -3.893169 126.2033
8.267542000000001 -4.286787 128.9407
8.156853999999999 -3.979149 124.6273
8.065792999999999 -3.705187 125.7406
8.543067000000001 -3.940802 126.0196
8.298235999999999 -3.666604 128.8059
8.511134999999999 -3.832329 128.7505
8.393103 -4.243441 125.7608
8.411626 -4.231305 126.1979
8.388138 -3.701753 125.7259
8.103709 -4.26269 125.6346
7.915029 -3.963998 129.3539
7.97411 -3.790195 128.8829
8.132993000000001 -3.674351 129.3132
8.219853000000001 -3.977281 129.0923
7.919699 -4.029024 125.7153
7.951801 -3.826076 125.2756
8.544829 -3.97407 124.3357
8.496447999999999 -3.806328 129.2556
8.218624999999999 -3.976061 129.5625
8.521439000000001 -4.093181 128.9
8.10819 -4.264607 129.3698
7.975483 -4.159842 125.2631
8.296996 -4.28181 125.27
8.128664000000001 -3.675785 130.2333
8.460513000000001 -4.188562 129.3558
8.333258000000001 -3.676549 129.7625
8.315360999999999 -4.277221 129.8019
8.544759000000001 -3.980714 129.7704
8.225372999999999 -3.970734 130.0187
8.094132999999999 -4.258313 124.7995
8.04574 -3.718499 124.7888
8.289961999999999 -3.66488 124.7864
7.977409 -3.785691 129.787
7.970515 -4.15284 129.8067
8.484404 -4.159581 130.2402
8.544829 -3.97407 130.6853
8.483000000000001 -3.786649 130.2331
8.313269 -3.670338 130.6853
7.452747 -3.876707 125.1258
7.434133 -4.027884 124.69
7.696827 -3.974941 125.5503
7.278694 -3.981427 126.4523
7.908569 -3.97407 126.4523
7.575972 -4.288558 128.5688
7.908569 -3.97407 128.5688
7.571497 -4.069756 127.7102
7.540143 -3.663658 126.4523
7.56496 -3.660394 128.5688
7.545592 -4.285372 126.4523
7.278826 -3.985772 128.5688
7.55369 -3.899955 127.2526
7.60813 -3.878226 129.5273
7.278623 -3.977082 124.3357
7.279017 -3.990114 130.6853
7.589957 -3.659111 130.6853
7.681078 -4.023355 129.813
7.908569 -3.97407 130.6853
7.606518 -4.288785 130.6853
8.498652999999999 -5.148255 126.6709
8.384527 -5.258455 127.0572
8.54482 -4.98638 127.1992
8.255459999999999 -4.989565 126.9014
8.092169 -5.267367 128.4858
8.471773000000001 -5.185776 128.4233
8.226499 -4.977276 128.2649
8.221996000000001 -4.982612 128.7244
7.916005 -4.957337 128.5244
7.940606 -5.108775 128.0703
7.99182 -4.777782 128.1133
8.484373 -4.798517 130.2517
8.131812999999999 -4.684735 130.2543
8.228815000000001 -4.984589 130.0347
8.247655 -4.988321 130.3697
8.325144 -5.284289 129.8122
8.544829 -4.984519 129.8117
8.229286999999999 -4.983845 129.602
7.91487 -4.983173 129.3931
8.131258000000001 -4.684918 129.3881
8.228642000000001 -4.983 129.1622
7.974715 -4.799356 129.8222
8.327021 -4.684454 129.818
8.456251999999999 -4.765086 127.6359
7.946976 -4.845521 127.2343
8.304987000000001 -4.678183 127.193
8.126018 -4.686696 127.6594
7.996425 -5.195555 127.5604
7.925081 -4.904516 127.7225
8.371402 -5.265451 127.5239
8.235547 -4.984116 127.8827
8.309809 -4.679409 128.0919
8.476252000000001 -4.787862 126.7187
8.112513 -4.691761 126.7288
7.914889 -4.987703 126.7102
8.215866 -5.29874 128.0088
8.537642999999999 -4.917174 128.0616
8.133506000000001 -4.684186 128.5329
8.471662999999999 -5.185908 127.9499
8.541307 -5.031042 127.6696
7.967618 -5.158563 127.0897
7.975241 -5.169509 129.8247
8.159552 -5.291106 127.1886
8.314856000000001 -4.680778 126.2452
8.544162 -4.96359 126.2188
8.223177 -4.967856 126.4651
8.147854000000001 -5.288191 126.7063
7.974908 -4.799089 126.2512
8.126374999999999 -5.281569 129.3789
8.331462999999999 -5.28221 126.1804
8.230917 -4.982265 125.9758
7.971286 -5.163953 126.2363
8.504396 -5.13846 125.7384
8.31255 -5.288 128.9203
8.544688000000001 -4.993482 128.9263
8.131243 -4.684923 125.7729
7.915285 -4.967885 125.772
8.090723000000001 -5.26666 125.7467
8.243373 -4.966696 125.5259
8.320688000000001 -5.285667 125.7276
8.310347 -5.288591 125.2719
8.54438 -4.967253 125.2756
8.474404 -4.785562 125.7586
8.477198 -4.789056 128.5122
7.97789 -4.795049 128.9595
7.966345 -5.156635 128.9491
8.323332000000001 -4.683282 128.9558
7.957761 -5.142756 125.3035
7.979431 -4.793011 125.311
8.312913999999999 -4.68024 125.2864
8.222186000000001 -4.966437 125.0808
7.915407 -4.965661 124.8952
8.481966 -5.172881 129.3669
8.486288 -4.801173 129.378
8.054511 -5.245737 124.81
8.302562 -5.290543 124.8045
8.096149 -4.698874 124.8116
8.473898 -4.784941 124.8063
8.497102999999999 -5.150766 124.804
8.544829 -4.98407 124.3357
8.129663000000001 -5.282693 130.2493
7.914872 -4.982517 130.2551
8.483772 -5.170446 130.2479
7.975347 -4.798486 130.6853
8.318963 -4.681959 130.6853
8.544829 -4.98407 130.6853
8.315630000000001 -5.287145 130.6853
7.968774 -5.160287 130.6853
7.752264 -5.256163 126.5689
7.90325 -4.926429 126.5635
7.595771 -5.001287 126.3583
7.602827 -4.992171 126.7893
7.629321 -4.671123 126.5572
7.817186 -4.762222 126.9922
7.453313 -4.70205 127.0052
7.387957 -5.222667 126.5858
7.304181 -4.859749 126.5783
7.286496 -5.054118 127.049
7.690577 -5.283747 129.8987
7.337243 -5.167099 129.8976
7.590248 -4.993618 130.0658
7.594724 -4.982049 129.6986
7.336547 -5.166121 130.6853
7.495504 -5.28339 130.2936
7.278639 -4.979651 130.293
7.59937 -4.971176 130.4847
7.908569 -4.98407 130.6853
7.850715 -4.80214 130.295
7.848783 -5.168701 130.2938
7.342844 -4.79344 130.6853
7.50168 -4.682798 130.2932
7.69498 -5.282285 130.6853
7.69778 -4.686822 130.6853
7.502243 -4.682626 128.6842
7.343383 -4.792734 128.2753
7.693007 -4.685192 128.2723
7.59424 -4.982097 128.4757
7.846165 -5.172266 128.677
7.851319 -4.802997 128.6819
7.59611 -4.983154 128.8871
7.908538 -4.988475 129.0915
7.69729 -4.686651 129.093
7.596356 -4.985126 129.2954
7.848033 -5.169733 129.4998
7.69005 -5.283916 129.0902
7.495495 -5.283387 129.4977
7.337336 -5.16723 129.0884
7.576031 -5.298561 126.982
7.445161 -5.261887 127.3499
7.739878 -5.263018 127.4042
7.622284 -5.023993 127.1796
7.906624 -4.949123 127.4183
7.667178 -4.677807 127.4284
7.558319 -4.949612 127.6681
7.335241 -4.803879 127.4497
7.840936 -4.789053 127.8463
7.495089 -4.684887 127.8565
7.856394 -5.157697 127.8376
7.877863 -5.119719 126.9927
7.423946 -4.718676 126.086
7.487032 -5.280479 127.7975
7.29943 -5.09669 127.5049
7.591493 -4.973155 128.0673
7.27933 -4.962752 127.8727
7.335748 -5.164987 128.2609
7.686572 -5.285013 128.2541
7.908569 -4.983721 128.265
7.813497 -4.758565 126.1199
7.292086 -5.075223 126.1557
7.563989 -5.297657 126.141
7.877319 -5.120853 126.1289
7.567317 -5.028165 125.9419
7.905575 -4.940743 125.694
7.738023 -5.263983 125.6842
7.620006 -4.932724 125.4398
7.388238 -5.222909 125.7023
7.695867 -4.686158 129.8992
7.341883 -4.794711 129.8971
7.494123 -5.282933 128.6761
7.278641 -4.979556 128.6809
7.341903 -4.794685 129.0911
7.281342 -4.942661 125.7694
7.385739 -4.747403 125.6137
7.672079 -4.679026 125.6717
7.837355 -4.784595 125.2543
7.511847 -4.679882 125.2274
7.278609 -4.98459 125.2916
7.871742 -5.131864 125.253
7.540167 -5.294487 125.2039
7.907445 -4.957493 124.8685
7.502496 -4.68255 129.498
7.278633 -4.980125 129.4965
7.851257 -4.802909 129.4994
7.343572 -4.792487 124.8003
7.722954 -4.696882 124.7889
7.779888 -5.238049 124.7839
7.328728 -5.154545 124.7972
7.532917 -5.293152 124.777
7.908564 -4.9858 129.9017
7.278609 -4.983353 124.3357
6.935685 -4.034591 127.9728
6.821132 -3.726362 127.8903
6.930064 -3.889773 127.5006
6.624285 -4.027157 127.8218
6.918901 -4.091362 127.1185
6.665334 -4.286657 127.1641
6.364563 -4.148893 127.1996
6.644963 -3.984654 126.6774
6.867989 -3.771756 127.033
6.363137 -3.801404 127.2813
6.523736 -4.27179 127.616
6.839391 -4.20628 127.5737
6.403811 -4.196757 128.0587
6.314926 -4.019771 127.6718
6.713127 -4.276925 128.0294
6.312117 -3.955911 126.7603
6.546691 -3.669388 126.8113
6.644122 -4.288561 126.2458
6.353842 -4.131646 126.2644
6.65434 -3.966251 126.2178
6.480541 -4.253153 126.7193
6.460902 -3.706179 127.8439
6.373468 -3.786586 126.2901
6.659452 -3.660811 126.2548
6.81706 -3.723217 126.6042
6.941356 -3.962921 126.6661
6.315585 -3.924084 128.0846
6.90428 -4.122704 126.2596
6.905663 -3.828051 126.2439
6.802122 -4.235595 126.7019
6.41975 -3.736507 128.3916
6.673482 -3.662603 128.2595
6.907789 -3.832188 128.3756
6.319625 -4.044746 128.4687
6.54568 -4.278486 129.3506
6.889479 -4.147544 129.3388
6.735068 -4.269776 128.9062
6.627452 -3.981358 129.1022
6.552887 -4.28031 128.4722
6.873024 -4.17022 128.4395
6.484508 -4.255193 124.8759
6.451696 -3.712096 124.8242
6.725425 -4.273137 130.6853
6.539018 -4.276637 130.2416
6.378108 -4.167661 130.6853
6.622859 -3.980537 130.4638
6.670963 -3.662234 127.3932
6.821382 -3.726558 125.7897
6.941552 -3.973004 125.8784
6.828614 -4.215715 125.8003
6.490175 -4.257986 125.7489
6.501035 -3.685189 125.7969
6.312021 -3.957653 125.8015
6.311594 -3.973217 124.9142
6.941547 -3.971938 125.3761
6.362048 -3.803076 130.6853
6.311853 -3.986851 130.2358
6.51707 -3.678738 130.2353
6.697226 -3.667116 128.7782
6.62262 -3.988271 128.6206
6.941552 -3.972951 128.8632
6.348018 -3.827035 128.8693
6.391993 -4.184271 128.9069
6.312267 -3.994656 129.3362
6.511555 -3.680841 129.3037
6.86911 -3.773102 129.3026
6.345196 -4.115631 125.3397
6.495073 -4.260288 125.3143
6.618032 -3.950869 125.0796
6.365916 -3.797237 125.3307
6.722896 -4.273961 125.322
6.689257 -3.66539 125.2678
6.709254 -3.670135 129.7728
6.626781 -3.976862 129.5599
6.363928 -3.800203 129.7767
6.941177 -3.95866 129.7823
6.73659 -4.269213 129.7992
6.941554 -3.97407 130.6853
6.874993 -3.78042 130.238
6.886895 -4.151399 130.2371
6.876898 -4.165251 124.8488
6.627157 -3.974855 130.0166
6.892684 -3.805554 124.8355
6.69333 -3.666246 124.8159
6.380155 -4.17026 129.7932
6.941554 -3.97407 124.3357
6.714354 -3.671569 130.6853
5.867929 -3.833764 125.2972
5.830296 -3.923571 124.6889
5.675343 -3.976544 124.3357
6.305294 -3.97407 126.4523
5.976948 -4.288767 128.5688
6.305294 -3.97407 128.5688
5.995193 -3.976279 127.5121
5.675504 -3.984449 128.5688
5.939388 -3.663234 126.4523
5.966778 -3.659971 128.5688
5.675399 -3.980497 126.4523
6.009619 -4.288458 130.6853
5.675659 -3.988399 130.6853
5.994349 -3.659116 130.6853
5.982105 -3.839246 129.959
5.945993 -3.989849 129.5858
6.305294 -3.97407 130.6853
5.944421 -4.28569 126.4523
6.941554 -4.98407 124.3357
6.885938 -5.162796 124.825
6.881907 -4.799632 124.8357
6.745389 -5.135723 124.5611
6.524059 -5.281901 130.2667
6.718554 -5.285321 129.8429
6.367843 -5.163711 129.8389
6.625867 -4.983881 130.052
6.311635 -4.978941 130.2619
6.627011 -4.979241 130.4744
6.882589 -4.800581 130.2675
6.729135 -4.686255 129.8389
6.941518 -4.988842 129.8411
6.879155 -5.172259 130.2661
6.941366 -4.994941 128.975
6.892306 -4.814959 128.5183
6.869422 -5.184663 128.5369
6.622107 -4.98384 128.7544
6.510093 -5.276722 128.5402
6.312004 -4.967998 128.5274
6.621553 -4.991446 128.3116
6.311709 -4.975532 129.4102
6.365106 -5.159705 128.9766
6.379025 -4.789308 128.9681
6.625116 -4.984268 129.1927
6.713239 -5.286893 128.9769
6.722178 -4.68395 130.6853
6.372533 -4.797855 130.6853
6.531812 -4.683683 130.2638
6.941554 -4.98407 130.6853
6.71924 -5.285111 130.6853
6.940998 -5.002773 125.3559
6.848202 -4.760255 125.788
6.719979 -4.683258 125.3127
6.619505 -4.974464 125.566
6.344783 -5.124807 125.2983
6.385465 -4.78139 125.3183
6.313719 -4.947539 125.7659
6.311974 -4.968593 126.6955
6.373853 -4.796067 127.1596
6.385735 -5.187071 127.1715
6.737813 -5.022917 126.8122
6.903189 -5.134723 127.0326
6.657322 -5.297546 126.966
6.357745 -5.148216 128.0966
6.690523 -5.292491 128.1164
6.618832 -5.008761 127.9065
6.435378 -5.234384 124.8045
6.313142 -4.952871 124.8956
6.940437 -5.010566 126.6206
6.78235 -5.257834 126.6034
6.821676 -4.73679 126.6519
6.919879 -4.869246 127.0096
6.5035 -5.274011 127.6888
6.312003 -4.968017 127.6312
6.511922 -4.690698 126.6901
6.71061 -4.680507 127.1233
6.939659 -5.01857 128.0805
6.930464 -4.901228 127.5158
6.834885 -5.220331 127.7576
6.46547 -5.254733 126.644
6.552931 -4.67782 127.6003
6.385997 -4.78076 128.067
6.378062 -4.790539 126.2374
6.66881 -4.904293 126.4355
6.748266 -5.274593 127.3643
6.916591 -4.861178 126.2277
6.889268 -5.157865 126.205
6.549873 -4.678571 128.5146
6.617908 -5.298931 126.1881
6.343823 -5.122867 126.2129
6.651469 -4.979888 126.0019
6.68149 -4.673914 126.2333
6.75817 -4.697897 128.0472
6.876736 -5.175464 129.4125
6.520883 -5.280789 129.4122
6.626184 -4.984785 129.6264
6.466472 -5.255327 125.737
6.735106 -4.688379 128.9704
6.798059 -5.248278 125.7505
6.940157 -5.013706 125.8541
6.529643 -4.684375 125.7796
6.665784 -5.2966 125.2376
6.885721 -4.80503 129.4128
6.537114 -4.682061 129.4082
6.375282 -4.794162 129.8419
6.503075 -4.694311 124.8202
6.679331 -5.294601 124.7972
6.36631 -5.161483 130.6853
6.305294 -4.98407 130.6853
6.246491 -4.800807 130.2502
6.246483 -5.167345 130.2482
5.995438 -4.983062 130.4645
6.101499 -4.689366 130.6853
6.098144 -5.280018 130.6853
5.688394 -4.89431 127.2109
6.287462 -4.879594 127.0784
5.964589 -4.670142 127.1295
5.95844 -4.95916 127.4006
6.131671 -4.702591 127.57
5.808475 -4.726879 127.533
5.68121 -5.044633 127.7805
6.250757 -5.16122 129.3854
6.250984 -4.807256 129.3742
5.675336 -4.985382 129.2554
5.999326 -4.983842 129.5725
6.217544 -4.765945 128.0416
6.159642 -5.249665 127.9209
6.299222 -5.045619 127.6311
5.780928 -4.748761 126.7307
6.161505 -5.248468 127.1643
5.686437 -5.066967 126.7565
6.293777 -5.068463 128.1564
6.084627 -5.284599 128.2763
5.894122 -5.284003 127.9878
6.044511 -4.994779 128.3463
5.880318 -4.68892 127.9603
5.705654 -4.849232 128.3394
5.757104 -5.195791 128.3619
6.244781 -5.169701 126.6739
6.293699 -4.899396 126.5813
5.782066 -5.220387 127.2282
5.934911 -5.29414 126.7393
5.677396 -5.02006 125.3853
5.889669 -4.685602 125.3252
6.174751 -5.239404 125.7588
6.277037 -5.114463 125.3084
5.76272 -5.201817 126.3051
5.688408 -4.894261 126.3044
6.062531 -5.29066 126.2495
5.676071 -5.005618 128.7415
5.996614 -4.994653 128.866
6.247987 -5.165225 128.5887
6.27658 -4.852678 128.5172
6.1097 -4.692592 126.6731
6.002715 -4.669334 128.4393
5.994727 -5.29902 127.6045
5.894071 -5.283987 130.2362
5.91717 -4.6777 126.2516
6.219034 -4.767507 126.2089
6.291297 -5.076922 126.1986
5.675338 -4.98238 130.2321
5.735385 -5.169068 129.77
5.736075 -4.798126 129.7683
5.992514 -4.982979 130.0205
5.755169 -4.774501 125.816
5.84696 -5.264539 125.7971
6.303482 -4.950339 124.9
5.732795 -4.802696 124.8457
5.964778 -5.298014 125.2606
5.897376 -4.683113 130.2355
5.681161 -5.044379 125.9141
6.29996 -4.92635 125.7613
5.998495 -5.298944 128.6207
5.73282 -5.165481 124.8352
5.800945 -5.235769 128.8881
5.790496 -4.740584 128.8432
6.131785 -4.702648 128.9183
5.916333 -4.677901 129.3344
6.305217 -4.991026 128.963
6.126571 -5.268053 128.9755
5.914456 -5.28978 129.3527
6.073499 -4.680273 125.7852
6.226779 -4.775992 125.318
6.111775 -4.693451 124.8257
6.091074 -4.964474 124.6579
6.092416 -5.282043 129.8036
6.305293 -4.983569 129.8119
6.092278 -4.686051 129.8011
6.18322 -5.233068 124.8091
5.675335 -4.982992 124.3357
5.941088 -5.29518 124.8057
5.736714 -5.170885 130.6853
5.743899 -4.787876 130.6853
4.280063 -1.730814 130.6853
4.088741 -1.727342 130.2441
3.936051 -1.615575 130.6853
4.183167 -1.424845 130.4661
3.930144 -1.250799 130.6853
3.874871 -1.427796 130.2403
4.092123 -1.129593 130.2343
3.93734 -1.240744 129.7938
4.294659 -1.131999 129.7746
4.185401 -1.426852 130.0165
3.930099 -1.607195 129.8027
3.934609 -1.244463 128.0882
3.876446 -1.397545 127.7261
4.050333 -1.146633 127.6339
4.199518 -1.451765 127.8849
4.480171 -1.306859 126.8255
4.285369 -1.128883 126.6623
3.983864 -1.190739 126.7039
4.242174 -1.118426 127.1469
4.245513 -1.739052 126.6154
4.204088 -1.743688 127.1969
3.877088 -1.391704 127.2346
4.504792 -1.424218 127.2302
3.979472 -1.663453 127.6483
4.242358 -1.739603 127.6875
4.467829 -1.57715 127.6313
4.453174 -1.256194 126.4201
4.451262 -1.604745 126.8827
3.918416 -1.588833 126.6958
3.889264 -1.334895 126.2126
4.214145 -1.114988 126.2024
4.141279 -1.740243 128.0794
4.39187 -1.67069 127.999
4.15602 -1.458038 128.2627
4.419404 -1.213353 127.6362
4.502927 -1.394465 128.1035
3.906042 -1.565656 128.096
4.244426 -1.118814 128.0625
3.875174 -1.415163 128.5091
4.038428 -1.705226 128.507
4.25982 -1.476213 128.6793
3.930785 -1.249869 128.9267
4.061305 -1.141473 128.4899
4.383489 -1.677457 128.4419
4.378715 -1.176954 128.4768
4.239235 -1.117945 128.8999
3.921876 -1.594569 128.9349
4.502924 -1.394439 126.0016
4.372877 -1.685376 126.1988
4.031211 -1.701145 126.1449
4.202016 -1.442072 125.6754
4.349085 -1.700795 125.767
4.028434 -1.158553 125.7326
4.351197 -1.158513 125.7085
4.504581 -1.416539 128.5374
4.504809 -1.425518 125.3783
4.058309 -1.715229 125.6435
4.25577 -1.737035 125.2718
3.878371 -1.475871 125.7299
4.491829 -1.518585 126.4803
4.232668 -1.116974 125.2291
4.486065 -1.536122 128.9029
3.933345 -1.611837 125.2663
3.913639 -1.277633 125.28
4.234045 -1.740894 128.9168
4.460763 -1.268351 128.8357
4.183462 -1.430734 129.1071
4.419941 -1.644135 129.3469
4.455756 -1.260193 129.2863
4.182174 -1.430397 129.5686
4.504829 -1.42903 130.6853
4.442761 -1.616774 130.239
3.874947 -1.421977 129.3636
4.087703 -1.131072 129.3403
4.072501 -1.721335 129.3677
3.875163 -1.442661 124.8784
4.225318 -1.433127 125.1564
4.504696 -1.438173 129.7766
4.276037 -1.731989 129.8004
4.438794 -1.622003 124.8276
4.052105 -1.712295 124.8006
4.454816 -1.258722 124.8233
4.008049 -1.171811 124.7909
4.250467 -1.119938 124.7876
4.091841 -1.436713 124.6416
4.504829 -1.42903 124.3357
4.444585 -1.243767 130.2337
4.276398 -1.126174 130.6853
3.310499 -1.430968 125.3093
3.238611 -1.430303 124.3357
3.34868 -1.430273 124.7021
3.238625 -1.432277 126.4523
3.868569 -1.42903 128.5688
3.555415 -1.114055 130.6853
3.528585 -1.115044 128.5688
3.530592 -1.430911 129.6757
3.562359 -1.743888 130.6853
3.868569 -1.42903 130.6853
3.533203 -1.74335 128.5688
3.238652 -1.43425 128.5688
3.23869 -1.436224 130.6853
3.868569 -1.42903 126.4523
3.504221 -1.740117 126.4523
3.501937 -1.118314 126.4523
3.87525 -2.423521 128.5688
4.204763 -2.339768 129.7185
4.191217 -2.124053 130.6853
4.038166 -2.471414 129.9798
4.113879 -2.444963 125.2036
4.236352 -2.750558 126.4523
4.370255 -2.444794 125.3236
4.504829 -2.43903 130.6853
4.172395 -2.753526 130.6853
3.875455 -2.419815 130.6853
4.218335 -2.534991 129.4125
4.204449 -2.753672 128.5688
4.216975 -2.12522 128.5688
4.504829 -2.43903 128.5688
4.394795 -2.43903 124.7027
3.87509 -2.427229 126.4523
4.242551 -2.12849 126.4523
4.181168 -2.437912 127.512
4.504829 -2.43903 126.4523
4.193803 -2.4904 125.7889
4.504829 -2.43903 124.3357
3.868569 -2.43903 126.4523
3.23876 -2.42925 126.4523
3.506082 -2.127653 126.4523
3.611646 -2.470574 125.4305
3.868569 -2.43903 130.6853
3.547103 -2.753943 130.6853
3.548122 -2.38066 130.1447
3.719488 -2.574301 129.7721
3.238972 -2.423902 128.5688
3.536961 -2.124489 128.5688
3.514427 -2.438935 127.5073
3.499205 -2.74928 126.4523
3.523065 -2.752528 128.5688
3.541526 -2.321401 124.9916
3.568002 -2.12438 130.6853
3.238639 -2.434601 124.3357
3.239274 -2.418558 130.6853
3.868569 -2.43903 128.5688
2.881157 -1.540534 128.0405
2.899913 -1.39692 127.5939
2.771559 -1.683967 127.6051
2.514832 -1.421209 127.8175
2.61024 -1.74312 127.1546
2.326084 -1.606112 127.149
2.454964 -1.715197 127.6068
2.664222 -1.440193 127.3674
2.303254 -1.291398 128.0408
2.83597 -1.236639 128.0067
2.706182 -1.137643 128.3773
2.888432 -1.339063 128.464
2.629044 -1.741134 128.0532
2.468606 -1.721085 128.5054
2.272053 -1.446038 128.5009
2.717281 -1.14245 127.5767
2.406014 -1.170939 127.585
2.303297 -1.291308 127.1449
2.564364 -1.114834 127.145
2.3301 -1.611879 128.0548
2.846438 -1.251032 127.1512
2.555648 -1.115571 128.0078
2.272655 -1.454867 127.5998
2.431968 -1.154604 128.4664
2.604041 -1.351117 126.9313
2.870607 -1.565182 127.1552
2.76049 -1.691643 126.7137
2.446975 -1.711385 126.6988
2.417993 -1.16296 126.6897
2.730384 -1.148796 126.7062
2.869237 -1.568004 126.2798
2.612538 -1.742938 126.2385
2.647174 -1.37131 126.4765
2.800807 -1.659934 128.4976
2.900989 -1.41017 126.7205
2.272061 -1.446191 126.6875
2.85383 -1.262337 126.2778
2.312723 -1.273407 126.2331
2.588898 -1.114058 126.2397
2.771907 -1.174346 125.7873
2.323305 -1.601952 126.2251
2.271599 -1.42709 125.7691
2.448987 -1.145688 125.7603
2.699147 -1.134853 128.861
2.578944 -1.42616 128.6758
2.328731 -1.609944 128.9495
2.90123 -1.414759 125.8906
2.794901 -1.665276 125.8028
2.457922 -1.716539 125.7324
2.901427 -1.420084 125.3755
2.645229 -1.119559 125.2552
2.323042 -1.256508 125.3078
2.899148 -1.467887 128.9247
2.326894 -1.250762 128.9218
2.659537 -1.735443 128.9408
2.832398 -1.625963 129.381
2.585944 -1.432659 129.1494
2.480568 -1.725636 129.3867
2.271606 -1.426255 129.3804
2.847402 -1.252448 129.3525
2.496952 -1.127069 129.3577
2.458744 -1.716905 125.3028
2.687315 -1.727465 125.3141
2.30657 -1.573289 125.3173
2.56878 -1.416034 125.0637
2.271594 -1.428211 124.9013
2.445744 -1.710774 124.8657
2.686308 -1.130256 129.808
2.582884 -1.42955 129.5962
2.332802 -1.242449 129.8196
2.330584 -1.612556 129.8263
2.838192 -1.618505 124.8405
2.901538 -1.432217 129.8159
2.840044 -1.24204 130.2564
2.582374 -1.430361 130.042
2.840624 -1.615231 130.2584
2.582457 -1.425312 130.4735
2.653588 -1.121261 124.8001
2.412207 -1.166715 124.8063
2.32526 -1.253166 130.6853
2.271603 -1.431525 130.2575
2.485346 -1.130759 130.2564
2.852342 -1.259974 124.8281
2.679418 -1.730016 129.8275
2.488826 -1.728459 130.2585
2.680403 -1.72971 130.6853
2.901554 -1.42903 124.3357
2.901554 -1.42903 130.6853
2.674708 -1.126631 130.6853
2.33363 -1.616732 130.6853
2.265294 -1.42903 130.6853
2.200596 -1.237795 130.259
2.212092 -1.6042 130.2596
1.95816 -1.426898 130.469
2.052668 -1.131144 130.6853
1.844909 -1.132209 130.2474
2.008703 -1.738551 128.1546
1.89581 -1.739259 127.7254
1.696269 -1.615239 127.9983
2.004873 -1.462517 127.8756
1.781459 -1.694926 126.78
1.94881 -1.744007 127.2484
2.247985 -1.532007 127.181
1.682978 -1.595596 127.1612
2.245851 -1.320081 127.6094
1.652984 -1.32507 127.3421
2.166313 -1.658283 127.6697
1.687406 -1.602501 127.5518
1.91889 -1.115621 127.5625
1.653867 -1.322578 127.8112
1.64305 -1.498327 126.3842
2.116617 -1.696529 126.7467
1.707095 -1.228886 126.6542
1.635837 -1.411222 126.8852
1.819039 -1.142709 127.0424
2.147902 -1.183732 127.1162
2.058117 -1.724987 130.6853
1.703458 -1.62467 124.8441
2.090601 -1.711044 124.831
1.935318 -1.504576 124.5983
2.260533 -1.374476 126.6921
1.99348 -1.117022 126.5936
1.917232 -1.742268 126.3008
2.22724 -1.57911 126.2561
1.646993 -1.344123 128.3372
1.823564 -1.140677 128.0368
2.127429 -1.168564 124.796
1.682978 -1.262464 124.8205
1.63568 -1.414249 125.3755
1.89677 -1.118634 125.2105
2.122112 -1.165027 128.0371
2.260939 -1.481223 128.0891
1.635337 -1.430666 124.3357
2.198551 -1.235146 126.1886
1.903985 -1.117475 126.0879
1.883745 -1.121164 124.7868
2.265154 -1.438397 124.8982
1.652099 -1.327636 125.9366
1.729836 -1.20408 126.3287
2.224859 -1.274636 128.5056
1.729628 -1.653776 128.3835
1.962764 -1.420948 128.7053
2.205116 -1.6142 128.5589
1.922527 -1.115278 128.4581
2.080113 -1.716022 125.8105
2.082332 -1.143051 125.7052
1.723218 -1.647296 125.8543
1.789886 -1.157966 125.6509
2.212189 -1.604054 125.326
2.218766 -1.264271 125.2857
1.994611 -1.374221 125.4934
1.707944 -1.630201 129.8033
1.637923 -1.469339 129.2949
1.684399 -1.260205 129.7899
1.958614 -1.42814 129.5971
1.878082 -1.735616 125.3355
1.915558 -1.742087 128.652
2.265225 -1.422461 125.7665
2.096193 -1.708193 129.0157
2.265145 -1.419365 128.9651
1.800123 -1.705897 129.0369
1.65613 -1.541584 128.7682
2.062524 -1.134715 128.9168
2.221549 -1.589167 129.4122
2.197612 -1.233951 129.3774
1.974979 -1.430024 129.1732
1.713068 -1.221841 128.8561
1.904177 -1.740613 129.4187
1.845164 -1.132119 129.3418
2.264777 -1.410999 129.8296
2.034226 -1.125433 129.8078
2.070668 -1.720109 129.8365
1.95847 -1.427934 130.0407
1.635544 -1.440557 130.2434
1.695679 -1.243627 130.6853
1.865247 -1.732306 130.2557
1.704207 -1.625612 130.6853
2.901554 -2.43903 128.5688
2.640389 -2.128681 126.4523
2.626666 -2.5146 127.2511
2.622441 -2.361161 127.7706
2.271845 -2.426437 126.4523
2.615949 -2.125422 128.5688
2.272052 -2.422044 128.5688
2.601351 -2.753663 128.5688
2.901554 -2.43903 130.6853
2.623975 -2.295816 129.5842
2.569385 -2.753541 130.6853
2.272319 -2.417654 130.6853
2.56454 -2.439374 129.9344
2.591329 -2.124086 130.6853
2.710219 -2.297919 125.2981
2.747038 -2.387153 124.6895
2.901554 -2.43903 124.3357
2.633165 -2.750545 126.4523
2.901554 -2.43903 126.4523
1.636187 -2.415847 130.6853
1.903912 -2.426967 129.5721
1.937601 -2.124306 128.5688
1.954852 -2.290605 130.0334
1.635507 -2.428555 126.4523
2.265294 -2.43903 126.4523
1.904745 -2.127363 126.4523
2.265294 -2.43903 128.5688
1.970597 -2.124703 130.6853
2.265294 -2.43903 130.6853
1.946805 -2.753991 130.6853
1.63536 -2.434917 124.3357
1.707992 -2.43071 125.2853
1.745403 -2.434673 124.7027
1.635783 -2.422198 128.5688
1.921766 -2.752714 128.5688
1.896908 -2.74945 126.4523
1.913199 -2.437157 127.5152
4.18167 -4.003141 125.2418
4.394798 -3.97407 124.7027
4.432967 -3.97407 125.3096
4.504829 -3.97407 126.4523
4.504829 -3.97407 128.5688
4.504829 -3.97407 130.6853
4.205522 -3.65948 128.5688
4.2066 -3.977048 129.5923
3.874966 -3.981905 126.4523
4.241148 -4.284845 126.4523
4.228399 -3.973387 127.508
4.21414 -4.288113 128.5688
4.504829 -3.97407 124.3357
3.875048 -3.984708 128.5688
4.236884 -3.662622 126.4523
4.186951 -4.289037 130.6853
4.174004 -3.659489 130.6853
3.875155 -3.987511 130.6853
3.238805 -3.985213 128.5688
3.510532 -4.049093 127.3596
3.50018 -3.663651 126.4523
3.534963 -3.865683 127.6715
3.868569 -3.97407 126.4523
3.505318 -4.28533 126.4523
3.238688 -3.981162 126.4523
3.430072 -3.834193 125.2971
3.535418 -4.288526 128.5688
3.612468 -3.970766 129.7051
3.868569 -3.97407 128.5688
3.238975 -3.989263 130.6853
3.525036 -3.660387 128.5688
3.550072 -3.65911 130.6853
3.868569 -3.97407 130.6853
3.238623 -3.977109 124.3357
3.393152 -3.924003 124.6888
3.565686 -4.288818 130.6853
3.874874 -4.982266 130.2645
3.934982 -5.169153 129.8325
3.933467 -4.801091 129.8383
4.187678 -4.986229 130.0499
4.443519 -4.797352 130.264
4.442671 -5.171936 130.262
4.183125 -4.98845 130.4767
4.504829 -4.98407 130.6853
4.274864 -5.287361 130.6853
4.090086 -4.685306 130.2651
4.08531 -4.686944 129.4086
3.933221 -4.801437 128.9778
4.273535 -4.680411 128.9815
4.187373 -4.983571 129.1827
3.929908 -5.161957 128.9721
4.181407 -4.981783 128.7499
3.875199 -4.998495 126.7143
3.934975 -4.798998 127.1817
3.968646 -5.208307 127.2049
4.304329 -5.27751 127.0446
4.503875 -5.008564 127.5815
4.426752 -4.776491 127.4616
4.328389 -5.266947 127.5241
4.188646 -4.960662 127.9679
4.08476 -4.687138 126.6982
3.9329 -4.80189 126.2479
3.875426 -4.965337 125.7754
4.504538 -4.970533 126.2028
4.287476 -5.283539 126.1589
4.281864 -4.68283 127.1274
4.137732 -4.673432 127.6449
4.220544 -5.297551 128.0553
4.490584 -4.890417 128.2081
4.473454 -5.121113 127.9607
3.875625 -4.962248 127.6484
4.448262 -5.164168 126.6395
4.100594 -5.28614 126.6617
4.185558 -4.984905 129.6184
3.912368 -5.133124 128.1026
4.014901 -5.245998 127.7035
4.445626 -4.800248 127.8427
4.070465 -5.27555 128.5203
4.446164 -5.167141 128.4727
4.19724 -4.928433 128.3679
3.875175 -4.970172 128.5432
3.944782 -4.786195 128.1066
4.265509 -4.678312 128.1525
4.081923 -4.688157 128.5572
4.426638 -4.776361 128.5659
4.50399 -5.007045 127.1396
4.442725 -4.796278 126.6805
4.278845 -4.681924 126.229
4.284021 -5.284643 128.9487
4.504821 -4.981906 128.9577
4.435021 -4.786326 125.7604
4.091555 -4.68482 125.7746
4.456514 -5.151707 124.808
4.434722 -4.785955 124.8098
4.058153 -4.697943 124.8147
4.182707 -4.965036 125.0851
3.929939 -5.162002 126.2229
4.286175 -5.28396 129.829
4.504823 -4.982154 129.8308
4.44527 -5.168387 129.3906
3.915286 -5.138433 125.3072
4.048992 -5.265801 125.7421
4.209821 -4.986612 125.5015
4.463302 -5.14039 125.7296
4.278772 -5.286238 125.7227
4.267323 -5.289374 125.2778
3.941364 -4.790504 125.3134
4.504432 -4.968262 125.2821
4.442235 -4.79562 129.4002
4.09095 -5.283121 129.3966
3.874879 -4.986639 129.4052
4.274575 -4.680699 125.2902
3.875646 -4.961957 124.8971
4.283237 -4.683253 129.8351
4.012208 -5.244179 124.813
4.260902 -5.290932 124.8074
4.087323 -5.281897 130.2609
4.278493 -4.681821 130.6853
4.504829 -4.98407 124.3357
3.928436 -5.159786 130.6853
3.934856 -4.799162 130.6853
3.240113 -5.014822 126.162
3.271339 -4.844257 126.6142
3.297107 -5.166908 126.5502
3.517789 -4.973328 126.3909
3.411592 -4.702913 126.1868
3.561237 -4.669183 126.6556
3.323716 -5.19941 125.7225
3.500449 -5.294536 126.2167
3.550286 -4.979334 125.9628
3.829751 -5.135553 125.3031
3.685686 -5.270012 125.7429
3.865909 -4.943222 125.7602
3.561536 -4.986433 125.5168
3.492624 -5.293094 125.2283
3.557567 -4.978653 125.0769
3.446816 -4.687739 125.2748
3.615694 -4.675274 125.7494
3.283367 -4.822228 125.7265
3.792883 -4.779252 125.3167
3.804621 -5.174321 129.4256
3.868428 -4.993496 129.0011
3.641822 -5.28644 128.9947
3.554242 -4.985958 129.2097
3.238644 -4.979303 130.2737
3.460998 -4.683006 130.2716
3.556927 -4.981711 130.4817
3.555432 -4.983269 130.0618
3.807467 -5.170507 130.268
3.453884 -5.282854 130.2699
3.296241 -5.165688 130.6853
3.868569 -4.98407 130.6853
3.653688 -5.282722 130.6853
3.461062 -4.682987 129.4244
3.23866 -4.978385 129.4191
3.553827 -4.984765 129.6399
3.64732 -5.284781 129.8539
3.450604 -5.281739 129.4218
3.29593 -5.165246 129.8498
3.868534 -4.988731 129.8498
3.327365 -4.764901 127.1351
3.568077 -4.669424 127.6254
3.295701 -5.16492 127.2863
3.681382 -5.271962 127.2652
3.729736 -4.722948 127.1021
3.864514 -4.93369 127.4417
3.285031 -5.148658 128.1259
3.241978 -4.938117 127.6624
3.324743 -4.767639 128.1052
3.572342 -4.991444 127.9723
3.448544 -5.281019 127.716
3.801751 -5.178049 127.7631
3.432144 -5.274697 126.9057
3.245755 -5.050786 126.9079
3.533264 -4.974963 126.783
3.864416 -5.035051 127.0281
3.725224 -5.24818 126.6925
3.484235 -5.291321 126.5851
3.768285 -4.753597 126.2101
3.854288 -4.890301 126.6435
3.239079 -4.966855 128.5515
3.559298 -4.988973 128.362
3.836999 -4.846626 127.8307
3.867478 -5.010259 128.1797
3.679621 -4.695404 128.1446
3.442311 -5.278739 128.5626
3.798434 -5.18222 128.5811
3.556707 -4.986 128.7786
3.635647 -5.288174 128.1512
3.816771 -4.811017 128.5759
3.472367 -4.679742 128.5613
3.657845 -4.686845 128.9926
3.302802 -4.793495 128.9919
3.83702 -5.121472 126.2135
3.294137 -5.16267 128.9833
3.239021 -5.000183 125.2611
3.678475 -4.694906 124.8148
3.737866 -5.23952 124.8021
3.867464 -4.957708 124.8977
3.812056 -4.80405 129.4297
3.301789 -4.794837 129.8542
3.301361 -4.795407 124.8082
3.291568 -5.158878 124.7968
3.238609 -4.983277 124.3357
3.491276 -5.292826 124.7893
3.655194 -4.685928 129.854
3.810656 -4.802057 130.2725
3.656623 -4.686419 130.6853
3.30233 -4.794119 130.6853
2.33259 -4.160363 127.1376
2.299681 -3.844051 127.0802
2.271594 -3.973652 127.5893
2.634813 -3.888319 127.2746
2.643513 -4.283861 127.1564
2.47906 -4.270134 127.6211
2.834987 -4.167729 127.6381
2.892785 -4.047874 128.1556
2.57684 -3.929132 127.7007
2.862607 -3.822352 127.8488
2.333222 -4.161221 128.0631
2.563475 -3.944834 128.193
2.65784 -4.280882 128.0837
2.471633 -4.26733 128.5202
2.696553 -3.678914 127.4907
2.891638 -3.895659 127.4399
2.373991 -3.741645 127.7499
2.41142 -3.712281 127.4206
2.519958 -3.666215 127.6649
2.581216 -3.659136 127.9667
2.302451 -3.838104 128.0684
2.789079 -3.732815 128.3203
2.897352 -3.922794 128.578
2.800941 -4.20485 128.5485
2.460357 -3.685484 128.452
2.273029 -4.004113 126.6549
2.663344 -3.938546 126.8712
2.271835 -3.986413 128.5033
2.831887 -3.7765 127.0648
2.882062 -4.083155 127.113
2.462709 -4.263674 126.6758
2.593624 -3.985068 128.6894
2.872356 -4.106512 126.2469
2.622224 -4.287027 126.2147
2.774281 -4.22701 126.6838
2.580751 -4.044578 126.447
2.409673 -3.713458 126.6369
2.556426 -3.660536 127.0518
2.720713 -3.68908 126.6393
2.581265 -3.659135 126.1966
2.851129 -3.803123 126.2361
2.899825 -3.941115 126.6652
2.329442 -4.155993 126.2041
2.443306 -3.693559 125.7318
2.307703 -3.827634 126.1976
2.901071 -3.956631 125.8624
2.896804 -4.028564 128.968
2.721406 -3.689408 128.8665
2.798288 -4.207286 125.7757
2.27166 -3.980532 125.7462
2.464195 -4.264305 125.7144
2.901425 -3.965074 125.3592
2.320268 -3.805863 125.294
2.643353 -3.66425 125.2387
2.769603 -3.717725 125.7577
2.852422 -3.805141 124.8182
2.652707 -3.666111 124.7913
2.576203 -3.953773 125.0604
2.654521 -4.281634 128.9722
2.584291 -3.985028 129.1565
2.326412 -4.151633 128.9557
2.828854 -4.175348 129.4056
2.33425 -3.785536 128.9244
2.477246 -4.269469 129.4072
2.504865 -3.669873 129.3661
2.271689 -3.966327 129.3918
2.309847 -4.124519 125.3027
2.463509 -4.264015 125.2905
2.850439 -3.802059 129.3792
2.271622 -3.9783 124.8953
2.690256 -4.271497 125.3024
2.677671 -4.27559 129.8385
2.58231 -3.973885 129.6115
2.901515 -3.979003 129.8298
2.328769 -4.155039 129.8321
2.334798 -3.784804 129.8182
2.33781 -4.167278 130.6853
2.271621 -3.978237 130.2577
2.321446 -3.804012 130.6853
2.579046 -3.980157 130.4759
2.838194 -4.163542 124.8333
2.448719 -4.257282 124.8621
2.409639 -3.713481 124.7982
2.684209 -4.273536 130.6853
2.841233 -4.159438 130.2627
2.489488 -4.273715 130.2608
2.688212 -3.675939 129.8175
2.581493 -3.976603 130.0462
2.839797 -3.786746 130.257
2.484791 -3.675988 130.255
2.673044 -3.671192 130.6853
2.901554 -3.97407 124.3357
2.901554 -3.97407 130.6853
2.129312 -3.714895 124.7974
1.934284 -4.047482 124.5917
1.635345 -3.976774 124.3357
1.705258 -4.171961 124.8209
1.683582 -3.806539 124.8031
2.086397 -4.258137 124.8246
1.661141 -3.849202 126.1382
1.726178 -3.752766 125.7126
2.212956 -3.800198 126.1877
2.221418 -4.134429 126.2129
1.649157 -3.88178 127.4341
1.801295 -3.696571 127.165
1.926988 -4.288186 127.3085
1.714302 -4.182664 127.2371
2.072254 -3.683652 126.6243
2.265248 -3.968717 126.651
1.955202 -3.956595 126.9502
1.977618 -3.925754 126.4082
2.00705 -3.664242 127.0451
1.843746 -3.677665 126.8411
2.217571 -3.807379 127.0874
2.25818 -4.040633 128.0648
1.790707 -3.702522 127.9365
1.636677 -4.003138 127.9701
1.961684 -3.933282 128.2275
2.097867 -4.252352 127.694
2.262494 -3.932166 127.5687
2.194797 -4.172666 127.1238
2.004477 -3.663782 127.4851
1.74229 -4.210584 127.6299
1.860167 -4.275875 126.8491
1.743654 -3.736363 126.517
1.830256 -4.265273 128.0632
2.205074 -4.159299 125.3193
2.056592 -4.270579 125.7918
2.265268 -3.978118 125.7549
1.966147 -3.956475 125.5155
1.647325 -4.060156 126.9773
2.133685 -4.230171 126.6354
1.665071 -3.840469 126.9067
2.211532 -3.798067 129.3666
2.090941 -3.692226 128.9084
2.265176 -3.98268 128.9393
1.958821 -3.976018 129.1031
2.145829 -3.727117 127.9887
2.091303 -4.255734 128.172
1.649556 -4.067652 126.4895
2.265291 -3.972847 129.8123
2.054213 -4.271421 129.8108
1.952906 -3.977171 130.0233
1.975417 -3.972509 129.5737
1.677801 -4.132024 128.43
1.910904 -4.286576 126.2969
1.68299 -4.140656 125.8613
1.950086 -3.65909 128.4241
1.675674 -3.819843 128.3929
1.923604 -3.904536 128.6353
2.210258 -4.151951 128.5335
2.232636 -3.834405 128.4782
1.929812 -4.288383 128.5139
2.06203 -4.268573 130.6853
1.708941 -4.176437 130.6853
1.691025 -3.795235 130.6853
1.9536 -3.977613 130.4661
2.076272 -4.262769 128.9493
1.74779 -4.215311 128.8956
1.909291 -3.661773 126.147
1.88412 -3.666124 125.2174
2.265046 -3.986553 124.8967
1.63536 -3.969949 128.7819
2.073664 -3.684248 125.7135
2.219147 -3.809933 125.2855
2.265294 -3.97407 130.6853
2.208421 -4.154606 130.2534
1.635336 -3.972745 125.2977
1.857574 -4.275089 125.3237
1.758098 -3.724539 128.8607
1.878809 -3.667314 129.3374
1.635374 -3.968984 129.2761
1.860702 -4.276034 130.2444
1.871131 -4.278935 129.3549
1.696303 -4.160327 129.7779
2.209712 -4.152746 129.3817
1.695769 -3.788545 129.7753
2.051479 -3.675779 129.805
1.882216 -3.666539 124.7797
1.635422 -3.981567 130.2377
1.849866 -3.675536 130.2378
2.204345 -3.787843 130.2479
2.050232 -3.675358 130.6853
2.479374 -5.280248 127.6298
2.681022 -5.284557 127.2454
2.335499 -5.174265 127.1252
2.589567 -4.994772 127.4236
2.901426 -4.993044 127.1352
2.84203 -4.799803 127.6176
2.491427 -4.683804 127.6148
2.589442 -4.980517 127.857
2.680612 -4.683455 130.6853
2.490399 -4.684132 130.2696
2.841976 -4.799728 130.269
2.583066 -4.981188 130.475
2.677994 -5.285492 130.6853
2.83911 -5.17232 130.2689
2.483936 -5.281859 130.2675
2.32594 -5.160939 130.6853
2.27162 -4.979994 130.2673
2.331763 -4.798911 130.6853
2.68803 -4.685877 128.972
2.493299 -4.683217 128.5226
2.844261 -4.802935 128.527
2.586775 -4.984428 128.7482
2.679814 -5.284934 129.8395
2.585853 -4.983765 130.0571
2.271611 -4.980714 127.6097
2.325394 -5.160133 128.0788
2.844231 -4.802893 129.4114
2.901506 -4.989588 128.9654
2.586736 -4.984823 129.1919
2.901535 -4.987552 129.846
2.83828 -5.173429 129.41
2.586418 -4.984578 129.6281
2.829405 -5.184683 126.1962
2.690401 -5.281446 126.5467
2.890462 -5.06692 126.6262
2.528404 -4.963356 126.4212
2.790947 -5.223745 126.9027
2.489703 -4.684356 126.6913
2.677948 -5.285506 128.0841
2.842601 -5.167544 127.637
2.33451 -4.795188 127.1447
2.564542 -5.298279 126.8853
2.273232 -4.951983 126.6687
2.901554 -4.98407 130.6853
2.680064 -4.683285 127.1531
2.335968 -4.793258 128.0773
2.887061 -4.889626 126.2352
2.546612 -5.296505 126.158
2.602417 -4.98203 126.0222
2.663086 -4.678524 126.239
2.817 -4.769323 126.6955
2.684521 -4.684706 128.0772
2.295162 -5.103618 126.1841
2.348613 -4.777704 126.222
2.398971 -5.237088 126.5963
2.901549 -4.982246 128.0801
2.818819 -4.771292 125.7825
2.897911 -5.031835 125.8444
2.585544 -4.9841 128.3035
2.271637 -4.978841 128.5207
2.482447 -5.281342 128.5247
2.411523 -5.245929 125.7159
2.275505 -4.934585 125.7465
2.838699 -5.17287 128.5261
2.742768 -5.257595 125.7301
2.900264 -5.012548 125.3469
2.582357 -4.972877 125.5502
2.499901 -4.68125 125.7658
2.334262 -4.79552 128.973
2.616447 -5.297631 125.223
2.684872 -4.684821 125.2986
2.349377 -4.776826 125.3012
2.301085 -5.117146 125.2804
2.273604 -4.948534 124.8863
2.465459 -4.693306 124.8129
2.329356 -5.165872 128.9693
2.678654 -5.285291 128.9701
2.484397 -5.282018 129.4138
2.492763 -4.683384 129.4161
2.271621 -4.9799 129.4116
2.517479 -4.960793 124.6298
2.844866 -5.164342 124.8129
2.843005 -4.801161 124.8271
2.392074 -5.231825 124.7914
2.636113 -5.295131 124.7848
2.686188 -4.685257 129.8433
2.329321 -5.165823 129.8418
2.901554 -4.98407 124.3357
2.333606 -4.7964 129.8404
2.259345 -5.044997 127.4259
1.777561 -5.247451 127.169
2.011677 -5.293015 127.5302
1.932184 -4.977385 127.7
1.758603 -4.734151 127.1281
2.013615 -4.675517 126.9724
2.239207 -4.85856 127.0096
1.945676 -4.933813 126.8944
2.26508 -4.99566 126.5784
2.151666 -5.226289 126.9974
2.251111 -4.890616 127.8457
2.089602 -4.701561 127.4281
2.139547 -5.235871 126.5197
1.87157 -5.289049 126.6614
2.118715 -4.717887 126.5868
2.23551 -5.11777 126.1346
1.978753 -5.297764 126.1679
2.02961 -4.961623 126.3638
1.913224 -4.671281 126.1988
2.210103 -4.805963 126.158
1.80058 -4.706956 126.6538
1.659037 -4.864192 126.2727
1.635334 -4.983555 127.2874
1.702101 -5.177986 126.2725
1.636668 -5.013035 126.7732
2.048819 -5.283251 128.5933
2.231595 -5.12582 128.2207
1.929271 -5.298347 128.0858
1.97445 -5.011196 128.4186
2.256365 -4.909604 129.0838
1.956996 -4.971819 129.226
2.0181 -4.676471 129.0996
1.945495 -5.041398 128.7862
1.678784 -5.143708 127.7132
1.733538 -4.755551 127.6309
1.638564 -5.029069 125.8833
2.115087 -5.252514 125.7036
2.263312 -4.948795 125.713
2.049053 -4.684967 125.7426
2.193447 -5.184317 127.826
1.663766 -5.11485 128.1955
2.021668 -4.677279 127.9131
1.703789 -4.788014 130.6853
1.635505 -4.994483 130.2661
1.847683 -4.686279 130.273
1.954741 -4.97757 130.4792
2.000547 -4.895584 128.093
2.207036 -4.801571 128.2802
1.891888 -4.674556 128.334
1.854205 -4.684111 125.2965
1.694186 -4.800737 124.8295
2.263613 -4.95158 124.88
2.072439 -4.693729 124.81
2.234559 -5.11978 125.2723
1.83129 -4.692444 129.4627
1.639934 -5.037711 129.3767
1.703487 -4.788394 129.0296
1.918268 -5.297416 125.2289
1.63675 -5.013914 125.3601
1.791737 -5.256221 125.7599
2.265294 -4.98407 130.6853
2.209392 -5.163209 130.2821
2.057035 -5.28042 130.6853
2.190059 -4.779779 125.2881
1.807575 -4.703289 127.9863
1.6625 -4.856101 128.0687
1.742207 -5.220512 128.5568
1.651936 -4.883157 128.5522
2.262321 -5.027241 128.6564
2.134971 -4.728896 128.7019
1.722546 -4.766506 125.7882
2.148393 -5.228972 129.0447
1.821048 -5.271304 129.0033
1.6434 -5.054897 128.9099
1.855306 -4.68376 128.7448
2.048632 -4.965363 124.6437
2.232686 -5.123635 129.4691
2.186077 -4.775197 129.4869
1.920103 -5.297599 129.4413
1.921934 -4.985556 125.1417
1.691243 -5.163222 124.817
1.899481 -5.294922 124.7868
2.142304 -5.233774 124.7907
1.953902 -4.979609 129.6609
2.264787 -4.966205 129.882
1.681005 -4.820713 129.8471
1.713258 -5.191477 129.8412
1.635335 -4.983028 124.3357
1.952051 -4.980259 130.0729
2.071009 -5.275009 129.8705
2.029714 -4.679262 129.8734
1.863736 -5.286918 130.2715
2.202472 -4.795315 130.2812
2.06001 -4.688809 130.6853
1.696462 -5.170543 130.6853
$EndNodes
$Elements
6 15111 52 60988
2 2 2 21
60882 1532 1644 1519 
60889 1548 1642 1676 
60896 1553 1540 1676 
60906 1533 1644 1532 
60910 1527 1518 1636 
60911 1642 1526 1527 
60926 1517 1644 1636 
60931 1663 1551 1552 
60943 1518 1517 1636 
60956 1642 1529 1526 
60960 1519 1644 1517 
60961 1676 1644 1663 
60967 1548 1676 1540 
60968 1676 1663 1552 
60970 1553 1676 1552 
60972 1663 1533 1551 
60975 1527 1636 1642 
60977 1533 1663 1644 
60980 1642 1548 1529 
60984 1636 1676 1642 
60985 1636 1644 1676 
2 3 2 37
60884 1164 1272 1158 
60887 1292 1283 1273 
60899 1136 1298 1107 
60902 1159 1067 1292 
60909 1136 1135 1298 
60912 1163 1266 1130 
60913 1164 1141 1272 
60914 1167 1292 1273 
60917 1135 1278 1298 
60919 1157 1124 1281 
60920 1286 1273 1283 
60921 1067 1066 1292 
60922 1287 1286 1281 
60924 1167 1273 1142 
60925 1137 1287 1124 
60927 1278 1114 1266 
60929 1266 1286 1283 
60930 1167 1159 1292 
60933 1130 1266 1114 
60934 1266 1281 1286 
60936 1142 1273 1262 
60939 1266 1283 1278 
60941 1066 1298 1292 
60942 1272 1273 1286 
60944 1158 1272 1287 
60945 1287 1272 1286 
60946 1124 1287 1281 
60947 1163 1157 1281 
60949 1278 1283 1298 
60950 1142 1262 1141 
60959 1135 1114 1278 
60962 1262 1273 1272 
60963 1107 1298 1066 
60964 1163 1281 1266 
60971 1141 1262 1272 
60978 1158 1287 1137 
60981 1298 1283 1292 
2 5 2 16
60881 1931 1857 1874 
60885 1966 1854 1858 
60886 1931 1858 1859 
60888 1865 1965 1864 
60890 1931 1932 1965 
60891 1858 1931 1966 
60892 1865 1966 1965 
60894 1874 1932 1931 
60904 1931 1859 1857 
60907 1864 1932 1851 
60918 1874 1851 1932 
60940 1867 1854 1966 
60954 1965 1932 1864 
60973 1866 1966 1865 
60974 1867 1966 1866 
60987 1931 1965 1966 
2 6 2 20
60883 1350 1463 1333 
60893 1456 1459 1458 
60895 1459 1460 1463 
60897 1456 1366 1363 
60898 1458 1337 1336 
60900 1350 1337 1463 
60901 1463 1458 1459 
60903 1335 1460 1461 
60905 1459 1461 1460 
60908 1456 1362 1366 
60915 1362 1458 1336 
60916 1333 1463 1460 
60932 1463 1337 1458 
60948 1461 1341 1335 
60952 1363 1342 1461 
60958 1458 1362 1456 
60965 1335 1333 1460 
60982 1456 1461 1459 
60986 1461 1342 1341 
60988 1363 1461 1456 
3 8 4 897
52 1059 1205 1174 1203 
77 1020 1205 1203 1262 
79 1038 5 1060 1263 
90 1171 1170 1265 1266 
91 1063 1171 1204 1265 
92 1265 1267 1266 1268 
93 1033 1269 1265 1270 
94 1033 1206 1265 1269 
99 1038 1059 1205 1274 
100 1173 1203 1262 1275 
101 1174 1262 1205 1274 
102 1037 1276 1262 1277 
103 1262 1276 1273 1277 
104 1175 1273 1262 1274 
105 1175 1262 1174 1274 
114 1267 1284 1281 1285 
116 1266 1268 1267 1286 
118 1190 1163 1267 1281 
127 1272 1158 1275 1287 
143 1029 1025 3 1284 
147 1037 1036 1276 1277 
149 1262 1272 1275 1288 
151 1277 1289 1290 1291 
153 1276 1277 1289 1273 
155 1126 1066 1067 1292 
156 1285 1287 1288 1293 
157 1031 1138 1284 1287 
158 1031 1287 1284 1293 
159 1284 1287 1285 1293 
161 1272 1287 1275 1288 
162 1162 1284 1138 1287 
164 1025 1162 3 1284 
165 3 1190 1024 1284 
166 1190 1281 1267 1284 
167 1024 1190 1267 1284 
168 1285 1291 1290 1294 
169 1033 1270 1294 1269 
170 1034 1269 1033 1294 
171 1294 1290 1295 1289 
172 1041 1289 1035 1294 
174 1027 1275 1165 1293 
175 1029 1284 1285 1293 
176 1030 1275 1027 1293 
177 1028 1029 1285 1293 
178 1285 1288 1291 1293 
179 1030 1028 1291 1293 
180 1064 1172 1063 1267 
181 1172 1163 1266 1267 
182 1063 1265 1206 1267 
183 1265 1267 1268 1269 
184 1206 1267 1265 1269 
185 1023 1024 1267 1285 
186 1023 1267 1206 1269 
187 1265 1268 1266 1297 
188 1170 1266 1139 1297 
189 1139 1278 1135 1297 
190 1135 1297 1278 1298 
191 1266 1268 1283 1297 
193 1028 1291 1285 1294 
194 2 1035 1291 1294 
195 1021 1036 1277 1289 
196 1041 1299 1289 1294 
197 1277 1290 1288 1291 
198 1289 1273 1299 1276 
199 1173 1272 1164 1275 
200 1164 1272 1158 1275 
201 1019 1173 1191 1275 
202 1019 1057 1173 1203 
203 1019 1191 1027 1275 
214 1283 1292 1298 1295 
215 1268 1297 1270 1295 
216 1283 1298 1297 1295 
224 1266 1283 1268 1286 
227 1193 1160 1270 1297 
229 1139 1266 1114 1278 
234 1020 1030 1021 1288 
240 1268 1269 1290 1295 
241 1295 1289 1299 1294 
242 1021 1035 1036 1289 
243 1020 1021 1277 1288 
244 1030 1021 1288 1291 
245 1289 1290 1295 1273 
246 1285 1288 1290 1291 
247 1030 1291 1288 1293 
248 1289 1290 1291 1294 
250 5 1166 1192 1263 
258 1165 1158 1137 1287 
263 1276 1299 1302 1273 
264 1273 1276 1263 1302 
265 1040 1299 1302 1276 
266 1040 1263 1038 1276 
267 1042 1276 1036 1289 
268 1273 1277 1289 1290 
271 1175 1142 1174 1262 
278 1169 1299 1270 1295 
279 1273 1292 1283 1295 
280 1273 1295 1299 1302 
281 6 1299 1169 1302 
282 1159 1273 1263 1302 
283 1302 1276 1263 1040 
284 2 1021 1028 1291 
285 1040 1166 1302 6 
286 1159 1126 1292 1302 
298 1268 1270 1269 1295 
299 1035 1289 1291 1294 
300 1269 1285 1286 1290 
301 1268 1269 1286 1290 
302 1170 1270 1265 1297 
303 1265 1269 1268 1270 
304 1028 1285 1291 1293 
305 2 1291 1028 1294 
312 1030 1028 1021 1291 
314 1039 6 1040 1299 
316 1162 1281 1284 1287 
324 1030 1288 1275 1293 
338 1273 1286 1290 1295 
339 1041 1042 1289 1299 
340 1042 1276 1289 1299 
341 1174 1173 1203 1262 
342 1040 1166 5 1263 
343 5 1192 1060 1263 
344 1192 1263 1159 1273 
345 1037 1205 1262 1274 
346 1060 1263 1192 1274 
347 1037 1040 1038 1276 
348 1039 1270 1169 1299 
349 1024 1064 1063 1267 
350 1273 1283 1286 1295 
351 1041 1270 1294 1033 
352 1299 1270 1294 1041 
353 1191 1173 1164 1275 
354 1042 1040 1276 1299 
362 1170 1139 1168 1297 
368 1059 1174 1058 1203 
369 1174 1203 1205 1262 
370 1028 1029 1023 1285 
391 1063 1171 1062 1204 
400 1162 1124 1281 1287 
410 1266 1267 1281 1286 
412 1031 1025 1029 1284 
430 1127 1292 1126 1302 
448 1268 1283 1297 1295 
449 1127 1066 1292 1298 
450 1127 1107 1066 1298 
453 1263 1166 1302 1040 
455 1166 1159 1263 1302 
463 1127 1298 1292 1295 
479 6 1127 1126 1302 
500 1030 1027 1031 1293 
509 1029 3 1024 1284 
513 4 1032 1193 1270 
516 3 1064 1024 1190 
517 1127 1295 1292 1302 
518 1168 1160 1297 1298 
519 1266 1283 1278 1297 
522 1273 1286 1288 1290 
526 1029 1024 1023 1285 
529 1267 1268 1269 1286 
530 1021 1289 1277 1291 
531 1267 1269 1285 1286 
532 1285 1287 1286 1288 
533 1269 1285 1290 1294 
535 1041 1033 1039 1270 
536 1172 1266 1265 1267 
538 1295 1270 1294 1299 
539 1170 1204 1265 1270 
540 1034 1041 1035 1294 
541 1265 1270 1268 1297 
542 1160 1297 1298 1295 
544 1022 1028 1285 1294 
546 1063 1172 1265 1267 
549 1172 1163 1140 1266 
550 1269 1294 1290 1295 
551 1170 1265 1266 1297 
562 1262 1273 1272 1288 
563 1268 1290 1286 1295 
564 1158 1275 1287 1165 
565 1020 1262 1203 1275 
566 1272 1286 1287 1288 
568 1020 1262 1275 1288 
570 1281 1286 1285 1287 
571 1021 1277 1288 1291 
572 1285 1288 1286 1290 
573 1139 1266 1278 1297 
574 1022 1285 1269 1294 
575 1190 1163 1172 1267 
580 1167 1273 1159 1292 
587 1172 1171 1265 1266 
588 1267 1285 1281 1286 
589 1031 1284 1029 1293 
591 1027 1165 1031 1293 
592 1165 1137 1138 1287 
593 1032 1204 1170 1270 
595 4 1039 1032 1270 
597 1169 1160 1127 1295 
598 1160 1270 1297 1295 
614 1127 1066 1126 1292 
618 1021 1035 1289 1291 
623 1175 1167 1142 1273 
624 1059 1174 1205 1274 
632 1027 1191 1165 1275 
633 1 1026 1027 1165 
634 1019 1057 1191 1173 
635 1031 1026 1025 1138 
636 2 1028 1022 1294 
639 1022 1033 1034 1269 
640 2 1035 1021 1291 
641 2 1022 1034 1294 
643 1032 1061 1170 1204 
644 1163 1266 1267 1281 
645 4 1193 1169 1270 
646 1041 1040 1042 1299 
647 1033 1204 1032 1270 
648 1033 1206 1204 1265 
649 1062 1171 1170 1204 
650 1061 1062 1170 1204 
651 1023 1024 1206 1267 
652 1171 1170 1204 1265 
653 1063 1172 1171 1265 
654 1023 1206 1033 1269 
655 1032 1170 1193 1270 
667 1168 1297 1135 1298 
681 1268 1286 1283 1295 
697 1020 1275 1030 1288 
698 1190 1162 1157 1281 
700 1263 1273 1274 1276 
708 1174 1141 1173 1262 
709 6 1169 1127 1302 
710 6 1126 1166 1302 
712 1040 5 1038 1263 
715 1169 1299 1295 1302 
718 1159 1126 1067 1292 
719 1037 1038 1205 1274 
724 1190 1162 1281 1284 
730 1019 1203 1173 1275 
769 1140 1130 1114 1266 
776 1060 1175 1059 1274 
793 1192 1263 1273 1274 
794 1192 1167 1175 1273 
797 1139 1114 1135 1278 
804 1160 1136 1107 1298 
805 1273 1292 1295 1302 
811 1168 1135 1136 1298 
819 1037 1038 1274 1276 
820 6 1040 1299 1302 
822 1060 1192 1175 1274 
833 1273 1289 1299 1295 
838 1192 1166 1159 1263 
850 1163 1130 1140 1266 
851 1275 1288 1287 1293 
852 1022 1269 1034 1294 
857 1140 1114 1139 1266 
859 3 1162 1190 1284 
860 1025 1138 1162 1284 
862 1031 1138 1025 1284 
863 1020 1037 1262 1277 
864 1036 1276 1277 1289 
866 1059 1175 1174 1274 
884 1038 1263 1060 1274 
896 1020 1037 1205 1262 
906 1020 1036 1037 1277 
908 1022 1023 1269 1285 
909 1162 1138 1124 1287 
910 1173 1262 1141 1272 
915 1020 1021 1036 1277 
918 1020 1277 1262 1288 
919 1173 1141 1164 1272 
922 1159 1292 1273 1302 
930 1192 1159 1167 1273 
933 4 6 1039 1169 
934 1174 1142 1141 1262 
935 1165 1275 1287 1293 
936 1033 1265 1204 1270 
937 1273 1288 1277 1290 
939 1168 1139 1135 1297 
941 1168 1136 1160 1298 
942 4 1032 1061 1193 
946 1024 1284 1267 1285 
947 1172 1140 1171 1266 
949 1278 1297 1283 1298 
950 1193 1168 1160 1297 
951 1032 1061 1193 1170 
952 2 1034 1035 1294 
953 1022 1023 1033 1269 
954 1171 1139 1170 1266 
955 1063 1204 1206 1265 
956 1272 1273 1286 1288 
967 1041 1270 1039 1299 
968 1138 1137 1124 1287 
972 1191 1158 1165 1275 
973 1262 1277 1273 1288 
974 1019 1020 1203 1275 
975 1019 1 1027 1191 
976 1019 1027 1030 1275 
977 1042 1040 1037 1276 
978 1031 1165 1287 1293 
979 1173 1262 1272 1275 
980 1042 1037 1036 1276 
983 1193 1170 1168 1297 
986 1193 1160 1169 1270 
987 1024 1063 1206 1267 
988 1034 1033 1041 1294 
989 1191 1164 1158 1275 
990 1193 1270 1170 1297 
991 1166 1126 1159 1302 
992 4 1169 1039 1270 
993 1039 1169 6 1299 
995 1058 1174 1173 1203 
996 1190 1157 1163 1281 
997 1175 1142 1262 1273 
998 1057 1058 1173 1203 
999 1027 1026 1031 1165 
1000 1192 1273 1175 1274 
1001 1023 1267 1269 1285 
1002 1019 1030 1020 1275 
1003 1 1027 1191 1165 
1011 1035 1042 1036 1289 
1023 1031 1165 1138 1287 
1024 1030 1031 1028 1293 
1025 1037 1274 1262 1276 
1026 1262 1274 1273 1276 
1027 1038 1060 1059 1274 
1028 1162 1124 1157 1281 
1030 1031 1165 1026 1138 
1031 1269 1270 1294 1295 
1032 1041 1042 1035 1289 
1033 1169 1295 1127 1302 
1034 1033 1032 1039 1270 
1035 1029 1284 1024 1285 
1036 1169 1270 1160 1295 
1037 1171 1140 1139 1266 
1038 1038 1263 1274 1276 
1039 1041 1039 1040 1299 
1040 1281 1285 1284 1287 
1041 1024 1190 1064 1267 
1042 1160 1107 1127 1298 
1043 1064 1190 1172 1267 
1046 1160 1298 1127 1295 
1047 1022 1028 1023 1285 
1049 1028 1031 1029 1293 
1073 1019 1057 1 1191 
1074 1040 6 5 1166 
1098 1424 1422 1452 1453 
1099 1381 1452 1380 1454 
1100 1422 1393 1452 1453 
1101 1393 1452 1453 1455 
1102 1393 1454 1452 1455 
1103 1393 1380 1452 1454 
1107 1362 1456 1458 1459 
1109 1366 1361 1456 1459 
1130 1042 1036 1037 1468 
1145 1387 1471 1472 1473 
1146 1471 1472 1473 1474 
1147 1424 1452 1394 1471 
1148 1452 1471 1453 1474 
1149 1393 1349 1454 1455 
1150 1452 1453 1455 1474 
1151 1453 1455 1474 1475 
1152 1377 1364 1455 1475 
1153 1471 1474 1473 1476 
1154 1453 1476 1471 1477 
1155 1426 1423 1468 1477 
1156 1042 1468 1040 1477 
1157 1041 1042 1040 1477 
1158 1420 1468 1471 1473 
1159 1040 1468 1038 1473 
1160 1040 1473 1476 1477 
1161 1423 1471 1468 1477 
1162 1359 1475 1476 1478 
1163 1039 1368 1475 1476 
1164 1454 1459 1460 1479 
1165 1364 1357 1455 1475 
1166 1357 1474 1455 1475 
1167 1411 1377 1453 1475 
1168 1039 1411 1453 1475 
1169 1039 1475 1453 1476 
1170 1343 1455 1340 1459 
1171 1357 1455 1474 1479 
1172 1041 1476 1453 1477 
1173 1424 1453 1471 1477 
1174 1420 1471 1387 1473 
1175 1424 1394 1423 1471 
1176 1041 1453 1425 1477 
1177 1425 1453 1422 1477 
1178 1424 1422 1453 1477 
1197 1336 1454 1334 1458 
1206 1034 1035 1041 1427 
1208 1381 1460 1375 1472 
1209 1381 1350 1375 1460 
1210 1452 1454 1472 1474 
1211 1423 1420 1468 1471 
1212 1370 1473 1472 1474 
1213 1370 1345 1460 1472 
1220 1468 1471 1473 1477 
1221 1040 1038 5 1473 
1222 1387 1472 1370 1473 
1223 1038 1420 1399 1473 
1236 1034 1427 1041 1425 
1256 1337 1454 1458 1463 
1257 1337 1454 1336 1458 
1259 1381 1454 1460 1472 
1261 1454 1459 1458 1463 
1262 1381 1454 1337 1463 
1267 1340 1459 1455 1479 
1268 1452 1455 1454 1474 
1269 1380 1336 1337 1454 
1270 1394 1452 1381 1472 
1271 1394 1471 1452 1472 
1272 1381 1452 1454 1472 
1273 1365 1478 1474 1479 
1274 1378 1365 1360 1478 
1275 6 1360 1359 1478 
1276 6 1359 1476 1478 
1279 1361 1342 1456 1459 
1280 1363 1456 1342 1461 
1281 1342 1341 1461 1479 
1282 1335 1460 1461 1479 
1288 1370 1460 1344 1479 
1289 1370 1365 1474 1479 
1291 1357 1340 1455 1479 
1292 1342 1461 1459 1479 
1293 1365 1358 1478 1479 
1294 1358 1357 1478 1479 
1295 1454 1474 1455 1479 
1296 1356 1342 1459 1479 
1300 1454 1455 1459 1479 
1301 1375 1460 1345 1472 
1302 1364 1343 1346 1455 
1303 1349 1334 1454 1455 
1304 1381 1350 1460 1463 
1305 1362 1458 1334 1459 
1306 1349 1334 1336 1454 
1307 1356 1459 1340 1479 
1308 1366 1362 1343 1459 
1309 1366 1361 1363 1456 
1310 1377 1455 1453 1475 
1311 1453 1475 1474 1476 
1313 1408 1471 1394 1472 
1315 1041 1039 1425 1453 
1316 1424 1453 1452 1471 
1317 1393 1453 1377 1455 
1319 1393 1377 1349 1455 
1371 6 1360 14 1359 
1372 1459 1461 1460 1479 
1374 1343 1334 1455 1459 
1375 1421 1381 1394 1452 
1376 1344 1335 1341 1479 
1381 1370 1365 1473 1474 
1383 1365 1341 1358 1479 
1384 1341 1335 1461 1479 
1385 1359 1358 1357 1478 
1386 1346 1343 1334 1455 
1387 1370 1344 1365 1479 
1389 1362 1336 1334 1458 
1390 1454 1460 1459 1463 
1391 1350 1333 1460 1463 
1394 1349 1346 1334 1455 
1395 1366 1456 1362 1459 
1396 6 1378 5 1327 
1398 1357 1356 1340 1479 
1400 1345 1333 1344 1460 
1402 1454 1460 1474 1479 
1404 1361 1356 1342 1459 
1413 1362 1334 1343 1459 
1416 1380 1349 1336 1454 
1418 1366 1343 1361 1459 
1419 1334 1458 1454 1459 
1420 1359 1357 1475 1478 
1421 6 1473 1378 1478 
1429 1344 1333 1335 1460 
1431 1361 1343 1340 1459 
1434 1041 1425 1427 1477 
1437 1334 1454 1455 1459 
1439 1387 1345 1370 1472 
1443 1421 1393 1380 1452 
1446 1381 1460 1454 1463 
1447 1411 1377 1393 1453 
1449 1393 1349 1380 1454 
1450 1381 1380 1337 1454 
1451 1474 1476 1475 1478 
1452 4 1368 6 1328 
1453 6 1476 1473 1478 
1454 1360 1358 1359 1478 
1455 1365 1358 1360 1478 
1456 6 1327 14 1360 
1457 1368 1357 1364 1475 
1458 1364 1357 1340 1455 
1459 6 1359 1368 1476 
1460 6 1368 1359 1328 
1461 1356 1341 1342 1479 
1462 1357 1474 1475 1478 
1466 1368 1359 1475 1476 
1470 1350 1333 1345 1460 
1471 1361 1340 1356 1459 
1472 1424 1422 1421 1452 
1474 1423 1408 1420 1471 
1475 1473 1476 1474 1478 
1476 4 1382 1039 1368 
1477 4 1039 6 1368 
1479 1037 1420 1038 1468 
1480 1368 1359 1357 1475 
1481 1378 1370 1365 1473 
1482 1377 1346 1349 1455 
1486 6 5 1378 1473 
1493 1471 1476 1473 1477 
1494 1370 1345 1344 1460 
1495 1365 1473 1474 1478 
1497 1342 1456 1459 1461 
1504 1387 1375 1345 1472 
1505 6 1359 14 1328 
1516 1365 1344 1341 1479 
1517 1408 1394 1375 1472 
1520 1032 1411 1039 1382 
1521 1039 1382 1411 1475 
1522 1411 1382 1377 1475 
1523 1422 1411 1393 1453 
1524 1038 1399 5 1473 
1525 1420 1387 1399 1473 
1526 1399 1370 1378 1473 
1527 5 1399 1378 1473 
1528 1424 1471 1423 1477 
1531 1357 1474 1478 1479 
1534 1358 1356 1357 1479 
1535 1038 1468 1420 1473 
1536 1358 1341 1356 1479 
1537 1453 1474 1471 1476 
1538 1378 1473 1365 1478 
1540 1041 1039 1453 1476 
1541 1344 1460 1335 1479 
1546 1452 1472 1471 1474 
1547 1408 1387 1471 1472 
1552 1421 1380 1381 1452 
1555 1364 1340 1343 1455 
1563 1394 1381 1375 1472 
1591 6 1378 1327 1360 
1599 1363 1361 1342 1456 
1640 1408 1375 1387 1472 
1641 1040 1473 6 1476 
1642 1037 1038 1040 1468 
1643 1037 1036 1423 1468 
1646 6 1378 1360 1478 
1647 1381 1337 1350 1463 
1672 1040 1468 1473 1477 
1673 1375 1350 1345 1460 
1674 1423 1394 1408 1471 
1675 1377 1364 1346 1455 
1676 1033 1425 1039 1411 
1677 1426 1424 1423 1477 
1678 1422 1393 1421 1452 
1679 4 1032 1039 1382 
1680 1042 1426 1468 1477 
1683 1427 1424 1426 1477 
1685 1041 1427 1426 1477 
1686 1036 1426 1423 1468 
1687 1042 1037 1040 1468 
1688 1042 1426 1036 1468 
1689 1420 1408 1387 1471 
1690 1382 1364 1377 1475 
1691 1041 1035 1042 1426 
1692 1425 1411 1422 1453 
1693 1399 1387 1370 1473 
1694 1037 1423 1420 1468 
1695 1035 1036 1042 1426 
1696 1427 1422 1424 1477 
1697 1424 1421 1394 1452 
1698 1041 1040 1476 1477 
1700 1039 1040 6 1476 
1702 1382 1368 1364 1475 
1703 1039 1411 1425 1453 
1704 1039 6 1368 1476 
1706 1041 1039 1033 1425 
1707 1040 5 6 1473 
1709 1039 1368 1382 1475 
1710 1033 1039 1032 1411 
1711 1041 1040 1039 1476 
1713 1427 1425 1422 1477 
1714 1041 1427 1035 1426 
1715 1041 1426 1042 1477 
1716 1034 1041 1033 1425 
1757 1370 1472 1460 1474 
1760 1370 1474 1460 1479 
1762 1454 1460 1472 1474 
1764 1025 1510 1581 1621 
1765 1031 1621 1025 1622 
1766 3 1589 1582 1621 
1767 3 1582 1510 1621 
1768 1589 1582 1621 1623 
1769 1024 1611 1623 1624 
1770 1022 1028 1618 1624 
1771 1022 1616 1023 1624 
1772 1601 1623 1624 1625 
1773 1618 1625 1624 1626 
1774 1611 1601 1623 1624 
1775 1029 1623 1621 1626 
1776 1031 1029 1621 1626 
1777 1601 1623 1625 1627 
1778 1572 1547 1623 1628 
1779 1581 1622 1621 1629 
1780 1029 1624 1623 1626 
1781 1623 1626 1625 1629 
1783 1023 1611 1024 1624 
1784 1582 1623 1547 1629 
1785 1539 1632 1633 1634 
1786 1522 1632 1634 1635 
1787 1523 1522 1517 1632 
1788 1517 1632 1635 1636 
1789 1518 1632 1517 1636 
1790 1538 1522 1523 1632 
1791 1539 1538 1632 1634 
1802 1580 1566 1579 1653 
1807 1628 1634 1657 1658 
1808 1628 1634 1629 1657 
1809 1612 1627 1625 1657 
1810 1614 1563 1612 1659 
1811 1614 1561 1563 1659 
1812 1625 1627 1629 1657 
1813 1561 1657 1633 1658 
1814 1561 1633 1546 1658 
1817 1029 3 1025 1621 
1826 1601 1572 1623 1627 
1827 1565 1629 1634 1653 
1828 1026 1622 1579 1666 
1829 1 1027 1026 1666 
1830 1588 1583 1633 1666 
1831 1610 1588 1659 1666 
1832 1 1588 1027 1666 
1839 1535 1669 1628 1670 
1840 1532 1635 1520 1644 
1841 1632 1634 1635 1636 
1842 1628 1635 1634 1636 
1843 1628 1635 1636 1669 
1844 1669 1520 1628 1635 
1849 1030 1028 1031 1626 
1865 1628 1636 1634 1658 
1873 1582 1581 1621 1629 
1874 1579 1622 1653 1666 
1875 1583 1556 1633 1653 
1876 1566 1633 1556 1653 
1877 1580 1579 1622 1653 
1878 1581 1580 1622 1653 
1879 1566 1634 1633 1653 
1881 1616 1601 1624 1625 
1882 1612 1598 1625 1627 
1883 1618 1615 1625 1626 
1884 1623 1624 1625 1626 
1885 1618 1616 1624 1625 
1886 1601 1625 1598 1627 
1887 1629 1633 1653 1666 
1888 1509 1580 1508 1622 
1889 1508 1580 1579 1622 
1890 1621 1626 1623 1629 
1891 1509 1581 1580 1622 
1899 1019 1610 1027 1588 
1906 1532 1519 1515 1635 
1913 1030 1659 1626 1666 
1914 1021 1617 1619 1626 
1916 1028 1021 1619 1626 
1917 1031 1622 1026 1666 
1918 1583 1653 1633 1666 
1919 1629 1634 1633 1657 
1920 1619 1615 1626 1659 
1921 1629 1633 1634 1653 
1922 1615 1625 1626 1659 
1923 1629 1657 1633 1659 
1924 1623 1625 1627 1629 
1925 1031 1626 1621 1666 
1926 1529 1658 1642 1670 
1927 1552 1663 1534 1676 
1958 1027 1588 1610 1666 
1959 1517 1636 1635 1644 
1969 1026 1507 1583 1579 
1970 1562 1534 1535 1670 
1971 1551 1663 1533 1669 
1973 1535 1528 1521 1628 
1974 1552 1534 1530 1676 
1975 1556 1539 1531 1633 
1976 1532 1515 1520 1635 
1977 1536 1527 1526 1658 
1979 1532 1519 1635 1644 
1981 1533 1520 1528 1669 
1982 1555 1629 1628 1634 
1983 1560 1530 1534 1676 
1984 1531 1518 1527 1632 
1985 1534 1669 1670 1676 
1986 1537 1521 1516 1628 
1988 1615 1614 1612 1659 
1989 1546 1531 1527 1658 
1990 1556 1531 1545 1633 
1991 1565 1537 1538 1634 
1994 1527 1642 1526 1658 
1995 1533 1532 1520 1644 
1996 1528 1520 1628 1669 
1997 1539 1518 1531 1632 
1999 1519 1517 1635 1644 
2000 1521 1520 1516 1628 
2001 1566 1565 1538 1634 
2007 1520 1515 1516 1635 
2008 1565 1629 1555 1634 
2010 1566 1565 1634 1653 
2011 1522 1634 1516 1635 
2012 1 1026 1507 1583 
2013 1516 1634 1628 1635 
2020 1538 1537 1522 1634 
2021 1523 1517 1518 1632 
2022 1547 1535 1521 1628 
2023 1536 1526 1529 1658 
2024 1529 1670 1642 1676 
2029 1522 1517 1632 1635 
2040 1030 1021 1028 1626 
2044 1554 1529 1548 1676 
2045 1618 1615 1613 1625 
2046 1538 1522 1632 1634 
2048 1571 1546 1561 1633 
2049 1535 1534 1669 1670 
2053 2 1028 1021 1619 
2054 1535 1534 1528 1669 
2056 1522 1519 1517 1635 
2058 1537 1628 1516 1634 
2060 1522 1516 1515 1635 
2061 1628 1658 1657 1670 
2063 1547 1623 1628 1629 
2064 1578 1560 1627 1670 
2065 1539 1523 1518 1632 
2069 1551 1533 1528 1669 
2070 1560 1670 1554 1676 
2072 1621 1629 1622 1666 
2074 1563 1657 1658 1670 
2075 1025 3 1510 1621 
2077 1612 1657 1625 1659 
2081 1625 1657 1629 1659 
2083 1578 1563 1529 1670 
2084 1628 1636 1658 1670 
2085 1615 1612 1625 1659 
2087 1562 1560 1534 1670 
2088 1560 1554 1530 1676 
2089 1598 1578 1560 1627 
2091 1551 1528 1534 1669 
2095 1554 1553 1530 1676 
2097 1553 1552 1530 1676 
2098 1554 1548 1540 1676 
2102 1031 1025 1026 1622 
2104 1632 1634 1636 1658 
2105 1537 1516 1522 1634 
2106 1632 1633 1634 1658 
2107 1555 1521 1537 1628 
2108 1529 1526 1642 1658 
2115 1522 1515 1519 1635 
2123 1024 1589 1621 1623 
2124 1554 1670 1529 1676 
2125 1589 1547 1582 1623 
2129 1520 1628 1635 1516 
2134 1644 1669 1663 1676 
2135 1555 1547 1628 1629 
2136 1546 1545 1531 1633 
2139 1555 1628 1537 1634 
2140 1579 1566 1556 1653 
2141 1546 1527 1536 1658 
2144 1551 1534 1663 1669 
2146 1022 1023 1028 1624 
2147 1533 1663 1644 1669 
2148 1025 1510 1509 1581 
2151 1552 1551 1534 1663 
2157 1566 1539 1556 1633 
2158 1548 1529 1642 1676 
2169 1566 1538 1539 1634 
2172 1531 1633 1632 1658 
2173 1588 1583 1545 1633 
2176 1571 1545 1546 1633 
2178 1612 1563 1627 1657 
2179 1535 1528 1628 1669 
2181 1582 1621 1623 1629 
2197 1623 1627 1628 1629 
2198 1561 1546 1536 1658 
2203 1636 1642 1670 1676 
2204 1534 1663 1669 1676 
2206 1598 1560 1562 1627 
2208 1563 1627 1657 1670 
2210 1581 1555 1565 1629 
2211 3 1024 1589 1621 
2212 1610 1571 1561 1659 
2213 1625 1629 1626 1659 
2215 1562 1627 1560 1670 
2216 1562 1535 1627 1670 
2217 1583 1579 1556 1653 
2218 1612 1563 1578 1627 
2219 1616 1613 1601 1625 
2220 1628 1669 1636 1670 
2221 1560 1534 1670 1676 
2222 1026 1508 1507 1579 
2223 1581 1629 1565 1653 
2224 1621 1626 1629 1666 
2225 1026 1508 1579 1622 
2226 1619 1615 1618 1626 
2227 1539 1538 1523 1632 
2228 1527 1632 1518 1636 
2229 1031 1621 1622 1666 
2234 1578 1529 1554 1670 
2236 1601 1598 1562 1627 
2237 1563 1658 1529 1670 
2238 1578 1554 1560 1670 
2239 1580 1565 1566 1653 
2240 1627 1628 1657 1670 
2241 1535 1628 1627 1670 
2242 1572 1562 1535 1627 
2247 1619 1617 1614 1659 
2248 1025 1621 1581 1622 
2249 1025 1581 1509 1622 
2250 1636 1642 1658 1670 
2252 1636 1669 1644 1676 
2253 1636 1670 1669 1676 
2254 1527 1636 1642 1658 
2255 1028 1023 1029 1624 
2261 1031 1029 1025 1621 
2275 1601 1562 1572 1627 
2276 1531 1632 1527 1658 
2280 1581 1565 1580 1653 
2281 1610 1588 1571 1659 
2285 1583 1556 1545 1633 
2286 1618 1613 1616 1625 
2294 1633 1657 1634 1658 
2300 1546 1633 1531 1658 
2301 1629 1659 1633 1666 
2302 1561 1633 1657 1659 
2303 1627 1628 1629 1657 
2305 1520 1644 1635 1669 
2309 1563 1561 1536 1658 
2310 1611 1572 1589 1623 
2311 1572 1627 1535 1628 
2314 1612 1578 1598 1627 
2315 1582 1547 1555 1629 
2316 1026 1509 1508 1622 
2317 1554 1540 1553 1676 
2318 1626 1659 1629 1666 
2320 1578 1627 1563 1670 
2321 1027 1031 1026 1666 
2323 1030 1610 1617 1659 
2324 1019 1030 1027 1610 
2325 1571 1633 1561 1659 
2328 1588 1633 1571 1659 
2335 1510 1582 1581 1621 
2336 1028 1624 1029 1626 
2337 1572 1623 1627 1628 
2338 1581 1622 1629 1653 
2339 1539 1632 1531 1633 
2340 1583 1579 1653 1666 
2344 1588 1633 1659 1666 
2346 1566 1539 1633 1634 
2352 1614 1610 1561 1659 
2354 1611 1601 1572 1623 
2362 1555 1547 1521 1628 
2364 1028 1029 1031 1626 
2373 1619 1614 1615 1659 
2374 1617 1610 1614 1659 
2375 1563 1561 1657 1659 
2376 1030 1610 1659 1666 
2378 1020 1617 1030 1610 
2380 1588 1545 1571 1633 
2382 1527 1632 1636 1658 
2391 1613 1612 1598 1625 
2393 1563 1657 1561 1658 
2394 1030 1031 1027 1666 
2396 1615 1612 1613 1625 
2398 1030 1626 1031 1666 
2399 1622 1629 1653 1666 
2402 1613 1598 1601 1625 
2403 1030 1617 1626 1659 
2407 1028 1619 1618 1626 
2408 1 1583 1588 1666 
2410 1616 1601 1611 1624 
2412 1028 1618 1624 1626 
2413 1022 1618 1616 1624 
2416 1023 1616 1611 1624 
2417 1030 1617 1021 1626 
2418 1619 1626 1617 1659 
2420 1024 1611 1589 1623 
2422 2 1028 1619 1618 
2423 1029 1024 1623 1624 
2424 1589 1572 1547 1623 
2426 1029 1023 1024 1624 
2428 1563 1536 1529 1658 
2429 1029 1024 3 1621 
2430 1025 1509 1026 1622 
2431 1565 1555 1537 1634 
2432 1582 1555 1581 1629 
2433 1 1026 1583 1666 
2434 1030 1027 1610 1666 
2436 1026 1579 1583 1666 
2464 1029 1024 1621 1623 
2465 1533 1644 1520 1669 
2467 1019 1027 1 1588 
2471 1020 1021 1030 1617 
2472 1528 1520 1521 1628 
2476 2 1022 1028 1618 
2479 1635 1644 1636 1669 
2481 1019 1020 1030 1610 
2485 1612 1563 1657 1659 
2486 1572 1535 1547 1628 
3 9 4 14120
3031 1872 1856 1931 1934 
3032 1916 1935 1936 1937 
3033 1834 1848 32 1916 
3034 1916 1936 1907 1937 
3035 1935 1938 1939 1940 
3036 1935 1936 1939 1941 
3037 1900 1937 1939 1942 
3038 1916 1915 1935 1937 
3039 1901 1940 1937 1942 
3040 1915 1937 1901 1940 
3041 1909 1939 1908 1941 
3042 1840 1943 1944 1945 
3043 1894 1939 1938 1946 
3044 1939 1942 1940 1946 
3045 1913 1940 1897 1947 
3046 1914 1940 1913 1947 
3047 1907 1900 1937 1939 
3048 1901 1937 1900 1942 
3049 1915 1935 1937 1940 
3050 1899 1885 1940 1942 
3051 1834 1936 1916 1945 
3052 1940 1946 1942 1948 
3053 1938 1946 1940 1948 
3054 1897 1940 1938 1947 
3055 1915 1914 1935 1940 
3056 1833 1949 1950 1951 
3057 1831 1950 1949 1952 
3058 1909 1941 1908 1950 
3059 1831 1830 1950 1952 
3060 1830 1909 31 1950 
3067 1895 1882 1881 1938 
3068 1941 1949 1950 1952 
3069 1941 1949 1952 1957 
3070 1910 1941 1909 1952 
3071 29 1910 1830 1952 
3072 1885 1884 1940 1948 
3073 1908 1939 1936 1941 
3074 1942 1948 1946 1958 
3075 1939 1940 1938 1946 
3076 1914 1943 1935 1947 
3077 1911 1896 1938 1959 
3078 1847 1947 1912 1960 
3079 1896 1947 1938 1959 
3080 1914 1935 1940 1947 
3081 1897 1938 1896 1947 
3082 1909 1894 1893 1939 
3086 30 1836 1837 1963 
3098 1832 1949 1951 1963 
3099 1832 1826 1949 1963 
3100 1825 1949 1826 1960 
3101 29 1952 1825 1959 
3102 1910 1941 1952 1957 
3103 1825 1959 1949 1960 
3104 1949 1952 1957 1959 
3105 1842 1837 1836 1963 
3106 1842 1840 1944 1945 
3107 1840 1841 1944 1943 
3108 1839 1838 1944 1960 
3109 1839 1944 1841 1943 
3110 1838 1944 1960 1963 
3111 1935 1944 1945 1964 
3112 1935 1947 1944 1964 
3113 1829 1908 1849 1936 
3114 1848 1907 1916 1936 
3115 1907 1937 1936 1939 
3116 1935 1939 1937 1940 
3117 1935 1936 1937 1939 
3118 1936 1951 1941 1964 
3119 1908 1941 1936 1951 
3120 1935 1936 1941 1964 
3121 1847 1912 1846 1960 
3122 1846 1912 1959 1960 
3123 1947 1957 1959 1960 
3124 1911 1938 1957 1959 
3125 1938 1947 1957 1959 
3126 1911 1910 1952 1957 
3127 29 1825 1846 1959 
3128 1949 1959 1957 1960 
3129 1941 1951 1949 1964 
3130 1827 1835 1945 1951 
3131 1835 1936 1945 1951 
3132 1833 1831 1950 1949 
3133 1908 1907 1936 1939 
3134 1829 1950 1908 1951 
3135 1828 1936 1835 1951 
3136 1829 1833 1950 1951 
3137 32 34 1840 1915 
3138 1830 1909 1950 1952 
3139 1911 1938 1910 1957 
3140 1825 1831 1949 1952 
3141 1825 1847 1846 1960 
3142 1847 1913 1912 1947 
3143 1908 1892 1907 1939 
3144 1839 1947 1847 1960 
3145 1825 1846 1959 1960 
3146 1892 1869 1886 1946 
3147 1935 1938 1947 1957 
3148 1937 1940 1939 1942 
3149 1935 1939 1938 1941 
3150 1931 1934 1965 1966 
3159 1941 1950 1949 1951 
3160 1829 1936 1828 1951 
3161 1909 1894 1939 1938 
3162 1825 1952 1949 1959 
3163 1885 1940 1942 1948 
3164 1944 1947 1960 1964 
3165 33 34 1914 1943 
3166 1848 1849 1907 1936 
3167 1840 34 1841 1943 
3168 1901 1899 1940 1942 
3169 34 1915 1914 1943 
3170 1912 1947 1959 1960 
3173 1868 1858 1854 1966 
3174 1880 1864 1863 1965 
3176 1872 1858 1868 1934 
3180 1874 1857 1855 1931 
3182 1827 1951 1945 1963 
3183 31 1909 1908 1950 
3184 1915 1899 1914 1940 
3186 1830 1910 1909 1952 
3188 1832 1951 1827 1963 
3189 1949 1960 1957 1964 
3190 1880 1863 1869 1946 
3191 1886 1942 1946 1958 
3192 1881 1865 1864 1965 
3193 1882 1881 1938 1946 
3194 1874 1863 1851 1932 
3195 1870 1857 1856 1931 
3196 1949 1951 1963 1964 
3201 1872 1931 1858 1934 
3202 1887 1856 1872 1958 
3203 1859 1856 1857 1931 
3204 1829 1833 31 1950 
3205 1834 1835 1936 1945 
3206 1883 1867 1866 1948 
3207 1947 1957 1960 1964 
3208 1842 1944 1843 1963 
3213 1826 1960 1949 1963 
3214 1874 1855 1863 1932 
3215 1907 1892 1900 1939 
3216 1887 1872 1885 1958 
3217 1915 1935 1943 1945 
3218 1915 1935 1914 1943 
3220 1872 1859 1858 1931 
3221 1868 1854 1867 1966 
3222 1887 1871 1856 1958 
3223 1916 1901 1915 1937 
3224 1885 1868 1884 1948 
3225 1935 1941 1938 1957 
3226 1935 1944 1943 1945 
3228 1839 1944 1943 1947 
3229 1886 1855 1870 1946 
3230 1884 1867 1883 1948 
3235 1935 1943 1944 1947 
3236 1908 1893 1892 1939 
3239 1936 1945 1951 1964 
3240 1868 1934 1867 1948 
3241 1894 1880 1893 1946 
3242 1866 1965 1934 1966 
3244 1883 1866 1882 1948 
3245 1842 1945 1944 1963 
3246 1893 1869 1892 1946 
3247 1843 1840 1841 1944 
3248 1895 1881 1894 1938 
3250 1945 1963 1951 1964 
3255 1946 1958 1948 1965 
3256 1881 1864 1880 1965 
3261 1882 1866 1865 1965 
3263 1885 1872 1934 1958 
3265 1869 1863 1855 1946 
3266 1897 1940 1884 1948 
3267 1884 1868 1867 1948 
3269 1887 1885 1942 1958 
3270 1934 1948 1958 1965 
3271 1870 1855 1857 1931 
3272 1855 1932 1931 1965 
3275 1887 1942 1871 1958 
3280 1896 1882 1938 1948 
3281 1900 1886 1871 1942 
3282 1892 1886 1942 1946 
3283 1885 1872 1868 1934 
3284 1870 1855 1931 1965 
3287 1900 1939 1892 1942 
3289 1886 1869 1855 1946 
3290 1843 1841 1839 1944 
3294 1872 1856 1859 1931 
3295 1864 1932 1863 1965 
3300 1839 33 1913 1943 
3308 1864 1851 1863 1932 
3309 1881 1880 1946 1965 
3311 1882 1948 1866 1965 
3312 1894 1881 1880 1946 
3313 1870 1934 1856 1958 
3314 1870 1958 1946 1965 
3315 1872 1856 1934 1958 
3316 1910 1894 1909 1938 
3317 1900 1892 1886 1942 
3318 1897 1896 1938 1948 
3319 1874 1931 1855 1932 
3320 1916 1936 1935 1945 
3321 1910 1938 1909 1941 
3322 1866 1865 1965 1966 
3325 1882 1946 1938 1948 
3326 1835 1842 1836 1945 
3327 1912 1947 1896 1959 
3328 29 1831 1825 1952 
3329 1901 1871 1887 1942 
3330 1935 1938 1940 1947 
3331 1915 1840 1916 1945 
3332 1913 1898 1897 1940 
3333 1882 1881 1946 1965 
3334 1867 1934 1866 1948 
3335 1870 1934 1958 1965 
3336 1911 1896 1895 1938 
3337 1870 1931 1856 1934 
3338 1912 1896 1911 1959 
3339 1909 1893 1908 1939 
3340 1898 1884 1897 1940 
3341 1885 1934 1868 1948 
3342 1827 1945 1836 1963 
3343 1893 1880 1869 1946 
3344 1858 1934 1931 1966 
3345 1870 1931 1934 1965 
3346 1885 1934 1948 1958 
3347 1914 1899 1898 1940 
3348 1866 1948 1934 1965 
3349 1896 1883 1882 1948 
3350 1829 1828 1833 1951 
3357 1901 1887 1899 1942 
3365 1898 1885 1884 1940 
3366 1916 1907 1900 1937 
3367 1916 1900 1901 1937 
3370 30 1827 1836 1963 
3372 29 1911 1910 1952 
3374 1899 1885 1898 1940 
3375 1829 31 1908 1950 
3376 1908 1950 1941 1951 
3379 29 1846 1911 1959 
3380 1825 1838 1839 1960 
3382 1825 1826 1838 1960 
3383 1913 1897 1912 1947 
3384 1914 1898 1913 1940 
3386 1831 1832 1826 1949 
3388 1839 1943 1913 1947 
3391 1915 1901 1899 1940 
3393 1944 1960 1963 1964 
3394 1842 1836 1945 1963 
3396 33 1914 1913 1943 
3397 32 1840 1916 1915 
3400 1897 1884 1883 1948 
3403 1840 1915 1943 1945 
3408 1909 1938 1939 1941 
3410 1899 1887 1885 1942 
3411 1849 1908 1907 1936 
3413 1841 34 33 1943 
3414 1825 1839 1847 1960 
3416 1843 1839 1838 1944 
3430 1834 1849 1848 1936 
3431 1825 1831 1826 1949 
3432 1828 1834 1835 1936 
3433 1892 1942 1939 1946 
3434 1829 31 1849 1908 
3435 1910 1895 1894 1938 
3436 1893 1892 1939 1946 
3437 1829 1849 1834 1936 
3438 29 1911 1952 1959 
3439 1886 1946 1870 1958 
3440 1870 1946 1855 1965 
3441 1886 1871 1942 1958 
3442 1896 1882 1895 1938 
3443 1843 1944 1838 1963 
3445 1894 1893 1939 1946 
3446 1833 1831 1830 1950 
3447 1885 1948 1942 1958 
3448 1897 1883 1896 1948 
3449 1914 1913 1943 1947 
3450 1839 1841 33 1943 
3451 1833 1830 31 1950 
3452 1882 1946 1948 1965 
3454 1829 1908 1936 1951 
3455 1911 1957 1952 1959 
3456 1894 1938 1881 1946 
3457 1886 1870 1871 1958 
3458 1882 1865 1881 1965 
3462 1863 1855 1946 1965 
3466 1880 1863 1946 1965 
3467 1833 1832 1949 1951 
3469 1871 1870 1856 1958 
3471 1910 1938 1941 1957 
3473 1945 1840 1916 1834 
3477 1846 1912 1911 1959 
3479 1935 1941 1957 1964 
3483 1909 1941 1950 1952 
3498 1941 1949 1957 1964 
3500 1863 1932 1855 1965 
3517 1897 1938 1940 1948 
3519 1868 1934 1858 1966 
3522 1834 1840 1842 1945 
3523 1834 1848 1916 1936 
3524 1834 1840 1916 32 
3526 1839 1913 1847 1947 
3527 1837 1843 1838 1963 
3532 29 1830 1831 1952 
3533 1840 1915 34 1943 
3534 1867 1866 1934 1966 
3535 1842 1840 1843 1944 
3536 1842 1843 1837 1963 
3537 1916 1935 1915 1945 
3538 1826 1837 1838 1963 
3539 1868 1867 1934 1966 
3540 1935 1957 1947 1964 
3541 1826 1838 1960 1963 
3543 1839 33 1847 1913 
3544 1901 1900 1871 1942 
3545 1911 1895 1910 1938 
3546 1944 1963 1945 1964 
3547 30 1837 1826 1963 
3548 1912 1897 1896 1947 
3549 1832 1827 30 1963 
3550 1834 1842 1835 1945 
3551 1949 1963 1960 1964 
3552 1828 1835 1827 1951 
3553 1935 1945 1936 1964 
3554 1829 1834 1828 1936 
3555 1828 1827 1832 1951 
3556 1833 1832 1831 1949 
3557 1827 1835 1836 1945 
3558 1833 1828 1832 1951 
3559 1839 1944 1947 1960 
3560 1832 30 1826 1963 
5298 1842 2541 2544 2545 
5299 2482 2481 2474 2546 
5300 1834 1840 2545 1842 
5301 2535 1840 2545 1834 
5302 1840 2535 2545 2547 
5303 2486 2548 2475 2549 
5304 2490 2548 2486 2549 
5305 2466 65 2469 2550 
5306 2503 2495 2548 2551 
5307 2488 2473 2474 2548 
5308 2502 2548 2486 2552 
5309 2502 2551 2548 2552 
5310 2504 2503 2548 2551 
5311 2496 2477 2476 2546 
5312 2483 2546 2471 2549 
5313 2483 2546 2472 2553 
5314 2498 2546 2483 2553 
5315 2527 2519 2546 2553 
5316 2527 2519 2496 2546 
5317 32 2521 2535 2547 
5318 2481 2546 2476 2549 
5319 2543 2539 2542 2554 
5320 2481 2474 2546 2549 
5321 2527 2546 2518 2553 
5322 2499 2546 2498 2553 
5323 2518 2546 2499 2553 
5324 2502 2551 2552 2555 
5325 2492 2548 2491 2549 
5326 2491 2548 2490 2549 
5327 2510 2555 2551 2556 
5328 2510 2507 2551 2555 
5329 2507 2552 2551 2555 
5330 2507 2548 2551 2552 
5331 34 2500 2547 2557 
5332 1840 34 2547 2557 
5333 2534 2554 2547 2557 
5334 34 2501 2500 2557 
5335 33 2501 34 2557 
5336 33 2534 2522 2557 
5337 2545 2554 2547 2558 
5338 2534 2547 2554 2558 
5339 2534 2522 2547 2559 
5340 2501 2547 2500 2557 
5341 2500 2485 2497 2547 
5342 2466 2550 2467 2560 
5343 66 69 2467 2560 
5344 63 2525 2462 69 
5345 65 2523 2528 2550 
5346 65 2528 2468 2550 
5347 2550 2556 2560 2561 
5348 2462 2463 2467 2560 
5349 2523 2561 2550 2562 
5350 2463 2466 2467 2560 
5351 2466 65 2550 2562 
5352 66 2467 2550 2560 
5353 66 2531 2526 2560 
5354 2560 2562 2561 2563 
5355 2522 2547 2501 2557 
5356 1840 2547 2554 2557 
5357 2540 2537 2534 2554 
5358 1842 2545 2543 2554 
5359 2463 2466 2560 2562 
5360 2480 2471 2473 2549 
5361 2538 2545 2535 2558 
5362 2480 2479 2472 2549 
5363 2477 2476 2546 2549 
5364 2535 2558 2547 2559 
5365 2475 2548 2474 2549 
5366 2479 2478 2472 2549 
5367 2527 2519 2553 2559 
5368 2536 2558 2533 2559 
5369 2481 2475 2474 2549 
5370 2520 2553 2519 2559 
5371 2484 2472 2478 2549 
5372 2482 2473 2471 2546 
5373 2498 2482 2483 2546 
5374 2492 2491 2478 2549 
5375 2491 2490 2477 2549 
5376 2519 2484 2546 2553 
5377 2493 2492 2479 2549 
5378 2520 2497 2553 2559 
5379 2539 2537 2554 2558 
5380 2501 2498 2485 2547 
5381 2491 2490 2548 2552 
5382 2521 2500 2497 2547 
5383 2518 2496 2481 2546 
5384 2469 2531 66 2550 
5385 2507 2492 2548 2552 
5386 2504 2489 2502 2548 
5387 2490 2476 2477 2549 
5388 2487 2473 2548 2549 
5389 2487 2480 2473 2549 
5390 2503 2487 2488 2548 
5391 2486 2475 2476 2549 
5392 2499 2553 2498 2559 
5393 2489 2488 2474 2548 
5394 32 34 2500 2547 
5395 2518 2481 2482 2546 
5396 2483 2472 2546 2549 
5397 2507 2492 2493 2548 
5398 2515 2503 2504 2551 
5399 2494 2486 2490 2552 
5400 2514 2556 2551 2564 
5401 2513 2551 2555 2564 
5402 2504 2488 2489 2548 
5403 2484 2478 2477 2549 
5404 2496 2476 2481 2546 
5405 2490 2486 2548 2552 
5406 2493 2487 2548 2549 
5407 2465 2530 2464 2563 
5408 2493 2548 2492 2549 
5409 2551 2556 2555 2564 
5410 2516 2505 2506 2555 
5411 66 2531 67 2526 
5412 2506 2505 2491 2552 
5413 2507 2493 2495 2548 
5414 2496 2484 2477 2546 
5415 2506 2491 2492 2552 
5416 2489 2474 2475 2548 
5417 2493 2480 2487 2549 
5418 2495 2493 2487 2548 
5419 2497 2472 2484 2553 
5420 2497 2483 2472 2553 
5421 2522 2499 2498 2559 
5422 2555 2556 2561 2564 
5423 2508 2555 2561 2564 
5424 2514 2510 2495 2551 
5425 2516 2512 2555 2561 
5426 2492 2491 2548 2552 
5427 2502 2489 2486 2548 
5428 2489 2475 2486 2548 
5429 2514 2510 2551 2556 
5430 2523 2509 2508 2561 
5431 2531 2516 2556 2561 
5432 2524 2561 2562 2563 
5433 2517 2516 2555 2556 
5434 2474 2548 2473 2549 
5435 2497 2485 2483 2553 
5436 2524 2508 2561 2564 
5437 2491 2477 2478 2549 
5438 2520 2497 2484 2553 
5439 2474 2473 2546 2549 
5440 2498 2485 2547 2559 
5441 2522 2498 2547 2559 
5442 2538 2535 2533 2558 
5443 2531 2550 2528 2561 
5444 2469 66 2467 2550 
5445 1840 2554 1841 2557 
5446 32 2500 2521 2547 
5447 2498 2483 2485 2553 
5448 2501 2485 2500 2547 
5449 2513 2555 2508 2564 
5450 2521 2547 2497 2559 
5451 2507 2548 2495 2551 
5452 32 1840 34 2547 
5453 2539 2536 2537 2558 
5454 2535 2520 2533 2559 
5455 2520 2484 2519 2553 
5456 2499 2482 2498 2546 
5457 1834 1840 32 2535 
5458 2536 2527 2532 2559 
5459 33 2522 2501 2557 
5460 2521 2497 2520 2559 
5461 2534 2547 2558 2559 
5462 66 2526 67 69 
5463 2515 2504 2513 2551 
5464 2504 2503 2488 2548 
5465 2492 2478 2479 2549 
5466 2515 2514 2551 2564 
5467 2504 2548 2502 2551 
5468 2512 2494 2505 2555 
5469 2497 2547 2485 2559 
5470 2484 2477 2546 2549 
5471 2523 2509 2561 2562 
5472 2523 2470 2509 2562 
5473 2526 2556 2511 2560 
5474 2531 2528 2516 2561 
5475 2560 2525 2465 2530 
5476 2512 2508 2494 2555 
5477 2525 2511 2510 2556 
5478 2526 2511 69 2560 
5479 2484 2472 2546 2553 
5480 2525 2510 2514 2556 
5481 2531 2517 2526 2556 
5482 2517 2555 2510 2556 
5483 2528 2512 2516 2561 
5484 2510 2507 2495 2551 
5485 2466 2550 2560 2562 
5486 2524 2508 2509 2561 
5487 2535 2521 2520 2559 
5488 2528 2550 2523 2561 
5489 2524 2561 2509 2562 
5490 2517 2506 2507 2555 
5491 2528 2523 2512 2561 
5492 2502 2552 2494 2555 
5493 2513 2502 2508 2555 
5494 2529 2513 2524 2564 
5495 65 2523 2550 2562 
5496 2469 2468 2531 2550 
5497 2518 2482 2499 2546 
5498 2508 2502 2494 2555 
5499 2515 2514 2503 2551 
5500 2530 2525 2514 2564 
5501 2530 2529 2563 2564 
5502 2526 2510 2511 2556 
5503 2513 2551 2502 2555 
5504 2497 2485 2553 2559 
5505 2517 2507 2510 2555 
5506 65 2470 2523 2562 
5507 2505 2494 2490 2552 
5508 2529 2515 2513 2564 
5509 69 2525 2462 2560 
5510 2465 2560 2463 2462 
5511 2462 2525 2465 2560 
5512 2530 2560 2525 2564 
5513 2482 2474 2473 2546 
5514 2516 2512 2505 2555 
5515 2530 2514 2515 2564 
5516 2524 2561 2563 2564 
5517 2529 2524 2563 2564 
5518 2526 2517 2510 2556 
5519 2530 2563 2560 2564 
5520 2516 2555 2556 2561 
5521 2473 2471 2546 2549 
5522 2505 2490 2491 2552 
5523 1835 2544 1842 2541 
5524 2534 2558 2532 2559 
5525 1841 2534 33 2557 
5526 2524 2509 2470 2562 
5527 2506 2505 2552 2555 
5528 2525 2556 2514 2564 
5529 2550 2561 2560 2562 
5530 2513 2504 2502 2551 
5531 2525 2511 2556 2560 
5532 2464 2530 2529 2563 
5533 2505 2494 2552 2555 
5534 2531 2556 2526 2560 
5535 2469 67 66 2531 
5536 2483 2482 2471 2546 
5537 2463 2524 64 2470 
5538 2538 2533 2536 2558 
5539 2539 2554 2545 2558 
5540 2544 2541 2538 2545 
5541 34 2501 68 2500 
5542 1841 2554 2534 2557 
5543 2543 2545 2539 2554 
5544 2512 2508 2555 2561 
5545 2531 2556 2550 2561 
5546 2465 64 2463 2563 
5547 2556 2560 2561 2564 
5548 2465 2464 64 2563 
5549 2531 2516 2517 2556 
5550 66 2526 69 2560 
5551 2469 65 2468 2550 
5552 2519 2484 2496 2546 
5553 2507 2506 2552 2555 
5554 2535 2547 2521 2559 
5555 2498 2553 2485 2559 
5556 2533 2520 2519 2559 
5557 2537 2534 2554 2558 
5558 2517 2516 2506 2555 
5559 2524 2513 2508 2564 
5560 2532 2527 2518 2559 
5561 63 2525 2465 2462 
5562 1840 2547 2545 2554 
5563 2522 2498 2501 2547 
5564 2532 2518 2499 2559 
5565 1839 1841 2540 2534 
5566 2539 2538 2536 2558 
5567 1843 1839 1841 2540 
5568 2544 2538 2539 2545 
5569 1843 2542 2540 2554 
5570 2542 2537 2540 2554 
5571 1842 1840 2545 2554 
5572 2507 2506 2492 2552 
5573 1843 2542 1838 2540 
5574 1843 2543 2542 2554 
5575 2545 1834 2541 2535 
5576 2542 2539 2537 2554 
5577 2533 2519 2527 2559 
5578 1837 1843 2543 2542 
5579 2535 2533 2558 2559 
5580 1842 2544 1836 2543 
5581 1842 1836 1837 2543 
5582 2544 2539 2543 2545 
5583 2534 2532 2499 2559 
5584 2534 2499 2522 2559 
5585 2537 2532 2534 2558 
5586 32 2535 1840 2547 
5587 2539 2545 2538 2558 
5588 1842 2543 1843 2554 
5589 1840 1841 34 2557 
5590 32 34 68 2500 
5591 2536 2533 2527 2559 
5592 1842 1843 1840 2554 
5593 1843 1838 1839 2540 
5594 2563 2465 2560 2463 
5595 1843 2540 1841 2554 
5596 1842 2544 2543 2545 
5597 2463 64 2524 2563 
5598 1835 1836 1842 2544 
5599 2541 2535 2538 2545 
5600 1834 1835 1842 2541 
5601 1841 2540 2534 2554 
5602 2523 2508 2512 2561 
5603 2530 2515 2529 2564 
5604 2469 2468 67 2531 
5605 2515 2551 2513 2564 
5606 2466 2469 2467 2550 
5607 2463 2524 2470 2562 
5608 2465 2560 2530 2563 
5609 2483 2471 2480 2549 
5610 2463 2524 2562 2563 
5611 2531 2550 2556 2560 
5612 2537 2536 2532 2558 
5613 2463 2470 2466 2562 
5614 2525 69 2511 2560 
5615 2535 2545 2547 2558 
5616 63 62 2525 69 
5617 2488 2487 2473 2548 
5618 62 2525 2465 63 
5619 2525 2560 2556 2564 
5620 2466 2470 65 2562 
5621 2465 62 2464 2530 
5622 64 2529 2524 2563 
5623 2527 2496 2518 2546 
5624 66 2550 2531 2560 
5625 2484 2546 2472 2549 
5626 2560 2563 2561 2564 
5627 2483 2480 2472 2549 
5628 2463 2562 2560 2563 
5629 2481 2476 2475 2549 
5630 1837 1838 1843 2542 
5631 33 68 34 2501 
5632 2518 2553 2499 2559 
5633 1842 1834 2541 2545 
5634 2468 2528 2531 2550 
5635 2493 2479 2480 2549 
5636 2502 2486 2494 2552 
5637 2464 2529 64 2563 
5638 2490 2486 2476 2549 
5639 1841 33 34 2557 
5640 2514 2495 2503 2551 
5641 2462 2467 69 2560 
5642 2534 2547 2522 2557 
5643 1839 33 1841 2534 
5644 2536 2532 2558 2559 
5645 2527 2553 2518 2559 
5646 2503 2495 2487 2548 
5647 1843 1841 1840 2554 
5648 2530 2525 2465 62 
5649 1842 1837 1843 2543 
5650 2593 2645 2584 2646 
5651 2606 2584 2593 2645 
5652 2592 2584 2645 2646 
5653 2584 2576 2646 2647 
5654 2648 70 2624 71 
5655 2603 2577 2583 2646 
5656 2593 2645 2646 2649 
5657 2577 2646 2576 2647 
5658 2588 2587 2647 2650 
5659 2595 2579 2580 2650 
5660 2590 2588 2647 2650 
5661 2590 2647 2579 2650 
5662 2587 2582 2647 2650 
5663 2601 2651 2585 2652 
5664 2585 2651 2650 2653 
5665 2612 2651 2601 2652 
5666 2612 2651 2652 2654 
5667 2651 2587 2653 2597 
5668 2651 2653 2652 2654 
5669 2618 2597 2651 2654 
5670 2582 2581 2647 2650 
5671 2609 2652 2653 2654 
5672 2617 2652 2595 2653 
5673 2617 2609 2652 2653 
5674 2607 2594 2589 2646 
5675 2603 2593 2646 2649 
5676 2603 2578 2577 2646 
5677 2565 2655 2648 2656 
5678 76 2648 2565 2655 
5679 2648 2624 76 71 
5680 2624 2648 2655 2657 
5681 70 2624 2634 2648 
5682 70 2634 2567 2648 
5683 2567 2634 2633 2648 
5684 2634 2648 2624 2657 
5685 76 2625 74 75 
5686 2624 2655 2652 2657 
5687 2568 2565 2648 2656 
5688 2630 2621 2627 2658 
5689 1829 2631 31 2659 
5690 1829 1833 1828 2640 
5691 1833 1828 2640 2660 
5692 2642 2659 2640 2660 
5693 2631 2658 2659 2661 
5694 1829 2638 2631 2659 
5695 2592 2645 2591 2646 
5696 1828 1832 1827 2644 
5697 2596 2595 2650 2653 
5698 2597 2587 2653 2582 
5699 2600 2582 2597 2653 
5700 2611 2597 2587 2651 
5701 2609 2586 2600 2653 
5702 2581 2580 2647 2650 
5703 2583 2577 2581 2647 
5704 2615 2645 2649 2661 
5705 2594 2583 2589 2646 
5706 2611 2588 2598 2650 
5707 2592 2588 2587 2647 
5708 2602 2589 2590 2647 
5709 2590 2589 2579 2647 
5710 2586 2581 2582 2650 
5711 2596 2650 2586 2653 
5712 2580 2579 2647 2650 
5713 2595 2585 2579 2650 
5714 2583 2646 2577 2647 
5715 2584 2582 2576 2647 
5716 2608 2585 2595 2652 
5717 2585 2652 2651 2653 
5718 2598 2650 2585 2651 
5719 2598 2588 2590 2650 
5720 2625 2612 2601 2655 
5721 2591 2590 2588 2647 
5722 2592 2591 2588 2647 
5723 1825 1826 1831 2641 
5724 2615 2645 2593 2649 
5725 2586 2650 2582 2653 
5726 2625 2601 2624 2655 
5727 2606 2605 2592 2645 
5728 2592 2646 2591 2647 
5729 2581 2577 2576 2647 
5730 2612 2611 2598 2651 
5731 2602 2646 2589 2647 
5732 2611 2650 2598 2651 
5733 2617 2608 2595 2652 
5734 2582 2581 2576 2647 
5735 2611 2587 2588 2650 
5736 2590 2579 2585 2650 
5737 2595 2585 2650 2653 
5738 1829 1833 2640 2659 
5739 2592 2587 2584 2647 
5740 2615 2593 2599 2649 
5741 2603 2646 2594 2649 
5742 2583 2580 2579 2647 
5743 2582 2587 2653 2650 
5744 2634 2624 2608 2657 
5745 2632 2610 2618 2654 
5746 2612 2652 2601 2655 
5747 2598 2590 2585 2650 
5748 2593 2584 2578 2646 
5749 2602 2591 2646 2647 
5750 2615 2606 2593 2645 
5751 2614 2603 2604 2649 
5752 2614 2658 2599 2661 
5753 2621 2619 2614 2658 
5754 1830 2620 2619 2658 
5755 29 1830 2573 2621 
5756 2608 2601 2585 2652 
5757 2622 2600 2610 2654 
5758 2595 2652 2585 2653 
5759 31 2631 2658 2659 
5760 2607 2646 2645 2649 
5761 2597 2653 2651 2654 
5762 2603 2583 2594 2646 
5763 2602 2590 2591 2647 
5764 1832 30 2644 2643 
5765 2607 2589 2602 2646 
5766 2589 2646 2583 2647 
5767 2613 2602 2591 2645 
5768 2629 2645 2626 2661 
5769 2596 2595 2580 2650 
5770 2615 2649 2599 2661 
5771 2614 2599 2603 2649 
5772 2613 2607 2602 2645 
5773 2603 2593 2578 2646 
5774 2611 2587 2650 2651 
5775 2616 2604 2594 2649 
5776 2603 2599 2593 2649 
5777 2606 2592 2584 2645 
5778 2637 2636 2629 2661 
5779 2636 2616 2629 2661 
5780 2627 2604 2616 2649 
5781 2620 2615 2599 2658 
5782 1830 2619 2621 2658 
5783 2631 2628 2615 2661 
5784 29 2621 2630 2658 
5785 2626 2613 2605 2645 
5786 2628 2606 2615 2645 
5787 2615 2599 2658 2661 
5788 2648 2662 2633 2567 
5789 2596 2580 2581 2650 
5790 2638 2626 2628 2661 
5791 2635 2632 2618 2654 
5792 2617 2652 2609 2657 
5793 2617 2608 2652 2657 
5794 2624 2652 2608 2657 
5795 2618 2597 2611 2651 
5796 2617 2596 2609 2653 
5797 2635 2632 2654 2663 
5798 2600 2586 2582 2653 
5799 2635 2618 2612 2654 
5800 2589 2583 2579 2647 
5801 2650 2587 2653 2651 
5802 2641 2630 2636 2658 
5803 2629 2616 2649 2661 
5804 2627 2614 2649 2661 
5805 2633 2617 2609 2657 
5806 2572 2655 2656 2663 
5807 2633 2648 2657 2662 
5808 2652 2655 2654 2657 
5809 2618 2610 2597 2654 
5810 2614 2599 2649 2661 
5811 2623 2609 2600 2654 
5812 2565 2570 2655 2656 
5813 2629 2649 2645 2661 
5814 2610 2600 2597 2654 
5815 2609 2653 2600 2654 
5816 2600 2653 2597 2654 
5817 2655 76 2625 74 
5818 1833 2659 2658 2660 
5819 2605 2591 2592 2645 
5820 2633 2609 2623 2657 
5821 2569 2575 2663 2662 
5822 2566 72 2575 2662 
5823 2629 2616 2607 2649 
5824 2633 2657 2623 2662 
5825 2616 2594 2607 2649 
5826 2607 2594 2646 2649 
5827 2604 2603 2594 2649 
5828 2624 2601 2652 2655 
5829 2618 2611 2612 2651 
5830 2627 2658 2614 2661 
5831 2642 2659 2658 2661 
5832 2643 2641 2642 2660 
5833 2628 2626 2645 2661 
5834 2638 2628 2631 2661 
5835 2642 2641 2637 2661 
5836 2639 2626 2638 2661 
5837 2635 2612 2625 2655 
5838 2628 2626 2605 2645 
5839 2609 2596 2586 2653 
5840 2654 2657 2656 2662 
5841 70 2624 71 76 
5842 2648 2656 2657 2662 
5843 2634 2608 2617 2657 
5844 2662 2568 2567 2648 
5845 2632 2622 2610 2654 
5846 2627 2614 2604 2649 
5847 2571 2632 2635 2663 
5848 73 2622 2632 2663 
5849 2636 2630 2627 2658 
5850 1833 2640 2659 2660 
5851 2639 2638 2659 2661 
5852 2627 2621 2614 2658 
5853 2642 2658 2659 2660 
5854 2644 2643 2642 2660 
5855 2619 2599 2614 2658 
5856 2620 2599 2619 2658 
5857 1829 31 1833 2659 
5858 2636 2658 2627 2661 
5859 2642 2641 2658 2660 
5860 2566 2575 2569 2662 
5861 2575 2622 2663 2662 
5862 2601 2598 2585 2651 
5863 2654 2656 2655 2663 
5864 2629 2607 2613 2645 
5865 2640 2639 2638 2659 
5866 2628 2645 2615 2661 
5867 1831 2630 2641 2658 
5868 2631 2615 2620 2658 
5869 2578 2576 2577 2646 
5870 1825 2641 1831 2630 
5871 72 2623 2575 2662 
5872 2570 74 76 2655 
5873 1830 2620 2574 2619 
5874 2636 2627 2616 2661 
5875 2568 2656 2648 2662 
5876 2624 2601 2608 2652 
5877 1830 2620 31 2574 
5878 2642 2639 2640 2659 
5879 1830 31 2620 2658 
5880 1829 2640 2638 2659 
5881 2638 2631 2659 2661 
5882 2655 2624 76 2648 
5883 2639 2637 2629 2661 
5884 2634 2617 2633 2657 
5885 2623 2609 2654 2657 
5886 75 2625 2655 2635 
5887 2572 2635 2655 2663 
5888 2618 2651 2612 2654 
5889 2629 2613 2626 2645 
5890 2635 75 2572 2655 
5891 2612 2654 2652 2655 
5892 2583 2581 2580 2647 
5893 2572 74 2570 2655 
5894 2572 2571 75 2635 
5895 2572 2571 2635 2663 
5896 2567 2662 2633 72 
5897 2635 2654 2655 2663 
5898 73 2632 2571 2663 
5899 2655 75 2572 74 
5900 2642 2639 2659 2661 
5901 1833 2658 1831 2660 
5902 2639 2629 2626 2661 
5903 2587 2582 2584 2647 
5904 29 1830 2621 2658 
5905 1828 2644 2640 2660 
5906 2628 2605 2606 2645 
5907 1833 31 1830 2658 
5908 1831 2658 2641 2660 
5909 2641 2636 2637 2661 
5910 2623 2657 2654 2662 
5911 1831 1826 2643 2641 
5912 2642 2637 2639 2661 
5913 2654 2656 2663 2662 
5914 72 2633 2623 2662 
5915 1832 30 1827 2644 
5916 1832 2643 2644 2660 
5917 1831 2643 1832 2660 
5918 2623 2600 2622 2654 
5919 2631 2615 2658 2661 
5920 2644 2642 2640 2660 
5921 2609 2652 2654 2657 
5922 72 2568 2567 2662 
5923 1832 1826 30 2643 
5924 1833 1831 1832 2660 
5925 29 1825 1831 2630 
5926 2634 2633 2648 2657 
5927 2623 2654 2622 2662 
5928 1831 1826 1832 2643 
5929 29 1831 1830 2658 
5930 1831 2641 2643 2660 
5931 2648 2656 2655 2657 
5932 1828 1832 2644 2660 
5933 1833 31 2658 2659 
5934 2641 2658 2636 2661 
5935 2617 2595 2596 2653 
5936 2566 2569 2570 2656 
5937 2569 2572 2656 2663 
5938 2572 2655 2570 2656 
5939 74 2625 2655 75 
5940 2632 2622 2654 2663 
5941 2569 2572 2570 2656 
5942 2569 73 2572 2663 
5943 2565 2566 2570 2656 
5944 2642 2658 2641 2661 
5945 1830 2573 2621 2619 
5946 2568 2566 2565 2656 
5947 2565 2570 76 2655 
5948 71 2568 2565 2648 
5949 2566 2569 2656 2662 
5950 73 2575 2622 2663 
5951 2569 2575 73 2663 
5952 2572 73 2571 2663 
5953 2568 2566 2656 2662 
5954 70 2567 2568 2648 
5955 2635 2654 2612 2655 
5956 76 2625 2624 2655 
5957 70 2568 71 2648 
5958 2575 2623 2622 2662 
5959 71 2648 2565 76 
5960 2654 2655 2656 2657 
5961 2627 2649 2616 2661 
5962 2613 2591 2605 2645 
5963 1833 1830 1831 2658 
5964 1830 2574 2573 2619 
5965 2622 2654 2663 2662 
5966 2568 72 2566 2662 
5967 2596 2581 2586 2650 
5968 1833 1832 1828 2660 
5969 31 2631 2620 2658 
5970 29 2630 1831 2658 
5971 2607 2602 2645 2646 
5972 2602 2591 2645 2646 
5973 2584 2576 2578 2646 
5974 2612 2598 2601 2651 
5975 2629 2607 2645 2649 
5976 2592 2584 2646 2647 
5977 2569 2663 2656 2662 
8906 3606 3652 3604 3653 
8907 3583 3582 3652 3654 
8908 3606 3596 3652 3653 
8909 3596 3652 3582 3654 
8910 3588 3652 3580 3654 
8911 3598 3597 3596 3653 
8912 3595 3593 3587 3653 
8913 3604 3586 3594 3652 
8914 3606 3598 3653 3655 
8915 2466 3612 3611 3656 
8916 2466 65 3612 3656 
8917 3650 3656 3610 3657 
8918 65 2468 3570 3613 
8919 67 3650 3609 3656 
8920 2468 3570 3613 3609 
8921 67 3609 2468 3656 
8922 3640 3658 3629 3659 
8923 3658 3660 3659 3661 
8924 3640 3658 3659 3661 
8925 3629 3618 3619 3655 
8926 3642 3637 3658 3662 
8927 3658 3661 3663 3664 
8928 3658 3660 3661 3664 
8929 3558 3561 3665 3666 
8930 3555 3565 3664 3667 
8931 3557 3666 3668 3669 
8932 3557 3666 3634 3668 
8933 3660 3666 3665 3669 
8934 3557 133 3634 3666 
8935 3558 3635 133 3666 
8936 3660 3668 3666 3669 
8937 3660 3664 3668 3669 
8938 3634 3660 3666 3670 
8939 3634 3666 3660 3668 
8940 3556 3557 3668 3669 
8941 3561 3665 3666 3669 
8942 3560 3665 3669 3671 
8943 3577 3576 3654 3672 
8944 131 3641 3558 3665 
8945 3640 3659 3639 3661 
8946 3645 3670 3644 3673 
8947 3645 3638 3644 3670 
8948 3638 3661 3659 3670 
8949 3673 3661 3670 3671 
8950 3621 3655 3615 3674 
8951 3658 3662 3660 3664 
8952 3629 3659 3658 3674 
8953 3648 3658 3661 3663 
8954 3671 3661 3670 3660 
8955 3563 3562 3667 3668 
8956 3560 3669 132 3671 
8957 3664 3667 3668 3669 
8958 3662 3664 3667 3668 
8959 3636 3655 3630 3674 
8960 3554 131 3559 3665 
8961 3632 3659 3630 3674 
8962 3620 3615 3655 3674 
8963 3625 3615 3620 3674 
8964 3660 3626 3674 3670 
8965 3632 3670 3659 3674 
8966 132 3563 3667 3669 
8967 3597 3587 3596 3653 
8968 3629 3658 3622 3674 
8969 3557 3561 3666 3669 
8970 3632 3628 3670 3674 
8971 3628 3626 3670 3674 
8972 3641 3635 3666 3670 
8973 3660 3665 3666 3670 
8974 3600 3582 3654 3672 
8975 3585 3577 3581 3672 
8976 3588 3576 3586 3654 
8977 3600 3654 3590 3672 
8978 3585 3579 3577 3672 
8979 3588 3580 3577 3654 
8980 3589 3585 3581 3672 
8981 3599 3585 3589 3672 
8982 3588 3586 3652 3654 
8983 3601 3590 3584 3672 
8984 3592 3584 3576 3672 
8985 3593 3586 3583 3652 
8986 3616 3653 3614 3655 
8987 3603 3653 3595 3655 
8988 3586 3578 3583 3654 
8989 3597 3595 3587 3653 
8990 3562 3575 3574 3668 
8991 3603 3593 3595 3653 
8992 3606 3580 3588 3652 
8993 3658 3659 3660 3674 
8994 3603 3602 3653 3655 
8995 3606 3588 3604 3652 
8996 3587 3583 3582 3652 
8997 3586 3583 3652 3654 
8998 3607 3589 3600 3672 
8999 3596 3582 3581 3654 
9000 3581 3577 3580 3654 
9001 3600 3583 3590 3654 
9002 3608 3600 3590 3672 
9003 3590 3654 3584 3672 
9004 3616 3606 3653 3655 
9005 3594 3586 3593 3652 
9006 3554 3559 3555 3671 
9007 3601 3584 3592 3672 
9008 3586 3576 3578 3654 
9009 3608 3601 3657 3672 
9010 3650 3608 3609 3657 
9011 3613 3601 3592 3657 
9012 3599 3657 3591 3672 
9013 3592 3579 3591 3672 
9014 3600 3589 3582 3672 
9015 3613 3592 3612 3657 
9016 3609 3608 3601 3657 
9017 2466 3611 2469 3656 
9018 3613 3612 3656 3657 
9019 3625 3626 3674 3660 
9020 3566 3664 3646 3673 
9021 3670 3634 3660 3626 
9022 3614 3653 3602 3655 
9023 3590 3578 3584 3654 
9024 3569 3663 3566 3664 
9025 3612 3592 3591 3657 
9026 3606 3596 3580 3652 
9027 3614 3594 3602 3653 
9028 3632 3630 3624 3674 
9029 3600 3582 3583 3654 
9030 3605 3597 3598 3655 
9031 3620 3603 3617 3655 
9032 3594 3652 3593 3653 
9033 3623 3605 3598 3655 
9034 3603 3602 3593 3653 
9035 3593 3652 3587 3653 
9036 3604 3588 3586 3652 
9037 3620 3602 3603 3655 
9038 3621 3616 3614 3655 
9039 3597 3595 3653 3655 
9040 3636 3605 3623 3655 
9041 3602 3594 3593 3653 
9042 3607 3599 3589 3672 
9043 3639 3659 3638 3661 
9044 3650 3610 3607 3657 
9045 3568 3662 3663 3664 
9046 135 3648 3647 3663 
9047 3620 3615 3614 3655 
9048 3636 3619 3605 3655 
9049 3630 3655 3624 3674 
9050 3608 3590 3601 3672 
9051 3612 3611 3656 3657 
9052 3607 3657 3599 3672 
9053 3618 3595 3597 3655 
9054 3610 3599 3607 3657 
9055 3601 3592 3657 3672 
9056 3606 3598 3596 3653 
9057 3650 3609 3656 3657 
9058 2469 66 3650 3610 
9059 3612 3591 3611 3657 
9060 3608 3607 3600 3672 
9061 3582 3581 3654 3672 
9062 3592 3591 3657 3672 
9063 3618 3617 3603 3655 
9064 3598 3597 3653 3655 
9065 2469 3650 67 3656 
9066 3567 3648 135 3663 
9067 3613 3609 3601 3657 
9068 3611 3610 3656 3657 
9069 3596 3580 3652 3654 
9070 65 3613 3612 3656 
9071 2469 3610 3650 3656 
9072 3611 3591 3599 3657 
9073 2466 2467 2469 3611 
9074 2469 66 67 3650 
9075 3623 3606 3616 3655 
9076 2469 3611 3610 3656 
9077 3572 3645 3571 3673 
9078 136 3662 3649 3663 
9079 3624 3616 3621 3655 
9080 3631 3627 3617 3674 
9081 3627 3620 3617 3674 
9082 3620 3655 3617 3674 
9083 2469 67 2468 3656 
9084 3616 3606 3604 3653 
9085 3630 3623 3624 3655 
9086 3604 3652 3594 3653 
9087 3629 3655 3619 3674 
9088 3626 3615 3625 3674 
9089 3628 3621 3626 3674 
9090 3647 3663 3661 3664 
9091 3634 3625 3633 3660 
9092 3629 3622 3618 3655 
9093 3631 3658 3627 3674 
9094 3647 3661 3646 3664 
9095 3643 3631 3622 3658 
9096 3618 3597 3605 3655 
9097 3573 3572 3651 3673 
9098 3572 3571 3651 3673 
9099 3623 3598 3606 3655 
9100 3621 3614 3615 3655 
9101 3614 3604 3594 3653 
9102 3629 3622 3655 3674 
9103 3624 3655 3621 3674 
9104 3619 3618 3605 3655 
9105 3568 3662 3664 3667 
9106 3638 3630 3632 3659 
9107 3640 3619 3636 3659 
9108 132 3563 3564 3667 
9109 3616 3604 3614 3653 
9110 3620 3614 3602 3655 
9111 3660 3661 3664 3671 
9112 3644 3638 3632 3670 
9113 3626 3621 3615 3674 
9114 3643 3622 3629 3658 
9115 3593 3583 3587 3652 
9116 3599 3591 3585 3672 
9117 3618 3603 3595 3655 
9118 3571 3645 3644 3673 
9119 3556 3563 132 3669 
9120 3627 3625 3620 3674 
9121 3629 3619 3659 3674 
9122 3628 3624 3621 3674 
9123 3641 3628 3635 3670 
9124 3566 3567 135 3663 
9125 3636 3623 3630 3655 
9126 3632 3624 3628 3674 
9127 3622 3617 3655 3674 
9128 3622 3617 3618 3655 
9129 3566 3573 3651 3673 
9130 3635 3628 3626 3670 
9131 3645 3639 3638 3661 
9132 134 3642 136 3662 
9133 134 3562 3637 3662 
9134 2468 3609 3613 3656 
9135 3631 3622 3658 3674 
9136 3633 3625 3627 3660 
9137 3639 3636 3638 3659 
9138 3644 3632 3641 3670 
9139 3636 3630 3659 3674 
9140 3556 3668 3563 3669 
9141 3648 3640 3647 3661 
9142 3644 3641 3665 3670 
9143 3638 3659 3632 3670 
9144 3555 3667 3664 3671 
9145 132 3564 3555 3667 
9146 3637 3627 3658 3660 
9147 3643 3642 3631 3658 
9148 3558 3665 3641 3666 
9149 133 3635 3634 3666 
9150 3575 3634 3633 3668 
9151 3645 3661 3670 3673 
9152 3626 3634 3660 3625 
9153 3638 3636 3630 3659 
9154 65 2468 3613 3656 
9155 3650 3607 3608 3657 
9156 3627 3660 3625 3674 
9157 3588 3577 3576 3654 
9158 3635 3634 3666 3670 
9159 3563 3668 3667 3669 
9160 3640 3629 3619 3659 
9161 3636 3659 3619 3674 
9162 3637 3633 3660 3668 
9163 3637 3660 3658 3662 
9164 3564 3569 3565 3667 
9165 3631 3617 3622 3674 
9166 3645 3661 3638 3670 
9167 3569 3568 3664 3667 
9168 3581 3577 3654 3672 
9169 3659 3670 3660 3674 
9170 3554 3671 3555 3673 
9171 136 3642 3649 3662 
9172 132 3669 3667 3671 
9173 3641 3666 3665 3670 
9174 3660 3664 3669 3671 
9175 3641 3632 3628 3670 
9176 3637 3627 3631 3658 
9177 3557 133 3575 3634 
9178 3558 3641 3635 3666 
9179 3569 3568 3663 3664 
9180 3562 3637 3662 3668 
9181 3559 131 3558 3665 
9182 3637 3633 3627 3660 
9183 131 3644 3641 3665 
9184 134 3637 3562 3574 
9185 3644 3670 3665 3673 
9186 3648 3658 3640 3661 
9187 3560 3665 3561 3669 
9188 3596 3581 3580 3654 
9189 3646 3639 3645 3661 
9190 3554 3644 131 3665 
9191 3624 3623 3616 3655 
9192 3642 3637 3631 3658 
9193 3560 3555 3559 3671 
9194 3648 3643 3640 3658 
9195 3562 3574 3637 3668 
9196 3643 3629 3640 3658 
9197 3574 3575 3633 3668 
9198 3591 3579 3585 3672 
9199 3554 3571 3644 3673 
9200 3636 3619 3655 3674 
9201 3648 3661 3647 3663 
9202 3634 3660 3633 3668 
9203 3557 3634 3575 3668 
9204 3565 3664 3566 3673 
9205 3646 3640 3639 3661 
9206 3649 3662 3658 3663 
9207 3649 3642 3643 3658 
9208 3555 3564 3565 3667 
9209 134 3637 3642 3662 
9210 3649 3643 3648 3658 
9211 3647 3640 3646 3661 
9212 3565 3566 3651 3673 
9213 3566 3646 3573 3673 
9214 3646 3661 3645 3673 
9215 3572 3646 3645 3673 
9216 3660 3664 3662 3668 
9217 3569 3566 3565 3664 
9218 3637 3660 3662 3668 
9219 3566 3647 3573 3646 
9220 3554 3571 131 3644 
9221 3567 3649 3648 3663 
9222 3554 3651 3571 3673 
9223 3566 135 3573 3647 
9224 3567 136 3649 3663 
9225 3566 135 3647 3663 
9226 3569 3563 3568 3667 
9227 3637 3574 3633 3668 
9228 3554 3555 3651 3673 
9229 3562 3662 3667 3668 
9230 3568 3662 136 3663 
9231 3573 3646 3572 3673 
9232 3564 3563 3569 3667 
9233 3569 3664 3565 3667 
9234 134 3568 3562 3662 
9235 3596 3587 3582 3652 
9236 3555 3671 3664 3673 
9237 132 3667 3555 3671 
9238 3554 3665 3671 3673 
9239 3613 3656 3609 3657 
9240 2469 2467 66 3610 
9241 3555 3565 3651 3673 
9242 2466 2469 65 3656 
9243 3596 3587 3652 3653 
9244 2469 3611 2467 3610 
9245 3608 3657 3607 3672 
9246 3660 3671 3665 3670 
9247 2469 2468 65 3656 
9248 3611 3599 3610 3657 
9249 67 3570 2468 3609 
9250 3568 136 3567 3663 
9251 3670 3671 3665 3673 
9252 3562 3662 3568 3667 
9253 3566 3663 3647 3664 
9254 3569 3568 3566 3663 
9255 3557 3561 133 3666 
9256 3563 3562 3568 3667 
9257 3560 3559 3665 3671 
9258 3557 3575 3562 3668 
9259 3556 3562 3563 3668 
9260 3554 3665 3559 3671 
9261 3556 3557 3562 3668 
9262 3627 3658 3660 3674 
9263 3649 3658 3648 3663 
9264 3558 133 3561 3666 
9265 3555 3664 3565 3673 
9266 3649 3642 3658 3662 
9267 3560 3559 3561 3665 
9268 3584 3578 3576 3654 
9269 3635 3626 3634 3670 
9270 3660 3669 3665 3671 
9271 3646 3664 3661 3673 
9272 3560 3561 3557 3669 
9273 3566 3568 3567 3663 
9274 3661 3664 3671 3673 
9275 3560 132 3555 3671 
9276 3664 3667 3669 3671 
9277 3560 3556 132 3669 
9278 3658 3663 3662 3664 
9279 3659 3661 3660 3670 
9280 3560 3557 3556 3669 
9281 3566 3647 3646 3664 
9282 134 136 3568 3662 
9283 3592 3576 3579 3672 
9284 3590 3583 3578 3654 
9285 3584 3654 3576 3672 
9286 3589 3581 3582 3672 
9287 3579 3576 3577 3672 
9288 3554 3644 3665 3673 
9289 3640 3636 3639 3659 
9290 3559 3558 3561 3665 
9291 141 3769 3757 3770 
9292 3685 3769 141 3770 
9293 140 3758 142 3769 
9294 3685 3769 3770 3771 
9295 3685 140 3769 3772 
9296 3757 3769 3748 3773 
9297 3766 3750 3758 3769 
9298 3675 3679 138 3771 
9299 3723 3713 3774 3775 
9300 3724 3723 3774 3775 
9301 3767 3775 3728 3776 
9302 2464 64 3725 3776 
9303 3728 3775 3727 3776 
9304 2465 3727 2463 3776 
9305 2463 3726 64 3776 
9306 3676 3772 3771 3777 
9307 3676 3682 138 3771 
9308 3685 3770 3684 3771 
9309 3769 3771 3772 3778 
9310 3771 3777 3772 3778 
9311 138 3682 3683 3771 
9312 3679 3777 3771 3779 
9313 140 3766 3758 3769 
9314 3677 3676 3680 3777 
9315 3756 3755 3770 3773 
9316 3746 3745 3773 3780 
9317 3754 3773 3745 3781 
9318 3773 3779 3777 3781 
9319 3752 3780 3778 3781 
9320 3687 3755 3754 3779 
9321 3762 3778 3777 3781 
9322 3765 3762 3752 3778 
9323 3762 3752 3778 3781 
9324 3771 3777 3773 3779 
9325 3754 3779 3773 3781 
9326 3688 3770 3755 3779 
9327 137 3753 3777 3779 
9328 3679 137 3777 3779 
9329 3675 137 3679 3779 
9330 3675 3687 137 3779 
9331 3697 3693 3692 3782 
9332 3726 3704 3703 3775 
9333 3704 3774 3703 3775 
9334 3707 3699 3696 3782 
9335 3718 3707 3717 3783 
9336 3714 3774 3701 3782 
9337 3705 3700 3693 3782 
9338 3701 3693 3700 3782 
9339 3708 3782 3697 3783 
9340 3714 3696 3702 3782 
9341 3699 3694 3782 3783 
9342 3713 3693 3701 3774 
9343 3714 3701 3700 3782 
9344 3702 3695 3774 3782 
9345 3698 3782 3694 3783 
9346 3735 3720 3722 3784 
9347 3722 3784 3712 3785 
9348 3704 3695 3692 3774 
9349 3720 3709 3710 3784 
9350 3734 3731 3719 3784 
9351 3733 3712 3706 3784 
9352 3708 3705 3693 3782 
9353 3723 3701 3714 3774 
9354 3693 3774 3692 3782 
9355 3698 3695 3694 3782 
9356 3707 3782 3705 3783 
9357 3713 3703 3774 3775 
9358 3728 3724 3715 3775 
9359 3714 3700 3696 3782 
9360 3698 3697 3782 3783 
9361 3698 3697 3692 3782 
9362 3715 3695 3704 3774 
9363 3719 3783 3709 3784 
9364 3715 3774 3704 3775 
9365 3707 3700 3705 3782 
9366 3702 3694 3695 3782 
9367 3708 3693 3697 3782 
9368 3713 3703 3693 3774 
9369 3724 3714 3702 3774 
9370 3718 3699 3707 3783 
9371 3727 3704 3726 3775 
9372 3711 3694 3699 3783 
9373 3709 3697 3698 3783 
9374 3723 3713 3701 3774 
9375 3735 3734 3784 3785 
9376 3742 3722 3712 3785 
9377 3732 3784 3730 3785 
9378 3735 3734 3720 3784 
9379 3717 3707 3705 3783 
9380 3702 3696 3694 3782 
9381 3704 3692 3703 3774 
9382 3707 3699 3782 3783 
9383 3729 3713 3723 3775 
9384 3719 3708 3709 3783 
9385 3714 3702 3774 3782 
9386 3731 3716 3719 3784 
9387 3767 3723 3724 3775 
9388 3677 139 3691 3765 
9389 3711 3710 3783 3784 
9390 3717 3705 3716 3783 
9391 3695 3692 3774 3782 
9392 3709 3708 3697 3783 
9393 3699 3694 3696 3782 
9394 3708 3705 3782 3783 
9395 3727 3775 3726 3776 
9396 2465 3728 2462 3727 
9397 3719 3716 3708 3783 
9398 3733 3712 3784 3785 
9399 3731 3730 3716 3784 
9400 3711 3699 3706 3784 
9401 3716 3705 3708 3783 
9402 3718 3783 3717 3784 
9403 3733 3718 3732 3784 
9404 3724 3774 3715 3775 
9405 3710 3709 3698 3783 
9406 3759 3742 3721 3780 
9407 3739 3736 3780 3785 
9408 3728 3715 3727 3775 
9409 3733 3721 3712 3785 
9410 3749 3741 3743 3780 
9411 3729 3725 3713 3775 
9412 2464 3686 3729 3725 
9413 3767 3729 3775 3776 
9414 3718 3706 3699 3784 
9415 2465 64 2464 3776 
9416 3726 3775 3725 3776 
9417 2465 3728 3727 3776 
9418 62 3729 3767 3776 
9419 3742 3712 3721 3785 
9420 63 2465 3767 3728 
9421 2465 2462 2463 3727 
9422 3722 3711 3712 3784 
9423 3711 3710 3694 3783 
9424 3767 3729 3723 3775 
9425 3724 3723 3714 3774 
9426 3726 3703 3725 3775 
9427 3738 3730 3731 3785 
9428 3725 3703 3713 3775 
9429 3743 3735 3742 3785 
9430 3737 3731 3734 3785 
9431 3738 3731 3737 3785 
9432 3733 3784 3732 3785 
9433 3743 3742 3780 3785 
9434 3730 3717 3716 3784 
9435 3747 3739 3736 3780 
9436 3720 3719 3709 3784 
9437 3735 3784 3722 3785 
9438 3751 3743 3742 3780 
9439 3707 3696 3700 3782 
9440 3739 3733 3732 3785 
9441 3745 3738 3737 3780 
9442 3747 3736 3746 3780 
9443 3746 3736 3738 3780 
9444 3767 3724 3728 3775 
9445 3710 3698 3694 3783 
9446 3739 3732 3736 3785 
9447 3731 3730 3784 3785 
9448 3711 3783 3699 3784 
9449 3738 3736 3730 3785 
9450 3732 3717 3730 3784 
9451 2464 64 3686 3725 
9452 3741 3734 3735 3785 
9453 3710 3709 3783 3784 
9454 3734 3731 3784 3785 
9455 3734 3719 3720 3784 
9456 3740 3733 3739 3785 
9457 3740 3739 3780 3785 
9458 3748 3739 3747 3780 
9459 3740 3721 3733 3785 
9460 3722 3710 3711 3784 
9461 3749 3744 3741 3780 
9462 3744 3737 3741 3780 
9463 3750 3773 3778 3780 
9464 3748 3740 3739 3780 
9465 3764 3778 3763 3786 
9466 3742 3721 3780 3785 
9467 3762 3777 3753 3781 
9468 3765 3778 3764 3786 
9469 3743 3741 3735 3785 
9470 3689 3768 3690 3786 
9471 3741 3780 3737 3785 
9472 3773 3778 3780 3781 
9473 3766 3772 3763 3778 
9474 3756 3746 3755 3773 
9475 3761 3778 3752 3780 
9476 3778 3769 3750 3766 
9477 3760 3750 3778 3780 
9478 3752 3743 3751 3780 
9479 3743 3780 3741 3785 
9480 3758 3748 3757 3769 
9481 3750 3748 3773 3780 
9482 3750 3740 3748 3780 
9483 3754 3753 3779 3781 
9484 3750 3748 3769 3773 
9485 3745 3737 3744 3780 
9486 3754 3745 3744 3781 
9487 3745 3780 3744 3781 
9488 3771 3773 3777 3778 
9489 3681 3763 3772 3786 
9490 3773 3777 3778 3781 
9491 3755 3746 3745 3773 
9492 3760 3759 3750 3780 
9493 3684 141 3688 3770 
9494 3759 3721 3740 3780 
9495 3717 3783 3716 3784 
9496 3759 3740 3750 3780 
9497 3738 3737 3780 3785 
9498 3773 3778 3769 3750 
9499 141 142 3757 3769 
9500 3676 3681 3772 3786 
9501 3679 137 3678 3777 
9502 3677 139 3765 3777 
9503 3770 3771 3773 3779 
9504 139 3678 3762 3777 
9505 3759 3751 3742 3780 
9506 3762 3749 3752 3781 
9507 3677 3676 3777 3786 
9508 3688 3755 3687 3779 
9509 3685 142 141 3769 
9510 142 3758 3757 3769 
9511 3745 3773 3780 3781 
9512 3675 3683 3684 3771 
9513 3753 3777 3779 3781 
9514 3742 3735 3722 3785 
9515 3755 3745 3754 3773 
9516 3684 3771 3770 3779 
9517 3754 3744 3753 3781 
9518 3761 3752 3751 3780 
9519 3748 3747 3773 3780 
9520 3701 3774 3693 3782 
9521 3755 3773 3754 3779 
9522 64 3726 3725 3776 
9523 3712 3711 3706 3784 
9524 3752 3749 3743 3780 
9525 3678 3753 3762 3777 
9526 3685 141 3684 3770 
9527 3772 3778 3777 3786 
9528 3685 3769 3771 3772 
9529 137 3687 3754 3779 
9530 3756 3747 3746 3773 
9531 3676 3681 3682 3772 
9532 3675 3679 3771 3779 
9533 3758 3750 3748 3769 
9534 3681 3766 140 3772 
9535 3698 3692 3695 3782 
9536 3703 3692 3693 3774 
9537 3684 3770 3688 3779 
9538 3757 3756 3770 3773 
9539 3688 3756 3755 3770 
9540 141 3757 3756 3770 
9541 3761 3759 3760 3780 
9542 3675 3688 3687 3779 
9543 3761 3751 3759 3780 
9544 3757 3770 3769 3773 
9545 3691 3690 3768 3786 
9546 3741 3737 3734 3785 
9547 3736 3732 3730 3785 
9548 3675 3771 3684 3779 
9549 3753 3744 3749 3781 
9550 3763 3778 3772 3786 
9551 3764 3760 3763 3778 
9552 3764 3761 3760 3778 
9553 3677 3768 3676 3786 
9554 3765 3761 3764 3778 
9555 3738 3780 3736 3785 
9556 3722 3720 3710 3784 
9557 3757 3748 3747 3773 
9558 3681 3689 3766 3763 
9559 139 3762 3765 3777 
9560 3769 3770 3771 3773 
9561 3765 3777 3762 3778 
9562 3769 3773 3771 3778 
9563 141 3756 3688 3770 
9564 3740 3780 3721 3785 
9565 137 3753 3678 3777 
9566 3675 3684 3688 3779 
9567 3766 3769 3772 3778 
9568 3681 3763 3766 3772 
9569 3746 3738 3745 3780 
9570 3690 3764 3763 3786 
9571 3685 3684 3683 3771 
9572 3724 3702 3715 3774 
9573 3691 3764 3690 3786 
9574 3681 3689 3763 3786 
9575 3677 3777 3765 3786 
9576 3691 3765 3764 3786 
9577 3765 3752 3761 3778 
9578 3677 3765 3691 3786 
9579 3755 3770 3773 3779 
9580 3766 3763 3760 3778 
9581 3689 3690 3763 3786 
9582 2465 62 3767 3776 
9583 63 2462 2465 3728 
9584 62 2464 3729 3776 
9585 62 2464 3686 3729 
9586 3729 3725 3775 3776 
9587 2464 3725 3729 3776 
9588 2463 3727 3726 3776 
9589 3727 3715 3704 3775 
9590 3682 3685 3683 3771 
9591 2465 2464 62 3776 
9592 3733 3706 3718 3784 
9593 3719 3716 3783 3784 
9594 2465 3767 3728 3776 
9595 2465 2463 64 3776 
9596 3761 3760 3778 3780 
9597 3766 3760 3750 3778 
9598 63 2465 62 3767 
9599 3685 3681 140 3772 
9600 3681 3689 140 3766 
9601 3675 138 3683 3771 
9602 3718 3699 3783 3784 
9603 3682 3681 3685 3772 
9604 3765 3777 3778 3786 
9605 140 3766 3769 3772 
9606 3682 3685 3771 3772 
9607 3681 3768 3689 3786 
9608 3752 3749 3780 3781 
9609 3676 3768 3681 3786 
9610 3676 3682 3771 3772 
9611 3676 138 3679 3777 
9612 3680 3678 139 3777 
9613 3762 3753 3749 3781 
9614 3680 3676 3679 3777 
9615 3676 3772 3777 3786 
9616 3747 3746 3773 3780 
9617 3680 3679 3678 3777 
9618 3677 3691 3768 3786 
9619 3677 3680 139 3777 
9620 3715 3702 3695 3774 
9621 3749 3744 3780 3781 
9622 137 3754 3753 3779 
9623 3757 3747 3756 3773 
9624 3679 138 3771 3777 
9625 3685 140 142 3769 
9626 3732 3718 3717 3784 
9627 3676 3771 138 3777 
9628 3868 3885 3886 3887 
9629 3863 3855 3886 3885 
9630 3864 3859 3886 3885 
9631 3856 3886 3852 3888 
9632 3858 3887 3886 3889 
9633 3859 3886 3885 3889 
9634 3809 3878 3877 3890 
9635 3873 3885 3887 3891 
9636 3801 3884 3800 3892 
9637 3885 3880 3867 3891 
9638 3858 3854 3849 3887 
9639 3855 3851 3886 3885 
9640 3873 3891 3887 3893 
9641 3887 3891 3889 3893 
9642 3880 3867 3864 3885 
9643 3810 3878 3809 3892 
9644 3863 3886 3855 3888 
9645 3886 3887 3885 3889 
9646 2569 3842 3841 3894 
9647 75 3883 3839 3894 
9648 2572 3883 75 3894 
9649 3841 3840 3894 3895 
9650 2571 3839 3843 3894 
9651 3883 3894 3840 3895 
9652 3796 3789 3896 3897 
9653 3789 3800 3896 3897 
9654 3787 3884 3890 3896 
9655 3898 3896 3897 3899 
9656 3796 3897 3896 3899 
9657 3787 3896 3890 3899 
9658 3892 3896 3897 3898 
9659 3810 3809 3884 3892 
9660 3890 3892 3891 3898 
9661 3809 3890 3884 3892 
9662 3810 3875 3892 3900 
9663 3896 3890 3898 3892 
9664 3796 144 3897 3901 
9665 3892 3898 3897 3902 
9666 3805 3902 3897 3903 
9667 144 3798 3897 3901 
9668 3893 3901 3904 3905 
9669 3861 3893 3904 3905 
9670 3866 3889 3865 3904 
9671 73 2571 3807 3843 
9672 3812 3904 3865 3906 
9673 145 3866 3812 3904 
9674 3791 3901 3904 3906 
9675 3899 3890 3898 3896 
9676 3790 3798 3901 3903 
9677 3798 3897 3901 3903 
9678 3889 3901 3898 3906 
9679 3794 3901 3899 3905 
9680 144 3798 3799 3897 
9681 3791 3904 3812 3906 
9682 146 3906 3867 3907 
9683 3790 3797 3903 3906 
9684 146 3811 3867 3906 
9685 3811 3812 3865 3906 
9686 3809 3878 3890 3892 
9687 3796 3899 3794 3901 
9688 3796 3897 3899 3901 
9689 3788 3796 3896 3899 
9690 3869 3899 3893 3905 
9691 3877 3874 3890 3893 
9692 3862 3887 3861 3893 
9693 3878 3877 3890 3891 
9694 3871 3887 3862 3893 
9695 3873 3887 3871 3893 
9696 3893 3899 3898 3901 
9697 3793 3899 3869 3905 
9698 3861 3893 3889 3904 
9699 143 3890 3874 3899 
9700 3897 3898 3899 3901 
9701 143 3874 3869 3899 
9702 145 3795 3861 3904 
9703 3793 3869 3792 3905 
9704 3790 3797 3798 3903 
9705 3867 3865 3859 3889 
9706 3795 3791 3794 3905 
9707 3792 3869 3861 3905 
9708 3803 3882 148 3907 
9709 3889 3906 3898 3907 
9710 3898 3906 3903 3907 
9711 3898 3903 3902 3907 
9712 3867 3906 3889 3907 
9713 3889 3898 3891 3907 
9714 146 3867 3880 3907 
9715 3803 146 3880 3907 
9716 3802 3881 3900 3907 
9717 3838 3820 3831 3908 
9718 3820 3814 3908 3909 
9719 3837 3828 3830 3908 
9720 3823 3815 3814 3909 
9721 3833 3824 3823 3909 
9722 3827 3817 3813 3909 
9723 3830 3825 3816 3909 
9724 3835 3826 3818 3910 
9725 3838 3830 3820 3908 
9726 3823 3814 3820 3909 
9727 3841 3821 3829 3895 
9728 3830 3908 3828 3909 
9729 3843 3831 3822 3895 
9730 3822 3814 3813 3908 
9731 3856 3852 3848 3888 
9732 3834 3833 3816 3909 
9733 3890 3891 3893 3898 
9734 3835 3818 3827 3910 
9735 3850 3844 3826 3910 
9736 3834 3825 3826 3909 
9737 3834 3909 3826 3910 
9738 3845 3832 3824 3910 
9739 3823 3819 3815 3909 
9740 3857 3835 3836 3910 
9741 3787 3788 3896 3899 
9742 3829 3895 3821 3908 
9743 3823 3820 3816 3909 
9744 3857 3888 3850 3910 
9745 3847 3832 3845 3910 
9746 3831 3814 3822 3908 
9747 3836 3827 3832 3910 
9748 3830 3820 3908 3909 
9749 3824 3819 3823 3909 
9750 3855 3851 3850 3888 
9751 3829 3821 3828 3908 
9752 3828 3821 3813 3908 
9753 3838 3895 3837 3908 
9754 3827 3819 3824 3909 
9755 3838 3831 3895 3908 
9756 3833 3823 3816 3909 
9757 3883 3837 3838 3895 
9758 3834 3816 3825 3909 
9759 3843 3822 3842 3895 
9760 3827 3909 3824 3910 
9761 3839 3838 3831 3895 
9762 3826 3909 3818 3910 
9763 3843 3839 3831 3895 
9764 3840 3829 3837 3895 
9765 3842 3822 3821 3895 
9766 3828 3908 3813 3909 
9767 3837 3895 3829 3908 
9768 2572 3841 2570 3840 
9769 2572 3841 3840 3894 
9770 3832 3827 3824 3910 
9771 3832 3824 3827 3819 
9772 73 3843 3842 3894 
9773 3828 3817 3825 3909 
9774 3830 3816 3820 3909 
9775 3852 3849 3846 3888 
9776 3827 3818 3817 3909 
9777 3836 3835 3827 3910 
9778 3846 3845 3824 3910 
9779 3826 3825 3818 3909 
9780 3857 3836 3847 3910 
9781 3874 3890 3893 3899 
9782 3856 3848 3844 3888 
9783 3850 3826 3835 3910 
9784 3800 3892 3896 3897 
9785 3831 3822 3895 3908 
9786 2569 73 3842 3894 
9787 3883 3839 3894 3895 
9788 2572 75 2571 3894 
9789 3846 3824 3833 3910 
9790 2572 74 3883 3840 
9791 3883 3838 3839 3895 
9792 2572 74 75 3883 
9793 3837 3829 3828 3908 
9794 3844 3834 3826 3910 
9795 3842 3841 3894 3895 
9796 3857 3847 3888 3910 
9797 2571 3807 3843 3839 
9798 2572 2571 73 3894 
9799 2569 2572 73 3894 
9800 3852 3846 3848 3888 
9801 3853 3845 3849 3888 
9802 3857 3850 3835 3910 
9803 3833 3824 3909 3910 
9804 3827 3818 3909 3910 
9805 3850 3888 3844 3910 
9806 3898 3901 3903 3906 
9807 3809 3808 3884 3890 
9808 3800 3900 3892 3902 
9809 3806 3900 3800 3902 
9810 3847 3836 3832 3910 
9811 3858 3849 3852 3886 
9812 3868 3886 3860 3887 
9813 3846 3888 3845 3910 
9814 3864 3856 3851 3886 
9815 3864 3859 3856 3886 
9816 3853 3886 3849 3887 
9817 3859 3852 3856 3886 
9818 3871 3868 3860 3887 
9819 3860 3886 3853 3887 
9820 3863 3850 3857 3888 
9821 3848 3844 3888 3910 
9822 3860 3847 3853 3888 
9823 3876 3864 3851 3885 
9824 3804 3802 3902 3907 
9825 3848 3834 3844 3910 
9826 3861 3887 3889 3893 
9827 3830 3828 3825 3909 
9828 3868 3863 3857 3888 
9829 3868 3857 3860 3888 
9830 2569 2570 2572 3841 
9831 3873 3872 3885 3891 
9832 3889 3893 3891 3898 
9833 3874 3893 3869 3899 
9834 3858 3849 3886 3887 
9835 3866 3858 3865 3889 
9836 3856 3844 3851 3888 
9837 3860 3857 3847 3888 
9838 3873 3868 3871 3887 
9839 3864 3886 3851 3885 
9840 3860 3853 3886 3888 
9841 3870 3855 3863 3885 
9842 3847 3845 3888 3910 
9843 3858 3854 3887 3889 
9844 3851 3844 3850 3888 
9845 3878 3891 3890 3892 
9846 3848 3846 3833 3910 
9847 3868 3860 3886 3888 
9848 3866 3861 3889 3904 
9849 3862 3860 3853 3887 
9850 3852 3886 3849 3888 
9851 3841 3829 3840 3895 
9852 3869 3893 3861 3905 
9853 3867 3891 3889 3885 
9854 2571 75 3807 3839 
9855 3854 3853 3849 3887 
9856 3875 3891 3892 3900 
9857 3871 3860 3862 3887 
9858 3814 3813 3908 3909 
9859 3795 3792 3861 3905 
9860 3877 3890 3891 3893 
9861 3897 3902 3898 3903 
9862 3867 3865 3889 3906 
9863 3866 3854 3858 3889 
9864 3880 3885 3876 3891 
9865 3889 3893 3898 3901 
9866 3812 3866 3865 3904 
9867 3897 3898 3901 3903 
9868 3867 3859 3864 3885 
9869 3868 3886 3863 3888 
9870 3861 3887 3854 3889 
9871 3876 3851 3855 3885 
9872 3804 3903 3797 3907 
9873 3853 3849 3886 3888 
9874 3872 3870 3885 3891 
9875 3876 3885 3870 3891 
9876 3867 3859 3885 3889 
9877 3872 3870 3863 3885 
9878 3866 3861 3854 3889 
9879 3885 3889 3887 3891 
9880 3791 3790 3901 3906 
9881 3893 3899 3901 3905 
9882 3800 3799 3805 3897 
9883 3797 3811 146 3906 
9884 3797 3906 146 3907 
9885 3868 3863 3886 3885 
9886 3811 3865 3867 3906 
9887 3881 3891 3900 3907 
9888 3889 3893 3901 3904 
9889 3804 3902 3903 3907 
9890 3856 3851 3886 3888 
9891 3872 3863 3868 3885 
9892 3790 3903 3901 3906 
9893 3873 3885 3868 3887 
9894 3862 3853 3854 3887 
9895 3831 3820 3814 3908 
9896 3863 3855 3850 3888 
9897 143 3869 3793 3899 
9898 3795 3904 3791 3905 
9899 3819 3813 3815 3909 
9900 3796 3794 144 3901 
9901 3876 3855 3870 3885 
9902 3907 3891 3889 3867 
9903 147 3802 3879 3900 
9904 3881 3891 3879 3900 
9905 3879 3875 3810 3900 
9906 3853 3847 3845 3888 
9907 3877 3891 3873 3893 
9908 3879 3876 3870 3891 
9909 3855 3886 3851 3888 
9910 3822 3813 3821 3908 
9911 3877 3873 3871 3893 
9912 3804 3902 3805 3903 
9913 143 3787 3808 3890 
9914 3808 3877 3874 3890 
9915 3815 3813 3814 3909 
9916 3873 3872 3868 3885 
9917 3874 3862 3869 3893 
9918 3879 3870 3875 3891 
9919 3796 144 3789 3897 
9920 3793 3794 3899 3905 
9921 147 3879 3810 3900 
9922 145 3812 3791 3904 
9923 3859 3858 3852 3886 
9924 143 3808 3874 3890 
9925 3865 3858 3859 3889 
9926 3874 3871 3862 3893 
9927 3889 3904 3901 3906 
9928 3859 3858 3886 3889 
9929 3810 3875 3878 3892 
9930 3802 3881 3879 3900 
9931 3801 3810 3892 3900 
9932 3878 3872 3873 3891 
9933 3891 3898 3902 3907 
9934 3798 3805 3799 3897 
9935 3878 3875 3872 3891 
9936 3882 3876 3881 3891 
9937 3788 3800 3884 3896 
9938 3884 3892 3890 3896 
9939 3809 3877 3808 3890 
9940 3801 3892 3800 3900 
9941 3803 3880 3882 3907 
9942 3878 3873 3877 3891 
9943 3802 3900 3902 3907 
9944 3804 148 3802 3907 
9945 3797 3812 3811 3906 
9946 3865 3904 3889 3906 
9947 3869 3862 3861 3893 
9948 3882 3880 3876 3891 
9949 3801 3806 147 3900 
9950 3891 3902 3900 3907 
9951 2571 75 3839 3894 
9952 2569 3841 2572 3894 
9953 3843 3894 3839 3895 
9954 3849 3845 3846 3888 
9955 2572 3840 3883 3894 
9956 3822 3821 3895 3908 
9957 2572 2570 74 3840 
9958 73 2571 3843 3894 
9959 3838 3837 3830 3908 
9960 3834 3833 3909 3910 
9961 3843 3842 3894 3895 
9962 3798 3797 3804 3903 
9963 3800 3892 3897 3902 
9964 3800 3897 3805 3902 
9965 3804 3802 3806 3902 
9966 3804 3803 148 3907 
9967 3881 3876 3879 3891 
9968 3804 146 3803 3907 
9969 3891 3880 3867 3907 
9970 3882 3891 3881 3907 
9971 144 3799 3789 3897 
9972 3804 3797 146 3907 
9973 3880 3864 3876 3885 
9974 145 3861 3866 3904 
9975 3806 3802 147 3900 
9976 144 3790 3798 3901 
9977 143 3792 3793 3869 
9978 3789 3799 3800 3897 
9979 3804 3806 3805 3902 
9980 3787 3788 3884 3896 
9981 3806 3800 3805 3902 
9982 3891 3898 3892 3902 
9983 3801 3800 3806 3900 
9984 3800 3892 3884 3896 
9985 3791 3904 3901 3905 
9986 3806 3802 3900 3902 
9987 3791 3812 3797 3906 
9988 3879 3891 3875 3900 
9989 3802 148 3881 3907 
9990 145 3791 3795 3904 
9991 3791 3797 3790 3906 
9992 3877 3871 3874 3893 
9993 3793 3794 3796 3899 
9994 3798 3805 3897 3903 
9995 143 3793 3787 3899 
9996 3875 3870 3872 3891 
9997 3787 3793 3796 3899 
9998 3862 3854 3861 3887 
9999 3801 147 3810 3900 
10000 3795 3861 3904 3905 
10001 3883 3840 3837 3895 
10002 3788 3796 3789 3896 
10003 3795 3794 3793 3905 
10004 3787 3796 3788 3899 
10005 143 3787 3890 3899 
10006 3795 3793 3792 3905 
10007 3882 3880 3891 3907 
10008 3890 3893 3899 3898 
10009 3794 3790 144 3901 
10010 3787 3884 3808 3890 
10011 3848 3888 3846 3910 
10012 3801 3810 3884 3892 
10013 148 3882 3881 3907 
10014 3791 3790 3794 3901 
10015 3891 3892 3900 3902 
10016 3825 3817 3818 3909 
10017 3827 3813 3819 3909 
10018 3828 3813 3817 3909 
10019 3791 3901 3794 3905 
10020 3842 3821 3841 3895 
10021 3798 3804 3805 3903 
10022 3797 3903 3906 3907 
10023 3878 3875 3891 3892 
10024 3788 3789 3800 3896 
10025 3848 3833 3834 3910 
10026 145 3795 3792 3861 
10027 72 3959 2567 4006 
10028 3930 3929 3928 4007 
10029 4008 3962 4009 4004 
10030 2567 4006 3959 4008 
10031 2566 3960 72 4006 
10032 2568 3962 4006 4008 
10033 2566 3961 3960 4006 
10034 3955 4010 3950 4011 
10035 3964 4011 3953 4012 
10036 3953 4011 3945 4012 
10037 3968 4012 3956 4013 
10038 3968 3956 3954 4013 
10039 150 3918 3919 4014 
10040 3923 3992 3991 4015 
10041 3955 4011 3950 4013 
10042 3970 3954 3955 4013 
10043 3912 4005 4014 4016 
10044 3918 4014 4005 4017 
10045 3911 149 3915 4018 
10046 3977 4019 3975 4020 
10047 3988 3985 3977 4019 
10048 3987 4019 3983 4020 
10049 3987 3983 4012 4020 
10050 4019 4021 4022 4023 
10051 3979 4020 4019 4022 
10052 3985 3979 3975 4019 
10053 3988 4019 4021 4022 
10054 3988 4022 4021 4024 
10055 3916 151 4016 4025 
10056 3961 3960 4006 4009 
10057 3915 4014 4018 4025 
10058 3915 4018 3914 4025 
10059 151 3914 3998 4025 
10060 3962 3961 4006 4009 
10061 2567 3959 3922 4008 
10062 70 2567 3922 4008 
10063 71 4004 3962 4008 
10064 70 4004 71 4008 
10065 149 4015 3991 4018 
10066 3911 4015 4018 4026 
10067 3998 4018 4024 4025 
10068 4002 4024 4016 4025 
10069 149 3990 3914 4018 
10070 3914 4018 3998 4025 
10071 3921 4027 4026 4028 
10072 3994 4023 4027 4028 
10073 3921 153 4027 4028 
10074 153 3994 4027 4028 
10075 3920 153 3924 4027 
10076 3991 4015 4022 4024 
10077 4015 4024 4018 4026 
10078 4015 4023 4024 4026 
10079 3989 4019 4020 4023 
10080 3991 4022 3990 4024 
10081 3920 3924 3923 4015 
10082 3911 3923 149 4015 
10083 4014 4016 4017 4021 
10084 3992 4022 4015 4023 
10085 3993 4023 3992 4027 
10086 3921 4014 4017 4028 
10087 4014 4026 4021 4028 
10088 4014 4024 4021 4026 
10089 3924 3992 4015 4027 
10090 3911 4015 149 4018 
10091 70 3963 4004 4008 
10092 3921 3920 4026 4027 
10093 3939 3928 3938 4029 
10094 3936 4029 3933 4007 
10095 3961 3949 3939 4009 
10096 3937 3932 4029 4007 
10097 3931 4010 3930 4007 
10098 3955 3943 3944 4010 
10099 3947 3933 3936 4029 
10100 3946 3942 4010 4011 
10101 3956 3946 3954 4011 
10102 3931 3930 3928 4007 
10103 3947 3929 3933 4029 
10104 3946 4010 3931 4007 
10105 3948 3936 3940 4007 
10106 3933 4029 3929 4007 
10107 3949 3939 4009 4029 
10108 3948 3937 4029 4007 
10109 3957 4009 3947 4029 
10110 3925 3926 4000 4005 
10111 3953 3952 3942 4011 
10112 3949 3937 3932 4029 
10113 3957 3936 3948 4029 
10114 3963 3947 3957 4009 
10115 3948 3935 3937 4007 
10116 3958 3949 4009 4029 
10117 3944 4010 3943 4007 
10118 2568 4006 2567 4008 
10119 3948 3943 3935 4007 
10120 3952 3951 3941 4011 
10121 3932 3928 4029 4007 
10122 3933 3930 4010 4007 
10123 3942 3941 4010 4011 
10124 3966 3950 3951 4013 
10125 3951 3940 3941 4010 
10126 3958 3937 3949 4029 
10127 3942 3930 3931 4010 
10128 3967 3966 3951 4013 
10129 3966 3965 3950 4013 
10130 3967 4012 3966 4013 
10131 3951 3950 4010 4011 
10132 3935 3931 3932 4007 
10133 3967 3951 4011 4013 
10134 3955 3944 3950 4010 
10135 3955 3954 3943 4010 
10136 3956 3934 3946 4011 
10137 3944 3940 4010 4007 
10138 3948 3944 3943 4007 
10139 3987 4012 3984 4020 
10140 3974 3945 3956 4012 
10141 3956 4011 3954 4013 
10142 3950 3944 3940 4010 
10143 3960 3939 3938 4009 
10144 3962 3958 3949 4009 
10145 4008 4009 4006 3959 
10146 2568 3961 2566 4006 
10147 3946 3934 3942 4011 
10148 3978 3968 3970 4012 
10149 3974 3969 3945 4012 
10150 3972 3966 3967 4012 
10151 3956 3945 4011 4012 
10152 3953 3942 3934 4011 
10153 3951 4010 3941 4011 
10154 3946 3931 3935 4007 
10155 3951 3950 3940 4010 
10156 3971 3967 3964 4012 
10157 3973 3965 3966 4012 
10158 3967 4011 4012 4013 
10159 3955 3954 4011 4013 
10160 3952 3941 3942 4011 
10161 3941 3933 3930 4010 
10162 3954 3946 3943 4010 
10163 3959 3963 4008 4009 
10164 3961 3939 3960 4009 
10165 3967 4011 3964 4012 
10166 3970 3955 3965 4013 
10167 3948 3940 3944 4007 
10168 72 3922 2567 3959 
10169 3965 3955 3950 4013 
10170 3970 4012 3968 4013 
10171 3970 3968 3954 4013 
10172 3953 3934 3945 4011 
10173 3951 3950 4011 4013 
10174 3946 3935 3943 4007 
10175 3970 3965 4012 4013 
10176 3946 3943 4010 4007 
10177 3976 3965 3973 4012 
10178 3974 3956 3968 4012 
10179 3966 4012 3965 4013 
10180 3978 3970 3976 4012 
10181 3949 3932 3939 4029 
10182 4004 3957 3958 4009 
10183 3958 4009 3957 4029 
10184 3937 3935 3932 4007 
10185 3984 3968 3978 4012 
10186 3960 3938 3959 4009 
10187 3962 3949 3961 4009 
10188 4004 3963 3957 4009 
10189 2568 3962 3961 4006 
10190 71 3962 2568 4008 
10191 3954 3946 4010 4011 
10192 3922 3959 3963 4008 
10193 3972 3967 3971 4012 
10194 3958 3957 3948 4029 
10195 3933 3929 3930 4007 
10196 2568 2566 72 4006 
10197 70 3922 3963 4008 
10198 3960 3959 4006 4009 
10199 70 2568 2567 4008 
10200 4004 3958 3962 4009 
10201 3955 3954 4010 4011 
10202 3981 3972 3980 4020 
10203 3964 3952 3953 4011 
10204 4002 3998 4024 4025 
10205 3996 3988 4019 4021 
10206 3980 3971 3979 4020 
10207 3981 3973 3972 4020 
10208 4021 4022 4023 4024 
10209 3982 3973 3981 4020 
10210 3911 4018 4014 4026 
10211 3979 3975 4019 4020 
10212 3985 3975 3977 4019 
10213 3997 3996 4019 4021 
10214 4001 4005 4016 4017 
10215 3991 3990 4018 4024 
10216 3975 3971 4012 4020 
10217 4015 4023 4022 4024 
10218 3988 3977 3983 4019 
10219 3947 4009 3938 4029 
10220 3973 4012 3972 4020 
10221 3992 3980 4022 4023 
10222 3980 4020 3979 4022 
10223 3980 3972 3971 4020 
10224 3998 3990 4022 4024 
10225 3991 3979 3990 4022 
10226 3977 3975 4012 4020 
10227 3992 3980 3991 4022 
10228 3994 3986 3982 4023 
10229 3985 3979 4019 4022 
10230 3998 4022 3988 4024 
10231 4019 4022 4020 4023 
10232 3983 3977 3974 4012 
10233 3917 4005 3925 4017 
10234 3979 3971 3975 4020 
10235 3997 3996 3987 4019 
10236 3989 4020 3986 4023 
10237 3978 4012 3976 4020 
10238 152 3925 4003 4017 
10239 3982 3976 3973 4020 
10240 3967 3952 3964 4011 
10241 3976 4012 3973 4020 
10242 3986 3978 3976 4020 
10243 3999 3989 3986 4023 
10244 3988 3985 4019 4022 
10245 3993 3982 3981 4023 
10246 3911 150 3919 4014 
10247 3977 3975 3969 4012 
10248 3981 4020 3980 4023 
10249 3989 3978 3986 4020 
10250 3927 4001 3926 4005 
10251 4002 4001 4016 4021 
10252 3996 3983 3987 4019 
10253 3983 4019 3977 4020 
10254 3990 3979 3985 4022 
10255 3993 3981 3992 4023 
10256 3998 3985 3988 4022 
10257 3975 3964 3969 4012 
10258 3991 3980 3979 4022 
10259 3987 3983 3974 4012 
10260 4014 4024 4018 4025 
10261 3992 4023 4015 4027 
10262 3976 3970 3965 4012 
10263 3918 3921 4014 4017 
10264 3987 3984 4019 4020 
10265 3918 3921 3919 4014 
10266 3983 3977 4012 4020 
10267 3992 3981 3980 4023 
10268 3911 3915 4014 4018 
10269 4003 3989 3999 4021 
10270 3995 3996 3997 4021 
10271 3984 4012 3978 4020 
10272 3997 3984 3989 4019 
10273 4002 3995 4001 4021 
10274 3997 4019 3989 4021 
10275 3986 4020 3982 4023 
10276 3920 3924 4015 4027 
10277 151 4002 3927 4016 
10278 3927 4001 4005 4016 
10279 3980 4020 4022 4023 
10280 3921 3920 3919 4026 
10281 3916 4016 4014 4025 
10282 3914 3990 3998 4018 
10283 4014 4016 4021 4024 
10284 3938 3928 3929 4029 
10285 3987 3974 3984 4012 
10286 4015 4023 4026 4027 
10287 151 3998 4002 4025 
10288 3972 4012 3971 4020 
10289 4021 4026 4023 4028 
10290 154 3999 3994 4028 
10291 3916 3912 4014 4016 
10292 3911 3919 3920 4026 
10293 3921 3919 4014 4026 
10294 3921 153 3920 4027 
10295 4002 3996 3995 4021 
10296 4014 4018 4024 4026 
10297 3997 3987 3984 4019 
10298 3989 3984 3978 4020 
10299 4003 3995 3997 4021 
10300 3998 4018 3990 4024 
10301 3958 3948 3937 4029 
10302 3932 3931 3928 4007 
10303 4003 4017 4000 4021 
10304 3999 4021 3989 4023 
10305 4002 3988 4021 4024 
10306 3998 3990 3985 4022 
10307 4001 4000 4017 4021 
10308 4023 4026 4027 4028 
10309 3999 3986 3994 4023 
10310 3924 3992 3923 4015 
10311 3986 3976 3982 4020 
10312 153 3994 3993 4027 
10313 3911 3920 3923 4015 
10314 149 3923 3991 4015 
10315 4002 4021 4016 4024 
10316 3963 3959 3947 4009 
10317 3912 3918 150 4014 
10318 4003 3997 3989 4021 
10319 4002 3988 3996 4021 
10320 3926 4001 4000 4005 
10321 3921 154 153 4028 
10322 3973 3966 3972 4012 
10323 4001 4017 4016 4021 
10324 3916 4014 3915 4025 
10325 3918 4005 3917 4017 
10326 3982 4020 3981 4023 
10327 4021 4024 4023 4026 
10328 3999 4021 4023 4028 
10329 3913 4005 3912 4016 
10330 3999 4023 3994 4028 
10331 4014 4016 4024 4025 
10332 3929 4029 3928 4007 
10333 3989 4021 4019 4023 
10334 3925 4000 4003 4017 
10335 3992 3991 4015 4022 
10336 3925 4005 4000 4017 
10337 4001 4000 4005 4017 
10338 3927 4002 4001 4016 
10339 4001 3995 4000 4021 
10340 3913 3927 4005 4016 
10341 3918 3917 3921 4017 
10342 152 3999 154 4028 
10343 3911 3920 4015 4026 
10344 153 3993 3924 4027 
10345 3916 3914 151 4025 
10346 3942 3941 3930 4010 
10347 3939 3932 3928 4029 
10348 3975 3971 3964 4012 
10349 71 2565 2568 3962 
10350 70 71 2568 4008 
10351 2568 2565 2566 3961 
10352 153 154 3994 4028 
10353 4009 3963 4008 4004 
10354 3969 3953 3945 4012 
10355 3956 4012 4011 4013 
10356 4003 4017 4021 4028 
10357 3977 3969 3974 4012 
10358 3967 3951 3952 4011 
10359 2568 3962 2565 3961 
10360 3984 3974 3968 4012 
10361 72 3960 3959 4006 
10362 2568 72 2567 4006 
10363 3940 3933 4010 4007 
10364 4002 3998 3988 4024 
10365 4006 4008 3962 4009 
10366 3956 3945 3934 4011 
10367 3959 3938 3947 4009 
10368 4003 4021 3999 4028 
10369 3939 3938 4009 4029 
10370 3946 3942 3934 3931 
10371 3969 3964 3953 4012 
10372 3921 3917 152 4017 
10373 3912 4005 3918 4014 
10374 4014 4021 4017 4028 
10375 3917 3925 152 4017 
10376 152 4003 3999 4028 
10377 3911 4014 3919 4026 
10378 149 3991 3990 4018 
10379 3946 3942 3931 4010 
10380 3921 4026 4014 4028 
10381 3994 4023 3993 4027 
10382 3991 4018 4015 4024 
10383 3924 3993 3992 4027 
10384 3920 4015 4026 4027 
10385 3916 3912 3915 4014 
10386 4005 4014 4016 4017 
10387 3911 3915 150 4014 
10388 3921 152 154 4028 
10389 3912 150 3915 4014 
10390 151 4002 4016 4025 
10391 3989 4019 3984 4020 
10392 3915 149 3914 4018 
10393 152 4017 4003 4028 
10394 3921 4017 152 4028 
10395 3913 3916 151 4016 
10396 3941 3940 3933 4010 
10397 3957 3947 3936 4029 
10398 3947 3938 3929 4029 
10399 3996 3988 3983 4019 
10400 3940 3936 3933 4007 
10401 3948 4029 3936 4007 
10402 3913 3912 3916 4016 
10403 3994 3982 3993 4023 
10404 4003 4000 3995 4021 
10405 3913 151 3927 4016 
10406 3916 3915 3914 4025 
16249 5983 5984 5985 5986 
16250 5987 5983 5985 5988 
16251 3565 5989 5979 5990 
16252 269 5972 5958 5991 
16253 3568 5991 5990 5992 
16254 136 5896 269 5992 
16255 135 5973 5896 5992 
16256 5897 5985 266 5894 
16257 5914 5902 5898 5993 
16258 5969 5961 5986 5994 
16259 5892 5985 5984 5986 
16260 5983 5986 5988 5994 
16261 5988 5985 266 5897 
16262 5983 5987 5971 5988 
16263 5988 5987 5971 5895 
16264 5984 5995 5962 270 
16265 266 5897 5960 5988 
16266 266 5968 5895 5988 
16267 5908 5899 5902 5993 
16268 5918 5905 5906 5993 
16269 5919 5906 5907 5993 
16270 5903 5902 5900 5993 
16271 5922 5910 5900 5996 
16272 5899 5902 5900 5911 
16273 5923 5922 5911 5996 
16274 5914 5908 5902 5993 
16275 5925 5913 5909 5996 
16276 5993 5902 5900 5899 
16277 5913 5901 5899 5996 
16278 5907 5906 5900 5993 
16279 5909 5899 5900 5996 
16280 5914 5908 5993 5997 
16281 5917 5904 5903 5993 
16282 5911 5902 5903 5898 
16283 5917 5903 5905 5993 
16284 5903 5898 5902 5993 
16285 5918 5917 5905 5993 
16286 5893 5969 265 5984 
16287 5905 5903 5900 5993 
16288 5928 5904 5917 5997 
16289 5919 5918 5906 5993 
16290 5970 5962 5983 5984 
16291 5962 5983 5984 270 
16292 5926 5917 5918 5997 
16293 5919 5918 5993 5997 
16294 5920 5993 5908 5997 
16295 5931 5929 5919 5997 
16296 5915 5993 5904 5997 
16297 5940 5932 5921 5998 
16298 5933 5909 5910 5996 
16299 5915 5903 5904 5993 
16300 5934 5910 5922 5996 
16301 5932 5920 5908 5997 
16302 5927 5921 5914 5997 
16303 5920 5907 5899 5993 
16304 5911 5902 5901 5899 
16305 5922 5900 5911 5996 
16306 265 5969 5961 5986 
16307 5912 5911 5901 5996 
16308 5918 5917 5993 5997 
16309 5922 5903 5911 5900 
16310 5983 5986 5985 5988 
16311 5928 5916 5904 5997 
16312 5923 5911 5912 5996 
16313 5936 5924 5912 5999 
16314 5921 5908 5914 5997 
16315 5923 5996 5912 5999 
16316 5985 267 5987 5895 
16317 5932 5908 5921 5997 
16318 5929 5926 5997 5998 
16319 5925 5912 5913 5996 
16320 5929 5918 5919 5997 
16321 5927 5997 5916 5998 
16322 5893 264 263 5984 
16323 263 5962 5970 5984 
16324 5936 5913 5925 5912 
16325 5939 5921 5927 5998 
16326 5915 5914 5993 5997 
16327 5942 5916 5928 5998 
16328 5907 5900 5899 5993 
16329 5949 5932 5940 5998 
16330 5913 5899 5909 5996 
16331 5915 5898 5903 5993 
16332 5933 5925 5996 5999 
16333 5967 5964 6000 6001 
16334 5929 5926 5918 5997 
16335 5931 5919 5920 5997 
16336 5949 5943 5931 5998 
16337 5932 5931 5997 5998 
16338 5964 5953 6000 6001 
16339 5965 5954 5999 6000 
16340 5916 5915 5904 5997 
16341 5894 5895 267 5985 
16342 5938 5926 5937 5998 
16343 5920 5919 5993 5997 
16344 5965 5999 5955 6000 
16345 5959 5924 5936 5999 
16346 5928 5916 5997 5998 
16347 5954 5930 5999 6000 
16348 5943 5937 5998 6002 
16349 5932 5931 5920 5997 
16350 5928 5917 5926 5997 
16351 5893 263 5970 5984 
16352 5972 5953 5958 6001 
16353 5942 5928 5938 5998 
16354 5951 5999 5930 6000 
16355 5945 5940 5939 6002 
16356 5938 5928 5926 5998 
16357 5949 5943 5998 6002 
16358 5977 5967 6000 6001 
16359 5972 6000 5953 6001 
16360 5917 5904 5993 5997 
16361 5977 5967 5965 6000 
16362 5940 5921 5939 5998 
16363 5949 5998 5940 6002 
16364 5950 5945 5983 6002 
16365 5936 5925 5930 5999 
16366 5974 6000 5966 6001 
16367 5947 5944 5994 6002 
16368 5940 5998 5939 6002 
16369 5937 5926 5929 5998 
16370 5956 5942 5947 6002 
16371 5956 5941 5942 6002 
16372 5942 5941 5998 6002 
16373 5976 5974 5966 6001 
16374 5966 5955 5935 5999 
16375 5934 5933 5996 5999 
16376 5931 5929 5997 5998 
16377 5983 5984 5986 5994 
16378 5927 5915 5916 5997 
16379 5970 5984 5983 5994 
16380 5950 5940 5945 6002 
16381 5911 5902 5900 5903 
16382 5955 5934 5935 5999 
16383 5966 6000 5952 6001 
16384 5897 5986 5960 5988 
16385 5935 5934 5923 5999 
16386 5960 5988 5986 5994 
16387 5959 5952 5924 5999 
16388 5970 5983 5946 5994 
16389 5968 5983 5988 5994 
16390 5944 5938 5937 6002 
16391 5968 5983 5994 6002 
16392 5943 5929 5931 5998 
16393 5968 5957 5983 6002 
16394 5935 5923 5924 5999 
16395 5946 5983 5945 5994 
16396 5962 5945 5946 5983 
16397 5943 5937 5929 5998 
16398 5957 5948 5943 6002 
16399 5951 5936 5930 5999 
16400 5920 5919 5907 5993 
16401 5945 5994 5983 6002 
16402 265 5961 5897 5986 
16403 5947 5938 5944 6002 
16404 5949 5931 5932 5998 
16405 5961 5947 5944 5994 
16406 5948 5994 5944 6002 
16407 5957 5943 5949 6002 
16408 5911 5899 5901 5996 
16409 5972 5951 5953 6000 
16410 5946 5994 5945 6002 
16411 5969 5947 5961 5994 
16412 5961 5944 5960 5994 
16413 5947 5942 5938 6002 
16414 5948 5944 5937 6002 
16415 265 5984 5969 5986 
16416 5897 5961 5960 5986 
16417 5892 265 5897 5986 
16418 5969 5986 5984 5994 
16419 5957 5949 5950 6002 
16420 5932 5997 5921 5998 
16421 5946 5945 5939 6002 
16422 5970 5946 5956 5994 
16423 5963 5950 5945 5983 
16424 5936 5912 5925 5999 
16425 5894 5986 5897 5985 
16426 5956 5994 5946 6002 
16427 5965 5933 5955 5999 
16428 5924 5923 5912 5999 
16429 5894 5986 5892 5897 
16430 5968 5994 5948 6002 
16431 5968 5948 5957 6002 
16432 5971 5957 5950 5983 
16433 5950 5949 5940 6002 
16434 134 5964 3562 5991 
16435 5920 5899 5908 5993 
16436 5941 5927 5916 5998 
16437 3562 5964 5980 5991 
16438 5977 6000 5974 6001 
16439 134 269 5958 5991 
16440 5959 5936 5951 5999 
16441 5964 5958 5953 6001 
16442 5973 5959 5972 6000 
16443 5934 5933 5910 5996 
16444 3569 5989 3565 5990 
16445 5933 5925 5909 5996 
16446 5982 5978 5981 6001 
16447 5982 5989 5980 6001 
16448 5954 5925 5933 5999 
16449 5952 5935 5924 5999 
16450 5896 5972 269 5992 
16451 5976 5966 5975 6001 
16452 5956 5946 5941 6002 
16453 5965 5954 5933 5999 
16454 269 5972 5991 5992 
16455 5967 5954 5965 6000 
16456 5970 5962 5946 5983 
16457 5971 5968 5957 5983 
16458 5966 5935 5952 5999 
16459 5972 5991 5992 6001 
16460 5990 5992 5991 6001 
16461 5974 5955 5966 6000 
16462 5973 5952 6000 6001 
16463 5910 5909 5900 5996 
16464 5973 5952 5959 6000 
16465 5969 5956 5947 5994 
16466 5968 5988 5960 5994 
16467 266 5895 5894 5985 
16468 5980 5989 5991 6001 
16469 3564 5981 3565 5989 
16470 3564 3563 5982 5989 
16471 5954 5953 5930 6000 
16472 3565 5979 3566 5990 
16473 136 269 5991 5992 
16474 134 5958 5964 5991 
16475 5966 5999 5952 6000 
16476 5983 5963 5987 270 
16477 5967 5964 5954 6000 
16478 5966 5955 5999 6000 
16479 3563 3562 5980 5989 
16480 268 267 5987 270 
16481 134 136 269 5991 
16482 5963 5945 5962 5983 
16483 5964 5991 5958 6001 
16484 5975 5966 5952 6001 
16485 3562 5980 5989 5991 
16486 5896 5973 5972 5992 
16487 3568 136 5991 5992 
16488 5957 5950 5983 6002 
16489 5934 5922 5923 5996 
16490 5985 5986 5897 5988 
16491 5968 5960 5948 5994 
16492 5985 270 5983 5987 
16493 5925 5912 5996 5999 
16494 3563 3568 3562 5989 
16495 5979 5990 5989 6001 
16496 267 5985 5987 270 
16497 5979 5975 5990 6001 
16498 5911 5900 5899 5996 
16499 5971 5950 5963 5983 
16500 5934 5996 5923 5999 
16501 5915 5914 5898 5993 
16502 5927 5914 5915 5997 
16503 5975 5973 5990 6001 
16504 135 5975 5973 5990 
16505 5980 5967 5977 6001 
16506 5982 5977 5978 6001 
16507 5961 5960 5986 5994 
16508 5892 5984 265 5986 
16509 5892 5893 265 5984 
16510 3569 3568 5989 5990 
16511 5906 5905 5900 5993 
16512 266 5895 5985 5988 
16513 5984 264 5995 270 
16514 5895 267 5987 268 
16515 5973 5972 5992 6001 
16516 5978 5974 5976 6001 
16517 5970 5956 5969 5994 
16518 5977 5965 5974 6000 
16519 3567 5896 136 5992 
16520 5972 5958 5991 6001 
16521 3567 135 5896 5992 
16522 5979 5976 5975 6001 
16523 3562 5989 3568 5991 
16524 5964 5953 5954 6000 
16525 5955 5933 5934 5999 
16526 3566 135 3567 5990 
16527 5978 5977 5974 6001 
16528 5981 5978 5976 6001 
16529 5975 5952 5973 6001 
16530 5980 5964 5967 6001 
16531 3568 5990 3567 5992 
16532 135 5990 5973 5992 
16533 3566 5979 5975 5990 
16534 5980 5991 5964 6001 
16535 5989 5990 5991 6001 
16536 5973 5992 5990 6001 
16537 5959 5999 5951 6000 
16538 5941 5939 5998 6002 
16539 5982 5981 5989 6001 
16540 5946 5939 5941 6002 
16541 3568 5989 5990 5991 
16542 3566 5975 135 5990 
16543 3563 5980 5982 5989 
16544 3565 5981 5979 5989 
16545 5942 5941 5916 5998 
16546 5982 5980 5977 6001 
16547 5942 5998 5938 6002 
16548 3564 5982 5981 5989 
16549 5972 5951 5958 5953 
16550 134 3562 3568 5991 
16551 5974 5965 5955 6000 
16552 3568 3567 136 5992 
16553 5959 5952 5999 6000 
16554 3566 3567 3568 5990 
16555 5948 5937 5943 6002 
16556 3569 3566 3568 5990 
16557 5981 5976 5979 6001 
16558 5913 5912 5901 5996 
16559 5941 5939 5927 5998 
16560 5972 5959 5951 6000 
16561 3567 5990 135 5992 
16562 3569 3568 3563 5989 
16563 5981 5979 5989 6001 
16564 5973 6000 5972 6001 
16565 3564 3569 3563 5989 
16566 134 3568 136 5991 
16567 3569 3565 3566 5990 
16568 3564 3565 3569 5989 
16569 5951 5930 5953 6000 
16570 5984 5892 270 5985 
16571 5892 5894 267 5985 
16572 5971 5968 5983 5988 
16573 5960 5944 5948 5994 
16574 266 5960 5968 5988 
16575 5895 5968 5971 5988 
16576 5963 5983 5987 5971 
16577 263 5995 5962 5984 
16578 5954 5930 5925 5999 
16579 5928 5997 5926 5998 
16580 270 5963 5962 5983 
16581 5893 5970 5969 5984 
16582 5892 270 264 5984 
16583 5970 5969 5984 5994 
16584 5956 5947 5994 6002 
16585 5938 5998 5937 6002 
16586 5892 264 5893 5984 
16587 5927 5921 5997 5998 
16588 5985 5892 270 267 
16589 270 5995 5962 263 
16590 5985 5894 5986 5892 
16591 263 264 5995 5984 
16592 270 264 5995 263 
16593 268 5987 5963 270 
16594 5984 5985 270 5983 
16595 5985 5987 5988 5895 
16596 5971 5987 268 5895 
16597 5963 5971 5987 268 
16598 6034 6091 6033 6092 
16599 6048 6037 6033 6091 
16600 6048 6091 6044 6093 
16601 272 6094 271 6095 
16602 6046 6026 6038 6092 
16603 6045 6091 6034 6092 
16604 6064 6045 6091 6093 
16605 6064 6045 6046 6091 
16606 6061 6091 6048 6093 
16607 6065 6091 6061 6093 
16608 6046 6091 6045 6092 
16609 6049 6046 6038 6092 
16610 6058 6091 6056 6093 
16611 6064 6091 6058 6093 
16612 6068 6096 6095 6097 
16613 6059 6056 6091 6093 
16614 6065 6059 6091 6093 
16615 6031 6015 6013 6098 
16616 6020 6011 6098 6099 
16617 6030 6022 6014 6098 
16618 6040 6023 6022 6098 
16619 6018 6013 6015 6099 
16620 6053 6023 6040 6098 
16621 6021 6016 6013 6098 
16622 6022 6020 6011 6098 
16623 6024 6021 6013 6099 
16624 6036 6024 6018 6092 
16625 6026 6017 6019 6092 
16626 6024 6013 6018 6099 
16627 6015 6013 6098 6099 
16628 6030 6010 6015 6098 
16629 6022 6011 6014 6098 
16630 6028 6021 6024 6099 
16631 6006 6077 6097 6100 
16632 6087 6084 6081 6101 
16633 6032 6012 6023 6098 
16634 6025 6017 6092 6099 
16635 6030 6014 6010 6098 
16636 6097 6068 6069 275 
16637 6027 6092 6019 6099 
16638 6021 6020 6012 6098 
16639 6034 6025 6017 6092 
16640 6032 6031 6016 6098 
16641 6068 6095 6094 6097 
16642 6049 6038 6039 6092 
16643 6025 6015 6010 6099 
16644 6080 6097 6077 6096 
16645 6045 6034 6026 6092 
16646 6046 6045 6026 6092 
16647 6003 6005 6097 6100 
16648 6023 6012 6022 6098 
16649 6034 6033 6025 6092 
16650 6037 6018 6025 6092 
16651 6028 6020 6021 6099 
16652 6053 6032 6023 6098 
16653 6005 6006 6097 6100 
16654 6068 275 6094 277 
16655 6038 6026 6019 6092 
16656 6027 6011 6020 6099 
16657 6019 6017 6011 6099 
16658 6037 6033 6091 6092 
16659 6039 6028 6035 6092 
16660 6028 6092 6027 6099 
16661 6079 6068 6057 6096 
16662 275 6094 277 6003 
16663 6057 6044 6045 6093 
16664 6060 6036 6037 6092 
16665 6049 6039 6043 6092 
16666 6040 6022 6030 6098 
16667 6079 6095 6068 6096 
16668 6069 6097 275 6080 
16669 6031 6030 6015 6098 
16670 6052 6051 6029 6102 
16671 6055 6054 6051 6102 
16672 6052 6029 6041 6102 
16673 6075 6042 6055 6102 
16674 6047 6043 6035 6092 
16675 6006 6080 276 275 
16676 6053 6031 6032 6098 
16677 6039 6038 6027 6092 
16678 6074 6103 6051 6104 
16679 6028 6027 6020 6099 
16680 6035 6028 6024 6092 
16681 6044 6033 6034 6091 
16682 6053 6040 6023 6102 
16683 6041 6023 6040 6102 
16684 6086 6083 6084 6103 
16685 6057 6050 6093 6096 
16686 6064 6057 6045 6093 
16687 6048 6033 6044 6091 
16688 6021 6020 6098 6099 
16689 6060 6037 6091 6092 
16690 6086 6085 6083 6103 
16691 6053 6030 6031 6098 
16692 6014 6011 6010 6098 
16693 6037 6025 6033 6092 
16694 6043 6039 6035 6092 
16695 6034 6017 6026 6092 
16696 6036 6035 6024 6092 
16697 6037 6036 6018 6092 
16698 6024 6018 6092 6099 
16699 6019 6092 6017 6099 
16700 6084 6083 6055 6103 
16701 6067 6093 6066 6100 
16702 6077 6100 6093 6096 
16703 6032 6016 6012 6098 
16704 6049 6091 6046 6092 
16705 3559 3558 131 6105 
16706 6061 6060 6048 6091 
16707 6041 6029 6023 6102 
16708 6084 6081 6101 6103 
16709 6073 6052 6071 6104 
16710 6028 6024 6092 6099 
16711 6059 6056 6043 6091 
16712 6088 6082 6101 6104 
16713 3559 6101 3561 6105 
16714 6075 6053 6042 6102 
16715 6070 6051 6052 6104 
16716 6053 6023 6032 6102 
16717 6063 6055 6051 6103 
16718 6081 6103 6074 6104 
16719 6085 6076 6083 6103 
16720 6071 6052 6041 6102 
16721 6086 6084 6101 6103 
16722 6058 6049 6056 6091 
16723 6021 6098 6013 6099 
16724 6062 6040 6053 6102 
16725 6086 6101 6085 6103 
16726 6060 6037 6048 6091 
16727 6071 6041 6062 6102 
16728 6038 6019 6027 6092 
16729 6076 6062 6075 6102 
16730 6055 6042 6054 6102 
16731 3560 3559 6106 6107 
16732 6060 6091 6047 6092 
16733 6057 6050 6044 6093 
16734 6061 6048 6050 6093 
16735 6071 6052 6102 6103 
16736 3554 131 6072 6105 
16737 6068 6050 6057 6096 
16738 6067 6093 6100 6096 
16739 6064 6057 6093 6096 
16740 271 6095 6004 272 
16741 6055 6102 6051 6103 
16742 6054 6042 6032 6102 
16743 6054 6032 6029 6102 
16744 6052 6051 6102 6103 
16745 6039 6027 6028 6092 
16746 6059 6043 6047 6091 
16747 6064 6046 6058 6091 
16748 6089 6101 6087 6107 
16749 6073 6104 6072 6105 
16750 6063 6055 6054 6051 
16751 6021 6012 6016 6098 
16752 6076 6071 6062 6102 
16753 6065 6059 6047 6091 
16754 6089 6106 6101 6107 
16755 6080 6069 6097 6096 
16756 6053 6032 6042 6102 
16757 6067 6058 6056 6093 
16758 3554 6072 6088 6105 
16759 3558 3561 6104 6105 
16760 6088 6104 6101 6105 
16761 6061 6093 6050 6096 
16762 6064 6093 6058 6096 
16763 6066 6056 6059 6093 
16764 6078 6064 6058 6096 
16765 6065 6047 6060 6091 
16766 273 6067 6100 6095 
16767 6017 6010 6011 6099 
16768 6079 6057 6064 6096 
16769 6077 6066 6093 6100 
16770 6056 6049 6043 6091 
16771 6067 6056 6066 6093 
16772 6075 6062 6053 6102 
16773 6080 6065 6061 6093 
16774 6078 6067 6095 6096 
16775 6049 6043 6091 6092 
16776 6080 6093 6061 6096 
16777 6073 6070 6104 6105 
16778 6080 6077 6093 6096 
16779 6007 6070 6073 6105 
16780 3558 6104 6070 6105 
16781 6074 6051 6070 6104 
16782 274 6009 6066 6100 
16783 6082 6071 6103 6104 
16784 6073 6070 6052 6104 
16785 131 6073 6072 6105 
16786 3557 6087 6081 6107 
16787 6088 6105 6101 6106 
16788 6090 6085 6086 6101 
16789 6052 6051 6103 6104 
16790 3558 6008 6007 6070 
16791 6083 6102 6055 6103 
16792 3554 6088 3555 6106 
16793 6062 6041 6040 6102 
16794 6025 6018 6015 6099 
16795 6078 6058 6067 6096 
16796 6069 6061 6050 6096 
16797 6004 6079 6078 6095 
16798 6077 6059 6065 6093 
16799 6058 6046 6049 6091 
16800 6050 6048 6044 6093 
16801 6083 6076 6102 6103 
16802 3559 6101 6106 6107 
16803 6079 6078 6095 6096 
16804 6006 6077 6080 6097 
16805 6067 6100 6095 6096 
16806 6080 6077 6065 6093 
16807 6097 6094 275 6003 
16808 6027 6019 6011 6099 
16809 6069 6068 6097 6096 
16810 6080 6097 275 6006 
16811 6054 6029 6051 6102 
16812 6083 6076 6075 6102 
16813 6085 6101 6082 6103 
16814 6074 6063 6051 6103 
16815 3559 3561 6101 6107 
16816 6045 6044 6034 6091 
16817 6031 6013 6016 6098 
16818 6047 6035 6036 6092 
16819 3558 6074 6070 6104 
16820 3554 3559 131 6105 
16821 6082 6072 6071 6104 
16822 6073 6071 6072 6104 
16823 131 3558 6007 6105 
16824 6084 6063 6081 6103 
16825 6083 6075 6055 6102 
16826 6084 6055 6063 6103 
16827 131 6007 6073 6105 
16828 3558 3561 6074 6104 
16829 3556 132 6089 6107 
16830 3558 6074 6008 6070 
16831 3554 3559 6105 6106 
16832 6079 6064 6078 6096 
16833 6076 6071 6102 6103 
16834 6047 6091 6043 6092 
16835 3556 6087 3557 6107 
16836 6003 6009 6005 6100 
16837 273 6067 6009 6100 
16838 6095 6068 6094 6079 
16839 6068 6097 6094 275 
16840 6003 272 6004 6095 
16841 3559 6101 6105 6106 
16842 6067 6058 6093 6096 
16843 6053 6040 6030 6098 
16844 6069 6050 6068 6096 
16845 277 272 6094 271 
16846 6003 6005 275 6097 
16847 3557 6081 3561 6107 
16848 6081 6063 6074 6103 
16849 6060 6047 6036 6092 
16850 6025 6092 6018 6099 
16851 132 3555 6090 6106 
16852 6080 6061 6069 6096 
16853 6053 6042 6032 6031 
16854 6045 6044 6091 6093 
16855 6032 6023 6029 6102 
16856 6090 6101 6089 6106 
16857 274 6066 6077 6100 
16858 6089 6086 6084 6101 
16859 6085 6082 6076 6103 
16860 6088 6072 6104 6105 
16861 6090 6086 6089 6101 
16862 3561 6081 6074 6104 
16863 6090 6088 6085 6101 
16864 6065 6060 6061 6091 
16865 3558 6074 133 6008 
16866 6088 6082 6085 6101 
16867 3561 6101 6081 6104 
16868 6089 6084 6087 6101 
16869 3556 6089 6087 6107 
16870 3561 6081 6101 6107 
16871 6022 6012 6020 6098 
16872 6082 6103 6101 6104 
16873 132 6090 6089 6106 
16874 6015 6098 6010 6099 
16875 6081 6101 6103 6104 
16876 6003 273 6100 6095 
16877 3554 6105 6088 6106 
16878 3559 3561 3558 6105 
16879 3557 133 3561 6081 
16880 6087 6101 6081 6107 
16881 3561 6081 133 6074 
16882 3560 3561 3559 6107 
16883 6097 6095 6100 6096 
16884 3561 6101 6104 6105 
16885 6088 6072 6082 6104 
16886 273 6078 6067 6095 
16887 6082 6071 6076 6103 
16888 6090 6088 6101 6106 
16889 3558 3561 133 6074 
16890 3555 6088 6090 6106 
16891 3554 3555 3559 6106 
16892 6071 6052 6103 6104 
16893 3560 3557 3561 6107 
16894 3560 3559 3555 6106 
16895 3560 132 3556 6107 
16896 3560 3555 132 6106 
16897 3560 3556 3557 6107 
16898 3560 6106 132 6107 
16899 132 6106 6089 6107 
16900 6005 6006 275 6097 
16901 6068 6069 275 277 
16902 6077 6097 6100 6096 
16903 274 6006 6005 6100 
16904 6011 6010 6098 6099 
16905 6003 6097 6095 6100 
16906 6003 273 6009 6100 
16907 274 6077 6006 6100 
16908 6009 6067 6066 6100 
16909 3558 6070 6007 6105 
16910 6095 6094 6097 6003 
16911 274 6005 6009 6100 
16912 6077 6066 6059 6093 
16913 6003 6095 6094 272 
16914 6095 6094 271 6079 
16915 6025 6010 6017 6099 
16916 6004 6078 273 6095 
16917 6003 6004 273 6095 
16918 272 6003 277 6094 
16919 275 6069 276 277 
16920 275 6080 276 6069 
16921 277 6094 6068 271 
16922 6079 6095 6004 271 
16923 6068 6094 6079 271 
16924 6162 6147 6199 6200 
16925 6170 6199 6147 6201 
16926 6172 6200 6199 6201 
16927 6168 6157 6201 6202 
16928 6171 6199 6170 6201 
16929 6168 6150 6200 6201 
16930 6150 6149 6200 6201 
16931 6159 6158 6200 6201 
16932 6159 6200 6149 6201 
16933 285 282 6203 6108 
16934 6188 6202 6203 6204 
16935 6180 6173 6199 6202 
16936 6169 6199 6201 6202 
16937 6173 6172 6199 6202 
16938 6172 6168 6201 6202 
16939 6108 285 6205 6203 
16940 6205 6203 6180 6202 
16941 6127 6206 6120 6207 
16942 6180 6199 6179 6205 
16943 6203 6180 6191 282 
16944 279 6179 6190 6205 
16945 6109 279 278 6190 
16946 280 6178 6114 6208 
16947 6109 6189 280 6208 
16948 6145 6125 6134 6209 
16949 6127 6207 6118 6209 
16950 6125 6118 6207 6209 
16951 6144 6209 6136 6210 
16952 6136 6127 6135 6209 
16953 6182 6181 6165 6164 
16954 6187 6166 6182 6211 
16955 6195 6167 6211 6212 
16956 6156 6135 6145 6210 
16957 6125 6119 6116 6207 
16958 6120 6119 6118 6207 
16959 6122 6115 6117 6206 
16960 6125 6118 6119 6207 
16961 6133 6132 6117 6206 
16962 6124 6123 6115 6207 
16963 6130 6131 6213 6206 
16964 6141 6131 6213 6214 
16965 6141 6121 6206 6131 
16966 6137 6129 6130 6213 
16967 6129 6128 6119 6206 
16968 6133 6116 6128 6206 
16969 6127 6120 6118 6207 
16970 6131 6121 6206 6130 
16971 6124 6115 6122 6207 
16972 6125 6207 6123 6209 
16973 6123 6116 6115 6207 
16974 6127 6122 6121 6206 
16975 6144 6126 6136 6209 
16976 6122 6115 6206 6207 
16977 6133 6117 6116 6206 
16978 6111 6188 6191 6203 
16979 6129 6119 6120 6206 
16980 6127 6126 6207 6209 
16981 6134 6125 6123 6209 
16982 6111 6188 6203 6204 
16983 6143 6123 6124 6209 
16984 6191 6188 6202 6203 
16985 6120 6206 6119 6207 
16986 6144 6143 6124 6209 
16987 6140 6137 6130 6213 
16988 6199 6205 6202 6208 
16989 6145 6135 6209 6210 
16990 6189 6199 6178 6208 
16991 6117 6115 6116 6206 
16992 6156 6146 6136 6210 
16993 6130 6129 6206 6213 
16994 6148 6213 6139 6214 
16995 6178 6199 6202 6208 
16996 6150 6140 6200 6214 
16997 6145 6135 6125 6209 
16998 6151 6131 6141 6214 
16999 6151 6200 6140 6214 
17000 6141 6152 6214 6132 
17001 6143 6134 6209 6210 
17002 6141 6121 6122 6206 
17003 6146 6144 6136 6210 
17004 6164 6210 6154 6215 
17005 6132 6152 6214 6142 
17006 6158 6138 6148 6214 
17007 6155 6144 6146 6210 
17008 6148 6133 6128 6213 
17009 6141 6206 6132 6213 
17010 6129 6128 6206 6213 
17011 6156 6136 6135 6210 
17012 6136 6126 6127 6209 
17013 6139 6128 6129 6213 
17014 6148 6138 6213 6214 
17015 6153 6142 6147 6214 
17016 6133 6132 6206 6213 
17017 6142 6132 6133 6213 
17018 6150 6137 6140 6214 
17019 6159 6149 6200 6214 
17020 6206 6131 6213 6141 
17021 6142 6132 6213 6214 
17022 6160 6150 6140 6200 
17023 6153 6200 6152 6214 
17024 6151 6140 6131 6214 
17025 6132 6122 6117 6206 
17026 6152 6200 6151 6214 
17027 6172 6168 6200 6201 
17028 6158 6200 6147 6214 
17029 6152 6151 6141 6214 
17030 6180 282 6203 285 
17031 6142 6213 6138 6214 
17032 6158 6147 6138 6214 
17033 6130 6120 6121 6206 
17034 6148 6128 6139 6213 
17035 6159 6158 6148 6214 
17036 6140 6213 6131 6214 
17037 6202 6203 6204 6208 
17038 6154 6145 6134 6210 
17039 6176 6211 6175 6215 
17040 6145 6209 6134 6210 
17041 6140 6130 6131 6213 
17042 6160 6140 6151 6200 
17043 279 285 6179 6205 
17044 6168 6157 6150 6201 
17045 6153 6147 6200 6214 
17046 6180 6202 6199 6205 
17047 6163 6143 6144 6210 
17048 6170 6147 6158 6201 
17049 6143 6134 6123 6209 
17050 6144 6124 6126 6209 
17051 6190 6205 6199 6208 
17052 285 6205 279 6108 
17053 6135 6127 6118 6209 
17054 6163 6154 6143 6210 
17055 6205 6109 6208 6190 
17056 6169 6149 6157 6201 
17057 6127 6122 6206 6207 
17058 6161 6151 6152 6200 
17059 6161 6152 6153 6200 
17060 6147 6199 6200 6201 
17061 6150 6149 6137 6214 
17062 6164 6145 6154 6210 
17063 6163 6154 6210 6215 
17064 6149 6139 6137 6214 
17065 6173 6162 6199 6200 
17066 6214 6132 6213 6141 
17067 6173 6161 6153 6200 
17068 6173 6199 6172 6200 
17069 6126 6124 6122 6207 
17070 6158 6147 6200 6201 
17071 6128 6116 6119 6206 
17072 6175 6154 6163 6215 
17073 281 6114 6177 6204 
17074 6164 6156 6145 6210 
17075 6159 6148 6139 6214 
17076 281 6188 6111 6204 
17077 6108 6114 6204 6208 
17078 6114 6178 6204 6208 
17079 6163 6210 6155 6215 
17080 6125 6116 6123 6207 
17081 6163 6144 6155 6210 
17082 6108 6110 282 6203 
17083 6182 6211 6166 6215 
17084 6175 6165 6154 6215 
17085 6182 6156 6164 6215 
17086 6186 6182 6181 6211 
17087 6174 6155 6166 6215 
17088 6177 6157 6168 6202 
17089 6116 6206 6115 6207 
17090 6171 6158 6159 6201 
17091 6139 6129 6137 6213 
17092 6144 6143 6209 6210 
17093 6169 6159 6149 6201 
17094 6153 6152 6142 6214 
17095 6166 6155 6146 6215 
17096 6172 6160 6161 6200 
17097 6147 6142 6138 6214 
17098 6180 6173 6162 6199 
17099 6176 6175 6211 6212 
17100 6195 6183 6167 6212 
17101 6108 6110 6203 6204 
17102 6174 6163 6155 6215 
17103 6159 6200 6158 6214 
17104 6178 6169 6157 6202 
17105 6188 6168 6172 6202 
17106 6175 6211 6165 6215 
17107 6189 6169 6178 6199 
17108 6173 6153 6162 6200 
17109 6172 6168 6160 6200 
17110 6119 6206 6116 6207 
17111 6171 6169 6199 6201 
17112 6178 6157 6177 6202 
17113 6126 6124 6207 6209 
17114 6178 6202 6177 6204 
17115 6108 280 6114 6208 
17116 6172 6201 6199 6202 
17117 6171 6159 6169 6201 
17118 6190 6170 6171 6199 
17119 6127 6126 6122 6207 
17120 6171 6170 6158 6201 
17121 6173 6172 6161 6200 
17122 6168 6150 6160 6200 
17123 6109 6190 6189 6208 
17124 6164 6156 6210 6215 
17125 6154 6134 6143 6210 
17126 6190 6179 6199 6205 
17127 6162 6153 6147 6200 
17128 6191 6188 6172 6202 
17129 6170 6162 6147 6199 
17130 281 6111 6110 6204 
17131 6189 6171 6169 6199 
17132 6191 6172 6173 6202 
17133 6175 6165 6211 6212 
17134 6110 6111 282 6203 
17135 282 283 285 6180 
17136 6202 6205 6203 6208 
17137 6182 6166 6156 6215 
17138 6176 6211 6174 6212 
17139 6188 6177 6168 6202 
17140 6182 6165 6211 6215 
17141 6176 6163 6174 6215 
17142 6197 6193 6196 6211 
17143 6185 6181 6165 6212 
17144 6190 6179 6170 6199 
17145 6211 6194 6212 6181 
17146 6174 6166 6211 6215 
17147 6174 6166 6167 6211 
17148 6156 6146 6210 6215 
17149 6198 6176 6192 6212 
17150 6155 6210 6146 6215 
17151 142 6112 284 6198 
17152 6179 6162 6170 6199 
17153 6198 6184 6175 6212 
17154 6142 6133 6138 6213 
17155 6157 6149 6150 6201 
17156 281 6177 6188 6204 
17157 6150 6200 6149 6214 
17158 6108 6204 6203 6208 
17159 6208 6203 6108 6205 
17160 6169 6201 6157 6202 
17161 279 278 6190 6179 
17162 6133 6206 6128 6213 
17163 6194 6181 6185 6212 
17164 6176 6175 6163 6215 
17165 3685 6194 3684 6185 
17166 6161 6160 6151 6200 
17167 6159 6139 6149 6214 
17168 6182 6165 6181 6211 
17169 6176 6174 6211 6215 
17170 140 142 6113 6183 
17171 6196 6193 6186 6211 
17172 6187 6167 6166 6211 
17173 6183 6174 6167 6212 
17174 6193 6182 6186 6211 
17175 6193 6187 6182 6211 
17176 6194 6186 6211 6196 
17177 141 6185 6184 6212 
17178 141 6184 142 6212 
17179 6174 6211 6167 6212 
17180 141 6112 142 6184 
17181 142 6198 284 6192 
17182 3685 6185 141 6212 
17183 6197 6195 6187 6211 
17184 142 6184 6198 6212 
17185 6181 6186 6211 6194 
17186 6195 6167 6187 6211 
17187 6130 6129 6120 6206 
17188 6181 6211 6165 6212 
17189 3685 140 3681 6195 
17190 3685 6194 6185 6212 
17191 6197 6187 6193 6211 
17192 280 6189 6178 6208 
17193 6109 279 6205 6108 
17194 3685 6196 6194 6212 
17195 6191 282 6111 6203 
17196 6178 6199 6169 6202 
17197 6110 6111 6203 6204 
17198 6178 6202 6204 6208 
17199 142 6112 6198 6184 
17200 3685 6195 6197 6212 
17201 6166 6146 6156 6215 
17202 6198 6175 6176 6212 
17203 3685 140 6195 6212 
17204 3685 3681 6197 6195 
17205 6190 6171 6189 6199 
17206 140 6183 6195 6212 
17207 3685 6196 3683 6194 
17208 140 142 6183 6212 
17209 3682 3685 6197 6196 
17210 6108 6114 6110 6204 
17211 6192 6174 6183 6212 
17212 6148 6138 6133 6213 
17213 6197 6211 6196 6212 
17214 3685 141 142 6212 
17215 3685 3683 3684 6194 
17216 3685 6197 6196 6212 
17217 6192 6176 6174 6212 
17218 3685 142 140 6212 
17219 6184 6165 6175 6212 
17220 142 284 6113 6192 
17221 142 6192 6113 6183 
17222 142 6192 6183 6212 
17223 3682 3685 3681 6197 
17224 6185 6165 6184 6212 
17225 3682 3683 3685 6196 
17226 6136 6209 6135 6210 
17227 6141 6122 6132 6206 
17228 6203 6180 6202 6191 
17229 6197 6195 6211 6212 
17230 6182 6164 6165 6215 
17231 6191 6173 6180 6202 
17232 6188 6177 6202 6204 
17233 6180 6162 6179 6199 
17234 282 6180 6191 283 
17235 283 282 6111 6191 
17236 6139 6213 6137 6214 
17237 6203 285 6205 6180 
17238 285 6180 6179 6205 
17239 279 285 278 6179 
17240 6190 279 6205 6109 
17241 6108 6109 280 6208 
17242 6190 6199 6189 6208 
17243 6135 6118 6125 6209 
17244 6108 6109 6208 6205 
17245 3685 3684 141 6185 
17246 142 6198 6192 6212 
17247 281 6110 6114 6204 
17248 6114 6178 6177 6204 
17249 6140 6137 6213 6214 
17250 6196 6194 6212 6211 
17251 6124 6123 6207 6209 
17252 6165 6164 6154 6215 
17253 6127 6121 6120 6206 
17254 6299 6311 6295 6312 
17255 6299 6294 6295 6311 
17256 6299 6293 6311 6312 
17257 6218 6219 290 6313 
17258 6308 6314 6312 6315 
17259 6301 6295 6311 6312 
17260 6310 6301 6307 6312 
17261 6234 6233 6231 6316 
17262 6244 6243 6231 6317 
17263 6267 6255 6243 6318 
17264 6231 6225 6316 6317 
17265 6249 6248 6234 6319 
17266 6252 6319 6247 6320 
17267 6239 6231 6233 6316 
17268 6237 6227 6228 6319 
17269 6227 6223 6224 6316 
17270 6264 6230 6241 6317 
17271 6234 6316 6226 6319 
17272 6239 6232 6231 6316 
17273 6259 6249 6235 6320 
17274 6252 6238 6319 6320 
17275 6238 6237 6319 6320 
17276 6258 6257 6320 6321 
17277 6236 6235 6223 6319 
17278 6234 6231 6225 6316 
17279 6243 6225 6231 6317 
17280 6241 6227 6224 6316 
17281 6240 6232 6230 6316 
17282 6251 6246 6237 6320 
17283 6245 6231 6316 6317 
17284 6245 6316 6240 6317 
17285 6238 6237 6228 6319 
17286 6239 6316 6233 6319 
17287 6226 6224 6223 6316 
17288 6253 6252 6247 6320 
17289 6226 6225 6224 6316 
17290 6251 6237 6238 6320 
17291 6246 6236 6237 6320 
17292 6239 6229 6232 6316 
17293 6241 6230 6227 6316 
17294 6247 6239 6233 6319 
17295 6252 6238 6229 6319 
17296 6219 6302 6305 6313 
17297 6262 6252 6253 6320 
17298 6251 6246 6320 6321 
17299 6250 6236 6246 6320 
17300 6252 6239 6247 6319 
17301 6262 6238 6252 6320 
17302 6268 6244 6245 6318 
17303 6244 6243 6317 6318 
17304 6262 6251 6320 6321 
17305 6310 6308 6312 6315 
17306 6248 6247 6233 6319 
17307 6245 6244 6317 6318 
17308 6225 6224 6316 6317 
17309 6242 6224 6225 6317 
17310 6268 6245 6256 6318 
17311 6252 6229 6239 6319 
17312 6259 6235 6250 6320 
17313 6250 6235 6236 6320 
17314 6245 6231 6232 6316 
17315 6248 6233 6234 6319 
17316 6226 6316 6223 6319 
17317 6257 6253 6247 6320 
17318 6238 6228 6229 6319 
17319 6255 6242 6243 6317 
17320 6245 6232 6240 6316 
17321 6257 6247 6248 6320 
17322 6285 6281 6273 6322 
17323 6272 6259 6250 6321 
17324 6262 6251 6238 6320 
17325 6270 6263 6257 6321 
17326 6272 6271 6259 6321 
17327 6272 6250 6260 6321 
17328 6254 6241 6242 6317 
17329 6229 6228 6316 6319 
17330 6236 6235 6319 6320 
17331 6259 6320 6250 6321 
17332 6264 6256 6240 6317 
17333 6250 6320 6246 6321 
17334 6274 6273 6262 6321 
17335 6259 6258 6249 6320 
17336 6261 6246 6251 6321 
17337 6273 6261 6251 6321 
17338 6264 6256 6317 6318 
17339 6276 6264 6254 6318 
17340 6241 6230 6316 6317 
17341 6249 6248 6319 6320 
17342 6282 6272 6260 6322 
17343 6305 6313 6302 6323 
17344 6235 6226 6223 6319 
17345 6256 6245 6317 6318 
17346 6279 6278 6267 6318 
17347 6313 6324 6323 6325 
17348 6297 6268 6280 6318 
17349 6255 6254 6317 6318 
17350 6243 6242 6225 6317 
17351 6259 6258 6320 6321 
17352 6258 6248 6249 6320 
17353 6286 6274 6263 6322 
17354 6274 6262 6253 6321 
17355 6284 6271 6272 6322 
17356 6255 6317 6243 6318 
17357 6281 6269 6261 6322 
17358 6284 6283 6271 6322 
17359 6271 6258 6259 6321 
17360 6258 6257 6248 6320 
17361 6241 6316 6224 6317 
17362 6260 6250 6246 6321 
17363 6286 6263 6275 6322 
17364 6273 6251 6262 6321 
17365 6280 6268 6256 6318 
17366 6242 6241 6224 6317 
17367 6263 6253 6257 6321 
17368 6249 6234 6226 6319 
17369 6271 6270 6258 6321 
17370 6234 6225 6226 6316 
17371 6276 6254 6266 6318 
17372 6277 6265 6276 6311 
17373 6265 6256 6264 6318 
17374 6237 6236 6227 6319 
17375 6240 6316 6230 6317 
17376 6292 6265 6277 6311 
17377 6270 6257 6258 6321 
17378 6291 6277 6276 6311 
17379 6269 6260 6261 6322 
17380 6257 6253 6320 6321 
17381 6278 6266 6255 6318 
17382 6249 6319 6235 6320 
17383 6262 6320 6253 6321 
17384 6267 6243 6244 6318 
17385 6302 6281 6285 6323 
17386 6303 6323 6288 6324 
17387 6282 6260 6269 6322 
17388 6284 6283 6322 6323 
17389 6290 6323 6289 6325 
17390 6274 6253 6263 6321 
17391 6272 6321 6260 6322 
17392 6271 6270 6321 6322 
17393 6283 6275 6270 6322 
17394 6325 287 6326 292 
17395 6280 6256 6265 6318 
17396 6291 6276 6266 6311 
17397 3677 6309 6306 6315 
17398 6278 6255 6267 6318 
17399 3675 6308 3679 6299 
17400 6313 6323 6324 6327 
17401 3677 3676 6309 6315 
17402 6270 6263 6321 6322 
17403 6261 6260 6321 6322 
17404 6297 6280 6311 6318 
17405 6216 6324 6313 6325 
17406 6304 6283 6284 6323 
17407 289 6302 6219 6313 
17408 6282 6322 6269 6323 
17409 3676 138 6310 6315 
17410 6285 6273 6274 6322 
17411 6268 6267 6244 6318 
17412 6283 6270 6271 6322 
17413 6305 6323 6290 6325 
17414 6296 6292 6311 6312 
17415 6216 6218 290 6313 
17416 6281 6261 6273 6322 
17417 6290 290 291 6305 
17418 6272 6271 6321 6322 
17419 6304 6324 6326 6323 
17420 6281 6269 6322 6323 
17421 290 6305 6313 6219 
17422 6305 6286 6290 6323 
17423 6221 6296 6298 6314 
17424 139 6296 6221 6314 
17425 3680 6314 3679 6315 
17426 289 6287 6302 6327 
17427 6286 6322 6275 6323 
17428 6288 6323 6287 6327 
17429 6294 6291 6266 6311 
17430 137 3678 6293 6314 
17431 6217 6303 288 6324 
17432 6284 6272 6282 6322 
17433 6294 6266 6278 6311 
17434 6300 6297 6311 6312 
17435 6301 6295 6279 6311 
17436 6295 6278 6279 6311 
17437 6292 6280 6265 6311 
17438 6266 6254 6255 6318 
17439 6297 6279 6267 6318 
17440 288 6288 6222 6324 
17441 6294 6293 6291 6311 
17442 6300 6311 6292 6312 
17443 6299 6293 6294 6311 
17444 6216 6218 6313 6327 
17445 6289 6275 6283 6323 
17446 289 6218 6222 6327 
17447 6288 6282 6269 6323 
17448 6326 6323 6289 6304 
17449 6305 6285 6286 6323 
17450 292 6290 6289 6325 
17451 292 287 6326 286 
17452 6287 6269 6281 6323 
17453 6286 6285 6274 6322 
17454 6217 6304 6303 6324 
17455 6283 6275 6322 6323 
17456 6304 6289 6283 6323 
17457 6304 6289 6326 286 
17458 6305 6302 6285 6323 
17459 6216 6222 6218 6327 
17460 289 6302 6313 6327 
17461 6216 288 6222 6324 
17462 6279 6311 6278 6318 
17463 290 291 292 6290 
17464 289 6313 6218 6327 
17465 6305 290 291 6219 
17466 290 6325 6305 6290 
17467 6290 6286 6275 6323 
17468 6275 6263 6270 6322 
17469 6245 6244 6231 6317 
17470 6261 6260 6246 6321 
17471 6306 6300 6292 6312 
17472 6298 6296 6277 6311 
17473 6264 6317 6254 6318 
17474 3680 6306 139 6314 
17475 6306 6292 6296 6312 
17476 6307 6297 6300 6312 
17477 6304 6323 6303 6324 
17478 6298 6291 6293 6311 
17479 3678 6298 6220 6293 
17480 6309 6307 6300 6312 
17481 290 6290 292 6325 
17482 6309 6312 6306 6315 
17483 6300 6297 6280 6311 
17484 6298 6296 6311 6312 
17485 6280 6265 6311 6318 
17486 3679 6308 138 6315 
17487 6306 6312 6314 6315 
17488 6306 6312 6296 6314 
17489 6222 6288 6287 6327 
17490 6307 6301 6297 6312 
17491 6298 6277 6291 6311 
17492 6301 6279 6297 6311 
17493 6300 6280 6292 6311 
17494 6276 6311 6265 6318 
17495 6304 6284 6303 6323 
17496 6325 6326 6289 292 
17497 6310 6308 6301 6312 
17498 6301 6311 6297 6312 
17499 3678 6221 6220 6298 
17500 6297 6311 6279 6318 
17501 6285 6281 6322 6323 
17502 6276 6266 6311 6318 
17503 6216 6313 6324 6327 
17504 6305 6313 6323 6325 
17505 6323 6324 6326 6325 
17506 6303 6284 6282 6323 
17507 6298 6311 6293 6312 
17508 3677 6306 3680 6315 
17509 6274 6273 6321 6322 
17510 288 6303 6288 6324 
17511 6249 6226 6235 6319 
17512 6273 6261 6321 6322 
17513 6325 287 6217 6326 
17514 289 6222 6287 6327 
17515 6326 6325 6324 6217 
17516 6216 6324 6222 6327 
17517 6216 292 287 6325 
17518 6222 6324 6288 6327 
17519 6303 6282 6288 6323 
17520 3675 3679 137 6299 
17521 6296 6292 6277 6311 
17522 6309 6300 6306 6312 
17523 6276 6265 6264 6318 
17524 3677 139 3680 6306 
17525 6239 6229 6316 6319 
17526 3678 6221 6298 6314 
17527 137 6293 6299 6314 
17528 138 6308 6310 6315 
17529 6308 6295 6301 6312 
17530 6248 6247 6319 6320 
17531 6237 6236 6319 6320 
17532 286 287 6326 6217 
17533 3679 6299 6308 6314 
17534 139 6306 6296 6314 
17535 6286 6285 6322 6323 
17536 3678 6298 6293 6314 
17537 3680 6306 6314 6315 
17538 3680 3678 3679 6314 
17539 3676 6310 6309 6315 
17540 3675 138 3679 6308 
17541 6298 6296 6312 6314 
17542 6310 6312 6309 6315 
17543 3679 3678 137 6314 
17544 6308 6299 6312 6314 
17545 3680 3679 3676 6315 
17546 3677 3680 3676 6315 
17547 3680 139 3678 6314 
17548 3679 6314 6308 6315 
17549 6310 6307 6309 6312 
17550 6256 6245 6240 6317 
17551 6325 290 6305 6313 
17552 6278 6311 6266 6318 
17553 3679 137 6299 6314 
17554 6284 6322 6282 6323 
17555 6274 6321 6263 6322 
17556 6288 6269 6287 6323 
17557 6302 6287 6323 6327 
17558 6216 287 6217 6325 
17559 6290 6275 6289 6323 
17560 6234 6233 6316 6319 
17561 6295 6294 6278 6311 
17562 3676 3679 138 6315 
17563 6288 6324 6323 6327 
17564 139 6221 3678 6314 
17565 6236 6223 6227 6319 
17566 6217 6325 6324 6216 
17567 6255 6254 6242 6317 
17568 6227 6223 6316 6319 
17569 6232 6229 6228 6316 
17570 6302 6287 6281 6323 
17571 6216 290 292 6325 
17572 289 6219 6218 6313 
17573 6264 6241 6254 6317 
17574 6228 6227 6316 6319 
17575 6299 6293 6312 6314 
17576 6232 6228 6230 6316 
17577 6216 6217 288 6324 
17578 6230 6228 6227 6316 
17579 6298 6312 6293 6314 
17580 6264 6240 6230 6317 
17581 6308 6299 6295 6312 
17582 6297 6267 6268 6318 
17583 6302 6323 6313 6327 
17584 137 3678 6220 6293 
17585 6216 6313 290 6325 
17586 292 6326 6289 286 
17587 286 6304 6217 6326 
17588 6326 6304 6217 6324 
17589 6325 6323 6289 6326 
17590 146 6333 6404 6419 
17591 3804 6419 146 6420 
17592 3798 6418 3805 6420 
17593 6410 6405 6421 6422 
17594 146 6419 6406 6420 
17595 3798 6416 6418 6420 
17596 3797 146 6406 6420 
17597 6330 6331 297 6423 
17598 6334 6424 6396 6425 
17599 6396 6425 6424 6426 
17600 6328 6424 6334 6425 
17601 6408 6402 6424 6426 
17602 6329 6402 295 6424 
17603 6407 6400 6427 6428 
17604 6384 6427 6383 6429 
17605 6402 6396 6424 6426 
17606 6403 6423 6426 6430 
17607 295 6396 6334 6424 
17608 296 6331 6330 6423 
17609 296 6334 6395 6425 
17610 6372 6361 6429 6431 
17611 6361 6349 6429 6431 
17612 6346 6339 6432 6433 
17613 6344 6432 6337 6433 
17614 6346 6338 6345 6432 
17615 6359 6338 6352 6432 
17616 6344 6345 6432 6433 
17617 6354 6341 6340 6345 
17618 6350 6431 6341 6433 
17619 6344 6341 6345 6433 
17620 6350 6336 6342 6433 
17621 6347 6339 6336 6433 
17622 6357 6347 6337 6432 
17623 6343 6340 6342 6433 
17624 6354 6340 6341 6431 
17625 6346 6343 6339 6433 
17626 6351 6343 6348 6342 
17627 6341 6340 6345 6433 
17628 6357 6353 6432 6434 
17629 6357 6337 6344 6432 
17630 6341 6431 6340 6433 
17631 6351 6342 6348 6431 
17632 6344 6335 6341 6433 
17633 6350 6342 6431 6433 
17634 6360 6346 6339 6432 
17635 6354 6341 6349 6431 
17636 6433 6340 6342 6431 
17637 6358 6345 6338 6432 
17638 6357 6353 6347 6432 
17639 6372 6351 6348 6431 
17640 6360 6339 6347 6432 
17641 6372 6354 6361 6431 
17642 6354 6348 6340 6431 
17643 6350 6349 6341 6431 
17644 6358 6344 6345 6432 
17645 6359 6432 6352 6434 
17646 6370 6369 6352 6434 
17647 6352 6338 6346 6432 
17648 6365 6360 6353 6434 
17649 6362 6350 6356 6431 
17650 6347 6337 6432 6433 
17651 6344 6337 6335 6433 
17652 6370 6360 6365 6434 
17653 6356 6342 6351 6431 
17654 6377 6358 6367 6434 
17655 6370 6352 6360 6434 
17656 6384 6361 6373 6429 
17657 6394 6393 6427 6428 
17658 6364 6353 6357 6434 
17659 6359 6358 6338 6432 
17660 6372 6363 6351 6431 
17661 6369 6368 6359 6434 
17662 6389 6366 6434 6435 
17663 6362 6355 6349 6429 
17664 148 299 6333 6409 
17665 6389 6366 6377 6434 
17666 6380 6368 6369 6434 
17667 6395 6376 6426 6435 
17668 6379 6378 6367 6434 
17669 6391 6380 6369 6434 
17670 6362 6356 6429 6431 
17671 6370 6434 6365 6435 
17672 6369 6359 6352 6434 
17673 6366 6364 6357 6434 
17674 6362 6349 6350 6431 
17675 6372 6371 6363 6429 
17676 6386 6373 6355 6429 
17677 6375 6356 6363 6429 
17678 6365 6353 6364 6434 
17679 6356 6350 6342 6431 
17680 6346 6345 6340 6433 
17681 6361 6349 6355 6429 
17682 6331 6401 6403 6423 
17683 6380 6379 6368 6434 
17684 6343 6336 6339 6433 
17685 6408 6402 6426 6435 
17686 6381 6365 6374 6435 
17687 6372 6348 6354 6431 
17688 6366 6364 6434 6435 
17689 6391 6380 6434 6435 
17690 6391 6370 6381 6435 
17691 6380 6379 6434 6435 
17692 6377 6366 6357 6434 
17693 6403 6423 6401 6426 
17694 6398 6378 6379 6426 
17695 6395 6374 6376 6435 
17696 6386 6362 6375 6429 
17697 6360 6352 6346 6432 
17698 6408 6426 6380 6435 
17699 6360 6352 6432 6434 
17700 6396 6395 6426 6435 
17701 6391 6434 6370 6435 
17702 6367 6358 6359 6434 
17703 6373 6361 6355 6429 
17704 6379 6367 6368 6434 
17705 6383 6427 6371 6429 
17706 6394 6383 6384 6427 
17707 6392 6427 6382 6428 
17708 6363 6429 6356 6431 
17709 6375 6362 6356 6429 
17710 6372 6429 6363 6431 
17711 6400 6390 6427 6428 
17712 6384 6372 6361 6429 
17713 6383 6371 6372 6429 
17714 6404 6392 6382 6428 
17715 6386 6385 6373 6427 
17716 6385 6382 6427 6428 
17717 6387 6375 6363 6427 
17718 6378 6377 6367 6434 
17719 6386 6355 6362 6429 
17720 6403 6401 6389 6426 
17721 6423 6424 6426 6430 
17722 6403 6378 6398 6426 
17723 6389 6434 6378 6435 
17724 6392 6373 6382 6427 
17725 6393 6371 6383 6427 
17726 6360 6432 6353 6434 
17727 6384 6383 6372 6429 
17728 6362 6429 6349 6431 
17729 6389 6377 6378 6434 
17730 6393 6388 6371 6427 
17731 6406 6420 6419 6421 
17732 6407 6387 6388 6427 
17733 6400 6375 6387 6427 
17734 6403 6389 6378 6426 
17735 6365 6434 6364 6435 
17736 6329 6424 6430 6436 
17737 6396 6374 6395 6435 
17738 6347 6432 6339 6433 
17739 6328 6330 297 6423 
17740 6408 6391 6402 6435 
17741 6358 6357 6432 6434 
17742 6379 6378 6434 6435 
17743 6375 6363 6427 6429 
17744 6376 6364 6366 6435 
17745 6346 6432 6345 6433 
17746 6436 6329 294 6430 
17747 6376 6374 6364 6435 
17748 6380 6426 6379 6435 
17749 6402 6396 6426 6435 
17750 6401 6376 6389 6426 
17751 6389 6376 6366 6435 
17752 6368 6367 6359 6434 
17753 6329 6408 6402 6424 
17754 6418 6420 6414 6437 
17755 6390 6385 6427 6428 
17756 6361 6354 6349 6431 
17757 6407 6427 6388 6428 
17758 6420 6422 6421 6437 
17759 6387 6363 6371 6427 
17760 6394 6393 6383 6427 
17761 6390 6385 6386 6427 
17762 6402 6381 6396 6435 
17763 6416 6406 6399 6421 
17764 6404 6382 6385 6428 
17765 3805 6420 6418 6437 
17766 6394 6427 6392 6428 
17767 6407 6400 6387 6427 
17768 6392 6384 6373 6427 
17769 6400 6390 6386 6427 
17770 3804 6422 6420 6437 
17771 6385 6382 6373 6427 
17772 3800 6417 6415 6437 
17773 3804 3806 6422 6437 
17774 6396 6381 6374 6435 
17775 6401 6425 6395 6426 
17776 296 6330 6334 6425 
17777 6399 6385 6390 6428 
17778 6430 6436 6397 300 
17779 6424 6408 6436 6329 
17780 3798 3797 6416 6420 
17781 6411 6405 6421 6428 
17782 6406 6421 6404 6428 
17783 6419 6421 6420 6422 
17784 6381 6370 6365 6435 
17785 6396 6395 6425 6426 
17786 295 6402 6396 6424 
17787 6328 6423 6424 6425 
17788 6374 6365 6364 6435 
17789 6423 6424 6425 6426 
17790 6334 6396 6395 6425 
17791 6411 6407 6388 6428 
17792 6410 6394 6409 6428 
17793 6412 6390 6400 6428 
17794 6389 6378 6426 6435 
17795 6337 6336 6335 6433 
17796 6359 6358 6432 6434 
17797 6412 6421 6399 6428 
17798 6358 6357 6344 6432 
17799 300 6398 6397 6430 
17800 6413 6421 6412 6428 
17801 300 294 6436 293 
17802 6413 6421 6411 6437 
17803 6409 6421 6419 6422 
17804 6410 6421 6409 6422 
17805 6413 6407 6411 6428 
17806 3802 6332 6410 6405 
17807 147 6332 3802 6405 
17808 6328 6330 6423 6425 
17809 6409 6404 6421 6428 
17810 148 6410 6409 6422 
17811 148 6409 6333 6419 
17812 296 6401 6331 6423 
17813 6363 6356 6351 6431 
17814 6328 6334 6330 6425 
17815 6328 300 294 6430 
17816 6331 297 6423 6403 
17817 6400 6386 6375 6427 
17818 6386 6427 6373 6429 
17819 6430 6329 294 6328 
17820 6328 6424 6423 6430 
17821 6411 6388 6405 6428 
17822 6410 6393 6394 6428 
17823 6379 6426 6378 6435 
17824 6416 6420 6406 6421 
17825 6403 6426 6398 6430 
17826 6414 6412 6413 6421 
17827 6409 6394 6392 6428 
17828 6410 6409 6421 6428 
17829 6398 6426 6397 6430 
17830 146 6404 6406 6419 
17831 3797 6406 6416 6420 
17832 6426 6424 6436 6430 
17833 6410 6421 6405 6428 
17834 6430 294 6436 300 
17835 6408 6436 6329 293 
17836 296 6401 6423 6425 
17837 6401 6395 6376 6426 
17838 6411 6421 6405 6422 
17839 6333 6409 6404 6419 
17840 6406 6419 6404 6421 
17841 6384 6373 6427 6429 
17842 6416 6399 6412 6421 
17843 6408 6380 6391 6435 
17844 6394 6384 6392 6427 
17845 6413 6411 6421 6428 
17846 6416 6412 6414 6421 
17847 6388 6387 6371 6427 
17848 3803 148 6333 6419 
17849 6406 6404 6385 6428 
17850 148 6410 299 6409 
17851 6405 6388 6393 6428 
17852 6371 6427 6363 6429 
17853 6410 6405 6393 6428 
17854 6414 6421 6413 6437 
17855 296 6423 6330 6425 
17856 6417 6414 6413 6437 
17857 3801 6422 3806 6437 
17858 6417 6413 6415 6437 
17859 6346 6340 6343 6433 
17860 3800 3805 6417 6437 
17861 6328 6329 295 6424 
17862 6408 6397 6380 6426 
17863 6328 297 300 6430 
17864 3801 3806 3800 6437 
17865 3801 6411 147 6422 
17866 6415 6413 6411 6437 
17867 6328 6424 6430 6329 
17868 6414 6420 6421 6437 
17869 3800 3805 3799 6417 
17870 3798 3805 3804 6420 
17871 6418 6414 6417 6437 
17872 6402 6391 6381 6435 
17873 3806 3805 3800 6437 
17874 6418 6416 6414 6420 
17875 3801 3800 6415 6437 
17876 3805 6418 6417 6437 
17877 3798 3799 3805 6418 
17878 3805 6418 3799 6417 
17879 6411 6421 6422 6437 
17880 3804 3802 148 6422 
17881 3802 6410 148 6422 
17882 147 6411 6405 6422 
17883 3806 147 3802 6422 
17884 6431 6340 6342 6348 
17885 147 6405 3802 6422 
17886 148 6332 299 6410 
17887 3802 6405 6410 6422 
17888 6360 6347 6353 6432 
17889 148 6409 6419 6422 
17890 3804 3806 3802 6422 
17891 6386 6375 6427 6429 
17892 3804 3805 3806 6437 
17893 3801 147 3806 6422 
17894 6412 6400 6407 6428 
17895 6401 6423 6425 6426 
17896 3803 6333 146 6419 
17897 6409 6404 6419 6421 
17898 3804 6419 6420 6422 
17899 3804 148 6419 6422 
17900 297 6403 6331 298 
17901 3798 3804 3797 6420 
17902 3804 146 3797 6420 
17903 6436 6426 6397 6408 
17904 6408 6424 6436 6426 
17905 3804 6420 3805 6437 
17906 3804 148 3803 6419 
17907 3801 6415 6411 6437 
17908 6416 6414 6420 6421 
17909 6430 300 6398 297 
17910 6397 6379 6380 6426 
17911 297 6423 6403 6430 
17912 6391 6369 6370 6434 
17913 6328 295 6334 6424 
17914 6406 6385 6399 6428 
17915 6329 6436 294 293 
17916 6328 6423 297 6430 
17917 6377 6357 6358 6434 
17918 6413 6412 6407 6428 
17919 6347 6336 6337 6433 
17920 6350 6335 6336 6433 
17921 6348 6340 6342 6343 
17922 6406 6399 6421 6428 
17923 6393 6388 6427 6428 
17924 6389 6426 6376 6435 
17925 6398 6379 6397 6426 
17926 6409 6392 6404 6428 
17927 296 6395 6401 6425 
17928 3802 6332 148 6410 
17929 3801 6411 6422 6437 
17930 6343 6342 6336 6433 
17931 300 6398 297 298 
17932 6412 6399 6390 6428 
17933 6350 6341 6335 6433 
17934 3804 3803 146 6419 
17935 298 6398 297 6403 
17936 6403 6398 297 6430 
17937 300 6436 6397 293 
17938 6397 6436 6408 293 
17939 6430 6426 6397 6436 
17940 6518 6496 6506 6526 
17941 6523 6522 6527 6528 
17942 3794 6524 6522 6527 
17943 6518 6527 6528 6529 
17944 6527 6530 6528 6531 
17945 3788 6521 6525 6530 
17946 6521 6528 6527 6530 
17947 3787 6530 3793 6531 
17948 6532 305 6533 6534 
17949 6504 6503 6532 6534 
17950 6439 6532 6511 6535 
17951 6512 6511 6532 6534 
17952 6438 6534 6532 6535 
17953 301 302 6503 6512 
17954 6532 6439 6512 302 
17955 6512 6532 6503 6534 
17956 6478 6468 6469 6536 
17957 6511 6502 6534 6537 
17958 6479 6478 6469 6536 
17959 6485 6482 6536 6538 
17960 6452 6446 6445 6539 
17961 302 6439 6512 301 
17962 6464 6539 6460 6540 
17963 6455 6454 6539 6540 
17964 6464 6455 6539 6540 
17965 6473 6465 6458 6457 
17966 6454 6445 6446 6539 
17967 6465 6457 6450 6541 
17968 6475 6465 6451 6541 
17969 6452 6448 6446 6539 
17970 6464 6448 6456 6539 
17971 6438 6444 6440 6535 
17972 6457 6445 6453 6539 
17973 6459 6448 6452 6541 
17974 6466 6458 6465 6541 
17975 6458 6452 6447 6541 
17976 6470 6461 6453 6540 
17977 6456 6451 6450 6541 
17978 6460 6539 6449 6540 
17979 6456 6450 6539 6541 
17980 6460 6456 6449 6539 
17981 6464 6456 6460 6539 
17982 6466 6452 6458 6541 
17983 6469 6460 6461 6540 
17984 6472 6471 6455 6540 
17985 6459 6451 6456 6541 
17986 6475 6451 6459 6541 
17987 6466 6459 6452 6541 
17988 6471 6454 6455 6540 
17989 6475 6483 6467 6487 
17990 6465 6450 6451 6541 
17991 6452 6448 6539 6541 
17992 6494 6486 6474 6542 
17993 6475 6459 6466 6541 
17994 6487 6467 6475 6466 
17995 6472 6464 6468 6540 
17996 6470 6462 6461 6540 
17997 6470 6463 6536 6540 
17998 6469 6536 6468 6540 
17999 6455 6446 6448 6539 
18000 6482 6468 6478 6536 
18001 6492 6504 6534 6485 
18002 6479 6469 6462 6536 
18003 6534 6485 6537 6492 
18004 6452 6445 6447 6541 
18005 6491 6471 6472 6536 
18006 6473 6465 6466 6458 
18007 6471 6536 6463 6540 
18008 6488 6485 6536 6537 
18009 6471 6463 6454 6540 
18010 6480 6462 6470 6536 
18011 6472 6455 6464 6540 
18012 6517 6526 6509 6528 
18013 6486 6467 6474 6542 
18014 6475 6466 6473 6465 
18015 6483 6475 6473 6465 
18016 6482 6472 6468 6536 
18017 6454 6453 6539 6540 
18018 6474 6473 6467 6458 
18019 6477 6463 6476 6536 
18020 6480 6537 6536 6538 
18021 6457 6539 6450 6541 
18022 6472 6468 6536 6540 
18023 6465 6458 6457 6541 
18024 6476 6463 6471 6536 
18025 6499 6492 6534 6537 
18026 6480 6479 6536 6537 
18027 6493 6474 6483 6542 
18028 6495 6487 6483 6475 
18029 6514 6529 6526 6531 
18030 306 6513 6533 6441 
18031 6474 6483 6467 6473 
18032 6457 6445 6539 6541 
18033 6503 6485 6488 6537 
18034 6496 6486 6526 6542 
18035 6499 6537 6490 6538 
18036 6489 6477 6484 6538 
18037 6480 6479 6462 6536 
18038 6470 6536 6462 6540 
18039 6499 6481 6491 6538 
18040 6455 6454 6446 6539 
18041 6498 6480 6489 6537 
18042 6491 6536 6482 6538 
18043 6513 6533 6441 6534 
18044 6491 6481 6536 6538 
18045 6477 6470 6463 6536 
18046 307 305 6533 6532 
18047 6473 6483 6467 6475 
18048 6502 6501 6534 6537 
18049 6490 6537 6484 6538 
18050 6502 6489 6484 6537 
18051 6481 6476 6536 6538 
18052 6470 6453 6463 6540 
18053 6468 6464 6460 6540 
18054 6452 6539 6445 6541 
18055 6480 6536 6477 6538 
18056 6477 6536 6476 6538 
18057 6454 6453 6445 6539 
18058 6492 6491 6482 6538 
18059 6499 6492 6537 6538 
18060 6485 6536 6537 6538 
18061 6498 6479 6480 6537 
18062 6488 6478 6479 6536 
18063 6491 6472 6482 6536 
18064 6485 6482 6478 6536 
18065 6461 6449 6453 6540 
18066 6496 6487 6467 6542 
18067 6493 6483 6474 6473 
18068 6469 6461 6462 6540 
18069 6517 6508 6497 6526 
18070 6497 6487 6496 6542 
18071 6488 6536 6479 6537 
18072 304 6534 6440 6535 
18073 6511 6498 6489 6537 
18074 6499 6534 6490 6537 
18075 6499 6490 6481 6538 
18076 6438 6440 6534 6535 
18077 6494 6526 6486 6542 
18078 6494 6474 6493 6542 
18079 6475 6466 6465 6541 
18080 6497 6495 6487 6542 
18081 6500 6493 6483 6542 
18082 6495 6483 6487 6542 
18083 6500 6483 6495 6542 
18084 6502 6484 6501 6537 
18085 304 6501 6534 6535 
18086 6501 6484 6490 6537 
18087 6501 6490 6534 6537 
18088 6453 6449 6539 6540 
18089 3795 3793 6527 6529 
18090 6499 6491 6492 6538 
18091 6490 6476 6481 6538 
18092 6503 6485 6537 6534 
18093 6480 6470 6477 6536 
18094 145 6506 6443 6529 
18095 6512 6488 6498 6537 
18096 6443 6506 6505 6529 
18097 6507 6500 6526 6542 
18098 6514 6505 6526 6529 
18099 6506 6486 6505 6526 
18100 6507 6494 6493 6542 
18101 6508 6497 6526 6542 
18102 6507 6493 6500 6542 
18103 6508 6495 6497 6542 
18104 6509 6497 6496 6526 
18105 6520 6526 6517 6528 
18106 145 3791 6518 6529 
18107 6542 6483 6467 6474 
18108 6508 6500 6495 6542 
18109 6507 6526 6494 6542 
18110 3792 6443 6505 6529 
18111 6516 6526 6528 6531 
18112 6518 6528 6526 6529 
18113 6505 6486 6494 6526 
18114 6518 6509 6496 6526 
18115 3791 6522 6518 6527 
18116 6496 6467 6486 6542 
18117 6511 6489 6502 6537 
18118 304 6441 6440 6534 
18119 303 6511 6502 6535 
18120 6498 6488 6479 6537 
18121 6489 6480 6477 6538 
18122 6525 6521 6527 6530 
18123 6456 6539 6448 6541 
18124 6469 6462 6536 6540 
18125 6484 6477 6476 6538 
18126 3796 6525 6527 6530 
18127 6444 6502 6501 6535 
18128 6438 6532 6439 6535 
18129 6497 6496 6526 6542 
18130 6510 6490 6499 6534 
18131 3793 6527 6529 6531 
18132 6485 6504 6534 6503 
18133 6441 6533 305 6534 
18134 307 6504 6503 6532 
18135 6513 6499 6492 6534 
18136 6512 6498 6511 6537 
18137 6502 6534 6501 6535 
18138 6487 6483 6467 6542 
18139 6514 6505 6494 6526 
18140 6475 6467 6473 6466 
18141 304 6444 6501 6535 
18142 6438 303 6444 6535 
18143 302 307 6503 6532 
18144 6472 6536 6471 6540 
18145 306 305 6533 307 
18146 6512 6534 6503 6537 
18147 303 6502 6444 6535 
18148 304 6440 6444 6535 
18149 6473 6466 6467 6458 
18150 6439 6511 303 6535 
18151 3793 3796 6527 6530 
18152 3792 6443 6442 6505 
18153 6515 6507 6500 6526 
18154 145 6518 6506 6529 
18155 6511 6534 6502 6535 
18156 6439 6512 6511 6532 
18157 143 3792 6514 6531 
18158 145 6443 3792 6529 
18159 6524 6523 6522 6527 
18160 6525 6521 6523 6527 
18161 3795 6527 3791 6529 
18162 6438 6440 305 6534 
18163 304 6501 6510 6534 
18164 6492 6482 6485 6538 
18165 6510 6501 6490 6534 
18166 6438 6439 303 6535 
18167 6513 6492 6504 6534 
18168 6481 6476 6471 6536 
18169 6491 6481 6471 6536 
18170 302 307 301 6503 
18171 6512 6511 6534 6537 
18172 6457 6453 6450 6539 
18173 6512 302 6503 6532 
18174 304 6510 6441 6534 
18175 6516 6514 6507 6526 
18176 6516 6526 6515 6528 
18177 6519 6516 6515 6528 
18178 6520 6515 6500 6526 
18179 6516 6507 6515 6526 
18180 6520 6515 6526 6528 
18181 3792 6442 6514 6505 
18182 6516 6514 6526 6531 
18183 6514 6494 6507 6526 
18184 6518 6509 6526 6528 
18185 6506 6496 6486 6526 
18186 6522 6517 6509 6528 
18187 6523 6520 6517 6528 
18188 3787 6516 6519 6531 
18189 6523 6517 6522 6528 
18190 6526 6529 6528 6531 
18191 6520 6519 6515 6528 
18192 6519 6516 6528 6531 
18193 3791 6527 6518 6529 
18194 6517 6497 6509 6526 
18195 6469 6468 6460 6540 
18196 6522 6518 6527 6528 
18197 3788 6525 3796 6530 
18198 3788 6519 6521 6530 
18199 3792 6529 6514 6531 
18200 143 6516 3787 6531 
18201 3794 6524 3790 6522 
18202 3792 6505 6514 6529 
18203 3794 144 3790 6524 
18204 3793 6530 6527 6531 
18205 3794 6525 144 6524 
18206 6527 6528 6529 6531 
18207 145 3795 3791 6529 
18208 3787 6519 6530 6531 
18209 6523 6521 6520 6528 
18210 6525 6523 6524 6527 
18211 3796 3789 144 6525 
18212 143 6514 6516 6531 
18213 3793 3796 3794 6527 
18214 6521 6519 6528 6530 
18215 6521 6519 6520 6528 
18216 3796 6525 3794 6527 
18217 6519 6528 6530 6531 
18218 3788 3789 3796 6525 
18219 3795 3793 3794 6527 
18220 3795 3792 3793 6529 
18221 3787 3788 3796 6530 
18222 3791 3794 3790 6522 
18223 3794 6525 6524 6527 
18224 3787 6519 3788 6530 
18225 143 3787 3793 6531 
18226 145 3792 3795 6529 
18227 3787 3796 3793 6530 
18228 3795 3794 3791 6527 
18229 3796 144 3794 6525 
18230 3791 3794 6522 6527 
18231 6523 6527 6521 6528 
18232 3793 6529 3792 6531 
18233 143 6514 3792 6442 
18234 6520 6508 6517 6526 
18235 6518 6526 6506 6529 
18236 6520 6500 6508 6526 
18237 6522 6509 6518 6528 
18238 143 3793 3792 6531 
18239 6506 6526 6505 6529 
18240 6508 6526 6500 6542 
18241 306 6504 6533 6513 
18242 6440 6441 305 6534 
18243 302 6438 307 6532 
18244 6511 6532 6534 6535 
18245 6453 6449 6450 6539 
18246 6492 6485 6537 6538 
18247 6488 6485 6478 6536 
18248 6441 6510 6513 6534 
18249 6513 6510 6499 6534 
18250 6489 6537 6480 6538 
18251 6489 6484 6537 6538 
18252 302 6439 6438 6532 
18253 6438 305 6532 6534 
18254 6438 305 307 6532 
18255 6458 6447 6457 6541 
18256 6463 6453 6454 6540 
18257 6459 6456 6448 6541 
18258 6461 6460 6449 6540 
18259 6490 6484 6476 6538 
18260 6464 6455 6448 6539 
18261 6456 6450 6449 6539 
18262 6457 6447 6445 6541 
18263 6512 6503 6488 6537 
18264 306 6533 6504 307 
18265 307 6533 6504 6532 
18266 6532 6533 6504 6534 
18267 6504 6533 6513 6534 
18268 306 6441 6533 305 
18269 311 6608 6623 6634 
18270 311 6623 6546 6634 
18271 6544 6624 310 6635 
18272 6554 6636 6551 6637 
18273 309 315 6610 6638 
18274 6624 6609 6635 6639 
18275 6561 6558 6559 6637 
18276 315 6611 6610 6638 
18277 6623 6634 6608 6639 
18278 6626 6611 6639 6640 
18279 6626 6639 6623 6640 
18280 6562 6560 6553 6637 
18281 6561 6557 6556 6637 
18282 6560 6552 6558 6637 
18283 6570 6562 6563 6637 
18284 6563 6562 6553 6637 
18285 6575 6565 6556 6636 
18286 6570 6563 6636 6637 
18287 6559 6550 6551 6637 
18288 6575 6557 6566 6636 
18289 6586 6636 6576 6641 
18290 6571 6636 6565 6641 
18291 6563 6556 6636 6637 
18292 6586 6566 6576 6636 
18293 6564 6636 6555 6637 
18294 6546 6626 313 6634 
18295 6564 6555 6552 6637 
18296 6561 6556 6553 6637 
18297 6569 6560 6561 6553 
18298 6558 6552 6554 6637 
18299 6570 6564 6562 6637 
18300 6560 6569 6558 6568 
18301 6559 6551 6557 6637 
18302 6578 6579 6558 6559 
18303 6564 6552 6562 6637 
18304 6583 6567 6555 6636 
18305 6583 6572 6567 6636 
18306 313 6626 6611 6634 
18307 6583 6636 6564 6641 
18308 6611 6638 6634 6639 
18309 6555 6554 6552 6637 
18310 6567 6551 6554 6636 
18311 6577 6568 6569 6560 
18312 6561 6560 6558 6637 
18313 6578 6569 6577 6568 
18314 6617 6601 6642 6643 
18315 6579 6578 6577 6642 
18316 6580 6577 6579 6569 
18317 6559 6558 6550 6637 
18318 6589 6579 6580 6642 
18319 6565 6563 6556 6636 
18320 310 6624 6609 6635 
18321 6562 6552 6560 6637 
18322 6633 6622 6629 6644 
18323 6590 6580 6577 6642 
18324 6576 6636 6572 6641 
18325 6571 6570 6563 6636 
18326 6571 6563 6565 6636 
18327 6567 6554 6555 6636 
18328 6580 6579 6577 6642 
18329 6595 6574 6585 6645 
18330 6568 6569 6558 6578 
18331 6581 6573 6570 6641 
18332 6586 6575 6566 6636 
18333 6587 6576 6582 6645 
18334 6576 6567 6572 6636 
18335 6593 6572 6641 6645 
18336 6591 6641 6574 6645 
18337 6583 6572 6636 6641 
18338 6594 6593 6583 6641 
18339 6593 6582 6572 6645 
18340 6571 6570 6636 6641 
18341 6567 6566 6551 6636 
18342 6543 309 6635 6638 
18343 6558 6554 6550 6637 
18344 6591 6584 6641 6645 
18345 6599 6578 6579 6642 
18346 6555 6636 6554 6637 
18347 6575 6556 6557 6636 
18348 6586 6575 6636 6641 
18349 6596 6586 6587 6645 
18350 6586 6585 6575 6641 
18351 6561 6559 6557 6637 
18352 6581 6571 6574 6641 
18353 6583 6555 6564 6636 
18354 6594 6583 6573 6641 
18355 6544 309 308 6625 
18356 6620 6644 6619 6646 
18357 6606 6596 6640 6645 
18358 6588 6577 6578 6642 
18359 6585 6574 6565 6641 
18360 6583 6564 6573 6641 
18361 6593 6640 6582 6645 
18362 6582 6576 6572 6645 
18363 6587 6586 6576 6645 
18364 6584 6573 6581 6641 
18365 6593 6572 6583 6641 
18366 6606 6640 6602 6645 
18367 6557 6636 6556 6637 
18368 6594 6641 6584 6645 
18369 6605 6594 6603 6640 
18370 6570 6564 6636 6641 
18371 6576 6566 6567 6636 
18372 6585 6574 6641 6645 
18373 6605 6593 6594 6640 
18374 6579 6569 6558 6561 
18375 6592 6640 6584 6645 
18376 6590 6577 6580 6569 
18377 6605 6604 6593 6640 
18378 6594 6573 6584 6641 
18379 6581 6570 6571 6641 
18380 6610 6597 6604 6640 
18381 6611 6597 6610 6640 
18382 6598 6590 6577 6642 
18383 6606 6602 6595 6645 
18384 6592 6584 6591 6645 
18385 6575 6565 6636 6641 
18386 6579 6577 6578 6569 
18387 6599 6579 6589 6642 
18388 6591 6581 6574 6641 
18389 6625 6604 6605 6640 
18390 6595 6591 6574 6645 
18391 6603 6584 6592 6640 
18392 6587 6582 6640 6645 
18393 6602 6640 6592 6645 
18394 6614 6600 6588 6643 
18395 6596 6585 6586 6645 
18396 6554 6551 6550 6637 
18397 6586 6641 6576 6645 
18398 6586 6585 6641 6645 
18399 6624 6603 6609 6639 
18400 6607 6596 6587 6640 
18401 6623 6639 6602 6640 
18402 6607 6587 6597 6640 
18403 6626 6607 6611 6640 
18404 6626 6634 6623 6639 
18405 6625 6639 6610 6640 
18406 6623 6602 6606 6640 
18407 6549 6635 6609 6639 
18408 6609 6603 6592 6639 
18409 6625 6624 6639 6640 
18410 6609 6592 6608 6639 
18411 6608 6549 6647 311 
18412 6598 6642 6588 6643 
18413 6594 6584 6640 6645 
18414 6625 6605 6624 6640 
18415 6597 6587 6582 6640 
18416 6604 6582 6593 6640 
18417 6602 6592 6591 6645 
18418 6633 6629 6632 6644 
18419 6585 6565 6575 6641 
18420 6599 6588 6578 6642 
18421 6576 6641 6572 6645 
18422 6617 6601 6590 6642 
18423 6602 6639 6592 6640 
18424 6566 6557 6551 6636 
18425 6625 6610 6604 6640 
18426 6617 6590 6598 6642 
18427 6634 312 315 6611 
18428 6607 6606 6596 6640 
18429 6614 6588 6599 6643 
18430 6574 6571 6565 6641 
18431 6615 6599 6613 6643 
18432 6628 6619 6614 6643 
18433 6613 6589 6601 6642 
18434 6600 6598 6588 6643 
18435 6627 6615 6613 6644 
18436 6628 6614 6615 6643 
18437 6588 6578 6577 6568 
18438 6613 6643 6612 6644 
18439 6620 6616 6600 6643 
18440 6603 6594 6584 6640 
18441 6628 6619 6643 6644 
18442 6628 6643 6615 6644 
18443 6630 6643 6620 6644 
18444 3921 6630 3920 6646 
18445 6620 6600 6619 6643 
18446 6626 6611 6634 6639 
18447 6602 6591 6595 6645 
18448 6549 6635 6639 6647 
18449 6639 6549 6647 6608 
18450 6625 6635 6638 6639 
18451 6549 6543 6647 6545 
18452 6624 6605 6603 6640 
18453 6618 6613 6612 6644 
18454 6611 6610 6638 6639 
18455 6596 6587 6640 6645 
18456 312 6543 6647 315 
18457 6611 6607 6597 6640 
18458 309 315 308 6610 
18459 6594 6640 6593 6645 
18460 6635 6543 6647 6549 
18461 6544 6625 6624 6635 
18462 6629 6622 6617 6643 
18463 6625 6638 6610 6639 
18464 6549 6609 6608 6639 
18465 310 6609 6549 6635 
18466 6616 6598 6600 6643 
18467 6543 315 309 6638 
18468 6647 6635 6639 6638 
18469 312 313 315 6611 
18470 6545 6543 6647 312 
18471 6546 313 312 6634 
18472 6622 6601 6617 6643 
18473 6601 6580 6590 6642 
18474 6628 6619 6644 6646 
18475 6621 6617 6616 6643 
18476 6625 6624 6635 6639 
18477 6629 6617 6621 6643 
18478 6603 6592 6639 6640 
18479 6624 6603 6639 6640 
18480 6601 6589 6580 6642 
18481 312 313 6611 6634 
18482 6573 6564 6570 6641 
18483 6632 6621 6630 6644 
18484 6622 6612 6601 6643 
18485 6596 6595 6585 6645 
18486 154 6547 314 6646 
18487 6627 6613 6618 6644 
18488 152 154 6548 6646 
18489 3921 154 152 6646 
18490 6615 6614 6599 6643 
18491 6626 6606 6607 6640 
18492 6598 6577 6588 6642 
18493 6630 6616 6620 6643 
18494 6617 6642 6598 6643 
18495 6599 6588 6642 6643 
18496 6608 6592 6602 6639 
18497 6631 6612 6622 6644 
18498 153 6620 6619 6646 
18499 153 6547 154 6646 
18500 6604 6597 6582 6640 
18501 3920 6630 6620 6646 
18502 6619 6600 6614 6643 
18503 154 314 6548 6646 
18504 6631 6618 6612 6644 
18505 6632 6629 6621 6644 
18506 6561 6553 6560 6637 
18507 6630 6621 6643 6644 
18508 6613 6599 6589 6642 
18509 6633 6631 6622 6644 
18510 6611 6634 6638 315 
18511 6591 6584 6581 6641 
18512 6617 6598 6616 6643 
18513 6628 6644 6627 6646 
18514 6623 6608 6602 6639 
18515 6613 6599 6642 6643 
18516 3921 6632 6630 6644 
18517 309 6625 6635 6638 
18518 6606 6595 6596 6645 
18519 6545 6546 6647 311 
18520 6620 6643 6619 6644 
18521 6629 6622 6643 6644 
18522 6613 6642 6601 6643 
18523 314 6627 6548 6646 
18524 153 6619 6547 6646 
18525 3921 6631 6633 6644 
18526 3921 152 3917 6631 
18527 3921 6631 6644 6646 
18528 6622 6612 6643 6644 
18529 6629 6643 6621 6644 
18530 3921 6632 3919 6630 
18531 6631 6618 6644 6646 
18532 3921 6644 6630 6646 
18533 6547 6619 6628 6646 
18534 3918 3921 6633 6632 
18535 3921 6633 6632 6644 
18536 6627 6644 6618 6646 
18537 3918 3919 3921 6632 
18538 3921 3917 6633 6631 
18539 309 308 6625 6610 
18540 6563 6553 6556 6637 
18541 3920 6620 153 6646 
18542 152 6548 6618 6646 
18543 3921 152 6631 6646 
18544 6559 6579 6558 6561 
18545 3918 3921 3917 6633 
18546 6630 6644 6620 6646 
18547 152 6618 6631 6646 
18548 6615 6643 6613 6644 
18549 3921 3919 3920 6630 
18550 6594 6593 6641 6645 
18551 6545 312 6647 6546 
18552 309 6610 6625 6638 
18553 315 6543 6647 6638 
18554 6626 6623 6606 6640 
18555 6638 6543 6647 6635 
18556 6628 6615 6627 6644 
18557 6543 309 6544 6635 
18558 6613 6601 6612 6643 
18559 6544 309 6625 6635 
18560 6557 6551 6636 6637 
18561 6546 6647 311 6634 
18562 6578 6569 6558 6579 
18563 6548 6627 6618 6646 
18564 6561 6569 6558 6560 
18565 3921 153 154 6646 
18566 6630 6621 6616 6643 
18567 6547 6628 314 6646 
18568 6546 6623 6626 6634 
18569 6570 6636 6564 6637 
18570 6543 310 6549 6635 
18571 314 6628 6627 6646 
18572 3921 3920 153 6646 
18573 6611 6610 6639 6640 
18574 6543 6544 310 6635 
18575 311 6608 6634 6647 
18576 312 6647 6546 6634 
18577 312 6647 6634 315 
18578 315 6647 6634 6638 
18579 6638 6647 6634 6639 
18580 6647 6608 6634 6639 
18581 6545 311 6647 6549 
18582 149 6708 6727 6740 
18583 6729 6740 6741 6742 
18584 3914 6725 6740 6741 
18585 6723 6722 6708 6740 
18586 3911 149 6727 6740 
18587 3915 6741 6740 6742 
18588 6726 6740 6725 6741 
18589 6730 6729 6741 6742 
18590 6738 6729 6730 6742 
18591 3915 6741 6742 6743 
18592 6729 6740 6726 6741 
18593 6730 6742 6741 6743 
18594 6651 6734 321 6744 
18595 6734 6744 6731 6745 
18596 6732 6745 6719 6746 
18597 319 6744 6650 6747 
18598 318 6719 6654 6746 
18599 6651 321 320 6744 
18600 6648 6746 6747 6748 
18601 319 6650 6654 6747 
18602 6687 6686 6666 6749 
18603 6672 6663 6657 6750 
18604 6668 6655 6660 6751 
18605 6711 6687 6676 6749 
18606 6661 6751 6656 6752 
18607 6648 6650 6744 6747 
18608 6669 6665 6661 6752 
18609 6670 6656 6662 6752 
18610 6666 6659 6656 6751 
18611 6674 6665 6669 6752 
18612 6681 6670 6662 6750 
18613 6670 6669 6661 6752 
18614 6680 6669 6670 6750 
18615 6677 6660 6749 6751 
18616 6687 6666 6676 6749 
18617 6698 6688 6677 6749 
18618 6691 6671 6682 6753 
18619 6664 6750 6657 6752 
18620 6673 6657 6664 6750 
18621 6668 6664 6657 6752 
18622 6674 6750 6664 6752 
18623 6681 6680 6670 6750 
18624 6687 6686 6749 6754 
18625 6672 6671 6663 6750 
18626 6668 6667 6658 6751 
18627 6684 6674 6679 6750 
18628 6663 6662 6659 6752 
18629 6706 6698 6749 6754 
18630 6674 6664 6658 6752 
18631 6678 6672 6750 6753 
18632 6691 6681 6671 6753 
18633 6681 6662 6671 6750 
18634 6659 6751 6655 6752 
18635 6670 6662 6750 6752 
18636 6684 6664 6674 6750 
18637 6678 6672 6673 6750 
18638 6680 6679 6669 6750 
18639 6691 6690 6681 6753 
18640 6690 6689 6680 6753 
18641 321 6734 6721 6744 
18642 319 6651 6650 6744 
18643 6702 6682 6692 6755 
18644 6682 6671 6672 6753 
18645 6685 6684 6679 6750 
18646 6734 6721 6744 6745 
18647 6694 6684 6685 6750 
18648 6689 6679 6680 6750 
18649 6731 6718 6745 6747 
18650 6694 6673 6684 6750 
18651 6689 6685 6679 6750 
18652 6694 6683 6750 6753 
18653 6688 6677 6749 6751 
18654 6668 6751 6658 6752 
18655 6668 6658 6664 6752 
18656 6667 6665 6658 6751 
18657 6683 6678 6750 6753 
18658 6663 6655 6657 6752 
18659 6711 6688 6698 6749 
18660 6706 6698 6677 6749 
18661 6679 6674 6669 6750 
18662 6745 6747 6746 6748 
18663 6672 6671 6750 6753 
18664 3914 6653 6725 6741 
18665 6684 6673 6664 6750 
18666 3916 6741 3915 6743 
18667 3915 6742 6737 6743 
18668 3912 150 6739 6743 
18669 6668 6655 6751 6752 
18670 3915 6737 150 6743 
18671 6738 6742 6730 6743 
18672 6683 6678 6753 6755 
18673 6663 6750 6662 6752 
18674 6673 6672 6657 6750 
18675 6718 6746 6745 6747 
18676 6706 6677 6675 6749 
18677 6697 6686 6687 6754 
18678 6674 6669 6750 6752 
18679 6676 6749 6666 6751 
18680 6701 6755 6756 6714 
18681 3913 3912 6738 6743 
18682 3913 6738 6730 6743 
18683 6701 6690 6691 6753 
18684 6692 6702 6755 6756 
18685 6701 6700 6690 6753 
18686 6694 6683 6753 6755 
18687 6682 6672 6678 6753 
18688 6720 6733 6757 6745 
18689 6671 6662 6663 6750 
18690 6676 6666 6661 6751 
18691 6732 6745 6746 6748 
18692 6704 6685 6695 6755 
18693 6717 6704 6695 6755 
18694 319 6654 6718 6747 
18695 6649 317 316 6748 
18696 6695 6685 6689 6755 
18697 6706 6675 6686 6749 
18698 6663 6657 6750 6752 
18699 6654 6719 6718 6746 
18700 316 6733 6757 6720 
18701 6689 6685 6750 6753 
18702 6692 6682 6678 6755 
18703 6648 6746 6654 6747 
18704 6721 6720 6744 6745 
18705 6648 318 6746 6748 
18706 6675 6660 6659 6751 
18707 6694 6753 6685 6755 
18708 6676 6661 6667 6751 
18709 6702 6691 6682 6753 
18710 6660 6655 6659 6751 
18711 6682 6753 6678 6755 
18712 6721 6705 6720 6745 
18713 6702 6701 6691 6753 
18714 6666 6656 6661 6751 
18715 6727 6697 6710 6754 
18716 6675 6749 6660 6751 
18717 6677 6660 6675 6749 
18718 6724 6698 6709 6754 
18719 6709 6706 6707 6754 
18720 6722 6706 6696 6754 
18721 6688 6668 6677 6751 
18722 6719 6713 6699 6756 
18723 6719 6699 6745 6756 
18724 6713 6692 6699 6756 
18725 6697 6696 6686 6754 
18726 6709 6698 6706 6754 
18727 6648 6744 320 322 
18728 6724 6711 6698 6754 
18729 3911 6727 6737 6740 
18730 6711 6687 6749 6754 
18731 6733 6715 6732 6756 
18732 6665 6658 6751 6752 
18733 6688 6749 6676 6751 
18734 6706 6749 6686 6754 
18735 6649 316 6733 6748 
18736 6683 6678 6673 6750 
18737 6700 6695 6689 6755 
18738 6732 6713 6719 6756 
18739 6756 6701 6715 6702 
18740 6714 6700 6701 6755 
18741 6715 6713 6756 6702 
18742 6748 6745 6744 6757 
18743 6712 6693 6703 6756 
18744 6732 6719 6745 6756 
18745 6700 6689 6690 6753 
18746 6693 6678 6683 6755 
18747 6702 6713 6756 6692 
18748 6733 6714 6715 6756 
18749 6731 6712 6716 6745 
18750 6712 6745 6699 6756 
18751 6718 6699 6712 6745 
18752 6694 6683 6673 6750 
18753 3913 3916 3912 6743 
18754 6733 6732 6745 6756 
18755 6699 6692 6693 6756 
18756 6668 6657 6655 6752 
18757 6717 6745 6716 6756 
18758 6733 6745 6720 6756 
18759 6712 6699 6693 6756 
18760 6704 6703 6694 6755 
18761 6717 6755 6705 6756 
18762 6736 6735 6728 6754 
18763 6675 6666 6749 6751 
18764 6693 6692 6755 6756 
18765 6703 6693 6755 6756 
18766 6674 6658 6665 6752 
18767 6703 6693 6683 6755 
18768 6716 6745 6712 6756 
18769 6665 6751 6661 6752 
18770 6716 6703 6704 6755 
18771 6727 6708 6697 6754 
18772 6733 6720 6714 6756 
18773 6670 6661 6656 6752 
18774 6733 6745 6732 6748 
18775 6732 6715 6713 6756 
18776 6714 6705 6755 6756 
18777 6649 6733 6732 6748 
18778 6734 6717 6721 6745 
18779 6716 6703 6755 6756 
18780 6690 6680 6681 6753 
18781 6721 6717 6705 6745 
18782 6648 6747 6744 6748 
18783 6706 6686 6696 6754 
18784 6726 6709 6707 6754 
18785 6722 6707 6706 6754 
18786 6735 6727 6710 6754 
18787 6659 6656 6751 6752 
18788 6722 6708 6740 6754 
18789 6725 6722 6723 6740 
18790 3915 3914 6740 6741 
18791 6662 6656 6659 6752 
18792 6728 6711 6724 6754 
18793 6728 6710 6711 6754 
18794 6735 6710 6728 6754 
18795 6729 6724 6709 6754 
18796 6711 6676 6688 6749 
18797 6717 6716 6704 6755 
18798 6654 6746 6718 6747 
18799 6648 6654 6650 6747 
18800 6663 6659 6655 6752 
18801 6717 6705 6745 6756 
18802 319 6718 6731 6747 
18803 6710 6697 6687 6754 
18804 316 317 6757 6748 
18805 6714 6705 6700 6755 
18806 6649 6732 318 6748 
18807 6731 6718 6712 6745 
18808 6734 6716 6717 6745 
18809 6719 6745 6718 6746 
18810 318 6732 6746 6748 
18811 6648 318 6654 6746 
18812 319 6731 6744 6747 
18813 322 6744 6757 6648 
18814 6651 6731 6734 6744 
18815 6702 6701 6753 6755 
18816 322 6720 6757 6744 
18817 6670 6750 6669 6752 
18818 6725 6707 6722 6740 
18819 6736 6728 6724 6754 
18820 6688 6676 6667 6751 
18821 6677 6668 6660 6751 
18822 6730 6729 6726 6741 
18823 6738 6736 6729 6742 
18824 3914 6725 6723 6740 
18825 3914 6725 6652 6723 
18826 6737 6740 6727 6742 
18827 149 6723 6708 6740 
18828 6722 6696 6708 6754 
18829 6711 6710 6687 6754 
18830 6701 6700 6753 6755 
18831 3914 6653 6652 6725 
18832 6681 6680 6750 6753 
18833 6729 6740 6742 6754 
18834 6726 6707 6725 6740 
18835 3916 6730 151 6741 
18836 6737 6727 6735 6742 
18837 6727 6742 6740 6754 
18838 151 6730 6726 6741 
18839 6722 6740 6707 6754 
18840 151 6726 6653 6741 
18841 151 6653 3914 6741 
18842 3916 151 3914 6741 
18843 6726 6725 6653 6741 
18844 3913 6730 3916 6743 
18845 6711 6749 6698 6754 
18846 6667 6661 6665 6751 
18847 6736 6729 6742 6754 
18848 6729 6726 6740 6754 
18849 6729 6709 6726 6754 
18850 6681 6750 6671 6753 
18851 3911 3915 149 6740 
18852 6700 6689 6753 6755 
18853 3911 150 3915 6737 
18854 6648 6650 320 6744 
18855 6731 6745 6744 6747 
18856 6739 6735 6736 6742 
18857 318 6732 6719 6746 
18858 6720 6705 6714 6756 
18859 6689 6750 6680 6753 
18860 6720 6745 6705 6756 
18861 6714 6701 6715 6756 
18862 322 6744 320 6721 
18863 3916 3915 3912 6743 
18864 6702 6753 6682 6755 
18865 6694 6750 6685 6753 
18866 322 317 6757 316 
18867 6745 6733 6757 6748 
18868 149 3914 6652 6723 
18869 6739 6737 6742 6743 
18870 6686 6675 6666 6749 
18871 150 6737 6739 6743 
18872 6726 6707 6740 6754 
18873 6735 6742 6727 6754 
18874 149 3914 6723 6740 
18875 6739 6736 6738 6742 
18876 3915 3914 149 6740 
18877 3915 6740 6737 6742 
18878 6739 6742 6738 6743 
18879 6736 6724 6729 6754 
18880 6739 6737 6735 6742 
18881 3912 6739 6738 6743 
18882 3912 3915 150 6743 
18883 3916 3914 3915 6741 
18884 3911 6737 3915 6740 
18885 6727 6740 6708 6754 
18886 3916 6730 6741 6743 
18887 6736 6742 6735 6754 
18888 3913 151 3916 6730 
18889 6650 6651 320 6744 
18890 6734 6731 6716 6745 
18891 6648 6757 317 6748 
18892 6719 6699 6718 6745 
18893 6702 6755 6756 6701 
18894 6744 6747 6745 6748 
18895 319 6731 6651 6744 
18896 6717 6716 6755 6756 
18897 6744 6757 6648 6748 
18898 6648 317 6649 6748 
18899 6648 6649 318 6748 
18900 6704 6694 6685 6755 
18901 6675 6659 6666 6751 
18902 6721 6720 322 6744 
18903 6705 6695 6700 6755 
18904 6703 6683 6694 6755 
18905 6689 6685 6753 6755 
18906 6708 6696 6697 6754 
18907 6693 6692 6678 6755 
18908 6688 6667 6668 6751 
18909 322 6648 6757 317 
18910 6717 6695 6705 6755 
18911 6716 6712 6703 6756 
18912 320 6721 321 322 
18913 6744 320 6721 321 
18914 322 6757 6720 316 
18915 6748 316 6733 6757 
18916 6757 6745 6744 6720 
28647 10146 10123 10133 10148 
28648 10146 10135 10123 10148 
28649 10141 10148 10135 10149 
28650 10133 10148 10132 10149 
28651 10142 10148 10141 10149 
28652 10132 10148 10131 10149 
28653 10142 10136 10129 10148 
28654 10131 10148 10121 10149 
28655 10136 10121 10129 10148 
28656 10144 10149 10143 10150 
28657 10087 10079 10076 10151 
28658 10088 10072 10152 10153 
28659 10094 10086 10077 10151 
28660 10073 10069 10151 10152 
28661 10085 10075 10081 10152 
28662 10082 10081 10072 10153 
28663 10090 10074 10084 10152 
28664 10081 10152 10072 10153 
28665 10090 10083 10074 10152 
28666 10076 10074 10073 10152 
28667 10090 10084 10085 10152 
28668 10085 10152 10081 10153 
28669 10077 10069 10070 10151 
28670 10076 10151 10068 10152 
28671 10075 10067 10072 10152 
28672 10088 10073 10083 10152 
28673 10094 10078 10080 10151 
28674 10078 10077 10070 10151 
28675 10096 10087 10095 10080 
28676 10103 10086 10094 10151 
28677 10084 10076 10079 10068 
28678 10071 10070 10068 10151 
28679 10095 10103 10094 10087 
28680 10094 10080 10087 10151 
28681 10078 10070 10071 10151 
28682 10088 10152 10083 10153 
28683 10083 10073 10074 10152 
28684 10088 10082 10072 10153 
28685 10099 10085 10091 10153 
28686 10070 10069 10067 10152 
28687 10075 10068 10067 10152 
28688 10084 10068 10075 10152 
28689 10063 542 10150 10154 
28690 10085 10084 10075 10152 
28691 10092 10088 10083 10153 
28692 10093 10083 10090 10153 
28693 10088 10072 10069 10152 
28694 10086 10069 10077 10151 
28695 10097 10082 10088 10153 
28696 10099 10090 10085 10153 
28697 10062 539 10142 10155 
28698 10089 10081 10082 10153 
28699 541 10062 10141 10155 
28700 10090 10083 10152 10153 
28701 10099 10093 10090 10153 
28702 10087 10106 10096 10103 
28703 10109 10102 10099 10156 
28704 10095 10087 10094 10080 
28705 10098 10089 10097 10156 
28706 10103 10076 10086 10151 
28707 10093 10092 10083 10153 
28708 10079 10068 10076 10151 
28709 10090 10152 10085 10153 
28710 10103 10094 10087 10151 
28711 10097 10088 10092 10153 
28712 10113 10104 10106 10103 
28713 10108 10100 10091 10156 
28714 10097 10089 10082 10153 
28715 10103 10096 10095 10104 
28716 10097 10153 10092 10156 
28717 10095 10080 10094 10078 
28718 10080 10078 10071 10151 
28719 10099 10153 10091 10156 
28720 10114 10106 10104 10096 
28721 10114 10096 10104 10095 
28722 10091 10085 10081 10153 
28723 10091 10081 10089 10153 
28724 10118 10100 10108 10156 
28725 10112 10101 10092 10156 
28726 10107 10098 10097 10156 
28727 10119 10098 10117 10157 
28728 540 10065 539 10150 
28729 10122 10102 10110 10157 
28730 10118 10100 10156 10157 
28731 10108 10091 10089 10156 
28732 10110 10102 10109 10157 
28733 10081 10075 10072 10152 
28734 10091 10153 10089 10156 
28735 542 10146 10150 10154 
28736 10097 10089 10153 10156 
28737 539 10136 10142 10155 
28738 10079 10071 10068 10151 
28739 10101 10097 10092 10156 
28740 10108 10089 10098 10156 
28741 10093 10092 10153 10156 
28742 10114 10106 10113 10104 
28743 10096 10115 10158 10106 
28744 10099 10093 10153 10156 
28745 10087 10096 10095 10103 
28746 10146 10150 10154 10155 
28747 10094 10077 10078 10151 
28748 10114 10105 10096 10095 
28749 10105 10115 10158 10096 
28750 10134 10114 10113 10104 
28751 10102 10093 10099 10156 
28752 10114 10134 10158 10125 
28753 10115 10113 10159 10158 
28754 10116 10115 10105 10096 
28755 10107 10156 10101 10157 
28756 10138 10127 10159 10160 
28757 10127 10115 10126 10159 
28758 10139 10116 10115 10159 
28759 10159 10125 10105 10158 
28760 10117 10107 10111 10157 
28761 10120 10109 10100 10157 
28762 10124 10112 10122 10156 
28763 10109 10099 10100 10156 
28764 10122 10112 10102 10156 
28765 10120 10110 10109 10157 
28766 10100 10099 10091 10156 
28767 10122 10156 10102 10157 
28768 10143 10149 10136 10150 
28769 540 10063 10150 10154 
28770 10107 10098 10156 10157 
28771 266 10140 10139 10160 
28772 5894 10127 10138 10160 
28773 10119 10117 10148 10157 
28774 10124 10156 10122 10157 
28775 10080 10071 10079 10151 
28776 10114 10095 10104 10094 
28777 10140 10159 10139 10160 
28778 10119 10118 10108 10156 
28779 10140 10137 10159 10160 
28780 10103 10106 10096 10104 
28781 10106 10115 10158 10113 
28782 10126 10159 10113 10134 
28783 10115 10126 10159 10113 
28784 10119 10156 10098 10157 
28785 10128 10119 10117 10148 
28786 10117 10111 10148 10157 
28787 10133 10148 10111 10157 
28788 10112 10092 10093 10156 
28789 10123 10117 10111 10148 
28790 10140 10116 10139 10159 
28791 10124 10101 10156 10157 
28792 10147 10126 10134 10159 
28793 10112 10093 10102 10156 
28794 10104 10103 10094 10095 
28795 10130 10118 10119 10157 
28796 10138 10127 10126 10159 
28797 10131 10110 10121 10157 
28798 10087 10080 10079 10151 
28799 544 10144 543 10150 
28800 10132 10122 10131 10157 
28801 10133 10111 10124 10157 
28802 10117 10098 10107 10157 
28803 10125 10105 10116 10159 
28804 543 10143 10065 10150 
28805 10119 10118 10156 10157 
28806 10130 10119 10128 10148 
28807 10145 10133 10132 10149 
28808 10135 10128 10123 10148 
28809 10143 10131 10121 10149 
28810 10141 10128 10135 10148 
28811 10146 10135 10149 10155 
28812 10119 10108 10098 10156 
28813 540 10150 539 10155 
28814 10133 10123 10111 10148 
28815 10131 10122 10110 10157 
28816 10136 10150 10149 10155 
28817 544 542 10145 10150 
28818 10136 10121 10148 10149 
28819 10144 10131 10143 10149 
28820 10132 10124 10122 10157 
28821 10139 10115 10127 10159 
28822 10070 10067 10068 10152 
28823 10137 10134 10125 10159 
28824 10147 10134 10137 10159 
28825 10140 10137 10125 10159 
28826 266 5895 10140 10160 
28827 10125 10134 10158 10159 
28828 267 10147 268 10160 
28829 10139 10159 10127 10160 
28830 10146 10148 10133 10149 
28831 10146 10149 10150 10155 
28832 10109 10156 10100 10157 
28833 10121 10110 10120 10157 
28834 10120 10100 10118 10157 
28835 10142 10129 10130 10148 
28836 10130 10129 10118 10157 
28837 10141 10130 10128 10148 
28838 10147 10159 10137 10160 
28839 10142 10130 10141 10148 
28840 541 10141 10135 10155 
28841 10144 10132 10131 10149 
28842 10133 10132 10148 10157 
28843 540 10066 10063 10154 
28844 10143 10121 10136 10149 
28845 10130 10148 10129 10157 
28846 10063 543 10065 10150 
28847 10132 10131 10148 10157 
28848 10145 10132 10144 10149 
28849 10111 10107 10101 10157 
28850 10066 10135 10146 10155 
28851 10142 10136 10148 10149 
28852 10131 10121 10148 10157 
28853 5894 10138 267 10160 
28854 5894 10139 10127 10160 
28855 10137 10160 5895 268 
28856 10128 10117 10123 10148 
28857 540 10066 10154 10155 
28858 10133 10124 10132 10157 
28859 5895 10137 10140 10160 
28860 10160 10147 268 10137 
28861 10126 10113 10115 10106 
28862 10147 10138 10126 10159 
28863 5894 267 5895 10160 
28864 266 10139 5894 10160 
28865 541 10135 10066 10155 
28866 540 10063 10065 10150 
28867 10146 10135 10148 10149 
28868 10146 10149 10145 10150 
28869 543 10144 10143 10150 
28870 10146 10133 10145 10149 
28871 539 10150 10136 10155 
28872 542 10146 10145 10150 
28873 540 539 10062 10155 
28874 10142 10136 10149 10155 
28875 544 10145 10144 10150 
28876 540 10062 541 10155 
28877 10065 10143 10136 10150 
28878 544 543 10063 10150 
28879 10142 10149 10141 10155 
28880 542 10066 10146 10154 
28881 10063 10066 542 10154 
28882 540 10154 10150 10155 
28883 10062 10142 10141 10155 
28884 10086 10076 10073 10151 
28885 5895 268 10064 10137 
28886 268 10160 5895 267 
28887 267 10138 10147 10160 
28888 266 5894 5895 10160 
28889 544 10063 542 10150 
28890 10066 10146 10154 10155 
28891 10129 10148 10121 10157 
28892 10070 10151 10069 10152 
28893 10129 10121 10120 10157 
28894 540 541 10066 10155 
28895 10130 10119 10148 10157 
28896 10109 10102 10156 10157 
28897 10107 10097 10101 10156 
28898 539 10065 10136 10150 
28899 10129 10120 10118 10157 
28900 10141 10149 10135 10155 
28901 10124 10111 10101 10157 
28902 10124 10101 10112 10156 
28903 10140 10125 10116 10159 
28904 266 5895 10064 10140 
28905 10147 10138 10159 10160 
28906 10113 10159 10158 10134 
28907 10072 10067 10069 10152 
28908 5895 10064 10140 10137 
28909 10084 10074 10076 10152 
28910 10103 10087 10076 10151 
28911 10076 10073 10151 10152 
28912 10070 10068 10151 10152 
28913 10086 10073 10069 10151 
28914 10084 10076 10068 10152 
28915 10116 10105 10115 10159 
28916 10145 10149 10144 10150 
28917 10088 10069 10073 10152 
28918 10096 10158 10114 10106 
28919 10106 10158 10114 10113 
28920 10113 10158 10114 10134 
28921 10158 10125 10105 10114 
28922 10105 10158 10114 10096 
28923 10115 10158 10159 10105 
28924 10235 10228 10247 10248 
28925 10229 10247 10228 10248 
28926 10245 10221 10232 10248 
28927 10245 10232 10244 10248 
28928 10244 10243 10247 10248 
28929 10229 10227 10247 10248 
28930 10227 10221 10247 10248 
28931 10243 10242 10247 10248 
28932 10242 10235 10247 10248 
28933 10179 10166 10249 10167 
28934 10200 10182 10191 10250 
28935 10200 10181 10172 10250 
28936 10190 10180 10181 10250 
28937 10189 10178 10170 10249 
28938 10188 10177 10173 10251 
28939 10169 10168 10167 10252 
28940 10182 10172 10249 10250 
28941 10184 10173 10171 10252 
28942 10186 10175 10174 10168 
28943 10176 10252 10173 10251 
28944 10196 10186 10175 10251 
28945 10167 10252 10179 10166 
28946 10179 10167 10168 10252 
28947 10184 10173 10252 10251 
28948 10182 10172 10166 10249 
28949 10173 10169 10166 10252 
28950 10188 10173 10184 10251 
28951 10199 10189 10180 10250 
28952 10186 10174 10175 10251 
28953 10181 10180 10171 10249 
28954 10179 10170 10167 10249 
28955 10194 10251 10186 10253 
28956 10172 10171 10166 10249 
28957 10180 10179 10171 10249 
28958 10209 10187 10251 10253 
28959 10198 10188 10193 10253 
28960 10179 10170 10168 10167 
28961 10209 10187 10177 10251 
28962 10194 10185 10174 10251 
28963 10209 10251 10188 10253 
28964 10182 10167 10178 10249 
28965 10195 10194 10186 10253 
28966 10205 10186 10196 10253 
28967 10193 10184 10185 10251 
28968 10185 10184 10179 10252 
28969 10189 10178 10249 10250 
28970 10209 10188 10198 10253 
28971 10175 10168 10169 10252 
28972 10193 10188 10184 10251 
28973 10200 10172 10182 10250 
28974 10194 10174 10186 10251 
28975 10199 10180 10190 10250 
28976 10176 10175 10252 10251 
28977 10196 10251 10187 10253 
28978 10199 10192 10250 10254 
28979 10181 10249 10172 10250 
28980 10182 10249 10178 10250 
28981 10183 10182 10178 10250 
28982 10211 10210 10190 10254 
28983 10189 10249 10180 10250 
28984 10210 10199 10190 10254 
28985 10212 10192 10203 10254 
28986 10210 10203 10199 10254 
28987 10196 10175 10176 10251 
28988 10211 10200 10201 10254 
28989 10191 10182 10183 10250 
28990 10200 10190 10181 10250 
28991 10192 10191 10250 10254 
28992 10215 10204 10195 10253 
28993 10175 10174 10252 10251 
28994 10217 10216 10205 10255 
28995 10185 10184 10252 10251 
28996 10205 10195 10186 10253 
28997 10209 10207 10187 10253 
28998 10215 10206 10253 10255 
28999 10229 10227 10248 10255 
29000 10207 10196 10187 10253 
29001 10189 10179 10180 10249 
29002 10207 10197 10196 10253 
29003 10196 10176 10187 10251 
29004 10220 10197 10207 10255 
29005 10192 10191 10183 10250 
29006 10179 10168 10174 10252 
29007 10204 10193 10194 10253 
29008 10217 10205 10197 10255 
29009 10199 10192 10189 10250 
29010 10220 10207 10208 10255 
29011 10207 10197 10253 10255 
29012 10219 10209 10198 10255 
29013 10209 10177 10188 10251 
29014 10206 10198 10253 10255 
29015 10187 10176 10177 10251 
29016 10203 10192 10199 10254 
29017 10223 10203 10210 10254 
29018 10200 10190 10250 10254 
29019 10196 10186 10251 10253 
29020 10212 10202 10191 10254 
29021 10184 10171 10179 10252 
29022 10200 10250 10191 10254 
29023 10223 10213 10254 10256 
29024 10224 10201 10214 10254 
29025 10192 10183 10178 10250 
29026 10214 10201 10202 10254 
29027 10182 10166 10167 10249 
29028 10212 10192 10191 10183 
29029 10236 10213 10223 10256 
29030 10213 10212 10203 10254 
29031 10216 10253 10205 10255 
29032 10206 10198 10204 10253 
29033 10216 10195 10205 10253 
29034 10204 10194 10195 10253 
29035 10218 10206 10215 10255 
29036 10233 10211 10224 10254 
29037 10244 10232 10231 10248 
29038 10193 10188 10251 10253 
29039 10229 10217 10227 10255 
29040 10227 10220 10221 10248 
29041 10229 10248 10228 10255 
29042 10225 10202 10212 10254 
29043 10237 10256 10236 10257 
29044 10225 10254 10213 10256 
29045 10177 10176 10173 10251 
29046 10237 10225 10213 10256 
29047 10225 10212 10213 10254 
29048 10176 10169 10173 10252 
29049 10238 10224 10214 10256 
29050 10194 10193 10251 10253 
29051 10219 10198 10206 10255 
29052 10209 10207 10253 10255 
29053 10215 10206 10204 10253 
29054 10230 10206 10218 10255 
29055 10230 10218 10248 10255 
29056 550 10244 10243 10258 
29057 10222 10209 10219 10255 
29058 10228 10248 10218 10255 
29059 10223 10213 10203 10254 
29060 10181 10171 10172 10249 
29061 10231 10230 10248 10255 
29062 10212 10191 10192 10254 
29063 10178 10167 10170 10249 
29064 10233 10223 10210 10254 
29065 10205 10253 10197 10255 
29066 10181 10180 10249 10250 
29067 10224 10211 10201 10254 
29068 10229 10216 10217 10255 
29069 10169 10167 10166 10252 
29070 10228 10218 10215 10255 
29071 10228 10215 10216 10255 
29072 10205 10196 10197 10253 
29073 10235 10218 10228 10248 
29074 10222 10248 10208 10255 
29075 10220 10217 10197 10255 
29076 10222 10208 10207 10255 
29077 10231 10248 10222 10255 
29078 10222 10207 10209 10255 
29079 10241 10228 10229 10247 
29080 10231 10222 10219 10255 
29081 10185 10179 10174 10252 
29082 10216 10215 10195 10253 
29083 10243 10247 10242 10258 
29084 10232 10222 10231 10248 
29085 10232 10221 10208 10248 
29086 10225 10214 10202 10254 
29087 10230 10219 10206 10255 
29088 10245 10247 10244 10258 
29089 548 10165 10245 10258 
29090 10244 10247 10243 10258 
29091 10231 10219 10230 10255 
29092 550 548 10244 10258 
29093 10173 10166 10171 10252 
29094 10242 10230 10218 10248 
29095 10211 10190 10200 10254 
29096 546 10161 547 10259 
29097 10237 10213 10236 10256 
29098 10225 10214 10254 10256 
29099 10221 10220 10208 10248 
29100 10165 10245 10258 10259 
29101 10245 10247 10221 10248 
29102 10229 10228 10216 10255 
29103 10233 10254 10224 10256 
29104 10227 10217 10220 10255 
29105 10209 10253 10198 10255 
29106 10242 10247 10235 10259 
29107 10247 10234 10259 10245 
29108 10164 10242 10235 10259 
29109 549 10164 10260 10242 
29110 547 10240 10234 10259 
29111 10245 10234 10221 10247 
29112 550 10243 549 10258 
29113 10234 10227 10221 10247 
29114 10220 10208 10248 10255 
29115 5892 10237 265 10257 
29116 10233 10223 10254 10256 
29117 10258 10259 10260 10165 
29118 10240 10227 10234 10247 
29119 545 10164 10235 10259 
29120 547 10161 10240 10259 
29121 10232 10208 10222 10248 
29122 5892 10238 10226 10257 
29123 10164 546 10260 10259 
29124 10216 10215 10253 10255 
29125 549 546 10260 10164 
29126 10204 10198 10193 10253 
29127 5892 264 10238 10257 
29128 5893 265 10236 10257 
29129 10238 10256 10226 10257 
29130 10238 10214 10226 10256 
29131 10240 10229 10227 10247 
29132 10242 10258 10247 10259 
29133 10241 10247 10240 10259 
29134 547 10234 10165 10259 
29135 10244 10231 10243 10248 
29136 10199 10250 10190 10254 
29137 10246 10233 10224 10256 
29138 10245 10244 10247 10248 
29139 10243 10230 10242 10248 
29140 264 10246 10238 10257 
29141 10192 10178 10189 10250 
29142 10246 10256 10238 10257 
29143 10237 10226 10256 10257 
29144 263 10239 10246 10257 
29145 5893 10239 263 10257 
29146 546 10164 545 10259 
29147 10241 10235 10247 10259 
29148 264 263 10246 10257 
29149 10171 10166 10249 10179 
29150 10226 10214 10225 10256 
29151 10202 10201 10191 10254 
29152 265 10237 10236 10257 
29153 5892 265 5893 10257 
29154 10239 10223 10233 10256 
29155 5893 263 264 10257 
29156 5893 265 10163 10236 
29157 5893 10163 263 10239 
29158 10241 10235 10228 10247 
29159 10233 10210 10211 10254 
29160 10259 10245 10258 10247 
29161 10161 545 10241 10259 
29162 10176 10175 10169 10252 
29163 10166 10252 10179 10171 
29164 548 10245 10244 10258 
29165 10241 10229 10240 10247 
29166 10242 10164 10260 10259 
29167 546 545 10161 10259 
29168 10224 10254 10214 10256 
29169 10259 546 10260 10162 
29170 10243 10231 10230 10248 
29171 10245 10234 10259 10165 
29172 10258 10165 10260 548 
29173 10246 10224 10238 10256 
29174 10237 10226 10225 10256 
29175 5892 5893 264 10257 
29176 10246 10239 10256 10257 
29177 10246 10239 10233 10256 
29178 5893 10236 10239 10257 
29179 5892 10226 10237 10257 
29180 10239 10236 10223 10256 
29181 10227 10220 10248 10255 
29182 5893 10163 10239 10236 
29183 10239 10236 10256 10257 
29184 10162 546 10260 549 
29185 547 10165 10162 10259 
29186 548 10260 550 10162 
29187 549 10243 10242 10258 
29188 545 10235 10241 10259 
29189 546 547 10162 10259 
29190 10189 10170 10179 10249 
29191 10201 10200 10191 10254 
29192 10165 10260 548 10162 
29193 10242 10218 10235 10248 
29194 10161 10241 10240 10259 
29195 10240 10247 10234 10259 
29196 10175 10174 10168 10252 
29197 10194 10193 10185 10251 
29198 10185 10252 10174 10251 
29199 10258 548 10260 550 
29200 10260 10242 10258 549 
29201 10259 10242 10258 10260 
29202 10259 10260 10165 10162 
29203 550 10260 549 10162 
29204 10258 550 10260 549 
29205 10276 10275 10282 10284 
29206 10277 10274 10275 10282 
29207 10273 10268 10267 10266 
29208 10271 10267 10266 10345 
29209 10276 10275 10269 10266 
29210 10266 10276 10271 10269 
29211 553 10340 10332 10346 
29212 10288 10270 10278 10345 
29213 10288 10267 10270 10345 
29214 10285 10271 10272 10345 
29215 10285 10279 10271 10345 
29216 10276 10268 10275 10266 
29217 10279 10270 10271 10345 
29218 10339 10347 10336 10348 
29219 10309 10299 10293 10291 
29220 10284 10277 10283 10275 
29221 10292 10284 10291 10283 
29222 10275 10282 10284 10277 
29223 10272 10271 10269 10266 
29224 10274 10268 10273 10266 
29225 10275 10268 10274 10266 
29226 10300 10284 10292 10283 
29227 10300 10291 10293 10283 
29228 10267 10266 10276 10271 
29229 10291 10283 10284 10277 
29230 10284 10276 10275 10269 
29231 10290 10278 10285 10349 
29232 10281 10280 10273 10345 
29233 10289 10288 10278 10349 
29234 10339 10322 10312 10348 
29235 10286 10285 10280 10349 
29236 10296 10281 10288 10349 
29237 10272 10271 10266 10345 
29238 10280 10272 10266 10345 
29239 10285 10345 10280 10349 
29240 10288 10281 10273 10345 
29241 10276 10267 10268 10266 
29242 10292 10291 10284 10282 
29243 10311 10310 10299 10293 
29244 10276 10271 10270 10267 
29245 10288 10345 10278 10349 
29246 10307 10297 10289 10349 
29247 10304 10303 10349 10350 
29248 10296 10287 10281 10349 
29249 10307 10289 10290 10349 
29250 10288 10273 10267 10345 
29251 10291 10284 10282 10277 
29252 10303 10295 10286 10349 
29253 10287 10280 10281 10349 
29254 10295 10285 10286 10349 
29255 10304 10303 10286 10349 
29256 10294 10288 10289 10349 
29257 10288 10281 10345 10349 
29258 10309 10300 10292 10291 
29259 10301 10296 10294 10349 
29260 10285 10278 10345 10349 
29261 10310 10309 10299 10293 
29262 10287 10286 10280 10349 
29263 10310 10300 10309 10293 
29264 10302 10298 10349 10350 
29265 10305 10304 10287 10349 
29266 10290 10279 10285 10278 
29267 10268 10276 10275 10282 
29268 10291 10277 10282 10274 
29269 10301 10349 10297 10350 
29270 10316 10304 10305 10350 
29271 10296 10288 10294 10349 
29272 10285 10272 10280 10345 
29273 10319 10297 10307 10350 
29274 10306 10301 10297 10350 
29275 10307 10290 10298 10349 
29276 10292 10282 10284 10276 
29277 10298 10290 10295 10349 
29278 10301 10294 10297 10349 
29279 10297 10294 10289 10349 
29280 10309 10293 10300 10291 
29281 10311 10300 10310 10293 
29282 10295 10290 10285 10349 
29283 10290 10289 10278 10349 
29284 10305 10349 10301 10350 
29285 10282 10274 10275 10268 
29286 6005 10324 10337 10347 
29287 10324 10311 10323 10348 
29288 10338 10311 10324 10348 
29289 10279 10278 10270 10345 
29290 10303 10302 10349 10350 
29291 10304 10286 10287 10349 
29292 10315 10303 10304 10350 
29293 10331 10322 10310 10309 
29294 10305 10296 10301 10349 
29295 10315 10314 10303 10350 
29296 10303 10302 10295 10349 
29297 10316 10315 10304 10350 
29298 10271 10270 10267 10345 
29299 10313 10301 10306 10350 
29300 10316 10350 10313 10351 
29301 10281 10280 10345 10349 
29302 10305 10287 10296 10349 
29303 10305 10304 10349 10350 
29304 10316 10305 10313 10350 
29305 10319 10306 10297 10350 
29306 10327 10315 10316 10351 
29307 10330 10320 10328 10351 
29308 10273 10266 10267 10345 
29309 10320 10319 10350 10351 
29310 10326 10317 10314 10351 
29311 10285 10278 10279 10345 
29312 10314 10302 10303 10350 
29313 10323 10310 10311 10300 
29314 10320 10298 10308 10350 
29315 10313 10305 10301 10350 
29316 10329 10306 10319 10351 
29317 556 554 10343 10352 
29318 10307 10349 10298 10350 
29319 10307 10297 10349 10350 
29320 10318 10313 10306 10351 
29321 10320 10307 10298 10350 
29322 10327 10316 10325 10351 
29323 554 10265 10335 10352 
29324 10346 10262 555 10352 
29325 10342 10328 10334 10353 
29326 10320 10319 10307 10350 
29327 10322 10310 10299 10348 
29328 10332 10352 10346 10353 
29329 10325 10316 10313 10351 
29330 10338 10324 10347 10348 
29331 10330 10319 10320 10351 
29332 10302 10298 10295 10349 
29333 10315 10314 10350 10351 
29334 10293 10283 10291 10277 
29335 10323 10311 10310 10348 
29336 10329 10318 10351 10353 
29337 10327 10326 10315 10351 
29338 10344 10331 10336 10348 
29339 10314 10308 10302 10350 
29340 10323 10310 10321 10348 
29341 10320 10350 10308 10351 
29342 10342 10346 10352 10353 
29343 10309 10291 10292 10282 
29344 10331 10310 10322 10348 
29345 10312 10299 10311 10348 
29346 6006 275 276 10347 
29347 274 6006 10339 10347 
29348 276 10344 10336 10347 
29349 10261 551 10341 10346 
29350 10335 10318 10329 10353 
29351 553 10261 10340 10346 
29352 10325 10313 10318 10351 
29353 10343 10352 10335 10353 
29354 10319 10306 10350 10351 
29355 552 10346 553 10352 
29356 10342 10330 10328 10353 
29357 10340 10327 10325 10353 
29358 10317 10308 10314 10351 
29359 10331 10321 10310 10348 
29360 10334 10328 10317 10353 
29361 10341 10333 10326 10353 
29362 10327 10326 10351 10353 
29363 10325 10351 10318 10353 
29364 10340 10325 10332 10353 
29365 10328 10351 10317 10353 
29366 10300 10292 10291 10283 
29367 10330 10351 10328 10353 
29368 10326 10317 10351 10353 
29369 10335 10332 10318 10353 
29370 10265 10332 10335 10352 
29371 10261 10341 10340 10346 
29372 10341 10326 10327 10353 
29373 10326 10314 10315 10351 
29374 10343 10330 10342 10353 
29375 10333 10317 10326 10353 
29376 10342 10334 10346 10353 
29377 555 10342 10334 10346 
29378 555 10352 10342 10346 
29379 10328 10320 10308 10351 
29380 10310 10309 10300 10292 
29381 10337 10323 10321 10348 
29382 10330 10329 10319 10351 
29383 10332 10325 10318 10353 
29384 10334 10333 10346 10353 
29385 10322 10299 10312 10348 
29386 555 10334 10264 10346 
29387 10316 10315 10350 10351 
29388 10334 10317 10333 10353 
29389 552 10262 10346 10352 
29390 10264 10334 10333 10346 
29391 556 10343 10342 10352 
29392 10338 10312 10311 10348 
29393 10344 10347 10337 10348 
29394 10336 10331 10322 10348 
29395 6006 276 10336 10347 
29396 6006 10336 10339 10347 
29397 553 10346 10332 10352 
29398 275 10337 10344 10347 
29399 6006 10263 10339 10336 
29400 552 10264 551 10346 
29401 10341 10340 10346 10353 
29402 553 10332 10265 10352 
29403 10311 10299 10310 10348 
29404 10262 555 10264 10346 
29405 10308 10298 10302 10350 
29406 10262 10265 554 10352 
29407 552 10265 10262 10352 
29408 551 10264 10333 10346 
29409 552 553 10265 10352 
29410 554 10335 10343 10352 
29411 10344 10336 10347 10348 
29412 10341 10346 10333 10353 
29413 10329 10318 10306 10351 
29414 10339 10338 10347 10348 
29415 10344 10337 10321 10348 
29416 10322 10310 10309 10299 
29417 10328 10308 10317 10351 
29418 6005 10337 275 10347 
29419 6006 276 10263 10336 
29420 10330 10329 10351 10353 
29421 551 10333 10341 10346 
29422 6005 10338 10324 10347 
29423 552 10262 10264 10346 
29424 10352 10262 555 556 
29425 274 10338 6005 10347 
29426 10312 10311 10299 10293 
29427 6005 275 6006 10347 
29428 10337 10324 10323 10348 
29429 274 6005 6006 10347 
29430 10339 10336 10322 10348 
29431 274 6006 10263 10339 
29432 10343 10342 10352 10353 
29433 10344 10321 10331 10348 
29434 10340 10332 10346 10353 
29435 556 10352 10342 555 
29436 552 551 10261 10346 
29437 10314 10308 10350 10351 
29438 275 10344 276 10347 
29439 10343 10335 10329 10353 
29440 556 10262 554 10352 
29441 10313 10350 10306 10351 
29442 10335 10352 10332 10353 
29443 10280 10266 10273 10345 
29444 10341 10327 10340 10353 
29445 10339 10312 10338 10348 
29446 10327 10351 10325 10353 
29447 274 10339 10338 10347 
29448 552 10261 553 10346 
29449 10337 10347 10324 10348 
29450 10343 10329 10330 10353 
29451 10275 10272 10269 10266 
29452 559 10427 10358 10440 
29453 559 10354 10435 10440 
29454 10382 10363 10372 10441 
29455 10376 10361 10362 10442 
29456 10372 10441 10363 10443 
29457 10374 10367 10370 10444 
29458 10372 10363 10359 10443 
29459 10354 557 10436 10440 
29460 10387 10383 10441 10445 
29461 10370 10443 10369 10444 
29462 10369 10443 10365 10444 
29463 10380 10379 10370 10443 
29464 10392 10374 10384 10442 
29465 10393 10366 10376 10442 
29466 10384 10374 10375 10442 
29467 10380 10370 10364 10443 
29468 10382 10381 10371 10441 
29469 10374 10366 10442 10444 
29470 10376 10366 10361 10442 
29471 10375 10374 10366 10442 
29472 10372 10359 10360 10443 
29473 10431 10406 10416 10446 
29474 10370 10364 10443 10444 
29475 10378 10365 10369 10443 
29476 10378 10441 10368 10443 
29477 10392 10377 10367 10442 
29478 10374 10365 10366 10444 
29479 10383 10368 10378 10441 
29480 10382 10371 10363 10441 
29481 10398 10381 10382 10445 
29482 10374 10370 10369 10444 
29483 10377 10362 10367 10442 
29484 10371 10363 10441 10443 
29485 10393 10375 10366 10442 
29486 10386 10441 10373 10445 
29487 10367 10442 10362 10444 
29488 10392 10442 10384 10447 
29489 10383 10373 10368 10441 
29490 10387 10383 10378 10441 
29491 10379 10378 10369 10443 
29492 10380 10371 10441 10443 
29493 10382 10381 10441 10445 
29494 10392 10367 10374 10442 
29495 10393 10384 10375 10442 
29496 10386 10372 10373 10441 
29497 10388 10387 10441 10445 
29498 10374 10442 10367 10444 
29499 10372 10368 10441 10443 
29500 10379 10441 10378 10443 
29501 10391 10383 10387 10445 
29502 10381 10380 10371 10441 
29503 10371 10364 10363 10443 
29504 10378 10368 10365 10443 
29505 10393 10376 10385 10442 
29506 10383 10373 10441 10445 
29507 10399 10386 10390 10445 
29508 10368 10360 10365 10443 
29509 10387 10378 10379 10441 
29510 10403 10392 10384 10447 
29511 10404 10384 10393 10447 
29512 10404 10403 10384 10447 
29513 10385 10376 10377 10442 
29514 10385 10442 10377 10447 
29515 10364 10359 10443 10444 
29516 10401 10373 10383 10445 
29517 10401 10445 10391 10448 
29518 10394 10393 10385 10447 
29519 10386 10382 10372 10441 
29520 10377 10376 10362 10442 
29521 10388 10380 10381 10441 
29522 10392 10377 10442 10447 
29523 10388 10379 10380 10441 
29524 10366 10365 10360 10444 
29525 10358 10427 10430 10440 
29526 10408 10399 10400 10448 
29527 10401 10386 10373 10445 
29528 10405 10392 10396 10447 
29529 10397 10391 10387 10445 
29530 10414 10390 10401 10448 
29531 10405 10377 10392 10447 
29532 10409 10397 10389 10448 
29533 10401 10390 10445 10448 
29534 10399 10382 10386 10445 
29535 10397 10388 10389 10445 
29536 10400 10399 10390 10448 
29537 10398 10389 10381 10445 
29538 10402 10391 10397 10448 
29539 10401 10383 10391 10445 
29540 10380 10441 10379 10443 
29541 10397 10391 10445 10448 
29542 10426 10396 10403 10447 
29543 10426 10403 10404 10447 
29544 10393 10384 10442 10447 
29545 10447 10426 10395 10417 
29546 10417 10404 10394 10447 
29547 10399 10398 10382 10445 
29548 10401 10390 10386 10445 
29549 10426 10416 10403 10396 
29550 10399 10445 10390 10448 
29551 10417 10394 10395 10447 
29552 10386 10382 10441 10445 
29553 10396 10426 10395 10447 
29554 10409 10402 10448 10449 
29555 10395 10394 10385 10447 
29556 10414 10400 10448 10449 
29557 10418 10405 10406 10396 
29558 10397 10445 10389 10448 
29559 10411 10448 10408 10449 
29560 10408 10448 10400 10449 
29561 10388 10441 10381 10445 
29562 10412 10402 10409 10449 
29563 10360 10443 10359 10444 
29564 10409 10402 10397 10448 
29565 10415 10414 10401 10448 
29566 10398 10389 10445 10448 
29567 10397 10387 10388 10445 
29568 10415 10401 10391 10448 
29569 10410 10409 10389 10448 
29570 10399 10398 10445 10448 
29571 10421 10409 10410 10449 
29572 10421 10412 10409 10449 
29573 10415 10414 10448 10449 
29574 10389 10388 10381 10445 
29575 10410 10389 10398 10448 
29576 10426 10406 10416 10396 
29577 10403 10396 10392 10447 
29578 10426 10418 10406 10396 
29579 10432 10446 10431 10450 
29580 10426 10406 10418 10446 
29581 10417 10407 10395 10394 
29582 10432 10418 10406 10446 
29583 10426 10404 10417 10447 
29584 10415 10391 10402 10448 
29585 10366 10360 10361 10444 
29586 10393 10442 10385 10447 
29587 10418 10426 10395 10396 
29588 10433 10417 10407 10446 
29589 10420 10411 10408 10449 
29590 10422 10411 10420 10449 
29591 10411 10399 10408 10448 
29592 10422 10421 10410 10449 
29593 10435 10420 10427 10451 
29594 10413 10408 10400 10449 
29595 10410 10409 10448 10449 
29596 10421 10412 10449 10451 
29597 10411 10410 10448 10449 
29598 10418 10407 10417 10446 
29599 10411 10410 10398 10448 
29600 10415 10448 10402 10449 
29601 10420 10449 10413 10451 
29602 10423 10415 10402 10449 
29603 10424 10413 10400 10449 
29604 10422 10410 10411 10449 
29605 10424 10400 10414 10449 
29606 10379 10369 10370 10443 
29607 10425 10415 10423 10449 
29608 10417 10426 10395 10418 
29609 10424 10413 10449 10451 
29610 10411 10398 10399 10448 
29611 10405 10395 10385 10447 
29612 10434 10416 10426 10446 
29613 10419 10407 10418 10446 
29614 10439 10426 10417 10446 
29615 10405 10396 10395 10447 
29616 10426 10418 10417 10446 
29617 10362 10361 10359 10444 
29618 10429 10412 10428 10451 
29619 10430 10427 10413 10451 
29620 10420 10408 10413 10449 
29621 558 10440 10355 10452 
29622 559 10435 10427 10440 
29623 10425 10449 10423 10451 
29624 10425 10424 10449 10451 
29625 10422 10449 10420 10451 
29626 10414 10400 10390 10448 
29627 10423 10449 10412 10451 
29628 10362 10442 10361 10444 
29629 10435 10422 10420 10451 
29630 10355 10358 10430 10440 
29631 10438 10430 10424 10451 
29632 10367 10362 10364 10444 
29633 10429 10451 10428 10452 
29634 10437 10423 10429 10451 
29635 10428 10451 10440 10452 
29636 561 10437 10429 10452 
29637 10438 10451 10437 10452 
29638 561 10429 10357 10452 
29639 10438 10425 10437 10451 
29640 562 10437 561 10452 
29641 10427 10420 10413 10451 
29642 10425 10424 10414 10449 
29643 10370 10367 10364 10444 
29644 10429 10423 10412 10451 
29645 10422 10421 10449 10451 
29646 10418 10405 10396 10395 
29647 10436 10422 10435 10451 
29648 10436 10421 10422 10451 
29649 562 10438 10437 10452 
29650 10357 10429 10428 10452 
29651 560 10430 10438 10452 
29652 10435 10427 10440 10451 
29653 10436 10435 10440 10451 
29654 10438 10424 10425 10451 
29655 272 10439 10433 10450 
29656 10373 10372 10368 10441 
29657 10439 10446 10433 10450 
29658 10432 10419 10446 10450 
29659 271 10434 10439 10450 
29660 6004 10434 271 10450 
29661 558 10357 557 10452 
29662 557 10357 10428 10452 
29663 10436 10440 10428 10451 
29664 558 561 10357 10452 
29665 10432 10419 10418 10446 
29666 559 10358 10355 10440 
29667 10355 10358 560 10430 
29668 557 10428 10436 10440 
29669 10355 10440 10430 10452 
29670 10418 10417 10407 10395 
29671 10430 10440 10427 10451 
29672 273 10432 10431 10450 
29673 6003 273 6004 10450 
29674 10432 10406 10431 10446 
29675 10423 10402 10412 10449 
29676 6004 271 272 10450 
29677 6004 273 10356 10431 
29678 6004 10356 271 10434 
29679 10437 10425 10423 10451 
29680 10438 10430 10451 10452 
29681 558 557 10440 10452 
29682 558 557 10354 10440 
29683 10354 10436 10435 10440 
29684 562 560 10438 10452 
29685 10433 10446 10419 10450 
29686 10434 10431 10446 10450 
29687 6004 10356 10434 10431 
29688 558 10354 559 10440 
29689 6004 273 10431 10450 
29690 10439 10417 10433 10446 
29691 10425 10414 10415 10449 
29692 6003 6004 272 10450 
29693 10439 10434 10446 10450 
29694 10439 10434 10426 10446 
29695 10405 10385 10377 10447 
29696 6004 10431 10434 10450 
29697 557 10428 10440 10452 
29698 6003 10419 10432 10450 
29699 10426 10416 10406 10446 
29700 272 271 10439 10450 
29701 558 10355 561 10452 
29702 10355 10430 560 10452 
29703 10430 10413 10424 10451 
29704 10437 10451 10429 10452 
29705 6003 10432 273 10450 
29706 10434 10431 10416 10446 
29707 558 559 10355 10440 
29708 10366 10361 10442 10444 
29709 10380 10364 10371 10443 
29710 562 561 10355 10452 
29711 6003 10433 10419 10450 
29712 10374 10369 10365 10444 
29713 10365 10443 10360 10444 
29714 10436 10428 10421 10451 
29715 10433 10407 10419 10446 
29716 6003 272 10433 10450 
29717 10364 10359 10363 10443 
29718 10430 10440 10451 10452 
29719 562 10355 560 10452 
29720 10428 10412 10421 10451 
29721 10404 10393 10394 10447 
29722 10361 10360 10359 10444 
29723 10364 10362 10359 10444 
29724 10388 10387 10379 10441 
29725 10372 10360 10368 10443 
29726 10375 10366 10374 10365 
29727 10476 10470 10462 10536 
29728 10474 10465 10459 10537 
29729 10468 10463 10465 10537 
29730 10471 10459 10463 10536 
29731 10467 10460 10461 10537 
29732 10462 10459 10536 10537 
29733 10475 10468 10465 10537 
29734 10477 10463 10464 10536 
29735 10475 10469 10468 10537 
29736 10477 10464 10472 10536 
29737 10474 10459 10462 10537 
29738 10476 10470 10472 10538 
29739 10504 10503 10494 10484 
29740 10482 10466 10467 10537 
29741 10468 10461 10536 10537 
29742 10491 10474 10482 10537 
29743 10482 10469 10475 10537 
29744 10463 10536 10459 10537 
29745 10478 10477 10472 10538 
29746 10476 10472 10470 10536 
29747 10483 10475 10482 10469 
29748 10485 10470 10476 10538 
29749 10481 10471 10477 10538 
29750 10495 10486 10490 10538 
29751 10490 10486 10480 10538 
29752 10477 10476 10471 10536 
29753 10477 10476 10472 10538 
29754 10474 10462 10466 10537 
29755 10486 10485 10476 10538 
29756 10486 10476 10480 10538 
29757 10491 10482 10475 10537 
29758 10472 10464 10458 10536 
29759 10491 10482 10483 10475 
29760 10477 10472 10476 10536 
29761 10484 10475 10483 10469 
29762 10502 10483 10492 10482 
29763 10479 10472 10470 10538 
29764 10499 10481 10487 10538 
29765 10491 10465 10474 10537 
29766 10482 10474 10466 10537 
29767 10472 10458 10470 10536 
29768 10476 10462 10459 10536 
29769 10489 10479 10485 10538 
29770 10501 10492 10494 10491 
29771 10499 10496 10488 10487 
29772 10481 10473 10471 10538 
29773 10468 10461 10464 10536 
29774 10492 10484 10491 10483 
29775 10482 10467 10469 10537 
29776 10494 10491 10492 10484 
29777 10491 10483 10484 10475 
29778 10477 10471 10476 10538 
29779 10485 10479 10470 10538 
29780 10495 10489 10485 10538 
29781 10476 10471 10473 10538 
29782 10495 10485 10486 10538 
29783 10494 10504 10501 10503 
29784 10499 10490 10480 10538 
29785 10499 10480 10473 10538 
29786 10476 10459 10471 10536 
29787 10499 10487 10488 10538 
29788 10487 10477 10478 10538 
29789 10508 10489 10505 10539 
29790 10497 10488 10538 10539 
29791 10508 10507 10497 10539 
29792 10497 10479 10489 10538 
29793 10479 10478 10472 10538 
29794 10497 10478 10479 10538 
29795 10508 10497 10489 10539 
29796 10499 10488 10496 10539 
29797 10505 10539 10498 10540 
29798 10505 10495 10498 10539 
29799 10495 10538 10490 10539 
29800 10499 10538 10488 10539 
29801 10502 10493 10494 10484 
29802 10502 10494 10501 10492 
29803 10502 10494 10492 10484 
29804 10477 10471 10463 10536 
29805 10494 10501 10493 10502 
29806 10494 10491 10484 10475 
29807 10522 10502 10501 10492 
29808 10522 10513 10504 10493 
29809 10503 10504 10501 10522 
29810 10487 10481 10477 10538 
29811 10522 10503 10504 10541 
29812 10529 10503 10515 10541 
29813 10522 10501 10493 10504 
29814 10505 10489 10495 10539 
29815 10504 10494 10493 10484 
29816 10511 10498 10490 10539 
29817 10522 10502 10513 10493 
29818 10480 10476 10473 10538 
29819 10499 10473 10481 10538 
29820 10488 10487 10478 10538 
29821 10507 10506 10488 10539 
29822 10504 10501 10493 10494 
29823 10465 10463 10459 10537 
29824 10506 10500 10496 10539 
29825 10507 10506 10539 10540 
29826 10512 10511 10539 10540 
29827 10511 10490 10499 10539 
29828 10461 10460 10458 10536 
29829 10521 10511 10512 10540 
29830 10521 10512 10519 10540 
29831 10468 10536 10463 10537 
29832 568 566 10534 10542 
29833 10497 10488 10478 10538 
29834 10516 10505 10510 10540 
29835 10495 10489 10538 10539 
29836 10512 10539 10500 10540 
29837 10520 10510 10498 10540 
29838 10499 10490 10538 10539 
29839 566 10457 10526 10542 
29840 568 10533 567 10542 
29841 10518 10507 10508 10540 
29842 10522 10514 10503 10541 
29843 10530 10513 10504 10541 
29844 10523 10457 564 10542 
29845 565 10457 564 10523 
29846 567 10533 10525 10543 
29847 10506 10496 10488 10539 
29848 10520 10498 10511 10540 
29849 10531 10523 10544 10545 
29850 10526 10523 10510 10545 
29851 10512 10496 10500 10539 
29852 10514 10501 10503 10494 
29853 10518 10508 10516 10540 
29854 10512 10511 10499 10539 
29855 10522 10503 10514 10501 
29856 10483 10469 10482 10467 
29857 10542 10523 10544 564 
29858 10533 10519 10525 10545 
29859 10453 563 10532 10544 
29860 563 10456 10524 10544 
29861 565 10453 10531 10544 
29862 10454 10456 10544 10543 
29863 10512 10499 10496 10539 
29864 10511 10498 10539 10540 
29865 10528 10515 10514 10541 
29866 10517 10509 10506 10540 
29867 10492 10483 10491 10482 
29868 10519 10512 10500 10540 
29869 10497 10538 10489 10539 
29870 10527 10522 10513 10541 
29871 10516 10508 10505 10540 
29872 10518 10517 10507 10540 
29873 10535 10514 10522 10541 
29874 10529 10504 10503 10541 
29875 10502 10484 10492 10483 
29876 10531 10516 10523 10545 
29877 10518 10540 10516 10545 
29878 10542 10543 10544 10545 
29879 10523 10542 10544 10545 
29880 567 10525 10456 10543 
29881 565 10531 10523 10544 
29882 10517 10509 10540 10545 
29883 567 10542 10533 10543 
29884 10518 10517 10540 10545 
29885 10525 10524 10543 10545 
29886 10456 10524 10544 10543 
29887 10532 10518 10531 10545 
29888 10523 10516 10510 10545 
29889 10533 10543 10542 10545 
29890 10519 10500 10509 10540 
29891 10524 10544 10543 10545 
29892 10533 10521 10519 10545 
29893 10525 10519 10509 10545 
29894 10532 10517 10518 10545 
29895 10457 10523 10526 10542 
29896 10453 10532 10531 10544 
29897 10532 10531 10544 10545 
29898 10526 10510 10520 10545 
29899 10529 10541 10515 10546 
29900 10531 10518 10516 10545 
29901 10534 10521 10533 10545 
29902 10521 10520 10540 10545 
29903 10530 10527 10541 10546 
29904 10533 10525 10543 10545 
29905 10454 10542 567 10543 
29906 10516 10540 10510 10545 
29907 283 10535 10527 10546 
29908 282 10535 283 10546 
29909 6110 10529 10515 10546 
29910 10517 10506 10507 10540 
29911 10525 10509 10524 10545 
29912 10456 10525 10524 10543 
29913 564 10542 10454 10544 
29914 568 10534 10533 10542 
29915 10535 10541 10527 10546 
29916 6111 283 10527 10546 
29917 10535 10528 10541 10546 
29918 10509 10500 10506 10540 
29919 10469 10461 10468 10537 
29920 10532 10544 10524 10545 
29921 10454 567 10456 10543 
29922 563 10524 10532 10544 
29923 566 10526 10534 10542 
29924 10534 10542 10526 10545 
29925 10454 10544 10542 10543 
29926 564 10523 10544 565 
29927 10498 10495 10490 10539 
29928 10535 10528 10514 10541 
29929 10506 10500 10539 10540 
29930 10528 10515 10541 10546 
29931 10519 10540 10509 10545 
29932 6111 282 283 10546 
29933 6110 282 6111 10546 
29934 10530 10504 10529 10541 
29935 10502 10493 10484 10483 
29936 6111 10527 10530 10546 
29937 281 6111 10455 10530 
29938 281 6111 10530 10546 
29939 563 10454 10456 10544 
29940 10521 10520 10511 10540 
29941 10530 10527 10513 10541 
29942 564 10454 563 10544 
29943 10526 10542 10523 10545 
29944 10534 10526 10520 10545 
29945 10510 10505 10498 10540 
29946 564 10453 565 10544 
29947 10508 10507 10539 10540 
29948 281 10529 6110 10546 
29949 10522 10504 10513 10541 
29950 282 10528 10535 10546 
29951 10515 10503 10514 10541 
29952 6111 283 10455 10527 
29953 10499 10496 10487 10481 
29954 281 10530 10529 10546 
29955 281 6110 6111 10546 
29956 10507 10488 10497 10539 
29957 6110 10528 282 10546 
29958 10535 10522 10527 10541 
29959 10534 10520 10521 10545 
29960 6111 10455 10530 10527 
29961 10524 10509 10517 10545 
29962 564 563 10453 10544 
29963 10534 10533 10542 10545 
29964 568 567 10454 10542 
29965 10508 10539 10505 10540 
29966 564 10457 566 10542 
29967 564 566 10454 10542 
29968 10470 10458 10460 10536 
29969 10502 10501 10493 10522 
29970 10469 10467 10461 10537 
29971 10468 10464 10463 10536 
29972 10470 10460 10462 10536 
29973 10521 10540 10519 10545 
29974 10520 10510 10540 10545 
29975 10532 10524 10517 10545 
29976 568 10454 566 10542 
29977 10464 10461 10458 10536 
29978 6110 10515 10528 10546 
29979 10461 10460 10536 10537 
29980 10467 10466 10460 10537 
29981 10462 10536 10460 10537 
29982 10466 10462 10460 10537 
29983 10530 10541 10529 10546 
29984 10491 10475 10465 10537 
29985 10633 10625 10637 10638 
29986 10625 10609 10618 10639 
29987 10627 10610 10621 10639 
29988 10619 10637 10618 10639 
29989 10627 10624 10637 10640 
29990 10617 10610 10637 10639 
29991 10619 10617 10637 10639 
29992 10578 10567 10568 10641 
29993 10556 10642 10555 10643 
29994 10583 10577 10572 10643 
29995 10567 10560 10554 10641 
29996 10572 10557 10563 10642 
29997 10577 10562 10572 10643 
29998 10574 10573 10642 10643 
29999 10573 10572 10642 10643 
30000 10589 10578 10579 10641 
30001 10559 10555 10556 10642 
30002 10589 10567 10578 10641 
30003 10573 10563 10564 10642 
30004 10562 10552 10642 10643 
30005 10565 10643 10561 10644 
30006 10580 10569 10570 10641 
30007 10568 10558 10567 10557 
30008 10571 10562 10566 10643 
30009 571 10640 10551 10645 
30010 10584 10573 10574 10643 
30011 10565 10556 10561 10643 
30012 10581 10571 10566 10644 
30013 10572 10562 10557 10642 
30014 10581 10561 10571 10644 
30015 10598 10644 10588 10646 
30016 10595 10588 10644 10646 
30017 10584 10583 10643 10644 
30018 10583 10577 10643 10644 
30019 10583 10572 10573 10643 
30020 10582 10581 10571 10566 
30021 10575 10574 10565 10644 
30022 10574 10564 10556 10642 
30023 10574 10556 10565 10643 
30024 10641 10554 10558 10553 
30025 10590 10578 10568 10641 
30026 10582 10581 10566 10644 
30027 10574 10642 10556 10643 
30028 10589 10560 10567 10641 
30029 10561 10556 10555 10643 
30030 10577 10566 10643 10644 
30031 10571 10643 10566 10644 
30032 574 10548 572 10638 
30033 10586 10576 10581 10646 
30034 10588 10577 10583 10644 
30035 10590 10558 10569 10641 
30036 10595 10644 10585 10646 
30037 10598 10566 10577 10644 
30038 10567 10557 10558 10642 
30039 10584 10583 10573 10643 
30040 10601 10579 10589 10578 
30041 10568 10567 10558 10641 
30042 10559 10553 10555 10642 
30043 10602 10580 10589 10579 
30044 10570 10569 10559 10641 
30045 10569 10553 10559 10641 
30046 10602 10592 10580 10579 
30047 10590 10569 10579 10641 
30048 10572 10562 10642 10643 
30049 10571 10561 10643 10644 
30050 570 571 10551 10645 
30051 10571 10561 10555 10643 
30052 10594 10581 10582 10646 
30053 10567 10564 10563 10642 
30054 10574 10643 10565 10644 
30055 10584 10643 10574 10644 
30056 10606 10599 10595 10646 
30057 10608 10586 10605 10647 
30058 10598 10582 10566 10644 
30059 10596 10575 10576 10646 
30060 10576 10575 10565 10644 
30061 10595 10583 10584 10644 
30062 10598 10577 10588 10644 
30063 570 569 10645 10648 
30064 10581 10576 10561 10644 
30065 10585 10584 10575 10644 
30066 10598 10582 10644 10646 
30067 10605 10594 10597 10647 
30068 10560 10559 10554 10641 
30069 10584 10574 10575 10644 
30070 10597 10594 10587 10647 
30071 10607 10585 10596 10646 
30072 10570 10559 10560 10641 
30073 10598 10587 10582 10646 
30074 10582 10581 10644 10646 
30075 10596 10576 10586 10646 
30076 10589 10570 10560 10641 
30077 10605 10586 10594 10647 
30078 10576 10565 10561 10644 
30079 10612 10598 10588 10646 
30080 10580 10579 10569 10641 
30081 10602 10600 10601 10589 
30082 10577 10566 10562 10643 
30083 10569 10558 10553 10641 
30084 10590 10568 10558 10641 
30085 10602 10593 10600 10589 
30086 10601 10590 10591 10579 
30087 10615 10592 10602 10649 
30088 10623 10613 10600 10649 
30089 10602 10592 10591 10649 
30090 10603 10602 10593 10649 
30091 10615 10604 10649 10650 
30092 10623 10601 10614 10649 
30093 10602 10600 10593 10649 
30094 10604 10591 10592 10649 
30095 10602 10591 10592 10579 
30096 10602 10589 10601 10579 
30097 10601 10590 10579 10578 
30098 10601 10589 10600 10578 
30099 10612 10588 10599 10646 
30100 6109 10549 10631 10628 
30101 10628 10603 10613 10650 
30102 10609 10599 10606 10647 
30103 10607 10606 10585 10646 
30104 10606 10599 10646 10647 
30105 10602 10601 10591 10579 
30106 10594 10586 10581 10646 
30107 10617 10605 10610 10639 
30108 10594 10582 10587 10646 
30109 10585 10644 10575 10646 
30110 10596 10585 10575 10646 
30111 10611 10587 10598 10646 
30112 10553 10554 10558 10642 
30113 10612 10611 10598 10646 
30114 10606 10595 10585 10646 
30115 10618 10606 10607 10647 
30116 10615 10604 10592 10649 
30117 10611 10587 10646 10647 
30118 10571 10555 10552 10643 
30119 10610 10605 10597 10639 
30120 10589 10579 10580 10641 
30121 10613 10603 10593 10649 
30122 10594 10586 10646 10647 
30123 10576 10575 10644 10646 
30124 10615 10602 10603 10649 
30125 10613 10603 10649 10650 
30126 10629 10650 10628 10651 
30127 10615 10649 10603 10650 
30128 10629 10615 10603 10650 
30129 10589 10580 10570 10641 
30130 10623 10600 10601 10649 
30131 10602 10591 10601 10649 
30132 10612 10611 10646 10647 
30133 10630 10614 10604 10650 
30134 10619 10617 10639 10647 
30135 10599 10588 10595 10646 
30136 10602 10589 10580 10570 
30137 10625 10626 10648 10550 
30138 10607 10646 10596 10647 
30139 10571 10552 10562 10643 
30140 10547 569 10633 10640 
30141 10619 10618 10607 10647 
30142 10594 10646 10587 10647 
30143 571 10547 10632 10640 
30144 10638 10645 10640 10648 
30145 10590 10579 10578 10641 
30146 10614 10601 10591 10649 
30147 10573 10572 10563 10642 
30148 10619 10607 10608 10647 
30149 10626 10625 10637 10639 
30150 10622 10621 10611 10639 
30151 10612 10646 10599 10647 
30152 10612 10620 10639 10599 
30153 10617 10608 10605 10647 
30154 10581 10576 10644 10646 
30155 569 10640 10645 10648 
30156 10608 10607 10596 10647 
30157 10621 10597 10611 10639 
30158 10618 10609 10606 10647 
30159 10599 10620 10639 10609 
30160 10596 10646 10586 10647 
30161 10631 10613 10623 10650 
30162 10602 10601 10600 10649 
30163 10640 10645 10627 10551 
30164 10636 10623 10614 10650 
30165 10623 10613 10649 10650 
30166 10616 10604 10615 10650 
30167 10619 10639 10618 10647 
30168 10633 10619 10632 10637 
30169 10609 10599 10647 10639 
30170 10605 10597 10639 10647 
30171 571 10547 10640 10645 
30172 571 10624 10551 10640 
30173 10635 10627 10637 10638 
30174 571 10632 10624 10640 
30175 10635 10637 10634 10638 
30176 10613 10593 10600 10649 
30177 10639 10599 10647 10612 
30178 10634 10626 10637 10639 
30179 10627 10637 10638 10640 
30180 10634 10637 10626 10638 
30181 10626 10620 10609 10639 
30182 10611 10622 10639 10612 
30183 10635 10634 10637 10639 
30184 10635 10637 10627 10639 
30185 10547 10633 10632 10640 
30186 10626 10637 10625 10638 
30187 10632 10619 10617 10637 
30188 10611 10639 10597 10647 
30189 10639 10612 10647 10611 
30190 10634 10620 10626 10639 
30191 10635 10627 10621 10639 
30192 10633 10637 10632 10640 
30193 573 10634 10626 10638 
30194 10617 10605 10639 10647 
30195 569 10625 10633 10648 
30196 10635 10622 10634 10639 
30197 6109 10628 10631 10651 
30198 10608 10596 10586 10647 
30199 10619 10608 10617 10647 
30200 10618 10639 10609 10647 
30201 278 10631 10636 10651 
30202 10630 10650 10616 10651 
30203 569 10550 10625 10648 
30204 10632 10617 10624 10637 
30205 570 10645 10548 10648 
30206 574 10635 10634 10638 
30207 279 278 10636 10651 
30208 6108 279 10630 10651 
30209 279 10636 10630 10651 
30210 10636 10650 10630 10651 
30211 10629 10616 10650 10651 
30212 6108 10629 280 10651 
30213 6109 10631 278 10651 
30214 10624 10617 10610 10637 
30215 10648 573 10548 10550 
30216 570 10550 569 10648 
30217 10638 573 10548 10648 
30218 10630 10604 10616 10650 
30219 10629 10616 10615 10650 
30220 10627 10637 10610 10639 
30221 570 10547 571 10645 
30222 10638 10627 10645 572 
30223 10632 10637 10624 10640 
30224 10595 10584 10585 10644 
30225 10607 10606 10646 10647 
30226 10631 10628 10650 10651 
30227 6108 280 6109 10651 
30228 10595 10588 10583 10644 
30229 6109 278 279 10651 
30230 6109 280 10549 10628 
30231 6109 10549 278 10631 
30232 10633 10638 10637 10640 
30233 10635 10621 10622 10639 
30234 570 10551 10548 10645 
30235 10550 10626 10648 573 
30236 569 10633 10640 10648 
30237 10625 10618 10637 10639 
30238 10551 10624 10627 10640 
30239 6109 280 10628 10651 
30240 10555 10642 10552 10643 
30241 10611 10597 10587 10647 
30242 572 10645 10548 10551 
30243 10547 569 10640 10645 
30244 10638 10625 10626 10648 
30245 10631 10628 10613 10650 
30246 10636 10614 10630 10650 
30247 280 10629 10628 10651 
30248 574 10634 573 10638 
30249 6108 6109 279 10651 
30250 10629 10603 10628 10650 
30251 10636 10631 10650 10651 
30252 6108 10616 10629 10651 
30253 6108 10630 10616 10651 
30254 10614 10649 10604 10650 
30255 10627 10624 10610 10637 
30256 572 10627 10635 10638 
30257 10633 10625 10618 10637 
30258 10638 10640 10645 10627 
30259 570 569 10547 10645 
30260 574 572 10635 10638 
30261 10633 10618 10619 10637 
30262 10564 10554 10559 10642 
30263 10641 10554 10553 10559 
30264 10564 10559 10556 10642 
30265 10627 10645 572 10551 
30266 10614 10591 10604 10649 
30267 10548 10645 10638 10648 
30268 10612 10622 10639 10620 
30269 574 573 10548 10638 
30270 10636 10631 10623 10650 
30271 10634 10622 10620 10639 
30272 10567 10554 10564 10642 
30273 10567 10563 10557 10642 
30274 10567 10554 10558 10641 
30275 10559 10554 10553 10642 
30276 10623 10649 10614 10650 
30277 10569 10555 10559 10553 
30278 10626 10609 10625 10639 
30279 10621 10610 10597 10639 
30280 10558 10552 10553 10642 
30281 10555 10553 10552 10642 
30282 10633 10638 10640 10648 
30283 10574 10573 10564 10642 
30284 10562 10552 10557 10642 
30285 10642 10554 10558 10567 
30286 10558 10557 10552 10642 
30287 570 10548 10550 10648 
30288 10633 10625 10638 10648 
30289 10638 572 10645 10548 
30290 573 10626 10648 10638 
30291 10677 10660 10669 10739 
30292 10669 10661 10665 10740 
30293 10666 10659 10740 10741 
30294 10673 10666 10663 10741 
30295 10683 10666 10676 10741 
30296 10680 10673 10663 10741 
30297 10653 579 10742 10743 
30298 10671 10663 10667 10660 
30299 10664 10662 10658 10740 
30300 10691 10741 10681 10744 
30301 10692 10683 10690 10741 
30302 10663 10657 10660 10740 
30303 10739 10688 10686 10679 
30304 10661 10660 10657 10740 
30305 10671 10662 10740 10660 
30306 10676 10666 10673 10741 
30307 10683 10659 10666 10741 
30308 10674 10664 10658 10741 
30309 10671 10660 10667 10739 
30310 10684 10741 10676 10744 
30311 10666 10659 10657 10740 
30312 10677 10668 10660 10739 
30313 10656 10742 10726 10743 
30314 10671 10664 10663 10740 
30315 10655 10742 10728 10745 
30316 10686 10679 10667 10739 
30317 10660 10662 10740 10669 
30318 10665 10658 10740 10741 
30319 10680 10663 10664 10741 
30320 10681 10680 10674 10741 
30321 10688 10678 10670 10739 
30322 10691 10685 10680 10741 
30323 10682 10674 10675 10741 
30324 10692 10682 10741 10744 
30325 10684 10683 10676 10741 
30326 10687 10688 10686 10739 
30327 10705 10704 10687 10686 
30328 10687 10677 10678 10739 
30329 10705 10688 10687 10678 
30330 10679 10671 10667 10739 
30331 10664 10663 10740 10741 
30332 10672 10670 10662 10739 
30333 10672 10662 10671 10739 
30334 10688 10672 10679 10739 
30335 10689 10679 10688 10672 
30336 10728 10745 10742 10746 
30337 10680 10664 10674 10741 
30338 10664 10740 10658 10741 
30339 10702 10676 10685 10744 
30340 10726 10742 10745 10746 
30341 10686 10667 10668 10739 
30342 10665 10740 10659 10741 
30343 10677 10661 10669 10660 
30344 10685 10676 10741 10744 
30345 10687 10686 10668 10739 
30346 10699 10681 10682 10744 
30347 10702 10693 10744 10747 
30348 10692 10675 10683 10741 
30349 10699 10698 10681 10744 
30350 10678 10669 10670 10739 
30351 10690 10741 10684 10744 
30352 10692 10741 10690 10744 
30353 10695 10686 10689 10679 
30354 10668 10667 10660 10739 
30355 10702 10684 10676 10744 
30356 10692 10682 10675 10741 
30357 10705 10694 10689 10688 
30358 10705 10689 10695 10686 
30359 10679 10688 10686 10689 
30360 10691 10685 10741 10744 
30361 10700 10692 10696 10744 
30362 10702 10693 10684 10744 
30363 10679 10672 10671 10739 
30364 10662 10739 10660 10671 
30365 10691 10680 10681 10741 
30366 10698 10697 10744 10747 
30367 10682 10681 10674 10741 
30368 10696 10690 10693 10744 
30369 10700 10744 10696 10747 
30370 10700 10682 10692 10744 
30371 10675 10674 10658 10741 
30372 10702 10744 10697 10747 
30373 10714 10693 10702 10747 
30374 10697 10685 10691 10744 
30375 10689 10688 10686 10705 
30376 10707 10706 10694 10689 
30377 10725 10706 10704 10694 
30378 10678 10677 10669 10739 
30379 10732 10706 10718 10748 
30380 10716 10706 10707 10748 
30381 10690 10683 10684 10741 
30382 10683 10665 10659 10741 
30383 10700 10699 10744 10747 
30384 10710 10709 10698 10747 
30385 10715 10697 10703 10747 
30386 10685 10676 10673 10741 
30387 10700 10699 10682 10744 
30388 10705 10695 10704 10686 
30389 10706 10695 10694 10689 
30390 6218 10731 290 10749 
30391 10696 10692 10690 10744 
30392 10711 10699 10700 10747 
30393 10710 10709 10747 10750 
30394 10708 10747 10701 10750 
30395 289 10732 6218 10749 
30396 10688 10687 10678 10739 
30397 10709 10703 10697 10747 
30398 10714 10701 10693 10747 
30399 10708 10700 10696 10747 
30400 6218 10732 10718 10749 
30401 10721 10720 10710 10750 
30402 10724 10715 10722 10750 
30403 10696 10744 10693 10747 
30404 10701 10696 10693 10747 
30405 10713 10708 10701 10750 
30406 10719 10713 10746 10750 
30407 10711 10710 10699 10747 
30408 289 10733 10732 10749 
30409 10705 10704 10695 10694 
30410 10715 10714 10702 10747 
30411 10725 10717 10706 10748 
30412 10733 10716 10707 10748 
30413 10705 10694 10695 10689 
30414 10719 10708 10713 10750 
30415 10732 10748 10718 10749 
30416 10721 10710 10711 10750 
30417 10708 10696 10701 10747 
30418 10726 10719 10713 10746 
30419 290 10738 291 10749 
30420 10717 10704 10706 10695 
30421 10724 10714 10715 10750 
30422 10671 10662 10664 10740 
30423 10723 10701 10714 10750 
30424 10736 10722 10728 10746 
30425 10720 10709 10710 10750 
30426 10709 10697 10698 10747 
30427 10712 10703 10709 10750 
30428 10711 10700 10708 10747 
30429 10721 10711 10719 10750 
30430 10715 10702 10697 10747 
30431 10720 10712 10709 10750 
30432 10725 10706 10716 10748 
30433 10682 10681 10741 10744 
30434 10724 10723 10714 10750 
30435 10725 10704 10705 10694 
30436 10725 10716 10706 10694 
30437 10699 10698 10744 10747 
30438 10730 10725 10716 10748 
30439 10723 10746 10713 10750 
30440 10731 10718 10717 10748 
30441 10693 10690 10684 10744 
30442 289 6218 6219 10749 
30443 291 10738 10730 10749 
30444 10722 10712 10746 10750 
30445 10729 10726 10713 10746 
30446 10711 10710 10747 10750 
30447 10711 10747 10708 10750 
30448 10652 575 10735 10745 
30449 10734 10721 10719 10746 
30450 576 577 10742 10745 
30451 575 10655 10727 10745 
30452 577 10652 10734 10745 
30453 10727 10712 10720 10746 
30454 10729 10743 10726 10746 
30455 10721 10746 10720 10750 
30456 10720 10746 10712 10750 
30457 10735 10721 10734 10746 
30458 10735 10720 10721 10746 
30459 10723 10713 10701 10750 
30460 10722 10703 10712 10750 
30461 10714 10701 10747 10750 
30462 10724 10722 10746 10750 
30463 10653 10742 10655 10745 
30464 10728 10722 10712 10746 
30465 10656 10726 10729 10743 
30466 10652 10735 10734 10745 
30467 577 10734 10726 10745 
30468 10729 10713 10723 10746 
30469 10710 10698 10699 10747 
30470 10721 10719 10746 10750 
30471 10737 10724 10736 10746 
30472 10736 10728 10743 10746 
30473 10737 10743 10729 10746 
30474 576 10742 10656 10743 
30475 579 10728 10742 10743 
30476 10653 579 10655 10742 
30477 10728 10727 10745 10746 
30478 10722 10715 10703 10750 
30479 576 577 10656 10742 
30480 10734 10726 10745 10746 
30481 10737 10729 10723 10746 
30482 580 578 10737 10743 
30483 10719 10711 10708 10750 
30484 10728 10712 10727 10746 
30485 10655 10728 10727 10745 
30486 10737 10736 10743 10746 
30487 580 10737 10736 10743 
30488 10738 10748 10730 10749 
30489 6219 291 10730 10749 
30490 290 10731 10738 10749 
30491 578 10656 10729 10743 
30492 10666 10740 10663 10741 
30493 10735 10745 10727 10746 
30494 579 10728 10655 10742 
30495 580 10736 579 10743 
30496 578 10729 10737 10743 
30497 10728 10742 10743 10746 
30498 10736 10724 10722 10746 
30499 577 10726 10742 10745 
30500 10738 10725 10730 10748 
30501 10738 10731 10717 10748 
30502 10716 10707 10706 10694 
30503 10715 10714 10747 10750 
30504 576 10742 10653 10745 
30505 10706 10695 10704 10694 
30506 6219 290 291 10749 
30507 6218 290 6219 10749 
30508 10733 10707 10732 10748 
30509 10718 10706 10717 10748 
30510 10732 10707 10706 10748 
30511 6219 10730 10733 10749 
30512 289 6219 10654 10733 
30513 10725 10705 10716 10694 
30514 289 6219 10733 10749 
30515 575 10653 10655 10745 
30516 10733 10730 10716 10748 
30517 576 10653 575 10745 
30518 10735 10734 10745 10746 
30519 577 10726 10656 10742 
30520 10726 10743 10742 10746 
30521 10734 10719 10726 10746 
30522 10737 10723 10724 10746 
30523 576 10652 577 10745 
30524 575 10727 10735 10745 
30525 10698 10691 10681 10744 
30526 10738 10731 10748 10749 
30527 6219 10654 10733 10730 
30528 10671 10663 10660 10740 
30529 6219 291 10654 10730 
30530 10738 10717 10725 10748 
30531 10733 10730 10748 10749 
30532 10715 10747 10703 10750 
30533 6218 10718 10731 10749 
30534 10731 10718 10748 10749 
30535 576 10653 10742 10743 
30536 10709 10703 10747 10750 
30537 576 575 10652 10745 
30538 579 10736 10728 10743 
30539 580 579 10653 10743 
30540 10688 10670 10672 10739 
30541 576 10656 578 10743 
30542 576 578 10653 10743 
30543 10687 10668 10677 10739 
30544 10669 10660 10661 10740 
30545 10665 10658 10662 10740 
30546 10683 10675 10665 10741 
30547 10705 10688 10686 10687 
30548 10675 10658 10665 10741 
30549 10685 10673 10680 10741 
30550 10735 10727 10720 10746 
30551 10677 10661 10660 10657 
30552 580 10653 578 10743 
30553 10669 10665 10662 10740 
30554 10669 10739 10660 10662 
30555 10725 10706 10717 10704 
30556 10724 10746 10723 10750 
30557 10666 10657 10663 10740 
30558 10733 10748 10732 10749 
30559 10661 10657 10659 10740 
30560 10665 10661 10659 10740 
30561 10670 10669 10662 10739 
30562 10698 10697 10691 10744 
30563 10702 10685 10697 10744 
30564 10808 10807 10795 10838 
30565 10795 10838 10794 10839 
30566 10768 10764 10763 10840 
30567 582 583 10755 10841 
30568 10778 10762 10773 10842 
30569 10783 10773 10774 10842 
30570 10777 10772 10762 10842 
30571 10785 10776 10767 10842 
30572 10768 10763 10761 10840 
30573 10774 10773 10840 10842 
30574 10765 10764 10757 10840 
30575 10767 10766 10840 10842 
30576 10760 10759 10757 10840 
30577 10759 10758 10757 10840 
30578 10785 10767 10772 10842 
30579 10780 10769 10779 10768 
30580 10784 10774 10765 10842 
30581 10767 10766 10758 10840 
30582 10775 10765 10766 10842 
30583 10805 10796 10792 10838 
30584 10776 10766 10767 10842 
30585 10773 10761 10763 10840 
30586 10772 10761 10762 10840 
30587 10769 10760 10768 10840 
30588 10772 10767 10840 10842 
30589 10778 10839 10777 10842 
30590 10773 10762 10840 10842 
30591 10774 10840 10765 10842 
30592 10779 10770 10771 10760 
30593 10783 10778 10773 10842 
30594 10770 10759 10769 10756 
30595 10782 10779 10771 10760 
30596 10764 10760 10757 10840 
30597 10795 10794 10775 10839 
30598 10794 10784 10775 10839 
30599 10798 10778 10787 10839 
30600 10794 10793 10784 10839 
30601 10776 10839 10775 10842 
30602 10769 10768 10761 10840 
30603 10776 10775 10766 10842 
30604 10769 10759 10760 10840 
30605 10766 10765 10840 10842 
30606 10795 10775 10776 10839 
30607 10793 10787 10783 10839 
30608 10771 10788 10779 10782 
30609 10802 10782 10781 10771 
30610 10785 10777 10839 10842 
30611 10802 10791 10800 10782 
30612 10780 10771 10788 10779 
30613 10789 10781 10771 10770 
30614 10789 10781 10788 10771 
30615 10780 10770 10779 10769 
30616 10784 10839 10783 10842 
30617 10784 10783 10774 10842 
30618 10770 10760 10769 10759 
30619 10814 10781 10788 10789 
30620 10783 10839 10778 10842 
30621 10794 10838 10793 10839 
30622 10802 10781 10788 10814 
30623 10785 10839 10776 10842 
30624 10778 10777 10762 10842 
30625 10806 10793 10794 10838 
30626 10796 10795 10776 10839 
30627 10789 10771 10780 10770 
30628 10814 10789 10788 10780 
30629 10806 10799 10793 10838 
30630 10774 10763 10764 10840 
30631 10796 10792 10838 10839 
30632 10786 10785 10777 10839 
30633 10787 10778 10783 10839 
30634 10784 10775 10839 10842 
30635 10779 10768 10769 10760 
30636 10771 10781 10788 10782 
30637 10799 10787 10793 10838 
30638 10784 10765 10775 10842 
30639 10782 10781 10788 10802 
30640 10797 10792 10786 10838 
30641 10792 10785 10786 10839 
30642 10811 10797 10786 10838 
30643 10808 10795 10796 10838 
30644 10773 10762 10761 10840 
30645 10798 10786 10777 10839 
30646 10843 10828 10841 10755 
30647 10796 10785 10792 10839 
30648 10816 10790 10802 10844 
30649 10759 10756 10758 10840 
30650 10824 10813 10800 10844 
30651 10793 10783 10784 10839 
30652 10814 10790 10802 10781 
30653 10816 10804 10790 10844 
30654 10814 10801 10790 10789 
30655 10805 10838 10797 10845 
30656 10805 10792 10797 10838 
30657 10818 10845 10810 10846 
30658 10807 10794 10795 10838 
30659 10807 10806 10794 10838 
30660 10798 10787 10838 10839 
30661 10812 10838 10799 10845 
30662 10808 10796 10805 10838 
30663 10820 10808 10818 10845 
30664 10772 10767 10756 10840 
30665 10798 10838 10786 10839 
30666 10822 10797 10811 10845 
30667 10810 10805 10797 10845 
30668 10812 10811 10798 10838 
30669 10796 10776 10785 10839 
30670 10768 10760 10764 10840 
30671 10811 10797 10838 10845 
30672 10814 10802 10790 10844 
30673 10814 10790 10801 10844 
30674 10808 10807 10838 10845 
30675 10796 10838 10795 10839 
30676 10769 10756 10759 10840 
30677 10807 10806 10838 10845 
30678 10819 10809 10845 10846 
30679 10798 10777 10778 10839 
30680 10809 10799 10806 10845 
30681 10819 10809 10806 10845 
30682 10820 10807 10808 10845 
30683 10821 10812 10799 10845 
30684 10823 10822 10811 10845 
30685 10806 10799 10838 10845 
30686 10802 10800 10788 10782 
30687 10831 10815 10804 10847 
30688 10817 10804 10816 10847 
30689 10766 10757 10758 10840 
30690 10813 10803 10791 10844 
30691 10813 10791 10800 10844 
30692 10814 10800 10802 10844 
30693 10772 10756 10761 10840 
30694 10824 10813 10844 10847 
30695 10829 10803 10813 10847 
30696 10824 10814 10815 10844 
30697 10813 10803 10844 10847 
30698 10789 10788 10780 10771 
30699 10785 10772 10777 10842 
30700 10779 10769 10770 10760 
30701 6217 10753 10832 10829 
30702 10808 10838 10805 10845 
30703 10812 10811 10838 10845 
30704 10812 10798 10787 10838 
30705 10828 10810 10822 10846 
30706 10825 10818 10810 10846 
30707 10822 10810 10797 10845 
30708 10826 10809 10819 10846 
30709 10792 10786 10838 10839 
30710 10828 10825 10810 10846 
30711 10815 10844 10804 10847 
30712 10771 10760 10770 10759 
30713 10780 10771 10779 10770 
30714 10814 10789 10790 10781 
30715 10837 10824 10815 10847 
30716 10789 10770 10780 10769 
30717 10804 10801 10790 10844 
30718 10824 10800 10814 10844 
30719 10834 10819 10820 10846 
30720 10824 10844 10815 10847 
30721 10834 10820 10833 10846 
30722 10848 10841 10846 10825 
30723 10822 10810 10845 10846 
30724 10843 10848 10841 10846 
30725 10843 10846 10841 10828 
30726 10827 10843 10846 10848 
30727 583 10833 10825 10848 
30728 10823 10845 10821 10846 
30729 10823 10822 10845 10846 
30730 10827 10821 10809 10846 
30731 10818 10805 10810 10845 
30732 10815 10801 10804 10844 
30733 10803 10802 10791 10844 
30734 10820 10845 10818 10846 
30735 10751 10834 10833 10848 
30736 10833 10818 10825 10846 
30737 10835 10821 10827 10846 
30738 10754 10827 10826 10848 
30739 585 10835 10827 10843 
30740 10827 10809 10826 10846 
30741 10846 10841 10828 10825 
30742 10815 10814 10801 10844 
30743 586 584 10836 10843 
30744 10819 10806 10807 10845 
30745 10793 10838 10787 10839 
30746 586 10835 585 10843 
30747 10820 10819 10845 10846 
30748 584 10755 10828 10843 
30749 10836 10846 10835 10843 
30750 585 10843 10827 10848 
30751 586 10836 10835 10843 
30752 10833 10820 10818 10846 
30753 10814 10802 10800 10788 
30754 10836 10828 10822 10846 
30755 10837 10832 10847 10849 
30756 6216 287 10831 10849 
30757 287 10837 10831 10849 
30758 10831 10847 10817 10849 
30759 10830 10803 10829 10847 
30760 10837 10815 10831 10847 
30761 6217 10832 286 10849 
30762 582 10754 581 10848 
30763 581 10754 10826 10848 
30764 10834 10826 10846 10848 
30765 10752 585 10754 10848 
30766 10823 10812 10821 10845 
30767 10752 10755 584 10843 
30768 10836 10822 10823 10846 
30769 585 10827 10754 10848 
30770 582 583 10841 10848 
30771 582 10841 10752 10848 
30772 10816 10844 10803 10847 
30773 6217 288 10829 10849 
30774 6216 288 6217 10849 
30775 10835 10846 10827 10843 
30776 10830 10847 10829 10849 
30777 10821 10845 10809 10846 
30778 6217 286 287 10849 
30779 6217 288 10753 10829 
30780 6217 10753 286 10832 
30781 10752 10841 10843 10848 
30782 583 10751 10833 10848 
30783 583 10825 10841 10848 
30784 10836 10823 10835 10846 
30785 10827 10846 10826 10848 
30786 582 581 10751 10848 
30787 10835 10823 10821 10846 
30788 10833 10846 10825 10848 
30789 10752 10843 585 10848 
30790 582 10751 583 10848 
30791 10823 10811 10812 10845 
30792 10834 10846 10833 10848 
30793 10830 10817 10816 10847 
30794 10832 10829 10847 10849 
30795 6216 6217 287 10849 
30796 10837 10847 10831 10849 
30797 286 10832 10837 10849 
30798 10802 10800 10791 10844 
30799 10837 10832 10824 10847 
30800 10830 10816 10803 10847 
30801 10816 10802 10803 10844 
30802 6216 10817 10830 10849 
30803 10832 10813 10824 10847 
30804 10751 581 10834 10848 
30805 287 286 10837 10849 
30806 582 10752 10754 10848 
30807 584 10828 10836 10843 
30808 10816 10804 10844 10847 
30809 581 10826 10834 10848 
30810 10811 10786 10798 10838 
30811 586 585 10752 10843 
30812 10836 10828 10846 10843 
30813 10830 10817 10847 10849 
30814 10834 10826 10819 10846 
30815 10772 10840 10762 10842 
30816 10766 10765 10757 10840 
30817 10769 10761 10756 10840 
30818 10812 10787 10799 10838 
30819 10767 10758 10756 10840 
30820 10779 10764 10768 10760 
30821 6217 10829 10832 10849 
30822 10820 10819 10807 10845 
30823 288 10830 10829 10849 
30824 10774 10773 10763 10840 
30825 10818 10808 10805 10845 
30826 10832 10829 10813 10847 
30827 10821 10799 10809 10845 
30828 586 10752 584 10843 
30829 10774 10764 10765 10840 
30830 10779 10768 10764 10763 
30831 6216 10830 288 10849 
30832 10831 10804 10817 10847 
30833 6216 10831 10817 10849 
30834 582 10755 10752 10841 
30835 10752 10841 10755 10843 
30836 10828 10841 10755 10825 
30837 583 10825 10755 10841 
30838 10926 10911 10918 10931 
30839 10927 10932 10926 10933 
30840 10918 10911 10905 10931 
30841 10927 10919 10932 10933 
30842 10915 10905 10931 10932 
30843 10919 10904 10931 10932 
30844 10914 10931 10904 10932 
30845 10916 10915 10931 10932 
30846 10916 10931 10914 10932 
30847 10925 10908 10899 10934 
30848 589 10918 10854 10933 
30849 10850 587 10927 10933 
30850 589 10850 10926 10933 
30851 10869 10862 10860 10857 
30852 10869 10856 10861 10855 
30853 10870 10864 10856 10935 
30854 10878 10863 10864 10935 
30855 10857 10862 10855 10869 
30856 10861 10856 10859 10855 
30857 10871 10857 10860 10936 
30858 10889 10886 10887 10870 
30859 10869 10863 10856 10855 
30860 10886 10861 10869 10935 
30861 10886 10870 10861 10935 
30862 10871 10860 10868 10936 
30863 10878 10869 10863 10935 
30864 10869 10856 10863 10935 
30865 10861 10862 10855 10859 
30866 10869 10862 10855 10861 
30867 588 10933 10937 10938 
30868 10871 10865 10857 10936 
30869 10871 10865 10936 10939 
30870 10874 10867 10865 10939 
30871 10892 10874 10884 10939 
30872 10872 10866 10858 10936 
30873 10881 10874 10865 10939 
30874 10867 10859 10857 10936 
30875 10872 10868 10866 10936 
30876 10869 10861 10856 10935 
30877 10867 10936 10865 10939 
30878 10864 10863 10856 10935 
30879 10879 10864 10870 10935 
30880 10887 10879 10870 10935 
30881 10871 10936 10868 10939 
30882 10886 10862 10869 10861 
30883 10868 10860 10866 10936 
30884 10872 10936 10867 10939 
30885 10887 10886 10877 10935 
30886 10882 10876 10939 10940 
30887 10876 10872 10868 10866 
30888 10883 10882 10873 10939 
30889 10878 10877 10869 10935 
30890 10894 10939 10876 10940 
30891 10891 10882 10883 10940 
30892 10866 10860 10858 10936 
30893 10872 10868 10936 10939 
30894 10862 10859 10858 10857 
30895 10881 10865 10871 10939 
30896 10894 10876 10891 10940 
30897 10870 10887 10880 10879 
30898 10881 10939 10875 10940 
30899 10894 10875 10939 10940 
30900 10896 10887 10880 10889 
30901 10884 10874 10881 10939 
30902 10909 10889 10896 10880 
30903 591 10937 10928 10938 
30904 10859 10858 10857 10936 
30905 10903 10902 10892 10940 
30906 10907 10906 10940 10941 
30907 10885 10881 10875 10940 
30908 10882 10876 10872 10939 
30909 10876 10875 10868 10939 
30910 10920 10932 10919 10938 
30911 10892 10873 10874 10939 
30912 10867 10857 10865 10936 
30913 10906 10885 10894 10940 
30914 10884 10939 10881 10940 
30915 10891 10876 10882 10940 
30916 10890 10881 10885 10940 
30917 10887 10870 10886 10935 
30918 10897 10887 10880 10896 
30919 10879 10887 10880 10897 
30920 10892 10883 10939 10940 
30921 10917 10897 10888 10880 
30922 10889 10887 10880 10870 
30923 10874 10873 10867 10939 
30924 10882 10872 10873 10939 
30925 10907 10894 10891 10940 
30926 10917 10897 10896 10887 
30927 10899 10888 10880 10934 
30928 10897 10879 10887 10878 
30929 10924 10898 10910 10934 
30930 10910 10898 10909 10934 
30931 10922 10917 10908 10934 
30932 10925 10922 10908 10934 
30933 10917 10880 10888 10934 
30934 10917 10896 10897 10880 
30935 10881 10871 10875 10939 
30936 10887 10877 10878 10935 
30937 10894 10875 10876 10939 
30938 10853 10920 10919 10938 
30939 10893 10890 10885 10940 
30940 10901 10895 10940 10941 
30941 591 10920 10853 10938 
30942 10892 10883 10873 10939 
30943 10912 10904 10901 10931 
30944 10900 10890 10893 10940 
30945 10903 10931 10902 10941 
30946 10872 10858 10859 10936 
30947 10902 10931 10901 10941 
30948 10903 10892 10884 10940 
30949 10918 10931 10905 10932 
30950 10873 10872 10867 10939 
30951 10906 10893 10885 10940 
30952 10901 10891 10883 10940 
30953 10909 10898 10889 10880 
30954 10917 10898 10880 10934 
30955 10930 10923 10934 10942 
30956 10902 10883 10892 10940 
30957 10907 10940 10895 10941 
30958 10917 10897 10908 10888 
30959 10913 10912 10902 10931 
30960 10887 10878 10879 10935 
30961 10899 10880 10898 10934 
30962 10903 10902 10940 10941 
30963 10913 10903 10911 10931 
30964 10914 10907 10895 10941 
30965 10900 10884 10890 10940 
30966 10915 10931 10905 10941 
30967 10870 10856 10861 10935 
30968 10926 10931 10918 10932 
30969 10916 10931 10915 10941 
30970 592 10928 591 10937 
30971 10911 10903 10900 10931 
30972 10903 10900 10931 10941 
30973 10907 10906 10894 10940 
30974 10917 10888 10908 10934 
30975 10919 10932 10933 10938 
30976 10916 10907 10914 10941 
30977 10905 10931 10900 10941 
30978 10911 10900 10905 10931 
30979 10928 10914 10920 10932 
30980 10907 10891 10895 10940 
30981 10921 10905 10915 10932 
30982 10903 10940 10900 10941 
30983 588 10850 589 10933 
30984 10875 10871 10868 10939 
30985 10914 10895 10931 10941 
30986 10903 10884 10900 10940 
30987 10916 10906 10907 10941 
30988 10902 10901 10940 10941 
30989 10897 10888 10880 10879 
30990 10916 10915 10906 10941 
30991 10917 10909 10898 10934 
30992 10925 10934 10924 10942 
30993 10923 10910 10934 10942 
30994 10928 10916 10914 10932 
30995 10917 10909 10896 10880 
30996 10896 10887 10889 10886 
30997 10908 10888 10899 10934 
30998 6330 10910 10923 10942 
30999 296 6331 10925 10942 
31000 10916 10914 10931 10941 
31001 10879 10878 10864 10935 
31002 10930 10909 10917 10934 
31003 10886 10869 10877 10935 
31004 297 10923 10930 10942 
31005 10901 10931 10895 10941 
31006 10924 10899 10898 10934 
31007 10901 10895 10891 10940 
31008 589 10926 10918 10933 
31009 10928 10932 10920 10938 
31010 10919 10904 10912 10931 
31011 10926 10913 10911 10931 
31012 10905 10900 10893 10941 
31013 10927 10913 10926 10931 
31014 10902 10901 10883 10940 
31015 10914 10895 10904 10931 
31016 10890 10884 10881 10940 
31017 592 10851 590 10937 
31018 10906 10893 10940 10941 
31019 10900 10940 10893 10941 
31020 10854 10918 10921 10937 
31021 10850 10927 10926 10933 
31022 10921 10918 10932 10937 
31023 10920 10914 10904 10932 
31024 10927 10919 10912 10931 
31025 10904 10895 10901 10931 
31026 10929 10921 10915 10932 
31027 587 10919 10927 10933 
31028 591 10928 10920 10938 
31029 10851 10937 591 10938 
31030 10915 10893 10906 10941 
31031 10915 10905 10893 10941 
31032 10894 10876 10875 10868 
31033 592 590 10929 10937 
31034 10917 10898 10909 10880 
31035 590 10854 10921 10937 
31036 10929 10915 10916 10932 
31037 6330 10923 297 10942 
31038 10926 10932 10918 10933 
31039 10928 10937 10932 10938 
31040 10854 10933 10918 10937 
31041 592 10929 10928 10937 
31042 587 10853 10919 10938 
31043 298 10930 10922 10942 
31044 10930 10917 10922 10934 
31045 296 10924 6330 10942 
31046 10924 10934 10910 10942 
31047 6331 298 10922 10942 
31048 10930 10923 10909 10934 
31049 6331 10852 10925 10922 
31050 6331 10922 10925 10942 
31051 10851 591 10853 10938 
31052 588 10937 10851 10938 
31053 10851 10854 590 10937 
31054 588 589 10854 10933 
31055 588 10854 10851 10937 
31056 10929 10921 10932 10937 
31057 588 10853 587 10938 
31058 296 10925 10924 10942 
31059 6330 10924 10910 10942 
31060 10923 10910 10909 10934 
31061 10918 10933 10932 10937 
31062 10927 10931 10926 10932 
31063 10929 10932 10928 10937 
31064 10921 10918 10905 10932 
31065 588 10851 10853 10938 
31066 10927 10912 10913 10931 
31067 297 10930 298 10942 
31068 10920 10904 10919 10932 
31069 10927 10919 10931 10932 
31070 588 10933 10854 10937 
31071 10929 10916 10928 10932 
31072 6331 297 298 10942 
31073 6330 297 6331 10942 
31074 6331 298 10852 10922 
31075 296 6331 10852 10925 
31076 588 587 10850 10933 
31077 590 10921 10929 10937 
31078 296 6330 6331 10942 
31079 10859 10862 10855 10857 
31080 10932 10937 10933 10938 
31081 592 591 10851 10937 
31082 10876 10868 10872 10939 
31083 10883 10882 10939 10940 
31084 588 587 10933 10938 
31085 10862 10859 10861 10858 
31086 10912 10901 10902 10931 
31087 10862 10858 10860 10857 
31088 10860 10857 10858 10936 
31089 10925 10922 10934 10942 
31090 587 10919 10933 10938 
31091 10869 10857 10863 10855 
31092 10913 10902 10903 10931 
31093 10864 10856 10863 10855 
31094 10892 10939 10884 10940 
31095 10925 10899 10924 10934 
31096 10872 10859 10867 10936 
31097 10930 10934 10922 10942 
31098 10894 10885 10875 10940 
31099 11003 11028 10989 11029 
31100 11002 10988 11028 11030 
31101 11002 10988 10985 11028 
31102 10998 10997 11028 11030 
31103 10998 10987 11028 11029 
31104 10987 10978 11028 11029 
31105 10999 10978 10996 11028 
31106 10981 10964 10963 10954 
31107 10963 10962 10957 11031 
31108 10968 10958 10952 11032 
31109 10953 10949 11031 11032 
31110 10966 10953 10957 11032 
31111 10981 10972 10963 10962 
31112 10964 10955 10963 10951 
31113 10967 10957 10958 11032 
31114 10966 10956 10953 11032 
31115 10961 10960 11032 11033 
31116 10955 10965 10963 10962 
31117 10958 10957 11031 11032 
31118 10954 10949 10950 11031 
31119 10986 11029 10979 11033 
31120 10962 10965 10963 10981 
31121 10962 10958 10957 11031 
31122 10987 10977 10969 11029 
31123 598 11034 597 11035 
31124 10958 11031 10952 11032 
31125 10974 10960 10961 11033 
31126 10975 10971 11032 11033 
31127 10971 10961 11032 11033 
31128 10974 10970 10960 11033 
31129 10963 10957 10953 11031 
31130 10981 10980 10972 10962 
31131 10986 10977 11029 11033 
31132 10967 10966 10957 11032 
31133 594 597 10946 11035 
31134 10950 10948 11031 11032 
31135 10958 10955 10952 11031 
31136 10975 10971 10966 11032 
31137 10989 10961 10971 11033 
31138 10963 10955 10962 11031 
31139 10979 10971 10975 11033 
31140 10980 10962 10965 10955 
31141 10965 10955 10964 10951 
31142 10971 10956 10966 11032 
31143 10970 10969 10959 11033 
31144 10974 11029 10970 11033 
31145 10975 10966 10967 11032 
31146 10957 10953 11031 11032 
31147 10981 10980 10965 11036 
31148 11014 10991 10992 11036 
31149 10981 10973 10965 10964 
31150 10992 10981 10982 11036 
31151 10964 10965 10963 10955 
31152 10993 10965 10980 11036 
31153 10989 10974 10961 11033 
31154 597 10946 11035 11037 
31155 597 11035 11034 11037 
31156 10947 11015 11034 11035 
31157 10976 10968 10969 11033 
31158 10964 10963 10954 10951 
31159 10971 10961 10956 11032 
31160 10981 10965 10980 10962 
31161 10985 10978 10974 11029 
31162 10968 11032 10959 11033 
31163 10981 10965 10963 10964 
31164 10998 10977 10987 11029 
31165 10961 10960 10956 11032 
31166 10978 10970 10974 11029 
31167 10989 11028 10985 11029 
31168 10986 10975 10976 11033 
31169 10977 10969 11029 11033 
31170 10986 10979 10975 11033 
31171 10997 10986 10977 11029 
31172 10987 10970 10978 11029 
31173 10963 10951 10955 11031 
31174 10989 10979 11029 11033 
31175 10989 10985 10974 11029 
31176 10996 10978 10985 11028 
31177 10964 10951 10954 10950 
31178 10986 10976 10977 11033 
31179 10992 10972 10981 11036 
31180 10977 10976 10969 11033 
31181 10989 10971 10979 11033 
31182 10963 10953 10954 11031 
31183 10999 10987 10978 11028 
31184 10982 10981 10973 11036 
31185 10993 10980 10984 11036 
31186 10994 10993 10984 10983 
31187 10983 10982 10973 11036 
31188 10981 10972 10980 11036 
31189 10969 10968 10959 11033 
31190 10993 10973 10965 11036 
31191 10950 11031 10949 11032 
31192 10993 10983 10973 11036 
31193 10981 10965 10973 11036 
31194 11005 10995 10983 10982 
31195 11005 10992 10982 11036 
31196 11014 11004 10991 10984 
31197 10962 10955 10958 11031 
31198 11036 11014 10983 11005 
31199 595 11015 10947 11035 
31200 6329 10945 11022 11019 
31201 6329 11019 11022 11038 
31202 10991 10984 10980 11036 
31203 11019 10994 11004 11039 
31204 10997 10990 10986 11029 
31205 10997 11028 10990 11029 
31206 11000 10990 10997 11030 
31207 10999 10998 10987 11028 
31208 11002 10985 10989 11028 
31209 10991 10980 10972 11036 
31210 10989 11029 10974 11033 
31211 11018 11034 11015 11040 
31212 11023 11010 11008 11040 
31213 11008 10996 11001 11030 
31214 10996 10985 10988 11028 
31215 10999 11028 10996 11030 
31216 11009 10997 10998 11030 
31217 10996 11028 10988 11030 
31218 11011 10990 11000 11030 
31219 10992 10991 10972 11036 
31220 10985 11028 10978 11029 
31221 10990 10979 10986 11029 
31222 11006 11014 10983 10994 
31223 294 293 11027 11038 
31224 10952 11031 10948 11032 
31225 11006 10993 10994 10983 
31226 11014 10994 11006 11039 
31227 11007 10995 11006 11039 
31228 11020 11007 11006 11039 
31229 11020 11006 10994 11039 
31230 11014 11004 10994 11039 
31231 10954 10950 10951 11031 
31232 11006 10995 11005 11039 
31233 11003 11002 11028 11030 
31234 11014 10984 10991 11036 
31235 11012 10988 11002 11030 
31236 10968 10967 10958 11032 
31237 10960 10948 10950 11032 
31238 11012 11001 10988 11030 
31239 10956 10949 10953 11032 
31240 11003 11028 10990 11030 
31241 11026 11025 11034 11040 
31242 11011 11030 11000 11040 
31243 595 11035 10943 11037 
31244 11012 11001 11030 11040 
31245 11005 10982 10983 11036 
31246 10956 10950 10949 11032 
31247 11006 11005 10995 10983 
31248 10999 10998 11028 11030 
31249 11009 11000 10997 11030 
31250 11011 11003 10990 11030 
31251 11023 11015 11037 11040 
31252 11024 11009 11010 11040 
31253 11013 11003 11011 11030 
31254 10976 10975 10967 11033 
31255 10998 11028 10997 11029 
31256 11010 10998 10999 11030 
31257 11021 10995 11007 11039 
31258 11014 11006 11005 11039 
31259 11021 11007 11038 11039 
31260 11020 10994 11019 11039 
31261 10987 10969 10970 11029 
31262 11008 10999 10996 11030 
31263 11027 11014 11005 11039 
31264 11014 10992 11005 11036 
31265 10970 11029 10969 11033 
31266 11022 11019 11004 11039 
31267 10968 10952 10959 11032 
31268 11027 11022 11014 11039 
31269 11013 11002 11003 11030 
31270 11027 11005 11021 11039 
31271 11021 11005 10995 11039 
31272 11003 10989 10979 11029 
31273 6328 294 11021 11038 
31274 11018 11001 11012 11040 
31275 11025 11017 11034 11040 
31276 11010 11009 10998 11030 
31277 11024 11010 11023 11040 
31278 11015 11008 11001 11040 
31279 11016 11000 11009 11040 
31280 11010 11030 11008 11040 
31281 595 10947 10944 11035 
31282 595 11023 11015 11037 
31283 11010 11009 11030 11040 
31284 6328 11007 11020 11038 
31285 11003 10990 11028 11029 
31286 11001 10996 10988 11030 
31287 11017 11011 11000 11040 
31288 11026 11034 11018 11040 
31289 10998 10997 10977 11029 
31290 11003 11002 10989 11028 
31291 11026 11012 11013 11040 
31292 10997 10990 11028 11030 
31293 11009 11000 11030 11040 
31294 11024 11040 11023 11041 
31295 593 10946 11016 11041 
31296 10947 11015 11018 11034 
31297 10970 10959 10960 11033 
31298 11013 11012 11002 11030 
31299 598 596 11026 11034 
31300 11017 11000 11016 11040 
31301 598 11025 597 11034 
31302 594 10946 593 11035 
31303 10943 11023 11037 11041 
31304 597 11025 11017 11034 
31305 598 597 10944 11035 
31306 11008 11030 11001 11040 
31307 594 10944 597 11035 
31308 11026 11013 11025 11040 
31309 11014 10994 11004 10984 
31310 11025 11011 11017 11040 
31311 11003 10979 10990 11029 
31312 11024 11016 11040 11041 
31313 10943 593 11024 11041 
31314 598 11026 11025 11034 
31315 10946 11017 11016 11041 
31316 11015 11034 11035 11037 
31317 11027 11038 11022 11039 
31318 11025 11013 11011 11040 
31319 6328 11020 295 11038 
31320 295 11020 11019 11038 
31321 294 11027 11021 11038 
31322 6329 11022 293 11038 
31323 6328 11021 11007 11038 
31324 11022 11038 11019 11039 
31325 11020 11038 11007 11039 
31326 597 11034 11017 11041 
31327 10993 10984 10983 11036 
31328 11020 11019 11038 11039 
31329 597 10946 11037 11041 
31330 594 593 10943 11035 
31331 11017 11034 11040 11041 
31332 595 11015 11035 11037 
31333 596 10947 11034 11035 
31334 11017 11040 11016 11041 
31335 10944 10947 596 11035 
31336 10943 11024 11023 11041 
31337 11022 11004 11014 11039 
31338 293 11022 11027 11038 
31339 6329 295 11019 11038 
31340 10994 11014 10983 10984 
31341 6329 10945 293 11022 
31342 11015 11034 11037 11040 
31343 11027 11021 11038 11039 
31344 593 11016 11024 11041 
31345 593 11037 10946 11041 
31346 10960 10959 10948 11032 
31347 11024 11016 11009 11040 
31348 6329 293 294 11038 
31349 10968 10967 11032 11033 
31350 6329 295 10945 11019 
31351 6328 295 6329 11038 
31352 11010 10999 11008 11030 
31353 11005 11014 10983 11006 
31354 598 596 11034 11035 
31355 596 11018 11026 11034 
31356 594 10943 595 11035 
31357 11013 11030 11011 11040 
31358 11026 11018 11012 11040 
31359 597 11017 10946 11041 
31360 596 10947 11018 11034 
31361 10984 11014 10983 11036 
31362 11018 11015 11001 11040 
31363 10959 10952 10948 11032 
31364 598 10944 596 11035 
31365 10960 10959 11032 11033 
31366 10943 11035 593 11037 
31367 10975 11032 10967 11033 
31368 594 595 10944 11035 
31369 10951 10950 10948 11031 
31370 6328 6329 294 11038 
31371 10963 10954 10951 11031 
31372 10976 10967 10968 11033 
31373 10955 10951 10952 11031 
31374 593 11035 10946 11037 
31375 10954 10953 10949 11031 
31376 11023 11008 11015 11040 
31377 11013 11012 11030 11040 
31378 10952 10951 10948 11031 
31379 10960 10950 10956 11032 
31380 10943 11037 593 11041 
31381 595 10943 11023 11037 
31382 11023 11040 11037 11041 
31383 11034 11037 11040 11041 
31384 597 11037 11034 11041 
31385 11126 11129 11118 11130 
31386 11127 11114 11126 11131 
31387 11125 11117 11110 11131 
31388 11125 11110 11111 11131 
31389 11127 11113 11114 11131 
31390 11118 11129 11117 11132 
31391 11111 11109 11129 11131 
31392 11113 11129 11102 11131 
31393 11109 11102 11129 11131 
31394 11054 11049 11050 11133 
31395 11051 11050 11133 11134 
31396 11068 11052 11062 11134 
31397 11071 11053 11050 11134 
31398 11055 11048 11047 11133 
31399 11062 11052 11048 11134 
31400 11058 11056 11057 11055 
31401 11075 11058 11064 11055 
31402 11071 11063 11053 11134 
31403 11064 11058 11057 11055 
31404 11076 11066 11064 11057 
31405 11118 11130 11129 11132 
31406 11052 11047 11048 11133 
31407 11077 11058 11065 11135 
31408 11061 11056 11052 11133 
31409 599 11045 11117 11132 
31410 11079 11073 11067 11136 
31411 11072 11059 11060 11136 
31412 11066 11054 11055 11133 
31413 11054 11050 11048 11133 
31414 11080 11063 11071 11136 
31415 11067 11060 11051 11134 
31416 11066 11049 11054 11133 
31417 11057 11055 11056 11133 
31418 11093 11064 11075 11135 
31419 11071 11063 11134 11136 
31420 11084 11077 11065 11135 
31421 11084 11065 11076 11135 
31422 11093 11075 11083 11135 
31423 11045 11130 11118 11132 
31424 11094 11076 11074 11135 
31425 11094 11084 11076 11135 
31426 11093 11074 11064 11135 
31427 11070 11063 11069 11062 
31428 11075 11064 11058 11135 
31429 11089 11070 11080 11136 
31430 11078 11071 11072 11136 
31431 11059 11050 11051 11134 
31432 11079 11068 11069 11136 
31433 11068 11134 11063 11136 
31434 11062 11048 11053 11134 
31435 11076 11066 11074 11064 
31436 11129 11132 11130 11137 
31437 11066 11064 11057 11055 
31438 11061 11133 11052 11134 
31439 11069 11063 11068 11062 
31440 11054 11050 11053 11048 
31441 11061 11057 11056 11133 
31442 11063 11062 11053 11134 
31443 11088 11069 11070 11136 
31444 11085 11080 11078 11136 
31445 11068 11062 11063 11134 
31446 11067 11060 11134 11136 
31447 11091 11072 11073 11136 
31448 11076 11064 11065 11057 
31449 11065 11058 11064 11135 
31450 11085 11136 11081 11138 
31451 11080 11071 11078 11136 
31452 11084 11083 11077 11135 
31453 11083 11075 11077 11135 
31454 11094 11083 11084 11135 
31455 11089 11080 11085 11136 
31456 11087 11086 11136 11138 
31457 11070 11069 11063 11136 
31458 11081 11078 11072 11136 
31459 11079 11067 11068 11136 
31460 11069 11068 11063 11136 
31461 11089 11088 11070 11136 
31462 11073 11072 11060 11136 
31463 11060 11059 11134 11136 
31464 11097 11089 11085 11138 
31465 11103 11081 11091 11138 
31466 11065 11057 11058 11056 
31467 11068 11067 11134 11136 
31468 11104 11091 11082 11138 
31469 11091 11136 11082 11138 
31470 11100 11099 11138 11139 
31471 11088 11087 11136 11138 
31472 11091 11073 11082 11136 
31473 11072 11071 11059 11136 
31474 11094 11093 11083 11135 
31475 11077 11075 11058 11135 
31476 11115 11094 11093 11140 
31477 11096 11077 11095 11140 
31478 11065 11064 11058 11057 
31479 11122 11096 11095 11140 
31480 11106 11093 11083 11140 
31481 11103 11090 11138 11139 
31482 11104 11103 11091 11138 
31483 11098 11086 11087 11138 
31484 11051 11050 11049 11133 
31485 11060 11059 11051 11134 
31486 11073 11060 11067 11136 
31487 11082 11073 11079 11136 
31488 11099 11098 11087 11138 
31489 11104 11082 11092 11138 
31490 11092 11082 11086 11138 
31491 11097 11138 11090 11139 
31492 11068 11061 11052 11134 
31493 11076 11065 11064 11135 
31494 11097 11085 11090 11138 
31495 11086 11082 11136 11138 
31496 11090 11085 11081 11138 
31497 11066 11055 11057 11133 
31498 11100 11088 11089 11138 
31499 11100 11138 11097 11139 
31500 11114 11104 11112 11139 
31501 11071 11134 11059 11136 
31502 11099 11087 11088 11138 
31503 11066 11064 11055 11054 
31504 11088 11087 11069 11136 
31505 11087 11086 11079 11136 
31506 11103 11090 11081 11138 
31507 11114 11113 11103 11139 
31508 11109 11102 11131 11139 
31509 11094 11084 11083 11140 
31510 11122 11095 11108 11140 
31511 11094 11074 11093 11135 
31512 11107 11095 11084 11140 
31513 11076 11064 11074 11135 
31514 11094 11083 11093 11140 
31515 11095 11077 11084 11140 
31516 11042 11132 11125 11137 
31517 11121 11107 11105 11140 
31518 11123 11140 11122 11141 
31519 11115 11105 11094 11140 
31520 11106 11083 11096 11140 
31521 11061 11051 11133 11134 
31522 11100 11089 11097 11138 
31523 6440 11121 305 11141 
31524 11123 11096 11122 11140 
31525 11089 11088 11136 11138 
31526 11061 11049 11057 11133 
31527 600 11043 11045 11132 
31528 11124 11109 11116 11129 
31529 11100 11099 11088 11138 
31530 11056 11047 11052 11133 
31531 11056 11055 11047 11133 
31532 11066 11057 11049 11133 
31533 6440 11108 11121 11141 
31534 11119 11129 11130 11137 
31535 11080 11070 11063 11136 
31536 11111 11100 11109 11139 
31537 11126 11112 11118 11131 
31538 601 11116 11046 11137 
31539 601 11042 11124 11137 
31540 11110 11131 11101 11139 
31541 11043 11130 11132 11137 
31542 11085 11078 11081 11136 
31543 11099 11098 11138 11139 
31544 11089 11136 11085 11138 
31545 11043 602 11130 11137 
31546 11104 11103 11138 11139 
31547 11114 11131 11113 11139 
31548 11112 11092 11101 11139 
31549 11128 11115 11120 11140 
31550 11121 11108 11107 11140 
31551 11068 11067 11061 11134 
31552 11120 11115 11106 11140 
31553 11107 11084 11094 11140 
31554 11128 11121 11105 11140 
31555 11107 11094 11105 11140 
31556 11115 11093 11106 11140 
31557 11108 11095 11107 11140 
31558 304 6441 11123 11141 
31559 306 11128 11120 11141 
31560 6440 11122 11108 11141 
31561 11096 11083 11077 11140 
31562 11104 11138 11092 11139 
31563 11113 11131 11102 11139 
31564 11111 11110 11099 11139 
31565 11117 11101 11110 11131 
31566 11124 11129 11116 11137 
31567 11124 11111 11109 11129 
31568 11116 11109 11102 11129 
31569 11125 11111 11129 11131 
31570 11101 11092 11098 11139 
31571 11119 11116 11102 11129 
31572 11109 11097 11102 11139 
31573 11111 11099 11100 11139 
31574 11113 11090 11103 11139 
31575 11126 11118 11129 11131 
31576 11113 11102 11090 11139 
31577 11125 11111 11124 11129 
31578 11118 11112 11101 11131 
31579 11125 11129 11124 11137 
31580 11042 11125 11124 11137 
31581 11127 11119 11113 11129 
31582 11109 11100 11097 11139 
31583 11112 11104 11092 11139 
31584 11123 11120 11140 11141 
31585 11114 11112 11131 11139 
31586 604 11126 603 11130 
31587 11110 11098 11099 11139 
31588 11053 11048 11050 11134 
31589 11118 11101 11117 11131 
31590 11127 11119 11129 11130 
31591 11118 11117 11129 11131 
31592 603 11126 11118 11130 
31593 11127 11129 11126 11130 
31594 11091 11081 11072 11136 
31595 11127 11126 11129 11131 
31596 11046 11116 11119 11137 
31597 11119 11102 11113 11129 
31598 11127 11129 11113 11131 
31599 11119 11116 11129 11137 
31600 11125 11132 11129 11137 
31601 11055 11054 11048 11133 
31602 11126 11114 11112 11131 
31603 600 11043 11132 11137 
31604 11050 11048 11133 11134 
31605 604 11127 11126 11130 
31606 11112 11101 11131 11139 
31607 11125 11129 11117 11131 
31608 11091 11081 11136 11138 
31609 304 11122 6440 11141 
31610 11122 11140 11108 11141 
31611 6441 306 11120 11141 
31612 6441 306 11044 11120 
31613 305 11121 11128 11141 
31614 6441 11120 11123 11141 
31615 600 11045 599 11132 
31616 11043 603 11045 11130 
31617 11045 11118 11117 11132 
31618 604 602 11127 11130 
31619 601 11124 11116 11137 
31620 600 601 11046 11137 
31621 11043 11046 602 11137 
31622 11111 11109 11131 11139 
31623 6441 11044 11123 11120 
31624 304 11123 11122 11141 
31625 11102 11097 11090 11139 
31626 600 11132 11042 11137 
31627 11043 11130 11045 11132 
31628 11125 11117 11129 11132 
31629 599 11117 11125 11132 
31630 11123 11120 11106 11140 
31631 600 11042 601 11137 
31632 602 11119 11130 11137 
31633 11052 11133 11048 11134 
31634 602 11119 11127 11130 
31635 6441 305 306 11141 
31636 11084 11077 11083 11140 
31637 6440 305 6441 11141 
31638 304 6441 11044 11123 
31639 11110 11101 11098 11139 
31640 11123 11106 11096 11140 
31641 304 6440 6441 11141 
31642 11128 11121 11140 11141 
31643 600 599 11042 11132 
31644 11066 11050 11054 11049 
31645 600 11046 11043 11137 
31646 604 11043 602 11130 
31647 602 11046 11119 11137 
31648 11042 599 11125 11132 
31649 11098 11092 11138 11139 
31650 603 11118 11045 11130 
31651 604 603 11043 11130 
31652 11114 11103 11104 11139 
31653 11086 11082 11079 11136 
31654 306 305 11128 11141 
31655 11061 11051 11049 11133 
31656 11087 11079 11069 11136 
31657 11098 11092 11086 11138 
31658 11111 11131 11110 11139 
31659 11067 11051 11061 11134 
31660 11128 11140 11120 11141 
31661 11121 11108 11140 11141 
31662 11071 11050 11059 11134 
31663 11128 11105 11115 11140 
31664 11209 11227 11228 11229 
31665 610 11230 609 11231 
31666 11223 11209 11228 11229 
31667 11214 11228 11230 11231 
31668 11224 11228 11212 11229 
31669 607 11142 11222 11231 
31670 11212 11228 11227 11229 
31671 11223 11229 11228 11232 
31672 11224 11228 11229 11232 
31673 6439 303 11218 11233 
31674 301 11221 11226 11233 
31675 6438 11206 11219 11233 
31676 6438 11219 303 11233 
31677 302 301 11226 11233 
31678 302 11220 6438 11233 
31679 11224 11230 11228 11232 
31680 609 11230 11224 11232 
31681 610 609 11143 11231 
31682 606 11142 607 11231 
31683 610 608 11225 11230 
31684 11209 11208 11227 11229 
31685 11217 11200 11211 11228 
31686 11222 11209 11207 11228 
31687 606 607 11143 11231 
31688 608 11146 11217 11230 
31689 11222 11228 11231 11232 
31690 11166 11156 11152 11234 
31691 11178 11154 11161 11235 
31692 11152 11234 11147 11236 
31693 11166 11156 11234 11237 
31694 11171 11161 11162 11235 
31695 11169 11155 11165 11237 
31696 11162 11153 11235 11236 
31697 11164 11149 11154 11235 
31698 11151 11149 11150 11236 
31699 11150 11149 11148 11236 
31700 11151 11150 11234 11236 
31701 11162 11152 11153 11236 
31702 11169 11168 11155 11237 
31703 11154 11235 11149 11236 
31704 11178 11161 11171 11235 
31705 11165 11155 11150 11234 
31706 11165 11150 11147 11234 
31707 11174 11170 11166 11237 
31708 11164 11163 11149 11235 
31709 11178 11164 11154 11235 
31710 11170 11160 11156 11237 
31711 11170 11160 11237 11238 
31712 11179 11163 11172 11235 
31713 11179 11153 11163 11235 
31714 11175 11167 11159 11237 
31715 11175 11159 11168 11237 
31716 11167 11157 11158 11234 
31717 11158 11234 11157 11236 
31718 11153 11148 11235 11236 
31719 11167 11166 11234 11237 
31720 11163 11153 11148 11235 
31721 11173 11169 11237 11238 
31722 11165 11234 11156 11237 
31723 11156 11147 11152 11234 
31724 11165 11156 11160 11237 
31725 11186 11173 11176 11238 
31726 11185 11168 11169 11238 
31727 11172 11163 11164 11235 
31728 11185 11184 11168 11238 
31729 11179 11171 11235 11239 
31730 11188 11170 11177 11238 
31731 11174 11166 11167 11237 
31732 11179 11171 11162 11235 
31733 11186 11238 11176 11240 
31734 11179 11235 11172 11239 
31735 11191 11190 11171 11239 
31736 11178 11235 11171 11239 
31737 11181 11180 11239 11241 
31738 11190 11178 11171 11239 
31739 11161 11235 11154 11236 
31740 11191 11179 11180 11239 
31741 11159 11158 11151 11234 
31742 11188 11160 11170 11238 
31743 11175 11174 11237 11238 
31744 11179 11162 11153 11235 
31745 11185 11184 11238 11240 
31746 11198 11185 11186 11240 
31747 11184 11183 11175 11238 
31748 11201 11187 11176 11240 
31749 11192 11164 11178 11239 
31750 11167 11234 11159 11237 
31751 11196 11189 11183 11240 
31752 11198 11186 11195 11240 
31753 11165 11155 11234 11237 
31754 11183 11174 11175 11238 
31755 11174 11170 11237 11238 
31756 11186 11185 11238 11240 
31757 11175 11237 11168 11238 
31758 11188 11176 11238 11240 
31759 11169 11168 11237 11238 
31760 11168 11159 11155 11237 
31761 11155 11151 11150 11234 
31762 11173 11237 11160 11238 
31763 11186 11169 11173 11238 
31764 11173 11165 11160 11237 
31765 11177 11170 11174 11238 
31766 11190 11182 11239 11241 
31767 11192 11172 11164 11239 
31768 11204 11191 11180 11241 
31769 11192 11178 11182 11239 
31770 11181 11180 11172 11239 
31771 11205 11194 11241 11242 
31772 11159 11234 11155 11237 
31773 11189 11177 11183 11240 
31774 11167 11166 11157 11234 
31775 11191 11171 11179 11239 
31776 11191 11239 11180 11241 
31777 11170 11156 11166 11237 
31778 11192 11181 11172 11239 
31779 11180 11179 11172 11239 
31780 11184 11175 11168 11238 
31781 11213 11191 11204 11241 
31782 11172 11235 11164 11239 
31783 11194 11180 11181 11241 
31784 11178 11164 11235 11239 
31785 11213 11190 11191 11241 
31786 11202 11188 11177 11240 
31787 11218 11193 11203 11242 
31788 11197 11184 11185 11240 
31789 11197 11227 11196 11240 
31790 11183 11177 11238 11240 
31791 11193 11192 11182 11241 
31792 11199 11189 11196 11227 
31793 11212 11201 11202 11227 
31794 11202 11201 11188 11240 
31795 11186 11185 11169 11238 
31796 11195 11186 11187 11240 
31797 11192 11181 11239 11241 
31798 11202 11189 11227 11240 
31799 11208 11196 11197 11227 
31800 11216 11199 11215 11229 
31801 11210 11189 11199 11227 
31802 11198 11195 11227 11240 
31803 11198 11197 11185 11240 
31804 11219 11218 11233 11242 
31805 11205 11241 11193 11242 
31806 11213 11203 11190 11241 
31807 11219 11205 11193 11242 
31808 11206 11194 11205 11242 
31809 11205 11192 11193 11241 
31810 11201 11176 11188 11240 
31811 11220 11204 11194 11242 
31812 606 609 11145 11231 
31813 11188 11173 11160 11238 
31814 11209 11198 11207 11227 
31815 11161 11158 11157 11236 
31816 11184 11183 11238 11240 
31817 11211 11200 11187 11227 
31818 11222 11207 11214 11228 
31819 11200 11195 11187 11227 
31820 11195 11187 11227 11240 
31821 11203 11193 11182 11241 
31822 11191 11190 11239 11241 
31823 11211 11187 11201 11227 
31824 11198 11227 11197 11240 
31825 11210 11202 11189 11227 
31826 11204 11180 11194 11241 
31827 11225 11217 11228 11230 
31828 11212 11202 11210 11227 
31829 11226 11213 11204 11242 
31830 11219 11193 11218 11242 
31831 11207 11198 11195 11227 
31832 11203 11182 11190 11241 
31833 11225 11211 11212 11228 
31834 11167 11158 11159 11234 
31835 11210 11227 11199 11229 
31836 11219 11206 11205 11242 
31837 11213 11241 11204 11242 
31838 11153 11147 11148 11236 
31839 11207 11195 11200 11227 
31840 11142 11222 11231 11232 
31841 11222 11228 11214 11231 
31842 11223 11228 11222 11232 
31843 11208 11199 11196 11227 
31844 11212 11227 11210 11229 
31845 11162 11161 11152 11236 
31846 11202 11177 11189 11240 
31847 11142 11223 11222 11232 
31848 11208 11199 11227 11229 
31849 11143 11146 608 11231 
31850 11225 11217 11211 11228 
31851 11223 11208 11209 11229 
31852 609 11216 11145 11232 
31853 11224 11229 11216 11232 
31854 609 11224 11216 11232 
31855 11212 11211 11227 11228 
31856 11161 11157 11152 11236 
31857 11224 11210 11216 11229 
31858 11157 11234 11152 11236 
31859 11142 605 11223 11232 
31860 11224 11212 11210 11229 
31861 11225 11212 11224 11228 
31862 11154 11149 11151 11236 
31863 11212 11211 11201 11227 
31864 11213 11203 11241 11242 
31865 11216 11229 11215 11232 
31866 11223 11215 11229 11232 
31867 11146 11214 11217 11230 
31868 11145 11216 11215 11232 
31869 605 11145 11215 11232 
31870 11187 11186 11176 11240 
31871 11162 11235 11161 11236 
31872 11183 11177 11174 11238 
31873 610 11225 11224 11230 
31874 302 11226 11220 11233 
31875 11226 11220 11233 11242 
31876 11219 11233 11206 11242 
31877 6438 11220 11206 11233 
31878 11221 11233 11218 11242 
31879 6439 11221 301 11233 
31880 11225 11228 11224 11230 
31881 606 11145 605 11231 
31882 609 11145 11231 11232 
31883 11205 11181 11192 11241 
31884 11217 11214 11200 11228 
31885 11146 11214 11230 11231 
31886 608 11146 11230 11231 
31887 11214 11207 11200 11228 
31888 11217 11214 11228 11230 
31889 11216 11210 11199 11229 
31890 11188 11176 11173 11238 
31891 11196 11183 11184 11240 
31892 11221 11218 11203 11242 
31893 303 11219 11218 11233 
31894 6438 303 6439 11233 
31895 11221 11203 11213 11242 
31896 302 6439 301 11233 
31897 6439 303 11144 11218 
31898 6439 11144 301 11221 
31899 11211 11200 11227 11228 
31900 6439 11218 11221 11233 
31901 11223 11209 11222 11228 
31902 11228 11230 11231 11232 
31903 605 11215 11223 11232 
31904 605 11231 11145 11232 
31905 11215 11199 11208 11229 
31906 606 605 11142 11231 
31907 11149 11235 11148 11236 
31908 610 11143 608 11231 
31909 11192 11239 11182 11241 
31910 11205 11194 11181 11241 
31911 11190 11182 11178 11239 
31912 6439 11144 11221 11218 
31913 11220 11206 11233 11242 
31914 11188 11238 11177 11240 
31915 302 6438 6439 11233 
31916 11226 11233 11221 11242 
31917 11209 11208 11197 11227 
31918 11226 11221 11213 11242 
31919 11220 11194 11206 11242 
31920 11226 11204 11220 11242 
31921 11150 11147 11234 11236 
31922 606 11143 609 11231 
31923 608 11217 11225 11230 
31924 11223 11215 11208 11229 
31925 607 11222 11214 11231 
31926 11203 11193 11241 11242 
31927 607 11146 11143 11231 
31928 11165 11147 11156 11234 
31929 11201 11227 11187 11240 
31930 11209 11227 11207 11228 
31931 11161 11154 11158 11236 
31932 11209 11197 11198 11227 
31933 11175 11174 11167 11237 
31934 11159 11151 11155 11234 
31935 11163 11148 11149 11235 
31936 610 11224 609 11230 
31937 11196 11227 11189 11240 
31938 610 608 11230 11231 
31939 11202 11227 11201 11240 
31940 11173 11169 11165 11237 
31941 11197 11196 11184 11240 
31942 11153 11152 11147 11236 
31943 11158 11151 11234 11236 
31944 11166 11152 11157 11234 
31945 11204 11241 11194 11242 
31946 11158 11154 11151 11236 
31947 11207 11227 11200 11228 
31948 11150 11148 11147 11236 
31949 11142 11231 605 11232 
31950 607 11214 11146 11231 
31951 609 11231 11230 11232 
31952 11256 11252 11254 11251 
31953 11254 11251 11252 11326 
31954 11263 11256 11254 11251 
31955 11257 11256 11251 11248 
31956 11256 11253 11251 11248 
31957 11257 11256 11250 11327 
31958 11258 11257 11250 11327 
31959 11264 11250 11255 11327 
31960 11256 11255 11250 11327 
31961 11265 11254 11262 11326 
31962 11281 11264 11255 11327 
31963 11260 11254 11252 11326 
31964 11285 11279 11275 11328 
31965 11281 11255 11256 11327 
31966 11312 11292 11291 11282 
31967 11261 11253 11249 11326 
31968 11256 11250 11253 11248 
31969 11257 11250 11256 11248 
31970 11258 11250 11257 11248 
31971 11284 11281 11282 11264 
31972 11261 11249 11259 11326 
31973 11253 11249 11251 11248 
31974 11266 11262 11260 11326 
31975 11269 11265 11262 11328 
31976 11253 11252 11251 11326 
31977 11265 11259 11251 11326 
31978 11265 11251 11254 11326 
31979 11265 11326 11262 11328 
31980 11265 11259 11326 11328 
31981 11287 11267 11268 11328 
31982 11275 11259 11265 11328 
31983 11272 11263 11257 11327 
31984 11282 11273 11264 11327 
31985 11256 11253 11252 11251 
31986 11270 11266 11262 11260 
31987 11273 11258 11264 11327 
31988 11263 11256 11257 11327 
31989 11272 11271 11263 11327 
31990 11266 11262 11326 11328 
31991 11277 11266 11267 11328 
31992 11281 11263 11271 11327 
31993 11272 11257 11258 11327 
31994 11279 11268 11275 11328 
31995 11277 11270 11266 11328 
31996 11266 11326 11261 11328 
31997 11302 11301 11289 11329 
31998 11277 11270 11328 11329 
31999 11322 11314 11307 11330 
32000 11273 11272 11258 11327 
32001 11270 11269 11262 11328 
32002 6545 11305 11318 11331 
32003 11268 11261 11259 11328 
32004 11264 11282 11274 11273 
32005 11268 11267 11261 11328 
32006 11289 11269 11270 11329 
32007 11285 11276 11280 11329 
32008 11291 11282 11274 11284 
32009 11304 11293 11284 11274 
32010 11259 11249 11251 11326 
32011 11282 11272 11273 11327 
32012 11276 11275 11265 11328 
32013 11261 11326 11259 11328 
32014 11270 11262 11266 11328 
32015 11289 11270 11286 11329 
32016 11278 11277 11267 11328 
32017 11287 11278 11267 11328 
32018 11282 11264 11281 11327 
32019 11298 11287 11279 11329 
32020 11287 11278 11328 11329 
32021 11281 11256 11263 11327 
32022 11298 11287 11329 11297 
32023 11282 11281 11271 11327 
32024 11278 11277 11328 11329 
32025 11256 11253 11255 11252 
32026 11275 11268 11259 11328 
32027 11285 11328 11276 11329 
32028 11288 11285 11280 11329 
32029 615 11323 11315 11332 
32030 11276 11265 11269 11328 
32031 11285 11279 11328 11329 
32032 11276 11328 11269 11329 
32033 11286 11277 11278 11329 
32034 11292 11282 11274 11291 
32035 11273 11282 11274 11292 
32036 11289 11280 11269 11329 
32037 11312 11292 11283 11274 
32038 11266 11252 11253 11326 
32039 11294 11293 11283 11274 
32040 11267 11266 11261 11328 
32041 11263 11257 11256 11251 
32042 11292 11273 11282 11272 
32043 11319 11293 11305 11333 
32044 11291 11282 11284 11281 
32045 11303 11293 11294 11333 
32046 11295 11279 11285 11329 
32047 11286 11270 11277 11329 
32048 11285 11275 11276 11328 
32049 11301 11280 11289 11329 
32050 11287 11268 11279 11328 
32051 11297 11296 11278 11334 
32052 11266 11260 11252 11326 
32053 11292 11283 11274 11273 
32054 11301 11288 11329 11334 
32055 11270 11269 11328 11329 
32056 11311 11302 11309 11334 
32057 11286 11329 11278 11334 
32058 11278 11297 11334 11329 
32059 11295 11329 11288 11334 
32060 11300 11295 11288 11334 
32061 11295 11285 11288 11329 
32062 11312 11283 11293 11274 
32063 11304 11284 11291 11274 
32064 11312 11304 11293 11333 
32065 11320 11303 11294 11333 
32066 11302 11286 11290 11334 
32067 11306 11295 11300 11334 
32068 11302 11329 11286 11334 
32069 11310 11300 11288 11334 
32070 11307 11296 11297 11334 
32071 11306 11298 11295 11334 
32072 11324 11316 11330 11332 
32073 11266 11253 11261 11326 
32074 11322 11307 11308 11330 
32075 11306 11300 11330 11334 
32076 11303 11294 11293 11283 
32077 11309 11302 11290 11334 
32078 11308 11298 11306 11334 
32079 11301 11288 11280 11329 
32080 11312 11304 11291 11274 
32081 11302 11301 11329 11334 
32082 11310 11288 11301 11334 
32083 11323 11309 11315 11330 
32084 11311 11301 11302 11334 
32085 11297 11287 11329 11278 
32086 11323 11311 11309 11330 
32087 11280 11276 11269 11329 
32088 11308 11297 11298 11334 
32089 11302 11289 11286 11329 
32090 11262 11254 11260 11326 
32091 11312 11293 11303 11333 
32092 11307 11299 11296 11334 
32093 11318 11305 11304 11333 
32094 616 11244 614 11332 
32095 11317 11312 11303 11333 
32096 11309 11299 11330 11334 
32097 11308 11307 11297 11334 
32098 311 6546 11320 11331 
32099 311 11319 6545 11331 
32100 11325 11317 11331 11333 
32101 11320 11331 11317 11333 
32102 11319 11305 11331 11333 
32103 11308 11306 11330 11334 
32104 313 11325 11317 11331 
32105 613 11321 11313 11335 
32106 11243 611 11322 11335 
32107 11308 11330 11307 11334 
32108 11315 11309 11299 11330 
32109 11322 11308 11321 11330 
32110 11316 11300 11310 11330 
32111 613 11243 11321 11335 
32112 11309 11290 11299 11334 
32113 11313 11306 11300 11330 
32114 616 11323 615 11332 
32115 11311 11309 11330 11334 
32116 11313 11330 11332 11335 
32117 11322 11330 11321 11335 
32118 11247 11313 11316 11332 
32119 11243 11322 11321 11335 
32120 11314 11299 11307 11330 
32121 11316 11313 11300 11330 
32122 11310 11330 11300 11334 
32123 11298 11329 11295 11334 
32124 11321 11308 11306 11330 
32125 11324 11311 11323 11330 
32126 11311 11330 11310 11334 
32127 11323 11330 11315 11332 
32128 11313 11247 612 11332 
32129 11244 615 11315 11332 
32130 11307 11330 11299 11334 
32131 11324 11310 11311 11330 
32132 11315 11332 11330 11335 
32133 11324 11316 11310 11330 
32134 11322 11314 11330 11335 
32135 11329 11297 11334 11298 
32136 11246 11315 11314 11335 
32137 612 11332 11244 11335 
32138 616 11324 11323 11332 
32139 11325 11331 11318 11333 
32140 11312 11303 11293 11283 
32141 6546 313 11317 11331 
32142 312 11325 313 11331 
32143 614 11247 11316 11332 
32144 11244 615 11246 11315 
32145 11321 11306 11313 11330 
32146 616 614 11324 11332 
32147 614 11316 11324 11332 
32148 11332 11313 11335 612 
32149 11321 11330 11313 11335 
32150 11244 11315 11246 11335 
32151 612 11313 11335 613 
32152 11325 11318 11304 11333 
32153 11298 11279 11295 11329 
32154 11325 11304 11312 11333 
32155 6546 312 313 11331 
32156 11320 11319 11331 11333 
32157 6545 11319 11305 11331 
32158 11312 11291 11292 11274 
32159 311 6545 6546 11331 
32160 11320 11294 11319 11333 
32161 11296 11290 11286 11334 
32162 6546 11317 11320 11331 
32163 311 6546 11245 11320 
32164 611 11244 11246 11335 
32165 11320 11317 11303 11333 
32166 612 11244 611 11335 
32167 11244 11332 11315 11335 
32168 11316 11313 11330 11332 
32169 611 11246 11314 11335 
32170 612 11243 613 11335 
32171 611 11314 11322 11335 
32172 11264 11258 11250 11327 
32173 311 11320 11319 11331 
32174 11325 11312 11317 11333 
32175 312 11318 11325 11331 
32176 6546 313 11245 11317 
32177 11319 11294 11293 11333 
32178 6545 312 6546 11331 
32179 11284 11282 11274 11264 
32180 11312 11292 11303 11283 
32181 11318 11331 11305 11333 
32182 6545 11318 312 11331 
32183 613 11247 612 11313 
32184 11305 11293 11304 11333 
32185 11315 11330 11314 11335 
32186 6546 11245 11320 11317 
32187 11315 11299 11314 11330 
32188 612 611 11243 11335 
32189 11282 11271 11272 11327 
32190 616 615 11244 11332 
32191 11299 11290 11296 11334 
32192 11324 11330 11323 11332 
32193 11296 11286 11278 11334 
32194 612 11247 614 11332 
32195 612 614 11244 11332 
32196 11312 11293 11304 11274 
32197 11253 11251 11249 11326 
32198 11256 11255 11253 11250 
32199 11311 11310 11301 11334 
32200 11287 11328 11279 11329 
32201 11357 11351 11344 11425 
32202 11358 11349 11341 11425 
32203 11353 11352 11343 11426 
32204 11357 11356 11425 11427 
32205 11378 11357 11345 11427 
32206 11356 11352 11351 11425 
32207 11357 11356 11351 11425 
32208 11351 11344 11425 11426 
32209 11362 11350 11344 11426 
32210 11356 11347 11425 11427 
32211 11348 11343 11341 11426 
32212 11361 11360 11426 11428 
32213 11360 11348 11426 11428 
32214 11354 11353 11348 11428 
32215 11349 11425 11342 11426 
32216 11362 11344 11351 11426 
32217 11356 11347 11352 11425 
32218 11350 11342 11344 11426 
32219 11349 11345 11342 11425 
32220 11365 11350 11362 11428 
32221 11353 11343 11348 11426 
32222 11372 11363 11353 11428 
32223 11363 11352 11353 11426 
32224 11358 11341 11346 11425 
32225 11393 11429 11382 11430 
32226 11383 11376 11371 11429 
32227 11372 11371 11363 11428 
32228 11359 11358 11346 11427 
32229 11370 11369 11361 11428 
32230 11367 11427 11359 11431 
32231 11344 11342 11425 11426 
32232 11357 11425 11345 11427 
32233 11352 11351 11425 11426 
32234 11358 11345 11425 11427 
32235 11364 11354 11348 11428 
32236 11378 11427 11367 11431 
32237 11347 11346 11425 11427 
32238 11370 11369 11428 11429 
32239 11372 11353 11354 11428 
32240 11369 11364 11360 11428 
32241 11376 11365 11371 11429 
32242 11365 11355 11350 11428 
32243 11358 11425 11346 11427 
32244 11378 11366 11427 11431 
32245 11379 11367 11368 11431 
32246 11390 11377 11381 11431 
32247 618 619 11432 11433 
32248 622 11337 620 11434 
32249 11370 11361 11355 11428 
32250 11362 11350 11426 11428 
32251 11374 11364 11369 11429 
32252 11361 11350 11355 11428 
32253 11369 11360 11361 11428 
32254 11360 11348 11341 11426 
32255 11386 11355 11365 11429 
32256 11382 11374 11369 11429 
32257 11371 11365 11428 11429 
32258 11396 11374 11393 11429 
32259 11384 11372 11354 11429 
32260 11388 11381 11431 11435 
32261 11360 11341 11349 11426 
32262 11364 11354 11428 11429 
32263 11343 11425 11341 11426 
32264 11377 11359 11347 11427 
32265 11399 11375 11429 11430 
32266 11395 11373 11429 11430 
32267 11377 11347 11356 11427 
32268 11396 11395 11429 11430 
32269 11377 11427 11366 11431 
32270 11387 11376 11383 11429 
32271 11349 11341 11425 11426 
32272 11433 619 11432 11436 
32273 11385 11382 11375 11430 
32274 11433 11432 11434 11436 
32275 11372 11371 11428 11429 
32276 11386 11375 11370 11429 
32277 11383 11372 11373 11429 
32278 11400 11399 11386 11429 
32279 11383 11429 11373 11430 
32280 11382 11370 11375 11429 
32281 11372 11428 11354 11429 
32282 11363 11362 11426 11428 
32283 11353 11426 11348 11428 
32284 11388 11377 11366 11431 
32285 11387 11429 11383 11430 
32286 11400 11386 11376 11429 
32287 11364 11348 11360 11428 
32288 11389 11378 11379 11431 
32289 11401 11381 11388 11435 
32290 11388 11381 11377 11431 
32291 11390 11431 11381 11435 
32292 11389 11431 11379 11435 
32293 11403 11380 11390 11435 
32294 11386 11370 11355 11429 
32295 11391 11390 11381 11435 
32296 11377 11356 11366 11427 
32297 11384 11364 11374 11429 
32298 11390 11379 11380 11368 
32299 11389 11388 11366 11431 
32300 11371 11365 11362 11428 
32301 11367 11358 11359 11427 
32302 11390 11379 11368 11431 
32303 11392 11379 11380 11435 
32304 11403 11390 11391 11435 
32305 11389 11366 11378 11431 
32306 11389 11388 11431 11435 
32307 11411 11389 11402 11435 
32308 11402 11389 11379 11435 
32309 11384 11373 11372 11429 
32310 11398 11393 11385 11430 
32311 11368 11367 11359 11431 
32312 11363 11351 11352 11426 
32313 11383 11371 11372 11429 
32314 11365 11355 11428 11429 
32315 11361 11342 11350 11426 
32316 11369 11364 11428 11429 
32317 11410 11409 11430 11437 
32318 11370 11428 11355 11429 
32319 11400 11376 11387 11429 
32320 11357 11344 11345 11425 
32321 11406 11394 11395 11430 
32322 11409 11398 11430 11437 
32323 11408 11387 11397 11430 
32324 11363 11426 11353 11428 
32325 11394 11383 11373 11430 
32326 11384 11354 11364 11429 
32327 11400 11429 11387 11430 
32328 11401 11391 11381 11435 
32329 11390 11380 11379 11435 
32330 11417 11391 11416 11438 
32331 11401 11391 11435 11438 
32332 11419 11416 11401 11438 
32333 11418 11402 11392 11438 
32334 11404 11392 11403 11438 
32335 11417 11438 11416 11439 
32336 11402 11435 11392 11438 
32337 11390 11379 11431 11435 
32338 11399 11385 11375 11430 
32339 11396 11384 11374 11429 
32340 11407 11395 11396 11430 
32341 11393 11374 11382 11429 
32342 11407 11396 11405 11430 
32343 11399 11375 11386 11429 
32344 11397 11387 11394 11430 
32345 11422 11414 11434 11437 
32346 11410 11409 11399 11430 
32347 11420 11405 11412 11437 
32348 11396 11395 11384 11429 
32349 11403 11392 11435 11438 
32350 11390 11359 11377 11431 
32351 11411 11401 11388 11435 
32352 11409 11385 11399 11430 
32353 11408 11400 11387 11430 
32354 11382 11369 11370 11429 
32355 11405 11396 11393 11430 
32356 11410 11400 11408 11430 
32357 11406 11397 11394 11430 
32358 11400 11399 11429 11430 
32359 6544 11338 11419 11416 
32360 11403 11435 11391 11438 
32361 11418 11438 11404 11439 
32362 11417 11404 11438 11439 
32363 11419 11416 11438 11439 
32364 11347 11346 11343 11425 
32365 11424 11411 11402 11438 
32366 11378 11366 11357 11427 
32367 6543 11418 11404 11439 
32368 11418 11392 11404 11438 
32369 11405 11393 11398 11430 
32370 619 11420 11412 11436 
32371 11407 11430 11405 11437 
32372 11409 11398 11385 11430 
32373 11420 11407 11405 11437 
32374 11421 11407 11420 11437 
32375 622 620 11423 11434 
32376 11415 11432 620 11340 
32377 11408 11430 11397 11437 
32378 622 11422 621 11434 
32379 11415 11437 11434 11432 
32380 11421 11413 11406 11437 
32381 621 11414 11339 11440 
32382 11420 11412 11436 11437 
32383 11423 11415 11409 11437 
32384 11434 11337 11432 618 
32385 11336 11421 11420 11436 
32386 11413 11436 11434 11437 
32387 11405 11430 11398 11437 
32388 11421 11420 11436 11437 
32389 11407 11406 11430 11437 
32390 11390 11368 11359 11431 
32391 619 11412 11432 11436 
32392 11423 11422 11434 11437 
32393 11414 11397 11413 11437 
32394 11415 11412 11398 11437 
32395 621 11422 11414 11434 
32396 11421 11406 11407 11437 
32397 11406 11397 11430 11437 
32398 11423 11410 11422 11437 
32399 11394 11387 11383 11430 
32400 11379 11378 11367 11431 
32401 11377 11359 11427 11431 
32402 11415 11398 11409 11437 
32403 11410 11399 11400 11430 
32404 11336 617 11421 11436 
32405 11393 11382 11385 11430 
32406 11339 11414 11413 11440 
32407 617 11339 11413 11440 
32408 622 11423 11422 11434 
32409 619 11336 11420 11436 
32410 621 11434 11414 11440 
32411 11412 11405 11398 11437 
32412 11424 11402 11418 11438 
32413 309 11424 11418 11439 
32414 11424 11438 11418 11439 
32415 308 11419 11424 11439 
32416 11395 11394 11373 11430 
32417 11337 621 11339 11440 
32418 11337 11434 621 11440 
32419 618 11339 617 11440 
32420 11422 11410 11408 11437 
32421 11432 11437 11434 11436 
32422 11416 11391 11401 11438 
32423 11407 11406 11395 11430 
32424 11434 11432 620 11415 
32425 11395 11373 11384 11429 
32426 11419 11401 11411 11438 
32427 11433 617 11440 618 
32428 11440 11433 618 11434 
32429 11423 11409 11410 11437 
32430 618 11432 11434 11433 
32431 6544 11419 308 11439 
32432 11424 11419 11411 11438 
32433 11411 11435 11402 11438 
32434 6544 11338 308 11419 
32435 6544 11416 11419 11439 
32436 11417 11404 11403 11438 
32437 11423 11434 11415 11437 
32438 11386 11365 11376 11429 
32439 617 11413 11421 11436 
32440 11411 11401 11435 11438 
32441 11421 11436 11413 11437 
32442 11422 11408 11414 11437 
32443 618 11337 11339 11440 
32444 11378 11345 11358 11427 
32445 11396 11429 11393 11430 
32446 11436 11336 11433 619 
32447 618 11434 11337 11440 
32448 6544 310 11338 11416 
32449 6543 309 11418 11439 
32450 6544 310 11416 11439 
32451 6543 310 6544 11439 
32452 11403 11392 11380 11435 
32453 6543 6544 309 11439 
32454 6544 308 309 11439 
32455 618 619 11340 11432 
32456 6543 11404 11417 11439 
32457 11411 11388 11389 11435 
32458 620 11415 11423 11434 
32459 11410 11430 11408 11437 
32460 619 11336 11433 618 
32461 11436 11412 11432 11437 
32462 11366 11356 11357 11427 
32463 11371 11362 11363 11428 
32464 11363 11362 11351 11426 
32465 11378 11358 11367 11427 
32466 619 11412 11340 11432 
32467 11346 11341 11343 11425 
32468 11345 11344 11342 11425 
32469 11414 11413 11434 11437 
32470 11402 11379 11392 11435 
32471 11382 11429 11375 11430 
32472 11424 11419 11438 11439 
32473 11437 11412 11432 11415 
32474 11414 11408 11397 11437 
32475 11352 11347 11343 11425 
32476 309 308 11424 11439 
32477 11359 11346 11347 11427 
32478 11340 11412 11415 11432 
32479 11352 11425 11343 11426 
32480 622 621 11337 11434 
32481 310 11417 11416 11439 
32482 11413 11397 11406 11437 
32483 11361 11349 11342 11426 
32484 11361 11360 11349 11426 
32485 11361 11426 11350 11428 
32486 6543 11417 310 11439 
32487 11358 11345 11349 11425 
32488 11417 11403 11391 11438 
32489 11436 617 11440 11433 
32490 11433 11436 11434 11440 
32491 11414 11434 11413 11440 
32492 11413 11434 11436 11440 
32493 617 11413 11436 11440 
32494 617 11336 11433 11436 
32495 618 11336 11433 617 
32496 620 11432 11337 11340 
32497 11434 620 11432 11337 
32498 11337 11432 618 11340 
32499 11514 11511 11524 11525 
32500 11519 11524 11506 11526 
32501 11506 11524 11505 11526 
32502 11519 11524 11511 11525 
32503 11522 11514 11524 11525 
32504 11505 11524 11496 11526 
32505 11522 11524 11521 11525 
32506 11507 11496 11524 11526 
32507 11521 11507 11524 11526 
32508 11454 11448 11452 11446 
32509 11460 11446 11452 11527 
32510 11451 11447 11446 11527 
32511 11464 11457 11455 11454 
32512 11464 11457 11463 11455 
32513 11454 11464 11448 11455 
32514 11455 11464 11448 11456 
32515 11465 11458 11450 11527 
32516 11462 11464 11448 11454 
32517 11468 11453 11461 11527 
32518 11486 11461 11470 11528 
32519 11470 11458 11465 11528 
32520 11468 11527 11461 11528 
32521 11448 11456 11446 11455 
32522 623 11512 11520 11529 
32523 11459 11451 11446 11527 
32524 11447 11456 11446 11448 
32525 11473 11463 11471 11457 
32526 11479 11464 11472 11463 
32527 11471 11463 11464 11457 
32528 11472 11471 11464 11462 
32529 11471 11464 11462 11457 
32530 11465 11450 11451 11527 
32531 11467 11459 11460 11528 
32532 11464 11462 11457 11454 
32533 11471 11457 11462 11454 
32534 11452 11446 11447 11527 
32535 11460 11459 11446 11527 
32536 11476 11460 11468 11528 
32537 11476 11468 11474 11528 
32538 11474 11468 11469 11528 
32539 11455 11448 11454 11446 
32540 11455 11456 11446 11449 
32541 11472 11464 11471 11463 
32542 11467 11466 11459 11528 
32543 11470 11461 11458 11528 
32544 11468 11460 11452 11527 
32545 11465 11451 11459 11527 
32546 11469 11468 11461 11528 
32547 11460 11459 11527 11528 
32548 11486 11528 11470 11530 
32549 11490 11489 11478 11473 
32550 11479 11471 11473 11463 
32551 11484 11483 11467 11528 
32552 11455 11451 11449 11446 
32553 11468 11460 11527 11528 
32554 11451 11450 11449 11447 
32555 11468 11447 11453 11527 
32556 11475 11465 11466 11528 
32557 11452 11448 11447 11446 
32558 11461 11527 11458 11528 
32559 11484 11528 11476 11530 
32560 11482 11475 11466 11530 
32561 11483 11482 11466 11530 
32562 11488 11473 11479 11471 
32563 11465 11458 11527 11528 
32564 11486 11469 11461 11528 
32565 11488 11479 11472 11471 
32566 624 626 11442 11525 
32567 11480 11476 11474 11530 
32568 11489 11479 11488 11473 
32569 11474 11528 11469 11530 
32570 11475 11470 11465 11528 
32571 11484 11476 11480 11530 
32572 11494 11482 11483 11531 
32573 11489 11488 11478 11473 
32574 11492 11484 11530 11531 
32575 11486 11469 11528 11530 
32576 11505 11526 11493 11531 
32577 11465 11527 11459 11528 
32578 11475 11528 11466 11530 
32579 11518 11515 11532 11533 
32580 11484 11467 11476 11528 
32581 11498 11477 11486 11530 
32582 11489 11488 11479 11472 
32583 11453 11447 11450 11527 
32584 11477 11474 11469 11530 
32585 11464 11456 11455 11449 
32586 6650 11517 11503 11533 
32587 11501 11489 11488 11478 
32588 11503 11490 11502 11532 
32589 11517 11490 11503 11532 
32590 11499 11530 11481 11531 
32591 11486 11477 11469 11530 
32592 11510 11501 11489 11488 
32593 11475 11470 11528 11530 
32594 11494 11493 11482 11531 
32595 11504 11497 11526 11531 
32596 11458 11453 11450 11527 
32597 11480 11474 11477 11530 
32598 11481 11470 11475 11530 
32599 11482 11481 11530 11531 
32600 11495 11494 11483 11531 
32601 11499 11486 11481 11530 
32602 11483 11482 11530 11531 
32603 11493 11487 11481 11531 
32604 11484 11483 11530 11531 
32605 11484 11483 11528 11530 
32606 11479 11472 11471 11463 
32607 11492 11480 11485 11530 
32608 11483 11466 11528 11530 
32609 11449 11456 11446 11447 
32610 11498 11485 11477 11530 
32611 11515 11510 11501 11532 
32612 11509 11498 11499 11531 
32613 11499 11507 11526 11487 
32614 11456 11464 11448 11462 
32615 11486 11470 11481 11530 
32616 11495 11484 11492 11531 
32617 11495 11483 11484 11531 
32618 11491 11478 11490 11532 
32619 11498 11485 11530 11531 
32620 11502 11489 11490 11479 
32621 11491 11490 11478 11473 
32622 11482 11481 11475 11530 
32623 11523 11516 11500 11532 
32624 11510 11500 11489 11532 
32625 11516 11502 11500 11532 
32626 11476 11467 11460 11528 
32627 11485 11480 11477 11530 
32628 11497 11492 11485 11531 
32629 11508 11497 11485 11531 
32630 11506 11504 11526 11531 
32631 11476 11528 11474 11530 
32632 11493 11526 11487 11531 
32633 11526 11499 11531 11509 
32634 11487 11499 11531 11526 
32635 11506 11495 11504 11531 
32636 11508 11485 11498 11531 
32637 11492 11530 11485 11531 
32638 11521 11507 11513 11524 
32639 11504 11495 11492 11531 
32640 11492 11484 11480 11530 
32641 11501 11489 11478 11532 
32642 11499 11498 11486 11530 
32643 11508 11526 11497 11531 
32644 11502 11490 11489 11532 
32645 11506 11505 11494 11531 
32646 11516 11503 11532 11533 
32647 11506 11526 11505 11531 
32648 11483 11466 11467 11528 
32649 11488 11478 11473 11471 
32650 11499 11498 11530 11531 
32651 11502 11489 11500 11532 
32652 11510 11489 11501 11532 
32653 628 11442 626 11525 
32654 11490 11479 11489 11473 
32655 11501 11478 11491 11532 
32656 11523 11500 11510 11532 
32657 11468 11452 11447 11527 
32658 319 11518 11517 11533 
32659 11519 11504 11511 11526 
32660 11506 11494 11495 11531 
32661 11521 11525 11524 11529 
32662 624 11519 625 11525 
32663 11520 11505 11506 11524 
32664 11512 11496 11505 11524 
32665 626 11445 11514 11525 
32666 628 626 11522 11525 
32667 11520 11506 11519 11524 
32668 11505 11493 11494 11531 
32669 11521 11509 11507 11526 
32670 11507 11487 11496 11526 
32671 11522 11521 11524 11526 
32672 11493 11481 11482 11531 
32673 625 11511 11445 11525 
32674 11511 11504 11497 11526 
32675 11509 11507 11526 11499 
32676 11496 11487 11493 11526 
32677 11445 11511 11514 11525 
32678 11441 11520 11519 11529 
32679 625 11519 11511 11525 
32680 11514 11497 11508 11526 
32681 11505 11496 11493 11526 
32682 11519 11506 11504 11526 
32683 11522 11509 11521 11526 
32684 11522 11514 11508 11526 
32685 11513 11524 11512 11529 
32686 11513 11507 11496 11524 
32687 11442 11521 627 11529 
32688 627 11513 11444 11529 
32689 11504 11492 11497 11531 
32690 11520 11512 11524 11529 
32691 11521 11524 11513 11529 
32692 11442 11525 11521 11529 
32693 11513 11496 11512 11524 
32694 11444 11513 11512 11529 
32695 624 11525 11442 11529 
32696 628 11522 11521 11525 
32697 321 11523 11515 11533 
32698 11523 11516 11532 11533 
32699 6651 11443 11518 11515 
32700 6651 321 11515 11533 
32701 321 320 11523 11533 
32702 11516 11503 11502 11532 
32703 6651 321 11443 11515 
32704 320 11516 11523 11533 
32705 11514 11511 11497 11526 
32706 11442 627 11444 11529 
32707 627 11521 11513 11529 
32708 626 11514 11522 11525 
32709 11520 11524 11519 11529 
32710 11472 11462 11464 11456 
32711 11441 623 11520 11529 
32712 624 625 11445 11525 
32713 623 11444 11512 11529 
32714 11517 11491 11490 11532 
32715 624 11441 11519 11529 
32716 6651 11515 11518 11533 
32717 319 6651 11443 11518 
32718 11523 11532 11515 11533 
32719 623 11442 11444 11529 
32720 624 11442 623 11529 
32721 11514 11524 11511 11526 
32722 11499 11481 11487 11531 
32723 11522 11508 11509 11526 
32724 11522 11524 11514 11526 
32725 624 11519 11525 11529 
32726 11519 11524 11525 11529 
32727 624 11441 625 11519 
32728 11509 11526 11508 11531 
32729 11490 11478 11489 11532 
32730 319 6651 11518 11533 
32731 6650 11516 320 11533 
32732 6650 320 6651 11533 
32733 319 11517 6650 11533 
32734 11517 11532 11503 11533 
32735 319 6650 6651 11533 
32736 11518 11491 11517 11532 
32737 11523 11510 11515 11532 
32738 11518 11532 11517 11533 
32739 6651 320 321 11533 
32740 628 627 11442 11521 
32741 628 11521 11442 11525 
32742 11509 11508 11498 11531 
32743 11518 11501 11491 11532 
32744 6650 11503 11516 11533 
32745 624 11445 626 11525 
32746 11518 11515 11501 11532 
32747 11520 11512 11505 11524 
32748 11456 11449 11450 11447 
32749 11451 11447 11449 11446 
32750 11451 11450 11447 11527 
32751 624 623 11441 11529 
32752 11519 11511 11524 11526 
32753 11488 11471 11472 11462 
32754 11461 11453 11458 11527 
32755 11466 11465 11459 11528 
32756 11604 11622 11603 11623 
32757 11617 11622 11604 11623 
32758 11620 11622 11612 11623 
32759 11620 11612 11606 11623 
32760 11603 11622 11593 11623 
32761 631 11609 11538 11624 
32762 11609 11602 11594 11623 
32763 11612 11609 11594 11623 
32764 11620 11607 11619 11623 
32765 11619 11607 11605 11623 
32766 11605 11593 11622 11623 
32767 11534 11617 11624 11625 
32768 11545 11542 11541 11626 
32769 11555 11542 11545 11626 
32770 11546 11626 11541 11627 
32771 11562 11544 11547 11627 
32772 11556 11541 11546 11626 
32773 11568 11567 11548 11626 
32774 11562 11546 11541 11627 
32775 11562 11551 11552 11627 
32776 11549 11626 11540 11627 
32777 11566 11556 11557 11626 
32778 11549 11543 11539 11627 
32779 11553 11544 11552 11543 
32780 11544 11543 11540 11627 
32781 11553 11543 11552 11539 
32782 11557 11556 11546 11626 
32783 11549 11540 11543 11627 
32784 11555 11550 11626 11628 
32785 11566 11561 11626 11628 
32786 11562 11552 11544 11627 
32787 11562 11552 11554 11544 
32788 11562 11547 11546 11627 
32789 11568 11558 11559 11628 
32790 11561 11560 11545 11626 
32791 11551 11541 11542 11627 
32792 11568 11548 11558 11626 
32793 11561 11560 11626 11628 
32794 11557 11546 11547 11626 
32795 11573 11564 11572 11554 
32796 11622 11624 11625 11629 
32797 11548 11547 11540 11626 
32798 11554 11552 11553 11544 
32799 11552 11539 11543 11627 
32800 11555 11542 11626 11627 
32801 11558 11548 11540 11626 
32802 11571 11561 11566 11628 
32803 11555 11539 11542 11627 
32804 11558 11626 11550 11628 
32805 11557 11547 11548 11626 
32806 11567 11566 11557 11626 
32807 11547 11626 11546 11627 
32808 11577 11566 11567 11628 
32809 11559 11558 11550 11628 
32810 11558 11549 11550 11626 
32811 11579 11578 11568 11628 
32812 11547 11540 11626 11627 
32813 11547 11544 11540 11627 
32814 11538 11624 11612 11629 
32815 11563 11553 11554 11552 
32816 11565 11562 11554 11544 
32817 11555 11550 11549 11626 
32818 11573 11554 11563 11553 
32819 630 631 11538 11624 
32820 11563 11552 11562 11551 
32821 11568 11626 11558 11628 
32822 11542 11541 11626 11627 
32823 11569 11555 11560 11628 
32824 11552 11542 11539 11627 
32825 11558 11540 11549 11626 
32826 11569 11550 11555 11628 
32827 11554 11564 11572 11565 
32828 11556 11545 11541 11626 
32829 11563 11554 11562 11552 
32830 11582 11570 11560 11628 
32831 11568 11567 11626 11628 
32832 11573 11553 11563 11552 
32833 11598 11584 11572 11630 
32834 11599 11598 11585 11630 
32835 11580 11579 11628 11631 
32836 11578 11577 11628 11631 
32837 11590 11577 11578 11631 
32838 11572 11565 11562 11554 
32839 11578 11567 11568 11628 
32840 11570 11569 11560 11628 
32841 11591 11578 11579 11631 
32842 11596 11631 11583 11632 
32843 11590 11583 11577 11631 
32844 11561 11545 11556 11626 
32845 11579 11578 11628 11631 
32846 11580 11628 11576 11631 
32847 11578 11577 11567 11628 
32848 11560 11555 11626 11628 
32849 11582 11628 11571 11631 
32850 11595 11570 11582 11631 
32851 11580 11569 11576 11628 
32852 11576 11628 11570 11631 
32853 11592 11580 11589 11632 
32854 11592 11579 11580 11631 
32855 11577 11571 11628 11631 
32856 11595 11581 11570 11632 
32857 11566 11561 11556 11626 
32858 11580 11559 11569 11628 
32859 11600 11574 11586 11630 
32860 11567 11557 11548 11626 
32861 11608 11597 11584 11630 
32862 11586 11565 11575 11630 
32863 11569 11559 11550 11628 
32864 11598 11573 11572 11563 
32865 11587 11586 11575 11630 
32866 11600 11588 11574 11630 
32867 11586 11565 11564 11554 
32868 11598 11573 11585 11630 
32869 11573 11572 11563 11554 
32870 11555 11549 11539 11627 
32871 11576 11631 11570 11632 
32872 11591 11590 11578 11631 
32873 11589 11576 11581 11632 
32874 11592 11623 11591 11632 
32875 11582 11570 11628 11631 
32876 11555 11626 11549 11627 
32877 11606 11594 11581 11623 
32878 11605 11593 11623 11632 
32879 11592 11589 11623 11632 
32880 11606 11581 11595 11632 
32881 11552 11551 11542 11627 
32882 11576 11569 11570 11628 
32883 11617 11609 11622 11623 
32884 11598 11572 11573 11630 
32885 11580 11579 11559 11628 
32886 11596 11571 11583 11631 
32887 11582 11561 11571 11628 
32888 11580 11631 11576 11632 
32889 11584 11565 11572 11630 
32890 11591 11590 11631 11632 
32891 11607 11596 11605 11632 
32892 11596 11582 11571 11631 
32893 11593 11583 11590 11632 
32894 11604 11591 11592 11623 
32895 634 632 11620 11629 
32896 11615 11588 11601 11633 
32897 11583 11571 11577 11631 
32898 6648 317 11615 11634 
32899 11630 11564 11572 11573 
32900 11584 11575 11565 11630 
32901 11615 11599 11588 11633 
32902 11601 11588 11600 11633 
32903 11614 11600 11587 11633 
32904 11562 11541 11551 11627 
32905 6648 11614 318 11634 
32906 11597 11587 11575 11630 
32907 11574 11573 11564 11630 
32908 11586 11574 11564 11630 
32909 11597 11575 11584 11630 
32910 11600 11586 11587 11630 
32911 11608 11597 11630 11633 
32912 11613 11587 11597 11633 
32913 11608 11598 11599 11630 
32914 11586 11564 11565 11630 
32915 11572 11562 11563 11554 
32916 11579 11568 11559 11628 
32917 6649 11536 11616 11613 
32918 11573 11564 11554 11553 
32919 11607 11623 11606 11632 
32920 11604 11592 11602 11623 
32921 11607 11605 11623 11632 
32922 11599 11585 11588 11630 
32923 11605 11583 11593 11632 
32924 11602 11589 11594 11623 
32925 11610 11593 11603 11622 
32926 11617 11602 11609 11623 
32927 11590 11583 11631 11632 
32928 6648 11615 11601 11634 
32929 11588 11585 11574 11630 
32930 6649 11613 11616 11634 
32931 317 316 11621 11634 
32932 11621 11608 11599 11633 
32933 11599 11630 11588 11633 
32934 11608 11584 11598 11630 
32935 11585 11573 11574 11630 
32936 11604 11603 11591 11623 
32937 318 11614 11613 11634 
32938 11591 11623 11590 11632 
32939 11611 11622 11625 11629 
32940 11608 11630 11599 11633 
32941 11612 11622 11609 11623 
32942 11619 11605 11611 11622 
32943 629 11537 11610 11625 
32944 633 11611 11625 11629 
32945 634 11619 633 11629 
32946 11535 11624 11538 11629 
32947 11538 11609 11612 11624 
32948 634 11535 632 11629 
32949 630 11534 11624 11625 
32950 11620 11606 11607 11623 
32951 11617 11622 11609 11624 
32952 11618 11603 11604 11622 
32953 630 11624 11535 11625 
32954 11602 11592 11589 11623 
32955 11620 11612 11622 11629 
32956 11535 633 11625 11629 
32957 11617 11622 11624 11625 
32958 11534 11618 11617 11625 
32959 11589 11580 11576 11632 
32960 11594 11589 11581 11623 
32961 11534 629 11618 11625 
32962 11592 11591 11579 11631 
32963 11537 11611 11610 11625 
32964 633 11619 11611 11629 
32965 11611 11593 11610 11622 
32966 11596 11595 11631 11632 
32967 11607 11595 11596 11632 
32968 11592 11591 11631 11632 
32969 11617 11604 11602 11623 
32970 11611 11605 11593 11622 
32971 11560 11555 11545 11626 
32972 11607 11606 11595 11632 
32973 11606 11623 11581 11632 
32974 11603 11593 11590 11623 
32975 634 11620 11619 11629 
32976 11612 11609 11622 11624 
32977 11567 11566 11626 11628 
32978 11603 11590 11591 11623 
32979 11597 11587 11630 11633 
32980 11621 11616 11633 11634 
32981 316 11616 11621 11634 
32982 317 11621 11615 11634 
32983 11615 11633 11601 11634 
32984 11621 11599 11615 11633 
32985 6649 11616 316 11634 
32986 630 11537 629 11625 
32987 11618 11622 11617 11625 
32988 11612 11624 11622 11629 
32989 11605 11596 11583 11632 
32990 11535 633 11537 11625 
32991 11618 11604 11617 11622 
32992 11535 11538 632 11629 
32993 11552 11543 11544 11627 
32994 11596 11595 11582 11631 
32995 631 11617 11609 11624 
32996 630 11538 11535 11624 
32997 11600 11630 11587 11633 
32998 6649 318 11613 11634 
32999 6648 318 6649 11634 
33000 11620 11622 11619 11629 
33001 11614 11587 11613 11633 
33002 6649 316 317 11634 
33003 6649 318 11536 11613 
33004 6649 11536 316 11616 
33005 633 11611 11537 11625 
33006 11619 11622 11611 11629 
33007 11593 11590 11623 11632 
33008 11600 11588 11630 11633 
33009 11614 11633 11613 11634 
33010 11620 11619 11622 11623 
33011 11554 11544 11553 11543 
33012 630 629 11534 11625 
33013 11619 11605 11622 11623 
33014 11582 11560 11561 11628 
33015 630 11534 631 11624 
33016 11612 11594 11606 11623 
33017 631 11534 11617 11624 
33018 11614 11601 11600 11633 
33019 11616 11597 11608 11633 
33020 11616 11613 11633 11634 
33021 6648 6649 317 11634 
33022 11614 11601 11633 11634 
33023 11621 11633 11615 11634 
33024 11589 11581 11623 11632 
33025 11621 11616 11608 11633 
33026 6648 11601 11614 11634 
33027 11565 11564 11572 11630 
33028 11611 11622 11610 11625 
33029 11595 11570 11631 11632 
33030 11616 11613 11597 11633 
33031 630 11535 11537 11625 
33032 632 11612 11620 11629 
33033 632 11538 11612 11629 
33034 629 11610 11618 11625 
33035 634 633 11535 11629 
33036 11535 11625 11624 11629 
33037 11618 11610 11603 11622 
33038 11577 11571 11566 11628 
33039 11592 11631 11580 11632 
33040 11581 11576 11570 11632 
33041 11618 11610 11622 11625 
46397 16656 16650 16651 16659 
46398 16651 16649 16659 16660 
46399 16607 16606 16592 16661 
46400 16606 16605 16592 16661 
46401 16599 16597 16594 16593 
46402 16608 16596 16598 16595 
46403 16611 16608 16610 16595 
46404 16594 16602 16592 16590 
46405 16607 16602 16592 16594 
46406 16599 16589 16597 16588 
46407 16599 16597 16593 16588 
46408 16598 16596 16597 16589 
46409 16597 16594 16593 16590 
46410 16610 16599 16600 16589 
46411 16610 16608 16598 16595 
46412 10063 543 544 16662 
46413 16610 16598 16597 16589 
46414 16597 16596 16590 16588 
46415 16613 16611 16612 16601 
46416 16615 16614 16603 16663 
46417 16604 16602 16591 16661 
46418 16610 16597 16599 16589 
46419 16607 16606 16593 16592 
46420 16611 16600 16601 16595 
46421 16616 16603 16602 16661 
46422 16614 16661 16603 16663 
46423 16616 16602 16604 16661 
46424 16614 16602 16603 16661 
46425 16605 16604 16591 16661 
46426 16605 16591 16592 16661 
46427 16604 16591 16602 16590 
46428 16601 16600 16599 16589 
46429 16620 16606 16607 16661 
46430 16629 16616 16618 16663 
46431 16619 16618 16661 16663 
46432 16619 16605 16606 16661 
46433 16591 16602 16592 16661 
46434 16590 16602 16592 16591 
46435 16598 16595 16596 16589 
46436 16614 16607 16602 16661 
46437 16616 16603 16661 16663 
46438 16631 16630 16619 16663 
46439 16658 16645 16657 16659 
46440 16620 16619 16606 16661 
46441 16620 16661 16614 16663 
46442 16618 16616 16661 16663 
46443 16619 16618 16605 16661 
46444 16631 16619 16620 16663 
46445 16620 16619 16661 16663 
46446 16620 16607 16614 16661 
46447 16650 16645 16639 16660 
46448 16623 16610 16608 16598 
46449 16617 16603 16616 16663 
46450 16628 16614 16615 16663 
46451 16613 16612 16611 16609 
46452 16613 16609 16611 16608 
46453 16623 16611 16609 16608 
46454 16632 16621 16609 16664 
46455 16624 16609 16612 16664 
46456 16621 16608 16613 16595 
46457 16613 16612 16609 16664 
46458 16644 16634 16635 16664 
46459 16613 16611 16601 16595 
46460 16627 16626 16613 16664 
46461 16614 16602 16607 16594 
46462 16638 16637 16660 16665 
46463 16618 16616 16604 16661 
46464 16661 16602 16592 16607 
46465 16626 16625 16612 16664 
46466 16644 16624 16625 16664 
46467 16599 16593 16589 16588 
46468 16593 16590 16592 16588 
46469 16627 16613 16621 16664 
46470 16635 16634 16627 16664 
46471 16632 16609 16624 16664 
46472 16642 16625 16626 16664 
46473 16644 16635 16633 16664 
46474 16607 16593 16594 16592 
46475 16627 16621 16622 16664 
46476 16633 16622 16632 16664 
46477 16629 16617 16616 16663 
46478 16639 16660 16637 16665 
46479 16641 16630 16631 16665 
46480 16586 16655 16585 16666 
46481 16585 16655 16654 16666 
46482 16617 16615 16603 16663 
46483 16621 16613 16609 16664 
46484 16628 16663 16615 16665 
46485 16631 16630 16663 16665 
46486 16587 16657 16656 16666 
46487 16630 16629 16663 16665 
46488 16640 16629 16630 16665 
46489 16624 16611 16612 16609 
46490 16587 16656 16586 16666 
46491 16639 16617 16629 16665 
46492 16629 16617 16663 16665 
46493 16618 16604 16605 16661 
46494 16623 16610 16611 16608 
46495 16638 16628 16637 16665 
46496 16644 16625 16642 16664 
46497 16626 16612 16613 16664 
46498 16621 16609 16613 16608 
46499 16634 16626 16627 16664 
46500 16635 16627 16622 16664 
46501 16625 16624 16612 16664 
46502 16644 16633 16632 16664 
46503 16644 16642 16634 16664 
46504 16637 16615 16617 16665 
46505 16632 16622 16621 16664 
46506 16641 16640 16630 16665 
46507 16648 16638 16637 16660 
46508 16594 16592 16593 16590 
46509 16650 16639 16640 16660 
46510 16640 16660 16639 16665 
46511 16641 16660 16640 16665 
46512 16641 16631 16638 16665 
46513 16638 16631 16628 16665 
46514 16641 16638 16660 16665 
46515 16651 16640 16641 16660 
46516 16640 16639 16629 16665 
46517 16649 16641 16638 16660 
46518 16645 16637 16639 16660 
46519 16611 16610 16600 16595 
46520 16644 16632 16624 16664 
46521 16610 16595 16598 16589 
46522 16628 16620 16614 16663 
46523 16635 16644 16667 16634 
46524 16647 16667 16633 16653 
46525 16635 16622 16633 16664 
46526 16597 16589 16596 16588 
46527 16592 16590 16591 16588 
46528 16617 16615 16663 16665 
46529 16635 16647 16667 16633 
46530 16646 16667 16642 16634 
46531 16662 543 544 16653 
46532 16635 16636 16667 16647 
46533 16643 16667 16646 16653 
46534 16652 16667 16643 16653 
46535 16644 16667 16652 16653 
46536 16642 16652 16667 16643 
46537 16662 16646 544 10063 
46538 16642 16644 16667 16652 
46539 16653 16647 16662 543 
46540 876 16657 16587 16666 
46541 16653 16646 544 16662 
46542 16630 16618 16619 16663 
46543 542 16646 544 16643 
46544 16642 16626 16634 16664 
46545 16613 16608 16611 16595 
46546 16634 16644 16667 16642 
46547 16649 16648 16659 16660 
46548 16658 16648 16645 16659 
46549 16657 16645 16650 16659 
46550 16655 16651 16649 16659 
46551 16651 16659 16650 16660 
46552 16650 16659 16645 16660 
46553 16658 16654 16648 16659 
46554 16656 16659 16655 16666 
46555 16631 16663 16628 16665 
46556 16655 16649 16654 16659 
46557 16637 16628 16615 16665 
46558 16658 16654 16659 16666 
46559 16656 16651 16655 16659 
46560 16654 16649 16648 16659 
46561 543 16647 16662 10063 
46562 16652 544 16643 542 
46563 544 875 542 16652 
46564 16631 16620 16628 16663 
46565 544 543 875 16653 
46566 16648 16637 16645 16660 
46567 16655 16659 16654 16666 
46568 16657 16659 16656 16666 
46569 16601 16595 16600 16589 
46570 16586 16656 16655 16666 
46571 16657 16650 16656 16659 
46572 876 16658 16657 16666 
46573 876 16587 16585 16666 
46574 16584 876 16585 16666 
46575 16584 16654 16658 16666 
46576 16612 16601 16611 16600 
46577 16587 16586 16585 16666 
46578 16658 16659 16657 16666 
46579 544 16653 875 16652 
46580 16584 16658 876 16666 
46581 16584 16585 16654 16666 
46582 16610 16600 16595 16589 
46583 16651 16641 16649 16660 
46584 16633 16667 16644 16653 
46585 16639 16637 16617 16665 
46586 16649 16638 16648 16660 
46587 16648 16645 16659 16660 
46588 10063 16646 544 542 
46589 16630 16629 16618 16663 
46590 16651 16650 16640 16660 
46591 16653 544 16643 16652 
46592 16624 16623 16611 16609 
46593 16643 16646 544 16653 
46594 16597 16590 16593 16588 
46595 16635 16667 16636 16634 
46596 16634 16636 16646 16667 
46597 16667 16636 16646 16653 
46598 16636 16667 16647 16653 
46599 16647 16662 16636 16653 
46600 16653 16662 16636 16646 
46601 16646 16662 16636 10063 
46602 10063 16662 16636 16647 
46603 16635 16633 16667 16644 
46604 16642 16643 16667 16646 
46605 16718 16715 16741 16742 
46606 16738 16737 16743 16744 
46607 16672 16671 16670 16743 
46608 877 16739 16672 16743 
46609 16740 16739 16743 16744 
46610 877 16740 16739 16743 
46611 16728 16720 16716 16745 
46612 16728 16727 16744 16745 
46613 16723 16745 16722 16746 
46614 16738 16728 16737 16744 
46615 16739 16738 16743 16744 
46616 541 16729 16725 16747 
46617 16734 16725 16742 16747 
46618 10062 16734 16735 16747 
46619 540 10062 539 16747 
46620 10062 16735 539 16747 
46621 16721 16716 16710 16746 
46622 16685 16683 16684 16674 
46623 16683 16678 16677 16676 
46624 16689 16676 16680 16674 
46625 16689 16687 16680 16675 
46626 16689 16679 16676 16748 
46627 16683 16681 16679 16675 
46628 16685 16694 16680 16693 
46629 16699 16688 16748 16749 
46630 16689 16679 16687 16675 
46631 16687 16686 16679 16748 
46632 16699 16687 16689 16748 
46633 16699 16688 16687 16748 
46634 16673 16694 16680 16681 
46635 539 16735 16730 16747 
46636 16700 16699 16689 16748 
46637 16689 16687 16679 16748 
46638 16678 16679 16676 16683 
46639 16694 16693 16682 16673 
46640 16702 16692 16698 16748 
46641 16683 16694 16680 16685 
46642 16692 16691 16678 16748 
46643 16691 16677 16678 16748 
46644 16694 16682 16693 16750 
46645 16681 16694 16680 16683 
46646 16714 16703 16705 16751 
46647 16705 16694 16696 16750 
46648 16693 16694 16680 16673 
46649 16689 16676 16675 16680 
46650 16703 16693 16682 16750 
46651 16710 16698 16688 16749 
46652 16706 16695 16704 16751 
46653 16696 16694 16684 16750 
46654 16697 16684 16685 16750 
46655 16701 16690 16691 16748 
46656 16705 16703 16682 16750 
46657 16702 16691 16692 16748 
46658 16703 16695 16750 16751 
46659 16698 16692 16686 16748 
46660 16705 16682 16694 16750 
46661 16695 16685 16693 16750 
46662 16704 16695 16703 16751 
46663 16700 16689 16690 16748 
46664 16705 16703 16750 16751 
46665 16694 16693 16685 16750 
46666 16708 16697 16706 16751 
46667 16708 16706 16741 16751 
46668 16697 16696 16684 16750 
46669 16698 16748 16688 16749 
46670 16678 16677 16676 16748 
46671 16694 16684 16685 16683 
46672 16708 16707 16696 16751 
46673 16691 16690 16677 16748 
46674 16714 16741 16704 16751 
46675 16718 16707 16708 16741 
46676 16718 16708 16717 16741 
46677 16705 16750 16696 16751 
46678 16714 16704 16703 16751 
46679 16726 16704 16714 16741 
46680 16700 16699 16748 16749 
46681 16702 16701 16691 16748 
46682 16701 16700 16748 16749 
46683 16710 16709 16698 16749 
46684 16698 16686 16688 16748 
46685 16710 16688 16699 16749 
46686 16711 16710 16699 16749 
46687 16685 16680 16683 16674 
46688 16694 16685 16684 16750 
46689 16702 16748 16698 16749 
46690 16721 16710 16711 16746 
46691 16702 16701 16748 16749 
46692 16692 16679 16686 16748 
46693 16712 16711 16700 16749 
46694 16701 16700 16690 16748 
46695 16712 16746 16711 16749 
46696 16690 16689 16676 16748 
46697 16713 16712 16701 16749 
46698 16697 16685 16695 16750 
46699 16722 16721 16711 16746 
46700 16713 16709 16746 16749 
46701 16723 16712 16713 16746 
46702 16711 16699 16700 16749 
46703 16697 16696 16750 16751 
46704 16713 16701 16702 16749 
46705 16683 16680 16681 16675 
46706 16713 16702 16709 16749 
46707 16710 16746 16709 16749 
46708 16720 16709 16716 16746 
46709 16711 16746 16710 16749 
46710 16694 16682 16681 16673 
46711 16688 16686 16687 16748 
46712 16720 16713 16709 16746 
46713 16708 16741 16707 16751 
46714 16709 16702 16698 16749 
46715 16726 16724 16741 16742 
46716 16724 16706 16704 16741 
46717 16730 16718 16719 16742 
46718 16735 16734 16726 16742 
46719 16729 16719 16742 16747 
46720 16724 16717 16741 16742 
46721 16729 16719 16717 16742 
46722 16724 16717 16706 16741 
46723 16706 16704 16741 16751 
46724 16726 16714 16715 16741 
46725 16716 16709 16710 16746 
46726 16727 16716 16721 16745 
46727 16723 16720 16745 16746 
46728 16713 16746 16712 16749 
46729 16728 16716 16727 16745 
46730 16723 16713 16720 16746 
46731 16732 16721 16722 16745 
46732 16712 16700 16701 16749 
46733 16680 16676 16675 16683 
46734 16733 16722 16723 16745 
46735 16731 16723 16720 16745 
46736 16733 16731 16744 16745 
46737 16731 16720 16728 16745 
46738 16722 16711 16712 16746 
46739 16732 16727 16721 16745 
46740 16733 16723 16731 16745 
46741 16726 16724 16704 16741 
46742 16715 16714 16707 16741 
46743 16714 16707 16741 16751 
46744 16706 16697 16695 16751 
46745 16729 16717 16724 16742 
46746 16729 16742 16725 16747 
46747 16735 16726 16715 16742 
46748 16718 16715 16707 16741 
46749 16719 16718 16717 16742 
46750 10062 16668 539 16735 
46751 16729 16724 16725 16742 
46752 16730 16715 16718 16742 
46753 16734 16725 16724 16742 
46754 16697 16750 16695 16751 
46755 16726 16741 16715 16742 
46756 16718 16741 16717 16742 
46757 16735 16715 16730 16742 
46758 16730 16742 16719 16747 
46759 16735 16742 16730 16747 
46760 540 16730 16719 16747 
46761 16735 16734 16742 16747 
46762 541 16725 16734 16747 
46763 541 16734 10062 16747 
46764 16736 16727 16732 16744 
46765 16732 16744 16727 16745 
46766 16731 16728 16744 16745 
46767 16669 16736 16740 16743 
46768 540 16729 541 16747 
46769 16707 16705 16696 16751 
46770 540 16719 16729 16747 
46771 16703 16695 16693 16750 
46772 16739 16733 16731 16744 
46773 16687 16679 16686 16675 
46774 16733 16744 16732 16745 
46775 16740 16733 16739 16744 
46776 16733 16732 16722 16745 
46777 16721 16745 16716 16746 
46778 16737 16736 16743 16744 
46779 16720 16716 16745 16746 
46780 16740 16736 16732 16744 
46781 16740 16732 16733 16744 
46782 16740 16743 16736 16744 
46783 16669 877 16672 16743 
46784 16734 16724 16726 16742 
46785 16714 16705 16707 16751 
46786 16748 16679 16676 16678 
46787 16681 16675 16680 16673 
46788 541 16668 10062 16734 
46789 16738 16731 16728 16744 
46790 16737 16727 16736 16744 
46791 16671 16738 16737 16743 
46792 16672 16738 16671 16743 
46793 16722 16745 16721 16746 
46794 16671 16737 16670 16743 
46795 16669 16672 16670 16743 
46796 16683 16680 16676 16674 
46797 16692 16678 16679 16748 
46798 16739 16731 16738 16744 
46799 16669 16740 877 16743 
46800 16723 16722 16712 16746 
46801 16683 16679 16681 16678 
46802 16717 16708 16706 16741 
46803 16670 16737 16736 16743 
46804 16669 16670 16736 16743 
46805 16672 16739 16738 16743 
46806 16737 16728 16727 16744 
46807 16708 16696 16697 16751 
46808 540 539 16730 16747 
46809 540 541 10062 16747 
46810 10062 16668 16735 16734 
46811 16675 16679 16676 16689 
46812 16683 16679 16676 16675 
46813 16690 16676 16677 16748 
46814 550 548 10162 16763 
46815 548 16763 16755 16764 
46816 16753 16752 16765 16766 
46817 10162 549 16763 16764 
46818 549 16757 16755 16764 
46819 549 16755 16763 16764 
46820 16758 16762 16760 16752 
46821 16758 16752 16760 16766 
46822 16758 879 16752 16765 
46823 16753 16754 16760 16765 
46824 879 16753 16752 16765 
46825 16756 16762 16761 16767 
46826 16757 16758 16756 16767 
46827 16758 16759 16760 16762 
46828 16758 16759 16762 16767 
46829 16755 16761 16759 16767 
46830 16760 16765 16766 16753 
46831 16756 16758 879 16762 
46832 16758 879 16762 16752 
46833 16758 16754 879 16765 
46834 16756 16758 16762 16767 
46835 16755 16757 16756 16767 
46836 16755 16756 16761 16767 
46837 550 878 548 16763 
46838 10162 16757 549 16764 
46839 10162 16763 548 16764 
46840 10162 548 16761 16764 
46841 16755 16759 16761 16764 
46842 16765 16754 16760 16758 
46843 550 549 878 16763 
46844 550 10162 549 16763 
46845 16755 16759 16757 16767 
46846 10162 16759 16757 16764 
46847 16759 16761 16762 16767 
46848 16757 16759 16758 16767 
46849 16758 16765 16766 16760 
46850 16760 16752 16753 16766 
46851 10162 16761 16759 16764 
46852 16755 16757 16759 16764 
46853 16758 16765 16752 16766 
46854 879 16754 16753 16765 
46855 548 878 16755 16763 
46856 548 16755 16761 16764 
46857 549 16755 878 16763 
46858 16770 16769 16780 16781 
46859 16773 16769 16779 16782 
46860 880 16771 16770 16780 
46861 16773 16771 16780 16781 
46862 16774 16776 16777 16783 
46863 16773 16780 16769 16781 
46864 16778 16779 16783 16784 
46865 16773 16783 16779 16784 
46866 16776 16778 16783 16784 
46867 16773 16775 16783 16784 
46868 16774 16776 16783 16784 
46869 16774 16783 16775 16784 
46870 546 16785 545 16786 
46871 545 16785 16768 16786 
46872 546 547 16785 16786 
46873 547 16768 16785 16786 
46874 16774 16777 16775 16783 
46875 16777 16778 16779 16783 
46876 16772 16779 16778 16784 
46877 16776 16778 16777 16783 
46878 16777 16779 16773 16783 
46879 16773 880 16769 16780 
46880 546 16772 16778 16786 
46881 16770 16779 16769 16782 
46882 16777 16779 16770 16782 
46883 16777 16773 16781 16775 
46884 16777 16781 16782 16770 
46885 546 545 16774 16786 
46886 10161 16768 545 16785 
46887 546 16778 547 16786 
46888 547 16768 10161 16785 
46889 16770 16775 16777 16781 
46890 16783 16777 16775 16773 
46891 16771 16770 16780 16781 
46892 16773 16775 16771 16781 
46893 16773 16781 16769 16782 
46894 16775 16770 16771 16781 
46895 16773 16771 880 16780 
46896 16770 16769 16781 16782 
46897 547 16778 16776 16786 
46898 16782 16777 16773 16781 
46899 16772 16774 16775 16784 
46900 16772 16776 16774 16784 
46901 546 16774 16772 16786 
46902 545 16776 16774 16786 
46903 546 10161 545 16785 
46904 546 547 10161 16785 
46905 16772 16774 16776 16786 
46906 547 16776 16768 16786 
46907 16772 16775 16773 16784 
46908 545 16768 16776 16786 
46909 16782 16779 16773 16777 
46910 16772 16773 16779 16784 
46911 16772 16778 16776 16784 
46912 880 16770 16769 16780 
46913 16772 16776 16778 16786 
46914 16787 16788 16853 16860 
46915 16856 16855 16860 16861 
46916 16787 882 16789 16860 
46917 882 16856 16790 16860 
46918 16853 16850 16843 16861 
46919 16842 16831 16832 16862 
46920 16804 16796 16795 16794 
46921 16810 16797 16799 16800 
46922 16812 16803 16813 16821 
46923 16800 16797 16799 16795 
46924 16802 16792 16797 16791 
46925 16806 16796 16804 16794 
46926 16799 16795 16797 16794 
46927 16804 16794 16799 16793 
46928 16800 16797 16795 16791 
46929 16801 16797 16800 16791 
46930 16809 16808 16798 16797 
46931 16859 16849 16835 16863 
46932 16807 16796 16806 16794 
46933 16797 16801 16810 16809 
46934 16806 16794 16804 16793 
46935 16797 16794 16795 16792 
46936 16849 16846 16848 16863 
46937 16802 16809 16803 16811 
46938 16807 16795 16796 16794 
46939 16817 16805 16806 16864 
46940 16806 16804 16805 16793 
46941 16819 16796 16815 16864 
46942 16809 16797 16799 16810 
46943 16821 16820 16809 16808 
46944 16802 16812 16803 16813 
46945 16821 16814 16820 16808 
46946 16847 16837 16836 16863 
46947 16797 16792 16795 16791 
46948 16811 16809 16810 16801 
46949 16816 16804 16805 16864 
46950 16808 16821 16803 16809 
46951 16806 16804 16796 16864 
46952 16821 16810 16811 16809 
46953 16849 16837 16827 16863 
46954 16802 16797 16801 16791 
46955 16806 16805 16804 16864 
46956 16799 16797 16798 16793 
46957 16817 16816 16805 16864 
46958 16859 16835 16847 16863 
46959 16804 16800 16799 16795 
46960 16821 16822 16813 16812 
46961 16822 16812 16821 16811 
46962 16811 16803 16812 16821 
46963 16815 16796 16804 16864 
46964 16813 16821 16803 16814 
46965 16811 16802 16809 16801 
46966 16797 16809 16799 16798 
46967 16812 16822 16813 16823 
46968 16848 556 16849 10262 
46969 16802 16811 16803 16812 
46970 16825 16823 16824 16813 
46971 16824 16813 16823 16812 
46972 16813 16823 16814 16825 
46973 556 555 881 16859 
46974 16822 16823 16814 16813 
46975 16847 16845 16824 16823 
46976 16800 16801 16810 16797 
46977 16809 16797 16801 16802 
46978 16825 16823 16814 16826 
46979 16847 16836 16825 16824 
46980 16819 16818 16807 16864 
46981 16816 16815 16804 16864 
46982 16819 16864 16815 16865 
46983 16799 16794 16797 16793 
46984 16829 16815 16816 16865 
46985 16832 16818 16819 16865 
46986 16829 16862 16828 16865 
46987 16841 16840 16830 16862 
46988 16804 16796 16800 16795 
46989 16831 16862 16830 16865 
46990 16828 16819 16815 16865 
46991 16840 16833 16829 16862 
46992 16832 16831 16818 16865 
46993 16832 16862 16831 16865 
46994 16831 16830 16817 16865 
46995 16840 16829 16830 16862 
46996 16818 16817 16864 16865 
46997 16803 16797 16802 16792 
46998 16829 16828 16815 16865 
46999 16805 16804 16799 16793 
47000 16847 16824 16825 16823 
47001 16834 16826 16820 16814 
47002 16818 16817 16806 16864 
47003 16830 16829 16816 16865 
47004 16832 16819 16828 16865 
47005 16830 16816 16817 16865 
47006 16830 16862 16829 16865 
47007 16840 16833 16862 16866 
47008 16809 16803 16808 16797 
47009 16821 16822 16814 16813 
47010 556 554 10262 16848 
47011 556 16859 881 16858 
47012 16804 16795 16799 16794 
47013 16814 16821 16803 16808 
47014 16819 16818 16864 16865 
47015 16826 16823 16814 16834 
47016 16847 16825 16826 16823 
47017 16812 16802 16811 16801 
47018 16834 16822 16814 16821 
47019 16831 16817 16818 16865 
47020 16847 16837 16827 16826 
47021 16847 16836 16837 16825 
47022 16847 16826 16834 16823 
47023 16809 16803 16811 16821 
47024 16849 16838 16837 16863 
47025 16834 16823 16814 16822 
47026 16842 16841 16831 16862 
47027 16833 16828 16829 16862 
47028 16847 16837 16826 16825 
47029 16847 16827 16837 16863 
47030 16816 16815 16864 16865 
47031 16834 16820 16821 16814 
47032 16838 16836 16837 16863 
47033 16847 16835 16834 16826 
47034 16847 16845 16836 16824 
47035 16844 16833 16840 16866 
47036 16839 16862 16833 16866 
47037 16851 16840 16841 16866 
47038 16843 16839 16833 16866 
47039 16807 16806 16796 16864 
47040 16841 16840 16862 16866 
47041 16817 16816 16864 16865 
47042 16823 16812 16822 16811 
47043 16852 16841 16842 16866 
47044 16850 16842 16839 16866 
47045 16859 556 16849 16858 
47046 16847 16823 16834 16822 
47047 10262 556 16849 555 
47048 16832 16828 16862 16865 
47049 16847 16835 16827 16863 
47050 16849 16827 16835 16863 
47051 16839 16828 16833 16862 
47052 16847 16827 16835 16826 
47053 16818 16806 16807 16864 
47054 16842 16862 16839 16866 
47055 16809 16802 16803 16797 
47056 16847 16836 16845 16863 
47057 16858 16845 16846 16863 
47058 16819 16807 16796 16864 
47059 16848 16836 16838 16863 
47060 16859 16847 16858 16863 
47061 16849 16848 16838 16863 
47062 16848 556 16846 16849 
47063 555 556 16849 16859 
47064 16851 16861 16844 16866 
47065 16857 16843 16844 16861 
47066 16857 16853 16843 16861 
47067 16842 16841 16862 16866 
47068 16851 16844 16840 16866 
47069 16855 16851 16852 16861 
47070 16858 16847 16845 16863 
47071 16849 556 16846 16858 
47072 16859 16858 16849 16863 
47073 16858 556 16846 554 
47074 16848 16845 16836 16863 
47075 16858 16846 16849 16863 
47076 16848 16846 16845 16863 
47077 16841 16830 16831 16862 
47078 556 881 554 16858 
47079 554 556 16846 16848 
47080 16844 16861 16843 16866 
47081 16854 16850 16853 16861 
47082 16850 16839 16843 16866 
47083 16854 16852 16850 16861 
47084 16842 16832 16839 16862 
47085 16856 16851 16855 16861 
47086 16856 16844 16851 16861 
47087 16852 16861 16851 16866 
47088 16790 16856 16855 16860 
47089 16844 16843 16833 16866 
47090 16852 16850 16861 16866 
47091 16855 16852 16854 16861 
47092 16852 16842 16850 16866 
47093 16789 16854 16788 16860 
47094 16789 16855 16854 16860 
47095 16788 16854 16853 16860 
47096 16855 16854 16860 16861 
47097 16850 16843 16861 16866 
47098 16857 16856 16860 16861 
47099 16787 16789 16788 16860 
47100 16857 16860 16853 16861 
47101 882 16857 16856 16860 
47102 10262 16849 16848 16838 
47103 882 16790 16789 16860 
47104 16790 16855 16789 16860 
47105 16852 16851 16841 16866 
47106 16787 16857 882 16860 
47107 16854 16853 16860 16861 
47108 16839 16832 16828 16862 
47109 16787 16853 16857 16860 
47110 16857 16844 16856 16861 
47111 16874 16878 16879 16880 
47112 16872 16870 883 16868 
47113 16870 16879 16868 16880 
47114 16878 16868 16879 16880 
47115 16869 16878 16868 16879 
47116 16874 16879 16870 16880 
47117 16871 16874 16872 16878 
47118 16871 16874 16878 16881 
47119 16876 16877 16878 16881 
47120 16874 16876 16878 16881 
47121 16871 16878 16877 16881 
47122 16874 16876 16869 16878 
47123 16874 16878 16869 16879 
47124 16875 16877 16876 16881 
47125 16872 16870 16868 16880 
47126 16874 16869 16870 16879 
47127 16872 16868 16878 16880 
47128 552 10261 551 16882 
47129 551 16882 16875 16883 
47130 552 16871 16877 16883 
47131 552 553 10261 16882 
47132 553 16875 16882 16883 
47133 553 16877 16875 16883 
47134 16872 16878 16874 16880 
47135 16871 16873 16874 16881 
47136 553 16875 16867 16882 
47137 16871 16873 16875 16883 
47138 16871 16875 16877 16883 
47139 551 16875 16873 16883 
47140 551 16867 16875 16882 
47141 552 16882 551 16883 
47142 16873 16875 16876 16881 
47143 10261 16867 551 16882 
47144 552 16873 16871 16883 
47145 16871 16877 16875 16881 
47146 552 551 16873 16883 
47147 16871 16875 16873 16881 
47148 552 553 16882 16883 
47149 553 16867 10261 16882 
47150 16870 16869 16868 16879 
47151 552 16877 553 16883 
47152 16873 16876 16874 16881 
47153 16872 16874 16870 16880 
47154 561 16895 884 16896 
47155 16891 16893 16895 16897 
47156 560 884 16895 16896 
47157 560 16896 16895 16897 
47158 16887 16893 16891 16898 
47159 16888 16894 16893 16898 
47160 16888 16890 885 16899 
47161 16888 16892 16894 16898 
47162 16887 16889 16888 16898 
47163 16889 16891 16890 16898 
47164 562 560 10355 16896 
47165 560 16895 16893 16897 
47166 560 16887 16893 16895 
47167 10355 561 16896 16897 
47168 561 16889 16887 16895 
47169 16887 16889 16891 16895 
47170 16888 885 16894 16899 
47171 16888 16894 16892 16899 
47172 16888 16892 16890 16899 
47173 885 16886 16885 16900 
47174 16889 16890 16888 16898 
47175 16889 16891 16895 16897 
47176 10355 16891 16889 16897 
47177 16887 16888 16893 16898 
47178 10355 16889 561 16897 
47179 885 16884 16899 16900 
47180 561 16889 16895 16897 
47181 10355 16896 560 16897 
47182 16887 16891 16893 16895 
47183 16888 16890 16892 16898 
47184 562 561 884 16896 
47185 562 10355 561 16896 
47186 16890 16892 16886 16899 
47187 16886 16899 16892 16900 
47188 16890 16891 16892 16898 
47189 16887 16891 16889 16898 
47190 16891 16894 16892 16898 
47191 16891 16893 16894 16898 
47192 562 884 560 16896 
47193 10355 560 16893 16897 
47194 885 16885 16884 16900 
47195 16890 16886 885 16899 
47196 16886 16892 16885 16900 
47197 560 884 16887 16895 
47198 16892 16884 16885 16900 
47199 561 16895 16896 16897 
47200 561 16887 884 16895 
47201 10355 16893 16891 16897 
47202 16892 16899 16884 16900 
47203 885 16899 16886 16900 
47204 885 16884 16894 16899 
47205 16892 16894 16884 16899 
47206 16910 16912 16903 16913 
47207 16906 16910 16912 16914 
47208 16903 16912 16902 16913 
47209 16906 16910 16908 16915 
47210 16906 16902 16913 16916 
47211 16906 886 16902 16916 
47212 16903 16913 16902 16916 
47213 16906 16902 16912 16913 
47214 16903 16915 16913 16916 
47215 886 16904 16903 16916 
47216 16906 16915 16904 16916 
47217 16906 16912 16910 16913 
47218 559 16901 16917 16918 
47219 558 559 16917 16918 
47220 557 16917 16901 16918 
47221 558 16917 557 16918 
47222 10354 16901 557 16917 
47223 558 557 16907 16918 
47224 559 16901 10354 16917 
47225 558 16911 559 16918 
47226 16910 16911 16912 16914 
47227 16905 16912 16911 16914 
47228 16906 16908 16910 16914 
47229 16905 16906 16912 16914 
47230 16909 16911 16910 16914 
47231 16906 16908 16904 16915 
47232 16906 16913 16915 16916 
47233 16906 16904 886 16916 
47234 16908 16903 16904 16915 
47235 16908 16910 16903 16915 
47236 16904 16915 16903 16916 
47237 559 16911 16909 16918 
47238 16906 16913 16910 16915 
47239 16905 16907 16908 16914 
47240 16907 16910 16908 16914 
47241 558 16907 16905 16918 
47242 557 16909 16907 16918 
47243 558 10354 557 16917 
47244 16905 16908 16906 16914 
47245 557 16901 16909 16918 
47246 16905 16907 16909 16918 
47247 559 16909 16901 16918 
47248 558 559 10354 16917 
47249 16907 16909 16910 16914 
47250 16910 16913 16903 16915 
47251 558 16905 16911 16918 
47252 16905 16909 16911 16918 
47253 16905 16911 16909 16914 
47254 886 16903 16902 16916 
47255 16905 16909 16907 16914 
47256 16921 16992 16920 16996 
47257 16931 16930 16927 16923 
47258 16933 16938 16935 16932 
47259 16930 16931 16928 16923 
47260 16943 16928 16930 16944 
47261 16947 16933 16936 16926 
47262 16936 16934 16931 16927 
47263 16944 16936 16930 16926 
47264 16944 16931 16928 16930 
47265 16947 16936 16937 16926 
47266 16938 16947 16997 16948 
47267 16997 16932 16945 16935 
47268 16933 16926 16925 16924 
47269 16935 16932 16945 16933 
47270 16939 16931 16927 16923 
47271 16936 16933 16934 16927 
47272 16944 16939 16943 16928 
47273 16947 16934 16936 16933 
47274 16947 16935 16934 16933 
47275 16923 16931 16928 16939 
47276 16935 16997 16947 16960 
47277 16947 16937 16938 16926 
47278 16947 16938 16935 16933 
47279 16974 16979 16998 16989 
47280 16933 16927 16924 16923 
47281 16981 16989 16990 16998 
47282 16948 16938 16947 16937 
47283 16938 16932 16933 16925 
47284 16930 16924 16927 16923 
47285 16936 16931 16930 16927 
47286 16949 16938 16948 16937 
47287 16933 16936 16924 16927 
47288 16943 16939 16941 16928 
47289 16930 16925 16926 16924 
47290 16925 16933 16938 16926 
47291 16953 16951 16941 16999 
47292 16953 16951 16940 16939 
47293 16930 16928 16924 16923 
47294 16943 16942 16929 16928 
47295 16967 16955 16956 16999 
47296 16922 16993 16921 16996 
47297 16957 16941 16951 16999 
47298 16957 16956 16943 16942 
47299 16929 16943 16928 16930 
47300 16955 16941 16942 16999 
47301 16932 16997 16958 16950 
47302 16957 16942 16941 16999 
47303 16951 16941 16943 16939 
47304 16957 16943 16951 16941 
47305 16932 16938 16935 16997 
47306 16966 16953 16955 16999 
47307 16957 16944 16951 16943 
47308 16990 568 17000 16989 
47309 16938 16935 16997 16947 
47310 16938 16948 16997 16949 
47311 16963 16958 16961 16950 
47312 16965 16951 16952 16999 
47313 16960 16948 16961 16997 
47314 16969 16961 16958 16946 
47315 16953 16940 16951 16999 
47316 16963 16950 16961 16949 
47317 16945 16958 16997 16946 
47318 16930 16936 16924 16926 
47319 16933 16938 16926 16947 
47320 16927 16936 16924 16930 
47321 16961 16997 16946 16960 
47322 16944 16936 16931 16930 
47323 16965 16957 16951 16999 
47324 16963 16961 16962 16949 
47325 16945 16997 16935 16960 
47326 16958 16961 16969 16963 
47327 16953 16941 16951 16939 
47328 16969 16963 16959 16958 
47329 16978 16968 16975 17001 
47330 16964 16958 16963 16950 
47331 16981 16963 16959 16969 
47332 16972 16963 16964 16959 
47333 16951 16943 16944 16939 
47334 16961 16958 16997 16950 
47335 16972 16981 16998 16979 
47336 568 887 566 16989 
47337 16949 16948 16997 16961 
47338 16926 16936 16924 16933 
47339 16938 16997 16932 16950 
47340 16981 16963 16972 16959 
47341 16981 16963 16961 16962 
47342 16965 16999 16952 17001 
47343 16957 16956 16942 16999 
47344 16941 16928 16939 16923 
47345 16968 16957 16965 16999 
47346 16997 16949 16950 16938 
47347 16968 16999 16965 17001 
47348 16978 16967 16968 17001 
47349 16975 17001 16971 17002 
47350 16966 16954 16999 17001 
47351 16977 16966 16967 17001 
47352 16951 16939 16944 16931 
47353 16939 16931 16928 16944 
47354 16955 16953 16941 16999 
47355 16968 16967 16956 16999 
47356 16964 16959 16963 16958 
47357 16975 16965 16971 17001 
47358 16947 16997 16948 16960 
47359 16973 16970 16972 16959 
47360 16981 16979 16972 16963 
47361 16981 16972 16970 16959 
47362 16967 16966 16999 17001 
47363 16920 16992 16991 16996 
47364 16954 16940 16953 16999 
47365 16981 16979 16963 16962 
47366 16981 16970 16969 16959 
47367 16971 16965 16952 17001 
47368 16967 16966 16955 16999 
47369 16978 16977 16967 17001 
47370 16954 16952 16999 17001 
47371 16966 16954 16953 16999 
47372 16977 16976 17001 17002 
47373 16982 16975 16971 17002 
47374 16987 16983 17002 17003 
47375 16983 16982 16971 17002 
47376 16978 16977 17001 17002 
47377 16983 16971 16976 17002 
47378 16987 16976 16977 17002 
47379 16943 16941 16942 16928 
47380 16976 16954 16966 17001 
47381 16978 17001 16975 17002 
47382 16952 16951 16940 16999 
47383 16976 16971 17001 17002 
47384 16987 16983 16976 17002 
47385 16945 16932 16997 16958 
47386 16963 16961 16969 16981 
47387 16973 16972 16964 16959 
47388 16977 16976 16966 17001 
47389 16974 16972 16973 16970 
47390 16985 16974 16973 16970 
47391 16961 16949 16950 16997 
47392 16984 16980 16979 16974 
47393 568 16990 887 16989 
47394 16984 16974 16979 16972 
47395 16930 16928 16929 16924 
47396 16985 17000 16974 16990 
47397 16989 16979 16980 16974 
47398 567 16985 17000 10454 
47399 16990 16985 17000 567 
47400 10454 16984 17000 566 
47401 17000 567 568 16990 
47402 16980 566 16989 17000 
47403 566 16984 17000 16980 
47404 16945 16946 16997 16960 
47405 16968 16956 16957 16999 
47406 16970 16981 16998 16972 
47407 16975 16968 16965 17001 
47408 16990 16974 16985 16970 
47409 16986 16978 16975 17002 
47410 16991 16986 16982 17003 
47411 16986 17002 16982 17003 
47412 16988 17002 16986 17003 
47413 16994 16983 16987 17003 
47414 16946 16961 16958 16997 
47415 16988 16977 16978 17002 
47416 566 16989 17000 568 
47417 10454 567 568 17000 
47418 16988 16987 17002 17003 
47419 16992 16988 16986 17003 
47420 16954 16952 16940 16999 
47421 16986 16975 16982 17002 
47422 16994 16987 16993 17003 
47423 16976 16971 16954 17001 
47424 888 16995 16994 16996 
47425 16995 16994 16996 17003 
47426 16983 16982 17002 17003 
47427 16990 16981 16998 16970 
47428 16919 16991 16995 16996 
47429 16995 16996 16991 17003 
47430 16919 16920 16991 16996 
47431 16993 16987 16988 17003 
47432 16989 16979 16998 16981 
47433 17000 566 568 10454 
47434 16995 16991 16982 17003 
47435 16957 16942 16943 16941 
47436 16956 16955 16942 16999 
47437 568 567 887 16990 
47438 16992 16991 16996 17003 
47439 16921 16993 16992 16996 
47440 16922 16994 16993 16996 
47441 16919 888 16921 16996 
47442 888 16994 16922 16996 
47443 16919 16921 16920 16996 
47444 16988 16978 16986 17002 
47445 888 16922 16921 16996 
47446 16971 16952 16954 17001 
47447 16994 16993 16996 17003 
47448 16919 16995 888 16996 
47449 16995 16983 16994 17003 
47450 16995 16982 16983 17003 
47451 16968 16967 16999 17001 
47452 16988 16987 16977 17002 
47453 16993 16992 16996 17003 
47454 16993 16988 16992 17003 
47455 16992 16986 16991 17003 
47456 16998 16989 16990 16974 
47457 16990 16998 16974 16970 
47458 16970 16998 16974 16972 
47459 16972 16998 16974 16979 
47460 16990 17000 16974 16989 
47461 16989 17000 16974 16980 
47462 16980 17000 16974 16984 
47463 16984 17000 16974 10454 
47464 10454 17000 16974 16985 
47465 17016 17017 565 17018 
47466 563 17017 17012 17018 
47467 565 17018 17012 17016 
47468 17008 17011 17009 17019 
47469 565 17014 17012 17018 
47470 17008 17009 17015 17019 
47471 17010 17013 17019 17020 
47472 17008 17012 17014 17018 
47473 17008 17010 17019 17020 
47474 17008 17019 17015 17020 
47475 17013 17015 17019 17020 
47476 564 17008 17014 17018 
47477 564 17010 17008 17018 
47478 17009 17013 17011 17021 
47479 17017 17016 17004 17012 
47480 17010 17012 17013 17020 
47481 17013 17014 17015 17020 
47482 17012 17014 17013 17020 
47483 17004 10453 565 17017 
47484 17009 17011 17013 17019 
47485 17006 17015 17005 17021 
47486 17009 17005 17021 17022 
47487 17009 889 17005 17022 
47488 17009 17013 17015 17019 
47489 563 564 17017 17018 
47490 10453 563 564 17017 
47491 17018 17017 17012 17016 
47492 17017 10453 565 564 
47493 17016 17004 17012 565 
47494 565 17017 17016 17004 
47495 564 17014 565 17018 
47496 17009 17005 17015 17021 
47497 10453 17004 563 17017 
47498 564 563 17010 17018 
47499 17011 17021 17006 17022 
47500 889 17007 17006 17022 
47501 17009 17007 889 17022 
47502 17011 17006 17007 17022 
47503 17009 17011 17007 17022 
47504 17008 17015 17014 17020 
47505 17009 17021 17011 17022 
47506 17008 17010 17011 17019 
47507 17013 17015 17006 17021 
47508 563 17012 17010 17018 
47509 17008 17014 17012 17020 
47510 17017 565 17018 564 
47511 17004 17017 17012 563 
47512 17010 17013 17011 17019 
47513 17011 17013 17006 17021 
47514 17009 17015 17013 17021 
47515 889 17006 17005 17022 
47516 17006 17021 17005 17022 
47517 17008 17010 17012 17018 
47518 17008 17012 17010 17020 
47519 17032 17027 17031 17097 
47520 17062 17051 17098 17099 
47521 17063 17052 17053 17098 
47522 17096 17092 17100 17101 
47523 17088 17100 17080 17102 
47524 17085 17083 17102 17103 
47525 17092 17087 17086 17100 
47526 17042 17034 17033 17031 
47527 17041 17039 17040 17034 
47528 17042 17039 17037 17104 
47529 17054 17053 17041 17104 
47530 17044 17032 17031 17097 
47531 17042 17037 17039 17034 
47532 17045 17034 17035 17097 
47533 17052 17050 17039 17104 
47534 17054 17042 17043 17104 
47535 17064 17053 17054 17098 
47536 17045 17044 17033 17097 
47537 17052 17039 17040 17104 
47538 17050 17038 17037 17104 
47539 17038 17030 17037 17104 
47540 17035 17034 17028 17097 
47541 17089 17087 17100 17102 
47542 17037 17034 17031 17029 
47543 17042 17037 17030 17104 
47544 17043 17030 17038 17104 
47545 17058 17056 17044 17105 
47546 17042 17034 17041 17033 
47547 17036 17028 17029 17097 
47548 17046 17045 17035 17105 
47549 17050 17037 17039 17104 
47550 17045 17033 17034 17097 
47551 17042 17037 17034 17031 
47552 17089 17088 17084 17102 
47553 17045 17044 17097 17105 
47554 17052 17098 17050 17104 
47555 17041 17040 17039 17104 
47556 17056 17048 17105 17106 
47557 17058 17045 17046 17105 
47558 17047 17046 17035 17105 
47559 17058 17056 17105 17106 
47560 17057 17048 17056 17106 
47561 17056 17048 17032 17105 
47562 17042 17037 17031 17030 
47563 17036 17029 17027 17097 
47564 17072 17065 17051 17099 
47565 17059 17058 17046 17106 
47566 17044 17032 17097 17105 
47567 17060 17046 17047 17106 
47568 17043 17038 17098 17104 
47569 17061 17060 17047 17106 
47570 17060 17059 17106 17107 
47571 17047 17035 17036 17105 
47572 17057 17049 17106 17107 
47573 17047 17046 17105 17106 
47574 17053 17098 17052 17104 
47575 17058 17044 17045 17105 
47576 17054 17041 17042 17104 
47577 17077 17061 17049 17107 
47578 17061 17048 17049 17106 
47579 17079 17077 17057 17107 
47580 17066 17057 17106 17107 
47581 17042 17039 17041 17034 
47582 17053 17040 17041 17104 
47583 17045 17097 17035 17105 
47584 17061 17060 17106 17107 
47585 17055 17098 17051 17099 
47586 17054 17098 17053 17104 
47587 17060 17059 17046 17106 
47588 17063 17062 17052 17098 
47589 17064 17063 17053 17098 
47590 17051 17043 17038 17098 
47591 17061 17047 17048 17106 
47592 17042 17041 17039 17104 
47593 17056 17032 17044 17105 
47594 17064 17054 17055 17098 
47595 17055 17054 17043 17098 
47596 17048 17036 17032 17105 
47597 17072 17051 17062 17099 
47598 17074 17063 17064 17099 
47599 17064 17098 17055 17099 
47600 17066 17056 17058 17106 
47601 17051 17038 17050 17098 
47602 17062 17051 17050 17098 
47603 17054 17043 17098 17104 
47604 17055 17043 17051 17098 
47605 17065 17055 17051 17099 
47606 17048 17047 17105 17106 
47607 17039 17034 17029 17028 
47608 17074 17073 17063 17099 
47609 17071 17055 17065 17099 
47610 17064 17063 17098 17099 
47611 17058 17105 17046 17106 
47612 17037 17029 17031 17027 
47613 17066 17106 17059 17107 
47614 17066 17058 17059 17106 
47615 17069 17068 17060 17107 
47616 17061 17106 17049 17107 
47617 17031 17027 17029 17097 
47618 17071 17064 17055 17099 
47619 17079 17107 17067 17108 
47620 17079 17077 17107 17108 
47621 17077 17069 17107 17108 
47622 17068 17067 17107 17108 
47623 17070 17068 17069 17108 
47624 17073 17072 17099 17103 
47625 17063 17062 17098 17099 
47626 17050 17098 17038 17104 
47627 17076 17065 17072 17103 
47628 17074 17099 17071 17103 
47629 17073 17062 17063 17099 
47630 17073 17072 17062 17099 
47631 17085 17084 17073 17103 
47632 17083 17071 17075 17103 
47633 17084 17076 17072 17103 
47634 17071 17099 17065 17103 
47635 17076 17075 17065 17103 
47636 17074 17064 17071 17099 
47637 17074 17073 17099 17103 
47638 17072 17065 17099 17103 
47639 17082 17069 17077 17108 
47640 17082 17078 17081 17108 
47641 17081 17067 17068 17108 
47642 17090 17067 17081 17108 
47643 17067 17066 17059 17107 
47644 17077 17069 17061 17107 
47645 10548 17082 17081 17070 
47646 573 574 17082 17078 
47647 17082 574 17081 17078 
47648 17080 17075 17076 17102 
47649 17084 17102 17076 17103 
47650 17083 17074 17071 17103 
47651 17088 17080 17076 17102 
47652 17087 17083 17086 17102 
47653 17091 17079 17090 17108 
47654 17090 17079 17067 17108 
47655 17057 17049 17048 17106 
47656 17069 17060 17061 17107 
47657 17068 17067 17059 17107 
47658 17091 17090 17081 17108 
47659 17091 17078 17077 17108 
47660 17091 17078 574 573 
47661 17079 17066 17067 17107 
47662 17077 17049 17057 17107 
47663 17082 17081 17070 17108 
47664 17079 17057 17066 17107 
47665 17082 17070 17069 17108 
47666 574 17091 890 17090 
47667 17085 17102 17084 17103 
47668 17094 17100 17093 17101 
47669 17093 17100 17092 17101 
47670 17090 574 17081 572 
47671 17062 17050 17052 17098 
47672 17086 17075 17080 17102 
47673 17076 17102 17075 17103 
47674 17048 17047 17036 17105 
47675 17083 17075 17102 17103 
47676 17053 17052 17040 17104 
47677 17085 17074 17083 17103 
47678 17087 17086 17100 17102 
47679 17089 17100 17088 17102 
47680 17096 17100 17095 17101 
47681 17084 17072 17073 17103 
47682 17075 17071 17065 17103 
47683 17087 17085 17083 17102 
47684 17024 17093 17092 17101 
47685 17086 17083 17075 17102 
47686 17089 17084 17085 17102 
47687 17089 17085 17087 17102 
47688 17023 17092 17096 17101 
47689 17095 17088 17094 17100 
47690 891 17096 17095 17101 
47691 17023 17096 891 17101 
47692 17023 17024 17092 17101 
47693 17094 17088 17089 17100 
47694 17078 574 17081 17091 
47695 17066 17057 17056 17106 
47696 10548 574 17082 573 
47697 10548 574 17081 17082 
47698 572 574 17081 10548 
47699 17091 17081 17078 17108 
47700 17082 17077 17078 17108 
47701 574 573 890 17091 
47702 17096 17086 17080 17100 
47703 17093 17087 17092 17100 
47704 17023 891 17024 17101 
47705 17096 17092 17086 17100 
47706 891 17095 17026 17101 
47707 17025 17094 17093 17101 
47708 17095 17080 17088 17100 
47709 17026 17094 17025 17101 
47710 17093 17089 17087 17100 
47711 17025 17093 17024 17101 
47712 17043 17042 17030 17104 
47713 17088 17076 17084 17102 
47714 17069 17068 17107 17108 
47715 17091 574 17081 17090 
47716 17068 17059 17060 17107 
47717 574 890 572 17090 
47718 17081 17068 17070 17108 
47719 17091 17077 17079 17108 
47720 17034 17033 17031 17097 
47721 17085 17073 17074 17103 
47722 17036 17027 17032 17097 
47723 17034 17031 17029 17097 
47724 17094 17089 17093 17100 
47725 17039 17034 17037 17029 
47726 891 17026 17024 17101 
47727 17096 17080 17095 17100 
47728 17026 17025 17024 17101 
47729 17036 17097 17032 17105 
47730 17095 17100 17094 17101 
47731 17036 17035 17028 17097 
47732 17044 17031 17033 17097 
47733 17034 17029 17028 17097 
47734 17026 17095 17094 17101 
47735 17036 17035 17097 17105 
47736 17086 17080 17100 17102 
47737 17134 17125 17187 17188 
47738 17131 17120 17121 17188 
47739 17133 17132 17122 17188 
47740 17177 17176 17189 17190 
47741 17112 17183 17182 17191 
47742 892 17185 17184 17191 
47743 17185 17189 17184 17191 
47744 17111 17182 17181 17191 
47745 17113 17184 17183 17191 
47746 17110 892 17113 17191 
47747 17150 17137 17138 17192 
47748 17152 17151 17192 17193 
47749 17163 17162 17193 17194 
47750 17174 17163 17164 17194 
47751 17166 17164 17154 17194 
47752 17123 17114 17117 17195 
47753 17123 17188 17122 17195 
47754 17116 17115 17195 17196 
47755 17123 17122 17114 17195 
47756 17121 17115 17119 17195 
47757 17132 17131 17121 17188 
47758 17132 17121 17122 17188 
47759 17127 17126 17115 17196 
47760 17134 17133 17123 17188 
47761 17128 17127 17116 17196 
47762 17134 17124 17125 17188 
47763 17143 17131 17132 17187 
47764 17129 17117 17114 17196 
47765 17127 17115 17116 17196 
47766 17122 17118 17114 17195 
47767 17138 17137 17126 17197 
47768 17137 17130 17126 17197 
47769 17141 17137 17192 17197 
47770 17140 17139 17128 17197 
47771 17140 17128 17129 17197 
47772 17133 17122 17123 17188 
47773 17127 17126 17196 17197 
47774 17121 17188 17120 17195 
47775 17122 17188 17121 17195 
47776 17136 17125 17131 17187 
47777 17139 17138 17127 17197 
47778 17144 17143 17132 17187 
47779 17129 17128 17196 17197 
47780 17141 17129 17130 17197 
47781 17144 17132 17133 17187 
47782 17129 17128 17117 17196 
47783 17122 17121 17119 17195 
47784 17134 17123 17124 17188 
47785 17146 17187 17135 17198 
47786 17136 17135 17125 17187 
47787 17146 17144 17133 17187 
47788 17128 17116 17117 17196 
47789 17131 17125 17120 17188 
47790 17149 17148 17198 17199 
47791 17158 17198 17148 17199 
47792 17144 17143 17187 17198 
47793 17151 17150 17138 17192 
47794 17141 17130 17137 17197 
47795 17152 17139 17140 17192 
47796 17141 17140 17129 17197 
47797 17141 17192 17140 17197 
47798 17124 17120 17188 17195 
47799 17117 17195 17114 17196 
47800 17178 17189 17175 17190 
47801 17131 17187 17125 17188 
47802 17135 17134 17125 17187 
47803 17153 17152 17140 17192 
47804 17130 17129 17196 17197 
47805 17146 17133 17134 17187 
47806 17151 17138 17139 17192 
47807 17150 17142 17192 17193 
47808 17153 17192 17142 17193 
47809 17155 17142 17150 17193 
47810 17146 17144 17187 17198 
47811 17145 17143 17144 17198 
47812 17156 17147 17198 17199 
47813 17158 17145 17198 17199 
47814 17159 17147 17157 17199 
47815 17156 17143 17145 17198 
47816 17156 17147 17143 17198 
47817 17128 17127 17196 17197 
47818 17143 17136 17187 17198 
47819 17153 17140 17141 17192 
47820 17130 17129 17118 17196 
47821 17149 17135 17136 17198 
47822 17139 17127 17128 17197 
47823 17147 17136 17143 17198 
47824 17158 17145 17144 17198 
47825 17136 17135 17187 17198 
47826 17159 17149 17147 17199 
47827 17132 17187 17131 17188 
47828 17170 17145 17158 17199 
47829 17149 17136 17147 17198 
47830 17160 17148 17149 17199 
47831 17149 17198 17147 17199 
47832 17170 17158 17168 17199 
47833 17160 17149 17159 17199 
47834 17156 17198 17145 17199 
47835 17168 17160 17159 17199 
47836 17158 17144 17146 17198 
47837 17138 17192 17137 17197 
47838 17149 17148 17135 17198 
47839 17170 17156 17145 17199 
47840 17168 17159 17157 17199 
47841 17168 17160 17161 17159 
47842 17154 17153 17142 17193 
47843 17162 17150 17151 17193 
47844 17146 17134 17135 17187 
47845 17152 17151 17139 17192 
47846 17133 17187 17132 17188 
47847 17148 17146 17135 17198 
47848 17140 17192 17139 17197 
47849 17168 17148 17160 17199 
47850 17163 17162 17151 17193 
47851 17143 17136 17131 17187 
47852 17164 17163 17152 17193 
47853 17167 17190 17165 17194 
47854 17174 17164 17166 17194 
47855 17117 17116 17195 17196 
47856 17164 17152 17153 17193 
47857 17112 17182 17111 17191 
47858 17166 17154 17165 17194 
47859 17150 17142 17137 17192 
47860 17162 17155 17150 17193 
47861 17155 17154 17142 17193 
47862 17166 17165 17190 17194 
47863 17173 17167 17162 17194 
47864 17175 17165 17167 17190 
47865 17151 17150 17192 17193 
47866 17186 17168 17171 17157 
47867 17153 17152 17192 17193 
47868 17124 17116 17120 17195 
47869 17157 17147 17156 17199 
47870 17172 17161 17168 17160 
47871 17180 17169 17172 17168 
47872 17159 17168 17171 17161 
47873 17172 17168 17171 17186 
47874 17161 17168 17171 17172 
47875 17170 17168 17157 17199 
47876 17130 17118 17119 17196 
47877 17186 17180 17172 17168 
47878 17180 10547 17172 569 
47879 17171 10547 17172 17186 
47880 17155 17154 17193 17194 
47881 17174 17190 17173 17194 
47882 17176 17175 17189 17190 
47883 17176 17165 17175 17190 
47884 17174 17166 17190 17194 
47885 17173 17190 17167 17194 
47886 17164 17193 17154 17194 
47887 17118 17114 17195 17196 
47888 17124 17123 17117 17195 
47889 17186 17170 17168 17157 
47890 17129 17114 17118 17196 
47891 17170 17157 17156 17199 
47892 17158 17146 17148 17198 
47893 570 10547 17172 17171 
47894 17186 10547 17172 17180 
47895 571 17186 10547 17171 
47896 17164 17163 17193 17194 
47897 17163 17151 17152 17193 
47898 17179 17173 17174 17190 
47899 17162 17155 17193 17194 
47900 17177 17166 17176 17190 
47901 17178 17175 17167 17190 
47902 17167 17165 17155 17194 
47903 17181 17175 17178 17189 
47904 17134 17187 17133 17188 
47905 17179 17174 17177 17190 
47906 17179 17189 17178 17190 
47907 17182 17176 17175 17189 
47908 17177 17174 17166 17190 
47909 17176 17166 17165 17190 
47910 17178 17167 17173 17190 
47911 17183 17177 17176 17189 
47912 17179 17178 17173 17190 
47913 17164 17153 17154 17193 
47914 17183 17176 17182 17189 
47915 892 17184 17113 17191 
47916 17165 17154 17155 17194 
47917 17182 17175 17181 17189 
47918 17184 17179 17177 17189 
47919 17185 17179 17184 17189 
47920 17184 17189 17183 17191 
47921 17185 17181 17178 17189 
47922 17110 17181 17185 17191 
47923 17185 17181 17189 17191 
47924 17110 17112 17111 17191 
47925 17110 17111 17181 17191 
47926 17110 17113 17112 17191 
47927 17186 17170 17180 17168 
47928 10547 17109 569 17180 
47929 17138 17126 17127 17197 
47930 569 10547 17172 570 
47931 17157 17168 17171 17159 
47932 17184 17177 17183 17189 
47933 17182 17189 17181 17191 
47934 17185 17178 17179 17189 
47935 17179 17177 17189 17190 
47936 17130 17196 17126 17197 
47937 17110 17185 892 17191 
47938 17113 17183 17112 17191 
47939 17167 17155 17162 17194 
47940 17174 17173 17163 17194 
47941 17183 17189 17182 17191 
47942 17153 17141 17142 17192 
47943 17139 17192 17138 17197 
47944 571 17109 10547 17186 
47945 569 17172 17180 17169 
47946 17168 17158 17148 17199 
47947 17173 17162 17163 17194 
47948 570 571 10547 17171 
47949 10547 17186 17109 17180 
47950 17124 17188 17123 17195 
47951 17142 17141 17137 17192 
47952 17125 17124 17120 17188 
47953 17130 17119 17126 17196 
47954 17122 17119 17118 17195 
47955 17126 17119 17115 17196 
47956 17119 17118 17195 17196 
47957 17121 17120 17115 17195 
47958 570 17171 17172 17161 
47959 17124 17117 17116 17195 
47960 17120 17116 17115 17195 
47961 17119 17195 17115 17196 
47962 17220 17218 17205 17276 
47963 17212 17211 17210 17277 
47964 17213 17212 17209 17277 
47965 17211 17207 17206 17205 
47966 17222 17207 17208 17276 
47967 17207 17206 17205 17276 
47968 17221 17206 17207 17276 
47969 17211 17210 17207 17205 
47970 17210 17208 17207 17205 
47971 17216 17215 17209 17277 
47972 17220 17205 17206 17276 
47973 17236 17230 17277 17278 
47974 17224 17216 17210 17277 
47975 17217 17205 17208 17209 
47976 17229 17228 17277 17278 
47977 17215 17214 17213 17277 
47978 17208 17207 17205 17276 
47979 17213 17212 17205 17209 
47980 17226 17213 17214 17277 
47981 17230 17229 17277 17278 
47982 17223 17222 17208 17276 
47983 17237 17226 17227 17278 
47984 17222 17221 17207 17276 
47985 17237 17236 17225 17277 
47986 17231 17219 17223 17217 
47987 17223 17208 17217 17276 
47988 17210 17208 17205 17209 
47989 17232 17220 17219 17218 
47990 17221 17220 17206 17276 
47991 17217 17208 17205 17276 
47992 17225 17211 17212 17277 
47993 17220 17219 17218 17276 
47994 17212 17210 17205 17209 
47995 17235 17223 17231 17222 
47996 17228 17214 17215 17277 
47997 17258 17257 17247 17279 
47998 17231 17222 17223 17219 
47999 17234 17221 17219 17233 
48000 10653 17264 580 17263 
48001 17237 17236 17277 17278 
48002 17215 17213 17209 17277 
48003 17216 17209 17210 17277 
48004 17203 17273 17202 17280 
48005 17229 17215 17216 17277 
48006 17223 17217 17219 17276 
48007 17218 17205 17217 17204 
48008 17229 17228 17215 17277 
48009 17233 17232 17220 17219 
48010 17239 17238 17227 17278 
48011 17230 17216 17224 17277 
48012 17249 17236 17237 17278 
48013 17242 17230 17236 17278 
48014 17220 17221 17219 17276 
48015 17222 17221 17219 17234 
48016 17228 17214 17277 17278 
48017 17227 17226 17214 17278 
48018 17224 17210 17211 17277 
48019 17240 17238 17239 17278 
48020 17241 17238 17240 17278 
48021 17240 17239 17228 17278 
48022 17237 17277 17226 17278 
48023 10653 17264 17263 17253 
48024 17212 17210 17209 17277 
48025 17219 17217 17218 17276 
48026 17238 17261 17241 17240 
48027 17212 17210 17211 17205 
48028 17218 17217 17205 17276 
48029 17241 17240 17229 17278 
48030 17201 17272 17271 17280 
48031 17225 17224 17211 17277 
48032 17242 17241 17230 17278 
48033 17222 17234 17219 17231 
48034 17245 17231 17219 17281 
48035 17261 17239 17240 17238 
48036 17235 17234 17231 17281 
48037 17226 17277 17214 17278 
48038 17246 17279 17245 17281 
48039 17237 17225 17226 17277 
48040 17276 17221 17219 17222 
48041 17245 17279 17244 17281 
48042 17247 17246 17233 17281 
48043 17223 17219 17222 17276 
48044 17245 17219 17232 17281 
48045 17235 17231 17234 17222 
48046 17213 17205 17204 17209 
48047 17226 17212 17213 17277 
48048 17257 17246 17247 17279 
48049 17247 17233 17234 17281 
48050 17236 17230 17224 17277 
48051 17281 17234 17219 17233 
48052 17258 17247 17248 17279 
48053 17240 17228 17229 17278 
48054 17248 17234 17235 17281 
48055 17212 17211 17206 17205 
48056 17238 17237 17227 17278 
48057 17249 17242 17236 17278 
48058 17249 17241 17242 17278 
48059 17239 17227 17228 17278 
48060 17245 17244 17231 17281 
48061 17255 17248 17244 17279 
48062 17254 17244 17245 17279 
48063 17230 17229 17216 17277 
48064 17249 17238 17241 17278 
48065 17242 17261 17241 17249 
48066 17248 17244 17279 17281 
48067 17246 17232 17233 17281 
48068 17249 17261 17241 17238 
48069 17241 17229 17230 17278 
48070 17246 17245 17232 17281 
48071 17236 17224 17225 17277 
48072 17257 17256 17246 17279 
48073 17248 17247 17234 17281 
48074 17256 17254 17245 17279 
48075 17217 17204 17205 17209 
48076 17252 17261 17241 17242 
48077 17244 17235 17231 17281 
48078 17261 17243 17252 17282 
48079 17249 17237 17238 17278 
48080 17253 17251 17252 17282 
48081 17261 17252 17243 17242 
48082 17264 17243 17250 17282 
48083 17247 17279 17246 17281 
48084 17240 17261 17241 17251 
48085 17264 17253 17252 17282 
48086 17261 17250 17249 17242 
48087 17261 17259 17240 17239 
48088 17251 17261 17241 17252 
48089 17262 17254 17256 17283 
48090 17257 17256 17279 17283 
48091 17265 17254 17262 17283 
48092 17226 17225 17212 17277 
48093 17255 17279 17254 17283 
48094 17267 17262 17256 17283 
48095 17268 17267 17257 17283 
48096 17258 17248 17255 17279 
48097 17265 17255 17254 17283 
48098 17248 17235 17244 17281 
48099 17261 17251 17259 17282 
48100 894 17275 17274 17280 
48101 17270 17264 17250 17282 
48102 17261 17243 17250 17242 
48103 17267 17262 17283 17284 
48104 17269 17261 17259 17282 
48105 17264 17260 17263 17282 
48106 17255 17244 17254 17279 
48107 17261 17250 17243 17282 
48108 17231 17234 17219 17281 
48109 17264 17263 17253 17282 
48110 17270 17261 17269 17282 
48111 17264 580 17260 17269 
48112 17270 17264 580 579 
48113 17266 17255 17265 17283 
48114 17269 17264 580 17270 
48115 17270 17269 17264 17282 
48116 578 580 17260 17263 
48117 17261 17252 17251 17282 
48118 17263 17259 17251 17282 
48119 17256 17245 17246 17279 
48120 17263 17260 17259 17282 
48121 17268 17267 17283 17284 
48122 17273 17272 17280 17284 
48123 17258 17257 17279 17283 
48124 17272 17265 17271 17284 
48125 17268 17283 17266 17284 
48126 17266 17258 17255 17283 
48127 17272 17266 17265 17284 
48128 17275 17262 17267 17284 
48129 17270 17250 17261 17282 
48130 17273 17268 17266 17284 
48131 17274 17267 17268 17284 
48132 17256 17254 17279 17283 
48133 17233 17221 17219 17220 
48134 17274 17268 17273 17284 
48135 17273 17266 17272 17284 
48136 17248 17279 17247 17281 
48137 17263 17251 17253 17282 
48138 17263 580 17260 17264 
48139 17269 17260 17264 17282 
48140 17269 580 17260 578 
48141 580 893 578 17269 
48142 580 579 893 17270 
48143 17266 17283 17265 17284 
48144 17265 17283 17262 17284 
48145 17264 17252 17243 17282 
48146 17215 17213 17204 17209 
48147 17274 17273 17280 17284 
48148 17202 17273 17272 17280 
48149 17275 17280 17271 17284 
48150 17268 17258 17266 17283 
48151 17275 17267 17274 17284 
48152 17275 17271 17262 17284 
48153 894 17203 17202 17280 
48154 17275 17274 17280 17284 
48155 17258 17279 17255 17283 
48156 17200 894 17202 17280 
48157 894 17274 17203 17280 
48158 17200 17271 17275 17280 
48159 17200 17202 17201 17280 
48160 17228 17227 17214 17278 
48161 17272 17271 17280 17284 
48162 17200 17275 894 17280 
48163 17267 17256 17257 17283 
48164 17200 17201 17271 17280 
48165 17268 17257 17258 17283 
48166 17271 17265 17262 17284 
48167 17203 17274 17273 17280 
48168 17202 17272 17201 17280 
48169 17269 17259 17260 17282 
48170 578 580 17263 10653 
48171 579 17264 580 10653 
48172 580 17270 893 17269 
48173 17261 17259 17251 17240 
48174 17233 17232 17219 17281 
48175 576 575 17297 17298 
48176 575 17285 17297 17298 
48177 577 17297 17285 17298 
48178 576 17297 577 17298 
48179 17289 17292 17290 17299 
48180 17294 17295 17296 17299 
48181 17289 17296 17295 17299 
48182 17289 17295 17293 17299 
48183 17288 17287 17286 17300 
48184 17287 17296 17300 17301 
48185 17294 17296 17287 17301 
48186 17290 17288 895 17286 
48187 17290 17288 17286 17300 
48188 17290 17286 17296 17300 
48189 10652 17285 575 17298 
48190 576 575 17291 17297 
48191 577 17285 10652 17298 
48192 576 17295 577 17297 
48193 17291 17294 17292 17299 
48194 17290 17288 17300 17301 
48195 17292 17287 17288 17301 
48196 17290 17292 17294 17299 
48197 17287 17296 17286 17300 
48198 17290 17300 17296 17301 
48199 17290 17292 17288 17301 
48200 577 17295 17293 17297 
48201 575 17293 17291 17297 
48202 17289 17291 17292 17299 
48203 575 17285 17293 17297 
48204 576 17291 17289 17297 
48205 576 10652 575 17298 
48206 17288 17287 17300 17301 
48207 576 577 10652 17298 
48208 17289 17291 17293 17297 
48209 577 17293 17285 17297 
48210 17290 17294 17292 17301 
48211 17291 17293 17294 17299 
48212 17289 17293 17291 17299 
48213 17290 17296 17294 17301 
48214 17290 17294 17296 17299 
48215 17292 17294 17287 17301 
48216 17289 17293 17295 17297 
48217 17293 17295 17294 17299 
48218 576 17289 17295 17297 
48219 17289 17290 17296 17299 
48220 896 17371 17370 17377 
48221 585 17371 896 17377 
48222 17374 17367 17366 17378 
48223 17374 17378 17373 17379 
48224 17376 17368 17369 17378 
48225 17376 17378 17375 17379 
48226 17347 17333 17334 17380 
48227 17335 17331 17380 17381 
48228 17355 17344 17345 17382 
48229 17348 17380 17344 17382 
48230 17302 17303 17372 17379 
48231 897 17375 17305 17379 
48232 17302 897 17305 17379 
48233 17362 17350 17351 17383 
48234 17353 17352 17342 17383 
48235 586 896 584 17370 
48236 17318 17317 17312 17384 
48237 17314 17313 17312 17384 
48238 17323 17381 17322 17385 
48239 17371 17364 17354 17377 
48240 17326 17325 17314 17384 
48241 17327 17326 17315 17384 
48242 17326 17314 17315 17384 
48243 17323 17310 17311 17385 
48244 17328 17327 17316 17384 
48245 17321 17308 17309 17385 
48246 17324 17318 17312 17384 
48247 17308 17317 17307 17316 
48248 17319 17311 17307 17385 
48249 17310 17309 17308 17385 
48250 17328 17317 17318 17384 
48251 17329 17328 17318 17386 
48252 17314 17308 17312 17306 
48253 17328 17316 17317 17384 
48254 17322 17309 17310 17385 
48255 17384 17314 17315 17316 
48256 10752 17364 585 17377 
48257 17335 17323 17331 17381 
48258 17310 17308 17309 17306 
48259 17311 17308 17307 17385 
48260 17331 17323 17319 17381 
48261 17335 17322 17323 17381 
48262 17338 17337 17326 17386 
48263 17325 17313 17314 17384 
48264 17324 17312 17313 17384 
48265 17332 17331 17319 17381 
48266 17322 17321 17309 17385 
48267 17336 17330 17386 17387 
48268 17384 17317 17314 17316 
48269 17334 17333 17321 17381 
48270 17323 17319 17381 17385 
48271 17330 17318 17324 17386 
48272 17340 17328 17329 17386 
48273 17321 17381 17320 17385 
48274 17311 17310 17308 17385 
48275 17342 17329 17330 17387 
48276 17332 17319 17320 17381 
48277 17367 17359 17356 17388 
48278 17343 17330 17336 17387 
48279 17312 17384 17317 17314 
48280 17334 17380 17333 17381 
48281 17344 17335 17331 17380 
48282 17346 17345 17332 17380 
48283 17346 17332 17333 17380 
48284 17335 17380 17334 17381 
48285 17316 17314 17315 17308 
48286 17320 17381 17319 17385 
48287 17333 17320 17321 17381 
48288 17338 17326 17327 17386 
48289 17327 17315 17316 17384 
48290 17345 17344 17380 17382 
48291 17340 17338 17327 17386 
48292 17333 17380 17332 17381 
48293 17330 17329 17318 17386 
48294 17349 17336 17337 17387 
48295 17324 17318 17384 17386 
48296 17312 17308 17311 17306 
48297 17346 17345 17380 17382 
48298 17337 17336 17386 17387 
48299 17336 17330 17324 17386 
48300 17348 17334 17335 17380 
48301 17338 17337 17386 17387 
48302 17325 17324 17384 17386 
48303 17349 17343 17336 17387 
48304 17335 17334 17322 17381 
48305 17340 17386 17329 17387 
48306 17350 17339 17338 17387 
48307 17347 17346 17333 17380 
48308 17362 17339 17350 17383 
48309 17348 17347 17334 17380 
48310 17350 17338 17340 17387 
48311 17322 17381 17321 17385 
48312 17336 17324 17325 17386 
48313 17342 17383 17341 17387 
48314 17360 17352 17353 17383 
48315 17349 17383 17343 17387 
48316 17352 17341 17342 17383 
48317 17362 17349 17339 17383 
48318 17343 17383 17342 17387 
48319 17351 17350 17341 17383 
48320 17337 17336 17325 17386 
48321 17314 17317 17308 17316 
48322 17352 17351 17341 17383 
48323 17350 17383 17339 17387 
48324 17360 17343 17349 17383 
48325 17349 17339 17383 17387 
48326 17360 17354 17353 17352 
48327 17360 17354 17352 17351 
48328 17362 17360 17349 17383 
48329 17349 17337 17339 17387 
48330 17360 17351 17352 17383 
48331 17362 17351 17360 17383 
48332 17345 17344 17331 17380 
48333 17358 17346 17347 17382 
48334 17357 17355 17345 17382 
48335 17359 17358 17382 17388 
48336 17348 17347 17380 17382 
48337 17345 17331 17332 17380 
48338 17359 17382 17356 17388 
48339 17368 17357 17358 17388 
48340 17340 17327 17328 17386 
48341 17368 17365 17357 17388 
48342 17333 17332 17320 17381 
48343 17357 17345 17346 17382 
48344 17356 17382 17355 17388 
48345 17326 17325 17384 17386 
48346 17366 17356 17355 17388 
48347 17365 17355 17357 17388 
48348 17359 17358 17347 17382 
48349 17356 17348 17344 17382 
48350 17347 17346 17380 17382 
48351 17358 17357 17346 17382 
48352 17325 17324 17313 17384 
48353 17348 17335 17344 17380 
48354 17359 17347 17348 17382 
48355 17366 17365 17378 17388 
48356 17359 17348 17356 17382 
48357 17369 17368 17358 17388 
48358 17366 17355 17365 17388 
48359 17337 17325 17326 17386 
48360 17328 17384 17318 17386 
48361 17334 17321 17322 17381 
48362 17370 17354 17360 17351 
48363 17350 17340 17341 17387 
48364 17311 17308 17310 17306 
48365 17330 17329 17386 17387 
48366 17371 17354 17370 17377 
48367 17370 17360 17362 17351 
48368 17360 17353 17343 17383 
48369 17363 17352 17354 17351 
48370 17342 17341 17329 17387 
48371 17371 17364 17360 17354 
48372 10752 17354 17364 17377 
48373 17371 17362 17370 17360 
48374 17370 17363 17354 17351 
48375 17350 17341 17383 17387 
48376 17343 17342 17330 17387 
48377 17371 17360 17370 17354 
48378 585 17371 17364 17361 
48379 10752 17363 17354 17377 
48380 17307 17311 17317 17308 
48381 17377 585 17371 17364 
48382 17328 17327 17384 17386 
48383 17304 17374 17373 17379 
48384 17377 586 17363 17370 
48385 17364 17360 17354 17353 
48386 17370 586 17363 584 
48387 586 896 17370 17377 
48388 17373 17365 17372 17378 
48389 17369 17359 17367 17388 
48390 17369 17378 17368 17388 
48391 17368 17378 17365 17388 
48392 17375 17369 17367 17378 
48393 17375 17367 17374 17378 
48394 17303 17373 17372 17379 
48395 17374 17366 17373 17378 
48396 17367 17366 17378 17388 
48397 17339 17337 17338 17387 
48398 17357 17355 17382 17388 
48399 17372 17365 17368 17378 
48400 17358 17357 17382 17388 
48401 17356 17344 17355 17382 
48402 17375 17378 17374 17379 
48403 17376 17369 17375 17378 
48404 17371 17364 17361 17360 
48405 586 10752 585 17377 
48406 10752 586 17363 17377 
48407 17370 17354 17363 17377 
48408 584 586 17363 10752 
48409 17320 17307 17308 17385 
48410 586 585 896 17377 
48411 17376 17372 17368 17378 
48412 17304 17373 17303 17379 
48413 17341 17340 17329 17387 
48414 17373 17378 17372 17379 
48415 17373 17366 17365 17378 
48416 17302 17304 17303 17379 
48417 17327 17326 17384 17386 
48418 17305 17374 17304 17379 
48419 17302 17372 17376 17379 
48420 17320 17319 17307 17385 
48421 897 17376 17375 17379 
48422 17302 17376 897 17379 
48423 17302 17305 17304 17379 
48424 17376 17372 17378 17379 
48425 17353 17342 17343 17383 
48426 17367 17356 17366 17388 
48427 17340 17338 17386 17387 
48428 17314 17312 17313 17306 
48429 17312 17311 17310 17306 
48430 17323 17311 17319 17385 
48431 17323 17322 17310 17385 
48432 17332 17380 17331 17381 
48433 17369 17367 17378 17388 
48434 17311 17317 17308 17312 
48435 17305 17375 17374 17379 
48436 17312 17314 17317 17308 
48437 17369 17358 17359 17388 
48438 17321 17320 17308 17385 
48439 898 17465 17464 17466 
48440 17390 898 17393 17466 
48441 17403 17401 17402 17467 
48442 17402 17397 17394 17467 
48443 17408 17403 17394 17467 
48444 17448 17447 17441 17468 
48445 17409 17400 17408 17399 
48446 17403 17414 17396 17415 
48447 17410 17400 17409 17399 
48448 17408 17397 17399 17467 
48449 17411 17400 17412 17469 
48450 17409 17408 17398 17397 
48451 17408 17394 17397 17467 
48452 17408 17412 17400 17469 
48453 17421 17420 17408 17469 
48454 17411 17410 17400 17469 
48455 17403 17396 17401 17467 
48456 17420 17412 17408 17469 
48457 17414 17406 17407 17401 
48458 17415 17403 17404 17396 
48459 17402 17401 17397 17467 
48460 17415 17404 17405 17396 
48461 17449 17440 17432 17443 
48462 17396 17406 17405 17415 
48463 17406 17416 17428 17417 
48464 17415 17416 17428 17406 
48465 17422 17420 17469 17470 
48466 17403 17402 17394 17467 
48467 17417 17405 17406 17416 
48468 17414 17428 17407 17406 
48469 17401 17414 17396 17403 
48470 17401 17396 17399 17467 
48471 17408 17404 17403 17467 
48472 17409 17398 17408 17469 
48473 17425 17424 17410 17469 
48474 17414 17413 17402 17401 
48475 17406 17414 17396 17401 
48476 17406 17428 17407 17417 
48477 17424 17423 17469 17470 
48478 17409 17408 17400 17469 
48479 17399 17396 17395 17467 
48480 17393 17464 17463 17466 
48481 17427 17413 17414 17407 
48482 17410 17409 17400 17469 
48483 17427 17428 17407 17414 
48484 17408 17400 17412 17395 
48485 17419 17417 17418 17407 
48486 17404 17396 17403 17467 
48487 17459 17453 17452 17471 
48488 17428 17414 17415 17406 
48489 17414 17407 17413 17401 
48490 17432 17418 17419 17417 
48491 17406 17414 17415 17396 
48492 17449 17432 17439 17430 
48493 17417 17432 17430 17419 
48494 17440 17444 17443 17460 
48495 17450 17432 17449 17430 
48496 17390 17462 17465 17466 
48497 17429 17427 17428 17417 
48498 17408 17399 17395 17467 
48499 17419 17432 17430 17439 
48500 17433 17419 17432 17418 
48501 17429 17417 17428 17416 
48502 17401 17399 17397 17467 
48503 17426 17411 17420 17469 
48504 17425 17424 17469 17470 
48505 17423 17421 17398 17469 
48506 17460 17444 17443 17461 
48507 17423 17422 17469 17470 
48508 17424 17409 17410 17469 
48509 17434 17426 17420 17470 
48510 17435 17422 17423 17470 
48511 17435 17423 17422 17421 
48512 17420 17411 17412 17469 
48513 17423 17422 17421 17469 
48514 17421 17408 17398 17469 
48515 17422 17420 17421 17469 
48516 17441 17422 17435 17470 
48517 17436 17423 17424 17470 
48518 17446 17441 17435 17470 
48519 17414 17402 17403 17401 
48520 17437 17436 17424 17470 
48521 17417 17428 17407 17427 
48522 17427 17419 17429 17439 
48523 17427 17419 17413 17407 
48524 17416 17405 17406 17415 
48525 17439 17440 17432 17449 
48526 17425 17410 17411 17469 
48527 17438 17426 17434 17470 
48528 17448 17447 17437 17470 
48529 17445 17434 17441 17470 
48530 17434 17420 17422 17470 
48531 17426 17469 17420 17470 
48532 17418 17407 17417 17406 
48533 17438 17425 17426 17470 
48534 17404 17395 17396 17467 
48535 17446 17435 17436 17470 
48536 17447 17446 17436 17470 
48537 17419 17439 17431 17433 
48538 17426 17425 17411 17469 
48539 17439 17432 17433 17419 
48540 17419 17431 17439 17427 
48541 17409 17399 17408 17397 
48542 17461 17460 17449 17443 
48543 17427 17417 17419 17407 
48544 17447 17441 17446 17470 
48545 17437 17424 17425 17470 
48546 17408 17398 17397 17394 
48547 17443 17442 17440 17433 
48548 583 17454 17472 582 
48549 17444 17443 17442 17440 
48550 17430 17419 17429 17417 
48551 17433 17439 17431 17440 
48552 17450 17443 17449 17432 
48553 17440 17432 17433 17439 
48554 17448 17441 17447 17470 
48555 17439 17428 17429 17427 
48556 17436 17435 17423 17470 
48557 17448 17438 17445 17470 
48558 17452 17441 17446 17468 
48559 17445 17438 17434 17470 
48560 17448 17441 17445 17468 
48561 17439 17419 17429 17430 
48562 17441 17434 17422 17470 
48563 17447 17446 17441 17468 
48564 17423 17398 17409 17469 
48565 17448 17445 17441 17470 
48566 17456 17468 17453 17471 
48567 17443 17440 17432 17433 
48568 17430 17417 17429 17416 
48569 17449 17430 17439 17429 
48570 17426 17425 17469 17470 
48571 17458 17447 17448 17468 
48572 17457 17446 17447 17468 
48573 17457 17452 17468 17471 
48574 17408 17395 17404 17467 
48575 17424 17423 17409 17469 
48576 17417 17419 17429 17427 
48577 17449 17461 17443 17450 
48578 17455 17461 17443 17444 
48579 581 10751 17472 582 
48580 17472 581 17455 17461 
48581 17460 17444 17454 17440 
48582 17453 17445 17441 17468 
48583 17390 17465 898 17466 
48584 17438 17437 17425 17470 
48585 17448 17437 17438 17470 
48586 17443 17460 17449 17440 
48587 17472 583 10751 17460 
48588 17461 10751 17472 581 
48589 10751 17389 17461 17460 
48590 17456 17445 17453 17468 
48591 582 581 17455 17472 
48592 17460 10751 17472 17461 
48593 17461 17451 17455 17450 
48594 17442 17440 17433 17431 
48595 581 17455 17461 17451 
48596 582 583 10751 17472 
48597 17463 17453 17459 17471 
48598 17453 17468 17452 17471 
48599 17462 17452 17457 17471 
48600 17458 17448 17456 17468 
48601 17458 17468 17456 17471 
48602 17463 17456 17453 17471 
48603 17460 17454 17472 583 
48604 17458 17457 17447 17468 
48605 17408 17399 17400 17395 
48606 17464 17458 17456 17471 
48607 17457 17452 17446 17468 
48608 17462 17459 17452 17471 
48609 17465 17462 17457 17471 
48610 17454 17444 17442 17440 
48611 17453 17441 17452 17468 
48612 17447 17436 17437 17470 
48613 17458 17457 17468 17471 
48614 17450 17461 17443 17455 
48615 17392 17463 17459 17466 
48616 17465 17464 17466 17471 
48617 17393 17463 17392 17466 
48618 17392 17459 17391 17466 
48619 17391 17459 17462 17466 
48620 898 17464 17393 17466 
48621 17463 17459 17466 17471 
48622 17390 17391 17462 17466 
48623 17456 17448 17445 17468 
48624 583 17389 10751 17460 
48625 10751 17389 581 17461 
48626 17465 17466 17462 17471 
48627 17464 17463 17466 17471 
48628 17390 17393 17392 17466 
48629 17464 17456 17463 17471 
48630 17390 17392 17391 17466 
48631 17465 17458 17464 17471 
48632 17462 17466 17459 17471 
48633 17465 17457 17458 17471 
48634 17461 17472 17444 17455 
48635 17455 17472 17444 582 
48636 582 17472 17444 17454 
48637 17454 17472 17444 17460 
48638 17460 17472 17444 17461 
48639 17476 17546 17475 17549 
48640 17474 17545 17544 17549 
48641 17475 17546 17545 17549 
48642 17544 17539 17538 17550 
48643 17546 17545 17549 17550 
48644 17545 17541 17539 17550 
48645 17496 17483 17484 17551 
48646 17500 17490 17491 17489 
48647 17498 17489 17491 17487 
48648 17491 17487 17489 17477 
48649 17489 17487 17478 17477 
48650 17484 17483 17482 17551 
48651 17482 17480 17479 17551 
48652 17501 17491 17500 17490 
48653 17500 17489 17488 17478 
48654 17484 17482 17479 17551 
48655 17491 17486 17487 17477 
48656 17503 17501 17502 17491 
48657 17494 17481 17551 17552 
48658 17489 17478 17484 17477 
48659 17484 17485 17479 17478 
48660 17489 17487 17488 17478 
48661 17492 17485 17479 17551 
48662 17496 17495 17483 17551 
48663 17494 17480 17482 17551 
48664 17487 17482 17479 17477 
48665 17498 17487 17491 17486 
48666 17497 17485 17492 17551 
48667 17509 17508 17552 17553 
48668 17521 17509 17510 17553 
48669 17484 17482 17483 17477 
48670 17495 17494 17482 17551 
48671 17506 17481 17494 17552 
48672 17495 17482 17483 17551 
48673 17497 17551 17492 17552 
48674 17484 17479 17485 17551 
48675 17508 17506 17494 17552 
48676 17484 17478 17479 17477 
48677 17510 17552 17504 17553 
48678 17510 17497 17504 17552 
48679 17506 17492 17481 17552 
48680 17496 17495 17551 17552 
48681 17521 17510 17518 17553 
48682 17518 17510 17504 17553 
48683 17503 17498 17491 17486 
48684 17501 17498 17500 17491 
48685 17510 17509 17496 17552 
48686 17520 17508 17509 17553 
48687 17514 17501 17502 17499 
48688 17511 17499 17503 17498 
48689 17487 17488 17498 17489 
48690 17503 17499 17501 17498 
48691 17502 17491 17501 17490 
48692 17487 17479 17478 17477 
48693 17511 17503 17499 17554 
48694 17522 17499 17514 17554 
48695 17516 17515 17502 17554 
48696 17509 17495 17496 17552 
48697 17506 17493 17492 17552 
48698 17534 17522 17514 17554 
48699 17522 17512 17511 17554 
48700 17523 17512 17522 17554 
48701 17517 17503 17511 17554 
48702 17503 17502 17499 17554 
48703 17497 17496 17484 17551 
48704 17513 17500 17501 17498 
48705 17503 17502 17501 17499 
48706 17516 17502 17503 17554 
48707 17517 17511 17512 17554 
48708 17515 17514 17502 17554 
48709 17522 17511 17499 17554 
48710 17534 17515 17532 17554 
48711 17503 17498 17501 17491 
48712 17507 17493 17506 17553 
48713 17525 17524 17517 17554 
48714 17520 17519 17508 17553 
48715 17518 17504 17505 17553 
48716 17504 17492 17493 17552 
48717 17521 17520 17509 17553 
48718 17521 17553 17518 17555 
48719 17497 17484 17485 17551 
48720 17514 17499 17502 17554 
48721 17519 17507 17553 17555 
48722 17529 17527 17555 17556 
48723 900 17547 17476 17549 
48724 17513 17501 17499 17498 
48725 17527 17518 17505 17555 
48726 17521 17520 17553 17555 
48727 17519 17506 17508 17553 
48728 17508 17494 17495 17552 
48729 17531 17521 17528 17555 
48730 17527 17505 17507 17555 
48731 17506 17493 17552 17553 
48732 17492 17551 17481 17552 
48733 17528 17518 17527 17555 
48734 17528 17521 17518 17555 
48735 17531 17520 17521 17555 
48736 17530 17529 17519 17555 
48737 17525 17517 17512 17554 
48738 17525 17512 17523 17554 
48739 17532 17516 17524 17554 
48740 17481 17479 17480 17551 
48741 17534 17514 17515 17554 
48742 17526 17524 17525 17523 
48743 17523 17557 17524 17554 
48744 17517 17516 17503 17554 
48745 17484 17479 17482 17477 
48746 17534 17523 17522 17554 
48747 17554 17557 17524 17532 
48748 17529 17527 17507 17555 
48749 17529 17507 17519 17555 
48750 17507 17505 17493 17553 
48751 17531 17530 17520 17555 
48752 17535 17527 17529 17556 
48753 17504 17552 17493 17553 
48754 17507 17505 17553 17555 
48755 17518 17553 17505 17555 
48756 17538 17527 17535 17556 
48757 17541 17530 17531 17556 
48758 17508 17506 17552 17553 
48759 17520 17519 17553 17555 
48760 17497 17496 17551 17552 
48761 17538 17528 17527 17556 
48762 17504 17497 17492 17552 
48763 17489 17488 17498 17500 
48764 17540 17535 17529 17556 
48765 17519 17507 17506 17553 
48766 17510 17496 17497 17552 
48767 17530 17529 17555 17556 
48768 17539 17531 17528 17556 
48769 17500 17489 17491 17498 
48770 17557 17534 17554 17523 
48771 17514 17513 17501 17499 
48772 17532 17534 17554 17557 
48773 17543 17534 17557 17523 
48774 17487 17482 17480 17479 
48775 17537 17526 17525 17523 
48776 17524 17516 17517 17554 
48777 17511 17498 17503 17486 
48778 17542 17557 17534 17532 
48779 17536 17557 17532 17524 
48780 17505 17504 17493 17553 
48781 17536 17557 17533 17532 
48782 17494 17481 17480 17551 
48783 591 592 17558 17543 
48784 17489 17485 17484 17478 
48785 17543 591 17537 17558 
48786 17543 17536 592 17558 
48787 590 17536 592 17533 
48788 17532 17515 17516 17554 
48789 17525 17523 17524 17554 
48790 17543 17526 17537 17523 
48791 17513 17500 17498 17488 
48792 592 17543 899 17542 
48793 17558 17536 592 10851 
48794 17495 17494 17551 17552 
48795 17531 17530 17555 17556 
48796 17548 17538 17535 17550 
48797 17543 592 17533 17542 
48798 17542 592 17533 590 
48799 17543 17533 17557 17542 
48800 17528 17555 17527 17556 
48801 17547 17535 17540 17550 
48802 17539 17528 17538 17556 
48803 17541 17550 17540 17556 
48804 17530 17519 17520 17555 
48805 17531 17555 17528 17556 
48806 17546 17540 17541 17550 
48807 17548 17535 17547 17550 
48808 17548 17544 17538 17550 
48809 17541 17531 17539 17556 
48810 17539 17538 17550 17556 
48811 17541 17539 17550 17556 
48812 17547 17540 17546 17550 
48813 17473 17548 900 17549 
48814 17548 17547 17549 17550 
48815 17545 17539 17544 17550 
48816 17538 17535 17550 17556 
48817 17473 17474 17544 17549 
48818 17473 17544 17548 17549 
48819 10851 592 17558 591 
48820 17543 17536 17557 17533 
48821 17558 591 17537 10851 
48822 17533 17557 17542 17532 
48823 592 899 590 17542 
48824 592 591 899 17543 
48825 17548 17549 17544 17550 
48826 17546 17541 17545 17550 
48827 900 17476 17474 17549 
48828 17476 17475 17474 17549 
48829 17476 17547 17546 17549 
48830 17545 17544 17549 17550 
48831 17547 17546 17549 17550 
48832 17473 900 17474 17549 
48833 900 17548 17547 17549 
48834 17492 17479 17481 17551 
48835 17541 17540 17530 17556 
48836 17540 17550 17535 17556 
48837 17475 17545 17474 17549 
48838 17509 17508 17495 17552 
48839 17540 17529 17530 17556 
48840 17510 17509 17552 17553 
48841 17533 17536 592 17543 
48842 10851 17536 592 590 
48843 17523 17557 17526 17524 
48844 17524 17526 17536 17557 
48845 17557 17526 17536 17543 
48846 17543 17557 17526 17523 
48847 17537 17558 17526 17543 
48848 17543 17558 17526 17536 
48849 17536 17558 17526 10851 
48850 10851 17558 17526 17537 
48851 17543 17542 17557 17534 
48852 589 17571 17559 17572 
48853 588 17571 589 17572 
48854 587 17559 17571 17572 
48855 588 587 17571 17572 
48856 588 587 17567 17571 
48857 17564 17560 17570 17573 
48858 10850 17559 587 17572 
48859 589 17559 10850 17572 
48860 17564 17562 17560 17573 
48861 17564 17562 901 17560 
48862 17566 17568 17561 17573 
48863 17564 17566 17562 17573 
48864 587 17559 17567 17571 
48865 588 17567 589 17571 
48866 17564 17568 17566 17573 
48867 17563 17565 17566 17568 
48868 17568 17570 17561 17573 
48869 588 589 17567 17569 
48870 588 587 17565 17567 
48871 588 10850 587 17572 
48872 17563 17567 17568 17569 
48873 588 589 10850 17572 
48874 17563 17566 17564 17568 
48875 17566 17561 17562 17573 
48876 589 17567 17559 17571 
48877 17563 17569 17568 17570 
48878 17564 17570 17568 17573 
48879 17563 17568 17564 17570 
48880 17561 17570 17560 17573 
48881 17562 17561 17560 17573 
48882 588 17567 17563 17569 
48883 588 17565 17563 17567 
48884 17563 17567 17565 17568 
48885 17582 17585 17574 17586 
48886 597 17587 17579 17588 
48887 903 17574 17585 17586 
48888 903 17576 17575 17586 
48889 17576 17582 17586 17589 
48890 17580 17582 17576 17589 
48891 17576 17582 17575 17586 
48892 903 17586 17585 17589 
48893 903 17585 17584 17589 
48894 17578 17584 17582 17589 
48895 17580 17576 903 17589 
48896 17578 17580 903 17589 
48897 10944 596 17587 17590 
48898 10944 17587 597 17590 
48899 596 17588 17587 17590 
48900 597 17587 17588 17590 
48901 17581 17583 17584 17591 
48902 17577 17583 17581 17591 
48903 17578 17582 17584 17591 
48904 17577 17579 17578 17591 
48905 17578 17580 17582 17591 
48906 17579 17580 17578 17591 
48907 17581 17587 17583 17592 
48908 17588 17583 596 17587 
48909 17587 17592 17588 17583 
48910 17579 17588 17587 17592 
48911 596 902 17588 17590 
48912 597 17588 902 17590 
48913 597 17577 902 17588 
48914 598 902 596 17590 
48915 10944 17579 597 17587 
48916 598 596 10944 17590 
48917 17577 17581 17583 17592 
48918 17577 17583 596 17588 
48919 17579 17587 17581 17592 
48920 903 17576 17586 17589 
48921 903 17575 17574 17586 
48922 17579 17581 17580 17591 
48923 17578 17582 17580 17589 
48924 17577 17579 17581 17592 
48925 17582 17585 17586 17589 
48926 17577 17581 17579 17591 
48927 17580 17581 17582 17591 
48928 17577 17588 17579 17592 
48929 10944 17581 17579 17587 
48930 17581 17584 17582 17591 
48931 598 597 902 17590 
48932 597 17579 17577 17588 
48933 598 10944 597 17590 
48934 17577 17578 17583 17591 
48935 10944 596 17583 17587 
48936 10944 17583 17581 17587 
48937 17582 17584 17574 17585 
48938 17578 17584 17583 17591 
48939 17583 17592 17588 17577 
48940 17582 17574 17575 17586 
48941 17582 17584 17585 17589 
48942 17578 903 17584 17589 
48943 903 17574 17584 17585 
48944 596 902 17577 17588 
48945 17597 17601 17603 17605 
48946 904 17596 17606 17607 
48947 17602 17603 17604 17608 
48948 17597 17604 17603 17608 
48949 17597 17599 17600 17608 
48950 594 10943 593 17609 
48951 594 17605 17603 17609 
48952 904 17606 17594 17607 
48953 10943 17593 593 17609 
48954 595 17603 17601 17609 
48955 593 17593 17601 17609 
48956 17596 17604 17595 17606 
48957 904 17595 17594 17606 
48958 17598 904 17594 17607 
48959 17598 17600 17596 17604 
48960 17600 17602 17595 17604 
48961 17600 17595 17596 17604 
48962 17597 17600 17604 17608 
48963 17597 17601 17599 17608 
48964 595 17601 17593 17609 
48965 904 17596 17595 17606 
48966 593 17601 17605 17609 
48967 17604 17594 17606 17607 
48968 593 17601 17599 17605 
48969 594 593 17605 17609 
48970 17601 17603 17605 17609 
48971 17596 17604 17606 17607 
48972 595 17593 10943 17609 
48973 594 17599 17597 17605 
48974 594 593 17599 17605 
48975 594 595 10943 17609 
48976 17598 17596 904 17607 
48977 17595 17604 17594 17606 
48978 17600 17602 17604 17608 
48979 17599 17602 17600 17608 
48980 17597 17599 17601 17605 
48981 17601 17603 17602 17608 
48982 17599 17601 17602 17608 
48983 594 17597 17603 17605 
48984 17597 17603 17601 17608 
48985 17598 17594 17604 17607 
48986 17598 17604 17596 17607 
48987 594 17603 595 17609 
48988 17597 17600 17598 17604 
48989 17630 17616 17617 17688 
48990 17624 17623 17618 17689 
48991 17634 17622 17630 17688 
48992 17636 17631 17630 17622 
48993 17634 17630 17632 17688 
48994 17645 17636 17632 17646 
48995 17621 17688 17620 17689 
48996 17618 17688 17617 17689 
48997 17621 17616 17688 17689 
48998 17632 17617 17618 17688 
48999 17620 17615 17614 17689 
49000 17646 17633 17634 17632 
49001 17621 17620 17614 17689 
49002 17626 17621 17614 17689 
49003 17617 17688 17616 17689 
49004 17635 17622 17634 17688 
49005 17623 17615 17619 17689 
49006 17634 17636 17632 17630 
49007 17647 17635 17636 17634 
49008 17615 17614 17689 17690 
49009 17636 17634 17635 17622 
49010 17626 17616 17621 17689 
49011 17634 17633 17619 17688 
49012 17625 17617 17616 17689 
49013 17623 17619 17618 17689 
49014 17634 17632 17633 17688 
49015 17620 17688 17619 17689 
49016 17633 17618 17619 17688 
49017 17638 17637 17624 17690 
49018 17628 17627 17614 17690 
49019 17634 17619 17620 17688 
49020 17626 17689 17614 17690 
49021 17649 17648 17638 17691 
49022 17627 17626 17614 17690 
49023 17619 17688 17618 17689 
49024 17625 17624 17689 17690 
49025 17630 17636 17632 17644 
49026 17639 17626 17627 17690 
49027 17626 17625 17616 17689 
49028 17638 17637 17690 17691 
49029 17639 17638 17625 17690 
49030 17628 17614 17615 17690 
49031 17629 17615 17623 17690 
49032 17629 17628 17615 17690 
49033 17639 17625 17626 17690 
49034 17635 17634 17620 17688 
49035 17649 17639 17640 17691 
49036 17630 17622 17616 17688 
49037 17622 17621 17616 17688 
49038 17637 17623 17624 17690 
49039 17620 17619 17615 17689 
49040 17642 17641 17628 17691 
49041 17639 17638 17690 17691 
49042 17649 17638 17639 17691 
49043 17641 17651 17643 17642 
49044 17641 17627 17628 17691 
49045 17649 17641 17648 17691 
49046 17643 17642 17629 17691 
49047 17644 17636 17631 17630 
49048 17653 17651 17652 17642 
49049 17646 17636 17632 17634 
49050 17656 17647 17636 17692 
49051 17643 17629 17637 17691 
49052 17659 17645 17646 17692 
49053 17642 17628 17629 17691 
49054 17648 17650 17643 17641 
49055 17661 17653 17654 17643 
49056 17639 17690 17627 17691 
49057 17650 17648 17649 17641 
49058 17652 17642 17651 17641 
49059 17643 17641 17642 17691 
49060 17637 17629 17623 17690 
49061 17650 17641 17649 17640 
49062 17673 17671 17652 17651 
49063 17649 17640 17641 17691 
49064 17673 17652 17653 17651 
49065 17673 17664 17653 17652 
49066 17657 17656 17631 17692 
49067 17626 17625 17689 17690 
49068 17660 17646 17647 17692 
49069 17658 17657 17644 17692 
49070 17658 17644 17645 17692 
49071 17668 17657 17658 17693 
49072 17657 17656 17692 17693 
49073 17633 17632 17618 17688 
49074 17628 17627 17690 17691 
49075 17657 17631 17644 17692 
49076 17641 17640 17627 17691 
49077 17648 17643 17637 17691 
49078 17669 17658 17659 17693 
49079 17660 17659 17692 17693 
49080 17629 17628 17690 17691 
49081 17646 17645 17636 17692 
49082 17623 17615 17689 17690 
49083 17670 17659 17660 17693 
49084 17647 17636 17646 17634 
49085 17663 17656 17657 17693 
49086 17637 17629 17690 17691 
49087 17653 17650 17643 17661 
49088 17648 17637 17638 17691 
49089 17667 17660 17656 17693 
49090 17660 17692 17656 17693 
49091 17660 17647 17656 17692 
49092 17659 17658 17645 17692 
49093 17673 17654 17661 17653 
49094 17661 17650 17643 17648 
49095 17661 17654 17648 17643 
49096 17646 17645 17633 17632 
49097 17647 17646 17636 17692 
49098 17661 17649 17650 17648 
49099 17673 17655 17662 17654 
49100 17642 17651 17643 17653 
49101 17668 17663 17657 17693 
49102 17658 17657 17692 17693 
49103 17653 17651 17643 17650 
49104 17648 17641 17643 17691 
49105 17644 17636 17632 17645 
49106 17667 17656 17663 17693 
49107 17673 17665 17654 17653 
49108 17673 17662 17655 17694 
49109 17673 17651 17653 17650 
49110 17650 17651 17643 17641 
49111 17666 17664 17665 17694 
49112 17677 17666 17665 17694 
49113 17673 17653 17661 17650 
49114 17638 17624 17625 17690 
49115 17673 17662 17661 17654 
49116 17673 17671 17664 17652 
49117 17673 17664 17665 17653 
49118 17674 17667 17663 17695 
49119 17678 17667 17674 17695 
49120 17670 17693 17667 17695 
49121 17678 17670 17667 17695 
49122 17668 17663 17693 17695 
49123 17680 17670 17678 17695 
49124 17644 17631 17636 17692 
49125 17636 17630 17634 17622 
49126 17659 17658 17692 17693 
49127 17673 17664 17671 17694 
49128 17682 17677 17662 17694 
49129 17670 17660 17667 17693 
49130 17669 17668 17693 17695 
49131 17675 17674 17663 17695 
49132 17687 17696 17686 17697 
49133 17677 17672 17676 17694 
49134 17635 17621 17622 17688 
49135 17677 17665 17655 17694 
49136 17673 17655 17665 17694 
49137 17673 17665 17655 17654 
49138 17611 17684 17683 17697 
49139 17676 17671 17664 17694 
49140 17672 17677 604 17681 
49141 17682 17677 604 603 
49142 17684 17680 17678 17696 
49143 17681 17677 604 17682 
49144 17682 17681 17677 17694 
49145 602 604 17672 17676 
49146 17681 17673 17671 17694 
49147 17682 17673 17681 17694 
49148 17673 17665 17664 17694 
49149 17678 17695 17674 17696 
49150 17679 17675 17668 17695 
49151 17667 17693 17663 17695 
49152 17687 17674 17675 17696 
49153 17676 17672 17671 17694 
49154 17686 17696 17685 17697 
49155 17670 17669 17659 17693 
49156 17680 17669 17670 17695 
49157 17670 17669 17693 17695 
49158 17687 17675 17686 17696 
49159 17640 17639 17627 17691 
49160 17675 17663 17668 17695 
49161 17679 17675 17695 17696 
49162 17686 17679 17685 17696 
49163 17613 17686 17685 17697 
49164 17685 17680 17684 17696 
49165 17680 17679 17669 17695 
49166 17676 17664 17666 17694 
49167 17684 17696 17683 17697 
49168 17684 17678 17683 17696 
49169 17685 17679 17680 17696 
49170 17676 17677 604 17672 
49171 17624 17623 17689 17690 
49172 17681 17671 17672 17694 
49173 604 17682 905 17681 
49174 17681 17672 17677 17694 
49175 17681 604 17672 602 
49176 17682 17662 17673 17694 
49177 604 905 602 17681 
49178 604 603 905 17682 
49179 17687 17683 17674 17696 
49180 17685 17696 17684 17697 
49181 906 17687 17686 17697 
49182 17610 17683 17687 17697 
49183 17687 17683 17696 17697 
49184 17686 17675 17679 17696 
49185 17610 906 17611 17697 
49186 17613 17612 17611 17697 
49187 17612 17684 17611 17697 
49188 906 17686 17613 17697 
49189 17656 17636 17631 17692 
49190 906 17613 17611 17697 
49191 17610 17687 906 17697 
49192 17675 17674 17695 17696 
49193 17612 17685 17684 17697 
49194 17613 17685 17612 17697 
49195 17683 17678 17674 17696 
49196 17610 17611 17683 17697 
49197 17680 17679 17695 17696 
49198 17679 17668 17669 17695 
49199 17677 17676 17666 17694 
49200 602 604 17676 11043 
49201 17660 17659 17646 17692 
49202 603 17677 604 11043 
49203 11043 17677 604 17676 
49204 17677 17655 17662 17694 
49205 17632 17630 17617 17688 
49206 17645 17644 17636 17692 
49207 17624 17618 17617 17689 
49208 11043 17677 17676 17666 
49209 17625 17624 17617 17689 
49210 17669 17668 17658 17693 
49211 17680 17695 17678 17696 
49212 17635 17620 17621 17688 
49213 17651 17641 17650 17640 
49214 907 17775 17774 17776 
49215 17699 17771 17775 17776 
49216 17727 17705 17723 17777 
49217 17719 17708 17709 17704 
49218 17715 17709 17708 17706 
49219 17716 17711 17705 17777 
49220 17713 17711 17712 17706 
49221 17728 17720 17717 17707 
49222 17720 17717 17707 17703 
49223 17715 17710 17709 17706 
49224 17716 17715 17709 17708 
49225 907 17774 17702 17776 
49226 17720 17709 17719 17708 
49227 599 17770 17764 17778 
49228 17706 17709 17707 17703 
49229 17709 17708 17706 17704 
49230 17721 17709 17710 17703 
49231 17728 17720 17721 17717 
49232 17722 17721 17710 17703 
49233 600 601 11042 17778 
49234 17703 17709 17707 17720 
49235 17731 17721 17728 17720 
49236 17728 17721 17722 17717 
49237 17716 17715 17711 17777 
49238 17732 17722 17731 17721 
49239 17721 17720 17709 17703 
49240 17734 17712 17714 17777 
49241 17734 17723 17712 17777 
49242 600 17763 601 17778 
49243 17704 17709 17707 17706 
49244 17770 17769 17761 17759 
49245 17734 17725 17726 17777 
49246 17713 17710 17706 17703 
49247 11042 17698 17770 17769 
49248 17725 17714 17713 17777 
49249 17716 17711 17708 17705 
49250 17733 17730 17732 17722 
49251 17725 17713 17715 17777 
49252 17726 17725 17715 17777 
49253 17734 17727 17723 17777 
49254 17715 17713 17710 17706 
49255 17719 17709 17707 17704 
49256 17763 17759 17760 17753 
49257 17731 17729 17728 17718 
49258 17721 17717 17720 17703 
49259 17737 17734 17724 17779 
49260 17732 17721 17731 17720 
49261 17763 17753 17760 17778 
49262 17728 17719 17720 17707 
49263 17731 17722 17728 17721 
49264 17737 17727 17734 17726 
49265 17731 17720 17728 17719 
49266 17732 17730 17731 17722 
49267 17734 17714 17725 17777 
49268 17727 17726 17716 17777 
49269 17738 17727 17737 17726 
49270 17736 17725 17734 17714 
49271 17731 17728 17722 17718 
49272 17711 17706 17708 17704 
49273 17734 17727 17724 17723 
49274 17733 17722 17732 17721 
49275 17743 17731 17732 17730 
49276 17743 17742 17741 17730 
49277 17733 17743 17730 17742 
49278 17741 17730 17740 17729 
49279 17715 17708 17711 17706 
49280 17742 17740 17741 17730 
49281 17723 17705 17711 17777 
49282 17731 17730 17729 17718 
49283 17723 17711 17712 17777 
49284 17713 17712 17711 17777 
49285 17759 17752 17751 17780 
49286 17765 17754 17762 17781 
49287 17714 17712 17713 17777 
49288 17715 17713 17711 17777 
49289 17750 17741 17743 17780 
49290 17732 17743 17730 17733 
49291 17731 17722 17730 17718 
49292 17738 17737 17724 17779 
49293 17737 17726 17734 17725 
49294 17739 17738 17724 17779 
49295 17743 17744 17733 17732 
49296 17749 17738 17739 17779 
49297 17749 17748 17738 17779 
49298 17728 17722 17718 17717 
49299 600 17764 17753 17778 
49300 17749 17739 17745 17779 
49301 17734 17726 17727 17777 
49302 600 11042 599 17778 
49303 17738 17737 17727 17724 
49304 17745 17739 17735 17779 
49305 17743 17741 17731 17730 
49306 17735 17724 17734 17779 
49307 17727 17716 17705 17777 
49308 17739 17724 17735 17779 
49309 601 17763 17760 17778 
49310 17737 17734 17727 17724 
49311 17747 17736 17737 17779 
49312 17741 17731 17729 17728 
49313 17715 17711 17713 17706 
49314 17751 17744 17742 17780 
49315 17742 17744 17733 17743 
49316 17759 17751 17742 17780 
49317 17758 17781 17757 17782 
49318 17752 17744 17751 17780 
49319 17744 17743 17742 17780 
49320 17770 17752 17759 17750 
49321 17746 17734 17736 17779 
49322 600 599 17764 17778 
49323 17726 17715 17716 17777 
49324 17720 17709 17707 17719 
49325 17761 17759 17740 17780 
49326 17746 17735 17734 17779 
49327 17759 17750 17752 17780 
49328 17743 17741 17742 17780 
49329 17759 17742 17740 17780 
49330 17759 17752 17753 17751 
49331 17763 17759 17753 17751 
49332 17752 17743 17744 17780 
49333 17748 17747 17737 17779 
49334 17748 17737 17738 17779 
49335 17755 17745 17754 17782 
49336 17755 17754 17781 17782 
49337 17747 17746 17779 17782 
49338 17746 17735 17779 17782 
49339 17749 17748 17779 17782 
49340 17756 17781 17754 17782 
49341 17762 17754 17756 17781 
49342 17755 17749 17745 17782 
49343 17754 17745 17735 17782 
49344 17745 17779 17735 17782 
49345 17757 17781 17756 17782 
49346 17757 17747 17748 17782 
49347 17756 17754 17746 17782 
49348 17716 17711 17715 17708 
49349 17737 17736 17734 17779 
49350 17758 17757 17748 17782 
49351 17757 17756 17747 17782 
49352 17754 17735 17746 17782 
49353 17739 17738 17727 17724 
49354 17768 17757 17758 17781 
49355 17761 17741 17750 17780 
49356 17767 17756 17757 17781 
49357 17756 17746 17747 17782 
49358 17758 17748 17749 17782 
49359 17761 17740 17741 17780 
49360 17742 17741 17740 17780 
49361 17766 17781 17765 17783 
49362 17741 17731 17730 17729 
49363 17761 17750 17759 17780 
49364 17770 17753 17759 17752 
49365 17761 17741 17740 17729 
49366 17752 17750 17743 17780 
49367 17770 17764 17752 17750 
49368 17710 17709 17706 17703 
49369 17766 17758 17755 17781 
49370 17770 17769 17759 17753 
49371 17770 17769 17753 17778 
49372 17770 17753 17764 17778 
49373 17769 17760 17753 17778 
49374 11042 17698 599 17770 
49375 17769 17760 17759 17753 
49376 11042 17770 599 17778 
49377 17749 17779 17745 17782 
49378 601 17698 11042 17769 
49379 601 17769 11042 17778 
49380 601 17760 17769 17778 
49381 11042 17769 17770 17778 
49382 17765 17755 17754 17781 
49383 17772 17762 17771 17783 
49384 17772 17765 17762 17783 
49385 17768 17758 17766 17781 
49386 600 17753 17763 17778 
49387 17699 17702 17700 17776 
49388 17770 17759 17761 17750 
49389 17773 17765 17772 17783 
49390 17768 17781 17766 17783 
49391 17767 17762 17756 17781 
49392 17700 17772 17771 17776 
49393 17765 17781 17762 17783 
49394 17774 17768 17766 17783 
49395 17722 17717 17721 17703 
49396 17771 17762 17767 17783 
49397 17770 17764 17753 17752 
49398 17766 17755 17765 17781 
49399 17758 17755 17781 17782 
49400 17775 17767 17768 17783 
49401 17748 17747 17779 17782 
49402 17768 17767 17757 17781 
49403 17699 907 17702 17776 
49404 17768 17767 17781 17783 
49405 17701 17773 17772 17776 
49406 17702 17774 17773 17776 
49407 17702 17701 17700 17776 
49408 17775 17776 17771 17783 
49409 17699 17700 17771 17776 
49410 17773 17772 17776 17783 
49411 17702 17773 17701 17776 
49412 17747 17746 17736 17779 
49413 17772 17771 17776 17783 
49414 17701 17772 17700 17776 
49415 17699 17775 907 17776 
49416 17773 17766 17765 17783 
49417 17767 17762 17781 17783 
49418 17775 17768 17774 17783 
49419 17775 17771 17767 17783 
49420 17758 17749 17755 17782 
49421 17775 17774 17776 17783 
49422 17774 17766 17773 17783 
49423 17737 17734 17736 17725 
49424 17774 17773 17776 17783 
49425 17788 17793 17795 17796 
49426 17791 17795 17793 17796 
49427 17791 17794 17792 17796 
49428 17790 17795 17791 17796 
49429 17790 17791 17792 17796 
49430 17788 17795 17790 17796 
49431 17788 909 17794 17797 
49432 17786 17792 17785 17798 
49433 17788 17794 17792 17797 
49434 17790 17792 17786 17798 
49435 909 17784 17794 17797 
49436 17792 17784 17785 17798 
49437 11143 17799 609 17800 
49438 609 17799 908 17800 
49439 11143 608 17799 17800 
49440 608 908 17799 17800 
49441 11143 17789 609 17799 
49442 609 17787 908 17799 
49443 610 908 608 17800 
49444 610 608 11143 17800 
49445 17789 17790 17788 17795 
49446 17791 17793 17794 17796 
49447 17792 17794 17784 17797 
49448 17788 17792 17794 17796 
49449 17789 17791 17790 17795 
49450 17788 17790 17792 17796 
49451 17787 17791 17793 17799 
49452 17787 17789 17791 17799 
49453 909 17786 17785 17798 
49454 909 17797 17798 17784 
49455 17790 17786 909 17798 
49456 17790 17797 17792 17798 
49457 17788 17790 909 17797 
49458 17790 909 17797 17798 
49459 17787 17788 17793 17795 
49460 17798 17784 17785 909 
49461 17788 17794 17793 17796 
49462 17788 17792 17790 17797 
49463 609 17789 17787 17799 
49464 11143 17791 17789 17799 
49465 610 609 908 17800 
49466 17787 17789 17788 17795 
49467 610 11143 609 17800 
49468 11143 17793 17791 17799 
49469 11143 608 17793 17799 
49470 17787 17791 17789 17795 
49471 608 908 17787 17799 
49472 17787 17793 17791 17795 
49473 17784 17797 17798 17792 
49474 608 17787 17793 17799 
49475 17803 17813 17812 17814 
49476 606 17809 17805 17811 
49477 17806 17802 17812 17814 
49478 17806 910 17802 17814 
49479 17804 17813 17803 17814 
49480 605 17801 17809 17815 
49481 606 17815 607 17816 
49482 607 17815 17801 17816 
49483 606 605 17815 17816 
49484 605 17801 17815 17816 
49485 606 11142 605 17816 
49486 17806 17810 17808 17813 
49487 11142 17801 605 17816 
49488 607 17801 11142 17816 
49489 17807 17810 17808 17817 
49490 17805 17808 17806 17817 
49491 17810 17811 17812 17817 
49492 17805 17812 17811 17817 
49493 17809 17811 17810 17817 
49494 607 17809 17801 17815 
49495 606 607 17809 17811 
49496 17806 17808 17810 17817 
49497 910 17804 17803 17814 
49498 17806 17808 17804 17813 
49499 17806 17804 910 17814 
49500 17808 17803 17804 17813 
49501 17806 17813 17804 17814 
49502 606 605 17807 17809 
49503 17805 17807 17808 17817 
49504 17807 17809 17810 17817 
49505 17805 17811 17809 17817 
49506 606 605 17809 17815 
49507 17806 17810 17812 17817 
49508 17806 17812 17810 17813 
49509 17805 17809 17807 17817 
49510 17803 17812 17802 17814 
49511 910 17803 17802 17814 
49512 17808 17810 17803 17813 
49513 17810 17812 17803 17813 
49514 606 607 11142 17816 
49515 606 17807 17805 17809 
49516 606 17809 607 17815 
49517 17805 17806 17812 17817 
49518 17806 17812 17813 17814 
49519 11244 614 17829 17830 
49520 615 17830 17829 17831 
49521 614 17821 17829 17831 
49522 17822 912 17828 17832 
49523 17821 17825 17823 17833 
49524 17822 17824 912 17832 
49525 614 17829 17830 17831 
49526 614 17830 911 17831 
49527 11244 17829 615 17830 
49528 615 911 17830 17831 
49529 616 614 11244 17830 
49530 616 911 614 17830 
49531 11244 17823 615 17829 
49532 615 17821 911 17831 
49533 17821 17823 17825 17829 
49534 17822 17824 17826 17833 
49535 17822 17826 17828 17833 
49536 17825 17827 17828 17833 
49537 17823 17825 17824 17833 
49538 17823 17824 17822 17833 
49539 11244 17825 17823 17829 
49540 912 17820 17818 17832 
49541 17824 17820 912 17832 
49542 17822 17828 17826 17832 
49543 17822 17826 17824 17832 
49544 17820 17826 17819 17818 
49545 17824 17826 17820 17832 
49546 17821 17823 17822 17833 
49547 17821 17822 17827 17833 
49548 614 911 17821 17831 
49549 615 17829 17821 17831 
49550 11244 17827 17825 17829 
49551 17820 17826 17818 17832 
49552 616 615 911 17830 
49553 17824 17825 17826 17833 
49554 616 11244 615 17830 
49555 11244 614 17827 17829 
49556 17821 17827 17825 17833 
49557 17822 17828 17827 17833 
49558 615 17823 17821 17829 
49559 614 17821 17827 17829 
49560 17825 17828 17826 17833 
49561 17826 17828 17818 17832 
49562 912 17818 17828 17832 
49563 17821 17825 17827 17829 
49564 17843 17846 17844 17847 
49565 17838 17840 17842 17848 
49566 17838 17844 17846 17847 
49567 17838 17846 17841 17847 
49568 17841 17846 17843 17847 
49569 17841 17849 17839 17843 
49570 17840 17842 17843 17846 
49571 17839 17843 17847 17841 
49572 17836 17845 17835 17849 
49573 17841 17847 17839 17838 
49574 17839 17835 17849 913 
49575 17845 17843 17847 17839 
49576 611 17834 17848 17850 
49577 612 611 17848 17850 
49578 613 17848 17834 17850 
49579 612 17848 613 17850 
49580 612 17844 613 17848 
49581 613 17834 11243 17850 
49582 11243 17834 611 17850 
49583 612 611 17840 17848 
49584 17843 17844 17845 17847 
49585 17843 17849 17839 17845 
49586 17842 17844 17843 17846 
49587 17838 17845 17844 17847 
49588 17841 17836 17849 17843 
49589 17840 17843 17841 17846 
49590 17839 17837 913 17849 
49591 17847 17839 17838 17845 
49592 913 17835 17849 17836 
49593 17839 17841 17837 17849 
49594 913 17837 17836 17849 
49595 17839 17835 17845 17849 
49596 17836 17849 17843 17845 
49597 612 17840 17838 17848 
49598 17838 17840 17841 17846 
49599 611 17842 17840 17848 
49600 17841 17836 17837 17849 
49601 17838 17842 17840 17846 
49602 612 11243 611 17850 
49603 17838 17844 17842 17846 
49604 611 17834 17842 17848 
49605 612 613 11243 17850 
49606 613 17844 17842 17848 
49607 612 17838 17844 17848 
49608 613 17842 17834 17848 
49609 17838 17842 17844 17848 
49610 17921 17917 17915 17925 
49611 17924 17925 17923 17926 
49612 915 17923 17854 17926 
49613 17921 17925 17920 17926 
49614 17904 17897 17893 17927 
49615 17897 17927 17896 17928 
49616 17870 17869 17858 17857 
49617 17856 17855 17859 17929 
49618 17857 17858 17855 17869 
49619 17869 17879 17857 17870 
49620 17880 17891 17887 17882 
49621 17869 17868 17863 17855 
49622 17872 17865 17860 17929 
49623 17855 17859 17929 17862 
49624 17879 17880 17867 17871 
49625 17917 17915 17925 17930 
49626 17874 17872 17861 17929 
49627 17860 17856 17859 17929 
49628 17872 17859 17861 17929 
49629 17869 17858 17855 17862 
49630 17864 17856 17860 17929 
49631 17884 17873 17872 17931 
49632 17885 17874 17875 17931 
49633 17868 17857 17855 17869 
49634 17875 17862 17863 17929 
49635 17871 17879 17857 17867 
49636 17869 17863 17862 17855 
49637 17876 17875 17863 17929 
49638 17859 17858 17855 17857 
49639 17874 17872 17929 17931 
49640 17886 17876 17877 17931 
49641 17862 17861 17859 17929 
49642 17859 17857 17855 17866 
49643 17870 17879 17857 17871 
49644 17872 17865 17929 17931 
49645 17876 17929 17865 17931 
49646 17872 17860 17859 17929 
49647 17929 17863 17855 17862 
49648 17884 17872 17874 17931 
49649 17878 17879 17857 17868 
49650 17862 17859 17861 17858 
49651 17889 17878 17879 17867 
49652 17889 17887 17878 17867 
49653 17887 17880 17867 17889 
49654 17895 17894 17873 17928 
49655 17873 17872 17865 17860 
49656 17866 17857 17855 17868 
49657 17895 17873 17884 17928 
49658 17877 17873 17928 17931 
49659 17878 17867 17866 17857 
49660 17871 17880 17867 17882 
49661 17886 17877 17928 17931 
49662 17898 17889 17890 17887 
49663 17919 17918 17912 17932 
49664 17871 17870 17858 17857 
49665 17866 17859 17856 17855 
49666 17882 17891 17887 17898 
49667 17873 17865 17872 17931 
49668 17886 17928 17885 17931 
49669 17885 17928 17884 17931 
49670 17890 17887 17889 17880 
49671 17875 17874 17862 17929 
49672 17891 17881 17882 17880 
49673 17916 17911 17905 17930 
49674 17855 17929 17856 17864 
49675 17876 17875 17929 17931 
49676 17876 17864 17865 17929 
49677 17901 17891 17892 17933 
49678 17893 17886 17877 17928 
49679 17875 17874 17929 17931 
49680 17886 17875 17876 17931 
49681 17877 17865 17873 17931 
49682 17880 17871 17879 17870 
49683 17874 17861 17862 17929 
49684 17876 17863 17864 17929 
49685 17898 17888 17883 17933 
49686 17908 17892 17883 17933 
49687 17901 17900 17891 17933 
49688 17910 17908 17888 17933 
49689 17898 17892 17883 17882 
49690 17898 17892 17891 17933 
49691 17898 17891 17890 17933 
49692 17910 17932 17908 17933 
49693 17865 17864 17860 17929 
49694 17886 17885 17875 17931 
49695 17905 17894 17895 17927 
49696 17885 17884 17874 17931 
49697 17898 17891 17887 17890 
49698 17908 17901 17892 17933 
49699 17894 17877 17873 17928 
49700 17897 17893 17927 17928 
49701 17896 17884 17885 17928 
49702 17878 17866 17868 17857 
49703 17884 17928 17873 17931 
49704 17892 17882 17891 17881 
49705 17894 17893 17877 17928 
49706 17903 17893 17894 17927 
49707 17897 17886 17893 17928 
49708 17906 17905 17927 17930 
49709 17904 17927 17903 17930 
49710 17898 17888 17887 17882 
49711 17882 17880 17867 17887 
49712 17907 17897 17904 17927 
49713 17898 17883 17892 17933 
49714 17882 17880 17881 17871 
49715 17890 17891 17887 17880 
49716 17896 17927 17895 17928 
49717 17897 17896 17885 17928 
49718 17889 17880 17867 17879 
49719 17897 17885 17886 17928 
49720 17894 17927 17893 17928 
49721 17896 17895 17884 17928 
49722 17900 17932 17899 17933 
49723 17900 17899 17890 17933 
49724 17910 17899 17932 17933 
49725 17908 17883 17888 17933 
49726 17877 17876 17865 17931 
49727 17910 17898 17899 17933 
49728 17902 17900 17901 17932 
49729 17911 17903 17905 17930 
49730 17914 17904 17903 17930 
49731 17907 17906 17896 17927 
49732 17905 17903 17894 17927 
49733 17916 17905 17906 17930 
49734 17910 17888 17898 17933 
49735 17917 17906 17907 17930 
49736 17906 17895 17896 17927 
49737 17915 17907 17904 17930 
49738 17908 17932 17901 17933 
49739 17907 17927 17904 17930 
49740 17913 17902 17901 17932 
49741 17905 17903 17927 17930 
49742 17864 17863 17855 17929 
49743 17918 17899 17912 17932 
49744 17898 17883 17888 17882 
49745 17898 17891 17892 17882 
49746 17912 17900 17902 17932 
49747 17913 17908 17909 17932 
49748 17919 17908 17910 17932 
49749 17919 17910 17918 17932 
49750 621 622 17913 17909 
49751 17904 17893 17903 17927 
49752 17909 622 17913 17912 
49753 17881 17871 17880 17870 
49754 17919 17912 17909 17932 
49755 17919 622 17912 17918 
49756 17918 17910 17899 17932 
49757 17919 17909 622 621 
49758 17900 17890 17891 17933 
49759 17915 17914 17925 17930 
49760 17920 17915 17914 17925 
49761 17913 17901 17908 17932 
49762 17901 17932 17900 17933 
49763 17923 17911 17916 17925 
49764 17924 17914 17911 17925 
49765 17922 17917 17921 17925 
49766 17917 17925 17916 17930 
49767 17924 17920 17914 17925 
49768 17907 17906 17927 17930 
49769 17907 17896 17897 17927 
49770 17924 17911 17923 17925 
49771 17922 17925 17921 17926 
49772 17914 17911 17925 17930 
49773 17915 17904 17914 17930 
49774 17851 17920 17924 17926 
49775 17922 17916 17917 17925 
49776 17913 17912 17902 17932 
49777 622 17919 914 17918 
49778 11337 622 17913 621 
49779 17909 622 17912 17919 
49780 622 914 620 17918 
49781 622 621 914 17919 
49782 17851 915 17853 17926 
49783 17852 17921 17920 17926 
49784 17914 17903 17911 17930 
49785 17924 17920 17925 17926 
49786 17854 17923 17922 17926 
49787 17851 17852 17920 17926 
49788 17917 17907 17915 17930 
49789 17851 17853 17852 17926 
49790 17921 17915 17920 17925 
49791 915 17924 17923 17926 
49792 17916 17925 17911 17930 
49793 17853 17921 17852 17926 
49794 17854 17922 17853 17926 
49795 17851 17924 915 17926 
49796 17923 17916 17922 17925 
49797 17923 17925 17922 17926 
49798 17853 17922 17921 17926 
49799 17917 17916 17906 17930 
49800 915 17854 17853 17926 
49801 17867 17879 17857 17878 
49802 17919 17909 17908 17932 
49803 17918 622 17912 620 
49804 11337 17913 17912 17902 
49805 620 622 17912 11337 
49806 17912 17899 17900 17932 
49807 17912 622 17913 11337 
49808 17895 17927 17894 17928 
49809 17899 17898 17890 17933 
49810 17862 17858 17855 17859 
49811 17906 17905 17895 17927 
49812 17913 17909 17912 17932 
49813 17868 17879 17857 17869 
49814 17962 17960 17961 18009 
49815 17971 17959 17960 18009 
49816 17983 17962 17972 18010 
49817 17985 17974 17975 18011 
49818 17993 18011 17985 18012 
49819 17982 17973 17981 18011 
49820 17984 18011 17982 18012 
49821 17991 17979 17980 18013 
49822 18003 18002 18014 18015 
49823 18005 18004 18014 18015 
49824 17937 18004 18003 18014 
49825 916 18005 17938 18014 
49826 17989 17987 18013 18016 
49827 17999 17988 17997 18016 
49828 18001 17999 18015 18016 
49829 18004 17997 18003 18015 
49830 17948 17942 17939 17940 
49831 17948 17947 17941 17940 
49832 17958 17946 17954 18017 
49833 17945 17941 17944 17940 
49834 17950 17949 17939 18018 
49835 17959 17947 17948 18018 
49836 17945 17942 17944 17941 
49837 17940 17942 17939 17945 
49838 17958 17945 17946 18017 
49839 17952 17941 17947 17940 
49840 17948 17940 17939 18018 
49841 17952 17940 17947 18018 
49842 17961 17960 17949 18018 
49843 17963 17951 17950 18018 
49844 17965 17953 17959 18009 
49845 17942 17941 17940 17948 
49846 17961 17950 17951 18018 
49847 17972 17951 17963 18009 
49848 17961 17951 18009 18018 
49849 17946 17945 17942 18017 
49850 17959 18009 17953 18018 
49851 17961 17949 17950 18018 
49852 17966 17958 17954 18019 
49853 17963 17950 17940 18018 
49854 17961 18009 17960 18018 
49855 17944 17942 17943 17941 
49856 17956 17943 17944 18017 
49857 17960 18009 17959 18018 
49858 17945 17941 17940 17942 
49859 17948 17942 17946 17939 
49860 17956 17955 18017 18019 
49861 17955 17954 18017 18019 
49862 17970 17969 18019 18020 
49863 17958 17957 18017 18019 
49864 17956 17955 17943 18017 
49865 17968 17967 17955 18019 
49866 17970 17957 17958 18019 
49867 17978 18013 17977 18020 
49868 17957 17956 18017 18019 
49869 17969 17968 17956 18019 
49870 17970 17969 17957 18019 
49871 17958 18017 17954 18019 
49872 17969 17956 17957 18019 
49873 17960 17959 17948 18018 
49874 17965 17964 18009 18010 
49875 17979 17978 17968 18020 
49876 17948 17947 17942 17941 
49877 17980 17970 17976 18020 
49878 17967 17966 18019 18020 
49879 17970 18019 17966 18020 
49880 17957 17944 17945 18017 
49881 17948 17947 17940 18018 
49882 17978 17967 17968 18020 
49883 17963 17952 17953 18018 
49884 17949 17948 17939 18018 
49885 17938 18004 17937 18014 
49886 17954 17946 17942 18017 
49887 17955 17954 17942 18017 
49888 17968 17955 17956 18019 
49889 17976 17970 17966 18020 
49890 17975 18010 17973 18011 
49891 17972 18009 17964 18010 
49892 17967 17966 17954 18019 
49893 17971 17960 17962 18009 
49894 17975 17964 17965 18010 
49895 17981 17973 17971 18010 
49896 17972 17962 18009 18010 
49897 17965 17964 17953 18009 
49898 17971 18009 17962 18010 
49899 17975 17965 17973 18010 
49900 17964 17963 17953 18009 
49901 17950 17939 17940 18018 
49902 17971 17965 18009 18010 
49903 17971 17965 17959 18009 
49904 17945 17944 17942 18017 
49905 17972 17963 17964 18009 
49906 17992 17981 17983 18011 
49907 17963 18009 17951 18018 
49908 17959 17953 17947 18018 
49909 17993 17974 17985 18011 
49910 17974 17972 17964 18010 
49911 17984 17973 17982 18011 
49912 17993 17983 17974 18011 
49913 17983 17981 18010 18011 
49914 17979 17968 17969 18020 
49915 17938 18005 18004 18014 
49916 17969 17968 18019 18020 
49917 17985 17975 17984 18011 
49918 17981 17971 17962 18010 
49919 17993 17992 17983 18011 
49920 17960 17948 17949 18018 
49921 17963 17953 18009 18018 
49922 17985 18011 17984 18012 
49923 17995 17984 17982 18012 
49924 17968 17967 18019 18020 
49925 17992 17982 18011 18012 
49926 17996 17985 17986 18012 
49927 17980 17976 18013 18020 
49928 17975 17974 17964 18010 
49929 17970 17958 17966 18019 
49930 17953 17952 17947 18018 
49931 17987 17976 17977 18013 
49932 17988 18013 17987 18016 
49933 17990 17989 18013 18016 
49934 17977 17966 17967 18020 
49935 17989 17977 17978 18013 
49936 17980 18013 17979 18020 
49937 17977 18013 17976 18020 
49938 17990 17989 17978 18013 
49939 17990 17978 17979 18013 
49940 17991 17990 18013 18016 
49941 17977 17976 17966 18020 
49942 17983 17981 17962 18010 
49943 17975 17974 18010 18011 
49944 17998 17997 17987 18016 
49945 17991 18013 17988 18016 
49946 17988 17976 17987 18013 
49947 17980 17979 17969 18020 
49948 17998 17987 17989 18016 
49949 17991 17990 17979 18013 
49950 17989 17987 17977 18013 
49951 17980 17969 17970 18020 
49952 18007 17982 17992 18012 
49953 17998 18015 17997 18016 
49954 17981 17973 18010 18011 
49955 17984 17975 17973 18011 
49956 17993 17992 18011 18012 
49957 17983 18010 17974 18011 
49958 18008 18007 17992 18012 
49959 17978 17977 17967 18020 
49960 18007 11336 17995 18008 
49961 11336 17934 18008 18007 
49962 17999 17997 18015 18016 
49963 17986 17985 17984 18012 
49964 17994 11336 17996 617 
49965 18001 18000 17990 18016 
49966 17997 17988 17987 18016 
49967 17996 17994 17993 18012 
49968 18008 11336 17995 17994 
49969 17996 17995 17994 18012 
49970 18008 11336 17994 617 
49971 17996 17986 17995 18012 
49972 618 11336 17996 17995 
49973 17996 17993 17985 18012 
49974 17988 17980 17976 18013 
49975 18003 17997 17998 18015 
49976 18006 18014 18002 18015 
49977 17999 17991 17988 18016 
49978 18001 17991 17999 18016 
49979 18001 18015 18000 18016 
49980 17935 17936 18002 18014 
49981 17936 18003 18002 18014 
49982 17972 17962 17961 18009 
49983 18005 17999 18004 18015 
49984 17995 17986 17984 18012 
49985 18005 18001 17999 18015 
49986 18003 17998 18002 18015 
49987 18000 17989 17990 18016 
49988 17983 17972 17974 18010 
49989 17963 17940 17952 18018 
49990 17972 17961 17951 18009 
49991 18006 18002 18000 18015 
49992 18000 18015 17998 18016 
49993 18002 17998 18000 18015 
49994 17935 916 17938 18014 
49995 17992 17982 17981 18011 
49996 18000 17998 17989 18016 
49997 18004 18003 18014 18015 
49998 18006 18000 18001 18015 
49999 18008 17993 17994 18012 
50000 17935 17938 17937 18014 
50001 916 18006 18005 18014 
50002 18001 17990 17991 18016 
50003 17935 17937 17936 18014 
50004 17935 18006 916 18014 
50005 17935 18002 18006 18014 
50006 17958 17957 17945 18017 
50007 18008 17992 17993 18012 
50008 18007 17995 17982 18012 
50009 617 11336 17996 618 
50010 619 17934 11336 18007 
50011 619 11336 17995 18007 
50012 17995 11336 17996 17994 
50013 618 17995 17996 17986 
50014 18008 17994 17995 18012 
50015 11336 17934 617 18008 
50016 618 11336 17995 619 
50017 17991 17980 17988 18013 
50018 17979 18013 17978 18020 
50019 18008 17995 18007 18012 
50020 17957 17956 17944 18017 
50021 17973 17965 17971 18010 
50022 17944 17943 17942 18017 
50023 18006 18005 18014 18015 
50024 17967 17954 17955 18019 
50025 17937 18003 17936 18014 
50026 18006 18001 18005 18015 
50027 17955 17942 17943 18017 
50028 17946 17942 17945 17939 
50029 18004 17999 17997 18015 
50030 18036 18029 18032 18101 
50031 18037 18031 18030 18101 
50032 18043 18102 18035 18030 
50033 18037 18036 18031 18101 
50034 18046 18103 18045 18102 
50035 18031 18030 18101 18102 
50036 18102 18045 18043 18103 
50037 18058 18045 18046 18103 
50038 18035 18034 18027 18102 
50039 18036 18032 18031 18101 
50040 18033 18025 18026 18102 
50041 18048 18103 18047 18102 
50042 18048 18033 18026 18102 
50043 18049 18043 18044 18103 
50044 18032 18029 18025 18101 
50045 18057 18043 18045 18103 
50046 18060 18048 18049 18103 
50047 18042 18029 18036 18104 
50048 18046 18045 18031 18102 
50049 18047 18046 18032 18102 
50050 18059 18046 18047 18103 
50051 18039 18038 18027 18101 
50052 18049 18035 18043 18103 
50053 18034 18026 18025 18102 
50054 18058 18057 18045 18103 
50055 18034 18101 18027 18102 
50056 18050 18036 18037 18104 
50057 18038 18037 18101 18104 
50058 18060 18047 18048 18103 
50059 18047 18032 18033 18102 
50060 18049 18103 18044 18105 
50061 18035 18027 18030 18102 
50062 18062 18061 18051 18106 
50063 18041 18028 18029 18104 
50064 18036 18029 18101 18104 
50065 18051 18037 18038 18104 
50066 18032 18031 18101 18102 
50067 18048 18034 18035 18102 
50068 18042 18041 18029 18104 
50069 18048 18035 18103 18102 
50070 18038 18030 18027 18101 
50071 18042 18041 18104 18106 
50072 18041 18040 18028 18104 
50073 18050 18042 18104 18106 
50074 18054 18053 18040 18106 
50075 18040 18039 18028 18104 
50076 18051 18050 18104 18106 
50077 18052 18038 18039 18104 
50078 18056 18053 18054 18106 
50079 18065 18055 18056 18054 
50080 18061 18053 18056 18106 
50081 18053 18052 18040 18106 
50082 18054 18040 18041 18106 
50083 18029 18028 18025 18101 
50084 18041 18040 18104 18106 
50085 18056 18042 18050 18106 
50086 18065 18056 18063 18054 
50087 18038 18037 18030 18101 
50088 18034 18025 18028 18101 
50089 18070 18069 18044 18105 
50090 18057 18044 18103 18105 
50091 18045 18030 18031 18102 
50092 18062 18052 18053 18106 
50093 18062 18051 18052 18106 
50094 18029 18028 18101 18104 
50095 18062 18053 18061 18106 
50096 18074 18066 18067 18056 
50097 18048 18047 18033 18102 
50098 18057 18044 18043 18103 
50099 18039 18027 18034 18101 
50100 18030 18027 18101 18102 
50101 18065 18086 18066 18077 
50102 18056 18054 18055 18106 
50103 18039 18034 18028 18101 
50104 18086 18084 18065 18064 
50105 18067 18086 18066 18074 
50106 18061 18050 18051 18106 
50107 18053 18056 18063 18061 
50108 18046 18031 18032 18102 
50109 18094 18084 18085 18107 
50110 18064 18054 18063 18053 
50111 18060 18103 18049 18105 
50112 18070 18044 18057 18105 
50113 18071 18070 18105 18108 
50114 18072 18058 18059 18105 
50115 18069 18049 18044 18105 
50116 18059 18058 18103 18105 
50117 18055 18041 18042 18106 
50118 18059 18058 18046 18103 
50119 18081 18070 18071 18108 
50120 18070 18069 18105 18108 
50121 18071 18070 18057 18105 
50122 18052 18051 18038 18104 
50123 18060 18059 18103 18105 
50124 18052 18051 18104 18106 
50125 18073 18059 18060 18105 
50126 18082 18071 18072 18108 
50127 18073 18072 18059 18105 
50128 18073 18072 18105 18108 
50129 18060 18059 18047 18103 
50130 18071 18057 18058 18105 
50131 18086 18065 18074 18063 
50132 18030 18045 18043 18102 
50133 18080 18073 18069 18108 
50134 18083 18072 18073 18108 
50135 18061 18056 18050 18106 
50136 18069 18060 18049 18105 
50137 18074 18067 18061 18056 
50138 18037 18036 18101 18104 
50139 18061 18056 18063 18074 
50140 18073 18105 18069 18108 
50141 18072 18071 18105 18108 
50142 18074 18062 18063 18061 
50143 18086 18078 18068 18067 
50144 18066 18056 18065 18055 
50145 18054 18056 18063 18053 
50146 18081 18076 18070 18108 
50147 18058 18057 18103 18105 
50148 18074 18056 18063 18065 
50149 18055 18054 18041 18106 
50150 18080 18069 18076 18108 
50151 18077 18086 18066 18078 
50152 18076 18069 18070 18108 
50153 18086 18068 18078 18107 
50154 18074 18065 18066 18056 
50155 18033 18032 18025 18102 
50156 18065 18063 18064 18054 
50157 18074 18086 18066 18065 
50158 18079 18077 18078 18107 
50159 18047 18103 18046 18102 
50160 18086 18075 18074 18067 
50161 18086 18084 18077 18065 
50162 18072 18071 18058 18105 
50163 18092 18081 18082 18109 
50164 18080 18108 18076 18109 
50165 18092 18088 18081 18109 
50166 18093 18083 18091 18109 
50167 18083 18108 18080 18109 
50168 18093 18082 18083 18109 
50169 18078 18086 18066 18067 
50170 18086 18064 18065 18063 
50171 18086 18077 18084 18107 
50172 18023 18097 18022 18110 
50173 18095 18090 18075 18107 
50174 18083 18073 18080 18108 
50175 18086 18068 18075 18067 
50176 18090 18068 18075 18107 
50177 18089 18084 18077 18107 
50178 18090 18078 18068 18107 
50179 18086 18075 18068 18107 
50180 18048 18026 18034 18102 
50181 18090 18085 18089 18107 
50182 18095 18086 18094 18107 
50183 18085 18090 628 18094 
50184 18095 18090 628 627 
50185 18024 18099 18098 18110 
50186 18094 18090 628 18095 
50187 18095 18094 18090 18107 
50188 626 628 18085 18089 
50189 18088 18076 18081 18109 
50190 18082 18081 18071 18108 
50191 18094 18086 18084 18107 
50192 18090 18089 18079 18107 
50193 18090 18079 18078 18107 
50194 18091 18109 18087 18111 
50195 18098 18097 18110 18111 
50196 18100 18087 18088 18111 
50197 18091 18080 18087 18109 
50198 18088 18087 18076 18109 
50199 18089 18085 18084 18107 
50200 18099 18098 18110 18111 
50201 18093 18092 18082 18109 
50202 18083 18082 18108 18109 
50203 18087 18080 18076 18109 
50204 18073 18060 18069 18105 
50205 18100 18088 18099 18111 
50206 18082 18081 18108 18109 
50207 18099 18092 18098 18111 
50208 18024 18098 18023 18110 
50209 18093 18092 18109 18111 
50210 18083 18082 18072 18108 
50211 18098 18092 18093 18111 
50212 18097 18091 18096 18111 
50213 18100 18110 18096 18111 
50214 18021 18022 18096 18110 
50215 18089 18090 628 18085 
50216 18095 18075 18086 18107 
50217 628 18095 917 18094 
50218 18094 18085 18090 18107 
50219 18081 18076 18108 18109 
50220 18094 628 18085 626 
50221 628 917 626 18094 
50222 18056 18055 18042 18106 
50223 628 627 917 18095 
50224 18021 18096 18100 18110 
50225 18100 18096 18087 18111 
50226 918 18100 18099 18110 
50227 18097 18096 18110 18111 
50228 18093 18109 18091 18111 
50229 18021 918 18023 18110 
50230 18021 18023 18022 18110 
50231 18088 18087 18109 18111 
50232 18021 18100 918 18110 
50233 918 18099 18024 18110 
50234 18091 18083 18080 18109 
50235 18022 18097 18096 18110 
50236 18099 18088 18092 18111 
50237 918 18024 18023 18110 
50238 18096 18091 18087 18111 
50239 18023 18098 18097 18110 
50240 18100 18099 18110 18111 
50241 18098 18093 18097 18111 
50242 626 628 18089 11442 
50243 627 18090 628 11442 
50244 11442 18090 628 18089 
50245 18063 18061 18062 18053 
50246 18086 18078 18077 18107 
50247 18103 18102 18035 18043 
50248 18089 18077 18079 18107 
50249 18092 18088 18109 18111 
50250 18039 18038 18101 18104 
50251 18050 18042 18036 18104 
50252 18097 18093 18091 18111 
50253 11442 18090 18089 18079 
50254 18051 18050 18037 18104 
50255 18052 18039 18040 18104 
50256 18049 18048 18035 18103 
50257 18052 18104 18040 18106 
50258 18034 18025 18101 18102 
50259 18039 18101 18028 18104 
50260 18032 18101 18025 18102 
50261 624 18178 625 18191 
50262 11441 18112 18186 18185 
50263 624 623 18179 18191 
50264 11441 18185 18186 18191 
50265 18144 18156 18148 18147 
50266 18126 18118 18120 18117 
50267 18135 18134 18192 18193 
50268 18135 18125 18129 18192 
50269 18135 18134 18124 18192 
50270 18140 18137 18136 18194 
50271 18128 18127 18123 18120 
50272 18127 18123 18120 18119 
50273 18137 18121 18126 18119 
50274 18132 18117 18120 18192 
50275 18135 18192 18131 18193 
50276 18192 18118 18120 18119 
50277 18134 18123 18124 18192 
50278 18142 18136 18128 18121 
50279 11441 18186 623 18191 
50280 18167 18159 18160 18195 
50281 18122 18118 18117 18192 
50282 18133 18132 18123 18192 
50283 18131 18129 18130 18192 
50284 18172 18162 18163 18196 
50285 18135 18124 18125 18192 
50286 18132 18120 18123 18192 
50287 18130 18118 18122 18192 
50288 18137 18136 18126 18121 
50289 18127 18124 18123 18119 
50290 18134 18133 18123 18192 
50291 18140 18137 18139 18127 
50292 18142 18140 18141 18128 
50293 18143 18192 18133 18193 
50294 18137 18128 18136 18121 
50295 18183 18181 18197 18198 
50296 18143 18130 18122 18192 
50297 18149 18142 18136 18194 
50298 18146 18133 18143 18132 
50299 18146 18143 18133 18193 
50300 18157 18146 18147 18144 
50301 18135 18129 18131 18192 
50302 18125 18124 18119 18192 
50303 18151 18138 18194 18199 
50304 18140 18128 18137 18127 
50305 18151 18138 18137 18194 
50306 18140 18136 18137 18128 
50307 18148 18134 18135 18193 
50308 18142 18140 18136 18194 
50309 18142 18136 18140 18128 
50310 18154 18153 18140 18194 
50311 18155 18154 18194 18199 
50312 18149 18136 18138 18194 
50313 18153 18151 18139 18194 
50314 18147 18133 18134 18193 
50315 18116 18115 18114 18200 
50316 18155 18142 18149 18194 
50317 18153 18139 18140 18194 
50318 18154 18140 18141 18194 
50319 18137 18127 18128 18121 
50320 18151 18137 18139 18194 
50321 18164 18155 18161 18199 
50322 18145 18131 18144 18193 
50323 18163 18162 18153 18199 
50324 18137 18127 18121 18119 
50325 18186 18185 18174 18168 
50326 18161 18155 18149 18199 
50327 18150 18149 18138 18199 
50328 18148 18145 18144 18193 
50329 18156 18157 18147 18144 
50330 18148 18135 18145 18193 
50331 18160 18158 18156 18148 
50332 18160 18157 18147 18156 
50333 18140 18139 18137 18194 
50334 18174 18158 18156 18195 
50335 18166 18160 18158 18195 
50336 18174 18166 18158 18195 
50337 919 18189 18116 18200 
50338 18146 18144 18143 18193 
50339 18157 18146 18144 18143 
50340 18143 18131 18192 18193 
50341 18148 18144 18147 18193 
50342 18159 18147 18157 18146 
50343 18160 18157 18159 18147 
50344 18148 18147 18134 18193 
50345 18143 18122 18132 18192 
50346 18176 18156 18157 18195 
50347 18165 18157 18159 18195 
50348 18126 18122 18118 18117 
50349 18161 18149 18150 18199 
50350 18158 18156 18148 18145 
50351 18186 18185 18176 18174 
50352 18174 18167 18166 18195 
50353 18167 18160 18166 18195 
50354 18126 18120 18121 18117 
50355 18147 18146 18133 18193 
50356 18195 18158 18156 18160 
50357 18147 18156 18148 18160 
50358 18155 18154 18141 18194 
50359 18176 18157 18165 18195 
50360 18149 18194 18138 18199 
50361 18162 18152 18151 18199 
50362 18162 18151 18153 18199 
50363 18154 18153 18194 18199 
50364 18152 18138 18151 18199 
50365 18152 18196 18150 18199 
50366 18164 18196 18163 18199 
50367 18156 18148 18145 18144 
50368 18147 18144 18146 18193 
50369 18144 18131 18143 18193 
50370 18163 18196 18162 18199 
50371 18155 18141 18142 18194 
50372 18164 18163 18154 18199 
50373 18171 18169 18196 18198 
50374 18160 18159 18157 18195 
50375 18116 18188 18115 18200 
50376 18174 18167 18168 18166 
50377 18178 18174 18168 18166 
50378 18176 18174 18156 18195 
50379 18156 18160 18157 18195 
50380 18163 18153 18154 18199 
50381 18171 18152 18162 18196 
50382 18170 18161 18169 18196 
50383 18180 18170 18169 18198 
50384 18171 18169 18152 18196 
50385 18164 18161 18196 18199 
50386 18153 18151 18194 18199 
50387 18172 18171 18162 18196 
50388 18169 18150 18152 18196 
50389 18172 18171 18196 18198 
50390 18152 18150 18138 18199 
50391 18145 18135 18131 18193 
50392 18174 18165 18167 18195 
50393 18170 18164 18161 18196 
50394 18173 18163 18164 18196 
50395 18162 18196 18152 18199 
50396 18142 18141 18140 18194 
50397 18164 18154 18155 18199 
50398 18173 18196 18170 18198 
50399 18181 18173 18170 18198 
50400 18176 18165 18174 18195 
50401 18177 18169 18171 18198 
50402 18143 18131 18130 18192 
50403 18186 18168 18174 18165 
50404 18182 18171 18172 18198 
50405 18186 18179 18168 18165 
50406 18186 18185 18168 18191 
50407 18178 18174 18175 18168 
50408 18169 18161 18150 18196 
50409 18189 18197 18188 18200 
50410 18161 18150 18196 18199 
50411 624 18168 18178 18191 
50412 18185 18175 18168 18191 
50413 623 18186 18179 18191 
50414 18185 18175 18174 18168 
50415 18174 18168 18167 18165 
50416 18173 18172 18196 18198 
50417 18178 18168 18175 18191 
50418 625 18175 18185 18191 
50419 18186 18174 18176 18165 
50420 625 18185 11441 18191 
50421 18186 18168 18179 18191 
50422 18181 18180 18197 18198 
50423 18184 18180 18177 18197 
50424 18123 18120 18119 18192 
50425 625 18178 18175 18191 
50426 18138 18136 18137 18194 
50427 18187 18177 18182 18197 
50428 18189 18183 18181 18197 
50429 18188 18197 18184 18200 
50430 18183 18197 18182 18198 
50431 18188 18181 18180 18197 
50432 18180 18177 18197 18198 
50433 18179 18167 18168 18165 
50434 624 18179 18168 18191 
50435 18189 18181 18188 18197 
50436 18188 18180 18184 18197 
50437 18190 18187 18197 18200 
50438 18183 18173 18181 18198 
50439 18113 919 18116 18200 
50440 18173 18172 18163 18196 
50441 18187 18184 18197 18200 
50442 18114 18184 18187 18200 
50443 18167 18165 18159 18195 
50444 18190 18187 18182 18197 
50445 18183 18182 18172 18198 
50446 18182 18177 18171 18198 
50447 624 625 11441 18191 
50448 625 18112 11441 18185 
50449 18181 18170 18180 18198 
50450 18187 18184 18177 18197 
50451 18116 18189 18188 18200 
50452 18113 18114 18187 18200 
50453 18182 18197 18177 18198 
50454 18139 18127 18137 18119 
50455 18115 18184 18114 18200 
50456 18113 18116 18114 18200 
50457 18190 18183 18189 18197 
50458 18113 18190 919 18200 
50459 919 18190 18189 18200 
50460 18180 18169 18177 18198 
50461 18126 18121 18120 18119 
50462 18119 18118 18120 18126 
50463 18190 18182 18183 18197 
50464 18113 18187 18190 18200 
50465 18173 18164 18170 18196 
50466 18190 18197 18189 18200 
50467 18127 18120 18121 18119 
50468 11441 18112 623 18186 
50469 624 11441 623 18191 
50470 18143 18132 18133 18192 
50471 18124 18123 18119 18192 
50472 18170 18196 18169 18198 
50473 18134 18133 18192 18193 
50474 18132 18122 18117 18192 
50475 18129 18125 18118 18192 
50476 18183 18172 18173 18198 
50477 18115 18188 18184 18200 
50478 18155 18194 18149 18199 
50479 18130 18129 18118 18192 
50480 18125 18119 18118 18192 
50481 18128 18121 18127 18120 
50482 18117 18118 18120 18192 
50483 18130 18126 18122 18118 
50484 18214 18205 18206 18276 
50485 18209 18206 18205 18276 
50486 18217 18216 18276 18277 
50487 18201 18271 18275 18278 
50488 18204 18274 18273 18278 
50489 18203 18272 18202 18278 
50490 18201 18202 18271 18278 
50491 18250 18242 18238 18279 
50492 18274 18266 18273 18280 
50493 18215 18214 18276 18277 
50494 18227 18214 18215 18277 
50495 18254 18250 18243 18281 
50496 18268 18254 18255 18282 
50497 18255 18254 18281 18282 
50498 18231 18219 18220 18283 
50499 18206 18208 18222 18209 
50500 18227 18226 18214 18277 
50501 18214 18213 18205 18276 
50502 18222 18209 18211 18206 
50503 18211 18206 18209 18276 
50504 18206 18222 18207 18212 
50505 18208 18206 18207 18205 
50506 18201 921 18204 18278 
50507 18222 18210 18211 18209 
50508 18211 18209 18210 18276 
50509 18214 18213 18276 18277 
50510 18207 18208 18222 18206 
50511 18216 18215 18276 18277 
50512 18215 18206 18211 18276 
50513 18228 18215 18216 18277 
50514 18228 18227 18215 18277 
50515 18232 18231 18220 18283 
50516 18217 18216 18210 18276 
50517 18231 18230 18283 18284 
50518 18234 18232 18220 18283 
50519 18209 18206 18208 18205 
50520 18222 18220 18221 18209 
50521 18229 18216 18217 18277 
50522 18215 18214 18206 18276 
50523 18224 18223 18212 18283 
50524 18218 18207 18212 18206 
50525 18220 18218 18212 18283 
50526 18229 18217 18225 18277 
50527 18223 18222 18212 18283 
50528 18232 18231 18283 18284 
50529 18222 18220 18212 18283 
50530 18230 18224 18283 18284 
50531 18245 18233 18232 18284 
50532 18229 18277 18225 18285 
50533 18234 18222 18223 18283 
50534 18220 18218 18219 18207 
50535 18229 18228 18277 18285 
50536 18226 18225 18213 18277 
50537 18234 18232 18221 18220 
50538 18241 18240 18227 18285 
50539 18229 18228 18216 18277 
50540 18224 18212 18218 18283 
50541 18231 18230 18219 18283 
50542 18220 18212 18218 18207 
50543 18234 18220 18222 18283 
50544 18237 18236 18224 18284 
50545 18241 18227 18228 18285 
50546 18240 18279 18239 18285 
50547 18228 18227 18277 18285 
50548 18242 18241 18228 18285 
50549 18220 18208 18222 18207 
50550 18242 18228 18229 18285 
50551 18222 18211 18212 18206 
50552 18244 18231 18233 18284 
50553 18242 18229 18238 18285 
50554 18226 18225 18277 18285 
50555 18258 18244 18233 18286 
50556 18235 18234 18223 18284 
50557 18244 18237 18284 18286 
50558 18236 18235 18223 18284 
50559 18244 18230 18231 18284 
50560 18244 18284 18233 18286 
50561 18237 18224 18230 18284 
50562 18212 18222 18207 18220 
50563 18244 18237 18230 18284 
50564 18245 18232 18234 18284 
50565 18220 18219 18218 18283 
50566 18234 18232 18283 18284 
50567 18253 18241 18242 18279 
50568 18256 18237 18244 18286 
50569 18225 18217 18213 18277 
50570 18234 18283 18223 18284 
50571 18230 18224 18218 18283 
50572 18224 18223 18283 18284 
50573 18245 18284 18235 18286 
50574 18246 18245 18235 18286 
50575 18245 18233 18284 18286 
50576 18247 18235 18236 18286 
50577 18248 18247 18236 18286 
50578 18234 18221 18222 18220 
50579 18256 18249 18248 18247 
50580 18259 18247 18256 18246 
50581 18248 18236 18237 18286 
50582 18245 18234 18235 18284 
50583 18236 18223 18224 18284 
50584 18256 18247 18248 18286 
50585 18252 18251 18279 18281 
50586 18241 18279 18240 18285 
50587 18237 18236 18284 18286 
50588 18239 18238 18225 18285 
50589 18227 18226 18277 18285 
50590 18242 18238 18279 18285 
50591 18242 18279 18241 18285 
50592 18240 18239 18226 18285 
50593 18226 18213 18214 18277 
50594 18238 18229 18225 18285 
50595 18262 18251 18252 18281 
50596 18253 18252 18279 18281 
50597 18251 18243 18279 18281 
50598 18252 18240 18241 18279 
50599 18256 18248 18237 18286 
50600 18252 18251 18240 18279 
50601 18220 18219 18208 18207 
50602 18251 18243 18239 18279 
50603 18255 18243 18251 18281 
50604 18240 18226 18227 18285 
50605 18253 18279 18250 18281 
50606 18250 18279 18243 18281 
50607 18262 18255 18281 18282 
50608 18258 18233 18245 18286 
50609 18255 18254 18243 18281 
50610 18261 18281 18254 18282 
50611 18263 18253 18261 18281 
50612 18263 18262 18252 18281 
50613 18216 18211 18210 18276 
50614 921 18275 18274 18278 
50615 18287 634 18259 18270 
50616 18269 18256 18258 18246 
50617 18260 18256 18249 18248 
50618 18258 18246 18256 18286 
50619 18259 18249 18256 18247 
50620 18270 18257 18256 18249 
50621 634 633 18270 18287 
50622 18266 18255 18262 18282 
50623 18267 18261 18254 18282 
50624 18266 18265 18280 18282 
50625 18250 18238 18243 18279 
50626 18270 18258 18269 18256 
50627 18269 18259 18256 18246 
50628 18233 18231 18232 18284 
50629 18257 18260 18287 633 
50630 18217 18209 18213 18276 
50631 633 18270 18287 18257 
50632 18261 18253 18250 18281 
50633 18270 18269 18259 18256 
50634 11535 633 634 18287 
50635 18275 18278 18271 18280 
50636 634 18270 920 18269 
50637 18258 18256 18244 18286 
50638 18270 634 18259 18269 
50639 18256 18246 18247 18286 
50640 18269 634 18259 632 
50641 18268 18255 18266 18282 
50642 18263 18262 18281 18282 
50643 18243 18238 18239 18279 
50644 18265 18263 18264 18282 
50645 18253 18252 18241 18279 
50646 18264 18263 18261 18282 
50647 18261 18250 18254 18281 
50648 18258 18245 18246 18286 
50649 18239 18279 18238 18285 
50650 18268 18267 18254 18282 
50651 18266 18262 18265 18282 
50652 18267 18280 18264 18282 
50653 18272 18265 18264 18280 
50654 18275 18267 18268 18280 
50655 18268 18266 18280 18282 
50656 18268 18280 18267 18282 
50657 18263 18252 18253 18281 
50658 18273 18266 18265 18280 
50659 18271 18264 18267 18280 
50660 18265 18262 18263 18282 
50661 18272 18264 18271 18280 
50662 18263 18281 18261 18282 
50663 18272 18271 18278 18280 
50664 18265 18264 18280 18282 
50665 921 18274 18204 18278 
50666 18247 18246 18235 18286 
50667 18270 18256 18259 18249 
50668 632 634 18259 11535 
50669 634 633 920 18270 
50670 18236 18235 18284 18286 
50671 18267 18264 18261 18282 
50672 18202 18272 18271 18278 
50673 18275 18274 18278 18280 
50674 18275 18271 18267 18280 
50675 18253 18242 18250 18279 
50676 18201 18203 18202 18278 
50677 18274 18273 18278 18280 
50678 18275 18268 18274 18280 
50679 18230 18218 18219 18283 
50680 18274 18268 18266 18280 
50681 18273 18265 18272 18280 
50682 18201 18204 18203 18278 
50683 18204 18273 18203 18278 
50684 18201 18275 921 18278 
50685 18203 18273 18272 18278 
50686 18239 18225 18226 18285 
50687 18273 18272 18278 18280 
50688 18260 18256 18257 18249 
50689 11535 634 18259 18287 
50690 18222 18221 18210 18209 
50691 18262 18255 18251 18281 
50692 634 920 632 18269 
50693 18257 18287 18249 18270 
50694 633 18260 18287 11535 
50695 18213 18209 18205 18276 
50696 18216 18215 18211 18276 
50697 18217 18210 18209 18276 
50698 18209 18208 18222 18220 
50699 18251 18239 18240 18279 
50700 18217 18276 18213 18277 
50701 18270 18287 18249 18259 
50702 18259 18287 18249 11535 
50703 11535 18287 18249 18260 
50704 18260 18287 18249 18257 
50705 18306 18300 18301 18370 
50706 18296 18295 18294 18371 
50707 18299 18293 18294 18371 
50708 18306 18293 18300 18371 
50709 18318 18305 18306 18370 
50710 18299 18298 18293 18371 
50711 18305 18296 18295 18294 
50712 18298 18297 18293 18371 
50713 18300 18293 18297 18371 
50714 18307 18294 18295 18371 
50715 18312 18311 18298 18372 
50716 18320 18313 18307 18372 
50717 18308 18295 18296 18371 
50718 18321 18320 18308 18372 
50719 18306 18300 18302 18371 
50720 18311 18310 18297 18372 
50721 18311 18297 18298 18372 
50722 18321 18309 18310 18372 
50723 18337 18319 18327 18373 
50724 18309 18296 18302 18371 
50725 18346 18374 18345 18375 
50726 18313 18299 18307 18372 
50727 18315 18302 18303 18370 
50728 18322 18321 18310 18372 
50729 18325 18312 18322 18311 
50730 18312 18298 18299 18372 
50731 18326 18313 18324 18312 
50732 18309 18302 18300 18371 
50733 18314 18306 18301 18370 
50734 18306 18296 18294 18371 
50735 18328 18327 18315 18370 
50736 18318 18317 18305 18370 
50737 18309 18371 18297 18372 
50738 18306 18294 18293 18371 
50739 18290 18363 18366 18376 
50740 18306 18302 18296 18371 
50741 18318 18306 18314 18370 
50742 18309 18308 18296 18371 
50743 18328 18327 18370 18377 
50744 18313 18312 18299 18372 
50745 18334 18317 18318 18377 
50746 18334 18319 18373 18377 
50747 18334 18373 18332 18377 
50748 18320 18313 18322 18324 
50749 18310 18309 18297 18372 
50750 18311 18312 18322 18372 
50751 18326 18340 18325 18324 
50752 18364 18343 18354 18340 
50753 18342 18340 18325 18326 
50754 18356 18348 18344 18374 
50755 18351 18325 18350 18323 
50756 922 18368 18292 18376 
50757 18324 18313 18322 18312 
50758 18325 18322 18323 18311 
50759 18341 18340 18326 18324 
50760 18306 18302 18300 18370 
50761 18298 18297 18371 18372 
50762 18317 18304 18370 18377 
50763 18328 18315 18316 18370 
50764 18320 18307 18308 18372 
50765 18354 18343 18341 18340 
50766 18316 18315 18303 18370 
50767 18329 18327 18328 18373 
50768 18306 18296 18305 18294 
50769 18327 18314 18301 18370 
50770 18299 18298 18371 18372 
50771 18332 18331 18316 18373 
50772 18332 18373 18316 18377 
50773 18319 18318 18314 18377 
50774 18331 18329 18328 18373 
50775 18309 18300 18297 18371 
50776 18317 18303 18305 18370 
50777 18336 18335 18334 18373 
50778 18327 18373 18319 18377 
50779 18328 18370 18316 18377 
50780 18323 18311 18322 18310 
50781 18336 18334 18319 18373 
50782 18337 18336 18373 18375 
50783 18334 18332 18317 18377 
50784 18305 18303 18296 18370 
50785 18309 18308 18371 18372 
50786 18334 18318 18319 18377 
50787 18337 18336 18319 18373 
50788 18316 18303 18304 18370 
50789 18350 18324 18339 18322 
50790 18312 18313 18322 18372 
50791 18315 18300 18302 18370 
50792 18308 18307 18295 18371 
50793 18322 18320 18321 18372 
50794 18339 18321 18322 18320 
50795 18324 18340 18325 18350 
50796 18306 18301 18300 18293 
50797 18327 18319 18314 18377 
50798 18303 18302 18296 18370 
50799 18307 18299 18371 18372 
50800 18322 18310 18311 18372 
50801 18315 18301 18300 18370 
50802 18342 18341 18340 18326 
50803 18350 18323 18325 18322 
50804 18350 18340 18325 18342 
50805 18343 18342 18341 18340 
50806 18347 18336 18337 18375 
50807 18350 18340 18339 18324 
50808 18351 18342 18350 18325 
50809 18327 18314 18370 18377 
50810 18338 18330 18374 18375 
50811 18337 18327 18329 18373 
50812 18338 18329 18330 18375 
50813 18316 18370 18304 18377 
50814 18345 18333 18335 18375 
50815 18328 18316 18373 18377 
50816 18326 18324 18325 18312 
50817 18345 18374 18344 18375 
50818 18347 18337 18338 18375 
50819 18337 18373 18329 18375 
50820 18335 18333 18332 18373 
50821 18331 18328 18316 18373 
50822 630 11534 18378 631 
50823 18347 18374 18346 18375 
50824 18344 18330 18331 18375 
50825 18317 18304 18303 18370 
50826 18335 18333 18373 18375 
50827 18346 18345 18335 18375 
50828 18358 18346 18347 18374 
50829 18345 18344 18333 18375 
50830 18318 18317 18370 18377 
50831 18358 18357 18346 18374 
50832 18356 18344 18345 18374 
50833 18328 18373 18327 18377 
50834 18335 18332 18334 18373 
50835 18324 18312 18322 18325 
50836 18358 18347 18349 18374 
50837 18347 18346 18336 18375 
50838 18306 18296 18302 18370 
50839 18332 18316 18304 18377 
50840 18348 18338 18330 18374 
50841 18331 18330 18329 18375 
50842 18344 18374 18330 18375 
50843 18348 18330 18344 18374 
50844 18307 18299 18294 18371 
50845 18336 18335 18373 18375 
50846 18333 18331 18373 18375 
50847 18347 18338 18374 18375 
50848 18349 18338 18348 18374 
50849 18318 18370 18314 18377 
50850 18372 18313 18322 18320 
50851 18338 18337 18329 18375 
50852 18346 18335 18336 18375 
50853 18364 18350 18379 18340 
50854 18342 18350 18379 18351 
50855 18357 18356 18345 18374 
50856 18332 18304 18317 18377 
50857 18340 18350 18379 18342 
50858 18351 18365 18379 18352 
50859 18306 18305 18296 18370 
50860 18352 18379 18355 18364 
50861 18308 18307 18371 18372 
50862 18331 18329 18373 18375 
50863 18357 18345 18346 18374 
50864 18358 18374 18349 18380 
50865 18344 18331 18333 18375 
50866 18362 18357 18358 18380 
50867 18359 18353 18348 18380 
50868 18321 18308 18309 18372 
50869 18327 18301 18315 18370 
50870 18349 18347 18338 18374 
50871 18364 631 18354 18378 
50872 18364 11534 18352 18365 
50873 11534 18288 18365 18364 
50874 18364 18355 11534 18378 
50875 18365 18379 18352 18364 
50876 18350 18325 18324 18322 
50877 18350 18379 18365 18364 
50878 18339 18322 18324 18320 
50879 18365 11534 18352 629 
50880 18378 631 18354 630 
50881 629 18355 11534 18352 
50882 18363 18353 18359 18381 
50883 18358 18357 18374 18380 
50884 631 11534 18378 18364 
50885 18352 18355 11534 18364 
50886 18359 18348 18356 18380 
50887 18359 18353 18380 18381 
50888 18355 18379 18351 18342 
50889 18353 18349 18348 18380 
50890 18360 18380 18353 18381 
50891 18362 18361 18357 18380 
50892 18378 18355 11534 630 
50893 18356 18348 18374 18380 
50894 18362 18380 18360 18381 
50895 18367 18360 18353 18381 
50896 18366 18359 18361 18381 
50897 18349 18374 18348 18380 
50898 18360 18358 18349 18380 
50899 18368 18362 18360 18381 
50900 18366 18363 18359 18381 
50901 18369 18366 18361 18381 
50902 18333 18331 18332 18373 
50903 18292 18368 18367 18376 
50904 18368 18367 18376 18381 
50905 18366 18376 18363 18381 
50906 18289 18366 18369 18376 
50907 18361 18356 18357 18380 
50908 18362 18361 18380 18381 
50909 18368 18360 18367 18381 
50910 18291 18363 18290 18376 
50911 18361 18359 18356 18380 
50912 18367 18363 18376 18381 
50913 18289 18290 18366 18376 
50914 11534 18288 629 18365 
50915 631 18288 11534 18364 
50916 18369 18376 18366 18381 
50917 18351 18350 18379 18365 
50918 18289 922 18292 18376 
50919 18360 18349 18353 18380 
50920 18292 18367 18291 18376 
50921 18291 18367 18363 18376 
50922 18289 18292 18291 18376 
50923 18369 18368 18376 18381 
50924 18367 18353 18363 18381 
50925 18289 18291 18290 18376 
50926 18369 18362 18368 18381 
50927 18369 18361 18362 18381 
50928 18361 18359 18380 18381 
50929 18362 18358 18360 18380 
50930 18357 18356 18374 18380 
50931 18289 18369 922 18376 
50932 630 18355 11534 629 
50933 922 18369 18368 18376 
50934 18364 18379 18343 18340 
50935 18340 18379 18343 18342 
50936 18342 18343 18355 18379 
50937 18379 18343 18355 18364 
50938 18354 18378 18343 18364 
50939 18364 18378 18343 18355 
50940 18355 18378 18343 630 
50941 630 18378 18343 18354 
50942 18351 18352 18379 18355 
$EndElements
