$MeshFormat
4.1 0 8
$EndMeshFormat
$Entities
0 0 0 1
1 0 0 0 0 0 0 0 0 
$EndEntities
$PartitionedEntities
4
0
0 0 5 6
2 3 1 2 1 4 -9.994400000000001 -5.028616999999999 43.39136 -0.05088389999999965 4.93052 47.6182 0 0 
3 3 1 2 2 4 -7.847324 -7.850352 22.33766 7.938651 7.999384 28.45256 0 0 
4 3 1 2 1 2 -8.084847999999999 0.07214103000000005 69.19970000000001 -2.100999 6.352778 71.45031 0 0 
5 3 1 2 3 4 1.916516 -6.274918 66.39559 8.215626 -0.1545114000000001 69.20842 0 0 
6 3 1 2 3 4 0.07227237000000031 -5.036123 41.17028 10.08936 4.931884 45.80977 0 0 
2 3 1 1 3 0.07227237000000031 -6.375686 41.17028 10.12977 6.381257 130.6853 0 2 5 6 
5 3 1 1 1 -10.1106 -6.37895 43.39136 -0.05039684000000033 6.381216999999999 130.6853 0 2 2 4 
6 3 1 1 2 -7.999983 -7.999964 0 8 7.999998 28.45256 0 1 3 
7 3 1 1 2 -9.11008 0.03501349999999981 69.19970000000001 -1.070081 6.377031 130.6853 0 1 -4 
8 3 1 1 4 -10.1297 -7.999993999999999 22.33766 10.12977 7.999998 47.6182 0 2 -2 -3 
9 3 1 1 4 1.070085 -6.381301 66.39559 9.110080999999999 -0.03185452999999994 130.6853 0 2 -5 -6 
$EndPartitionedEntities
$Nodes
3 5505 16 21974
2 2 0 18
1532
1644
1519
1548
1642
1676
1553
1540
1533
1527
1518
1636
1526
1517
1663
1551
1552
1529
-8.695361999999999 3.521415 46.95394
-5.799591 0.8320189 45.9765
-9.948352999999999 1.340005 46.5418
-0.4121202 -1.87486 46.88256
-3.608537 -2.368787 45.28097
-2.202257 1.104625 45.11704
-0.4498788 1.966454 47.21515
-0.0508839 0.07006427 47.6182
-6.576447 4.81551 46.79392
-5.423889 -5.028617 43.39136
-8.573914 -3.64161 43.85928
-5.623487 -0.6908246 43.65211
-2.831919 -4.505455 44.38447
-9.994400000000001 -1.160202 45.57279
-4.188163 2.5991 47.02856
-4.046823 4.93052 46.55301
-1.863657 3.871512 46.81825
-0.8129327 -2.665412 43.69371
2 4 0 13
2030
2087
2017
2021
2079
2009
2029
2015
2022
2004
2082
2000
2023
-8.053634000000001 4.345287 69.19970000000001
-6.073316 2.706059 70.1323
-6.555394 6.022971 69.51275
-2.100999 2.136618 71.22786000000001
-4.034341 2.281606 70.58002
-3.484638 0.4675865 71.38911
-8.084847999999999 2.152634 69.30435
-6.672219 0.4540589 69.41639000000001
-3.417031 5.904748 71.45031
-4.665088 6.352778 69.84909
-4.638688 4.275957 69.69052000000001
-4.585256 0.07214102999999999 69.36955
-2.109042 4.298693 71.15443
3 5 0 5474
2189
2228
2173
2259
2231
2230
2188
1602
1630
1596
1631
1599
1577
1586
1637
1638
1639
1640
1607
1641
1643
1645
1550
1549
1646
1568
1647
1544
1648
1592
1649
1650
1651
1652
1485
1501
1654
1655
1656
1591
1660
1661
1662
1575
1664
1559
1587
1576
1665
1603
1606
1667
1492
1491
1496
1494
1668
1671
1672
19
1590
1525
1673
1543
1585
1674
1506
1675
1498
1500
1499
1497
1567
1490
1493
1605
1604
1593
1574
1573
1594
1488
1564
1541
1557
1597
1503
1486
1513
1570
1609
1524
1558
1495
1489
1620
1542
1505
1502
1569
20
1608
1595
22
1511
1600
1584
18
21
1514
1487
16
1504
1512
17
2064
2063
2045
2081
2033
2083
2065
2046
2084
2085
2072
2071
2086
2018
2096
2097
2042
2044
2098
2069
2104
2105
2075
2106
2049
2058
2062
2034
2041
1990
1998
1997
1996
2078
2008
2003
2007
2005
2006
2012
2020
2028
2025
2016
2032
2019
2040
2024
2027
2013
2014
2070
2050
1991
2229
2187
2232
2233
2214
2209
2203
2244
2193
2137
2250
2210
2219
2251
2204
2186
2200
2185
2260
2216
2205
2215
2172
2179
2166
2138
2202
2076
2077
2080
2011
1999
2010
2002
2001
2220
2221
2222
2223
2224
2225
2226
2227
2126
42
2234
2135
2136
2130
2192
2235
2178
2236
2191
2237
2238
2239
2240
2241
2152
2242
2243
2171
2170
2245
2246
2199
2198
2194
2175
2133
2134
2247
46
45
2197
2248
2249
44
2252
2151
2169
2156
2158
2147
2196
2253
2163
2145
2212
2207
2254
2176
2255
2206
2195
2256
2217
2257
2218
2258
2123
2125
2121
2122
2213
43
2119
2208
2174
2261
2262
2263
2181
2168
2182
2159
2150
2149
2128
2129
2154
2161
2132
2127
2116
2118
2124
41
2139
2211
2131
2157
2143
2146
2155
2144
2117
2160
2184
2120
2201
2190
2162
2165
2153
2164
2148
2177
2140
2167
2180
2183
2142
2141
2944
2950
2951
2952
2938
2932
2953
2937
2925
2941
2879
2954
2955
2956
2906
2957
2958
2908
2907
2900
2959
2889
2883
2882
2918
2960
2919
2920
2921
2961
2914
2911
2922
2886
2881
2897
2884
2880
2888
2878
2885
2962
2898
2892
2939
2963
2964
2947
2945
2931
2965
2966
96
2874
93
2869
2967
2968
2935
2934
2969
2872
92
2871
2930
99
2915
2902
2970
2923
2901
2876
2875
2933
2936
97
2893
2916
2887
2903
2890
2942
2904
2971
2940
2926
2946
2927
2905
95
2873
2894
2891
2895
2910
2909
2896
2929
2899
2924
2917
2912
2928
2877
2913
98
2943
2870
2949
94
2948
3038
3054
3055
2977
3056
3057
3058
3032
3059
106
3031
101
2972
104
3042
105
2979
3060
3061
3062
3019
3063
3064
2975
102
2973
3065
3035
3028
3007
3010
3047
3027
3050
3045
3046
3049
3066
3051
3024
3018
3067
3014
3068
3017
2996
3069
3002
2993
2985
3009
2989
3025
2980
100
3041
3015
3070
3008
2990
2987
2986
3071
3004
2991
3006
3001
2998
2984
2983
3072
3020
2999
3000
2992
2995
3011
3036
3021
3037
3013
3022
2997
3023
3033
3012
3003
2994
2988
3005
3026
3073
3030
3034
3039
3029
2982
2976
3040
2974
3016
3053
3052
2981
3043
103
2978
3044
3048
4526
4606
4598
4622
179
4623
4527
4624
4625
4626
4529
4570
4562
4554
4627
4628
4629
4630
4539
4631
4533
4532
4538
4632
4604
4591
4633
4634
4599
4611
4530
180
4523
4528
4635
4525
181
4636
4637
4542
4614
4531
4524
4638
4639
4593
4588
4640
4602
4596
4594
4590
4586
4595
4589
4521
4641
4642
4535
4540
4585
4571
4643
4536
4619
4616
4544
183
4592
4587
4621
4612
4522
4617
4613
4537
4620
4545
4603
4605
182
4543
4615
4608
4567
4551
4550
4644
4552
4549
4560
4556
4553
4563
4564
4575
4574
4645
4557
4561
4555
4548
4547
4578
4558
4566
4646
4559
4580
4568
4569
4573
4572
4565
4581
4584
4582
4579
4577
4576
4618
4647
4583
4610
4597
4601
4546
4609
4541
4600
4534
4607
184
4699
4742
4740
4696
4659
4695
4655
4741
4654
4743
4736
4744
4745
4662
4739
4746
4702
4747
4718
188
4735
4748
4677
4667
4669
4749
4665
4750
4751
187
4734
4738
4664
4737
4652
4752
4753
4648
4658
4754
4657
186
4755
4756
4660
4757
4724
4721
4758
4719
4759
185
4723
4720
4726
4727
4651
4661
4729
4697
4685
4675
4760
4690
4706
4761
4682
4670
4666
4678
4683
4693
4684
4672
4656
4689
4692
4680
4676
4679
4687
4668
4704
4703
4671
4673
4674
4686
4688
4701
4691
4681
4694
4698
4700
4711
4709
4713
4710
4705
4707
4731
4712
4708
4717
4715
4714
4733
4725
4722
4716
4728
4653
189
4730
4650
190
4732
4663
4649
193
4843
4785
4861
4817
4816
4862
4814
4780
4857
4818
4775
4863
4858
4864
4776
4856
4865
4859
4866
196
4777
4854
4867
4853
4868
4869
4774
4870
4783
4851
4782
4860
4871
4778
4771
4772
4872
4873
4874
4770
4847
4875
4839
4876
4792
4787
4791
4877
4790
4806
4805
4784
4767
4768
4878
4879
4769
4765
4880
4846
4835
4881
4852
4855
4882
4883
4848
4840
4836
4884
4830
4801
4829
4885
4837
4838
191
4850
4845
195
4844
4832
4849
4886
4779
4833
4762
4763
4781
4766
194
4842
4773
4812
4803
4802
4831
4828
4834
4887
4793
4888
4796
4807
4794
4889
4800
4789
4799
4798
4788
4804
4795
4809
4810
4808
4811
4819
4797
4786
4820
4822
4821
4813
4826
4825
4823
4827
4824
4815
4841
4764
192
4978
4986
4970
4987
4988
4989
4990
4980
4991
4962
4960
4957
4992
4959
4955
4943
4942
4993
4994
4941
4903
4944
4940
4896
4995
4902
4996
4901
202
4976
200
4984
4900
4983
4933
4997
4925
4998
4971
4999
5000
5001
4975
198
5002
4961
4969
4894
4897
4899
4905
5003
4967
4890
4904
197
4965
4893
4966
4895
4908
5004
4979
4892
4985
4906
4907
4972
4921
4909
4913
5005
4917
4911
4930
4916
4918
4926
4920
4927
4919
4914
4922
4929
4923
4912
5006
4924
4910
4932
4934
4938
4939
4931
4915
4953
4947
4949
5007
4950
4946
4935
4937
4948
4945
4954
4981
4982
4963
4936
4964
4952
4928
4974
4956
4951
4977
4973
4958
4891
4968
4898
201
199
7680
7728
7679
7729
7704
7703
7730
7716
390
384
7709
7731
383
7640
7639
7732
7733
7715
7710
7642
388
385
7652
7646
7650
7734
7719
7711
7735
7736
7737
7701
7738
386
7739
7706
7684
7696
7740
7675
7674
7665
7741
7649
7668
7657
7654
7653
7648
7655
7647
7662
7669
7651
7672
7742
7661
7686
7685
7666
7658
7663
7671
7670
7660
7656
7645
7673
7667
7659
7688
7678
7677
7664
7689
7681
7693
7676
7682
7691
7687
387
7699
7700
7707
7683
7695
7694
7714
7702
7692
7708
7705
7698
7697
7690
7712
7720
7722
7721
7713
7718
7743
7717
7641
7723
7725
7724
389
7644
7643
7727
7726
7795
7832
7833
7834
397
7811
395
396
7808
7809
7818
7793
7790
7817
7835
7830
7836
7822
7837
7838
7826
7825
7831
7827
7829
7801
7772
7780
7839
7820
7812
7840
7823
7824
7813
7841
7747
7819
7761
7753
7752
7842
7762
7751
7760
7754
7843
7756
7844
7845
7770
7767
7773
7758
7759
7776
7763
7755
7764
7765
7792
7779
7846
7768
7766
7757
7777
7778
7771
7745
391
7847
7788
7775
7848
7769
7774
7781
7783
7782
7784
7807
7796
7785
7786
7805
7799
7787
7821
7789
7804
7794
7744
7797
7810
7798
7814
7803
7806
7800
7791
394
7816
7849
7802
393
392
7815
7750
7749
7828
7748
7746
7888
7877
7940
7941
7876
7871
7868
7942
7881
7862
7863
7884
7889
7879
7943
7944
7945
7853
7850
7856
7946
401
7912
7932
403
7913
7947
7883
7890
7929
7922
7902
7906
7948
7851
399
398
7931
7870
7861
7930
400
7892
7882
7872
7949
7894
7886
7875
7869
7867
7865
7858
7950
7864
7860
7866
7873
7857
7859
7852
7874
402
7885
7951
7878
7915
7918
7952
7917
7901
7899
7880
7953
7907
7893
7887
7911
7891
7898
7897
7905
7903
7895
7900
7919
7920
7908
7910
7904
7914
7896
7909
405
7923
7954
7926
7925
7939
7937
7928
7924
7916
7927
7933
7934
7935
7938
7936
7921
7854
404
7855
7977
7976
7972
8048
7992
7981
8049
7975
7974
7964
7969
7965
7967
7963
7984
7966
8050
7962
7968
7986
7979
7980
409
7957
8051
8052
7996
7987
7982
7978
7971
411
8029
410
7989
7995
7973
8053
7991
7955
8054
8055
7990
7970
8014
7985
7983
7997
7993
8056
7999
8000
8002
7988
8019
8006
8026
8039
8005
8004
7994
8057
8023
8009
8010
7998
8007
8001
8024
8020
8058
8008
7956
8040
408
406
8041
8003
8059
8060
8042
7958
7961
407
8011
412
8025
8012
8028
8013
8022
8030
8017
8015
8035
8016
8032
8027
8021
8018
8061
8033
8031
8043
8045
8062
8047
8038
8037
8034
7959
8044
8046
7960
8036
8111
8103
8156
8157
8102
8158
8119
8108
8066
8142
418
417
8128
8118
8107
8159
8160
8064
8140
415
8161
413
8134
8141
8162
8163
8139
8086
8084
8071
8164
8165
8063
8166
8135
8082
8075
8167
414
420
8155
8154
8130
8129
8168
8169
8146
8138
8170
8150
8081
8074
8076
8072
8078
8083
8077
8073
8171
8079
8100
8089
8172
8096
8080
8101
8093
8173
8090
8110
8098
8091
8095
8087
8094
8117
8085
8070
8092
8097
8105
8104
8126
8115
8113
8153
8106
8114
8088
8099
8120
8112
419
8143
8068
8174
8151
8125
8116
8067
8144
8123
8122
8131
8145
8148
8149
8121
8109
8133
8152
8147
8124
8136
8127
8132
8137
416
8065
8069
8255
8262
8263
8264
8259
8252
8257
8261
8260
8250
8233
8249
8265
8181
8238
8237
8266
8175
8267
8268
425
8269
8178
8251
8248
8270
426
8271
8244
8236
8272
8273
424
8274
427
8275
422
8177
8190
8183
8182
8276
8277
8256
8258
8254
8193
8184
8188
8278
8201
8194
8279
8206
8189
8192
8211
8195
8186
8216
8198
8191
8185
8203
8241
8227
8229
8228
8205
8204
8196
8245
8222
8213
8202
8280
8220
8200
8214
8199
8208
8207
8187
8212
8197
8215
8210
8221
8231
8209
8247
8223
8176
423
8218
8226
8217
8225
8219
8235
8234
8239
8281
421
8230
8224
8240
8243
8232
8246
8253
8179
8242
8180
431
8284
8288
8372
8282
8373
8374
8317
8308
8316
8307
8375
8362
8361
8376
428
8377
8348
8285
430
8347
432
8363
435
8378
8299
8298
8293
8379
8301
8300
8380
8312
8309
8381
8295
8294
8297
8289
8291
8313
8303
8323
8360
8302
8290
8296
8311
8324
8304
8314
8320
8292
8318
8310
8305
8306
8339
8329
8328
8382
8315
8321
8325
8319
8322
8332
8327
8338
8331
8326
8383
8337
8334
8333
8351
8336
8384
8385
8368
8364
8386
434
8371
8365
8353
8354
8387
8342
8343
8287
8345
8335
8341
8344
8340
8330
8346
8366
8358
8352
8355
429
8357
8356
8349
8283
8359
8350
8369
8367
8370
8286
433
8459
8466
8479
8414
8396
8412
8480
8424
8411
8435
8403
8410
8401
8398
8402
8413
8405
8404
8418
8397
8406
8481
8408
8399
8400
8392
8393
8464
8417
8416
8482
8476
8483
8388
8484
8485
8486
8407
8427
8419
8487
8426
8425
8422
8415
8409
8394
8456
8455
8470
8488
8421
8428
8465
8429
8420
8395
8489
8490
438
439
8390
8430
8436
8491
8423
8492
8433
8432
8448
8439
8460
8477
8441
8493
8478
8473
8457
8438
8437
8458
8454
8431
8443
8442
8440
8449
8453
442
440
8494
437
8389
8451
8452
8472
8495
8474
8445
8447
8461
8444
8462
8391
8471
8446
8434
8450
441
8475
8469
8467
8468
8463
436
13298
13300
13297
13301
13289
13302
13290
13287
733
731
13288
13217
13296
13299
13303
13228
13223
13226
13304
735
13220
13247
13239
13255
13305
13230
13233
13224
13232
13241
13227
13306
13222
13240
13225
13229
13238
13231
13236
13237
13234
13244
13307
13263
13245
13308
13235
13251
13242
13261
13243
13248
13256
13258
13253
13250
732
13218
13249
13254
13260
13246
13309
13268
13257
13278
13265
13310
13291
13272
13271
13276
13275
13252
13292
13259
13266
13267
13311
13286
13277
13293
13279
13270
13312
13264
13294
13269
13262
13282
13281
13285
13283
13284
13274
13280
13273
736
734
13221
13295
13219
13337
13322
13327
13399
13335
13334
13400
13336
13331
13323
13319
13401
13318
13332
13328
13402
13329
13324
13320
13321
13326
13325
13343
13338
13351
13342
13333
13339
13330
13340
13350
13345
13360
13352
13341
13349
13344
13403
13404
13405
13406
13356
13347
13407
13408
13358
13346
13371
13357
13409
13355
13368
13367
13348
13369
13383
13374
13372
13361
13362
13385
13410
13376
13363
13353
13364
13354
13365
13366
13375
13382
13370
13381
13379
13359
13411
13380
13377
13394
13373
13389
13390
13391
13378
13412
13388
13387
13397
13393
13386
13384
739
13317
13395
13398
13392
13313
737
13316
738
13396
740
741
13413
13315
742
13314
13491
13474
13485
13501
13481
13502
13499
13483
13498
13482
13490
13489
13473
13437
13428
13430
13422
13445
13444
13432
13503
13442
13440
13504
13426
13420
13419
13505
13434
13425
13423
13443
13435
13429
13506
744
13414
743
13427
13439
13421
13455
13467
13507
13449
13447
13431
13441
13436
13424
13433
745
13418
13508
13452
13448
13451
13446
13488
13438
13457
13450
13460
13456
13463
13454
13509
13459
13510
13496
13465
13461
13415
13453
13497
13475
13458
13511
13466
13471
13480
13479
13512
13494
13493
13513
13469
13462
13487
13478
13470
13472
13514
13417
13486
13476
13484
13500
13492
13464
13477
13495
13416
13468
746
747
748
13539
13529
13524
13600
13522
13521
13520
13601
13534
13531
13530
13551
13527
13602
13540
13548
13532
13541
13603
13538
13543
13533
13528
13523
13545
13536
13537
13544
13542
13525
13526
13546
13604
13552
13535
13547
13559
13558
13549
13557
13561
13550
13554
13553
13605
13606
13569
13562
13556
13607
13564
13563
13574
13560
13608
13571
13570
13565
13609
13516
13590
13610
13577
13555
13567
13586
13576
13575
13517
13594
13591
13592
13566
13611
13572
13584
13568
754
13597
753
13612
13581
13518
13589
13613
13583
13578
13614
13579
13593
13598
13582
13580
13588
13595
13587
13573
13615
752
13585
13599
749
13515
13596
750
751
13519
13636
13629
13627
13698
13624
13622
13621
13625
13653
13628
13638
13635
13699
13631
13623
13639
13626
13634
13637
13641
13632
13700
13642
13633
13630
13644
13657
13651
13701
13640
13659
13654
13645
13656
13646
13664
13649
13643
13647
759
13687
13702
13703
13661
13658
13650
13663
13676
13665
13674
13673
13670
13669
13704
13655
13660
13652
13648
13684
13666
13616
13694
13693
755
13619
13686
13691
13677
13705
13675
13668
13695
13683
13681
13706
13662
13690
13707
13672
13667
13692
13678
13682
13680
756
13679
13671
13689
13697
13617
13708
13620
13688
13685
757
13696
760
758
13618
13733
13732
13798
13799
13727
13726
13723
13722
13717
13797
13800
13791
13777
13801
13790
13789
13766
13747
13755
13802
13757
13746
13803
13768
13767
13804
13750
13735
13720
13734
13721
13719
13740
13716
13736
13805
13737
13724
13714
13718
13731
13730
13725
13806
13738
13742
13741
13807
13745
13728
13715
13729
13751
13739
13744
13743
13753
13763
13772
13758
13759
13748
13773
13756
13749
13760
13762
13752
13761
13754
13776
13808
13784
13774
13710
13809
764
13810
13765
13711
13792
13764
13770
13771
13779
13769
13778
13811
13775
13783
13782
13788
13785
13795
13781
13787
13780
13794
13793
13796
13812
762
763
13709
13786
765
761
13712
13813
766
13713
13897
13883
13896
13901
13881
13902
13815
13903
13890
13904
13889
13884
13874
13875
13885
13886
13898
13831
13905
13822
13906
13814
767
13842
13835
13825
13907
13828
13845
13838
13826
13824
13821
13819
13849
13839
13840
13833
13829
13823
13908
13888
13830
769
13848
13841
13832
13837
13820
13827
13834
13836
13850
13844
13851
13846
13867
13866
768
13843
13864
13847
13909
13891
13910
772
771
13818
13817
13861
13854
13852
13862
13860
13857
13856
13873
13911
13855
13853
13876
13863
13858
13870
13887
13868
13859
13894
13880
13912
13878
13869
13872
13871
13882
13877
13865
13893
13913
13879
13895
770
13900
13892
13899
13816
13940
13925
13921
14000
13929
13923
14001
13927
13920
13922
13919
13930
13944
13939
13934
14002
13938
13933
13926
13945
13935
13947
13936
13931
13932
14003
13928
13951
13942
13950
13941
13964
13943
13924
13960
13937
13955
13918
13987
13990
14004
13946
13968
13956
14005
13958
13957
14006
14007
13949
13952
13953
13962
774
775
13948
13973
13974
13961
13970
13969
13954
13967
13959
13915
776
14008
13986
13975
14009
13976
13978
13963
13966
13985
14010
13983
14011
13984
13972
13982
13981
13980
13977
13971
13994
13965
13992
13991
13993
13979
14012
13995
13916
13999
778
13997
777
13989
13917
13998
13996
13914
773
13988
14082
14067
14075
14094
14091
14077
14083
14089
14095
14096
14090
14076
779
14016
14074
14024
14020
14019
14097
14029
14027
14031
14025
14026
14018
14033
14049
14022
14040
14023
14021
14030
14028
14032
14041
14098
14055
14046
14099
14044
14034
14038
14039
14036
14037
14042
783
14043
14035
14057
14048
784
14060
14050
14088
14085
14073
14100
14045
14054
14052
14059
14047
14065
14092
14084
14101
14070
14058
14102
14078
14056
14053
14069
14063
14072
14061
14051
14080
14071
14062
14087
14064
14068
14081
14066
14079
14093
14086
14013
782
781
14017
14014
780
14015
14123
14118
14120
14187
14113
14188
14116
14112
14108
14127
14126
14124
14117
14111
14109
14114
14115
14119
14189
14132
14125
14121
14122
14110
14129
14131
14145
14135
14136
14190
14134
14133
14140
14148
14105
14178
14191
14173
14142
14164
14139
14130
14146
14137
14128
14152
14151
14150
14141
14138
14192
14157
14156
14155
14144
14172
14161
14162
14143
14163
14153
786
14103
787
14193
14107
14177
14194
14154
14174
14195
14168
14159
14158
14149
14167
14160
14196
14147
14165
14181
14166
14179
14171
14197
14169
785
14198
14185
14184
14170
14199
14186
14180
14176
14183
14182
14175
14104
789
14106
790
788
14228
14210
14219
14286
14224
14209
14208
14287
14211
14207
14225
14212
14220
14217
14206
14216
14222
14215
14214
14223
14218
14288
14234
14230
14233
14201
14204
794
14289
14227
14226
14229
14237
14290
14221
14213
14231
14250
14232
14241
14251
14291
14240
14242
14235
14248
14245
14244
14252
14239
14253
14236
14238
14246
14260
14292
14261
14243
14205
14293
14264
14279
14265
14278
14262
14254
14249
14294
14272
14263
14256
14255
14270
14247
14295
14266
14257
14274
14258
14267
14296
14269
14200
791
14282
14297
14298
795
796
14268
793
14281
14285
14259
14280
14277
14271
14275
14283
792
14203
14273
14284
14276
14202
14383
14385
14375
14386
14374
14373
14302
14387
802
800
801
14382
14326
14317
14322
14388
14312
14307
14308
14389
14314
14310
14390
14318
14311
14391
14323
14329
14319
14313
14336
14321
14320
14306
14305
14304
14315
14325
14316
14309
14337
14324
14370
14359
14360
14392
14333
14344
14343
14393
14342
14332
14328
14327
14330
14394
14331
14346
14335
14395
14345
14334
14350
14339
14396
14349
14338
14347
14366
14357
14354
14341
14348
14340
14361
14352
14356
14353
14351
14368
14355
14363
14362
14397
14379
14376
14364
14371
14378
14367
14365
14380
14372
14369
14358
14301
14377
14398
799
14299
14381
14303
14384
797
798
14300
14422
14416
14481
14482
14415
14404
14407
14410
14408
14412
14483
14405
14420
14411
14414
14406
14419
14436
14409
14423
14425
14418
14417
14484
14424
14421
14426
14427
14432
14430
14431
14428
14439
14485
14413
14467
14446
14437
14447
14463
14453
14461
14486
14400
808
14487
806
14441
14448
14429
14479
14488
14438
14478
807
805
14476
14468
14489
804
14455
14450
14443
14490
14442
14433
14403
14434
14451
14456
14435
14444
14459
14452
14440
14449
14491
14474
14460
14402
14475
14472
14458
14471
14445
14466
14457
14492
14470
14469
14454
14464
14462
14465
14480
14493
14473
14477
14399
14401
803
14516
14506
14514
14505
14509
14581
14502
14533
14522
14515
14572
14582
14507
14512
14499
14508
14503
14501
14504
14500
14521
14518
14583
14528
14510
14511
14526
14519
14517
14527
14513
14520
14523
14584
14534
14524
14546
14532
14536
14542
14585
14538
14540
14529
14525
14531
14545
14544
14535
14537
14551
14550
14539
14586
14556
14555
14530
14543
14587
14558
14548
14567
14559
14557
14541
14547
14552
14561
14549
14554
14563
14562
14553
14588
14566
14564
14573
14589
14560
14574
14565
14571
14568
14569
14570
14580
14496
14575
14577
14576
14590
14591
811
14579
14578
812
14498
814
813
14494
14497
810
14495
809
14665
14662
14648
14675
14673
14676
14655
14672
14658
14664
14657
14647
14656
14609
14600
14601
14677
14614
14598
14599
14597
14608
14603
14615
14604
14613
14606
14605
14602
14678
14607
14622
14617
14620
14612
14618
14611
14610
14679
14624
14680
14621
14626
14616
14630
14681
14640
14668
14642
14641
14682
14637
14619
14631
14634
14633
14625
14632
14627
14636
14628
14683
14623
14635
14639
14629
14652
14661
14649
14643
14644
14654
14674
14667
14684
820
818
14685
819
14645
14653
14660
14650
14638
14669
14592
815
14671
14686
14666
14670
14646
14659
14651
14595
14663
817
816
14596
14593
14594
14697
14692
14777
14778
14708
14698
14707
14717
14716
14706
14699
14693
14711
14696
14779
14701
14705
14704
14703
14780
14719
14709
14721
14712
14710
14700
14694
14728
14720
14715
14702
14723
14713
14722
14695
14714
823
14781
14691
14782
14737
14726
14724
14718
14725
14783
14753
14727
14732
14739
14746
14745
14784
14733
14735
14734
14738
14731
14747
14744
14736
14741
14730
14740
14729
14785
14755
822
14761
14750
14749
14762
14773
14765
14786
14751
826
824
14775
14787
14767
14759
14758
14774
825
14748
14754
14771
14768
14788
14752
14763
14756
14743
14770
14764
14742
14772
14776
14760
14687
14769
14757
14690
821
14689
14688
14766
20240
20233
20230
20261
20243
20232
20239
20262
20257
20253
20251
20263
20256
20250
20214
20211
20213
20264
972
20259
20192
20265
20191
20190
20260
20203
20200
20201
20193
20196
20194
20209
20198
20204
20212
20225
20202
20195
20208
20207
20248
20210
20199
20255
971
20254
20216
20206
20219
20205
20218
20266
20215
20231
20220
20221
20223
20222
20197
20234
20226
20228
20229
20227
20246
20244
20237
20258
20252
20224
20217
20242
20235
20238
20236
20241
20247
20249
20245
20189
20312
20340
20311
20341
20339
20338
20342
20343
20270
20337
20336
20271
20268
20269
20290
20289
20276
20344
20298
20287
20329
20326
20327
20324
20345
20346
20333
20334
20282
20280
20278
20274
20279
20275
20273
20285
20286
20328
20272
20277
20288
20284
20292
20291
20299
20293
20283
20281
20301
20300
20347
20304
20295
20297
20302
20305
20294
20303
20348
20296
20307
20306
20349
20313
20316
20315
20310
20314
20309
20308
20320
20321
20325
20323
20318
20350
20322
20317
20319
20331
20332
20330
20267
20335
973
20362
20363
20364
20354
20360
20358
20361
20359
20365
20355
20366
974
20356
20357
20353
20352
20367
20351
20368
975
976
20372
20371
20381
20374
20382
20380
20378
20383
20370
20373
20377
20375
20384
20385
20386
20387
20379
20388
20376
20369
20392
20400
20401
20394
20395
20396
20397
20402
20399
20389
20403
978
20391
20404
977
20393
20398
20390
20458
20479
20457
20480
20468
20465
20452
20443
20445
20481
20435
20424
20415
20482
20427
20426
20417
20420
20418
20414
20411
20410
20429
20413
20412
20421
20416
20473
20467
20425
20423
20466
20462
20463
20483
20431
20419
20441
20428
20440
20432
20430
20422
20475
20474
20484
20485
20434
20438
20439
20433
20446
20444
20486
20470
20477
20476
20455
20454
20453
20406
20478
20487
20437
20436
20448
20450
20449
20451
20447
20442
20460
20459
20461
20464
20456
20469
20472
20405
20471
20407
979
20409
20408
20493
20495
20494
20499
20497
20498
20492
20500
20501
20491
20496
20490
20502
20488
20503
981
20489
980
20508
20512
20510
20516
20513
20517
20514
20515
20511
20509
20518
20504
20519
20505
20520
20521
982
20506
20507
20523
20592
20522
20596
20595
20594
20597
20589
20583
20584
20598
20591
20585
20547
20536
20526
20599
20577
20600
20576
20601
20531
20528
20529
20538
20532
20535
20527
20534
20573
20570
20544
20543
20530
20541
20590
20533
20550
20545
20548
20537
20551
20539
20563
20549
20602
20554
20540
20553
20603
20560
984
20557
20542
20566
20555
20558
20556
20552
20568
20567
20572
20581
20579
20564
20559
20546
20565
20569
20561
20562
20571
20574
20578
20575
20580
20582
20586
20588
983
20587
20593
20525
20524
20632
20619
20620
20679
20633
20621
20678
20680
20674
20681
20605
20606
20608
20677
20676
985
20667
20663
20682
20673
20657
20668
20626
20624
20614
20683
20618
20611
20616
20684
20628
20627
20610
20613
20612
20615
20640
20629
20609
20630
20617
20637
20625
20638
20685
20631
20636
20623
20634
20686
20622
20641
20635
20643
20687
20639
20647
20652
20642
20648
20675
20665
20646
20645
20688
20656
20655
20664
20644
20660
20649
20650
20689
20661
20651
20670
20666
20690
20658
20662
20691
20654
20659
20672
20653
20671
20669
20604
20607
20694
20767
20766
20770
987
20768
20695
20745
20771
20735
20772
20765
20773
20712
20711
20703
20702
20725
20724
20723
20721
20713
20707
20706
20774
20763
20754
20701
20704
20698
20747
20746
20699
20715
20708
20710
20717
20709
20775
20720
20705
20700
20716
20697
20696
20748
20744
20733
20714
20728
20726
20718
20776
20727
20719
20777
20731
20750
20778
20734
20722
20739
20732
20736
20738
20729
20741
20740
20779
20752
20730
20742
20756
20743
20749
20737
20758
20757
20780
20755
20751
20764
20759
986
20760
20762
20753
20769
20761
20693
20692
20827
20818
20816
20858
20820
20809
20806
20859
20796
20805
20793
20860
20789
20861
20794
20788
20854
20853
20862
20863
20856
20852
20782
988
20785
20784
20838
20864
20836
20865
20849
20844
20821
20815
20866
20867
20825
20824
20823
20812
20811
20868
20850
20831
20819
20869
20804
20795
20803
20792
20801
20790
20791
20799
20798
20797
20800
20802
20787
20786
20845
20837
20814
20813
20810
20817
20807
20808
20822
20829
20835
20834
20833
20826
20830
20828
20870
20839
20841
20842
20843
20855
20847
20857
20851
20840
20832
20846
20848
20783
20781
20874
20875
20880
20882
20879
20877
20883
990
20884
20873
20871
20881
20885
20886
20887
989
20878
20876
20872
20897
20898
20899
20900
20901
20892
20895
20893
20889
20902
20903
20904
20888
20890
20891
20894
20896
991
20905
20906
20974
20981
20914
20912
20913
20910
20918
20917
20909
20921
20916
20911
20915
20929
20928
20982
20930
20919
20920
20925
20983
20932
20931
20924
20984
20922
20944
20942
20985
20927
20923
20986
20926
993
20978
20977
20939
20935
20940
20961
20959
20987
20988
20941
20937
20934
20933
20963
20951
20952
20945
20936
20947
20989
20950
20949
20948
20938
20953
20943
20954
20990
20964
20991
20946
20973
20971
20955
20956
20966
20957
20958
20960
20970
20962
20972
20969
20967
20968
20965
20980
20992
20979
20976
20975
992
20907
20908
21059
21069
21055
21070
21060
21058
21006
21003
21004
21000
21018
21017
21005
21071
21010
21002
21052
21035
21042
21032
20999
20998
21011
21022
21009
21016
21072
21008
21007
21021
21063
21053
21073
21026
21024
21074
21029
21028
21014
21013
21031
21019
21020
21030
20993
21062
21001
21051
21041
21048
21075
21036
21043
21034
994
21067
20997
21076
21044
21046
21056
21045
21015
21033
21012
21025
21023
21027
21039
21037
21040
21038
21047
21066
21050
21049
21077
21057
21054
21061
21065
21064
20995
21068
20994
20996
21082
21084
21086
21089
21088
21087
21085
21090
21091
995
21081
21083
21080
996
21092
21078
21079
21156
21155
21166
21167
21163
21158
21154
21143
21168
21169
21153
21150
21094
21095
21160
21170
21164
997
21142
21140
21171
21108
21111
21101
21100
21126
21125
21172
21173
21165
21104
21103
21102
21124
21107
21114
21099
21106
21098
21116
21105
21112
21113
21115
21123
21117
21127
21119
21109
21118
21122
21120
21157
21147
21121
21128
21133
21130
21139
21110
21132
21129
21141
21136
21135
21174
21146
21134
21138
21137
21144
21131
21148
21145
21149
21159
21152
21097
21151
21162
21093
21096
21161
21179
21185
21183
21186
21184
21187
21181
998
21188
21189
21180
21178
21177
999
21175
21176
21182
21192
21202
21191
21203
21195
1000
21199
21201
21204
21197
21193
21205
21190
21206
21194
21207
21208
21196
21198
21200
21229
21221
21215
21287
21217
21216
21288
21244
21235
21231
21245
21234
21233
21220
21219
21218
21214
21232
21246
21228
21222
21289
21230
21224
21223
21236
21225
21213
21226
21237
21238
21242
21290
21227
21248
21247
21241
21240
21251
21249
21239
21243
21252
21260
21257
21256
21291
21292
21259
21258
21286
21285
21293
21294
21253
21281
21276
21261
21295
21272
21270
21250
21263
21284
21269
21268
21296
21266
21255
21262
21211
21283
21210
21264
21254
21282
21267
21275
21273
21277
21278
21274
21279
21271
21280
1001
21265
1002
21209
21212
21370
21369
21372
21373
21368
21367
21300
21301
21339
21338
21374
21375
21334
21324
21376
21337
21326
21323
21322
21312
21377
21358
21356
21378
21365
21371
21349
21359
21313
21308
21307
21379
21325
21314
21315
21305
21303
21311
21316
21309
21310
21330
21328
21317
21380
21318
21306
21302
21304
21319
21332
21331
21381
1003
21333
21320
21321
21327
21382
21298
21336
21345
21335
21348
21347
21329
21344
21341
21342
21383
21351
21340
21350
21353
21343
21352
21384
21346
21357
21355
21354
21360
21363
21362
21361
21297
21366
21364
21299
21389
21391
1005
21396
21392
21394
21395
21397
21390
21388
21398
21399
1004
21387
21386
21393
21385
21409
21411
21402
21412
21401
21413
21405
1006
21407
21403
21404
21408
21406
21414
21410
21415
21416
21400
21417
21418
21422
21426
21428
21430
21424
21423
21431
21429
21432
21433
1007
21425
21427
21419
21434
21421
1008
21420
21456
21448
21442
21511
21446
21445
21441
21458
21444
21453
21443
21512
21513
21464
21451
21452
21465
21439
21507
21438
21514
21508
21515
21500
21489
21516
21517
21499
21495
21459
21440
21510
21450
21491
21484
21518
21519
21520
21460
21472
21461
21462
21449
21447
21457
21463
21471
21454
21475
21473
21521
21455
21466
21522
21467
21468
21481
21480
21469
21523
21482
21470
21485
21474
21478
21476
21479
21524
21477
21488
21487
21486
21483
21490
21493
21494
21498
21497
21502
21503
21492
21501
21496
21504
21506
21505
21509
21436
1009
21437
21435
21597
21584
21591
21598
21590
21588
21599
1011
21600
21552
21551
21601
21602
21541
21537
21540
21531
21561
21549
21530
21532
21556
21545
21544
21543
21539
21538
21533
21547
21542
21535
21536
21529
21560
21554
21546
21596
21595
21534
21589
21578
21603
21548
21550
21563
21558
21559
21570
21567
21571
21564
21565
21566
21562
21553
21555
21604
21583
21581
21568
21569
21605
21576
21577
21557
21580
21587
21574
21573
21572
21585
21575
21606
21593
21592
21579
21586
21582
1010
21527
21526
21594
21528
21525
21633
21683
21627
21684
21636
21634
21635
21645
21675
21673
21685
21686
21679
21672
21652
21687
21651
21688
21665
21653
21654
21662
21650
21661
21609
21678
21677
21689
21610
21681
21680
21611
21657
21690
21648
21691
21620
21616
21618
21615
21626
21614
21612
21619
21613
21632
21631
21692
21608
21628
21637
21624
21622
21623
21621
21641
21640
21693
21617
21625
21639
21638
21630
21629
21643
21642
21644
21646
21649
21647
21656
21655
21666
21658
21659
21660
21669
21663
21664
21674
21671
21668
21682
21670
21676
21667
1012
21607
21698
21704
21703
21705
21701
21699
21700
21702
21697
1013
21706
21707
21708
21694
21709
21710
1014
21696
21695
1015
21784
21783
21785
21712
21780
21713
21781
21730
21729
21719
21786
21723
21720
21722
21725
21724
21716
21721
21726
21714
21737
21736
21717
21731
21727
21733
21732
21774
21740
21728
21738
21739
21718
21715
21782
21746
21787
21745
21788
21734
21735
21758
21748
21750
21789
21779
21772
21771
21760
21790
21741
21757
21756
21791
21743
21776
21765
21766
21777
21792
21747
21744
21770
21749
21793
21752
21742
21754
21755
21764
21767
21753
21751
21768
21761
21763
21762
21794
21773
21778
21759
21769
21775
21711
21808
21807
21870
21871
21799
21800
21811
21810
21867
21859
21866
21872
21869
21861
21862
21873
21865
21860
21874
21851
21848
21875
21857
21834
21820
21821
21876
21836
21822
21823
21824
21877
21847
21849
21855
21878
21813
21806
21879
21801
21804
21803
21805
21814
21802
21809
21815
21817
21816
21830
21818
21880
21881
21828
21827
21826
21819
21812
21840
21829
21882
21833
21832
21835
21825
21846
21841
21839
21838
21854
21837
21852
21868
21842
21831
21843
21844
21845
21850
21863
21853
21864
21856
21796
1016
21858
21798
21797
1017
21795
21908
21896
21907
21895
21904
21889
21890
21964
21899
21891
21965
21883
21957
21912
21911
21898
21966
21906
21894
21892
21900
21893
21888
21901
21903
21902
21897
21921
21917
21916
21914
21913
21910
21909
21905
21915
21919
21967
21922
21923
21926
21945
21946
21935
21937
21936
21968
21886
21960
21885
21969
21924
21927
21925
21934
21931
21928
21930
21929
21970
21918
21962
21961
21971
21933
21932
21920
21941
21940
21939
21948
21972
21938
21943
21942
21973
21950
21974
21951
21944
21952
21958
21949
21947
21953
21955
21954
21959
21963
21956
1018
21884
21887
-3.728442 -0.3385703 62.43627
-3.910166 -1.923458 61.12862
-2.038398 -2.330993 62.42033
-3.939355 -2.269673 63.72744
-5.965551 -2.215455 61.91301
-5.050516 -4.12443 61.19528
-6.481641 -0.3529684 62.94569
-5.241291 5.037415 54.75383
-5.640549 3.078457 53.01514
-4.092243 4.939913 52.10772
-3.063606 2.713627 54.02651
-0.185045 -1.157168 54.83026
-0.05040039 -0.005978161 52.29767
-0.5639494 -2.216427 52.21303
-2.434785 -0.4932103 52.16137
-1.99011 0.3075877 54.29419
-3.431126 0.3459708 55.89442
-4.736057 1.097589 53.73734
-1.19553 -3.198576 54.79109
-3.650905 -1.072965 54.74025
-4.844796 -0.1725593 48.21806
-6.365527 -2.403992 47.50566
-4.240651 -4.967583 46.65546
-1.833963 -3.846572 46.71551
-3.998062 -2.610579 48.57629
-10.00411 1.118362 51.8572
-7.761814 -0.6769319 53.76262
-9.997063000000001 -1.148886 51.66646
-7.316291 1.596936 52.03764
-9.233663 -2.868648 55.35179
-6.502127 -2.72504 54.02327
-6.778068 -1.68322 55.87697
-5.216218 -0.4293503 55.63218
-8.033792999999999 0.2719889 55.32444
-2.608471 -1.226404 57.39842
-2.665861 1.156544 57.39842
-1.774187 1.079903 56.12939
-4.7594 2.114698 55.85108
-3.595426 -2.205929 56.12222
-6.532902 4.828735 52.12933
-3.850291 3.181039 50.92787
-6.296021 -0.5027376 50.91992
-5.987531 2.265512 49.52051
-2.962443 4.568542 49.42379
-2.83422 1.614345 48.96541
-5.302918 5.035188 49.43469
-0.5605897 2.209553 52.26104
-1.135514 3.124071 49.59683
-7.018521 2.294871 55.37543
-7.573611 4.385259 54.73224
-2.988512 -4.580592 54.77452
-5.563269 -2.992935 55.98075
-3.312693 -3.005374 57.39842
-3.963872 -4.912237 57.39842
-5.066322 -3.193368 57.39842
-4.313265 -1.567508 57.39842
-2.084952 -1.78421 56.02592
-5.327739 -0.8388863 52.98126
-3.583459 -2.499632 52.53166
-8.166192000000001 3.991987 57.39842
-9.465386000000001 2.501024 54.69454
-10.1106 -0.4390651 48.87698
-7.487221 -0.2598286 48.46753
-9.442534 -2.540585 50.07208
-8.999705000000001 -3.180134 52.68494
-5.707848 -2.935953 51.38169
-5.427679 1.236649 57.39842
-6.078159 0.2579929 56.49554
-6.888076 0.5899526 57.39842
-4.097785 0.1908052 57.39842
-5.601553 0.0732188 57.39842
-7.932754 1.79284 57.39842
-0.1703788 -1.093136 49.72241
-6.192833 -4.917556 57.39842
-6.655115 -3.088084 57.39842
-5.240557 -5.037437 54.83436
-7.545632 -4.400987 54.94915
-6.654395 -4.790756 52.33294
-3.025091 -4.597198 49.42286
-1.126341 -3.112423 49.49094
-4.188491 -4.958382 52.14226
-6.646166 -0.439247 57.39842
-0.1749159 1.113359 49.80494
-9.549205000000001 2.348324 49.33558
-7.736209 4.289105 49.48606
-1.993749 3.976323 52.1504
-6.212713 4.913056 57.39842
-3.749541 -0.3286479 57.39842
-9.886982 1.545367 57.39842
-10.10274 -0.5211762 54.51408
-2.969423 4.571786 54.76468
-9.130527000000001 -3.012177 47.3585
-5.522769 -5.021075 49.49355
-5.960153 -1.669451 57.39842
-7.895085 -1.719499 57.39842
-8.188644 0.03518842 57.39842
-6.951493 -4.683328 46.6991
-4.095554 2.772856 57.39842
-3.97676 4.915174 57.39842
-7.937609 -4.158125 49.77035
-1.915279 3.20655 57.39842
-1.191722 3.193934 54.79975
-2.015114 -3.992868 52.12741
-0.05039684 0 57.39842
-0.6054977 2.299332 57.39842
-0.1829033 1.148052 54.84058
-8.743316999999999 3.47164 52.0709
-8.166192000000001 -3.991987 57.39842
-2.01397 3.991987 57.39842
-9.882802 -1.558283 57.39842
-5.187418 -0.0332405 57.39842
-2.01397 -3.991987 57.39842
-6.455428 2.556414 57.39842
-0.6028595 -2.294179 57.39842
-1.915279 -3.20655 57.39842
-5.559812 0.06669002 60.57593
-6.841004 0.5582231 61.05237
-5.591115 0.07153284 62.3508
-5.19963 1.330786 61.53128
-3.916118 0.2567739 63.17379
-5.194192 2.207494 64.79651
-8.263871999999999 3.126434 59.55439
-8.02352 1.99234 61.50272
-5.886275 1.435733 59.80016
-6.431434 2.790124 62.12889
-7.604393 1.268096 59.34909
-6.294499 0.2690772 59.13995
-6.25715 1.428301 58.42044
-1.935522 3.564494 64.1541
-3.597712 2.575133 62.14418
-4.588584 4.348622 62.91989
-2.592067 5.165961 61.77452
-2.751085 1.059816 61.48139
-4.139421 2.132731 59.79564
-3.279832 0.5984152 59.34427
-4.465963 1.31308 58.33002
-6.533381 3.615321 58.70601
-1.979631 3.842528 59.61291
-5.180936 3.991776 60.34253
-1.936852 2.837074 61.76228
-4.208518 0.1565969 61.05044
-2.146866 2.016234 59.49636
-4.871408 6.373812 60.11724
-7.441168 5.340035 59.72057
-6.416755 6.090871 57.39842
-4.336352 6.290583 65.26349999999999
-3.272203 5.809373 66.58789
-5.060819 6.381217 67.44318
-5.709622 4.481003 66.17606000000001
-6.116334 6.210909 64.91238
-7.320643 5.465745 67.01327999999999
-2.847332 5.453647 64.46420000000001
-2.121592 4.332358 66.58606
-2.182625 1.931378 66.51054000000001
-7.845214 4.784083 64.46586000000001
-4.486861 6.323519 62.97824
-8.134588000000001 4.106742 61.88323
-6.695842 5.945328 62.28579
-8.263494 3.112627 66.68713
-2.416124 1.495023 63.82617
-3.714882 0.3450479 65.47253000000001
-7.170813 0.8086506999999999 63.18494
-8.206666999999999 2.601354 63.92197
-5.641179 0.07994508 64.55318
-7.405094 1.033975 65.49507
-5.670466 0.08524886 67.05816
-4.78742 0.0462076 59.13851
-2.786646 5.391397 59.27147
-3.75871 6.088706 57.39842
-4.64872 -2.392279 58.80956
-8.123747 -2.270473 61.52316
-5.749928 -1.35649 59.91116
-6.38761 -2.570145 58.83117
-6.086109 -0.1920357 59.1534
-7.540621 -1.18808 59.28165
-5.268323 -0.03675546 60.9164
-5.61834 -4.560338 58.9185
-2.643205 -5.229461 59.44373
-3.757526 -6.088158 57.39842
-3.653829 -3.710835 58.94028
-2.171718 -1.956541 58.85363
-1.920161 -3.382547 59.88005
-3.566559 -1.891152 59.37626
-2.502066 -1.367652 60.60677
-2.497847 -5.039496 62.21359
-8.231735 -2.748968 59.15608
-7.943043 -4.59938 59.90689
-5.185838 -0.8905161 58.2622
-3.089683 -0.7412353 58.96986
-3.733079 -0.3363735 60.46823
-4.504325 -0.08625242 59.0574
-7.823029 -4.822212 63.05559
-4.458531 -6.317902 60.12435
-6.560633 -6.020239 60.73161
-6.410412 -6.093779 57.39842
-6.906768 -0.6028954 60.84724
-4.068502 2.135968 67.25842
-3.468287 3.85273 68.07473
-5.99559 2.345028 68.02266
-1.915429 3.237417 68.89659
-2.656604 1.167541 69.13075000000001
-2.892966 5.498286 68.85717
-7.507471 1.148495 67.57355
-3.581773 0.4129189 67.51822
-5.246949 -3.489192 76.99290000000001
-4.808894 -3.117558 77.1835
-4.476175 -2.70443 76.67194000000001
-5.266011 -2.735822 76.90843
-5.740626 -3.311739 76.00382999999999
-5.829026 -4.031292 76.76579
-6.178741 -2.975041 76.84706
-4.522358 -3.881162 76.86736000000001
-6.049078 -3.58088 77.55714999999999
-5.110081 -3.20655 77.55714999999999
-4.970949 -1.999232 77.01797000000001
-4.478014 -2.773388 77.55714999999999
-4.212917 -3.629803 77.55714999999999
-5.059222 -3.414685 77.55714999999999
-8.263671 -3.29429 71.42610000000001
-6.078537 -4.13501 69.67716
-8.101236 -2.200411 69.27298999999999
-6.249329 -2.775847 71.64849
-7.512459 -5.258733 71.62124
-3.65565 -2.808732 69.60357999999999
-4.154134 -3.754893 71.52495999999999
-4.430557 -4.492405 68.41234
-6.129694 -3.222933 67.56984
-5.626355 -2.120821 69.84188
-4.688105 -6.355801 70.17883999999999
-4.129855 -1.971348 73.60666999999999
-6.026459 -2.463593 73.97591
-2.037887 -2.332778 71.40479999999999
-3.262171 -0.6107624 71.46127
-6.310934 -4.384272 75.10835
-4.462213 -2.600607 75.30981
-3.233601 -0.6311184 75.48266
-2.067448 -2.235439 75.52494
-5.243459 -0.0354551 75.10024
-5.496287 -0.05784166 72.03353
-3.450619 -2.721275 77.55714999999999
-3.262939 -3.918472 77.55714999999999
-3.031263 -3.472361 76.66145
-1.915279 -3.20655 77.55714999999999
-2.575287 -5.144378 77.55714999999999
-2.083634 -4.226671 75.54940000000001
-4.084488 -3.982129 75.82616
-5.109913 -1.483898 76.13914
-2.575287 -1.268722 77.55714999999999
-4.530098 -1.972436 67.22257
-4.296398 -0.1325568 69.35632
-2.166067 -4.443284 71.43555000000001
-2.976859 -5.575867 69.29340999999999
-1.93192 -3.531184 69.34993
-1.976255 -2.587313 67.43120999999999
-3.270128 -5.807923 75.55475
-6.455402 -1.898359 76.42689
-6.507825 -6.047214 69.52079000000001
-4.966601 -6.37895 68.0108
-8.109849000000001 -4.186534 73.59853
-7.023649 -5.724622 73.98927999999999
-6.540819 -4.32268 72.79839
-5.611928 -6.33817 72.28626
-4.928326 -4.496476 73.72085
-8.130061 -2.291186 73.58031
-5.288183 -6.375166 75.19922
-5.039181 -5.044727 76.37161999999999
-8.264821 -3.226466 75.58327
-7.09074 -3.08496 76.29455
-7.85626 -4.764633 75.68185
-6.789353 -4.752775 76.6686
-7.069343 -3.746184 77.55714999999999
-6.565376 -2.553739 77.55714999999999
-8.194195000000001 -2.540334 77.55714999999999
-8.185641 -3.911445 77.55714999999999
-7.868622 -1.670622 75.65158
-7.604875 -1.268722 77.55714999999999
-5.367003 -2.225898 77.55714999999999
-6.844051 -0.5602401 75.94041
-4.620983 -0.06659546 64.82017
-5.907673 -2.206184 65.08086
-5.374165 -4.354479 64.92482
-3.564623 -3.460402 66.31796
-2.571712 -5.139731 73.56358
-3.491613 -5.94959 71.70124
-1.916484 -3.294004 73.48454
-8.093335 -2.177066 64.48688
-5.472974 -0.05492179 67.16668
-3.01322 -0.8052972 66.75993
-4.885892 -2.3682 77.55714999999999
-5.054389 -2.956505 77.55714999999999
-7.547339 -1.196264 67.10245999999999
-2.739537 -1.072467 64.31605999999999
-4.147658 -4.891432 77.55714999999999
-4.192109 -1.550938 77.55714999999999
-5.828637 -4.742096 77.55714999999999
-5.149803 -2.809925 77.55714999999999
-5.57309 -3.034801 77.55714999999999
-7.604875 -5.144378 77.55714999999999
-6.068884 -6.226701 77.55714999999999
-6.855988 -5.844909 75.97790999999999
-4.87905 -4.059564 77.55714999999999
-2.471177 -1.411916 69.27903000000001
-3.413136 -5.902329 67.06426999999999
-4.785595 -6.366717 65.83134
-2.97777 -5.576679 64.94456
-2.20396 -4.529303 67.14102
-5.208945 -3.827582 77.55714999999999
-1.9157 -3.154848 64.96615
-2.48572 -1.390876 73.47695
-6.105167 -1.477346 77.55714999999999
-7.015139 -0.6819672 73.89116
-7.564953 -1.217988 71.59256999999999
-6.663512 -0.4490721 65.28292999999999
-6.609917 -0.4191736 69.45541
-7.037481 -5.71394 66.31327
-8.261642999999999 -3.349959 66.94157
-8.115977000000001 -4.167445 65.15527
-7.980198 -4.520549 69.1071
-4.130457 -6.23285 77.55714999999999
-5.228919 -6.378315 63.29981
-4.003361 -6.18957 73.6609
-3.899319 -0.2635155 73.50684
-6.030021 -0.1740789 77.55714999999999
-4.13938 -0.1774353 77.55714999999999
-5.068497 -3.126974 79.17341
-3.832603 -2.480238 79.99697999999999
-3.805844 -3.767902 79.91339000000001
-4.186456 -3.262305 78.49368
-4.546084 -1.856952 80.79998999999999
-5.051921 -2.937644 81.91164999999999
-2.742176 -3.031379 80.80825
-4.743727 -4.301497 80.93728
-3.25283 -1.214917 81.33956000000001
-5.065085 -3.065273 80.37988
-2.236621 -5.024611 85.44154
-2.558752 -2.8499 87.08387999999999
-2.569479 -3.167214 85.41813999999999
-3.761362 -3.579943 87.07932
-4.861598 -4.095633 88.72427
-2.634478 -3.942759 88.05495000000001
-3.815058 -3.299385 89.2486
-3.7246 -5.096419 88.68865
-2.202999 -5.008818 88.67395
-1.176809 -3.851159 88.62925
-2.739622 -3.750649 90.85995
-3.1411 -1.207811 83.52482999999999
-2.645012 -1.252243 85.39733
-4.110125 -1.498245 85.33647000000001
-4.39859 -4.701563 90.36104
-3.849179 -2.909207 91.40174
-1.628735 -4.593101 90.31751
-2.994065 -5.205105 90.31525999999999
-3.138418 -1.207718 90.29443999999999
-2.703142 -2.619276 91.79741
-1.071455 -3.132437 90.45869
-1.270972 -2.332933 88.58772999999999
-1.735365 -1.717076 90.29056
-4.76023 -4.275847 84.98231
-4.997752 -2.673555 85.60053000000001
-1.78859 -1.671043 86.78989
-1.376635 -2.142483 84.5902
-3.53607 -5.151506 85.53749000000001
-1.176635 -3.850649 83.13252
-1.732759 -4.693685 84.26546999999999
-1.200921 -3.918056 85.19401999999999
-3.176142 -3.695611 84.05762
-1.078836 -3.019615 86.75689
-1.566153 -4.524959 86.97479
-3.90384 -5.024473 79.33922
-2.930771 -3.294676 78.64008
-3.953331 -4.206223 78.06798999999999
-4.990703 -3.764414 78.46902
-4.608297 -4.484788 78.51401
-1.324347 -2.230634 91.98222
-1.940111 -3.254667 92.73238000000001
-2.328428 -2.224372 92.71876
-1.81016 -1.93403 93.55714999999999
-2.538641 -3.076384 93.55714999999999
-1.81016 -4.47907 93.55714999999999
-2.535893 -3.337999 93.55714999999999
-2.337656 -4.217999 92.72517000000001
-3.695138 -3.167019 92.69728000000001
-2.33543 -5.066735 91.93732
-3.731505 -5.094013 91.94663
-3.296077 -3.900495 91.98950000000001
-2.894108 -4.345437 93.55714999999999
-1.849326 -4.790771 93.55714999999999
-3.057268 -5.206509 93.55714999999999
-1.293102 -4.124344 91.9828
-1.070081 -3.20655 93.55714999999999
-1.07037 -3.172533 92.00107
-1.55917 -1.89615 81.95572
-3.182495 -3.150883 82.49706999999999
-4.709643 -4.351904 82.83009
-4.933588 -2.480367 83.80454
-2.896436 -2.067655 93.55714999999999
-3.066746 -1.206553 93.55714999999999
-3.79719 -1.343404 91.94029
-2.399674 -1.322259 91.92838999999999
-1.849326 -1.622329 93.55714999999999
-2.917012 -5.200684 87.07973
-3.543319 -5.149755 81.38266
-2.974063 -5.204244 83.56976
-1.901312 -4.829504 81.46861
-1.085221 -3.452173 81.11382
-4.871138 -4.076144 79.54489
-1.2711 -2.33267 79.53055999999999
-3.590922 -2.062378 78.38715000000001
-3.747952 -1.324931 79.31610999999999
-2.33692 -1.345777 79.91070000000001
-4.554742 -1.866482 78.50233
-2.576993 -5.144813 79.7784
-1.369404 -4.259023 79.41652000000001
-4.290836 -1.622329 93.55714999999999
-3.822905 -2.944305 93.55714999999999
-4.351265 -4.742313 86.98529000000001
-5.05587 -3.444545 86.99637
-4.616578 -1.938344 87.0789
-2.418688 -1.315602 88.60093999999999
-3.952294 -1.411641 88.67989
-3.283977 -1.218021 86.99791
-4.812089 -4.189103 92.00998
-4.969118 -2.579128 88.73882
-4.369053 -1.685803 82.34413000000001
-4.510769 -1.819316 90.35645
-5.068544 -3.284936 90.52879
-4.845219 -2.285201 92.01045999999999
-5.070079 -3.203745 93.55714999999999
-5.069774 -3.2416 92.03854
-1.070081 -3.20655 77.55714999999999
-4.782498 -2.173289 79.50198
-3.821164 -3.467499 93.55714999999999
-4.962683 -2.559977 78.45779
-4.290836 -4.790771 93.55714999999999
-5.069605 -3.162921 78.26972000000001
-6.989923 -5.202937 78.77661000000001
-6.362572 -4.157438 78.44122
-7.666677 -4.17486 78.43517
-6.616267 -3.093145 93.55714999999999
-7.373416 -3.169829 92.67795
-6.087183 -2.686225 93.04644
-6.347326 -3.625857 92.52001
-5.301425 -2.352873 92.02070000000001
-6.453281 -2.808249 90.97225
-5.110081 -3.20655 93.55714999999999
-5.266614 -3.982199 92.00291
-5.85016 -4.47907 93.55714999999999
-6.613658 -3.32107 93.55714999999999
-5.85016 -1.93403 93.55714999999999
-6.428057 -1.326432 92.00949
-5.889326 -1.622329 93.55714999999999
-6.949095 -2.066656 93.55714999999999
-7.389423 -2.230395 78.4325
-7.604166 -3.534531 79.98446
-6.244112 -3.339565 79.18116000000001
-6.804101 -5.183006 81.99678
-7.301512 -2.827822 82.7222
-6.046035 -3.164928 80.89075
-6.94804 -4.346517 93.55714999999999
-8.330836 -4.790771 93.55714999999999
-7.891661 -3.490873 93.55714999999999
-7.806922 -4.121171 92.70739
-5.873736 -4.778635 80.79504
-8.390838 -4.742669 79.37491
-9.011555 -3.826548 80.82684
-8.269949 -4.835877 81.45319000000001
-5.647074 -1.842875 79.28179
-6.961905 -1.212047 79.30367
-5.375748 -4.202587 78.54885
-6.012147 -4.878238 79.2654
-5.313492 -4.085337 79.77297
-5.210323 -2.581316 78.73259
-5.939777 -2.765817 78.2572
-5.120581 -3.411221 78.91663
-7.237986 -1.210644 90.45949
-5.814804 -1.682654 90.44497
-6.296466 -3.358048 89.41049
-5.656448 -4.580214 90.37703
-7.086462 -3.924505 91.49516
-6.643232 -1.2618 88.79163
-5.816012 -1.681629 87.3113
-7.625559 -3.657104 88.23208
-6.208193 -4.991655 88.67372
-5.198778 -3.795549 88.89359
-5.416427 -4.270287 87.19515
-5.113373 -3.091845 90.45946000000001
-5.129395 -2.929271 87.61042999999999
-9.109956 -3.184143 79.26519999999999
-8.914628 -4.068878 77.55714999999999
-5.889326 -4.790771 93.55714999999999
-6.380396 -5.068689 91.9318
-8.550717000000001 -4.593838 90.18373
-7.753298 -2.785018 91.05991
-9.092381 -2.941059 89.95107
-7.451996 -5.177107 85.12683
-8.695459 -4.425803 86.62823
-6.870808 -5.192186 86.9139
-7.214138 -2.810857 86.26922999999999
-8.243586000000001 -1.558774 88.99065
-5.148481 -2.816518 85.86435
-8.952764 -2.429042 81.10424999999999
-8.510275 -1.778455 83.02059
-9.076624000000001 -3.570842 82.84972
-9.00032 -2.553099 85.21088
-8.776947 -4.311792 84.63961999999999
-7.497134 -3.247937 84.52194
-5.127445 -3.469519 83.83372
-5.709392 -4.63416 85.42263
-7.483037 -1.241632 84.69342
-6.224069 -1.413513 85.81685
-7.710293 -1.298738 86.89561999999999
-6.246821 -5.010651 83.6948
-5.110092 -3.199901 82.18541999999999
-5.480861 -2.046532 82.53776999999999
-6.233531 -1.408868 80.99491
-6.847081 -1.223918 82.79281
-7.781681 -1.322683 81.10768
-7.95391 -5.019822 83.2817
-7.09565 -5.206498 90.25275999999999
-5.511364 -4.408258 82.31247999999999
-5.741797 -1.747853 84.26497999999999
-7.858659 -5.061174 88.49617000000001
-8.929392999999999 -4.037276 88.55679000000001
-9.033808000000001 -2.65949 87.63858
-5.358796 -2.240631 88.93526
-8.444181 -1.716525 79.31207999999999
-7.670864 -2.214218 92.72642999999999
-8.971482 -3.938114 91.83439
-7.102691 -5.206536 80.31076
-7.831984 -1.341381 92.04774999999999
-8.925056 -2.366392 91.94101000000001
-9.110078 -3.202911 93.55714999999999
-7.892521 -2.921546 93.55714999999999
-7.861735 -5.05993 91.87716
-7.112598 -5.206549 93.55714999999999
-8.447274999999999 -1.7193 90.6536
-5.130317 -2.922762 78.10982
-5.138113 -3.540227 78.15288
-8.935812 -2.390028 77.55714999999999
-5.172728 -3.703202 80.9866
-8.330836 -1.622329 93.55714999999999
-7.115458 -1.206557 93.55714999999999
-5.283241 -2.392513 80.96007
-5.125772 -2.956516 79.8215
-4.329464 -1.970841 106.2564
-4.276194 -2.298301 105.5317
-4.288836 -1.614598 105.3356
-3.659885 -1.739874 105.4769
-4.068078 -2.703058 106.2564
-3.813653 -2.182477 105.7933
-3.755652 -2.169113 106.2564
-3.336857 -2.574583 105.7362
-3.418291 -2.025181 105.9635
-3.717304 -2.686704 105.8553
-3.803223 -1.677849 106.2564
-1.920577 -2.449822 100.9879
-1.999268 -1.270132 100.6921
-1.816063 -2.055845 99.53565
-3.191515 -1.589406 100.3298
-2.805248 -1.676524 106.0201
-3.075845 -1.917368 105.9991
-2.568577 -2.062214 105.873
-2.766829 -2.044055 106.2564
-3.108434 -1.838238 105.6148
-3.053924 -2.047962 106.2564
-3.04005 -1.748062 106.2564
-2.332771 -1.800541 106.2564
-2.502013 -1.523915 105.7159
-3.832087 -0.9306613 105.2463
-4.180303 -1.338372 104.2845
-3.022227 -1.579581 105.0184
-3.328223 -2.368502 104.8421
-4.280162 -2.284894 104.53
-3.977989 -2.807588 105.4126
-3.359258 -2.191496 106.2564
-3.078018 -1.93403 106.2564
-3.111742 -2.162931 106.2564
-3.428224 -1.812806 106.2564
-3.328481 -1.509417 105.9153
-3.434697 -1.27148 106.2564
-4.068078 -1.165002 106.2564
-3.043538 -1.155331 105.6596
-2.981518 -2.30022 105.9855
-3.575989 -3.087918 106.2564
-3.453722 -3.134122 105.4562
-2.786492 -1.332709 106.2564
-3.138129 -1.631034 106.2564
-3.12077 -2.061019 103.9291
-2.439919 -2.098884 105.2384
-1.989538 -2.58197 103.6761
-1.810255 -1.918532 103.3454
-2.859309 -1.693951 102.8338
-1.979233 -1.303593 104.2776
-2.616774 -0.7584814 104.1576
-2.154249 -1.068782 103.1046
-4.329893 -1.917419 103.3507
-3.933262 -1.01625 103.1608
-3.487565 -0.7452875 104.1752
-3.019484 -0.6751252 103.0516
-3.542384 -2.656179 106.2564
-2.397731 -2.627416 105.9097
-2.82787 -2.661397 105.5879
-2.671519 -2.617763 106.2564
-2.445638 -2.301119 106.2564
-2.477331 -0.8222529 101.8987
-3.007532 -0.6756624 100.6945
-2.643931 -1.978313 101.6065
-1.870241 -2.318458 106.2564
-1.835572 -2.185802 105.5975
-2.046158 -2.668184 105.5129
-2.581585 -3.095396 106.2564
-2.072084 -2.703058 106.2564
-3.250732 -3.180933 102.6417
-2.114221 -2.754842 102.4512
-3.093447 -2.769701 106.2564
-2.451096 -3.031417 105.2787
-3.239526 -2.413919 106.2564
-1.909821 -1.442912 105.3437
-1.822367 -2.108987 104.6616
-1.866446 -1.561655 106.2564
-1.813051 -1.848728 105.58
-2.704703 -0.7282521 106.2564
-3.068358 -0.67411 105.212
-2.328927 -0.915162 105.2438
-2.072084 -1.165002 106.2564
-3.082742 -3.193887 106.2564
-2.904208 -3.182984 105.4367
-3.78219 -2.973405 104.5661
-1.815087 -1.822714 97.84677000000001
-4.02639 -1.113741 97.45845
-4.166829 -2.554147 97.64062
-2.886045 -2.038931 98.99551
-4.271742 -1.555333 98.69727
-4.160519 -2.565177 99.05862999999999
-3.758426 -0.878766 99.69614
-4.32937 -1.894116 99.98399999999999
-2.430661 -0.8484224 99.21268999999999
-2.509038 -3.06214 99.9285
-3.748094 -2.995962 100.2442
-2.090256 -1.14198 96.3295
-1.890994 -2.378051 96.26454
-3.007534 -1.79749 97.04186
-2.744321 -0.7169507000000001 97.60763
-4.066072 -1.162406 100.9533
-3.318402 -3.169237 98.78931
-2.217176 -2.861367 98.66239
-3.524704 -0.7589898 98.53968
-3.251533 -3.180816 94.80677
-3.772348 -2.980081 96.17631
-2.661744 -3.125945 95.90667000000001
-3.157396 -1.957609 95.39787
-4.314876 -1.739383 96.22255
-3.919881 -1.003846 94.88124999999999
-3.361849 -0.7083576 96.22723000000001
-4.290425 -2.247336 101.1976
-3.749019 -2.99537 101.5502
-2.815368 -3.167935 101.3058
-2.702982 -3.139285 97.33831000000001
-1.835883 -1.680737 102.05
-4.167251 -2.553401 102.4131
-4.26523 -1.535258 102.1785
-4.253863 -2.36538 94.86908
-2.103497 -2.742186 94.8202
-2.532135 -0.794725 94.90924
-1.829203 -1.715801 94.94804000000001
-3.326357 -2.198805 94.35333
-3.536466 -0.7636086 101.9663
-3.231632 -3.183551 104.7636
-3.980013 -2.80548 103.5484
-3.27481 -3.177206 103.8712
-3.446642 -0.7316975 106.2564
-2.732896 -3.147993 104.5399
-3.068135 -0.6741103000000001 93.55714999999999
-2.524368 -3.069635 103.5667
-2.960387 -2.322842 106.2564
-2.178649 -2.824395 104.5266
-1.81016 -1.93403 106.2564
-2.500759 -5.603025 94.97206
-3.346441 -4.86416 94.19609
-1.827618 -4.688082 95.00588
-4.281591 -4.133173 94.89335
-3.055847 -5.738911 93.55714999999999
-3.863847 -5.457506 94.92695999999999
-2.995266 -4.160182 106.2564
-3.087293 -3.672461 106.2564
-2.700952 -3.813565 106.2564
-3.259066 -4.216724 105.8722
-2.863754 -3.236158 105.7026
-2.602371 -3.634253 105.8386
-3.119621 -3.766289 105.5093
-2.598297 -3.310815 106.2564
-2.411516 -3.404969 105.2757
-3.306309 -4.46638 102.4918
-2.502738 -3.354116 102.1068
-2.834128 -3.846311 101.6924
-3.528139 -3.305365 102.5935
-2.072084 -3.710043 106.2564
-1.896427 -4.020881 105.2119
-2.537424 -4.200442 105.6688
-3.771072 -5.525977 99.24345
-3.980015 -5.350518 97.66856
-4.316656 -4.661972 98.61564
-2.807929 -4.376219 98.32834
-4.280165 -4.128217 97.51025
-3.201756 -4.688246 96.9948
-3.610817 -3.670372 105.8755
-4.068078 -3.710043 106.2564
-4.252542 -4.044115 105.305
-3.77667 -3.435934 105.3467
-3.568644 -3.321989 106.2564
-3.313929 -3.242972 105.7144
-3.612328 -4.564394 106.2564
-3.06662 -4.679454 105.8292
-3.870881 -4.669714 105.8317
-3.289018 -5.017977 106.2564
-2.501782 -4.437047 106.2564
-2.553707 -4.914362 105.7895
-2.807068 -5.062032 106.2564
-3.078018 -4.47907 106.2564
-3.597967 -4.383497 105.1917
-3.063291 -4.835639 105.1556
-3.445356 -5.681805 106.2564
-3.194629 -5.331536 105.7828
-4.044463 -3.680334 104.4089
-4.325064 -4.367634 104.2863
-2.902501 -4.776203 103.8829
-3.738756 -3.411234 103.6483
-2.942492 -3.959816 104.6694
-4.068078 -5.248098 106.2564
-3.252419 -3.232413 103.6287
-2.65031 -3.291134 103.2916
-4.278419 -4.835889 105.2571
-3.820749 -5.490949 105.2009
-4.329053 -4.430169 106.2564
-2.705039 -5.68495 106.2564
-2.318727 -5.49044 105.16
-3.311449 -3.242485 94.89892
-2.758049 -3.2584 96.25949
-3.957498 -3.584703 96.2167
-3.089474 -4.69862 95.58543
-2.254094 -3.519088 100.7392
-1.875127 -4.079713 101.8384
-3.094855 -4.497604 100.4457
-3.040469 -3.219497 99.83108
-3.952012 -3.579293 100.3439
-3.965004 -3.592214 98.87899
-4.329888 -4.496002 99.82172
-3.279377 -5.721486 96.38878
-2.087041 -5.267127 96.46201000000001
-1.815879 -4.598976 97.82356
-2.684358 -5.678495 98.01402
-3.054862 -4.586338 106.2564
-4.317863 -4.304594 101.1024
-3.212665 -3.227243 101.1898
-1.950328 -5.056611 99.22532
-2.716211 -5.688276 99.47839
-2.019189 -3.784069 99.18765999999999
-3.213625 -5.730788 100.5874
-3.460243 -3.281083 97.50574
-3.607731 -5.618515 101.8324
-2.664831 -5.672039 101.7501
-2.916834 -3.228504 98.60535
-2.278618 -3.498771 97.63045
-4.276857 -4.841137 96.26285
-2.233119 -5.420821 100.548
-4.072572 -5.242231 100.7251
-1.938439 -5.032954 101.7566
-1.81023 -4.46581 100.5192
-3.947866 -3.575248 101.5228
-1.877504 -4.07267 96.35995
-2.12661 -3.644048 94.93219000000001
-4.236708 -4.954868 102.0224
-3.100177 -5.738632 102.9492
-3.914228 -5.414387 103.0316
-2.002899 -3.809351 103.0706
-1.824194 -4.666598 102.9529
-4.252739 -4.04465 102.2999
-2.259512 -5.443632 102.9144
-3.110063 -3.219784 105.0946
-4.1573 -3.842395 103.3857
-4.317081 -4.659046 103.1935
-2.003457 -5.149677 104.056
-3.493598 -5.665677 104.0976
-4.135746 -5.1512 104.1852
-2.796483 -3.249215 104.3325
-2.160047 -3.607727 104.2202
-1.818255 -4.336481 104.1068
-2.660168 -5.670445 104.0544
-3.071974 -5.73899 105.1674
-3.733951 -4.117202 106.2564
-2.072084 -5.248098 106.2564
-1.859861 -4.829452 105.179
-3.482698 -3.787244 106.2564
-1.81016 -4.47907 106.2564
-3.492677 -3.292136 104.4316
-3.087598 -3.219271 106.2564
-3.177598 -4.094158 106.2564
-8.108078000000001 -1.165002 106.2564
-7.905764 -0.9571527 105.203
-7.479376 -0.7294461 106.2564
-7.628713 -1.116894 105.7734
-8.306476999999999 -2.329047 94.94242
-7.330492 -3.174522 94.8907
-7.400015 -1.576236 94.23348
-6.562801 -0.7991795 94.99126
-7.114662 -0.6741171 93.55714999999999
-5.868863 -1.717748 95.01412000000001
-7.934295 -0.9811017 94.94394
-5.912442 -2.325261 106.2564
-6.154744 -2.014407 105.9543
-5.921803 -2.352832 105.7395
-6.343641 -2.526187 105.9192
-5.909106 -1.553161 106.2564
-5.984906 -1.367125 105.3195
-6.630487 -1.307685 105.7589
-5.85098 -1.888588 105.4734
-6.560223 -2.040652 105.6994
-5.85016 -1.93403 106.2564
-6.362018 -1.787705 106.2564
-6.936476 -3.181933 105.4492
-7.283507 -2.274635 105.5129
-7.483362 -3.137384 105.4406
-7.195662 -2.558746 105.9115
-6.74157 -2.559092 105.6833
-6.673695 -2.638694 106.2564
-7.03797 -2.956798 105.8824
-6.612048 -3.091339 106.2564
-6.51855 -3.046456 105.3078
-7.122243 -3.193892 106.2564
-7.098296 -2.748893 106.2564
-7.164601 -2.04216 106.0055
-6.796232 -2.034598 106.2564
-7.064256 -1.691732 106.2564
-7.095231 -2.03856 106.2564
-6.85587 -1.851588 106.0276
-7.24322 -1.475307 105.9562
-7.027917 -1.756025 105.6122
-6.7754 -1.292226 106.2564
-6.758635 -3.143942 104.5619
-6.773046 -2.554558 105.085
-6.246001 -2.850963 104.6151
-6.902054 -2.468597 104.2779
-8.331538 -1.62509 96.25876
-8.33741 -2.218747 97.37094
-7.861945 -2.945021 96.3639
-7.295505 -1.706921 96.94362
-8.092784999999999 -1.145554 97.68929
-7.388299 -0.705211 96.37882
-6.829416 -0.7057675 97.88753
-6.745391 -0.7280438 106.2564
-7.708718 -2.199449 106.2564
-7.384423 -1.940459 106.2564
-7.480679 -2.211042 105.9417
-7.719219 -1.792441 105.802
-7.709207 -1.690113 106.2564
-7.494676 -1.258726 106.2564
-7.243111 -1.57807 105.0694
-7.786354 -2.997071 104.5217
-8.305221 -2.332831 104.4486
-7.530611 -2.608518 105.0487
-5.932788 -2.382787 104.9209
-6.186859 -2.791387 105.5124
-6.530846 -1.700812 104.7857
-7.822859 -2.468259 105.8133
-7.250016 -3.186156 104.7534
-5.964359 -2.458169 103.8956
-6.493328 -3.032673 103.6254
-7.117398 -2.396187 103.2357
-6.059423 -2.629386 102.5942
-6.558512 -3.066802 101.5675
-7.132186 -3.193757 102.6394
-7.070668 -1.930141 101.6931
-7.241505 -3.187078 103.8664
-5.861625 -1.764448 103.3697
-8.108078000000001 -2.703058 106.2564
-8.005625999999999 -2.820258 105.3796
-8.309763999999999 -2.318949 105.5033
-6.112084 -2.703058 106.2564
-6.417182 -0.8817502 105.2355
-6.742004 -0.7290732 104.1411
-5.85559 -1.817178 104.5168
-7.101342 -1.530158 103.8832
-6.473596 -2.306363 106.2564
-7.953614 -2.8699 103.4574
-7.488007 -2.60517 106.2564
-7.194842 -2.274689 106.2564
-7.612132 -3.089601 106.2564
-8.369393000000001 -1.973188 106.2564
-6.112084 -1.165002 106.2564
-7.154252 -0.6748833 105.1903
-6.985107 -2.348863 106.2564
-5.930047 -2.375529 96.35733999999999
-6.710439 -3.128889 96.02057000000001
-6.674767 -3.116359 97.44953
-7.597815 -0.7723429000000001 104.1116
-8.249544 -1.396419 104.1741
-8.336325 -1.644674 105.2913
-7.071549 -2.105056 95.58789
-7.770954 -0.8613473 99.27553
-6.992292 -1.90731 99.04433
-8.340825000000001 -2.203603 98.78179
-7.010798 -0.6780267 100.591
-7.956618 -1.000876 100.722
-7.326944 -2.011326 100.4677
-6.645342 -3.105106 100.1925
-5.861854 -2.105293 99.67829
-7.922864 -2.896727 100.037
-7.339047 -3.172971 98.86998
-6.272036 -2.874817 98.83046
-5.85288 -1.851282 97.99044000000001
-6.323722 -0.9496316 99.33247
-6.033904 -1.278863 100.7643
-7.482977 -3.137504 101.2826
-8.225814 -2.5193 101.1201
-5.934319 -2.386781 101.1287
-8.334056 -1.635224 101.7643
-8.363852 -1.809697 100.2567
-7.8498 -2.95394 97.76990000000001
-7.593215 -0.7704221 101.8213
-8.104088000000001 -2.708208 102.2458
-6.559228 -0.8009093 101.8719
-6.134599 -1.136637 96.46749
-7.138447 -0.6744282 102.9966
-6.26989 -0.9951581 103.1008
-5.897899 -1.590497 102.1208
-8.367808 -2.008353 103.1635
-8.035895999999999 -1.079473 102.9744
-6.152139 -2.752411 94.87868
-6.0977 -1.18404 104.273
-7.189954 -1.603853 106.2564
-7.118018 -1.93403 106.2564
-6.849562 -3.246378 105.511
-7.341411 -3.775225 104.9657
-7.040636 -3.221065 104.7794
-6.66486 -4.110062 105.2964
-7.068954 -4.846121 105.0618
-7.705343 -4.44575 105.191
-6.971611 -4.087192 104.3685
-7.890871 -3.490249 105.3821
-7.564095 -3.986667 105.7501
-8.084618000000001 -3.680522 104.448
-8.36683 -4.389716 104.2815
-8.144748 -5.198004 104.1728
-7.089124 -4.65545 103.4596
-6.618772 -5.63925 104.1381
-6.090432 -5.219149 104.1788
-6.16762 -3.642907 94.97087999999999
-7.370127 -3.246278 94.91488
-7.400498 -4.869792 94.16226
-7.085259 -4.782277 95.55109
-8.325457 -4.147012 94.85723
-7.112438 -5.738989 93.55714999999999
-6.542048 -5.603677 94.89861999999999
-7.906682 -5.455199 94.83922
-6.717277 -3.798765 106.2564
-6.242414 -4.108214 105.8395
-6.45513 -4.219811 106.2564
-6.747381 -4.061836 105.9315
-6.467226 -4.726066 106.2564
-5.85016 -4.47907 106.2564
-5.928022 -4.915117 105.5808
-6.112084 -3.710043 106.2564
-6.013502 -3.858654 105.3867
-5.915978 -4.077176 106.2564
-5.854736 -4.37179 105.4327
-7.983578 -5.387038 100.7587
-7.186552 -4.856437 99.6352
-8.357371000000001 -4.657028 99.74588
-7.143449 -4.538669 100.9169
-7.507471 -3.283461 104.5784
-7.120669 -4.584103 105.8079
-7.944825 -4.69698 105.8088
-7.213899 -5.333621 105.7947
-8.301895999999999 -4.070442 105.3121
-7.118018 -4.47907 106.2564
-7.157938 -3.939426 105.9518
-7.675136 -3.352965 103.7343
-6.844247 -3.247513 103.7805
-7.652833 -4.569181 106.2564
-7.030128 -4.14872 106.2564
-6.822689 -5.083646 106.2564
-6.731922 -5.680901 106.2564
-6.7036 -5.020208 105.6619
-7.061481 -5.738054 105.1976
-7.331747 -5.020913 106.2564
-7.479495 -5.683618 106.2564
-8.108078000000001 -5.248098 106.2564
-8.311795999999999 -4.857596 105.2463
-8.369669 -4.450119 106.2564
-7.831413 -5.512067 105.1977
-7.773874 -4.122414 106.2564
-7.59953 -3.318105 106.2564
-7.194305 -3.526003 105.8469
-7.356456 -3.243473 105.4595
-7.521574 -3.787877 106.2564
-7.11642 -3.669671 106.2564
-6.615621 -3.32023 106.2564
-7.113593 -3.219154 106.2564
-6.658591 -3.302823 104.7667
-6.813431 -5.70357 97.48751
-7.546618 -5.660949 98.32951
-6.660473 -5.656039 98.89936
-7.340934 -4.282915 98.17683
-7.711144 -5.586375 99.48994
-8.260942 -4.991828 98.49337
-5.894645 -4.810908 97.98992
-5.992022 -5.059884 99.52227999999999
-6.01479 -3.856383 99.49460999999999
-6.951591 -3.229158 100.3841
-7.997296 -3.584504 100.0079
-5.878023 -4.742572 100.8206
-8.202883999999999 -3.852028 98.68646
-7.170161 -3.220583 98.99623
-6.320905 -3.496929 97.82586999999999
-7.330398 -5.719579 96.13754
-8.306438999999999 -4.874202 96.09723
-7.963861 -5.405602 97.28877
-7.399868 -4.354972 96.82281999999999
-8.032717999999999 -3.621084 96.18635
-8.355003999999999 -4.285246 97.37488
-6.747639 -5.685734 100.4723
-8.360514 -4.324734 100.9986
-6.148071 -5.292666 96.35372
-5.90467 -4.112483 96.44766
-6.809651 -3.255492 96.33522000000001
-7.593886 -3.315742 97.57057
-6.930474 -5.726124 103.0131
-7.378374 -5.710094 101.8334
-7.849422 -5.499255 103.0293
-7.10373 -4.209481 102.2955
-5.851896 -4.412946 102.3444
-6.313626 -5.455319 101.8936
-6.131543 -3.68543 101.1583
-7.806357 -3.429022 101.3193
-8.28256 -4.017882 102.2495
-8.234009 -5.048445 101.9917
-7.519148 -3.287406 102.6446
-6.372387 -3.457694 105.4581
-5.868053 -4.690652 95.00673
-6.042837 -3.809451 103.5
-6.4205 -3.424613 102.5063
-5.857146 -4.611564 103.6708
-6.140296 -5.283382 103.1421
-6.940391 -3.230629 101.5994
-6.238404 -3.569356 104.5208
-8.188532 -3.827653 103.3951
-8.35004 -4.702457 103.179
-5.894995 -4.145954 104.509
-5.894975 -4.812115 104.7331
-7.44398 -5.693942 104.115
-7.217216 -4.094848 106.2564
-6.289849 -5.435429 105.1949
-7.093056 -4.598838 106.2564
-6.112084 -5.248098 106.2564
-8.108078000000001 -3.710043 106.2564
-1.990628 -2.677521 114.0778
-2.271728 -1.937706 114.8812
-1.546194 -2.263144 114.1307
-2.580548 -1.922631 114.1066
-1.539466 -1.620099 115.6077
-1.545123 -2.260783 115.6053
-2.272483 -1.93232 115.6157
-1.986257 -2.675873 115.5953
-1.474743 -1.93403 116.3357
-1.768444 -2.43903 116.3357
-2.559715 -2.672353 115.5967
-2.110818 -2.311355 115.9786
-1.783986 -2.562728 116.3357
-2.266604 -2.727728 116.3357
-2.325208 -1.942263 116.3357
-2.142122 -1.556015 115.964
-2.591702 -1.84407 116.136
-2.54915 -1.191625 115.6031
-1.974756 -1.196664 115.5993
-2.269782 -1.14033 116.3357
-1.783986 -1.305331 116.3357
-2.752901 -2.562728 116.3357
-2.884197 -2.434838 111.1912
-3.039732 -1.746749 111.8906
-2.729345 -2.580196 112.3366
-2.288378 -1.89898 112.4021
-2.557359 -1.194781 106.8674
-1.976418 -1.196004 107.1593
-2.24274 -1.727425 107.5173
-1.990343 -1.713516 106.681
-1.841182 -2.235155 106.5956
-2.992153 -1.608138 115.6169
-2.643696 -2.102334 115.9847
-2.752901 -1.305331 116.3357
-2.332921 -2.233305 106.8313
-1.654723 -2.437326 107.839
-1.940716 -2.65691 108.6688
-1.475677 -1.972523 108.6538
-2.293411 -1.956218 108.6994
-1.476485 -1.986589 113.462
-1.634559 -1.456378 113.3129
-1.481713 -2.038984 112.5549
-2.281282 -1.93999 113.3746
-1.860874 -2.615094 111.5803
-2.892516 -2.424432 113.3456
-3.060642 -1.885222 112.8161
-1.982964 -1.193448 110.6074
-1.492983 -2.103209 110.5916
-1.546027 -1.605283 111.5578
-1.867615 -1.248977 112.4645
-2.36748 -1.146532 111.6407
-2.224578 -2.726517 110.4299
-3.041189 -2.115207 110.049
-2.929037 -1.494057 110.9066
-1.550561 -1.595496 109.6716
-2.280572 -1.850016 109.8564
-2.739949 -1.295561 110.0553
-1.522468 -1.662957 114.123
-1.890842 -1.235905 108.8587
-2.857463 -1.402037 113.4199
-2.673939 -1.251729 112.5695
-2.175905 -1.145742 109.6538
-1.668606 -2.453795 109.5779
-2.483985 -2.697903 109.4374
-3.06173 -1.908384 113.5806
-1.945964 -2.659266 112.5734
-3.062141 -1.931727 116.3357
-3.008877 -2.219895 114.1672
-1.697328 -2.485199 113.3286
-2.333047 -2.725097 113.2743
-1.699141 -1.380988 114.8573
-1.932891 -1.214749 114.092
-2.557797 -1.194953 114.1212
-2.245327 -1.140666 113.3146
-1.474949 -1.952111 114.8653
-2.603402 -2.653588 114.092
-2.842837 -1.386278 109.0623
-2.99539 -1.615424 114.1902
-3.062073 -1.923418 114.897
-2.832797 -2.492121 114.8711
-2.815518 -1.358991 114.8827
-1.768444 -1.42903 116.3357
-2.252002 -1.1405 114.8565
-2.283251 -2.727592 114.8437
-3.056876 -2.025321 108.4054
-3.007411 -2.223664 109.1363
-2.236732 -2.727097 107.8248
-2.665197 -2.62145 108.5522
-2.831766 -2.493162 107.7909
-2.996205 -2.25077 115.6141
-2.306177 -1.141227 108.1381
-1.474744 -1.932601 107.7348
-1.664907 -1.418565 107.95
-2.890461 -1.441024 108.083
-2.545716 -1.190336 107.5323
-1.724174 -2.511725 114.8539
-1.881555 -2.62705 107.037
-2.509659 -2.690188 107.0229
-2.954508 -2.333124 107.1891
-3.062107 -1.941695 107.6798
-2.914998 -1.473674 107.3491
-1.520881 -2.200696 107.0243
-2.706731 -1.891558 106.6716
-1.530205 -1.642542 107.0614
-2.327059 -1.925582 116.3357
-3.060367 -1.880953 107.0758
-2.950788 -1.528609 106.7475
-2.845264 -2.479226 106.6937
-1.474743 -1.93403 106.2564
-1.618348 -1.478688 106.2564
-1.629074 -2.404313 106.2564
-3.059398 -1.868065 106.6174
-3.024307 -2.176167 106.6948
-4.412664 -1.353222 114.8176
-3.775917 -2.016626 114.4769
-3.863224 -1.924894 115.576
-4.142094 -2.211833 115.167
-3.078018 -1.93403 116.3357
-3.153663 -1.595864 115.6115
-3.371719 -1.42903 116.3357
-3.387261 -1.305331 116.3357
-4.596376 -1.610252 115.5692
-4.598692 -2.252573 115.5518
-3.563639 -2.665499 115.5649
-3.268918 -2.450355 114.8176
-3.079822 -1.880554 114.8714
-4.150268 -2.677246 115.5494
-3.394337 -2.039295 106.7567
-3.091462 -1.788563 106.6285
-3.548198 -1.582322 106.5891
-3.841037 -2.727137 107.0074
-4.040932 -2.301428 106.6242
-3.768742 -1.9547 107.0626
-3.149625 -2.263486 107.4319
-3.379006 -2.55628 106.9401
-3.095846 -2.101308 106.5662
-3.158394 -2.282066 106.8471
-3.078023 -1.931109 107.0448
-3.088107 -2.060181 109.1206
-3.231472 -2.403119 109.7213
-3.085648 -1.824242 110.1817
-3.764541 -1.915982 109.7912
-4.406741 -2.520299 107.0226
-4.665261 -1.918198 107.0687
-3.97218 -1.767394 107.7238
-3.102395 -1.738835 107.6273
-3.725465 -1.153921 107.0628
-4.347689 -1.298882 107.1274
-3.734228 -1.556801 115.9747
-3.876737 -1.140345 116.3357
-3.593186 -1.190807 115.601
-4.581428 -2.289379 112.0478
-4.499193 -2.420071 111.0701
-4.665405 -1.929248 111.2106
-4.202383 -2.081578 111.4824
-4.385753 -1.329275 112.3393
-4.551566 -1.524434 111.6105
-3.666535 -2.70075 112.4104
-3.216276 -2.381641 111.702
-3.868506 -1.889287 112.7351
-3.844848 -2.727275 111.2825
-3.423828 -2.370749 106.5717
-3.808982 -1.848608 110.8711
-4.656716 -1.816817 113.068
-3.155782 -1.5914 111.3615
-3.668888 -1.166683 110.4952
-3.938667 -1.143158 111.5012
-4.426477 -1.3664 110.8297
-4.045647 -1.159621 113.2963
-3.504941 -1.230159 112.3722
-3.078508 -1.961921 112.4014
-4.663463 -1.989718 110.4116
-4.23817 -2.638071 110.283
-3.564109 -1.202363 109.3056
-4.442733 -1.382756 108.8866
-3.965271 -1.744477 108.4779
-3.206409 -2.366838 113.233
-3.483548 -2.626334 110.308
-3.176236 -2.316475 110.9499
-3.188704 -1.529738 113.3363
-4.626841 -2.178469 109.4458
-4.396444 -1.338527 109.8741
-3.872719 -2.72773 116.3357
-3.387261 -2.562728 116.3357
-3.746228 -2.280234 115.9523
-3.784054 -2.722874 109.3367
-4.366771 -2.55442 113.0794
-3.887584 -1.984268 113.3103
-3.746974 -2.717866 113.3228
-3.09466 -2.095708 114.0605
-4.556064 -1.531994 113.9725
-3.473484 -2.620594 114.0367
-4.611631 -2.221241 113.9177
-4.129926 -2.684556 113.9797
-4.140559 -2.680813 107.7658
-3.572802 -1.198768 114.0857
-4.122362 -1.180944 114.1766
-3.170191 -1.562788 114.2203
-3.86404 -1.140366 114.8577
-4.377501 -2.545704 108.5959
-4.66366 -1.98685 108.5618
-3.497037 -2.633725 107.7586
-4.665085 -1.911013 114.7519
-3.830211 -2.726644 114.7845
-4.425088 -2.503014 114.752
-3.932791 -1.942774 116.3357
-3.338961 -1.345702 114.8789
-3.136097 -2.232059 115.5966
-4.574058 -1.564328 107.9236
-3.110013 -2.15711 108.1824
-3.217315 -1.484901 108.3879
-4.596915 -2.256598 107.8167
-3.837126 -2.726976 108.4266
-3.382443 -2.558986 108.5902
-4.356176 -1.305331 116.3357
-4.158846 -1.194085 115.587
-4.274835 -1.782394 115.9549
-3.910776 -1.141291 108.0944
-4.356176 -2.562728 116.3357
-3.371719 -2.43903 116.3357
-3.384668 -1.307338 107.6364
-4.665418 -1.932953 116.3357
-4.609179 -1.640581 106.2564
-3.223683 -1.475761 106.9393
-4.577862 -2.296414 106.2564
-3.932585 -1.925311 116.3357
-2.312556 -3.686597 113.2622
-2.892229 -3.988303 112.811
-2.205688 -4.550033 112.5462
-2.302217 -4.432899 113.3979
-3.046295 -4.636893 112.5878
-2.64265 -5.179021 112.4432
-2.97099 -4.848379 111.7023
-2.22928 -4.530549 111.5917
-1.542681 -4.800363 112.58
-1.487558 -4.337019 111.6839
-1.702135 -5.035178 111.6122
-2.827381 -5.042585 113.2961
-1.480916 -4.380272 113.3804
-1.683418 -3.942689 112.6062
-2.454645 -4.062774 115.8999
-2.389152 -4.276764 116.0001
-1.732044 -4.101768 115.9765
-2.267176 -3.685371 116.3357
-2.330655 -4.487956 116.3357
-3.062133 -4.483209 116.3357
-2.402636 -4.85718 115.9862
-2.752901 -3.850372 116.3357
-3.000198 -4.171669 115.6157
-1.995185 -3.733893 115.6104
-1.783986 -3.850372 116.3357
-2.987082 -4.815996 115.603
-2.266451 -4.456985 115.5131
-1.618866 -4.935152 113.4498
-2.121209 -5.258995 113.1748
-2.566484 -3.743453 115.6093
-2.891788 -4.970397 107.6472
-2.867799 -4.999391 108.541
-2.299494 -5.272163 107.8911
-2.331933 -4.425639 107.7818
-2.263762 -5.272757 116.3357
-1.768444 -4.98407 116.3357
-1.783986 -5.107769 116.3357
-1.961888 -5.21118 115.5887
-2.420698 -3.70011 112.2444
-1.903433 -3.774281 111.7239
-2.536849 -5.22601 115.5839
-2.752901 -5.107769 116.3357
-2.015332 -5.23133 108.9212
-2.861781 -5.006243 109.561
-2.091236 -5.252736 110.0384
-2.138717 -4.449232 109.1146
-3.012365 -4.202409 109.0093
-2.259216 -3.685424 109.3035
-2.964507 -4.097683 110.1332
-2.975117 -4.117722 111.9235
-2.22638 -3.686485 110.2733
-1.720251 -3.905097 110.8883
-2.559061 -3.740489 111.1686
-2.160062 -4.455071 110.1581
-2.031519 -5.236584 112.2934
-3.048736 -4.3338 111.0868
-2.827703 -5.042266 110.6809
-1.513436 -4.723864 110.6641
-2.058697 -5.244555 110.9024
-2.420388 -5.258091 111.5856
-2.328558 -4.470444 116.3357
-1.591163 -4.065245 109.8971
-1.768444 -3.97407 116.3357
-1.542681 -4.800364 109.6383
-1.944654 -4.630375 115.9833
-2.843093 -3.931587 113.5598
-1.681177 -5.012998 114.859
-2.227963 -5.271738 114.8277
-2.253093 -4.500881 114.8997
-1.534679 -4.781642 115.609
-1.475797 -4.438175 114.8831
-1.557752 -4.12569 114.1607
-1.741053 -3.885927 113.4856
-2.263648 -4.456011 114.1778
-2.514727 -3.724547 108.3042
-1.936363 -3.75818 108.5777
-3.061152 -4.439405 113.4221
-1.736616 -3.889902 114.8826
-2.992236 -4.804777 114.1078
-2.010851 -3.728333 114.1338
-2.584801 -3.751143 114.1487
-1.496347 -4.295149 108.772
-1.89991 -5.182024 114.076
-3.008008 -4.190965 114.1839
-1.508927 -4.709495 114.1441
-1.766379 -3.864342 107.8704
-1.639372 -4.963043 107.9665
-2.837624 -3.925903 114.8902
-2.291528 -3.685706 114.8827
-2.513843 -5.233881 114.0415
-1.549584 -4.142617 115.6176
-3.061779 -4.503124 114.8788
-2.799881 -5.068591 114.8383
-1.474743 -4.47907 116.3357
-3.045103 -4.315485 108.0262
-2.210384 -4.479353 106.9901
-2.515728 -5.233266 107.0072
-1.882509 -5.172623 107.0889
-2.868608 -3.959683 106.8465
-2.435918 -3.70324 106.8836
-2.745589 -3.844805 107.5193
-1.890522 -3.781119 106.979
-2.261664 -3.685399 107.5342
-3.058498 -4.555062 107.3678
-1.538018 -4.168525 107.0417
-1.513756 -4.724849 107.0697
-3.005515 -4.184645 107.3338
-3.055835 -4.379194 106.8119
-2.965943 -4.857824 106.8876
-1.479605 -4.391352 107.7801
-1.615918 -4.930924 106.2564
-1.474743 -4.47907 106.2564
-1.625489 -4.0137 106.2564
-3.291978 -5.02116 111.7489
-3.078392 -4.50342 111.8797
-3.085431 -4.587298 111.028
-3.778608 -4.442719 111.4651
-3.546959 -3.754852 112.4901
-4.1475 -3.734822 112.5009
-3.883574 -4.589418 112.8383
-4.194933 -3.754161 110.8117
-3.328087 -3.900775 110.6956
-3.640677 -3.719742 111.2043
-4.663224 -4.42008 111.4726
-4.356198 -5.107752 110.8318
-4.661388 -4.399175 110.5174
-4.44019 -5.032966 111.7507
-3.078675 -4.511365 109.9487
-3.246193 -4.967617 110.4476
-3.90295 -4.703817 110.48
-3.552281 -5.205651 110.9439
-3.903994 -5.272114 111.6821
-4.665123 -4.457409 113.2363
-4.618469 -4.748004 112.4227
-4.593728 -4.14943 112.4269
-4.356176 -3.850372 116.3357
-3.93214 -4.470406 116.3357
-4.088867 -4.300375 115.9008
-3.68272 -4.100674 115.9642
-3.61939 -3.726547 109.8177
-3.135838 -4.181681 112.5269
-3.269588 -3.961964 111.6416
-4.18415 -5.208692 112.4828
-3.871756 -3.68537 111.7291
-3.387261 -3.850372 116.3357
-3.145208 -4.159473 115.5897
-3.371719 -3.97407 116.3357
-3.572308 -5.214131 112.4985
-3.311233 -5.041045 109.0374
-3.725772 -5.259237 109.9696
-3.895202 -4.510588 109.3779
-4.420113 -3.90529 113.256
-3.931046 -4.487603 116.3357
-3.745431 -4.862759 115.9732
-4.293567 -4.616063 115.987
-4.44549 -5.027475 113.2495
-4.372105 -3.862975 111.7512
-4.663275 -4.420776 108.6652
-4.484811 -3.975009 109.7217
-4.567425 -4.861108 109.7518
-3.078019 -4.480553 113.3007
-3.307353 -3.920992 113.2927
-3.881479 -4.48493 114.0316
-3.877586 -5.272749 113.274
-4.609566 -4.771545 114.0326
-3.855663 -3.685532 113.2763
-3.138095 -4.781985 112.5519
-3.155752 -4.136503 108.9074
-4.007788 -3.697121 108.8986
-4.596867 -4.156393 115.5839
-4.158448 -3.738971 115.576
-3.71681 -5.257507 108.1466
-4.37326 -5.094226 108.1774
-4.152046 -5.221618 108.9855
-3.841599 -4.476647 107.87
-3.877208 -5.272752 114.8152
-3.573217 -5.214501 114.0543
-4.183518 -5.208962 114.0413
-3.312603 -5.042409 113.2935
-4.665389 -4.472213 114.8111
-4.600029 -4.163596 114.0352
-3.868387 -3.685377 114.817
-4.425019 -3.910019 114.8144
-3.872546 -4.480601 114.8811
-3.13918 -4.784599 114.0709
-3.870374 -5.27277 116.3357
-4.162363 -5.217641 115.5756
-4.356176 -5.107769 116.3357
-3.387261 -5.107769 116.3357
-3.585649 -5.219425 115.5788
-3.13839 -4.175443 114.0673
-3.863158 -4.482867 115.5518
-3.332049 -4.818226 115.9777
-3.583146 -3.739688 115.5822
-3.872295 -3.68537 116.3357
-4.665419 -4.478262 116.3357
-3.371719 -4.98407 116.3357
-4.166358 -3.742084 114.0478
-3.078018 -4.47907 116.3357
-3.313612 -3.914733 114.8336
-3.563151 -3.747807 114.0607
-3.145868 -4.800166 115.5888
-3.07802 -4.480901 114.8351
-3.316116 -5.045874 114.8272
-4.615907 -4.755013 107.6667
-4.252067 -3.782439 108.0119
-4.614813 -4.200197 107.7073
-3.446657 -5.149356 107.1925
-4.150046 -5.22237 107.3556
-3.525428 -3.764897 108.1587
-4.59905 -4.796795 115.5839
-4.434157 -5.039091 114.8117
-3.152982 -4.815786 108.1481
-3.845424 -4.339176 106.9095
-4.663035 -4.417602 106.9705
-4.500978 -4.962799 106.8875
-3.08296 -4.567507 107.4348
-3.125383 -4.749151 106.8068
-3.494527 -4.206424 106.555
-3.106515 -4.2683 106.8543
-3.813373 -3.687517 106.7723
-3.756203 -3.693821 107.4124
-4.340942 -3.838922 107.0649
-4.620309 -4.742836 106.2564
-3.246971 -3.989528 107.4725
-3.379381 -3.856524 106.8469
-4.579535 -4.119965 106.2564
-3.122179 -4.218014 108.0589
-7.101632 -1.905538 114.8059
-7.050881 -2.21465 114.0154
-6.26431 -1.609753 114.4809
-6.2517 -2.157992 114.833
-7.004383 -1.552416 114.0126
-6.157352 -2.096652 114.0236
-6.055556 -1.181694 114.0227
-5.587893 -1.601213 114.0509
-6.30877 -1.140329 116.3357
-6.022291 -1.193708 115.587
-5.823986 -1.305331 116.3357
-5.808444 -1.42903 116.3357
-6.305461 -1.140335 114.8459
-6.852636 -1.356263 114.8398
-6.593847 -1.193418 114.1639
-6.450041 -1.51442 106.6595
-6.749895 -1.813421 106.5628
-6.307875 -2.72773 116.3357
-6.602346 -2.67131 115.5848
-6.792901 -2.562728 116.3357
-6.201775 -2.317328 115.9733
-5.823986 -2.562728 116.3357
-5.579585 -2.248238 115.5955
-6.019739 -2.673361 115.5919
-6.311747 -1.931053 115.5859
-6.329239 -1.715958 115.974
-6.591037 -1.192342 115.5897
-6.979323 -2.358154 112.273
-6.18344 -2.717825 112.6289
-6.419094 -2.71998 111.842
-6.270532 -2.011755 112.006
-6.727482 -1.778024 115.9459
-6.368469 -1.942646 116.3357
-5.944367 -1.768765 115.9712
-5.584816 -1.607958 115.5923
-6.136889 -2.708968 111.0301
-6.810555 -2.548721 111.3682
-6.12402 -1.944878 111.049
-5.808444 -2.43903 116.3357
-5.514743 -1.93403 116.3357
-7.094616 -1.824975 106.7888
-7.051309 -2.213514 106.7783
-5.519429 -2.020153 107.8452
-5.675434 -1.455219 107.8458
-6.409978 -2.118994 107.174
-6.479103 -1.894742 107.9159
-6.573483 -1.185889 107.1056
-5.917171 -1.243475 107.0773
-6.430701 -2.227517 106.624
-7.022814 -1.588147 107.3689
-7.100812 -1.888064 111.3037
-6.696482 -1.241652 111.5242
-6.95823 -1.478247 112.2963
-5.553019 -2.177534 111.3047
-5.636929 -2.357148 110.478
-5.518027 -2.00616 112.4099
-6.093933 -1.169866 112.201
-5.617996 -1.542567 111.508
-6.297149 -1.964317 113.2101
-6.110891 -1.165308 111.0683
-6.845444 -2.518488 110.4538
-5.579602 -1.619785 110.4656
-6.407595 -1.775965 109.5024
-6.580322 -1.188347 113.245
-6.791953 -1.304602 110.6649
-6.599063 -2.67261 109.4414
-5.978261 -2.655791 109.2518
-6.228836 -2.086641 108.6879
-6.232149 -1.144005 110.0341
-5.548476 -2.162963 109.5757
-5.725882 -1.394972 109.4142
-7.096773 -1.841848 110.364
-6.813796 -2.546059 113.2438
-7.099017 -1.86364 113.1619
-5.721482 -2.468292 113.3074
-6.877214 -2.487618 114.8233
-6.253247 -2.725809 113.457
-5.853673 -2.584526 111.8543
-6.08659 -2.696094 110.0604
-5.760389 -1.359925 113.1752
-5.979202 -2.656221 114.113
-5.569281 -2.223166 114.0983
-6.940346 -2.414301 108.7135
-6.267309 -2.726664 108.4993
-6.44769 -1.15264 108.9501
-6.945978 -1.46126 106.7654
-6.603995 -2.67065 114.0864
-7.072829 -2.147747 109.5885
-5.514753 -1.930121 113.3711
-6.909053 -1.415157 109.7092
-5.764176 -1.356333 114.8193
-5.514917 -1.91743 114.8358
-5.514743 -1.93403 106.2564
-5.552935 -1.690786 107.0542
-5.668461 -1.464581 106.2564
-5.956671 -1.964442 106.662
-7.097139 -2.02302 107.2841
-7.062209 -1.685439 108.8339
-5.742659 -2.49067 114.8527
-5.68203 -2.421438 106.2564
-5.574312 -2.23571 107.0402
-5.651969 -2.380126 108.6173
-5.532718 -1.766071 108.6628
-5.781744 -2.527788 107.7894
-5.929468 -2.63141 106.9989
-7.09699 -2.024331 107.9757
-6.948116 -2.403901 107.3216
-6.221549 -1.1451 107.9392
-5.862117 -1.277712 108.5712
-7.039553 -2.242963 115.5835
-6.850623 -2.513687 106.7401
-6.504957 -2.703018 107.0214
-6.225767 -2.723413 107.6642
-6.834987 -1.340134 108.0464
-6.306998 -2.727729 114.8491
-7.030995 -1.605579 115.5888
-6.724767 -2.609778 107.8936
-6.792901 -1.305331 116.3357
-6.370017 -1.925224 116.3357
-7.102141 -1.931858 116.3357
-7.771187 -2.71519 106.9816
-8.098369999999999 -2.054035 107.0223
-7.555823 -1.974729 106.9711
-8.011517 -2.368973 106.6223
-7.323465 -2.466869 106.8398
-7.396695 -2.537943 107.5635
-7.151755 -2.162974 107.2143
-7.145885 -2.142498 106.6837
-7.128904 -1.803025 106.81
-7.620743 -2.67247 115.5776
-7.900853 -2.727656 114.8068
-8.197141 -2.674634 115.566
-7.908063 -1.932053 114.8112
-8.705417000000001 -1.93241 116.3357
-8.636956 -2.256507 115.5756
-8.638730000000001 -1.615573 115.5814
-8.075397000000001 -2.25503 115.9546
-7.976437 -1.943236 116.3357
-8.280697999999999 -1.917913 116.1959
-8.010973 -1.625985 116.0104
-7.411719 -1.42903 116.3357
-7.329855 -1.556087 115.9439
-7.914828 -1.140335 116.3357
-7.628152 -1.192713 115.5783
-8.201298 -1.195041 115.5768
-7.885971 -1.882276 115.4675
-7.427261 -1.305331 116.3357
-8.437552999999999 -1.735985 116.1608
-7.946249 -2.726979 107.8359
-7.337129 -2.481576 108.4976
-7.822223 -1.920398 107.8765
-7.848773 -1.930941 108.6571
-8.396176000000001 -1.305331 116.3357
-7.589056 -1.818243 115.9726
-7.118018 -1.93403 116.3357
-7.896667 -1.874563 116.0819
-7.411719 -2.43903 116.3357
-7.976511 -1.924814 116.3357
-8.685252999999999 -2.111808 110.6422
-8.512560000000001 -1.415426 110.7929
-8.678609 -1.729484 111.5688
-7.999134 -1.890146 110.9342
-7.425452 -1.736378 106.5435
-7.147126 -1.721054 107.468
-7.322991 -1.401714 106.9198
-7.822558 -1.145353 107.0013
-8.190834000000001 -2.677034 112.351
-7.590347 -2.659758 112.331
-7.763439 -2.713756 111.544
-7.931437 -2.006331 111.7039
-8.471909 -2.4963 113.1847
-8.676755999999999 -2.145403 112.379
-7.915474 -1.980784 113.1499
-7.164328 -1.666882 110.1755
-7.253886 -1.489938 111.3587
-7.854923 -1.142364 110.5179
-7.789677 -2.718292 113.1745
-8.461971999999999 -1.362032 112.4943
-8.109878999999999 -1.165464 111.5222
-7.463718 -2.589206 109.6733
-7.256717 -2.382287 110.8315
-8.057264 -2.714272 110.6172
-8.483644 -2.484358 111.5002
-7.649156 -1.185016 112.3482
-8.575150000000001 -2.369712 107.9365
-8.642089 -1.623353 107.93
-8.095211000000001 -1.161831 107.8323
-7.568435 -1.218406 108.5433
-7.118023 -1.936852 113.3382
-7.357944 -1.36544 113.2278
-7.150542 -1.70915 112.438
-7.145061 -1.728612 108.2277
-8.216229999999999 -1.201068 114.0679
-8.642010000000001 -1.623169 114.069
-8.466369 -1.366295 113.4005
-7.89158 -1.932824 114.0855
-7.580522 -2.655327 114.073
-7.306712 -2.447769 113.4891
-7.967108 -1.142264 113.24
-8.70205 -1.860977 113.2353
-8.486359999999999 -2.481522 109.7191
-8.573886 -1.496429 109.8037
-7.1967 -2.278572 111.8367
-8.646960999999999 -2.232994 114.0135
-7.241078 -2.358531 112.7519
-7.18586 -1.612953 114.0609
-7.167365 -2.209526 114.1185
-8.187507 -2.678275 113.9997
-8.463892 -2.504175 114.7937
-7.712705 -1.165685 109.4891
-7.455575 -1.284497 107.6811
-7.623533 -1.194496 114.0328
-7.914343 -2.727726 116.3357
-8.396176000000001 -2.562728 116.3357
-8.14809 -2.691717 108.7786
-8.701722 -2.010544 108.8328
-8.340937 -1.266398 108.7657
-7.134675 -1.772278 109.1235
-8.705417000000001 -1.936057 114.8124
-7.363346 -1.360229 114.8193
-7.915237 -1.140337 114.8155
-7.182654 -2.247758 115.5923
-7.368002 -2.307886 115.9606
-7.427261 -2.562728 116.3357
-8.469385000000001 -1.369256 114.8249
-7.118215 -1.916364 114.8431
-7.188422 -1.607223 115.5895
-8.447525000000001 -1.348477 107.0657
-7.344501 -2.48921 114.8411
-8.703709 -1.986103 107.0968
-7.151847 -2.163282 107.8327
-8.629021 -2.273792 106.2564
-8.379686 -2.575097 107.0672
-8.660444 -1.670646 106.2564
-6.792901 -3.850372 116.3357
-6.371526 -4.470075 116.3357
-7.102134 -4.483028 116.3357
-6.730624 -4.319729 115.9526
-6.373778 -4.488357 116.3357
-6.342821 -4.23386 115.9193
-6.219928 -4.829458 115.958
-5.762579 -3.902882 109.5616
-6.350976 -3.68651 110.5061
-5.566215 -4.760243 109.6901
-5.559663 -4.215844 110.4945
-6.100718 -4.389895 115.4073
-6.020475 -5.218688 115.5994
-6.593261 -5.219907 115.5914
-6.611139 -4.563385 115.2337
-5.823986 -5.107769 116.3357
-5.729427 -4.858465 115.9853
-5.581233 -4.797072 115.6135
-6.308484 -3.68537 116.3357
-6.792901 -5.107769 116.3357
-7.032434 -4.804336 115.6014
-5.808444 -3.97407 116.3357
-6.022198 -3.738784 115.5983
-5.514743 -4.47907 116.3357
-5.962857 -4.305501 115.9908
-6.784128 -5.114432 110.6222
-7.060534 -4.225455 111.0463
-6.985297 -4.893595 111.6735
-6.415931 -4.500585 111.595
-7.066118 -4.715481 112.5918
-6.641053 -5.199717 112.4453
-6.384542 -4.535365 112.7784
-6.873939 -3.922137 113.4032
-7.102124 -4.484644 113.3979
-6.148069 -4.39918 113.8091
-6.526196 -3.715825 111.6357
-7.047105 -4.188657 112.0144
-5.772147 -5.064174 110.7353
-6.307434 -5.27277 111.5549
-5.605695 -4.847994 111.7822
-6.018177 -3.740351 112.4397
-6.685771 -3.780798 112.583
-6.315289 -3.685399 113.3087
-6.597508 -3.73988 115.6003
-7.043776 -4.180329 112.7933
-5.516883 -4.537309 111.133
-5.705955 -3.962381 111.4915
-6.860075 -5.049739 113.3037
-5.7348 -3.930532 113.2825
-5.542317 -4.271682 112.4915
-5.51525 -4.507424 113.3768
-6.209029 -5.26652 113.2307
-6.040619 -5.226219 112.3498
-7.086628 -4.322899 109.9792
-5.717408 -5.008822 113.5237
-5.654333 -4.928626 112.7618
-6.146633 -5.256102 109.8928
-6.737508 -3.81134 108.3746
-6.01672 -3.740926 108.6051
-6.616244 -3.747483 109.3473
-6.306864 -4.483084 109.1146
-6.803624 -5.099358 109.4917
-7.035008 -4.798547 114.1075
-5.574787 -4.176235 114.1064
-5.570125 -4.770354 114.1552
-7.04325 -4.179037 114.1348
-6.582981 -5.223778 114.0668
-6.000828 -5.210735 108.8845
-7.102005 -4.464238 108.8341
-5.98946 -5.205851 114.1179
-6.737873 -5.146567 108.6017
-6.303959 -4.461565 107.8277
-5.516814 -4.421777 108.637
-6.002587 -3.746669 114.0818
-6.610213 -3.744975 114.1153
-5.694676 -4.98231 107.9141
-6.306749 -5.272769 107.9067
-6.325012 -4.52165 106.964
-6.722592 -4.52726 106.5915
-6.453075 -3.698659 106.9459
-5.904458 -3.795875 107.0134
-5.875523 -4.159945 106.61
-5.514743 -4.47907 106.2564
-5.561427 -4.747264 107.0402
-5.562105 -4.208998 107.0136
-5.514848 -4.466157 107.7161
-5.697324 -3.972618 107.8147
-6.080622 -4.670592 114.6687
-5.747839 -5.040927 114.8755
-6.301513 -5.272741 114.8521
-5.668194 -4.009985 106.2564
-5.753232 -3.911883 114.8608
-5.514763 -4.473369 114.879
-6.856785 -5.052902 114.8484
-6.308818 -3.68537 114.8529
-6.866318 -3.914503 114.867
-7.102102 -4.487237 114.8682
-7.036369 -4.162709 115.6067
-7.039027 -4.168895 107.3255
-7.099572 -4.542914 107.3921
-6.966998 -4.922091 107.8427
-7.073649 -4.268308 107.9502
-5.808444 -4.98407 116.3357
-6.565911 -5.229851 107.0576
-5.92817 -5.175743 107.0821
-5.58332 -4.156338 115.6068
-6.309793 -5.27277 116.3357
-6.786863 -3.845765 107.551
-6.25147 -3.687417 107.7361
-7.095301 -4.375074 106.8202
-7.00756 -4.854832 106.9486
-6.897506 -3.947125 106.8552
-5.657234 -4.932818 106.2564
-5.823986 -3.850372 116.3357
-8.444739999999999 -5.067159 107.0431
-7.738434 -5.253624 106.9797
-8.183965000000001 -4.441123 106.7582
-8.104739 -3.709198 109.9677
-8.470196 -3.915099 110.9245
-8.705253000000001 -4.462854 109.9356
-8.05175 -4.585066 111.0204
-7.410698 -5.09465 110.1704
-8.27764 -5.183387 110.4798
-7.203268 -4.121219 109.8787
-7.575321 -3.760184 110.8206
-7.308685 -3.963017 111.7173
-7.937698 -3.685795 111.6907
-8.394553 -5.109016 111.5573
-7.649961 -5.228366 111.1125
-7.11968 -4.530414 110.9983
-7.304616 -4.99033 111.8242
-7.118053 -4.486571 111.9134
-7.574185 -5.197424 112.5897
-7.822003 -5.267684 111.9022
-8.195974 -5.220123 112.5063
-8.139922 -4.589566 111.8688
-8.641062 -4.165992 112.5229
-8.702635000000001 -4.41265 111.6723
-8.460538 -3.905696 111.835
-8.652715000000001 -4.763474 106.2564
-8.626953 -4.134977 106.2564
-8.698548000000001 -4.374862 107.1225
-7.174011 -4.771899 112.6059
-7.17778 -4.176921 112.575
-7.831021 -4.383505 112.9033
-7.209323 -4.848665 106.9414
-7.952032 -4.429887 107.3849
-7.974202 -4.48799 116.3357
-8.120917 -4.318902 115.9449
-7.765244 -4.535354 116.1421
-8.282654000000001 -4.668709 115.9964
-8.640169 -4.794222 112.4501
-7.909419 -5.272768 113.32
-8.472619999999999 -5.040631 113.2777
-7.877383 -4.323628 113.7034
-7.344915 -5.034673 113.3473
-7.118032 -4.474437 113.343
-7.350464 -3.917863 113.3274
-8.705418999999999 -4.479602 113.278
-8.202095 -3.740394 112.537
-8.705418999999999 -4.479667 116.3357
-8.638894000000001 -4.797153 115.5909
-8.637684999999999 -4.158238 115.5938
-7.858321 -3.687168 106.7688
-7.541495 -4.206376 106.5594
-7.598836 -3.749643 112.516
-8.646359 -4.779509 114.0612
-8.361348 -3.825011 107.0323
-8.643401000000001 -4.171498 114.0669
-8.467586000000001 -3.912527 113.2998
-8.68568 -4.654982 110.8873
-7.586434 -4.681939 115.9233
-7.89514 -4.433119 115.4925
-8.396176000000001 -5.107769 116.3357
-8.396176000000001 -3.850372 116.3357
-7.975607 -4.469972 116.3357
-7.903542 -3.685412 113.3112
-7.807936 -3.692184 109.032
-7.8815 -4.424168 109.1887
-8.499646 -3.945871 109.154
-7.765337 -4.358462 108.2303
-8.148439 -5.236648 109.4025
-8.695561 -4.603776 108.8298
-7.186785 -4.155911 108.8395
-7.612134 -5.21406 114.0922
-7.16922 -4.759529 108.35
-7.431297 -3.847282 106.8593
-8.210006 -3.743554 114.0753
-7.917846 -4.495921 114.7932
-7.143272 -4.280451 106.9036
-7.626646 -5.219809 115.5911
-7.185912 -4.800263 115.6007
-7.178509 -4.782986 114.1051
-8.705412000000001 -4.475647 114.8313
-7.185417 -4.158998 115.6013
-7.354106 -3.914244 114.8469
-7.179237 -4.173405 114.0984
-7.118018 -4.479221 114.8531
-7.606789 -3.746282 114.0849
-8.220535999999999 -5.210228 114.0735
-8.467893999999999 -3.912829 114.8329
-7.910651 -3.685371 114.84
-7.118018 -4.47907 116.3357
-7.411719 -3.97407 116.3357
-7.344289 -4.11914 115.9642
-7.411719 -4.98407 116.3357
-7.912099 -5.272771 116.3357
-7.356587 -5.046336 114.852
-7.918499 -5.272742 114.8398
-8.203734000000001 -5.2171 115.5864
-7.82456 -4.127949 116.0015
-7.62517 -3.738901 115.5885
-7.248014 -4.914336 109.2242
-8.451271 -3.896967 108.0926
-8.084263 -5.253789 107.7462
-8.649960999999999 -4.770548 107.8867
-7.583862 -3.756249 108.1918
-7.914038 -3.685373 116.3357
-8.199180999999999 -3.739256 115.5852
-7.685577 -5.239873 108.5141
-8.337331000000001 -5.149007 108.5012
-8.473314 -5.039937 114.8346
-7.427261 -3.850372 116.3357
-7.305918 -3.966268 107.4934
-7.121003 -4.54784 107.5775
-7.170512 -4.195215 108.1075
-7.848013 -3.687931 107.4389
-7.419788 -5.101939 107.6868
-7.427261 -5.107769 116.3357
-1.800585 -1.252653 123.842
-2.382188 -1.423125 124.0385
-1.80302 -1.611735 123.8479
-2.136516 -1.201627 124.0934
-2.066309 -1.88635 123.8664
-2.269265 -1.669384 124.1533
-2.064184 -0.972655 123.8523
-2.470661 -0.9717466 123.8531
-2.664499 -1.123841 124.3357
-2.664499 -1.734219 124.3357
-2.46768 -1.88762 123.8631
-2.768443 -1.429868 124.3357
-2.732813 -1.614397 123.8478
-1.769882 -1.391134 117.0091
-2.156584 -1.464766 116.6358
-2.698837 -1.683512 120.5958
-2.767306 -1.395321 119.9991
-2.470901 -0.9718526 120.4972
-2.294079 -1.497751 119.932
-1.872388 -1.734219 124.3357
-2.265955 -1.929024 124.3357
-2.302342 -0.9301803 119.0614
-2.553091 -1.840096 118.9644
-1.815032 -1.639786 119.065
-2.246283 -1.425199 119.3618
-2.189929 -1.922827 119.6638
-2.753951 -1.30952 119.327
-2.656021 -1.744916 119.5916
-2.506258 -0.9892067 119.7389
-2.413131 -1.907638 121.218
-2.056163 -1.88173 120.4865
-2.249635 -1.436909 121.0302
-2.528304 -1.856198 120.0942
-1.981495 -1.019566 121.1417
-1.812124 -1.224646 120.4281
-1.771953 -1.488164 120.9218
-1.94683 -1.046192 119.7118
-1.800294 -1.604632 119.8619
-2.766178 -1.381483 121.1474
-1.769379 -1.459593 121.4959
-2.496142 -0.9838856 121.2395
-1.872613 -1.12355 121.7743
-2.278445 -1.395178 121.7542
-1.772068 -1.489128 122.189
-1.989852 -1.844224 121.7296
-2.251685 -1.428759 122.3056
-1.937023 -1.80341 121.1568
-2.367161 -1.919188 121.8758
-2.704751 -1.673234 121.751
-2.768247 -1.443041 122.2934
-2.70733 -1.189491 121.7537
-2.727995 -1.232021 118.6795
-1.864891 -1.133826 118.5749
-2.171659 -1.919573 118.3131
-2.599115 -1.053988 122.3169
-2.270287 -0.9290333 121.8239
-2.271593 -1.42903 124.3357
-2.265285 -1.431315 124.3357
-2.711385 -1.660985 118.2234
-1.948488 -1.044805 122.3038
-2.093626 -1.897473 122.3895
-1.876667 -1.118367 119.1241
-2.295956 -1.409634 117.9972
-2.766844 -1.389067 117.5702
-2.691856 -1.163093 118.0743
-1.912686 -1.780365 117.5778
-1.789102 -1.571268 118.2669
-2.304998 -1.439648 122.8257
-2.038779 -0.9848968 117.0032
-2.733179 -1.244583 122.8324
-2.719966 -1.643804 122.8337
-1.824972 -1.659968 122.8216
-1.800148 -1.253818 122.8055
-2.570006 -1.827854 122.3393
-1.921658 -1.789224 116.8519
-2.276363 -0.9290926 122.4168
-2.307434 -0.9305525 118.2947
-2.500298 -1.872024 117.6386
-2.253984 -1.448035 117.247
-1.857428 -1.144308 117.7583
-2.411185 -0.9498381 117.6024
-2.704682 -1.673358 116.9632
-2.280029 -1.928896 117.0626
-2.413175 -1.907625 122.8688
-2.247386 -1.441532 123.3826
-2.075922 -1.890479 122.9612
-2.618831 -1.072339 116.9617
-2.464089 -0.9688963 122.8613
-2.077803 -0.9668002999999999 122.8556
-2.76833 -1.43967 123.3455
-2.612993 -1.791363 123.3596
-1.76858 -1.440728 123.3406
-1.913972 -1.781663 123.373
-1.906368 -1.084209 123.342
-2.268573 -0.9290299 123.3588
-2.628846 -1.082461 123.3519
-2.261662 -1.928984 123.3865
-1.768444 -1.42903 124.3357
-1.872388 -1.123841 124.3357
-2.265957 -0.929036 124.3357
-2.735878 -1.251533 123.8468
-2.268051 -0.92903 116.3357
-2.739511 -2.271413 119.1769
-2.673402 -2.145757 119.9434
-2.681172 -2.721262 119.7259
-2.247177 -2.429258 119.3608
-1.78773 -2.576559 119.5324
-2.164155 -2.928033 119.6558
-2.253536 -2.38038 120.1022
-2.296153 -1.939798 119.4284
-2.646932 -2.112309 121.123
-2.7535 -2.560357 120.8812
-2.721138 -2.226738 120.5563
-2.183558 -2.381595 120.773
-2.754297 -2.557123 120.298
-2.140595 -1.955651 121.1797
-1.775775 -2.35372 120.9822
-2.259495 -2.499272 121.5335
-2.404093 -2.920277 120.4774
-2.4243 -1.963942 120.5665
-1.934844 -2.06659 120.4801
-2.230322 -1.940485 120.0383
-1.860757 -2.149562 119.7841
-1.806441 -2.630219 120.2713
-1.921344 -2.798922 118.9397
-1.935457 -2.812017 120.9857
-1.837507 -2.185467 118.9879
-1.787274 -2.574955 121.5777
-1.83582 -2.188357 121.538
-2.297674 -2.938175 121.1594
-2.591832 -2.820369 121.1403
-2.76499 -2.497698 121.5839
-2.545067 -2.855538 118.9134
-2.487146 -2.888662 121.6733
-1.795259 -2.277486 122.1576
-2.377466 -1.951061 118.7343
-2.057153 -1.985867 121.8142
-1.87678 -2.749834 122.1687
-2.066484 -2.896427 121.6284
-2.457008 -2.536598 124.023
-2.262737 -2.398756 123.4135
-2.382674 -2.232992 124.0621
-2.047601 -2.356647 124.0082
-2.755546 -2.326199 122.2476
-2.510025 -2.001265 121.8069
-2.315444 -2.521668 122.2029
-2.258048 -2.436453 118.5004
-2.15907 -1.951139 122.3876
-2.663265 -2.745814 122.1976
-1.783972 -2.562672 122.7312
-2.054428 -2.890912 122.7381
-2.28307 -2.394234 122.821
-2.269402 -2.939029 122.199
-2.745177 -2.589778 122.772
-2.474701 -2.894505 122.7478
-2.552116 -2.02729 122.4108
-2.711262 -2.20684 122.8341
-1.769864 -2.40137 123.3023
-1.851735 -2.162707 122.795
-2.423071 -1.96354 122.8896
-2.138621 -2.921882 118.2665
-1.774249 -2.515002 118.2941
-1.87869 -2.752226 117.6257
-2.160216 -2.34464 117.8811
-1.800069 -2.264029 117.6218
-1.97099 -2.037133 118.2434
-2.423379 -1.963641 118.1199
-2.757426 -2.334646 118.3542
-2.594986 -2.817672 118.1667
-2.749641 -2.574857 117.6105
-2.156094 -1.951816 117.6055
-2.352755 -2.93187 117.5904
-1.894952 -2.771451 123.2824
-2.263759 -2.939008 123.2821
-2.768163 -2.422269 123.3223
-2.614716 -2.078343 123.3619
-2.108928 -1.965158 122.962
-2.369698 -2.432415 117.3276
-2.632666 -2.781582 123.2918
-2.636105 -2.100172 117.6298
-2.736208 -2.615655 123.8229
-2.273454 -1.939055 123.3945
-2.594598 -2.818007 116.9639
-2.735211 -2.259786 116.9684
-1.93689 -2.064767 116.966
-2.38596 -1.953036 117.0753
-2.146999 -2.421005 116.6642
-2.059852 -2.893441 123.8118
-2.469766 -2.896708 123.8177
-2.071356 -1.979512 123.8602
-2.732999 -2.254131 123.8367
-2.470139 -1.981516 123.8584
-1.93007 -2.070922 123.3631
-2.664499 -2.133841 124.3357
-2.265886 -1.939036 124.3357
-1.798285 -2.609181 123.8137
-1.772919 -2.505779 116.9839
-2.041842 -2.884733 116.9647
-2.768433 -2.435861 124.3357
-2.664499 -2.744219 124.3357
-2.266318 -2.939025 124.3357
-2.271593 -2.43903 124.3357
-1.806062 -2.248759 123.835
-1.872388 -2.133841 124.3357
-1.872388 -2.744219 124.3357
-2.092661 -2.477524 124.1545
-2.266718 -2.939027 116.3357
-1.768444 -2.43903 124.3357
-2.26518 -2.430584 124.3357
-3.670519 -0.9712978 123.828
-3.872513 -0.9290305 123.3076
-3.512668 -1.081061 123.3133
-3.828556 -1.450323 123.3129
-4.231958 -1.082291 123.299
-3.990184 -1.386773 123.7206
-3.405012 -1.249629 123.8264
-4.37168 -1.435228 123.3017
-3.406622 -1.612566 123.8333
-4.227442 -1.7804 123.3212
-3.672768 -1.887744 123.8434
-4.074962 -1.885858 123.8385
-3.876884 -1.929003 123.3415
-3.709706 -0.9560056 119.159
-4.304263 -1.178221 119.487
-3.371896 -1.415719 119.6693
-3.835872 -0.9303165 119.9428
-3.404929 -1.249844 121.6845
-3.672735 -0.9703302 121.2144
-3.398561 -1.267407 121.0946
-3.884053 -1.43089 121.2461
-4.309949 -1.669766 121.6601
-3.625775 -1.864359 121.2522
-3.944825 -1.420244 121.7727
-4.232825 -1.774865 120.4851
-3.432273 -1.667542 120.2795
-4.325279 -1.639466 119.9084
-3.87719 -1.442327 120.6523
-3.751544 -1.914373 120.64
-3.835976 -1.927751 119.9225
-3.454734 -1.153125 120.4898
-4.329293 -1.227472 121.6644
-4.369395 -1.380887 121.0005
-4.223308 -1.784536 119.3975
-4.087286 -1.404635 124.0731
-3.874868 -1.42903 124.3357
-4.371718 -1.429978 124.3357
-4.267774 -1.734219 124.3357
-4.008723 -0.9481664 120.6652
-3.69734 -1.897637 119.1706
-4.330972 -1.231328 120.2524
-4.206547 -1.057695 118.1188
-4.155747 -1.840524 117.6878
-3.915432 -1.390025 118.0247
-4.353658 -1.5622 118.3101
-4.207512 -1.058567 118.7409
-4.368287 -1.487512 118.9502
-4.095732 -1.87604 121.1362
-4.137503 -1.005522 121.2402
-3.406312 -1.611779 120.8294
-3.389205 -1.560106 121.3306
-4.267774 -1.123841 124.3357
-3.873711 -0.9290338 124.3357
-3.938002 -1.207006 124.1998
-4.000832 -0.9459877 121.7374
-3.372414 -1.455395 118.8046
-3.884762 -1.92886 121.8105
-3.458431 -1.710443 121.7822
-4.075924 -0.9726309 123.8241
-4.143274 -1.84886 118.8189
-3.857986 -0.9292184999999999 122.2757
-3.658038 -0.9769894 121.82
-4.371379 -1.447447 122.2223
-3.770608 -1.9187 118.3574
-3.372903 -1.463429 122.2677
-3.569124 -1.827071 122.3119
-3.836416 -1.443287 122.2601
-4.19493 -1.81052 122.2668
-3.651664 -1.365373 124.0673
-4.338985 -1.251091 123.819
-3.66362 -0.9743927999999999 118.3061
-4.221549 -1.071792 122.2358
-3.86856 -1.431327 124.3357
-3.504281 -1.089928 122.2711
-4.3374 -1.611076 123.8272
-3.40406 -1.252125 122.7988
-3.884046 -1.928878 122.3954
-3.893788 -1.439329 122.7966
-3.377314 -1.503623 118.0451
-4.32878 -1.631748 122.7801
-3.928272 -1.925821 117.093
-3.632037 -1.867838 117.6138
-3.844185 -1.423854 117.5093
-4.321011 -1.64843 116.9884
-3.513764 -1.778127 116.9224
-3.854905 -1.428532 116.9431
-4.065636 -0.9681654 122.7773
-3.673209 -0.9701246 122.7916
-3.479242 -1.119252 117.5617
-3.95083 -0.9353282000000001 117.5934
-4.065043 -1.890144 122.8313
-4.337701 -1.247755 122.7675
-3.8795 -1.618268 124.138
-3.874 -1.929025 124.3357
-3.371781 -1.436923 123.3218
-3.418911 -1.641081 122.8083
-3.521024 -1.785419 123.3385
-3.380826 -1.334034 116.9229
-3.656688 -0.9776298 116.945
-3.69368 -1.896258 122.8444
-3.384774 -1.542542 117.4173
-4.21195 -1.062639 116.9647
-3.871409 -0.92903 116.3357
-4.360982 -1.32597 117.6046
-3.475663 -1.123841 124.3357
-3.475663 -1.734219 124.3357
-3.371719 -1.42903 124.3357
-3.484375 -2.755202 120.967
-3.391717 -2.299034 120.9724
-3.386583 -2.560042 120.2797
-3.780102 -2.372599 120.7456
-4.080071 -1.984509 120.521
-3.849776 -1.939512 120.0139
-3.570759 -2.039752 120.4714
-3.986029 -2.383261 120.1859
-3.77214 -2.929014 119.7361
-4.133882 -2.864788 120.3727
-3.698948 -2.908231 120.4533
-4.156969 -2.849679 118.9503
-4.320702 -2.659062 119.7336
-3.848547 -2.410287 119.3721
-3.912716 -2.937346 120.9991
-4.124764 -2.87027 121.5813
-4.309422 -2.680724 121.001
-4.370537 -2.473385 121.6236
-3.731427 -2.434506 121.3685
-3.798868 -1.944366 121.158
-3.383165 -2.545405 121.5576
-3.464095 -2.149474 121.5418
-4.299269 -2.179799 121.0657
-4.37083 -2.409231 120.4207
-3.975974 -1.95002 118.7535
-3.890573 -1.939385 119.4202
-4.335825 -2.253006 119.169
-3.527507 -2.801685 118.9861
-4.166994 -2.03553 121.7152
-3.477475 -2.131504 119.7839
-4.254874 -2.117795 119.873
-3.729166 -1.959782 121.8764
-3.805822 -2.449559 122.0125
-3.441628 -2.184036 119.0037
-3.386435 -2.559446 119.5647
-3.667976 -2.895636 121.5665
-4.042762 -1.969196 122.3906
-4.35169 -2.298933 122.2334
-3.636735 -1.997688 122.4143
-4.272736 -2.737669 122.1753
-3.398001 -2.279057 122.151
-3.47959 -2.749248 122.1477
-4.024509 -1.962947 118.1376
-3.572125 -2.038725 118.2686
-3.86149 -2.433184 118.5291
-3.735014 -2.387122 117.8761
-4.082108 -2.892611 122.7206
-3.660435 -2.892196 122.7143
-3.882413 -2.938915 122.1485
-3.852498 -2.431237 122.5627
-3.378092 -2.518608 118.3225
-3.745473 -2.92283 118.3017
-3.445184 -2.178131 122.8036
-3.757188 -1.952324 122.8864
-3.973164 -2.435124 123.1052
-4.30458 -2.188769 122.8317
-4.351861 -2.578542 122.7517
-4.360068 -2.331723 118.3728
-3.889335 -2.499142 124.081
-3.868467 -2.431022 124.3357
-3.679678 -1.97738 123.8555
-4.044367 -2.225399 124.1287
-3.40247 -2.266386 117.6472
-4.200704 -2.815552 118.1939
-3.757734 -1.952196 117.6303
-3.484065 -2.754822 117.6494
-3.957749 -2.931573 117.6127
-3.388695 -2.568214 122.7194
-3.872622 -2.939029 116.3357
-3.645822 -2.885091 116.9749
-4.197983 -2.817912 116.9724
-4.339082 -2.261345 116.9778
-4.352953 -2.574727 117.6294
-3.935728 -2.422668 117.364
-3.868928 -2.939022 123.263
-3.542555 -2.062664 123.3441
-4.067525 -1.978965 122.9623
-3.371719 -2.43903 124.3357
-3.401799 -2.609838 123.8109
-3.475663 -2.744219 124.3357
-3.628857 -2.495955 124.0705
-4.237456 -2.779964 123.282
-3.873929 -2.939025 124.3357
-3.664645 -2.894135 123.8082
-3.926536 -2.466877 123.6029
-3.499601 -2.772989 123.2653
-4.238955 -2.099711 117.6499
-3.754579 -2.408889 116.6688
-3.989831 -1.953181 117.0883
-3.5397 -2.06518 116.9802
-3.410546 -2.245847 123.8294
-4.371357 -2.420008 123.3157
-4.226235 -2.086442 123.3769
-4.074231 -2.896183 123.8105
-4.337502 -2.257245 123.8396
-4.078846 -1.983949 123.8626
-3.890702 -1.93939 123.391
-4.121316 -2.528813 124.0701
-3.475663 -2.133841 124.3357
-3.372963 -2.40378 123.2964
-3.376493 -2.507959 116.9986
-4.267774 -2.744219 124.3357
-4.37171 -2.436066 124.3357
-4.339381 -2.615926 123.8202
-3.874868 -2.43903 124.3357
-4.267774 -2.133841 124.3357
-3.874008 -1.939035 124.3357
-1.871633 -3.669865 119.8182
-1.817884 -4.190856 119.9289
-1.778783 -3.872917 120.5758
-2.27956 -3.977093 120.003
-2.28762 -3.474438 120.4614
-2.735985 -3.796855 120.6419
-2.725232 -3.770738 120.0745
-2.053467 -4.425496 120.4807
-1.820856 -4.196928 119.1139
-2.268309 -4.47407 119.7686
-2.039054 -3.529795 121.1976
-1.769645 -3.939428 121.2296
-2.301411 -4.04008 120.8337
-2.71421 -3.747592 119.3958
-2.711558 -4.205693 119.7461
-2.332827 -4.469908 121.166
-2.633183 -4.316072 120.435
-2.752168 -4.100602 121.1223
-2.608618 -4.340515 119.0424
-2.745851 -3.825471 121.685
-2.580738 -3.583594 121.1257
-2.346578 -3.888203 121.7681
-1.802062 -3.793825 121.7364
-1.872894 -4.279914 121.0229
-2.370539 -3.484605 119.7698
-2.150749 -3.48812 119.0968
-2.267504 -3.474071 122.2755
-2.638975 -3.638353 122.2468
-2.197937 -3.843287 122.253
-2.655753 -4.290284 121.7112
-2.764141 -4.039525 122.2524
-1.832569 -3.729094 118.5311
-2.691558 -3.70766 118.7275
-2.201793 -4.469608 118.3578
-2.729636 -4.167206 118.2648
-2.243688 -3.474684 118.311
-2.294812 -4.473375 121.8267
-1.888918 -4.299586 121.6637
-2.423515 -3.498725 121.7105
-1.872388 -4.279259 124.3357
-2.063471 -4.430125 123.8502
-2.465354 -4.148403 124.0841
-2.255426 -3.977555 123.8051
-1.775 -4.054775 122.2585
-2.06364 -4.430201 122.3537
-2.533318 -4.398148 122.2944
-1.797687 -4.14256 118.2848
-1.924438 -4.336921 117.5925
-2.515469 -4.408787 117.6637
-1.827252 -4.209337 122.8198
-1.795301 -3.812402 122.7842
-2.741568 -3.81235 122.7844
-2.708593 -4.21128 122.7998
-2.390736 -4.096936 122.5952
-2.666591 -3.671616 118.1035
-2.069472 -3.515365 122.7918
-1.898208 -3.638026 122.2836
-2.062324 -3.518533 121.8204
-1.84237 -3.71242 117.7562
-2.76498 -3.915322 117.5926
-2.768439 -3.976175 124.3357
-2.731208 -4.163408 123.8289
-2.73719 -3.800069 123.826
-2.664499 -4.279259 124.3357
-2.266498 -4.474067 124.3357
-2.463729 -4.434357 123.8449
-2.707627 -4.213064 116.9725
-2.288448 -4.47367 117.0768
-2.250821 -3.992533 117.2618
-2.387918 -3.488554 117.6128
-2.395719 -4.4576 122.8331
-1.802672 -4.155886 123.8306
-1.768695 -3.989928 123.3162
-1.9139 -4.32663 123.3528
-2.247244 -3.993073 123.2646
-2.068242 -4.43224 122.9309
-1.926101 -4.33849 116.8576
-2.156711 -4.012453 116.6357
-2.26999 -3.474073 123.3116
-2.473433 -3.518023 122.7885
-2.613064 -3.611804 116.9674
-2.633789 -3.632716 123.3102
-1.904999 -3.630693 123.3081
-2.767972 -3.995787 123.3113
-2.271593 -3.97407 124.3357
-2.605123 -4.343728 123.3276
-2.254237 -4.473869 123.3613
-2.030236 -3.53446 117.0041
-1.769202 -3.946538 117.009
-2.265249 -3.979397 124.3357
-2.180983 -3.895988 124.1195
-2.266335 -3.474075 124.3357
-2.063778 -3.517877 123.8292
-2.47236 -3.517542 123.8299
-2.664499 -3.668882 124.3357
-1.800398 -3.79819 123.8214
-1.768444 -3.97407 124.3357
-1.872388 -3.668882 124.3357
-2.267158 -3.474072 116.3357
-1.796232 -5.148437 119.6133
-2.187018 -5.477396 119.7721
-2.342851 -4.943919 119.9314
-2.267064 -4.988443 119.405
-2.523436 -5.414162 120.3982
-2.133067 -5.465395 120.4808
-2.696779 -5.242002 119.7636
-2.710055 -4.749593 119.9003
-2.766245 -5.030904 120.4216
-1.774155 -5.059427 117.0097
-2.122602 -4.958082 116.654
-1.932737 -4.613529 117.0009
-2.3827 -4.4973 117.1181
-2.299812 -4.991654 117.2983
-2.734899 -4.804016 117.0018
-2.595455 -5.362307 116.9852
-2.454762 -4.520082 122.8018
-2.559437 -4.577471 122.2185
-2.248796 -4.484457 122.3688
-2.240515 -4.916936 122.5049
-2.768412 -4.989721 122.1089
-2.615638 -5.34387 122.275
-2.234425 -4.960083 122.009
-2.732658 -5.169825 122.7336
-2.452704 -5.44888 122.7503
-2.24631 -4.875869 122.9768
-2.544101 -5.401219 118.9895
-2.754594 -4.867203 119.2439
-1.809037 -5.181417 120.3173
-2.310758 -4.485864 119.5301
-1.843751 -4.720184 119.8815
-2.185165 -4.491054 120.3584
-1.942182 -5.362955 119.0293
-2.465371 -4.524484 120.0567
-1.925499 -5.347923 120.9923
-2.233963 -4.948998 120.692
-2.347829 -5.477728 121.0355
-2.402904 -4.502489 121.0514
-2.609514 -4.61846 120.4898
-2.736859 -4.80918 121.0082
-1.821358 -4.760207 121.4965
-1.988279 -4.569935 121.0337
-1.76883 -4.964402 120.9732
-2.280946 -4.882114 121.4783
-2.642621 -4.652421 121.6144
-2.548318 -4.569739 118.8849
-2.175741 -4.492739 118.8486
-2.223622 -4.964066 118.712
-2.577929 -5.376778 121.6643
-2.695071 -5.244818 120.9974
-1.83393 -4.736689 120.5063
-2.766695 -5.025853 121.4939
-1.81416 -4.775201 119.0912
-1.796637 -5.149595 121.5681
-2.107167 -5.457346 121.6
-2.153361 -4.497495 121.7531
-2.406955 -4.503639 118.2935
-2.763211 -4.911925 118.4295
-1.825878 -4.7514 122.7567
-2.096882 -4.514425 122.8317
-1.785444 -4.854798 122.1129
-1.985946 -4.571523 122.3464
-1.789975 -5.129218 122.706
-2.284741 -5.483805 122.1859
-1.893832 -5.315229 122.1484
-2.059538 -5.438337 122.7189
-1.779922 -5.090591 118.3642
-1.927723 -4.618134 118.3301
-2.151036 -5.47009 118.3281
-2.592271 -5.365038 118.2229
-2.634204 -4.643161 117.7073
-2.292318 -4.979913 117.9973
-1.887586 -5.308027 117.6679
-2.356897 -5.476184 117.6336
-2.265282 -4.981307 124.3357
-2.248753 -4.72552 124.1832
-1.872388 -4.678882 124.3357
-2.038759 -4.954313 124.0188
-2.143449 -4.499946 117.6854
-2.267047 -5.484068 116.3357
-2.045892 -5.43181 116.986
-2.748282 -5.124624 117.6568
-2.255934 -5.483914 123.2735
-2.277494 -4.484152 123.3254
-2.622539 -5.33708 123.2781
-2.72711 -4.78501 122.7301
-2.627138 -4.635734 123.2955
-2.098041 -4.978189 123.6291
-1.79304 -4.829177 117.6772
-1.768932 -4.961977 123.278
-1.923127 -4.622468 123.311
-2.071236 -4.524604 123.8339
-2.474553 -4.528528 123.8297
-1.799211 -5.156758 123.8054
-1.89822 -5.320128 123.2636
-2.059173 -5.43817 123.8084
-2.768443 -4.983082 123.2751
-2.73389 -5.166716 123.8058
-2.735681 -4.806056 123.8128
-1.804556 -4.7975 123.8155
-2.47153 -5.007495 124.0061
-2.271593 -4.98407 124.3357
-2.664499 -4.678882 124.3357
-2.768443 -4.983603 124.3357
-2.466055 -5.443363 123.8082
-1.872388 -5.289259 124.3357
-2.664499 -5.289259 124.3357
-2.267588 -5.48407 124.3357
-2.304252 -5.286402 124.1579
-1.768444 -4.98407 124.3357
-2.266642 -4.484074 124.3357
-4.334801 -4.162629 123.8298
-4.371177 -3.997344 123.3098
-4.340271 -3.799548 123.8277
-3.877983 -4.015369 123.3681
-4.238299 -3.634043 123.3079
-3.820188 -3.868547 123.7249
-3.868528 -3.979159 124.3357
-3.908553 -3.931264 124.0754
-3.667688 -4.430548 123.8486
-4.131328 -4.088496 124.0536
-4.06841 -4.433758 123.8446
-3.515395 -4.324832 123.348
-3.859388 -4.473918 123.3673
-3.87802 -3.47411 123.3089
-3.510204 -3.628661 123.3048
-3.371929 -3.988576 123.3091
-3.406425 -4.157105 123.8338
-3.974773 -3.484806 119.8093
-3.922055 -3.994949 119.4747
-3.393478 -4.119968 119.8659
-3.914952 -3.895021 120.3129
-4.371716 -3.975786 124.3357
-4.267774 -4.279259 124.3357
-3.923977 -4.471332 121.1568
-3.495077 -4.302919 121.0727
-3.607552 -4.398589 120.3821
-3.927717 -4.088956 120.8577
-3.373707 -3.929528 120.825
-3.675616 -3.514131 121.2036
-3.371859 -3.96224 121.4498
-4.224228 -4.328665 120.5067
-4.364581 -3.88989 119.9862
-3.568274 -3.576677 120.6056
-3.386489 -3.853437 120.2438
-3.418557 -3.762777 118.9249
-3.475358 -3.669279 119.6293
-3.829989 -3.475815 119.1374
-4.10473 -4.416457 119.7924
-3.616576 -4.404073 119.5695
-3.651262 -3.525296 120.1476
-3.846659 -3.973704 121.682
-4.077131 -3.518213 123.827
-3.380063 -4.065035 119.3692
-4.267774 -3.668882 124.3357
-3.486513 -4.292845 118.8907
-3.987882 -4.460389 119.024
-4.253014 -3.65063 119.4058
-4.23541 -3.630954 121.1348
-4.361672 -3.874344 120.642
-4.040937 -3.503576 120.5106
-4.358621 -4.087764 119.228
-4.347234 -4.128619 121.1386
-4.252592 -3.650133 118.7789
-4.357631 -3.856218 121.6929
-4.327487 -4.179679 118.4102
-3.466731 -3.680838 121.7562
-3.72864 -3.494979 118.3598
-3.37375 -4.019099 118.2753
-3.874868 -3.97407 124.3357
-4.24895 -4.302242 121.7119
-3.374799 -4.029485 122.1461
-3.555754 -4.361584 121.6738
-3.833656 -3.980873 122.2939
-3.669903 -3.51661 123.8235
-3.727089 -3.708642 124.0591
-3.371719 -3.97407 124.3357
-3.475663 -4.279259 124.3357
-3.873715 -3.474074 124.3357
-3.873451 -4.474067 124.3357
-4.365054 -4.055436 122.2537
-4.061938 -3.511667 121.7059
-3.710474 -3.500784 121.8114
-4.25216 -3.649625 122.2414
-4.130984 -4.4016 122.2977
-3.761285 -4.461722 118.3022
-4.24564 -3.642132 118.1669
-4.346776 -3.81812 122.7823
-3.875342 -3.997541 122.8465
-3.525953 -3.612897 122.2696
-3.908025 -4.472751 121.8239
-3.400667 -3.806409 122.7626
-3.68448 -3.510452 122.7855
-3.894824 -3.474605 122.271
-4.083405 -3.521092 122.7834
-3.452102 -3.702185 117.6499
-4.114405 -4.411224 117.6884
-3.672717 -4.432762 122.3498
-4.312271 -4.21053 116.9956
-3.886051 -4.473865 117.0815
-3.857707 -3.988848 117.2575
-3.965496 -3.482943 117.6339
-4.367831 -3.911844 117.6462
-4.308681 -4.2171 122.7999
-3.996212 -4.458324 122.8384
-4.207379 -4.344653 123.327
-3.425757 -4.200163 122.7834
-3.670267 -4.431692 122.9258
-3.524606 -4.33395 116.8512
-3.759655 -4.010515 116.6372
-3.503029 -4.31181 117.574
-4.215307 -3.610826 116.989
-3.475663 -3.668882 124.3357
-3.372656 -3.943466 116.98
-3.638751 -3.531661 116.9847
-3.404041 -3.797216 123.8224
-3.872153 -3.474071 116.3357
-3.735718 -5.465219 119.6522
-4.293468 -5.252636 119.7428
-4.070361 -5.442918 120.3734
-3.865128 -4.905582 119.9267
-3.374368 -5.035478 119.9489
-3.596089 -4.566903 120.1999
-3.866885 -4.951162 120.5421
-3.562009 -5.3766 120.439
-3.378088 -4.904518 120.6397
-4.371486 -4.999315 120.4413
-4.095264 -4.536826 120.3889
-3.487046 -4.664654 119.5655
-3.645635 -5.430037 121.6313
-3.383041 -5.089875 121.6829
-3.449467 -5.251846 121.0918
-3.863999 -4.963603 121.4341
-3.495925 -4.654254 121.678
-3.700471 -4.514311 120.9961
-3.390614 -4.847914 121.2143
-4.084965 -5.436316 121.6196
-3.846992 -5.483459 121.0192
-3.936629 -4.488302 121.7538
-4.280422 -4.696039 121.1397
-3.955336 -4.491112 119.5858
-4.355758 -4.858746 119.2239
-3.705121 -4.911018 121.9883
-4.28636 -5.263486 121.0315
-3.586727 -4.573242 118.8827
-4.104091 -4.541348 118.887
-3.613885 -5.412465 118.9112
-3.378351 -5.06524 119.2184
-4.361711 -4.884534 118.4106
-4.158828 -5.393421 118.9376
-4.323737 -4.770343 119.8818
-3.378504 -4.901976 122.2242
-4.294494 -4.717123 121.8022
-3.86437 -5.484016 122.1994
-3.873279 -4.484073 124.3357
-4.077719 -4.528479 123.8424
-3.675344 -4.524247 123.8394
-3.840625 -4.730219 124.2209
-4.361393 -5.085159 121.6649
-4.064841 -5.445269 122.7527
-4.243475 -5.318432 122.2078
-3.982592 -4.948104 122.5578
-4.194049 -4.601836 122.3019
-4.370172 -4.944775 122.2596
-3.638618 -5.02077 124.053
-4.079186 -4.914244 124.066
-3.488938 -5.305752 122.2072
-3.953334 -4.490776 118.2811
-4.207483 -5.354559 118.1941
-3.769765 -5.473565 118.2885
-3.874868 -4.98407 124.3357
-4.267774 -4.678882 124.3357
-3.59959 -4.564611 122.2668
-3.430298 -4.749235 122.78
-3.397305 -5.141968 122.7657
-3.66561 -5.439613 122.7524
-4.32934 -4.782619 122.8064
-4.337852 -5.164955 122.7705
-3.906019 -4.485248 122.3764
-4.071172 -4.525575 122.8392
-3.710703 -4.510706 122.8242
-3.868561 -4.981851 124.3357
-3.475663 -4.678882 124.3357
-3.845563 -5.153324 124.1425
-3.485723 -5.301888 117.6671
-3.965903 -5.47512 117.612
-3.953203 -5.005761 117.3787
-3.377879 -5.062314 118.4002
-4.223627 -4.62888 117.6899
-3.533298 -4.616005 118.1841
-3.741818 -4.501239 117.6401
-3.372093 -4.964715 123.2989
-3.971039 -4.995289 123.0585
-3.506672 -5.325745 123.2904
-3.776289 -4.95681 123.576
-3.528918 -4.620081 123.3241
-3.883542 -4.48421 123.3397
-4.371717 -4.982882 123.3096
-4.227614 -5.335266 123.2954
-4.230851 -4.636185 123.3313
-3.395668 -4.831178 117.6469
-3.866844 -5.484047 123.2868
-3.647746 -5.431101 116.9819
-4.355037 -5.112145 117.6428
-4.335861 -4.798136 116.9909
-4.200989 -5.360343 116.9782
-3.534741 -4.614684 116.9817
-3.981963 -4.496376 117.0999
-3.786396 -4.988812 116.733
-4.338741 -4.805492 123.8296
-3.869908 -5.484067 116.3357
-3.377306 -5.058609 117.0025
-3.371719 -4.98407 124.3357
-3.403818 -5.160334 123.8161
-3.475663 -5.289259 124.3357
-3.666616 -5.440067 123.8176
-3.872523 -5.48407 124.3357
-3.408062 -4.796926 123.8263
-4.337188 -5.166658 123.8217
-4.371718 -4.983324 124.3357
-4.267774 -5.289259 124.3357
-4.072223 -5.442107 123.8203
-6.501729 -1.89016 123.838
-6.290905 -1.928722 123.3434
-6.645578 -1.798272 123.3188
-6.314554 -1.449745 123.7656
-5.841404 -1.607562 123.8244
-5.946858 -1.774364 123.3232
-6.100755 -1.883854 123.8389
-6.777231 -1.255139 123.8328
-6.366509 -1.210652 124.0979
-6.342304 -1.579522 124.0572
-6.770886 -1.619153 123.8312
-6.808015 -1.44972 123.3163
-6.704499 -1.734219 124.3357
-6.307227 -1.929028 124.3357
-6.674853 -1.088818 123.3312
-5.85989 -1.208123 120.5214
-6.555571 -0.9943714 120.4553
-5.896509 -1.712419 120.2391
-6.340908 -1.447457 120.8858
-6.807302 -1.395269 121.0664
-6.581908 -1.010441 121.2094
-5.808486 -1.435549 119.7693
-6.501079 -0.9676282 119.8037
-6.794421 -1.311448 119.6554
-6.604593 -1.831889 119.8209
-6.573146 -1.853215 119.0783
-5.878526 -1.684316 119.0041
-6.770716 -1.619566 120.4111
-5.892226 -1.151969 119.2845
-6.116167 -1.890581 119.684
-6.305799 -1.929023 120.3656
-5.812202 -1.36784 121.295
-5.935929 -1.762546 120.8608
-6.101333 -0.9739418 119.8661
-6.364975 -0.9322359 119.1846
-6.382852 -1.433561 121.7784
-6.807443 -1.460642 122.2497
-6.600785 -1.834661 122.2617
-6.236492 -1.374464 122.3385
-6.363558 -0.9320767 121.7944
-6.141995 -0.9575482 121.1251
-5.952052 -1.078338 121.7025
-6.00151 -1.823735 121.564
-6.742668 -1.676919 121.6705
-6.760021 -1.214372 121.7087
-6.776358 -1.252803 118.8165
-5.912388 -1.734219 124.3357
-6.747393 -1.668452 118.2867
-6.487247 -1.895966 121.0855
-5.809208 -1.456667 122.0747
-6.010551 -1.027458 122.2451
-5.808444 -1.42903 124.3357
-6.365679 -0.9323165 118.3699
-5.909255 -1.127951 118.6319
-6.660862 -1.074345 116.974
-6.083963 -0.9822544 117.0172
-6.32098 -1.928873 117.0707
-6.178823 -1.47805 116.6341
-6.401577 -1.920279 121.7628
-6.115343 -1.890237 122.2866
-6.2246 -1.92195 118.3251
-5.829734 -1.57338 118.2619
-6.656792 -1.070347 122.2876
-6.753403 -1.657089 122.7895
-5.84179 -1.24949 123.8181
-6.105434 -0.9720977 123.8348
-6.303858 -1.42432 123.3259
-5.857522 -1.645061 122.7481
-6.104069 -1.885353 122.886
-6.282689 -1.440742 122.834
-5.951133 -1.079274 123.3102
-6.131304 -0.9614601 122.8142
-6.340872 -0.9300826 122.3832
-5.84495 -1.241484 122.7317
-6.518226 -0.9751674 122.8342
-5.951929 -1.779597 117.5846
-6.540004 -1.872178 117.6527
-6.740087 -1.176673 118.1417
-5.904534 -1.134315 117.7858
-6.463618 -0.9537185 117.6353
-6.807363 -1.396178 117.5948
-6.744497 -1.673687 116.9754
-6.439196 -1.911631 122.8031
-6.315833 -0.9290845 123.3341
-6.513856 -0.9731727 123.8391
-6.778347 -1.258177 122.7997
-5.808465 -1.433688 123.2894
-5.810144 -1.387833 117.0167
-5.961187 -1.78877 116.8572
-6.808443 -1.429877 124.3357
-5.912388 -1.123841 124.3357
-6.704499 -1.123841 124.3357
-6.307164 -0.9290315 124.3357
-6.305287 -1.431139 124.3357
-6.311593 -1.42903 124.3357
-6.309693 -0.9290314 116.3357
-6.322341 -2.938837 119.696
-6.771903 -2.62666 119.6942
-6.612155 -2.836219 120.3787
-6.365696 -2.503277 120.0113
-6.037437 -2.859215 120.3992
-6.374772 -2.384965 120.6106
-5.833404 -2.595033 119.7657
-6.665886 -2.089409 120.5338
-6.808298 -2.42698 120.2156
-6.726545 -2.713241 121.0618
-6.315508 -2.93898 120.9996
-6.755944 -2.215998 119.1826
-6.301042 -1.939085 119.4948
-6.683301 -2.10815 119.8854
-6.25963 -1.941418 120.24
-6.80749 -2.469899 120.6721
-5.834755 -2.27897 120.5339
-5.876818 -2.691417 121.0648
-6.347574 -2.367362 121.5032
-5.861419 -2.215046 119.0806
-6.292284 -1.939291 121.0417
-6.762378 -2.229403 121.113
-5.86043 -2.217031 121.3566
-5.916162 -2.129006 119.8285
-6.633143 -2.058806 121.6695
-5.993862 -2.827666 119.0476
-6.309644 -2.939028 122.1604
-6.092571 -2.890028 121.599
-6.537913 -2.883264 121.6049
-6.280403 -2.516913 122.1487
-6.176838 -1.956661 121.7941
-6.371655 -1.943042 118.7931
-6.6391 -2.814085 118.9505
-5.838142 -2.269275 122.1198
-6.308507 -2.93903 116.3357
-6.640493 -2.812852 116.9808
-6.294833 -2.42924 118.5445
-5.93054 -2.766427 117.6757
-6.43133 -1.954366 118.1645
-5.833324 -2.28327 117.6732
-5.917468 -2.7507 122.165
-5.829013 -2.580967 121.6612
-6.795172 -2.324595 122.2156
-6.698958 -2.751277 122.176
-6.803649 -2.508106 121.6404
-6.78704 -2.294304 118.3875
-5.819813 -2.545051 118.3713
-6.210198 -2.929283 118.3283
-5.986188 -2.056732 118.307
-6.527014 -1.989333 122.2826
-6.327381 -2.411981 122.8113
-6.787306 -2.582872 122.7411
-6.512156 -2.895649 122.7175
-6.435619 -1.955474 122.8662
-6.129806 -1.97203 122.4467
-5.809389 -2.408295 123.2873
-5.879684 -2.181804 122.7972
-5.823816 -2.562059 122.7098
-6.663742 -2.790829 118.2117
-6.41296 -2.927984 117.6359
-6.795126 -2.553662 117.6486
-6.311593 -2.43903 124.3357
-6.808434 -2.435905 124.3357
-6.704499 -2.133841 124.3357
-6.463309 -2.279873 124.1169
-6.30711 -1.939032 124.3357
-6.105912 -1.981885 123.8565
-6.075972 -2.371603 124.0672
-6.175459 -1.957039 117.6481
-6.50534 -1.97943 123.8513
-6.382834 -2.432686 117.3492
-6.674663 -2.779446 123.2695
-6.301738 -2.938985 123.2563
-6.737594 -2.182456 122.7856
-6.092262 -2.88988 122.7045
-6.643264 -2.067687 123.3354
-6.299674 -1.939107 123.3839
-6.294362 -2.41651 123.3528
-6.120605 -1.975655 122.9699
-6.661205 -2.084687 117.6658
-6.087829 -2.887727 116.987
-6.415739 -1.950678 117.0968
-6.772187 -2.252102 116.9854
-5.959843 -2.080592 123.3636
-6.306927 -2.392379 123.7768
-6.807618 -2.410318 123.2961
-6.704499 -2.744219 124.3357
-6.194013 -2.522947 124.1677
-5.844312 -2.253067 123.8326
-5.839133 -2.611505 123.8083
-5.933805 -2.770158 123.2549
-6.229953 -2.460414 116.7157
-5.81444 -2.516236 117.0123
-5.969481 -2.071464 116.9901
-6.100406 -2.893695 123.8014
-6.777585 -2.611965 123.8111
-6.770715 -2.24849 123.8239
-6.51062 -2.896331 123.8054
-6.305188 -2.430864 124.3357
-5.912388 -2.744219 124.3357
-6.307211 -2.939028 124.3357
-5.808444 -2.43903 124.3357
-5.912388 -2.133841 124.3357
-7.798112 -0.9421073 121.2172
-7.604738 -1.034362 120.4579
-7.422517 -1.325675 121.0685
-7.919221 -1.405512 121.1361
-7.421922 -1.328536 119.6348
-7.598308 -1.818612 120.0108
-7.424548 -1.541567 120.4251
-7.910047 -1.469191 120.2246
-7.544662 -1.768543 120.9896
-7.817347 -1.920043 120.5605
-8.011673 -1.918937 121.2317
-8.323229 -1.713036 120.6148
-8.408668 -1.484182 121.2026
-7.769807 -1.908468 119.4719
-8.105822999999999 -1.889816 120.0231
-8.310758999999999 -1.730305 119.4656
-7.843779 -0.9336672 119.1268
-8.342601999999999 -1.175377 119.3655
-8.002509999999999 -0.9373421 119.8867
-8.08859 -1.896701 118.8693
-8.402520000000001 -1.524498 118.9384
-7.969128 -1.426762 118.995
-8.378905 -1.607179 118.2882
-7.504838 -1.719629 121.6281
-7.512208 -1.729681 118.8814
-7.90856 -1.431317 124.3357
-7.914601 -0.9290382 124.3357
-7.515663 -1.123841 124.3357
-7.848156 -1.362428 124.1817
-8.388918 -1.279763 121.7714
-8.316155999999999 -1.723021 121.7738
-7.467966 -1.198632 121.6972
-8.097413 -0.964791 121.78
-7.834488 -1.425001 121.8822
-8.258231 -1.068573 121.2972
-8.252594999999999 -1.063239 120.648
-7.455454 -1.224524 118.829
-7.77223 -0.948881 118.2963
-8.282795999999999 -1.093916 118.6903
-7.846908 -1.924812 118.248
-7.416527 -1.498207 118.1443
-7.894841 -1.449007 117.515
-8.281655000000001 -1.092656 118.0915
-7.928009 -0.9292953 122.3163
-7.749589 -0.9560459 121.846
-7.412538 -1.457649 122.2407
-8.409037 -1.48074 122.3013
-8.221458 -1.821537 122.3486
-8.190666 -1.843986 117.6462
-7.597708 -1.818128 122.2976
-8.406358000000001 -1.356009 117.5833
-7.925701 -1.928834 121.921
-7.560731 -1.072929 122.2899
-8.284013 -1.095268 122.3037
-7.44606 -1.246926 122.8025
-8.011213 -1.472557 122.6326
-7.456309 -1.635433 122.8066
-7.912796 -1.929029 122.4527
-8.41053 -1.394581 120.0179
-7.661066 -1.314894 124.046
-7.664296 -1.863521 117.6007
-8.358382000000001 -1.653733 116.9675
-7.962613 -1.926433 117.0741
-7.549383 -1.773577 116.9249
-7.423031 -1.534786 117.4521
-8.118727 -0.9738951 122.8291
-7.724423 -1.892625 122.8622
-8.131928 -1.331014 124.0723
-7.525805 -1.111114 117.5823
-8.018513 -0.940568 117.5737
-8.364421999999999 -1.641302 122.8399
-8.097261 -1.893329 122.8777
-7.554311 -1.079373 123.3241
-7.724442 -0.9654273 122.8242
-7.829997 -1.492663 123.0974
-8.274751999999999 -1.085218 123.3396
-8.382235 -1.259872 122.8266
-8.11463 -1.886006 123.8547
-7.911798 -1.92903 123.36
-8.265355 -1.7825 123.356
-7.855696 -1.516349 123.5923
-7.558713 -1.78313 123.3411
-8.411718 -1.429969 124.3357
-8.307774 -1.734219 124.3357
-8.377629000000001 -1.610489 123.8449
-7.89627 -1.42774 116.9394
-7.919928 -1.62116 124.1303
-7.515663 -1.734219 124.3357
-7.411719 -1.42903 124.3357
-8.411633999999999 -1.438226 123.3429
-8.307774 -1.123841 124.3357
-8.379158 -1.251546 123.8381
-7.421351 -1.331358 116.9345
-7.916501 -0.9290527 123.3362
-8.257363 -1.067741 116.9545
-7.700514 -0.9758273 116.9473
-7.411753 -1.434921 123.3213
-7.711112 -1.887022 123.8484
-7.446301 -1.611751 123.8327
-7.914868 -1.42903 124.3357
-7.914784 -1.92902 124.3357
-8.116699000000001 -0.9729785 123.8398
-7.445041 -1.249552 123.8292
-7.711107 -0.9710399 123.8384
-7.914257 -0.9290363 116.3357
-7.448857 -2.249929 123.8218
-7.681856 -2.528721 124.0607
-7.715943 -1.978952 123.8442
-7.794055 -2.562792 123.6463
-7.709424 -2.896279 123.8077
-8.117153 -2.894877 123.8103
-7.914519 -2.939022 124.3357
-8.050113 -2.351765 124.0146
-7.411719 -2.43903 124.3357
-7.515663 -2.133841 124.3357
-7.515663 -2.744219 124.3357
-7.443297 -2.613904 123.8073
-8.227468 -2.051341 121.7184
-7.853658 -1.942412 121.1725
-7.863229 -1.941387 121.8341
-8.016503999999999 -2.414299 121.3882
-8.375785 -2.625153 119.7409
-8.280640999999999 -2.101545 119.8695
-8.409485 -2.391826 120.4287
-8.000868000000001 -2.415608 120.1335
-7.764595 -2.916894 120.4558
-7.431145 -2.577049 120.2585
-7.924599 -2.467016 120.6539
-7.872159 -2.937462 119.7558
-7.507279 -2.145043 119.7516
-7.897059 -2.424338 119.3138
-7.531474 -2.763705 120.9709
-7.729002 -2.904449 119.075
-7.442532 -2.611841 119.4626
-7.432435 -2.296595 121.0032
-8.234958000000001 -2.820496 118.9605
-8.366282999999999 -2.230772 119.1601
-7.917742 -1.939066 119.3931
-7.874936 -1.940385 120.0055
-7.607367 -2.042331 120.4652
-8.115508 -1.982445 120.5186
-8.198193 -2.848825 120.3836
-8.410361999999999 -2.475842 121.6341
-8.354424 -2.671435 121.0174
-8.340422 -2.18171 121.0808
-7.49049 -2.169649 118.9492
-7.970961 -2.935508 121.0067
-7.412183 -2.417487 123.2894
-7.471702 -2.201575 122.7789
-7.438555 -2.600636 122.7374
-7.836808 -2.362181 123.0976
-8.1723 -2.865758 121.5945
-8.090666000000001 -1.972149 122.3751
-8.393325000000001 -2.30466 122.2412
-7.899186 -2.434432 121.994
-8.316527000000001 -2.73251 122.1806
-7.72204 -2.901655 121.5753
-7.426771 -2.560792 121.5938
-7.52333 -2.124142 121.6633
-7.463902 -2.661426 118.8168
-7.901086 -2.479397 118.6462
-8.009976999999999 -1.94878 118.7102
-7.416828 -2.367733 122.1935
-7.539885 -2.773305 122.1595
-7.910627 -2.432511 122.544
-7.778517 -1.957099 122.838
-7.640755 -2.018817 122.2842
-8.396914000000001 -2.318258 118.3564
-8.064522999999999 -1.962951 118.1059
-7.953129 -2.390083 117.906
-7.412723 -2.470708 118.26
-7.623056 -2.030772 118.2195
-7.717414 -2.899731 122.7212
-8.280748000000001 -2.776398 123.2826
-7.916684 -2.939005 123.2709
-8.129254 -2.889228 122.7269
-7.935943 -2.938443 122.1574
-7.760425 -2.915591 118.3576
-8.245438 -2.811362 118.201
-7.989213 -2.932988 117.6255
-7.805063 -1.950538 117.592
-8.342921 -2.18592 122.8232
-8.100645999999999 -1.976097 122.9407
-8.392955000000001 -2.574719 117.6245
-7.549066 -2.783244 123.2688
-8.392518000000001 -2.576261 122.7575
-8.279648 -2.100463 117.6266
-7.448152 -2.251665 117.6091
-7.94865 -2.393133 117.2933
-7.683922 -2.884124 116.9775
-8.235339 -2.820173 116.9738
-8.034514 -1.954343 117.0709
-7.516875 -2.745785 117.6448
-7.584125 -2.061297 116.9584
-8.411108 -2.414321 123.3129
-8.261646000000001 -2.081887 123.363
-8.376223 -2.254001 123.8343
-8.1153 -1.982352 123.8532
-7.573993 -2.070328 123.3217
-7.92144 -1.939124 123.3668
-7.914633 -2.939021 116.3357
-8.379882 -2.263466 116.9692
-7.82275 -2.453837 116.7245
-8.307774 -2.133841 124.3357
-8.411709 -2.435979 124.3357
-8.3805 -2.612937 123.8175
-7.914781 -1.939039 124.3357
-7.415891 -2.50349 116.9859
-8.307774 -2.744219 124.3357
-7.914868 -2.43903 124.3357
-7.908469 -2.431101 124.3357
-6.368625 -4.470435 121.1366
-5.915698 -4.283507 120.9968
-6.318504 -3.998827 120.7636
-6.411798 -3.918422 121.3427
-6.636305 -3.59657 120.984
-6.794713 -3.857701 120.3685
-6.315071 -3.474114 120.3028
-5.816945 -3.882262 120.5161
-6.080078 -4.418873 120.4667
-5.866085 -4.207134 119.9068
-6.32502 -3.993547 120.1208
-6.595029 -4.383788 120.4448
-6.661294 -4.328325 119.1238
-6.299039 -4.473982 119.7907
-6.71228 -3.679255 119.6074
-6.74614 -4.215776 119.8528
-5.887449 -3.704323 119.7151
-5.890833 -4.249027 119.1267
-6.790056 -4.108418 120.9964
-6.791548 -3.84519 121.5947
-5.944871 -4.317312 121.6529
-5.808951 -3.951553 121.1837
-6.713738 -4.266878 121.5469
-6.400371 -3.951943 122.2598
-5.840441 -3.798078 121.6997
-6.076293 -3.531232 121.1156
-5.863931 -3.745141 119.1602
-6.227439 -3.480676 119.1265
-6.430256 -4.459005 121.8631
-6.477284 -3.50344 121.6252
-6.099527 -3.519808 121.7621
-6.732478 -3.709127 118.8118
-6.258291 -4.471549 118.3884
-6.31506 -3.942618 118.4727
-6.286447 -3.474554 119.7012
-5.884387 -3.709162 117.7947
-5.841162 -4.15197 118.3171
-5.873926 -3.726696 118.6278
-6.300728 -3.47413 118.3588
-6.807344 -4.007215 123.3043
-6.79148 -3.844937 122.7431
-6.683709 -3.643653 123.2834
-6.35206 -4.014146 123.3165
-6.305257 -3.978863 124.3357
-5.808444 -3.97407 124.3357
-6.35682 -3.981133 124.1541
-5.912388 -3.668882 124.3357
-6.113313 -4.434422 122.3722
-6.558216 -4.407215 117.6817
-6.770358 -4.165473 118.3126
-5.84088 -3.796913 123.8193
-6.076713 -4.070625 124.0678
-6.712278 -3.679253 118.1479
-5.842545 -4.15556 123.8338
-5.912388 -4.279259 124.3357
-6.704499 -3.668882 124.3357
-6.778515 -3.803681 123.8183
-6.518212 -3.520201 123.8141
-6.457517 -3.8728 124.0225
-6.311593 -3.97407 124.3357
-6.320285 -3.474211 123.2934
-6.528648 -3.525172 122.7437
-6.117174 -3.512101 122.7636
-6.265975 -3.981695 122.8096
-6.78243 -4.133246 122.1607
-6.537319 -4.418611 122.403
-6.307243 -3.474072 124.3357
-6.698014 -3.660646 122.1766
-6.42127 -4.461174 122.8694
-5.835836 -3.810845 122.7729
-5.936382 -3.640049 122.2473
-5.816474 -4.063325 122.2458
-5.967117 -4.339442 117.6115
-6.736877 -4.231838 122.8022
-6.321489 -3.474241 122.2262
-6.805329 -3.918351 117.6102
-6.381375 -3.993843 117.3558
-6.748645 -4.211183 116.9833
-6.330425 -4.473587 117.0867
-6.307695 -4.47407 124.3357
-6.654422 -3.613101 116.9814
-6.071322 -3.533873 117.021
-6.434851 -3.490313 117.6382
-6.107993 -3.51601 123.8134
-6.106016 -4.431261 122.946
-5.808634 -3.987869 123.3141
-5.86762 -4.210024 122.8227
-6.125641 -3.93218 123.6647
-6.102378 -4.429633 123.8536
-6.50194 -4.435112 123.8519
-6.289098 -4.473696 123.3789
-5.952096 -4.324807 123.3588
-6.639918 -4.348403 123.3412
-5.948489 -3.627036 123.2951
-5.809227 -3.946086 117.0261
-6.205179 -4.01064 116.657
-5.968 -4.340265 116.869
-6.770459 -4.165229 123.8328
-6.808439 -3.976111 124.3357
-6.308902 -3.474071 116.3357
-6.704499 -4.279259 124.3357
-6.346302 -4.485506 119.6594
-6.747738 -5.22286 119.5436
-6.347493 -5.482543 119.6052
-6.784039 -4.829768 119.8941
-6.662419 -5.337201 120.2403
-6.345311 -4.991391 120.3343
-6.803464 -4.913681 120.4962
-5.859159 -4.764655 119.138
-6.000254 -5.377795 118.9988
-5.866266 -5.217479 119.7108
-6.634005 -5.363556 116.9661
-6.15511 -4.959686 116.6462
-5.831181 -4.835004 120.9942
-6.236721 -4.489241 120.9388
-5.922184 -4.666575 120.5064
-6.118216 -5.44647 120.2902
-5.814399 -5.061014 120.3872
-6.563555 -4.554049 120.3767
-5.883147 -4.721159 119.9107
-6.176903 -4.501684 120.2767
-5.818403 -5.083368 121.5558
-5.92524 -5.305248 120.9394
-6.418027 -5.074902 121.2697
-6.808443 -4.983205 121.5729
-6.76277 -5.192847 120.9541
-6.718653 -4.698189 121.0179
-6.120697 -5.447483 121.5187
-6.382755 -5.478517 120.902
-6.757674 -4.764544 119.127
-6.580698 -5.403448 121.5302
-5.978109 -4.608732 121.5546
-6.525761 -4.533767 121.644
-6.295328 -4.484242 118.9931
-6.304476 -4.950896 118.7729
-6.053411 -4.554002 118.3719
-6.544538 -4.543322 118.6023
-6.800105 -4.893134 118.3172
-6.620424 -5.374799 118.8737
-6.642812 -5.35582 118.1524
-5.831391 -4.834336 122.1688
-6.246879 -4.978438 122.0928
-6.338012 -5.483195 122.109
-6.782937 -4.826413 122.1778
-6.531005 -4.536336 122.3209
-6.161602 -4.506119 122.0776
-5.9267 -5.306982 122.1221
-5.815903 -5.070114 118.3776
-6.194058 -5.47081 118.2878
-6.500519 -4.522435 118.106
-6.257283 -4.486695 122.5298
-6.791488 -5.113173 122.7156
-6.532078 -5.43127 122.6856
-6.720584 -5.267161 122.1306
-6.312411 -4.933433 122.7622
-5.832198 -5.136354 122.7085
-5.859686 -4.763579 122.8063
-6.002011 -4.588977 122.4908
-6.113959 -5.444696 122.6876
-6.253859 -5.084084 117.9272
-5.844358 -4.797994 117.6901
-6.208048 -4.494253 117.6595
-5.920497 -5.299502 117.6604
-6.684399 -4.654438 117.6283
-6.396938 -5.476177 117.5994
-6.113225 -4.523756 122.918
-6.788381 -5.124286 117.6033
-6.737837 -4.727904 122.7775
-6.648546 -4.617559 123.3277
-6.458698 -4.507181 122.8784
-6.2996 -4.484149 123.3642
-6.807775 -4.958221 123.2857
-6.678804 -5.319977 123.2602
-6.315633 -5.484019 123.2481
-6.40431 -4.948231 123.5757
-5.808609 -4.97122 123.2849
-5.946841 -5.329387 123.2523
-6.776763 -4.808923 116.9711
-6.374221 -4.989622 117.2906
-6.431104 -4.499349 117.0916
-5.980628 -4.60653 116.9964
-5.953307 -4.632107 123.3442
-6.106258 -4.526773 123.8442
-6.506328 -4.524895 123.8393
-6.515121 -5.439355 123.7995
-6.107099 -5.441739 123.7975
-5.81266 -5.048867 117.0127
-6.310671 -5.484065 116.3357
-6.081094 -5.429393 116.9778
-6.77725 -5.157911 123.805
-6.772342 -4.797528 123.8208
-6.12955 -5.090777 124.042
-6.428244 -4.770395 124.0607
-6.704499 -4.678882 124.3357
-5.842511 -4.802667 123.8207
-5.841632 -5.163198 123.8018
-5.912388 -4.678882 124.3357
-6.307819 -4.484071 124.3357
-5.808444 -4.98407 124.3357
-5.912388 -5.289259 124.3357
-6.808443 -4.983543 124.3357
-6.30867 -5.48407 124.3357
-6.311593 -4.98407 124.3357
-6.305279 -4.981038 124.3357
-6.704499 -5.289259 124.3357
-7.709503 -3.516786 123.828
-8.118479000000001 -3.518823 123.8236
-7.916105 -3.47409 123.2996
-7.898755 -3.980373 123.2855
-7.443794 -3.797871 123.8252
-8.028179 -4.03021 123.7137
-8.278222 -3.633959 123.2982
-7.446487 -4.157264 123.8306
-7.557497 -4.326954 123.3443
-7.709718 -4.43145 123.8502
-8.411255000000001 -3.995604 123.3042
-7.90111 -4.473958 123.3617
-8.250676 -4.34164 123.3259
-8.386644 -4.130421 121.0747
-8.199424 -4.383002 120.5487
-8.407279000000001 -3.907587 120.4128
-7.809918 -4.151257 120.707
-7.413555 -3.931261 119.6074
-7.74608 -3.502304 119.8525
-7.613374 -4.375307 120.3491
-7.48555 -3.712575 120.3664
-7.53847 -4.306765 121.0668
-7.411775 -3.981581 120.853
-7.945012 -4.472961 121.146
-8.286381 -3.642969 119.6763
-8.072441 -4.447535 119.0358
-8.245323000000001 -4.346506 119.8276
-8.40138 -4.075221 119.1686
-8.014586 -3.484767 120.421
-7.81553 -4.000051 121.1716
-7.699711 -4.426898 119.5731
-7.518613 -4.283049 118.9217
-7.662502 -3.540607 121.1321
-7.444376 -3.796333 118.8508
-7.781756 -3.491256 119.19
-7.490644 -3.704448 121.7385
-7.411931 -3.988627 121.441
-8.263783 -3.619034 121.0439
-7.889223 -3.981836 121.7118
-7.721207 -3.511788 121.7871
-7.900274 -3.968302 118.6339
-8.270913999999999 -3.626251 118.8425
-8.293094999999999 -4.297416 121.691
-8.393992000000001 -3.842116 121.6491
-7.853547 -4.470675 118.3153
-7.92381 -4.035662 122.1927
-7.417936 -4.052673 118.1742
-8.360275 -4.194971 116.9903
-8.405256 -3.893942 117.6384
-8.197447 -4.384386 117.6959
-7.989548 -3.989054 117.35
-7.416793 -4.045123 122.144
-7.600175 -4.365147 121.6731
-7.919342 -3.474129 122.2491
-8.406411 -4.046729 122.227
-8.177797999999999 -4.397393 122.2849
-7.950991 -4.472526 121.8208
-7.718783 -4.435347 122.3424
-8.077316 -3.502289 121.6579
-7.717824 -3.513196 122.7813
-7.554649 -3.624068 122.2587
-7.902922 -3.998483 122.7384
-8.38002 -4.149267 118.4057
-8.284675 -3.641049 122.2177
-7.758463 -3.498137 118.3508
-8.274566999999999 -3.630063 118.1717
-8.013776999999999 -3.484597 117.6153
-7.524657 -3.657553 117.6065
-7.438298 -3.813219 122.7578
-8.118233999999999 -3.518712 122.7671
-8.040017000000001 -4.45733 122.8267
-7.966397 -4.471072 117.0964
-7.421618 -3.875069 116.9478
-7.550711 -4.320009 116.9385
-7.830784 -3.992523 116.7375
-7.411719 -3.97407 124.3357
-7.515663 -3.668882 124.3357
-7.694691 -3.892941 124.0483
-7.515663 -4.279259 124.3357
-8.35154 -4.211888 122.7884
-7.668443 -4.410896 117.6279
-7.412021 -3.99147 123.3063
-7.469784 -4.207937 122.7903
-7.715289 -4.43387 122.9256
-8.255789999999999 -3.611282 116.9761
-8.411714999999999 -3.975977 124.3357
-8.307774 -4.279259 124.3357
-8.375265000000001 -4.161486 123.8282
-8.126393999999999 -4.068368 124.0847
-7.700567 -3.520843 116.9663
-8.380675999999999 -3.800636 123.8181
-8.385735 -3.814986 122.7643
-7.548514 -3.630439 123.2953
-7.423562 -4.082253 117.4706
-7.914567 -4.474062 124.3357
-8.110953 -4.432661 123.8489
-8.307774 -3.668882 124.3357
-7.914868 -3.97407 124.3357
-7.914551 -3.474078 124.3357
-7.908526 -3.979259 124.3357
-7.914581 -3.474079 116.3357
-7.519122 -4.674445 120.4267
-8.05068 -4.503769 120.1269
-7.909324 -4.992979 120.1069
-7.998188 -5.036407 120.6794
-8.064009 -4.507827 119.3789
-8.373882999999999 -4.793271 119.7625
-7.578466 -4.611321 119.6583
-7.413886 -5.030577 119.1692
-7.733431 -5.451204 119.4206
-7.425955 -5.102533 119.8769
-8.280832 -5.321346 119.7158
-7.773089 -5.464468 120.0876
-7.56027 -5.339716 121.1118
-7.46219 -5.202986 120.5222
-7.831098 -4.930304 121.1684
-7.763857 -5.461707 120.6524
-7.902947 -4.484147 120.709
-8.389786000000001 -4.837606 121.1231
-8.335038000000001 -5.250155 121.0512
-7.956526 -4.928772 121.7003
-8.169746 -5.412348 118.838
-8.405077 -4.902843 119.1069
-8.150753 -5.423231 121.6425
-7.972951 -5.480307 121.0973
-7.662679 -4.550504 121.146
-7.416093 -4.918077 121.0742
-8.411377 -4.965586 120.4069
-7.613676 -4.58261 118.9174
-7.735175 -5.451866 121.6449
-7.438383 -5.145171 121.6462
-8.165445 -5.41491 120.4759
-8.311883999999999 -4.684292 121.7203
-8.101526 -4.521498 121.2249
-8.400088999999999 -5.091283 121.6569
-8.236487 -4.603906 120.7069
-7.486869 -4.720437 121.6798
-8.307774 -4.678882 124.3357
-8.125131 -4.938154 124.0509
-7.914448 -4.484078 124.3357
-7.975066 -4.88806 124.1626
-7.41308 -4.947204 122.2137
-7.549109 -5.328329 122.1966
-7.889879 -4.484548 121.8001
-8.115258000000001 -4.527374 118.6914
-7.594983 -4.597187 122.2689
-7.91939 -4.968194 122.2914
-7.412637 -5.014364 118.376
-7.615656 -5.386993 118.8143
-7.929189 -5.483765 122.1899
-7.777111 -5.465611 118.23
-8.381451 -5.155392 122.7614
-8.114667000000001 -5.44103 122.7454
-7.915742 -4.959083 122.8665
-8.292357000000001 -5.308283 122.2034
-8.211800999999999 -4.584132 122.2865
-8.408495 -4.927389 122.2346
-7.718814 -5.44536 122.7409
-7.902702 -4.484152 122.3889
-8.364056 -4.77102 122.7897
-8.094218 -4.518567 122.8331
-7.724794 -4.520326 122.8257
-8.408265 -4.925407 118.3096
-8.22409 -5.374485 118.13
-7.6805 -4.540744 118.228
-8.118546 -4.528853 118.0926
-7.893774 -4.982711 117.5853
-8.295191000000001 -4.663214 117.611
-7.914868 -4.98407 124.3357
-7.559973 -4.628718 123.3192
-7.457802 -4.774404 122.7776
-7.913001 -4.484072 123.3349
-7.411783 -4.976022 123.2938
-8.377985000000001 -5.164614 123.8171
-8.114333999999999 -5.441177 123.8149
-7.812633 -4.957474 123.5715
-7.444082 -5.161033 122.7526
-7.411719 -4.98407 124.3357
-7.515663 -4.678882 124.3357
-7.446615 -4.800553 123.8244
-7.69474 -5.081373 124.0772
-7.712703 -4.525385 123.8407
-8.411688 -4.978583 123.3034
-8.271943 -5.330824 123.2866
-7.444952 -5.163316 123.8148
-7.515663 -5.289259 124.3357
-7.913694 -5.484066 123.2813
-7.453229 -4.784604 117.6461
-7.677668 -5.425908 116.967
-8.234640000000001 -5.365806 116.9535
-7.852255 -4.99516 116.7534
-7.98812 -5.478199 117.5798
-7.50892 -5.280302 117.6466
-8.043397000000001 -4.501721 117.0677
-7.832773 -4.490342 117.597
-7.588757 -4.602369 116.9703
-8.115551999999999 -4.527505 123.8385
-8.388106000000001 -5.135909 117.5908
-8.378337999999999 -4.804443 123.8282
-7.41501 -5.041347 116.9976
-7.552508 -5.331875 123.2818
-8.411718 -4.983357 124.3357
-8.381589999999999 -4.813131 116.958
-8.266204999999999 -4.631452 123.3241
-7.913542 -5.484067 124.3357
-8.307774 -5.289259 124.3357
-7.912021 -5.48407 116.3357
-7.908562 -4.982018 124.3357
-7.709998 -5.441573 123.8134
-2.048541 -1.129757 129.3274
-2.212078 -1.253838 128.9016
-1.895832 -1.118797 128.8413
-1.957536 -1.434466 129.1016
-2.265179 -1.420537 129.3655
-2.215815 -1.598504 128.9465
-1.684044 -1.260765 129.2658
-1.959252 -1.431701 129.5718
-2.265286 -1.426784 130.2431
-2.21142 -1.6052 129.8094
-2.201718 -1.239272 129.7976
-1.955333 -1.426398 130.0206
-2.047241 -1.129334 130.2354
-1.843709 -1.132638 129.7704
-1.875237 -1.123128 126.2869
-1.773817 -1.689916 126.2062
-1.664422 -1.296824 126.3996
-1.912813 -1.429392 126.5343
-1.635333 -1.42903 130.6853
-1.698036 -1.617627 130.2417
-1.860915 -1.731057 130.6853
-1.958646 -1.424742 130.4689
-2.203398 -1.616541 130.6853
-2.211003 -1.252243 130.6853
-1.694967 -1.244609 130.2354
-2.132632 -1.172179 126.864
-1.962493 -1.743775 127.1526
-1.63747 -1.465653 127.2779
-2.257056 -1.500594 127.1769
-2.200643 -1.237855 127.4841
-1.774146 -1.690139 127.6744
-1.972074 -1.114802 127.8921
-1.659553 -1.307907 127.7742
-1.661193 -1.554018 128.1393
-1.695739 -1.243546 126.8097
-1.648333 -1.518586 126.4832
-1.68655 -1.601196 126.881
-2.183474 -1.640805 127.6705
-2.249769 -1.331361 128.0098
-2.205114 -1.614204 128.1559
-2.131264 -1.171213 124.7997
-1.900217 -1.740001 126.6069
-2.219277 -1.592953 126.7005
-1.70246 -1.623404 124.8334
-1.635333 -1.42903 124.3357
-1.684736 -1.259675 124.8299
-1.73552 -1.198647 128.3221
-1.949471 -1.744009 128.1035
-1.65712 -1.544139 128.9172
-1.63664 -1.457692 128.5252
-1.779363 -1.693583 128.5277
-1.963686 -1.442939 128.6266
-2.241049 -1.307847 126.2778
-1.911522 -1.741612 128.949
-2.090036 -1.711324 128.5388
-2.265075 -1.440765 128.5075
-2.115825 -1.69702 126.1597
-2.099659 -1.151706 128.4076
-1.843038 -1.13288 127.3425
-1.797854 -1.704654 125.7792
-1.635829 -1.411363 126.0142
-2.091906 -1.147669 125.7808
-2.26334 -1.46406 125.7561
-1.775494 -1.167017 125.7476
-1.635349 -1.432182 125.3913
-1.900646 -1.11799 125.2487
-2.209558 -1.607929 125.28
-2.052787 -1.726875 130.2503
-1.867505 -1.73293 129.8087
-2.087561 -1.712536 125.6597
-1.673391 -1.278941 128.7818
-2.070677 -1.720106 129.3802
-1.887206 -1.737623 125.2807
-2.264991 -1.442831 124.8875
-2.223824 -1.27281 125.3013
-1.72101 -1.644976 129.3567
-1.63547 -1.438321 129.7801
-2.089639 -1.71152 124.8063
-1.888178 -1.120239 124.7953
-1.865465 -1.125693 130.6853
-2.456092 -1.715713 128.942
-2.574628 -1.431005 129.1311
-2.272099 -1.41119 128.9188
-2.576013 -1.433431 128.6549
-2.335365 -1.239012 130.2459
-2.326567 -1.60682 130.2486
-2.586346 -1.423411 130.4609
-2.58242 -1.428306 130.0294
-2.834407 -1.62343 130.6853
-2.674648 -1.731446 130.2492
-2.901471 -1.436245 130.2459
-2.480303 -1.725541 130.6853
-2.485724 -1.130631 130.6853
-2.843402 -1.246679 130.6853
-2.43818 -1.706864 128.1112
-2.272256 -1.449454 128.0676
-2.336081 -1.61999 127.7489
-2.533336 -1.423486 128.1925
-2.636808 -1.118081 128.366
-2.867814 -1.287198 128.3145
-2.835261 -1.622336 129.805
-2.846924 -1.251745 129.792
-2.422574 -1.160112 124.8004
-2.669995 -1.125297 124.7845
-2.619108 -1.554183 124.5523
-2.57744 -1.439362 125.0834
-2.860557 -1.273642 124.7949
-2.823371 -1.63673 124.8078
-2.341399 -1.626772 127.2858
-2.738632 -1.704876 127.2433
-2.804801 -1.656163 127.7041
-2.901489 -1.422648 127.5451
-2.713089 -1.140575 127.3195
-2.272665 -1.403064 127.6359
-2.339182 -1.234068 127.2713
-2.89755 -1.479091 127.9999
-2.792087 -1.190332 127.8862
-2.436671 -1.706053 124.817
-2.901415 -1.419682 127.1116
-2.557227 -1.74264 127.6812
-2.434272 -1.153318 127.8471
-2.507489 -1.124139 126.7866
-2.841198 -1.243614 126.7456
-2.726798 -1.711076 128.0884
-2.328896 -1.247881 128.4255
-2.493215 -1.729857 126.7716
-2.271678 -1.421741 126.7852
-2.841643 -1.613833 126.7271
-2.61151 -1.743022 128.5175
-2.316218 -1.590648 128.5059
-2.595962 -1.424336 126.5082
-2.669002 -1.733033 126.2642
-2.323196 -1.601786 126.2838
-2.874781 -1.556108 128.4596
-2.901413 -1.438441 126.2512
-2.504021 -1.12506 125.7713
-2.694408 -1.133083 126.2649
-2.847709 -1.252903 125.7569
-2.585984 -1.423796 126.0221
-2.343047 -1.229262 126.2828
-2.272216 -1.409228 125.7942
-2.467008 -1.720435 125.7893
-2.578983 -1.427072 125.5346
-2.827188 -1.632297 125.7693
-2.31916 -1.59547 125.3196
-2.333265 -1.241821 125.3092
-2.491859 -1.128627 128.8692
-2.651943 -1.737152 125.295
-2.855166 -1.264498 128.8151
-2.809278 -1.651774 128.9117
-2.698097 -1.134454 129.328
-2.341153 -1.231593 129.3472
-2.900634 -1.45308 125.2776
-2.684085 -1.129523 125.2333
-2.901145 -1.445067 129.3361
-2.582297 -1.424914 129.5814
-2.319887 -1.596633 129.3725
-2.271604 -1.426381 124.8997
-2.660979 -1.735096 129.3675
-2.500425 -1.12606 129.7952
-2.271874 -1.41574 129.8093
-2.476398 -1.724113 129.8159
-2.901551 -1.430325 124.3357
-2.688927 -1.131143 130.2439
-2.271593 -1.42903 130.6853
-1.965924 -2.40134 125.254
-1.707184 -2.43903 125.3098
-1.745346 -2.43903 124.703
-1.635333 -2.43903 126.4523
-1.897582 -2.128495 126.4523
-2.265024 -2.426008 126.4523
-1.923129 -2.125225 128.5688
-2.264802 -2.421434 128.5688
-1.916178 -2.360814 127.7716
-1.635333 -2.43903 128.5688
-1.907302 -2.520877 127.3479
-1.635333 -2.43903 124.3357
-1.904674 -2.750686 126.4523
-1.937459 -2.753748 128.5688
-1.970384 -2.75337 130.6853
-2.264513 -2.416864 130.6853
-1.973254 -2.438701 129.9353
-1.948858 -2.124053 130.6853
-1.914359 -2.295709 129.5856
-1.635333 -2.43903 130.6853
-2.271593 -2.43903 130.6853
-2.592733 -2.75395 130.6853
-2.900757 -2.416646 130.6853
-2.423592 -2.387049 130.035
-2.271593 -2.43903 128.5688
-2.592074 -2.555759 129.6676
-2.601504 -2.124404 128.5688
-2.901125 -2.422605 128.5688
-2.584993 -2.310024 129.5234
-2.569615 -2.124506 130.6853
-2.271593 -2.43903 126.4523
-2.90138 -2.428571 126.4523
-2.64085 -2.749299 126.4523
-2.627072 -2.363205 127.2504
-2.724754 -2.336241 125.0196
-2.479961 -2.408694 125.3942
-2.695802 -2.397501 124.7166
-2.633241 -2.127526 126.4523
-2.623056 -2.516615 127.7698
-2.616881 -2.752549 128.5688
-2.901522 -2.43454 124.3357
-3.238608 -1.42903 126.4523
-3.663107 -1.403785 125.3926
-3.414438 -1.328832 125.0174
-3.501834 -1.739729 126.4523
-3.528377 -1.743 128.5688
-3.868545 -1.432912 126.4523
-3.868521 -1.434496 128.5688
-3.512996 -1.4287 127.5103
-3.533484 -1.114692 128.5688
-3.562781 -1.114184 130.6853
-3.556765 -1.409697 129.6884
-3.238608 -1.42903 130.6853
-3.555103 -1.744006 130.6853
-3.446203 -1.429611 124.653
-3.238608 -1.42903 124.3357
-3.238608 -1.42903 128.5688
-3.504361 -1.11792 126.4523
-3.86849 -1.43608 130.6853
-4.258216 -1.736501 129.3007
-4.185306 -1.434668 129.0343
-4.504781 -1.43454 129.2318
-4.183306 -1.426731 129.5268
-4.438851 -1.62193 129.745
-4.448624 -1.249453 129.7417
-4.409138 -1.655138 125.8298
-4.215998 -1.742923 126.324
-4.050156 -1.711339 125.8267
-4.175905 -1.434099 126.0599
-4.468339 -1.28187 128.3928
-4.504086 -1.450649 128.0349
-4.365509 -1.16758 127.9709
-4.22141 -1.373312 128.1895
-4.133808 -1.738985 127.9582
-3.883413 -1.501896 127.8263
-4.411027 -1.65329 127.7062
-4.138446 -1.739788 127.3742
-4.477834 -1.556611 127.2491
-4.235442 -1.117367 127.4769
-4.454707 -1.258552 127.2231
-4.492046 -1.340206 127.6158
-4.360999 -1.693454 126.8285
-4.283865 -1.128408 126.9428
-3.993837 -1.182469 127.1083
-3.879622 -1.483543 127.2385
-3.935666 -1.243009 127.5283
-4.423345 -1.640435 124.8343
-4.036503 -1.704162 124.8383
-4.039905 -1.152029 127.9314
-4.061633 -1.141326 126.6796
-4.032497 -1.156169 124.8248
-4.301757 -1.1346 125.2844
-4.280595 -1.127405 124.8108
-4.180222 -1.442785 125.1187
-4.32665 -1.145308 126.3713
-4.497221 -1.36022 126.8042
-4.49509 -1.506748 126.3257
-4.379187 -1.680751 128.1102
-4.224713 -1.742075 128.4361
-3.908337 -1.570322 126.3029
-4.009913 -1.687556 126.8129
-3.879602 -1.374629 126.7457
-4.504742 -1.436435 130.2206
-4.290585 -1.130593 130.2234
-4.184753 -1.427356 130.4554
-4.188368 -1.429197 129.9941
-4.467009 -1.578679 128.4262
-3.908371 -1.287669 128.3607
-3.935706 -1.615106 128.381
-3.952303 -1.222186 126.2804
-3.876654 -1.395536 125.8213
-4.129871 -1.119813 125.8269
-4.185256 -1.435955 125.5861
-4.093487 -1.129152 129.7665
-3.930658 -1.608007 130.23
-4.278042 -1.731411 130.225
-3.918127 -1.588341 125.3556
-3.94474 -1.231206 125.3489
-4.243114 -1.739474 125.333
-4.087642 -1.131093 130.6853
-3.936869 -1.241376 130.2299
-4.141603 -1.452976 128.6302
-4.20579 -1.114453 128.3893
-4.504824 -1.430773 128.7603
-4.389845 -1.185691 128.8221
-3.874921 -1.434791 128.8424
-4.053143 -1.145262 128.8368
-4.058565 -1.715346 128.8568
-4.384749 -1.67647 128.8431
-4.465276 -1.276215 125.8278
-3.932084 -1.248005 129.3082
-4.270291 -1.124495 129.288
-3.92491 -1.599383 129.3174
-4.502517 -1.467122 125.3249
-3.875005 -1.419738 124.9234
-4.079106 -1.7239 129.7671
-4.466938 -1.27925 124.8217
-4.504825 -1.430611 124.3357
-3.874946 -1.422026 129.7698
-4.444037 -1.243016 130.6853
-3.874868 -1.42903 130.6853
-4.083386 -1.725473 130.6853
-4.437524 -1.623631 130.6853
-3.506291 -2.750439 126.4523
-3.868341 -2.427051 126.4523
-3.537384 -2.753593 128.5688
-3.514099 -2.439787 127.4923
-3.499465 -2.128735 126.4523
-3.523589 -2.125481 128.5688
-3.238608 -2.43903 128.5688
-3.632146 -2.437068 125.3966
-3.447577 -2.435683 124.9269
-3.238608 -2.43903 126.4523
-3.868165 -2.423081 128.5688
-3.568636 -2.75365 130.6853
-3.641124 -2.382881 129.4873
-3.547893 -2.124101 130.6853
-3.4832 -2.336462 129.7446
-3.238608 -2.43903 130.6853
-3.867939 -2.419114 130.6853
-3.238608 -2.43903 124.3357
-3.874868 -2.43903 126.4523
-4.50469 -2.429679 126.4523
-4.243082 -2.749479 126.4523
-4.113435 -2.428591 127.4064
-4.504485 -2.424309 128.5688
-4.272989 -2.429168 127.6742
-4.236268 -2.127489 126.4523
-4.204278 -2.12438 128.5688
-4.218047 -2.752745 128.5688
-3.874868 -2.43903 128.5688
-4.348783 -2.383832 124.694
-4.504804 -2.435053 124.3357
-4.312355 -2.296993 125.2864
-4.172139 -2.124548 130.6853
-4.328535 -2.406216 129.8469
-4.154768 -2.413345 129.6095
-3.874868 -2.43903 130.6853
-4.504188 -2.418942 130.6853
-4.192832 -2.753996 130.6853
-2.215463 -3.804047 130.6853
-2.051875 -3.675913 130.2331
-1.868376 -3.669934 130.6853
-1.958465 -3.970509 130.4665
-1.696 -4.159912 130.2409
-2.04917 -4.273136 130.2462
-1.955205 -3.971916 130.0177
-1.697038 -3.786816 130.2305
-1.63538 -3.979509 129.7724
-2.135389 -3.719198 124.7881
-1.936425 -4.04961 124.5851
-1.700282 -4.165634 124.8282
-2.084978 -4.258812 124.798
-1.642372 -3.907856 126.9002
-1.750236 -3.730798 127.3192
-2.084593 -3.689147 127.2372
-1.93795 -3.964793 127.4208
-2.067672 -4.266371 129.3737
-1.959668 -3.976617 129.5639
-1.718223 -4.187017 129.3509
-1.955562 -3.97769 129.0898
-1.646728 -3.890114 127.7586
-1.798709 -4.250166 127.6709
-2.184038 -4.185223 127.6703
-2.185642 -3.764706 126.7203
-2.218591 -4.139115 126.6617
-1.721946 -4.191006 126.8971
-2.264095 -4.001525 127.1634
-1.655414 -4.084736 127.2986
-2.203914 -4.160885 125.2593
-1.881591 -4.281462 125.268
-1.977817 -3.660293 127.8049
-2.254625 -3.892785 128.0198
-2.238275 -3.846436 127.5825
-1.956586 -4.288988 128.0998
-1.685323 -3.803798 124.8238
-1.99636 -4.285667 127.1462
-2.253302 -3.887985 126.2089
-1.919795 -4.287569 126.5987
-1.681269 -3.810279 126.4892
-1.860927 -3.67204 126.8153
-1.73374 -3.74536 128.29
-1.667699 -4.113144 128.1254
-2.114048 -3.704991 125.7412
-1.929539 -3.659776 126.2482
-1.941053 -3.99147 125.681
-1.65661 -4.087873 128.9055
-1.636886 -4.005308 128.5078
-1.781966 -4.240288 128.5175
-1.99186 -3.985342 128.6247
-1.655826 -4.085828 126.5064
-1.635333 -3.97407 130.6853
-2.105851 -3.700171 128.3846
-2.205119 -4.159238 128.1516
-1.910133 -4.286477 128.9404
-2.088786 -4.25698 128.5288
-2.110335 -4.245374 126.1287
-2.264805 -3.991604 128.4933
-1.673661 -3.823484 128.7601
-2.213441 -3.800934 128.8876
-2.214618 -4.145405 128.9339
-2.229091 -3.827456 125.2733
-1.635368 -3.969364 125.3846
-1.910065 -3.661672 125.2313
-2.260886 -4.02658 125.7182
-2.079088 -4.261524 125.6367
-1.775719 -4.236233 126.2026
-1.897605 -3.663532 128.8132
-1.790946 -4.245759 125.7666
-1.636835 -3.943346 126.0248
-1.792751 -3.701331 125.7285
-1.685807 -3.803048 129.2522
-2.26466 -3.994044 124.8754
-2.265225 -3.967514 129.3556
-2.052241 -3.676038 129.3171
-1.89108 -3.66471 124.7857
-1.847715 -3.676268 129.7611
-2.203625 -3.786865 129.7859
-2.208951 -4.153845 129.8086
-1.635333 -3.97407 124.3357
-1.862684 -4.276616 129.8039
-2.265281 -3.976894 130.2432
-1.858602 -4.275403 130.6853
-2.199821 -4.166317 130.6853
-2.811103 -4.194975 126.6942
-2.897714 -4.023102 127.1461
-2.62384 -4.286838 127.1485
-2.588344 -3.975826 126.9254
-2.442683 -4.254263 126.7044
-2.303178 -4.111546 127.1711
-2.333446 -3.786617 130.2669
-2.584425 -3.979426 130.4741
-2.688604 -3.676073 130.2628
-2.587041 -3.974606 130.0548
-2.489511 -3.674418 130.6853
-2.848202 -3.798676 130.6853
-2.478054 -4.269766 130.6853
-2.328568 -4.154751 130.2693
-2.675088 -4.276358 130.2667
-2.271593 -3.97407 130.6853
-2.422876 -3.704969 124.7989
-2.670548 -3.67049 124.7846
-2.619173 -4.10009 124.5522
-2.822344 -4.182936 124.8093
-2.271605 -3.971323 124.8971
-2.437036 -4.251291 124.8163
-2.282177 -4.055034 128.0901
-2.39049 -3.727567 128.0638
-2.69198 -4.27089 127.8732
-2.601993 -3.977822 128.3266
-2.733455 -3.695433 127.1611
-2.544923 -3.661856 127.6159
-2.876307 -3.850511 127.6265
-2.597659 -3.962276 127.3559
-2.803364 -4.202575 128.2028
-2.50539 -4.278409 128.1581
-2.36732 -3.747928 127.1652
-2.434568 -4.249945 127.6511
-2.280073 -3.901476 127.6288
-2.87198 -4.10732 127.863
-2.895033 -4.037828 128.542
-2.898272 -3.928718 128.1128
-2.799857 -4.205852 127.5276
-2.832497 -3.77726 128.4288
-2.718872 -3.688221 128.0467
-2.300007 -3.843334 128.5237
-2.584549 -3.659097 128.4932
-2.347201 -4.178798 128.5528
-2.585965 -3.981133 128.7215
-2.864048 -3.825005 126.6906
-2.354687 -3.760901 126.2335
-2.532599 -3.663749 126.696
-2.715291 -3.686591 126.2276
-2.587408 -3.975894 126.4659
-2.274989 -3.927941 126.7019
-2.899478 -4.010172 126.2281
-2.311015 -4.126649 126.2413
-2.645684 -4.283454 126.2312
-2.58509 -3.979553 126.0035
-2.666096 -4.278847 128.5769
-2.832389 -3.777126 128.8957
-2.820326 -4.185192 125.7591
-2.854261 -3.80807 125.7405
-2.454493 -3.688121 128.9476
-2.901427 -3.983012 130.2623
-2.841978 -3.78973 129.8265
-2.272583 -3.949116 125.7801
-2.459329 -4.262205 125.7741
-2.577857 -3.986636 125.5285
-2.318827 -4.139976 125.3159
-2.33417 -3.785643 125.3035
-2.900246 -4.002744 125.2784
-2.512958 -3.667813 125.7482
-2.334298 -4.162669 129.4174
-2.272413 -3.996785 128.9753
-2.490751 -4.274122 128.9863
-2.582878 -3.976464 129.1825
-2.682585 -4.274061 129.4119
-2.834994 -4.167719 128.9747
-2.271594 -3.973464 129.8432
-2.489459 -3.674435 129.8348
-2.587407 -3.976737 129.6213
-2.901537 -3.970831 129.3897
-2.68704 -3.675542 125.2308
-2.575812 -3.963463 125.0496
-2.677004 -3.672351 129.383
-2.325574 -3.797742 129.4038
-2.861227 -3.81987 124.7957
-2.649107 -4.282781 125.2934
-2.485708 -4.272464 129.8472
-2.839978 -4.16115 129.8319
-2.901539 -3.977168 124.3357
-2.830639 -4.17318 130.6853
-2.212107 -5.159218 130.6853
-2.048824 -5.28325 130.266
-2.265293 -4.9835 130.2742
-1.959334 -4.987883 130.4805
-1.635333 -4.98407 130.6853
-1.694787 -5.168241 130.2581
-1.866735 -5.28776 130.6853
-1.930131 -5.298403 128.9871
-1.958968 -4.98312 129.1936
-1.688411 -5.159055 128.8657
-1.943249 -4.995162 128.77
-2.052513 -4.686131 130.2744
-1.95324 -4.984906 130.0612
-2.244509 -4.871546 127.688
-1.904709 -5.295732 127.667
-2.197045 -5.179866 127.8549
-2.183417 -5.195909 127.4435
-2.03267 -4.680047 128.0961
-2.265251 -4.989272 128.2494
-2.02851 -5.28919 128.166
-1.704377 -5.180864 128.0774
-1.874339 -4.67839 127.5485
-2.190736 -4.780577 127.1396
-1.889869 -4.674944 127.0419
-1.959529 -4.985696 127.2997
-1.705449 -4.785944 124.8047
-2.084258 -4.698989 124.808
-1.921285 -5.29771 127.0962
-1.660675 -4.860287 127.1315
-2.265293 -4.984832 127.3368
-2.217379 -4.817072 129.0511
-2.219167 -5.148175 129.0527
-2.23053 -5.127915 127.039
-2.062111 -4.689598 126.6515
-2.263837 -4.953815 126.6474
-1.638276 -5.027025 127.5961
-2.219489 -5.147646 126.2032
-2.101808 -5.260226 126.6404
-1.961366 -4.997416 126.4134
-1.68415 -4.815637 128.0488
-1.668804 -5.125369 126.7248
-1.869104 -5.288402 126.6673
-2.200907 -4.793243 126.1991
-1.671312 -5.130258 127.1751
-1.759101 -5.234371 127.3925
-1.720487 -4.768682 129.4053
-1.920764 -4.670479 129.0022
-1.653568 -4.878455 128.9453
-1.723655 -4.76535 126.657
-1.870425 -4.67939 126.2061
-1.636413 -4.958016 126.2186
-1.852445 -5.28346 126.2144
-1.953977 -4.997829 125.9362
-1.675888 -5.138676 125.7506
-1.857916 -5.285194 125.7517
-1.964573 -4.96596 125.5241
-2.086356 -5.268156 125.7539
-1.868016 -5.288109 125.2826
-1.945591 -4.995883 128.3714
-1.822462 -5.271936 128.5306
-1.635861 -5.002289 128.4896
-1.706035 -4.785222 125.7466
-1.796712 -4.709081 128.5251
-2.142735 -5.233443 128.6132
-2.134129 -4.728289 128.5965
-2.049747 -4.685197 125.7484
-2.201137 -4.793544 125.2987
-1.866219 -4.680523 125.277
-1.95814 -4.967634 125.0801
-1.635722 -4.968431 125.2784
-2.264785 -4.966177 125.7502
-2.220963 -5.145196 125.3033
-2.069121 -4.692356 129.4475
-2.264824 -4.966877 124.8915
-1.687442 -5.157597 129.3434
-2.265289 -4.982328 128.7046
-2.265287 -4.986055 129.4588
-2.059456 -5.279537 129.4343
-1.954581 -4.98011 129.6413
-2.12394 -5.246875 124.8117
-1.876532 -5.290287 124.8098
-1.683085 -5.150809 124.8075
-1.865994 -4.680586 129.848
-1.635333 -4.98407 124.3357
-2.208587 -4.803773 129.8667
-2.204667 -5.169857 129.8553
-1.635494 -4.974004 129.8287
-1.698538 -4.794804 130.2639
-1.846765 -5.281543 129.8318
-2.205499 -4.799428 130.6853
-1.863096 -4.681406 130.6853
-2.857581 -4.823547 125.6863
-2.518781 -4.676472 125.6999
-2.716366 -4.697075 126.1248
-2.588783 -4.981406 125.9146
-2.273707 -4.947643 125.7174
-2.359734 -4.765538 126.1509
-2.900055 -5.014763 126.1094
-2.597183 -4.978067 126.3089
-2.857896 -4.82408 126.4629
-2.849982 -5.156781 126.5934
-2.849925 -4.811274 127.3667
-2.582414 -4.980277 127.1868
-2.486997 -4.685244 127.4308
-2.585334 -4.977903 127.622
-2.341764 -4.785876 127.0107
-2.630445 -4.67216 127.0612
-2.683942 -5.283623 130.2911
-2.901534 -4.980516 130.286
-2.585396 -4.992986 130.4832
-2.597942 -4.988909 130.0634
-2.329745 -4.801719 130.29
-2.678833 -4.682905 130.2876
-2.481671 -4.687072 130.6853
-2.271593 -4.98407 130.6853
-2.484496 -5.282051 130.6853
-2.843344 -5.166503 130.6853
-2.682765 -4.684138 129.4768
-2.586521 -4.983128 129.6809
-2.901552 -4.98314 129.4768
-2.586776 -4.984071 129.2717
-2.486119 -4.685538 129.8851
-2.33036 -4.800857 129.4816
-2.686063 -4.685215 128.6503
-2.901531 -4.987897 128.6448
-2.585937 -4.98171 128.4425
-2.587636 -4.984614 128.853
-2.840822 -5.170001 129.0609
-2.67946 -5.285043 128.6466
-2.329013 -5.165386 128.6513
-2.271709 -4.975548 128.241
-2.49407 -4.682979 128.2376
-2.58253 -4.979662 128.0343
-2.271595 -4.985224 129.8887
-2.308855 -5.132681 125.2738
-2.461588 -5.273192 125.6887
-2.582736 -4.984849 125.4717
-2.558167 -4.670374 126.6022
-2.854717 -4.818808 126.869
-2.901499 -4.989972 127.8188
-2.818732 -5.196944 127.4301
-2.322313 -5.155473 127.8353
-2.272115 -4.965947 127.4271
-2.466103 -5.275102 127.4281
-2.68974 -4.686464 127.8213
-2.27355 -4.949012 126.5859
-2.317423 -5.147688 127.0086
-2.336927 -4.792005 127.8323
-2.666702 -5.288688 127.837
-2.886571 -5.08006 127.0523
-2.653917 -5.291767 127.0135
-2.332519 -5.170266 129.4799
-2.684948 -5.283294 129.474
-2.836828 -5.175344 128.2328
-2.47787 -5.279699 128.237
-2.84421 -4.802864 128.2345
-2.664348 -5.289298 126.1397
-2.468906 -5.276247 126.5792
-2.315482 -5.14445 126.1426
-2.332046 -4.798521 128.651
-2.820899 -5.194556 125.6698
-2.489324 -5.283662 129.0554
-2.271598 -4.98573 129.0687
-2.488564 -4.684727 129.0694
-2.84199 -4.799747 129.0629
-2.348124 -4.778268 125.2765
-2.694623 -4.688202 125.2424
-2.582437 -4.978751 125.0513
-2.645038 -5.293577 125.1951
-2.900999 -5.002758 125.2319
-2.463315 -4.694208 124.7959
-2.399596 -5.23755 124.7843
-2.331241 -5.168509 130.2887
-2.8427 -5.167405 129.8856
-2.840477 -4.797668 124.7901
-2.846739 -5.161628 124.779
-2.645921 -5.293409 124.7729
-2.272899 -4.955424 124.8759
-2.839692 -4.796603 129.8813
-2.490001 -5.283881 129.8884
-2.837097 -4.79315 130.6853
-2.901553 -4.983276 124.3357
-3.238608 -3.97407 126.4523
-3.238608 -3.97407 128.5688
-3.505425 -3.662794 126.4523
-3.513607 -4.049407 127.2486
-3.868357 -3.985628 128.5688
-3.52532 -4.28778 128.5688
-3.417441 -3.948765 129.2768
-3.238608 -3.97407 130.6853
-3.5687 -3.935361 129.7482
-3.550501 -4.289036 130.6853
-3.56601 -3.659335 130.6853
-3.535634 -3.659602 128.5688
-3.522339 -3.894888 127.7719
-3.394313 -3.921469 124.6934
-3.432673 -3.832165 125.3006
-3.238608 -3.97407 124.3357
-3.868459 -3.982394 126.4523
-3.500321 -4.284514 126.4523
-3.868221 -3.98886 130.6853
-4.504655 -3.984524 128.5688
-4.241637 -3.663377 126.4523
-4.215128 -3.660106 128.5688
-4.282714 -3.98173 127.3438
-4.112246 -3.976522 127.7712
-3.874868 -3.97407 126.4523
-4.204978 -4.288687 128.5688
-3.874868 -3.97407 128.5688
-4.188437 -3.659093 130.6853
-4.193482 -3.981356 129.6398
-4.350019 -3.923677 124.6888
-4.312632 -3.833884 125.2971
-4.504819 -3.97663 124.3357
-4.5045 -3.988469 130.6853
-4.173188 -4.28861 130.6853
-4.236614 -4.28556 126.4523
-4.504762 -3.980577 126.4523
-3.874868 -3.97407 130.6853
-3.457713 -4.684036 130.6853
-3.807659 -4.797897 130.6853
-3.649059 -4.683907 130.2671
-3.558849 -4.990017 130.4733
-3.654788 -5.282351 127.7673
-3.251197 -4.89591 127.5404
-3.332224 -5.208147 127.8073
-3.429946 -5.273769 127.4215
-3.283994 -5.146955 127.0559
-3.577482 -5.298143 126.9926
-3.775277 -5.207827 127.3387
-3.837303 -4.847255 127.1567
-3.825034 -5.143851 126.9417
-3.644956 -4.682633 127.6216
-3.868561 -4.986285 127.6879
-3.414496 -5.266676 126.6108
-3.725893 -5.247744 126.5808
-3.537745 -5.083724 126.7948
-3.24085 -5.021586 126.6431
-3.260383 -4.868991 127.0256
-3.482419 -4.677236 127.1391
-3.239303 -5.004984 128.1077
-3.556667 -5.005596 127.9478
-3.678678 -4.694994 126.6856
-3.360487 -4.735224 126.6584
-3.42566 -4.696239 128.0663
-3.615099 -4.966248 126.4076
-3.867431 -4.957321 126.6269
-3.499952 -4.67369 126.2277
-3.261897 -4.865207 126.2371
-3.511118 -4.908519 126.0279
-3.815459 -5.159103 128.1439
-3.799129 -4.786783 128.0996
-3.552951 -4.991395 128.3459
-3.474075 -5.288849 128.1678
-3.238608 -4.98407 130.6853
-3.298208 -4.799697 130.2688
-3.299994 -5.170892 130.2708
-3.661683 -5.279922 128.5702
-3.868344 -4.97216 128.5512
-3.567759 -5.298732 126.1726
-3.646319 -4.683049 129.4151
-3.868525 -4.978847 129.4127
-3.553502 -4.984237 129.2034
-3.55346 -4.983379 129.6335
-3.297107 -5.166908 126.2185
-3.292349 -4.808097 128.5366
-3.838304 -5.118791 126.1707
-3.801617 -4.78992 126.2058
-3.300415 -5.171463 129.4216
-3.238625 -4.987367 128.9842
-3.460794 -5.285072 128.9918
-3.652093 -4.684889 125.7653
-3.635541 -4.679938 128.5323
-3.716641 -5.253563 125.7258
-3.557339 -4.985202 128.7745
-3.451446 -4.686112 128.9818
-3.802883 -4.791548 128.9789
-3.812242 -5.163823 128.9866
-3.302961 -5.174854 128.5588
-3.386062 -5.250805 125.7526
-3.240549 -5.018982 125.8622
-3.329792 -4.762423 125.79
-3.563104 -4.976178 125.5612
-3.517996 -5.297033 125.243
-3.554191 -4.983447 130.0588
-3.866337 -4.946642 125.7487
-3.238613 -4.985849 129.8476
-3.458854 -5.284467 129.8494
-3.457779 -4.684015 125.3117
-3.793536 -4.780017 125.3168
-3.239496 -5.007698 125.3611
-3.836399 -5.122746 125.2966
-3.86698 -4.952478 124.8959
-3.655141 -5.282231 129.4197
-3.810654 -5.166087 129.8449
-3.296973 -4.801421 129.4194
-3.453274 -4.685491 129.8456
-3.806009 -4.795665 129.8449
-3.67647 -4.694048 124.8208
-3.744728 -5.234427 124.8051
-3.500968 -5.294624 124.7981
-3.294627 -5.163378 124.8254
-3.62433 -4.962487 124.6355
-3.297785 -4.800285 124.8361
-3.655405 -5.282141 130.2708
-3.868541 -4.97992 130.2685
-3.238608 -4.98407 124.3357
-3.813389 -5.162161 130.6853
-3.460266 -5.284908 130.6853
-4.080339 -5.279401 129.773
-4.184957 -4.98124 129.5316
-4.43964 -5.175947 129.739
-4.188004 -4.980406 129.9981
-4.097397 -4.682964 129.7693
-4.449888 -4.806329 129.7372
-4.385417 -5.230983 127.3306
-3.933779 -4.800655 127.1831
-4.226826 -4.671268 127.2465
-4.043005 -4.705414 127.5791
-4.497663 -5.050875 126.837
-4.390008 -4.740865 126.8149
-4.482788 -4.868316 127.3167
-4.108301 -4.993354 126.9587
-4.501159 -5.032015 127.8134
-4.041327 -5.261836 127.5369
-4.503314 -5.014925 125.4024
-4.017642 -5.247808 125.7849
-4.419946 -4.768971 125.8511
-4.500956 -5.033311 125.9437
-3.897612 -5.101588 127.1578
-4.107439 -5.288079 127.1008
-4.328901 -4.701445 127.8045
-3.94931 -4.780714 126.277
-3.878491 -4.936438 126.7189
-4.079042 -4.689224 126.7622
-4.223734 -5.034374 126.5263
-3.985514 -5.223778 126.7098
-4.291172 -5.282309 126.7688
-3.897622 -5.101614 126.2605
-4.448123 -5.164368 124.8364
-4.21879 -5.297718 125.2712
-4.217265 -4.986107 125.1774
-4.215974 -4.670175 128.3754
-4.473302 -4.846715 128.2846
-4.21605 -5.029596 128.1425
-4.159182 -5.297554 128.3926
-3.903712 -5.115746 128.472
-3.966986 -5.206657 128.0049
-3.876062 -4.956681 128.1195
-4.487663 -4.881507 126.3588
-4.434748 -5.182153 126.3409
-4.153869 -5.296989 126.2734
-4.255865 -4.676086 126.3161
-4.504827 -4.983022 124.3357
-4.445754 -4.800427 124.8486
-3.8756 -4.962611 127.6505
-3.921591 -5.149148 129.3283
-4.034832 -5.258265 128.8705
-4.249739 -5.293304 129.291
-4.187862 -4.981731 129.0463
-3.878367 -4.937251 125.8009
-4.286153 -4.684174 125.3397
-4.098831 -4.682527 125.8193
-3.874868 -4.98407 130.6853
-3.932279 -5.165372 130.2337
-4.084243 -5.28082 130.6853
-4.186097 -4.976079 130.4608
-3.950727 -4.77905 125.3383
-3.876528 -4.951779 124.9093
-4.066662 -4.694178 124.8345
-3.90487 -5.118234 125.3242
-4.279098 -5.286142 127.888
-4.34735 -5.256845 125.8213
-4.00156 -4.731563 128.0048
-4.503967 -5.007359 128.6874
-4.443579 -5.170708 128.3021
-3.931608 -4.803725 128.4777
-4.077085 -4.689967 128.867
-4.36535 -5.245627 128.8033
-3.87567 -4.961612 128.9008
-4.402264 -4.751493 128.7945
-4.504366 -5.001141 129.2082
-4.283491 -5.284809 130.2242
-3.939179 -4.793342 129.3315
-4.28154 -4.682731 129.2925
-4.115413 -4.960154 124.6468
-3.997687 -5.233643 124.8148
-4.240668 -5.294924 124.8093
-3.874986 -4.975466 129.7835
-4.504826 -4.985406 130.2152
-4.287861 -4.684728 130.2212
-4.437078 -4.788903 130.6853
-3.936024 -4.797561 130.2336
-4.081229 -4.688411 130.6853
-4.444175 -5.169895 130.6853
-5.675333 -1.42903 128.5688
-5.969308 -1.743309 128.5688
-6.305256 -1.433871 128.5688
-5.961571 -1.439106 127.5098
-5.973303 -1.114509 128.5688
-5.942617 -1.117682 126.4523
-6.305275 -1.432505 126.4523
-5.831202 -1.376218 124.6947
-5.869679 -1.286933 125.3017
-5.675333 -1.42903 124.3357
-5.675333 -1.42903 126.4523
-5.94064 -1.740069 126.4523
-5.998153 -1.743913 130.6853
-5.675333 -1.42903 130.6853
-5.974079 -1.431961 129.5916
-6.004152 -1.114354 130.6853
-6.305233 -1.435237 130.6853
-6.515581 -1.723806 129.7943
-6.872946 -1.625277 129.7942
-6.623824 -1.431885 130.0179
-6.624574 -1.42672 129.5669
-6.36718 -1.607712 130.2417
-6.311868 -1.415886 129.7922
-6.477155 -1.706314 124.8272
-6.311616 -1.425247 124.9118
-6.654456 -1.558368 124.5642
-6.61902 -1.436337 125.0961
-6.463929 -1.159291 124.813
-6.712135 -1.125893 124.7962
-6.527029 -1.130193 130.6853
-6.883655 -1.247036 130.6853
-6.729764 -1.131432 130.2413
-6.622284 -1.433721 130.4667
-6.375367 -1.239009 130.241
-6.311593 -1.42903 130.6853
-6.359536 -1.596074 125.3423
-6.696824 -1.736076 125.3057
-6.618668 -1.424558 125.5527
-6.673808 -1.117611 127.1741
-6.340149 -1.560079 127.4796
-6.373962 -1.240881 127.2124
-6.511173 -1.135951 127.5086
-6.356009 -1.590298 128.4399
-6.387205 -1.224297 128.4156
-6.660677 -1.49231 128.2484
-6.614939 -1.436771 128.6563
-6.862843 -1.637331 124.8183
-6.353952 -1.271264 127.6306
-6.855117 -1.21228 127.834
-6.712615 -1.126029 127.5623
-6.783205 -1.155755 128.3615
-6.940421 -1.402339 128.0727
-6.531461 -1.128753 127.9328
-6.904435 -1.280687 127.3382
-6.928338 -1.51931 127.6483
-6.521382 -1.725926 127.1473
-6.483166 -1.70947 127.991
-6.679357 -1.739556 127.5739
-6.317518 -1.489833 126.841
-6.518693 -1.1331 126.7549
-6.311785 -1.418044 127.9904
-6.932522 -1.503916 128.4627
-6.824569 -1.674 128.0353
-6.671723 -1.740757 128.4551
-6.604812 -1.743257 126.708
-6.869774 -1.629195 127.1249
-6.899395 -1.271611 126.7907
-6.366803 -1.250896 126.3083
-6.739247 -1.134892 126.2862
-6.541306 -1.12581 129.7906
-6.384022 -1.228078 129.3354
-6.379736 -1.624692 126.2944
-6.941545 -1.431409 126.2466
-6.311911 -1.414885 125.8232
-6.728946 -1.72691 126.2357
-6.873253 -1.624891 125.7758
-6.883419 -1.611356 126.6347
-6.518695 -1.72496 125.7946
-6.884677 -1.248488 125.7686
-6.374636 -1.23998 125.3312
-6.556145 -1.122024 128.8647
-6.899872 -1.27244 128.8738
-6.620805 -1.428063 129.1129
-6.742408 -1.136122 129.3314
-6.856047 -1.644794 128.899
-6.500221 -1.717556 128.8963
-6.312641 -1.40336 128.8834
-6.940835 -1.450304 129.3378
-6.539277 -1.126388 125.7945
-6.360926 -1.598276 129.3446
-6.702919 -1.734618 129.345
-6.723172 -1.129228 125.2501
-6.901141 -1.274675 124.804
-6.940985 -1.447952 125.2892
-6.522115 -1.726185 130.6853
-6.888919 -1.25471 129.7897
-6.714094 -1.731607 130.2397
-6.941551 -1.430335 124.3357
-6.875413 -1.62214 130.6853
-6.94141 -1.438539 130.2422
-5.675333 -2.43903 128.5688
-5.964772 -2.125087 128.5688
-6.304939 -2.424085 128.5688
-5.972127 -2.441017 129.5925
-5.938395 -2.128358 126.4523
-5.959764 -2.448864 127.5096
-5.976826 -2.753721 128.5688
-5.675333 -2.43903 124.3357
-5.830416 -2.386503 124.6936
-5.867718 -2.297324 125.3011
-5.944361 -2.75064 126.4523
-5.675333 -2.43903 126.4523
-6.009436 -2.753429 130.6853
-5.675333 -2.43903 130.6853
-5.99133 -2.124051 130.6853
-6.30476 -2.420698 130.6853
-6.305082 -2.427474 126.4523
-6.940887 -2.418538 130.6853
-6.541754 -2.310974 129.5112
-6.612075 -2.124383 130.6853
-6.41082 -2.461443 129.9204
-6.311593 -2.43903 128.5688
-6.311593 -2.43903 130.6853
-6.94119 -2.423887 128.5688
-6.643145 -2.124486 128.5688
-6.660574 -2.505653 129.6605
-6.657013 -2.752536 128.5688
-6.632932 -2.753946 130.6853
-6.831483 -2.43475 124.7026
-6.941523 -2.434598 124.3357
-6.868952 -2.431005 125.2854
-6.311593 -2.43903 126.4523
-6.654433 -2.544134 127.6566
-6.667639 -2.362841 127.2489
-6.680915 -2.749287 126.4523
-6.941402 -2.429241 126.4523
-6.674053 -2.127649 126.4523
-7.29906 -1.540679 128.0395
-7.343976 -1.23692 128.0059
-7.280221 -1.397198 127.5935
-7.651148 -1.419011 127.8123
-7.725081 -1.715251 127.6057
-7.408533 -1.683916 127.6046
-7.656407 -1.372124 127.3647
-7.711545 -1.721089 128.5035
-7.473622 -1.13779 128.3758
-7.551071 -1.741127 128.052
-7.908113 -1.44597 128.4989
-7.624201 -1.115541 128.0066
-7.876861 -1.2913 128.039
-7.462658 -1.142552 127.5761
-7.773904 -1.170768 127.5844
-7.907496 -1.455004 127.5988
-7.876741 -1.291055 127.1428
-7.850075 -1.611861 128.0531
-7.747922 -1.154451 128.4646
-7.908095 -1.446303 126.6953
-7.85399 -1.606241 127.1491
-7.576285 -1.351078 126.9309
-7.291656 -1.339313 128.4628
-7.309577 -1.565229 127.1556
-7.569685 -1.743102 127.1548
-7.732968 -1.711494 126.7002
-7.33344 -1.251448 127.1518
-7.615802 -1.114834 127.1441
-7.449151 -1.149119 126.7089
-7.419434 -1.691485 126.7147
-7.279158 -1.410435 126.7214
-7.85685 -1.601963 126.228
-7.607369 -1.502581 126.4786
-7.762352 -1.163076 126.6928
-7.310982 -1.56812 126.2811
-7.567493 -1.742927 126.2411
-7.867464 -1.27345 126.2318
-7.590529 -1.114064 126.2386
-7.730849 -1.14553 125.7627
-7.278923 -1.414953 125.8919
-7.325868 -1.263083 126.2796
-7.379406 -1.659981 128.4961
-7.90856 -1.426689 125.7731
-7.385209 -1.66523 125.8049
-7.520663 -1.735452 128.9392
-7.281031 -1.468024 128.9232
-7.601141 -1.426195 128.6739
-7.595273 -1.433452 129.1469
-7.853184 -1.250641 128.92
-7.851439 -1.609932 128.9476
-7.340103 -1.24206 130.2555
-7.33947 -1.615139 130.2575
-7.597567 -1.425344 130.4731
-7.597673 -1.43037 130.0407
-7.722341 -1.716493 125.735
-7.342058 -1.618621 124.8413
-7.734572 -1.710697 124.8682
-7.492712 -1.72742 125.3162
-7.590291 -1.438809 125.0798
-7.278733 -1.420179 125.377
-7.534717 -1.1196 125.2567
-7.407828 -1.174657 125.7876
-7.857007 -1.256336 125.3102
-7.691228 -1.728495 130.2576
-7.908556 -1.426212 129.3788
-7.699556 -1.72565 129.3851
-7.597214 -1.429581 129.5948
-7.683053 -1.127022 129.3561
-7.480712 -1.13497 128.8594
-7.332691 -1.25255 129.3511
-7.846481 -1.616801 130.6853
-7.908559 -1.431528 130.2566
-7.854817 -1.25304 130.6853
-7.873653 -1.57317 125.3194
-7.721459 -1.716887 125.3048
-7.69474 -1.130733 130.2553
-7.347762 -1.625961 129.3795
-7.767935 -1.166702 124.8073
-7.493758 -1.130288 129.8067
-7.847322 -1.242397 129.8181
-7.500616 -1.729976 129.8261
-7.278625 -1.432242 129.8146
-7.849535 -1.612617 129.8248
-7.526505 -1.121276 124.8009
-7.327799 -1.260008 124.8287
-7.278608 -1.42903 124.3357
-7.908568 -1.42816 124.903
-7.278608 -1.42903 130.6853
-7.505291 -1.126679 130.6853
-7.499549 -1.729644 130.6853
-7.978264 -1.23951 130.2515
-7.970123 -1.60723 130.2537
-8.223770999999999 -1.428221 130.4664
-8.228230999999999 -1.428564 130.0274
-8.316425000000001 -1.731878 130.2479
-8.544679 -1.438758 130.2385
-8.476421999999999 -1.625026 130.6853
-8.123977 -1.725684 130.6853
-7.917692 -1.38695 125.7906
-8.086961000000001 -1.709735 125.7905
-8.226963 -1.428494 126.0254
-8.212788 -1.439511 125.5398
-8.535577 -1.504811 126.281
-8.386850000000001 -1.155967 126.3093
-8.220376 -1.424786 126.5288
-8.17693 -1.118527 125.7848
-8.008266000000001 -1.205169 126.2602
-8.055355 -1.69126 126.7464
-8.420764 -1.679557 126.7772
-8.205377 -1.743058 127.2285
-8.220097000000001 -1.428408 126.9773
-8.072152000000001 -1.156368 124.8062
-8.32011 -1.127259 124.7933
-8.260538 -1.553079 124.5535
-8.506777 -1.278953 124.8034
-8.463264000000001 -1.640524 124.8129
-7.915005 -1.419753 124.9012
-8.075616 -1.703666 124.8199
-7.928126 -1.51945 127.194
-7.998708 -1.643008 127.6555
-7.937401 -1.312038 127.6287
-8.233376 -1.415288 127.4924
-7.944735 -1.562906 126.2638
-7.922166 -1.36162 126.7265
-8.164235 -1.120959 126.7257
-8.393039999999999 -1.159621 126.7349
-8.027635 -1.18753 127.1693
-8.535613 -1.353394 126.7701
-8.539683 -1.485732 127.9425
-8.324699000000001 -1.72939 127.7189
-8.529697000000001 -1.525486 127.312
-8.256074999999999 -1.115143 128.4795
-8.518637999999999 -1.303279 128.4245
-8.394052 -1.160236 128.0226
-8.230532 -1.436337 128.2349
-8.066212999999999 -1.159891 128.0609
-8.209128 -1.114732 127.5996
-8.48662 -1.2466 127.6035
-8.389286 -1.157383 127.1416
-7.91575 -1.452577 128.086
-7.960018 -1.591523 128.5307
-7.960506 -1.26573 128.5077
-8.217364 -1.417429 125.0581
-7.914868 -1.42903 130.6853
-8.232837 -1.743996 128.5306
-8.095795000000001 -1.71406 128.1089
-8.369813000000001 -1.711205 128.1444
-8.495353 -1.598499 128.4562
-8.250495000000001 -1.434628 128.7008
-8.129007 -1.130628 130.6853
-8.260467 -1.742518 126.2754
-8.449020000000001 -1.655252 125.787
-8.508293999999999 -1.281786 125.7828
-7.956569 -1.585653 125.3225
-7.986002 -1.229652 125.3165
-8.544241 -1.448259 128.808
-8.08522 -1.708843 128.9608
-8.44154 -1.195793 128.8915
-8.108342 -1.138429 128.9347
-8.224648 -1.431939 129.1214
-8.290730999999999 -1.73807 129.3715
-8.413584 -1.68487 128.9208
-8.544437 -1.444736 129.2942
-7.977232 -1.240888 129.3864
-7.915011 -1.41955 128.954
-8.319483 -1.127073 129.3566
-8.224473 -1.426713 129.5888
-8.281751 -1.739704 125.3023
-8.542312000000001 -1.468771 125.2928
-8.342523999999999 -1.134893 125.2473
-7.962518 -1.595604 129.3907
-8.491911999999999 -1.254286 129.7912
-8.138038999999999 -1.127727 129.8126
-8.116574999999999 -1.722937 129.8146
-8.476948999999999 -1.62436 129.7894
-8.544824999999999 -1.430615 124.3357
-8.333273 -1.131513 130.2434
-7.915045 -1.418475 129.8184
-8.484771 -1.244023 130.6853
-7.278608 -2.43903 128.5688
-7.578469 -2.753647 128.5688
-7.278608 -2.43903 130.6853
-7.618332 -2.423726 129.7613
-7.908327 -2.426686 126.4523
-7.539681 -2.128697 126.4523
-7.564026 -2.12544 128.5688
-7.603919 -2.438298 127.5121
-7.546828 -2.75052 126.4523
-7.278608 -2.43903 126.4523
-7.433343 -2.386585 124.6934
-7.47008 -2.297493 125.301
-7.278608 -2.43903 124.3357
-7.610265 -2.753568 130.6853
-7.907857 -2.417865 130.6853
-7.908123 -2.422274 128.5688
-7.588552 -2.12409 130.6853
-8.544359999999999 -2.421854 128.5688
-8.243563999999999 -2.124348 128.5688
-8.543934999999999 -2.415313 130.6853
-8.155931000000001 -2.302935 129.5012
-8.211067999999999 -2.12461 130.6853
-8.065956999999999 -2.46131 129.9381
-7.914868 -2.43903 128.5688
-7.914868 -2.43903 130.6853
-8.259523 -2.752609 128.5688
-8.235054999999999 -2.753967 130.6853
-7.914868 -2.43903 126.4523
-8.544650000000001 -2.428403 126.4523
-8.283811999999999 -2.749353 126.4523
-8.326352 -2.438262 127.3861
-8.275914 -2.127436 126.4523
-8.188828000000001 -2.364347 125.5581
-8.43477 -2.434665 124.7029
-8.544803 -2.434957 124.3357
-8.398463 -2.450956 125.2854
-8.152979999999999 -2.435013 127.7686
-5.675333 -3.97407 126.4523
-6.3052 -3.981737 126.4523
-5.944095 -3.662499 126.4523
-5.87029 -3.832017 125.3007
-5.939899 -4.28499 126.4523
-5.675333 -3.97407 128.5688
-5.953021 -3.898012 127.2489
-5.97629 -3.659402 128.5688
-5.958889 -4.052854 127.7726
-5.831374 -3.921402 124.6935
-5.675333 -3.97407 124.3357
-5.96781 -4.288246 128.5688
-6.305117 -3.984611 128.5688
-6.008632 -3.659623 130.6853
-5.975444 -3.977164 129.5922
-5.995901 -4.289001 130.6853
-5.675333 -3.97407 130.6853
-6.305008 -3.987485 130.6853
-6.444248 -3.717225 128.0273
-6.742915 -3.681363 127.8884
-6.576312 -3.663126 127.5584
-6.621588 -3.948736 127.7706
-6.749195 -4.264202 127.872
-6.482898 -4.254374 127.6359
-6.849362 -4.196731 127.5156
-6.322169 -4.055003 128.0698
-6.319101 -3.905709 127.6002
-6.346107 -4.117427 127.1524
-6.402491 -3.752712 127.135
-6.628205 -3.975372 126.9116
-6.632737 -3.981488 127.3311
-6.853833 -4.192166 126.6773
-6.938483 -4.017948 127.1256
-6.670168 -4.286019 127.1366
-6.48704 -4.256459 126.6938
-6.519526 -4.270302 130.6853
-6.712595 -4.277077 130.264
-6.871535 -4.172077 130.6853
-6.623156 -3.979638 130.4778
-6.366612 -4.151926 130.2599
-6.62461 -3.976863 130.0479
-6.477121 -4.251337 124.8191
-6.311609 -3.970961 124.9009
-6.659163 -4.100114 124.5535
-6.610186 -3.986741 125.0642
-6.463146 -3.704805 124.8025
-6.710701 -3.670533 124.788
-6.556592 -4.281178 128.1493
-6.910672 -3.838053 127.5885
-6.862825 -4.182392 124.8119
-6.768412 -3.692833 127.128
-6.379495 -3.778712 129.3815
-6.737433 -3.679244 129.3806
-6.62583 -3.980379 129.1851
-6.624655 -3.976099 129.619
-6.648665 -3.939865 128.3103
-6.859584 -4.186011 128.2076
-6.938275 -4.019399 128.5733
-6.920018 -3.859601 128.1268
-6.815644 -3.722148 128.5506
-6.711758 -3.670828 128.2104
-6.922901 -4.080854 127.8606
-6.549395 -3.668692 128.4443
-6.902593 -3.822328 126.6708
-6.710997 -4.277526 128.5807
-6.314374 -3.932307 126.695
-6.688254 -4.282952 126.2233
-6.939807 -4.007194 126.2089
-6.627512 -3.975464 126.4513
-6.568963 -3.664404 126.6758
-6.753894 -3.685969 126.2125
-6.625594 -3.977462 125.989
-6.352182 -4.128738 126.2316
-6.393117 -3.762621 126.2213
-6.311624 -3.978443 128.9583
-6.543765 -3.67017 128.8969
-6.34145 -3.840217 128.4918
-6.628932 -3.979483 128.7359
-6.522162 -4.271242 128.9844
-6.384276 -4.175327 128.5391
-6.861487 -4.183899 125.7566
-6.893959 -3.807584 125.734
-6.312686 -3.947854 125.7701
-6.552542 -3.667914 125.7401
-6.902446 -3.82206 128.9707
-6.618484 -3.98634 125.5229
-6.500389 -4.262671 125.7714
-6.359525 -4.141096 125.3114
-6.374825 -3.784769 125.2995
-6.690066 -4.282585 125.2931
-6.86687 -4.177713 128.9928
-6.940968 -3.993269 129.4082
-6.70988 -4.277835 129.4146
-6.727433 -3.675675 125.227
-6.940322 -4.001905 125.2764
-6.538653 -3.67161 129.8252
-6.311756 -3.963957 129.8307
-6.518171 -4.269809 129.8342
-6.366493 -4.151751 129.4043
-6.87329 -4.169886 129.8396
-6.888113 -3.798544 129.8302
-6.901063 -3.819577 124.7989
-6.941353 -3.985325 130.2659
-6.731732 -3.677163 130.2627
-6.375676 -3.783642 130.2564
-6.530425 -3.674124 130.6853
-6.311593 -3.97407 130.6853
-6.888327 -3.798863 130.6853
-6.94154 -3.97707 124.3357
-5.731292 -4.804849 130.2289
-5.675952 -5.003812 129.7656
-5.741587 -5.177326 130.2416
-5.995563 -4.981971 130.0195
-6.254532 -5.155539 129.8142
-6.237654 -4.789045 129.8056
-5.997135 -4.985001 129.5699
-5.675333 -4.98407 130.6853
-6.003219 -4.983251 130.463
-5.867814 -5.274254 126.2276
-6.243703 -5.17117 126.2323
-6.045363 -5.043924 126.4633
-5.983702 -4.980927 126.007
-6.092643 -5.281965 126.6544
-5.698425 -5.102451 126.7245
-6.303422 -5.018357 126.6889
-5.87096 -5.275562 127.0249
-5.678697 -4.938163 126.2583
-6.135608 -4.704603 126.724
-6.203911 -5.215563 127.1149
-5.863168 -5.272249 126.6392
-5.855854 -5.268909 128.4155
-6.102784 -5.278286 128.0097
-5.675435 -4.992067 128.3636
-5.735477 -5.169194 127.9113
-6.284566 -4.871697 127.1668
-5.98557 -4.669126 127.1992
-6.282622 -5.101409 127.5997
-6.040816 -4.673165 128.0369
-5.720596 -4.82139 127.9287
-5.886665 -4.686632 127.6208
-5.675717 -4.968528 127.3326
-5.958292 -5.297419 127.5064
-6.162484 -4.720309 128.5022
-5.837025 -4.708907 128.4021
-6.302719 -4.943882 128.115
-6.100569 -5.279123 130.2452
-6.305112 -4.973377 130.245
-6.205636 -4.754182 127.6291
-5.914925 -5.289896 129.795
-5.769628 -5.208816 129.329
-5.950479 -5.018795 128.6286
-5.762814 -4.766226 126.7633
-6.256221 -4.815234 126.2473
-5.926843 -4.675551 126.2687
-6.198747 -5.220223 128.4917
-6.304244 -4.95838 128.5984
-6.248649 -4.803861 128.959
-5.948571 -4.671868 128.8755
-5.754886 -4.774818 125.7798
-6.099227 -4.688519 125.7871
-6.305266 -4.979884 125.7796
-6.113258 -5.274066 125.7703
-5.709046 -5.125848 125.7702
-5.883246 -5.280295 125.7618
-5.716275 -4.828779 128.7578
-6.050517 -5.056135 125.5573
-5.676305 -4.959343 125.2948
-5.900326 -5.285923 125.2949
-5.981283 -5.298921 128.9
-6.2679 -5.132927 128.9574
-6.004003 -4.984842 129.099
-5.718625 -4.824703 129.2521
-6.084038 -4.683357 129.3487
-5.701252 -5.109194 128.8435
-6.30483 -4.966979 129.3823
-5.875447 -4.690782 129.772
-6.258466 -5.149318 125.3224
-6.243805 -4.797109 125.321
-5.911061 -4.679223 125.3002
-6.125823 -4.699729 124.8192
-6.304906 -4.968443 124.9033
-5.998187 -4.964003 125.0943
-5.722202 -5.149384 124.8174
-5.74664 -4.784481 124.8155
-6.121486 -5.270438 129.3685
-6.162762 -5.24765 124.821
-5.914863 -5.289881 124.8186
-5.675333 -4.98407 124.3357
-6.2527 -5.158328 130.6853
-6.246211 -4.800416 130.6853
-6.080937 -4.682408 130.2386
-5.907509 -5.287972 130.6853
-5.903835 -4.681194 130.6853
-6.626767 -4.66909 126.5995
-6.661799 -4.974063 126.3544
-6.328069 -4.883534 126.6004
-6.645599 -4.973432 126.7411
-6.939345 -5.021305 126.131
-6.912244 -4.851386 126.5619
-6.879093 -5.172342 126.5217
-6.773782 -4.705607 126.1426
-6.31163 -4.988908 129.8513
-6.533529 -5.284994 129.8508
-6.626938 -4.984079 130.0608
-6.627365 -4.984507 129.6364
-6.726776 -5.282687 130.2724
-6.884621 -5.164691 129.8505
-6.519805 -4.687738 129.0016
-6.625143 -4.986575 129.2097
-6.874391 -4.78965 128.9944
-6.619207 -4.987698 128.7889
-6.376002 -5.174928 129.427
-6.311823 -4.99611 129.0022
-6.53805 -5.286355 128.9883
-6.730634 -5.281365 129.4226
-6.886693 -5.161694 128.9829
-6.941473 -4.976948 129.4192
-6.877355 -4.793489 130.6853
-6.941517 -4.979262 130.2699
-6.71846 -4.682791 130.2697
-6.627154 -4.991437 130.4742
-6.884038 -5.165522 130.6853
-6.369608 -4.801914 130.2701
-6.37278 -5.170622 130.272
-6.526048 -5.282579 130.6853
-6.854658 -5.201303 125.7085
-6.630368 -4.981448 125.9306
-6.49229 -5.268992 125.7181
-6.617011 -4.975785 125.5103
-6.92151 -4.873504 127.6411
-6.589595 -4.671268 127.7905
-6.371958 -5.169498 127.7621
-6.335294 -4.8642 127.4423
-6.312799 -5.0116 127.0091
-6.488773 -5.267308 127.2656
-6.647121 -4.669761 127.3879
-6.739799 -5.277997 127.699
-6.891336 -5.154697 127.2576
-6.901116 -5.13847 128.1158
-6.549272 -5.289418 128.154
-6.60651 -4.986235 127.9915
-6.522899 -4.686641 130.6853
-6.843688 -4.755874 128.1459
-6.448518 -5.243895 126.6835
-6.74411 -5.276299 126.8906
-6.859575 -4.772121 127.0573
-6.933479 -5.054936 126.8687
-6.460635 -4.716345 127.0188
-6.69943 -4.677632 128.5845
-6.940748 -4.961553 128.5575
-6.6078 -4.985044 128.3779
-6.341809 -4.849454 127.8799
-6.689655 -5.292669 126.5625
-6.416028 -4.749799 126.1652
-6.341439 -5.117901 126.1836
-6.313154 -5.015389 128.2021
-6.482655 -4.703892 128.209
-6.384316 -5.185375 128.5846
-6.358758 -4.818278 128.6
-6.738432 -5.27852 128.5543
-6.67375 -5.295498 126.1989
-6.314592 -4.940713 125.7258
-6.566794 -4.674815 125.7148
-6.734383 -4.688115 125.2594
-6.898393 -4.824927 125.7017
-6.687263 -5.293149 125.2097
-6.386837 -4.779769 125.2846
-6.350459 -5.13564 125.2777
-6.312537 -4.959712 124.8795
-6.500254 -4.695529 124.8003
-6.718025 -4.682658 129.423
-6.36785 -4.80442 129.4219
-6.524529 -4.686078 129.8472
-6.878142 -4.79453 129.8453
-6.941062 -5.001659 125.26
-6.878105 -4.794479 124.8008
-6.444116 -5.240823 124.7947
-6.889429 -5.15762 124.7874
-6.690306 -5.292536 124.7799
-6.311593 -4.98407 130.6853
-6.941553 -4.983197 124.3357
-7.278608 -3.97407 128.5688
-7.576142 -3.659574 128.5688
-7.545676 -3.662756 126.4523
-7.55329 -3.973329 127.5018
-7.90845 -3.982707 126.4523
-7.540349 -4.284519 126.4523
-7.565376 -4.287785 128.5688
-7.908337 -3.986153 128.5688
-7.278608 -3.97407 126.4523
-7.278608 -3.97407 124.3357
-7.388527 -3.97407 124.7045
-7.41819 -3.958721 125.2898
-7.626064 -4.063878 125.5492
-7.606772 -3.659366 130.6853
-7.609449 -4.063975 129.986
-7.59738 -3.917441 129.4725
-7.278608 -3.97407 130.6853
-7.590584 -4.289036 130.6853
-7.908186 -3.989598 130.6853
-7.914868 -3.97407 130.6853
-7.97393 -3.790446 130.2432
-7.974157 -4.158012 130.2449
-8.228346 -3.979349 130.4622
-8.131254 -3.674919 130.6853
-8.328303999999999 -3.674873 130.2396
-8.489513000000001 -3.795781 130.6853
-8.544795000000001 -3.978679 130.2348
-8.024267999999999 -3.73543 128.0272
-8.358449999999999 -3.686539 127.9722
-8.157598999999999 -3.667488 127.5604
-8.223269999999999 -3.964507 127.8142
-8.472007 -4.175495 127.4368
-7.920106 -3.916868 127.605
-8.485339 -3.78985 127.5016
-8.193643 -4.286963 127.1715
-8.540362999999999 -3.92122 126.9862
-7.988476 -3.771705 127.1411
-8.083085000000001 -4.252769 127.6504
-7.945138 -4.1088 127.1726
-8.471773000000001 -4.175776 130.6853
-8.070482999999999 -4.24576 126.7334
-8.420724999999999 -4.224628 126.8323
-8.309434 -3.66931 127.0999
-7.924312 -4.050621 128.0635
-7.916452 -3.942526 126.7067
-8.375779 -4.253206 127.987
-8.102122 -4.261991 128.1334
-8.078951999999999 -4.250554 124.8247
-7.986255 -3.774383 126.2407
-8.12396 -3.677422 126.6817
-8.320575 -3.672439 126.246
-7.954862 -4.127676 126.263
-8.421816 -3.724348 126.6765
-8.120006 -4.269277 130.6853
-8.323043999999999 -4.274948 130.2406
-8.511039 -4.116002 128.396
-8.251624 -3.904717 128.6344
-8.268285000000001 -4.286697 128.4787
-8.155794 -3.97071 128.2829
-8.544828000000001 -3.974852 127.9341
-8.496767999999999 -3.806839 128.3881
-8.470587 -4.17719 125.8272
-8.544734 -3.981799 126.3744
-8.285361999999999 -4.28412 126.3046
-8.222314000000001 -3.970707 126.0391
-8.464854000000001 -4.183797 124.82
-8.122324000000001 -3.678011 129.7969
-8.481798 -3.785036 129.7742
-8.29318 -3.665523 129.3383
-8.225362000000001 -3.976831 129.5676
-8.21313 -3.659534 128.4426
-8.440753000000001 -4.208019 128.8728
-8.117324999999999 -4.268266 128.9305
-8.221105 -3.979925 129.0964
-7.941326 -3.847709 128.4856
-7.914917 -3.979597 129.8106
-7.962392 -3.807699 129.3646
-7.977329 -4.162342 129.3678
-8.133124 -4.273832 129.7991
-8.227444 -3.979141 130.0211
-8.544444 -3.958513 128.7748
-7.979087 -4.164678 128.5178
-8.543453 -4.003482 125.3124
-8.496167 -3.805883 125.8035
-8.208482 -3.9875 125.5507
-8.102558999999999 -4.262185 125.8073
-8.412933000000001 -3.717764 128.8631
-8.077764 -3.698239 128.9097
-7.915711 -3.997096 128.9375
-8.544587 -3.961738 129.2647
-8.317315000000001 -4.276663 129.347
-7.915791 -3.949976 125.7875
-8.150999000000001 -3.669119 125.7727
-8.335425000000001 -3.677311 125.2529
-7.979537 -3.782873 125.3134
-7.914944 -3.967174 124.906
-7.959727 -4.136079 125.3282
-8.219231000000001 -3.984753 125.1028
-8.072165999999999 -3.7014 124.8109
-8.506169 -3.822876 124.8089
-8.293564999999999 -4.282539 125.3189
-8.319770999999999 -3.672199 124.8011
-8.487356 -4.155462 129.7766
-8.544816000000001 -3.976894 124.3357
-7.699404 -5.280745 127.6215
-7.336749 -5.166405 127.628
-7.590147 -4.994104 127.416
-7.593876 -4.994711 127.8368
-7.497085 -5.283903 127.2359
-7.843204 -5.176176 127.1192
-7.338648 -4.799089 127.6069
-7.689694 -4.68411 127.6087
-7.696484 -5.28177 130.2687
-7.851479 -5.164916 129.8398
-7.908539 -4.979727 130.2627
-7.599967 -4.984719 130.0689
-7.337518 -4.800657 130.2664
-7.492662 -4.685697 129.8402
-7.278639 -4.988466 129.8449
-7.596657 -4.979776 130.4791
-7.689419 -4.684022 130.2649
-7.50143 -5.285267 129.8425
-7.5868 -4.987104 129.6217
-7.341706 -5.173194 129.4046
-7.696078 -5.28191 129.404
-7.593806 -4.984521 129.1861
-7.908538 -4.979701 129.4091
-7.697295 -5.281488 128.5206
-7.500682 -5.285037 128.0743
-7.854541 -5.160468 128.0692
-7.593801 -4.980268 128.2944
-7.686575 -4.683128 128.5229
-7.844205 -4.793273 128.0645
-7.495834 -4.684643 128.0635
-7.336072 -4.802692 128.5155
-7.593822 -4.983847 128.7419
-7.845781 -4.79536 128.9627
-7.687041 -4.683273 129.4086
-7.714772 -4.693335 124.8134
-7.645157 -4.979855 124.5797
-7.779675 -5.238205 126.5917
-7.907094 -4.95363 126.6636
-7.571339 -4.980383 126.8882
-7.61401 -5.298388 126.8786
-7.501365 -4.682894 127.149
-7.278703 -4.991792 127.1274
-7.846419 -4.796216 127.1402
-7.487963 -5.280813 126.5437
-7.38835 -5.223005 126.8872
-7.908561 -4.98187 127.6003
-7.289342 -5.065596 126.6141
-7.690052 -4.684225 126.6908
-7.363801 -4.76864 126.6903
-7.517744 -4.678358 126.2311
-7.832236 -4.778499 126.2181
-7.54578 -4.909623 126.0211
-7.651282 -4.963779 126.4149
-7.293642 -4.887922 126.2313
-7.349157 -5.182731 126.1839
-7.630431 -5.296889 126.1488
-7.884451 -5.104949 126.1806
-7.278615 -4.982053 128.0705
-7.437441 -5.257622 125.7322
-7.282027 -5.030355 125.8398
-7.597787 -4.972835 125.549
-7.767884 -5.246432 125.7145
-7.904732 -4.93506 125.7454
-7.908519 -4.978485 128.5179
-7.34135 -5.172719 128.5206
-7.851359 -5.165086 128.965
-7.362976 -4.769524 125.7766
-7.501997 -5.28544 128.97
-7.278664 -4.989983 128.9648
-7.279846 -5.011964 125.3455
-7.491212 -4.686192 128.9675
-7.563074 -5.297569 125.2226
-7.340956 -5.172191 130.2661
-7.494946 -4.684934 125.2983
-7.678981 -4.680886 125.7656
-7.830643 -4.776663 125.303
-7.87884 -5.117653 125.2805
-7.906666 -4.949501 124.8868
-7.335701 -4.803221 129.4026
-7.33725 -4.801032 124.8284
-7.543677 -5.295071 124.7868
-7.335269 -5.164302 124.8146
-7.78728 -5.232457 124.7939
-7.848009 -4.798374 130.6853
-7.278608 -4.98407 124.3357
-7.846045 -4.795714 129.8435
-7.50171 -5.285352 130.6853
-7.854089 -5.161135 130.6853
-7.278608 -4.98407 130.6853
-7.498785 -4.683696 130.6853
-8.534914000000001 -5.062477 126.7006
-8.272986 -5.296083 126.7682
-8.450619 -4.759408 126.7127
-8.473280000000001 -5.183955 127.0296
-8.438972 -5.219613 127.6645
-8.300837 -5.290947 127.271
-8.499091999999999 -5.147535 127.3397
-8.232926000000001 -4.998771 127.4646
-8.466098000000001 -4.775747 127.5869
-8.544148 -5.004774 127.5541
-8.241232 -5.067675 127.8557
-8.544827 -4.983048 124.3357
-8.48732 -4.802629 124.8387
-7.99596 -4.773099 126.2539
-7.929793 -5.079878 126.2356
-7.919329 -4.931247 126.7167
-8.265491000000001 -5.026194 126.472
-8.136927999999999 -4.683108 126.7141
-8.537553000000001 -4.916763 127.1441
-7.996793 -4.77218 127.1789
-8.170114 -4.674806 127.6117
-8.314393000000001 -4.680649 127.1603
-7.970992 -5.16353 127.1949
-7.930819 -4.885107 127.6385
-8.150634 -5.288927 127.6693
-7.956014 -5.139722 127.7289
-8.00006 -5.199499 126.6514
-8.306846999999999 -4.678646 126.2575
-8.351152000000001 -5.274756 128.0742
-8.05593 -5.246682 128.1082
-8.053001 -4.723422 128.071
-8.36727 -4.700648 128.034
-8.164393 -5.292175 126.2484
-8.45337 -5.205995 126.2881
-8.544753 -4.991005 127.9906
-7.914895 -4.988132 128.1078
-8.507173 -4.834725 128.4385
-8.265102000000001 -5.011502 128.2371
-8.532123 -4.89551 126.2789
-8.53815 -5.048589 125.9026
-8.043459 -5.237983 125.765
-8.542386 -5.023222 125.3803
-8.251730999999999 -5.29829 125.253
-8.330095999999999 -4.685469 125.3185
-7.942399 -5.112854 125.3055
-7.992934 -4.776504 125.3178
-8.250978 -4.959001 125.5887
-8.484121 -5.169968 130.6853
-8.544827 -4.983047 130.243
-8.477185 -4.789039 130.6853
-8.225754 -4.981871 130.4678
-8.369349 -5.266475 125.7948
-7.920052 -4.927164 125.7764
-8.143990000000001 -4.681018 125.7901
-8.465282 -4.774825 125.8095
-8.228728 -5.299049 128.5078
-8.238166 -4.6692 128.4874
-7.955618 -5.139022 128.537
-7.960006 -4.821598 128.5264
-8.251996999999999 -4.978764 128.696
-8.500012 -5.14601 128.4441
-7.972894 -5.166243 130.2555
-8.324548999999999 -5.284478 130.2483
-8.228213999999999 -4.981374 130.0332
-8.430184000000001 -4.74101 128.8978
-8.420977000000001 -5.234435 128.9064
-8.544767 -4.990337 128.808
-8.089115 -5.265862 128.9549
-7.914925 -4.978073 128.9612
-8.099902 -4.697144 128.9396
-8.108043 -4.693595 124.8244
-8.244246 -4.954539 124.5926
-7.916747 -4.949725 124.8969
-8.299677000000001 -5.291213 129.3641
-8.544783000000001 -4.989439 129.2945
-8.224048 -4.983651 129.1248
-7.972841 -4.801973 129.3901
-8.225296999999999 -4.985416 129.5871
-7.966174 -5.156374 129.3876
-8.308759999999999 -4.679135 129.3611
-8.485666 -4.800305 129.7879
-8.486565000000001 -5.166579 124.8267
-8.035974 -5.232315 124.8045
-8.277874000000001 -5.295368 124.7999
-8.482431 -5.172258 129.7877
-8.130343999999999 -4.68522 129.8174
-8.12327 -5.280471 129.8172
-8.325079000000001 -4.683831 130.2473
-7.974833 -4.799194 130.2566
-7.914898 -4.979717 129.8255
-7.914868 -4.98407 130.6853
-8.122348000000001 -4.688002 130.6853
-8.125321 -5.281201 130.6853
$EndNodes
$Elements
3 15052 1782 60985
2 2 2 21
60882 1532 1644 1519 
60889 1548 1642 1676 
60896 1553 1540 1676 
60906 1533 1644 1532 
60910 1527 1518 1636 
60911 1642 1526 1527 
60926 1517 1644 1636 
60931 1663 1551 1552 
60943 1518 1517 1636 
60956 1642 1529 1526 
60960 1519 1644 1517 
60961 1676 1644 1663 
60967 1548 1676 1540 
60968 1676 1663 1552 
60970 1553 1676 1552 
60972 1663 1533 1551 
60975 1527 1636 1642 
60977 1533 1663 1644 
60980 1642 1548 1529 
60984 1636 1676 1642 
60985 1636 1644 1676 
2 4 2 14
60923 2030 2087 2017 
60928 2021 2079 2009 
60935 2029 2015 2087 
60937 2030 2029 2087 
60938 2022 2004 2082 
60951 2009 2079 2000 
60953 2017 2082 2004 
60955 2023 2079 2021 
60957 2023 2022 2082 
60966 2017 2087 2082 
60969 2023 2082 2079 
60976 2000 2079 2087 
60979 2015 2000 2087 
60983 2079 2082 2087 
3 5 4 15017
4158 2189 2228 2173 2259 
4159 2228 2231 2230 2259 
4187 2189 2231 2228 2259 
4254 2173 2228 2230 2259 
4582 2189 2188 2231 2259 
1782 1602 1630 1596 1631 
1792 1599 1577 1586 1637 
1793 1599 1577 1637 1638 
1794 1631 1638 1639 1640 
1795 1607 1638 1637 1641 
1796 1638 1639 1640 1641 
1797 1642 1643 1644 1645 
1798 1550 1549 1642 1646 
1799 1568 1647 1544 1648 
1800 1592 1649 1647 1650 
1801 1647 1650 1651 1652 
1803 1485 1639 1501 1654 
1804 1639 1640 1651 1655 
1805 1501 1654 1639 1655 
1806 1639 1651 1641 1656 
1815 1596 1630 1591 1660 
1816 1630 1661 1648 1662 
1818 1575 1662 1663 1664 
1819 1575 1660 1559 1662 
1820 1587 1660 1576 1664 
1821 1591 1559 1660 1662 
1822 1637 1640 1660 1661 
1823 1630 1640 1655 1665 
1824 1603 1630 1602 1665 
1825 1630 1640 1631 1655 
1833 1607 1641 1606 1656 
1834 1641 1656 1651 1667 
1835 1492 1491 1496 1656 
1836 1494 1656 1496 1667 
1837 1485 1492 1656 1668 
1838 1492 1606 1491 1656 
1845 1637 1671 1661 1672 
1846 1643 1645 1646 1661 
1847 19 1590 1603 1665 
1848 1568 1544 1525 1673 
1850 1544 1543 1525 1673 
1851 1543 1661 1645 1673 
1852 1585 1543 1661 1674 
1853 1643 1661 1662 1673 
1854 1544 1648 1661 1673 
1855 1506 1665 1655 1675 
1856 1498 1665 1506 1675 
1857 1500 1499 1506 1675 
1858 1500 1655 1651 1675 
1859 1498 1652 1665 1675 
1860 1497 1590 19 1665 
1861 1602 1630 1655 1665 
1862 1567 1637 1643 1646 
1863 1603 1590 1648 1665 
1864 1585 1647 1649 1674 
1866 1641 1667 1649 1672 
1867 1649 1651 1650 1667 
1868 1496 1490 1493 1667 
1869 1585 1661 1647 1674 
1870 1605 1649 1604 1667 
1871 1604 1649 1592 1650 
1872 1593 1585 1649 1674 
1880 1605 1593 1604 1649 
1892 1574 1573 1646 1672 
1893 1649 1671 1672 1674 
1894 1594 1672 1574 1674 
1895 1640 1647 1651 1665 
1896 1640 1651 1647 1671 
1897 1640 1648 1647 1665 
1898 1592 1585 1647 1649 
1900 1497 1652 1590 1665 
1901 1488 1650 1652 1675 
1902 1643 1663 1664 1676 
1903 1553 1552 1663 1664 
1904 1575 1663 1552 1664 
1905 1631 1637 1640 1660 
1907 1630 1631 1640 1660 
1908 1637 1640 1661 1671 
1909 1630 1660 1640 1661 
1910 1587 1564 1637 1664 
1911 1591 1660 1630 1662 
1912 1587 1637 1660 1664 
1915 1575 1551 1552 1663 
1928 1630 1648 1640 1665 
1929 1540 1643 1664 1676 
1930 1541 1532 1662 1673 
1931 1533 1532 1644 1662 
1932 1567 1643 1548 1646 
1933 1518 1636 1517 1645 
1934 1591 1648 1557 1662 
1935 1541 1662 1648 1673 
1936 1548 1643 1540 1676 
1937 1597 1631 1596 1660 
1938 1591 1630 1648 1662 
1939 1567 1540 1643 1664 
1940 1660 1661 1662 1664 
1941 19 1603 1503 1665 
1942 1486 1500 1639 1651 
1943 1587 1637 1631 1660 
1944 1607 1638 1641 1668 
1945 1631 1637 1638 1640 
1946 1590 1513 1570 1652 
1947 1636 1644 1642 1676 
1948 1609 1602 1596 1631 
1949 1650 1651 1652 1675 
1950 1488 1652 1498 1675 
1951 1647 1661 1671 1674 
1952 1630 1640 1648 1661 
1953 1640 1647 1661 1671 
1954 1543 1645 1661 1674 
1955 1517 1636 1644 1645 
1956 1525 1524 1517 1673 
1957 1643 1644 1645 1673 
1960 1524 1645 1517 1673 
1961 1637 1641 1640 1671 
1962 1594 1558 1593 1674 
1963 1541 1525 1519 1673 
1964 1494 1495 1651 1667 
1965 1495 1650 1651 1667 
1966 1489 1620 1488 1652 
1967 1495 1650 1488 1675 
1968 1494 1651 1656 1667 
1972 1532 1644 1662 1673 
1978 1532 1519 1644 1673 
1980 1576 1575 1552 1664 
1987 1642 1643 1645 1646 
1992 1647 1652 1651 1665 
1993 1567 1540 1548 1643 
1998 1525 1517 1519 1673 
2002 1524 1518 1517 1645 
2003 1518 1642 1636 1645 
2004 1557 1532 1533 1662 
2005 1542 1527 1518 1642 
2006 1573 1548 1549 1646 
2009 1559 1557 1533 1662 
2014 1485 1639 1654 1668 
2015 1651 1655 1665 1675 
2016 1596 1631 1630 1660 
2017 1541 1519 1532 1673 
2018 1648 1662 1661 1673 
2019 1640 1641 1651 1671 
2025 1557 1541 1532 1662 
2026 1637 1661 1660 1664 
2027 1576 1660 1575 1664 
2028 1505 1502 1609 1602 
2030 1543 1524 1525 1673 
2031 1568 1525 1541 1673 
2032 1641 1651 1649 1667 
2033 1544 1648 1647 1661 
2034 1590 1647 1568 1648 
2035 1586 1637 1573 1672 
2036 1607 1606 1641 1672 
2037 1606 1667 1641 1672 
2038 1594 1593 1649 1674 
2039 1585 1569 1543 1674 
2041 1651 1665 1652 1675 
2042 1497 1513 1590 1652 
2043 1544 1661 1543 1673 
2047 1574 1672 1646 1674 
2050 1642 1644 1643 1676 
2051 1591 1557 1559 1662 
2052 20 1631 1608 1654 
2055 1575 1559 1551 1663 
2057 1550 1549 1526 1642 
2059 1574 1573 1549 1646 
2062 1574 1550 1558 1646 
2066 1569 1558 1542 1645 
2067 1550 1526 1527 1642 
2068 1550 1642 1542 1645 
2071 1604 1649 1650 1667 
2073 1576 1553 1564 1664 
2076 1593 1558 1569 1674 
2078 1641 1649 1671 1672 
2079 1637 1643 1646 1661 
2080 1595 1574 1594 1672 
2082 1549 1529 1526 1642 
2086 1517 1645 1644 1673 
2090 1549 1548 1529 1642 
2092 1607 1599 1586 1637 
2093 1643 1645 1661 1673 
2094 1661 1672 1671 1674 
2096 1569 1645 1543 1674 
2099 1533 1662 1644 1663 
2100 1637 1661 1646 1672 
2101 1605 1594 1593 1649 
2103 1543 1645 1524 1673 
2109 1542 1642 1518 1645 
2110 1558 1646 1645 1674 
2111 1558 1550 1645 1646 
2112 1559 1533 1551 1663 
2113 1527 1636 1518 1642 
2114 1638 1639 1641 1668 
2116 22 1654 1599 1668 
2117 1596 1591 1559 1660 
2118 1485 1654 22 1668 
2119 1548 1643 1642 1646 
2120 1511 1600 22 1654 
2121 1542 1518 1524 1645 
2122 1608 1631 1638 1654 
2126 1603 1584 1591 1648 
2127 1574 1549 1550 1646 
2128 1594 1574 1558 1674 
2130 1631 1640 1639 1655 
2131 1587 1637 1577 1638 
2132 1501 20 1511 1654 
2133 1550 1527 1542 1642 
2137 1608 1631 1587 1638 
2138 1575 1662 1559 1663 
2142 1575 1660 1662 1664 
2143 1553 1663 1552 1676 
2145 1559 1662 1533 1663 
2149 1590 1570 1647 1652 
2150 1573 1567 1548 1646 
2152 1643 1662 1644 1673 
2153 1569 1524 1543 1645 
2154 1548 1642 1643 1676 
2155 1643 1663 1662 1664 
2156 1586 1577 1567 1637 
2159 1573 1637 1567 1646 
2160 1553 1664 1663 1676 
2161 1585 1544 1570 1647 
2162 1558 1550 1542 1645 
2163 1647 1671 1649 1674 
2164 1489 18 1592 1650 
2165 1574 1646 1558 1674 
2166 1553 1540 1664 1676 
2167 1607 1637 1586 1672 
2168 1607 1599 1637 1638 
2170 1638 1654 1639 1668 
2171 1607 1641 1637 1672 
2174 1637 1641 1671 1672 
2175 1573 1637 1646 1672 
2177 1646 1672 1661 1674 
2180 1597 1587 1631 1660 
2182 1567 1564 1540 1664 
2183 1587 1631 1637 1638 
2184 1606 1605 1667 1672 
2185 1609 1602 1631 1655 
2186 21 1609 1608 1631 
2187 1643 1644 1662 1663 
2188 1564 1553 1540 1664 
2189 1505 1631 1654 1655 
2190 1568 1648 1544 1673 
2191 1599 1654 1638 1668 
2192 1639 1640 1641 1651 
2193 1631 1639 1638 1654 
2194 1643 1644 1663 1676 
2195 1584 1541 1557 1648 
2196 1641 1649 1651 1671 
2199 1645 1646 1661 1674 
2200 1636 1642 1644 1645 
2201 1549 1548 1642 1646 
2202 1568 1541 1648 1673 
2205 1605 1594 1649 1672 
2207 1594 1649 1672 1674 
2209 1569 1558 1645 1674 
2214 1567 1643 1637 1664 
2230 1495 1651 1650 1675 
2231 1593 1569 1585 1674 
2232 1647 1651 1649 1671 
2233 1596 1559 1575 1660 
2235 1592 1570 1514 1652 
2243 1597 1576 1587 1660 
2244 1587 1564 1577 1637 
2245 1489 1592 1514 1652 
2246 1600 1587 1577 1638 
2251 1637 1643 1661 1664 
2256 1637 1638 1640 1641 
2257 1600 1577 1599 1638 
2258 1489 1514 1620 1652 
2259 1487 1488 1499 1675 
2260 18 1604 1592 1650 
2262 1493 1604 18 1650 
2263 1497 1620 1513 1652 
2264 1590 1570 1568 1647 
2265 1497 1498 1620 1652 
2266 1640 1651 1655 1665 
2267 1514 1513 1620 1652 
2268 1489 1650 1592 1652 
2269 1487 1651 1495 1675 
2270 1590 1652 1647 1665 
2271 1577 1564 1567 1637 
2272 1597 1575 1576 1660 
2273 1631 1639 1654 1655 
2274 1602 1630 1631 1655 
2277 1605 1649 1667 1672 
2278 1643 1662 1661 1664 
2279 1603 1590 1584 1648 
2282 1486 1487 1500 1651 
2283 1607 1586 1595 1672 
2284 1492 1607 16 1606 
2287 1489 1488 1650 1652 
2288 1608 1587 1600 1638 
2289 1595 1586 1573 1672 
2290 1489 1493 18 1650 
2291 1494 1495 1487 1651 
2292 1606 1594 1605 1672 
2293 1584 1568 1541 1648 
2295 1501 1505 20 1654 
2296 1592 1585 1570 1647 
2297 1590 1568 1584 1648 
2298 1602 1591 1596 1630 
2299 1604 1585 1592 1649 
2304 1606 1595 1594 1672 
2306 1587 1576 1564 1664 
2307 1608 1638 1600 1654 
2308 1586 1567 1573 1637 
2312 1500 1639 1651 1655 
2313 1595 1573 1574 1672 
2319 1604 1593 1585 1649 
2322 1597 1596 1575 1660 
2326 1498 1506 1499 1675 
2327 1603 1591 1602 1630 
2329 1592 1647 1570 1652 
2330 1504 1655 1506 1665 
2331 1504 1506 1498 1665 
2332 1489 1592 18 1514 
2333 1591 1584 1557 1648 
2334 1600 1638 1599 1654 
2341 1503 1603 1602 1665 
2342 1488 1498 1499 1675 
2343 1505 1602 1609 1655 
2345 1485 1494 1486 1656 
2347 1639 1656 1641 1668 
2348 1493 1490 1604 1667 
2349 1590 1647 1648 1665 
2350 1487 1500 1651 1675 
2351 22 1600 1599 1654 
2353 1497 1498 1652 1665 
2355 1570 1544 1568 1647 
2356 1608 1597 1587 1631 
2357 1512 22 1599 1668 
2358 1603 1591 1630 1648 
2359 1501 1505 1654 1655 
2360 1609 1596 1597 1631 
2361 1503 1602 1655 1665 
2363 1495 1493 1650 1667 
2365 1494 1492 1496 1656 
2366 1486 1500 1501 1639 
2367 1485 22 1512 1668 
2368 1500 1501 1639 1655 
2369 1585 1543 1544 1661 
2370 1504 19 1503 1665 
2371 1485 1656 1639 1668 
2372 1576 1552 1553 1664 
2377 1647 1650 1649 1651 
2379 1486 1494 1651 1656 
2381 1557 1648 1541 1662 
2383 1630 1660 1661 1662 
2384 1485 1501 22 1654 
2385 1550 1642 1645 1646 
2386 1519 1517 1644 1673 
2387 1512 1599 1607 1668 
2388 1492 16 1491 1606 
2389 1492 1607 1606 1656 
2390 1569 1542 1524 1645 
2392 20 21 1608 1631 
2395 1495 1496 1493 1667 
2397 1485 1486 1501 1639 
2400 1567 1637 1564 1664 
2401 1491 1606 1605 1667 
2404 1485 17 1492 1668 
2405 1493 1604 1650 1667 
2406 1505 21 20 1631 
2409 1607 1641 1656 1668 
2411 1491 1605 1490 1667 
2414 1491 1656 1606 1667 
2415 1640 1647 1648 1661 
2419 1606 1656 1641 1667 
2421 1603 1648 1630 1665 
2425 1486 1651 1639 1656 
2427 1490 1605 1604 1667 
2435 1607 1595 1606 1672 
2437 1487 1499 1500 1675 
2438 1609 1597 1608 1631 
2439 1500 1505 1501 1655 
2440 1504 1503 1655 1665 
2441 1501 1511 22 1654 
2442 1505 1502 21 1609 
2443 20 21 1511 1608 
2444 17 16 1492 1607 
2445 20 1608 1511 1654 
2446 1500 1506 1655 1675 
2447 1592 1650 1647 1652 
2448 1505 1503 1602 1655 
2449 1500 1506 1505 1655 
2450 1497 1504 1498 1665 
2451 1511 1608 1600 1654 
2452 1497 19 1590 1513 
2453 1505 1503 1502 1602 
2454 1497 19 1504 1665 
2455 1504 1503 1505 1655 
2456 1505 1609 1631 1655 
2457 1514 1570 1513 1652 
2458 1487 1495 1488 1675 
2459 1505 1609 21 1631 
2460 1505 1631 20 1654 
2461 1495 1493 1489 1650 
2462 1488 1620 1498 1652 
2463 17 1512 1607 1668 
2466 1585 1544 1647 1661 
2468 1493 1490 18 1604 
2469 1491 1496 1656 1667 
2470 1492 1607 1656 1668 
2473 1485 1512 17 1668 
2474 17 1512 16 1607 
2475 17 1607 1492 1668 
2477 1495 1489 1488 1650 
2478 1485 1486 1639 1656 
2480 1486 1494 1487 1651 
2482 1485 1492 1494 1656 
2483 1494 1496 1495 1667 
2484 1491 1490 1496 1667 
2487 1607 1599 1638 1668 
2488 1504 1505 1506 1655 
3563 2064 2063 2045 2081 
3567 2045 2033 2081 2083 
3568 2065 2046 2084 2085 
3569 2063 2084 2046 2085 
3570 2064 2063 2081 2084 
3571 2072 2084 2071 2086 
3586 2018 2096 2083 2097 
3587 2042 2096 2018 2097 
3588 2044 2081 2033 2096 
3589 2044 2081 2096 2098 
3599 1500 2069 1501 2104 
3600 2084 2098 2104 2105 
3602 1505 2104 2098 2105 
3603 1504 2086 2104 2105 
3604 1504 2086 1506 2104 
3605 2065 2084 2086 2105 
3607 2075 2098 2042 2106 
3608 2081 2096 2098 2106 
3609 2075 2049 2042 2098 
3610 1505 2098 2075 2106 
3611 2084 2098 2105 2106 
3612 1505 2105 2098 2106 
3613 2058 2081 2044 2098 
3614 1501 2062 1505 2104 
3615 1501 2069 2062 2104 
3657 1506 2086 1499 2104 
3667 2081 2085 2083 2096 
3668 2081 2084 2085 2106 
3669 2081 2085 2096 2106 
3670 2081 2098 2084 2106 
3671 2042 2098 2096 2106 
3672 2033 2081 2083 2096 
3673 2058 2084 2081 2098 
3674 1505 2062 2098 2104 
3697 2058 2045 2033 2081 
3713 2042 2097 2034 2106 
3718 1497 19 2065 2105 
3719 19 2041 1503 1990 
3720 2084 2104 2086 2105 
3721 1503 1990 2041 2034 
3725 1998 1997 1996 2078 
3726 2008 1996 2003 2078 
3729 2007 2005 1997 2078 
3732 2018 2006 2005 2083 
3737 2018 2083 2007 2097 
3739 2012 2008 2003 2078 
3740 2018 2005 2007 2083 
3743 2008 1998 1996 2078 
3749 2020 2007 1998 2097 
3751 2028 2025 2012 2085 
3763 2016 2012 2003 2078 
3765 2064 2045 2058 2081 
3769 2041 2034 2025 2106 
3770 2065 2085 2084 2106 
3771 2032 2006 2018 2083 
3776 2007 1997 1998 2078 
3777 2020 1998 2008 2097 
3778 2007 2005 2078 2083 
3782 2085 2097 2096 2106 
3787 2049 2044 2032 2096 
3789 2042 2020 2034 2097 
3791 2032 2019 2006 2083 
3792 2042 2096 2097 2106 
3798 2065 2028 2085 2106 
3799 2040 2024 2083 2085 
3801 2024 2012 2083 2085 
3804 2063 2081 2084 2085 
3805 2046 2028 2024 2085 
3809 2032 2083 2018 2096 
3810 2063 2046 2040 2085 
3811 2012 2083 2085 2097 
3812 2041 2105 2034 2106 
3814 2012 2078 2083 2097 
3820 2025 2012 2085 2097 
3821 2063 2040 2081 2085 
3826 2012 2008 2078 2097 
3827 2033 2027 2019 2083 
3831 2045 2040 2027 2083 
3836 1497 1504 19 2105 
3838 2024 2016 2013 2083 
3839 19 1503 2041 2105 
3840 1503 2034 2041 2105 
3841 2027 2014 2019 2083 
3843 2042 2018 2007 2097 
3844 1504 2104 1505 2105 
3845 2033 2019 2032 2083 
3846 1505 1502 2105 2106 
3848 1503 1502 2034 2105 
3853 2008 1998 2078 2097 
3855 2046 2024 2040 2085 
3857 2070 2064 2058 2084 
3858 2083 2096 2085 2097 
3859 2028 2025 2085 2106 
3860 2007 2083 2078 2097 
3861 1497 2065 2072 2086 
3866 2044 2033 2032 2096 
3868 2024 2012 2016 2083 
3873 2049 2044 2096 2098 
3874 2070 2084 2098 2104 
3875 2040 2013 2027 2083 
3876 2070 2086 2084 2104 
3878 2025 2008 2012 2097 
3880 1502 2050 2034 2106 
3881 2062 2044 2049 2098 
3885 2028 2012 2024 2085 
3889 2065 2028 2046 2085 
3890 2025 2097 2085 2106 
3891 2045 2027 2033 2083 
3892 2034 2020 2025 2097 
3894 2034 2097 2025 2106 
3895 2049 2096 2042 2098 
3896 2072 2065 2046 2084 
3898 2069 2058 2044 2098 
3900 2040 2024 2013 2083 
3902 1505 2075 2050 2106 
3904 1502 1991 1990 2034 
3905 2063 2040 2045 2081 
3906 2049 2018 2042 2096 
3912 2025 2020 2008 2097 
3914 2058 2033 2044 2081 
3925 2069 2044 2062 2098 
3926 2075 2042 2050 2106 
3928 19 2041 2065 2105 
3929 1500 1499 2070 2104 
3930 1503 1502 1990 2034 
3931 1505 2050 1502 2106 
3933 2065 2084 2105 2106 
3938 2040 2083 2081 2085 
3944 2042 2007 2020 2097 
3946 2065 2105 2041 2106 
3947 2071 2063 2064 2084 
3948 2070 2084 2058 2098 
3949 1502 2034 2105 2106 
3950 2045 2081 2040 2083 
3951 2070 2058 2069 2098 
3953 1504 1505 1503 2105 
3954 2075 2062 2049 2098 
3956 2007 2078 1998 2097 
3958 2027 2013 2014 2083 
3959 1505 2062 2075 2098 
3960 2049 2032 2018 2096 
3961 1505 20 2075 2062 
3962 2072 2065 2084 2086 
3963 2033 2083 2032 2096 
3964 2064 2081 2058 2084 
3965 2050 2042 2034 2106 
3968 1505 20 21 2075 
3971 2065 2041 2028 2106 
3977 2072 2046 2063 2084 
3990 1505 1502 1503 2105 
3994 1497 2086 1504 2105 
3995 1504 1503 19 2105 
3997 1498 2072 2071 2086 
4000 1502 2050 1991 2034 
4006 1500 2070 2069 2104 
4007 2070 2098 2069 2104 
4012 2069 2098 2062 2104 
4013 2071 2064 2070 2084 
4014 1500 1505 1506 2104 
4018 1500 1506 1499 2104 
4019 1499 2071 2070 2086 
4025 1504 1506 1505 2104 
4026 1500 1501 1505 2104 
4027 1498 1499 1506 2086 
4028 1499 2086 2070 2104 
4029 21 1502 2050 1991 
4030 2041 2025 2028 2106 
4031 1498 2071 1499 2086 
4032 1501 20 1505 2062 
4034 2072 2063 2071 2084 
4037 2071 2084 2070 2086 
4040 1497 1498 1504 2086 
4041 1497 2065 2086 2105 
4044 1497 2072 1498 2086 
4045 1505 21 1502 2050 
4047 1505 2075 21 2050 
4048 1504 1498 1506 2086 
4076 2016 2012 2078 2083 
4089 2228 2229 2230 2231 
4090 2187 2232 2231 2233 
4091 2214 2232 2209 2233 
4092 2203 2228 2231 2232 
4105 1491 1496 1490 2244 
4116 1491 16 2193 2137 
4119 1496 2229 2244 2250 
4120 17 2210 1492 2250 
4121 2219 2210 2250 2251 
4122 1492 2229 1496 2250 
4123 17 1492 16 2250 
4124 1491 2193 16 2250 
4154 2229 2231 2232 2233 
4155 2219 2228 2204 2251 
4156 2219 2186 2173 2230 
4157 2219 2173 2228 2230 
4160 1495 1496 2229 2233 
4161 1489 2209 2200 2233 
4162 1493 2200 2185 2233 
4163 1493 2233 2185 2244 
4164 1496 2229 2233 2244 
4165 1494 2229 2251 2260 
4166 1485 1492 2210 2251 
4167 1485 2210 2216 2251 
4168 2205 2228 2232 2251 
4169 1494 2229 1492 2251 
4170 2205 2228 2203 2232 
4171 1492 2229 2250 2251 
4172 2228 2250 2229 2251 
4173 2219 2193 2230 2250 
4186 2228 2229 2231 2232 
4239 2229 2230 2233 2244 
4240 2215 2251 2232 2260 
4241 2187 2230 2185 2233 
4242 2228 2229 2232 2251 
4243 2187 2172 2230 2231 
4253 2219 2230 2228 2250 
4255 2219 2250 2228 2251 
4257 2229 2233 2232 2260 
4258 2215 2205 2232 2251 
4259 1494 1495 2229 2260 
4289 1491 2137 2193 2179 
4314 2185 2233 2230 2244 
4318 2187 2231 2230 2233 
4327 2205 2204 2228 2251 
4361 2209 2187 2200 2233 
4362 2185 2172 2166 2230 
4363 2185 2230 2166 2244 
4368 2219 2173 2204 2228 
4371 1493 18 1490 2185 
4372 2200 2187 2185 2233 
4384 1490 2185 18 2138 
4414 1491 2244 2179 2250 
4415 2204 2173 2189 2228 
4421 2216 2251 2215 2260 
4427 1486 2215 1487 2260 
4428 2205 2189 2203 2228 
4429 1495 2233 2229 2260 
4432 1491 1490 2137 2244 
4433 2209 2202 2187 2232 
4438 1491 1496 2244 2250 
4439 2215 2205 2203 2232 
4440 1490 2138 2137 2244 
4441 2228 2230 2229 2250 
4442 2203 2228 2189 2231 
4443 2179 2166 2230 2244 
4444 2179 2244 2230 2250 
4445 2214 2232 2233 2260 
4446 1492 1491 16 2250 
4447 2203 2188 2202 2231 
4451 2215 2232 2214 2260 
4453 2229 2232 2251 2260 
4456 1486 2216 2215 2260 
4457 2185 2166 2138 2244 
4465 2205 2204 2189 2228 
4466 1495 2214 2209 2233 
4467 1495 1488 2214 2260 
4468 1496 2233 1493 2244 
4469 2229 2230 2244 2250 
4470 1491 2137 2179 2244 
4471 2216 2204 2205 2251 
4473 1492 2250 2210 2251 
4475 2214 2203 2202 2232 
4476 2193 2179 2230 2250 
4477 2137 2138 2179 2244 
4479 17 16 2219 2250 
4480 1490 2185 2138 2244 
4488 2203 2189 2188 2231 
4513 2202 2231 2187 2232 
4515 2214 2202 2209 2232 
4516 2215 2203 2214 2232 
4517 16 2193 2219 2250 
4518 1485 1494 1492 2251 
4519 1485 2216 1494 2251 
4521 17 2219 2210 2250 
4522 1491 2179 2193 2250 
4523 1495 2209 1489 2233 
4524 1485 1486 1494 2216 
4528 1492 1496 1491 2250 
4536 2203 2231 2202 2232 
4537 1487 2215 2214 2260 
4539 1486 1487 1494 2260 
4541 1494 2251 2216 2260 
4552 1489 18 1493 2200 
4553 1494 1496 1492 2229 
4554 1495 1493 1496 2233 
4562 1493 2200 18 2185 
4564 2216 2205 2215 2251 
4565 1493 2185 1490 2244 
4566 2202 2188 2187 2231 
4568 1496 1493 1490 2244 
4569 2187 2172 2185 2230 
4570 1495 1489 1493 2233 
4571 1495 1488 1489 2209 
4572 2229 2230 2231 2233 
4574 1495 2214 1488 2209 
4575 2179 2138 2166 2244 
4576 2216 2210 2204 2251 
4577 1489 2200 1493 2233 
4578 1494 1495 1496 2229 
4579 1495 2214 2233 2260 
4580 2209 2232 2187 2233 
4581 1486 1494 2216 2260 
4583 2219 2193 2186 2230 
4584 1487 1488 1495 2260 
4585 1485 1492 17 2210 
4586 2219 2204 2210 2251 
4639 1487 2214 1488 2260 
4640 1494 1487 1495 2260 
4641 2193 2179 2186 2230 
3561 2005 2076 2077 2078 
3562 2077 2076 2079 2080 
3564 2011 2076 1999 2079 
3565 2010 1996 2077 2082 
3566 2011 2077 2005 2076 
3575 2030 2029 2080 2087 
3592 2030 2080 2017 2087 
3594 2000 2079 2076 2080 
3601 2016 2002 2013 2080 
3606 2019 2076 2006 2083 
3634 2011 2077 2079 2082 
3636 2029 2015 2080 2087 
3654 2006 2076 2005 2083 
3675 2000 1999 2076 2079 
3676 1996 2078 2077 2082 
3677 2077 2078 2076 2080 
3678 2005 2076 2078 2083 
3679 2077 2080 2079 2082 
3680 2011 2010 2077 2082 
3688 2076 2080 2078 2083 
3689 2016 2080 2013 2083 
3690 2079 2082 2080 2087 
3692 2014 2013 2080 2083 
3693 2015 2000 2080 2087 
3722 2019 2001 2006 2076 
3724 1997 2077 1996 2078 
3730 2001 2000 1999 2076 
3731 2011 2006 1999 2076 
3738 2010 1997 2005 2077 
3741 2011 2010 2005 2077 
3744 2077 2078 2080 2082 
3745 2023 2010 2011 2082 
3748 2011 2077 2076 2079 
3750 2019 2014 2001 2076 
3752 2023 2022 2010 2082 
3755 2023 2011 2021 2079 
3757 2017 2078 1996 2082 
3758 2010 2004 1996 2082 
3760 2017 2080 2078 2082 
3761 2029 2002 2016 2080 
3762 2017 2080 2082 2087 
3774 2030 2003 2017 2080 
3781 2005 2077 1997 2078 
3783 2014 2000 2001 2076 
3785 2023 2011 2079 2082 
3788 2019 2014 2076 2083 
3794 2010 1996 1997 2077 
3800 2017 1996 2004 2082 
3808 2030 2016 2003 2080 
3813 2014 2013 2002 2080 
3815 2016 2078 2003 2080 
3816 2030 2029 2016 2080 
3817 2015 2014 2002 2080 
3823 2021 1999 2009 2079 
3829 2015 2000 2014 2080 
3830 2029 2015 2002 2080 
3835 2009 1999 2000 2079 
3847 2014 2000 2076 2080 
3869 2021 2011 1999 2079 
3882 2016 2078 2080 2083 
3888 2022 2004 2010 2082 
3893 2017 2003 1996 2078 
3899 2014 2080 2076 2083 
3917 2006 2001 1999 2076 
3942 2011 2005 2006 2076 
3976 2017 2003 2078 2080 
3980 2000 2079 2080 2087 
4086 2220 2221 2222 2223 
4087 2220 2224 2225 2226 
4088 2220 2222 2221 2227 
4093 2126 2220 2225 2226 
4094 42 2221 2220 2223 
4095 2221 2222 2223 2234 
4096 2220 2224 2222 2227 
4097 2135 2136 2221 2222 
4098 2130 2221 2136 2227 
4099 2192 2235 2178 2236 
4100 2192 2191 2235 2236 
4101 2235 2237 2238 2239 
4102 2235 2237 2240 2241 
4103 2152 2235 2238 2239 
4104 2236 2238 2242 2243 
4106 2171 2170 2238 2242 
4107 2224 2245 2243 2246 
4108 2199 2242 2198 2246 
4109 2199 2194 2242 2246 
4110 2194 2175 2242 2243 
4111 2133 2134 2222 2247 
4112 2134 46 45 2247 
4113 45 2247 2197 2248 
4114 2198 2247 2222 2248 
4115 2199 2246 2222 2249 
4117 44 46 2133 2198 
4118 2222 2246 2224 2249 
4125 2237 2239 2240 2252 
4126 2151 2237 2241 2252 
4127 2171 2237 2169 2238 
4128 2171 2170 2237 2238 
4129 2170 2151 2237 2241 
4130 2169 2237 2156 2238 
4131 2158 2237 2147 2239 
4132 2158 2156 2237 2239 
4133 45 2197 2196 2248 
4134 2235 2236 2238 2241 
4135 2223 2224 2226 2253 
4136 2235 2237 2239 2240 
4137 2163 2235 2239 2240 
4138 2235 2238 2237 2241 
4139 2163 2239 2145 2240 
4140 2212 2245 2207 2254 
4141 2207 2176 2254 2255 
4142 2236 2238 2243 2254 
4143 2191 2238 2236 2254 
4144 2206 2192 2236 2254 
4145 2192 2191 2236 2254 
4146 2195 2255 2245 2256 
4147 2207 2245 2195 2255 
4148 2217 2245 2243 2257 
4149 2218 2245 2257 2258 
4150 2243 2246 2245 2255 
4151 2224 2245 2246 2248 
4152 2212 2243 2245 2254 
4153 2217 2212 2243 2245 
4174 2123 2125 2226 2257 
4175 2121 2122 2217 2257 
4176 2123 2257 2225 2258 
4177 2123 2122 2257 2258 
4178 2121 2213 43 2253 
4179 2224 2226 2253 2257 
4180 2119 2226 2125 2253 
4181 43 2213 2208 2253 
4182 2174 2259 2252 2261 
4183 2188 2259 2174 2261 
4184 2230 2259 2231 2262 
4185 2188 2231 2259 2261 
4188 2147 2239 2252 2263 
4189 2156 2238 2237 2239 
4190 2176 2238 2254 2255 
4191 2181 2238 2168 2255 
4192 2182 2238 2181 2255 
4193 2182 2242 2238 2255 
4194 2187 2159 2172 2231 
4195 2150 2241 2240 2252 
4196 2149 2147 2252 2263 
4197 2128 2135 2129 2221 
4198 2154 2150 2240 2261 
4199 2161 2252 2259 2263 
4200 2174 2252 2150 2261 
4201 2132 2227 2134 2247 
4202 2136 2221 2222 2227 
4203 2135 2222 2221 2234 
4204 2128 2221 2223 2234 
4205 2222 2223 2234 2249 
4206 2198 2222 2246 2248 
4207 2127 2222 2135 2234 
4208 2196 2255 2195 2256 
4209 2213 2243 2253 2257 
4210 2116 2123 2225 2258 
4211 2118 42 2124 2223 
4212 41 2139 2211 2258 
4213 2224 2225 2245 2256 
4214 41 2218 2122 2258 
4215 2122 2218 2257 2258 
4216 2116 2225 2131 2256 
4217 2224 2225 2226 2257 
4218 41 2211 2218 2258 
4219 2121 2213 2253 2257 
4220 2211 2256 2245 2258 
4221 2157 2237 2151 2252 
4222 2231 2259 2261 2262 
4223 2263 2143 2146 2155 
4224 2155 2263 2262 2146 
4225 2240 2261 2252 2263 
4226 2144 2143 2239 2263 
4227 2116 2117 2131 2225 
4228 2161 2149 2252 2263 
4229 2161 2259 2160 2263 
4230 2160 2144 2147 2263 
4231 2160 2259 2155 2263 
4232 2198 2184 2182 2242 
4233 2223 2234 2249 2253 
4234 2128 2135 2221 2234 
4235 2119 2128 2223 2234 
4236 2120 2249 2234 2253 
4237 2120 2127 2234 2249 
4238 2239 2240 2252 2263 
4244 2118 2128 2221 2223 
4245 2119 2127 2128 2234 
4246 2246 2182 2248 2255 
4247 2182 2246 2242 2255 
4248 2133 2222 2198 2247 
4249 2118 2221 42 2223 
4250 2170 2236 2238 2242 
4251 2224 2246 2243 2249 
4252 2194 2243 2242 2246 
4256 2201 2243 2249 2253 
4260 2198 2242 2182 2246 
4261 2206 2236 2243 2254 
4262 2150 2252 2240 2261 
4263 2238 2243 2254 2255 
4264 2191 2176 2235 2238 
4265 2225 2257 2245 2258 
4266 2218 2245 2217 2257 
4267 2181 2182 2248 2197 
4268 2217 2243 2213 2257 
4269 2170 2237 2238 2241 
4270 2223 2249 2224 2253 
4271 2206 2236 2190 2243 
4272 2175 2236 2170 2242 
4273 2190 2236 2175 2243 
4274 2136 2222 2134 2227 
4275 2201 2243 2194 2249 
4276 2174 2149 2150 2252 
4277 2174 2150 2162 2261 
4278 2147 2144 2239 2263 
4279 2178 2240 2165 2241 
4280 2165 2240 2150 2241 
4281 2240 2262 2261 2263 
4282 2153 2145 2146 2240 
4283 2163 2145 2153 2240 
4284 2164 2148 2159 2261 
4285 2178 2235 2177 2240 
4286 2153 2148 2240 2262 
4287 2132 2131 2227 2256 
4288 2222 2227 2224 2248 
4290 2134 2227 2222 2247 
4291 2132 45 2196 2248 
4292 2132 2134 45 2247 
4293 2245 2246 2248 2255 
4294 2211 2139 2195 2256 
4295 2220 2223 2222 2224 
4296 2132 2248 2196 2256 
4297 2140 2195 2139 2256 
4298 2196 2248 2255 2256 
4299 2140 2196 2195 2256 
4300 2124 2220 2126 2226 
4301 2224 2248 2227 2256 
4302 2224 2227 2225 2256 
4303 2177 2153 2164 2240 
4304 2153 2240 2146 2262 
4305 2167 2153 2146 2262 
4306 2164 2153 2148 2240 
4307 2172 2148 2153 2262 
4308 2123 2121 2125 2257 
4309 2148 2261 2240 2262 
4310 2239 2143 2146 2263 
4311 2157 2147 2237 2252 
4312 2165 2150 2151 2241 
4313 2186 2173 2230 2259 
4315 2175 2151 2170 2241 
4316 2178 2154 2165 2240 
4317 2156 2144 2143 2239 
4319 2171 2170 2157 2237 
4320 2172 2261 2148 2262 
4321 2190 2175 2236 2241 
4322 2147 2239 2237 2252 
4323 2178 2164 2154 2240 
4324 2171 2157 2158 2237 
4325 2156 2152 2238 2239 
4326 2172 2230 2231 2262 
4328 2161 2160 2149 2263 
4329 2158 2157 2147 2237 
4330 2182 2171 2238 2242 
4331 2157 2149 2147 2252 
4332 2188 2162 2159 2261 
4333 2123 2126 2225 2226 
4334 2178 2235 2240 2241 
4335 2191 2235 2236 2238 
4336 2170 2238 2236 2241 
4337 2176 2152 2235 2238 
4338 2158 2144 2156 2239 
4339 2164 2159 2154 2261 
4340 2157 2151 2149 2252 
4341 2163 2152 2145 2239 
4342 2156 2143 2145 2239 
4343 2146 2145 2239 2240 
4344 2162 2150 2154 2261 
4345 2174 2161 2252 2259 
4346 2172 2231 2261 2262 
4347 2165 2154 2150 2240 
4348 2186 2167 2155 2262 
4349 2192 2178 2190 2236 
4350 2224 2243 2245 2257 
4351 2190 2236 2178 2241 
4352 2191 2176 2163 2235 
4353 2186 2155 2160 2259 
4354 2123 2226 2225 2257 
4355 2163 2235 2152 2239 
4356 2174 2161 2149 2252 
4357 2182 2171 2169 2238 
4358 2207 2176 2191 2254 
4359 2184 2170 2171 2242 
4360 2188 2159 2187 2231 
4364 2172 2153 2167 2262 
4365 2162 2154 2159 2261 
4366 2164 2154 2240 2261 
4367 2240 2146 2263 2239 
4369 2224 2245 2225 2257 
4370 2124 42 2220 2223 
4373 2160 2147 2149 2263 
4374 2164 2240 2148 2261 
4375 2259 2261 2262 2263 
4376 2177 2235 2163 2240 
4377 2172 2167 2230 2262 
4378 2119 2223 2226 2253 
4379 2237 2240 2241 2252 
4380 2222 2224 2223 2249 
4381 2172 2167 2166 2230 
4382 2252 2261 2259 2263 
4383 2167 2146 2155 2262 
4385 2182 2169 2181 2238 
4386 2207 2254 2245 2255 
4387 2207 2195 2176 2255 
4388 2176 2168 2152 2238 
4389 2168 2156 2152 2238 
4390 2121 2217 2213 2257 
4391 2243 2245 2254 2255 
4392 2175 2236 2242 2243 
4393 2181 2168 2180 2255 
4394 2131 2225 2227 2256 
4395 2131 2225 2220 2227 
4396 2191 2163 2177 2235 
4397 2119 2120 2234 2253 
4398 2160 2155 2144 2263 
4399 2127 2199 2222 2249 
4400 2220 2225 2224 2227 
4401 2132 2227 2248 2256 
4402 2188 2174 2162 2261 
4403 2132 2227 2247 2248 
4404 2222 2247 2227 2248 
4405 2192 2191 2177 2235 
4406 2184 2183 2170 2242 
4407 2194 2175 2183 2242 
4408 2117 2220 2131 2225 
4409 2222 2224 2246 2248 
4410 2197 2182 2248 2198 
4411 2183 2175 2170 2242 
4412 2188 2159 2231 2261 
4413 2151 2150 2149 2252 
4416 2158 2147 2144 2239 
4417 2181 2169 2168 2238 
4418 2184 2171 2182 2242 
4419 2171 2158 2169 2237 
4420 2199 2194 2183 2242 
4422 2201 2175 2194 2243 
4423 2170 2151 2157 2237 
4424 2177 2163 2153 2240 
4425 2176 2152 2163 2235 
4426 2186 2160 2173 2259 
4430 2151 2241 2150 2252 
4431 2189 2161 2174 2259 
4434 2242 2246 2243 2255 
4435 2186 2259 2230 2262 
4436 2169 2156 2168 2238 
4437 2196 2181 2180 2255 
4448 2198 2197 2247 2248 
4449 46 2198 2197 2247 
4450 2133 46 2134 2247 
4452 2224 2245 2248 2256 
4454 2262 2240 2146 2263 
4455 45 46 2197 2247 
4458 42 2129 2130 2221 
4459 2127 2199 2133 2222 
4460 2198 2199 2133 44 
4461 2176 2168 2238 2255 
4462 2208 2201 2194 2249 
4463 2120 2208 43 2142 
4464 2179 2166 2167 2230 
4472 2186 2230 2167 2262 
4474 2196 2248 2181 2255 
4478 2224 2249 2243 2253 
4481 2178 2177 2164 2240 
4482 2118 2129 42 2221 
4483 2190 2165 2175 2241 
4484 2199 2183 2184 2242 
4485 2206 2190 2201 2243 
4486 2206 2192 2190 2236 
4487 2212 2206 2243 2254 
4489 2169 2158 2156 2237 
4490 2175 2165 2151 2241 
4491 2208 2201 2249 2253 
4492 2201 2190 2175 2243 
4493 2212 2192 2206 2254 
4494 2127 2142 2141 2249 
4495 2224 2253 2243 2257 
4496 2218 2211 2207 2245 
4497 2218 2212 2217 2245 
4498 2213 2243 2201 2253 
4499 2124 2223 2220 2226 
4500 2211 2139 2256 2258 
4501 2198 2182 2248 2246 
4502 2116 2132 2140 2256 
4503 2225 2245 2256 2258 
4504 2217 2212 2206 2243 
4505 2199 2184 2198 2242 
4506 2116 2256 2139 2258 
4507 2218 2211 2245 2258 
4508 2218 2207 2212 2245 
4509 2173 2160 2161 2259 
4510 2199 2194 2246 2249 
4511 2116 2139 41 2258 
4512 2118 2128 2129 2221 
4514 2156 2145 2152 2239 
4520 2127 2222 2234 2249 
4525 2197 2181 2196 2248 
4526 2213 2206 2201 2243 
4527 2212 2191 2192 2254 
4529 2119 2234 2223 2253 
4530 2120 43 2208 2253 
4531 2212 2207 2191 2254 
4532 2199 2198 2222 2246 
4533 2178 2236 2235 2241 
4534 2141 2194 2199 2249 
4535 2186 2179 2167 2230 
4538 2130 2131 2220 2227 
4540 2189 2174 2188 2259 
4542 2172 2159 2148 2261 
4543 2195 2180 2176 2255 
4544 2245 2255 2248 2256 
4545 2196 2180 2195 2255 
4546 2132 45 2140 2196 
4547 2123 2125 2126 2226 
4548 2122 2218 2217 2257 
4549 2141 2142 2194 2249 
4550 2132 2196 2140 2256 
4551 2127 2135 2128 2234 
4555 2125 2121 2253 2257 
4556 2116 2131 2132 2256 
4557 2124 2126 2125 2226 
4558 2130 2220 2221 2227 
4559 2213 2201 2208 2253 
4560 2120 2125 43 2253 
4561 2120 2208 2142 2249 
4563 2123 2122 2121 2257 
4567 2172 2231 2159 2261 
4573 2194 2243 2246 2249 
4587 2180 2168 2176 2255 
4588 2155 2143 2144 2263 
4589 2127 2133 2135 2222 
4590 2208 2194 2142 2249 
4591 2189 2173 2161 2259 
4592 44 2199 2133 2127 
4593 2136 2132 2131 2227 
4594 2117 2130 2131 2220 
4595 2255 2182 2248 2181 
4596 2211 2195 2245 2256 
4597 2116 2225 2256 2258 
4598 2135 2130 2129 2221 
4599 2192 2177 2178 2235 
4600 2116 2140 2139 2256 
4601 2117 2126 2220 2225 
4602 2119 2223 2124 2226 
4603 2132 2247 45 2248 
4604 2136 2134 2132 2227 
4605 2135 2136 2130 2221 
4606 2220 2223 2224 2226 
4607 2124 2117 2126 2220 
4608 2135 2133 2136 2222 
4609 2119 2120 2127 2234 
4610 2211 2195 2207 2245 
4611 2118 2119 2128 2223 
4612 2125 2253 2226 2257 
4613 2119 2124 2125 2226 
4614 2125 2121 43 2253 
4615 2136 2133 2134 2222 
4616 2186 2155 2259 2262 
4617 2127 2141 2199 2249 
4618 2116 2126 2117 2225 
4619 2175 2170 2236 2241 
4620 2217 2206 2213 2243 
4621 2124 42 2117 2220 
4622 2238 2242 2243 2255 
4623 2120 2142 2127 2249 
4624 2120 2208 2249 2253 
4625 2119 2125 2120 2253 
4626 2190 2178 2165 2241 
4627 2127 2141 44 2199 
4628 2130 2136 2131 2227 
4629 2123 41 2122 2258 
4630 42 2130 2220 2221 
4631 2117 42 2130 2220 
4632 2116 41 2123 2258 
4633 2191 2176 2238 2254 
4634 2133 2198 46 2247 
4635 2116 2123 2126 2225 
4636 2222 2199 2133 2198 
4637 2146 2145 2143 2239 
4638 2118 2124 2119 2223 
4642 2155 2259 2262 2263 
6682 2944 2950 2951 2952 
6683 2938 2932 2950 2953 
6684 2937 2951 2932 2953 
6685 2938 2950 2925 2953 
6686 2944 2950 2941 2951 
6687 2879 2954 2955 2956 
6688 2906 2957 2956 2958 
6689 2908 2956 2906 2957 
6690 2907 2900 2958 2959 
6691 2889 2883 2882 2955 
6692 2918 2959 2958 2960 
6693 2919 2900 2907 2959 
6694 2920 2907 2958 2959 
6695 2921 2958 2959 2960 
6696 2921 2960 2959 2961 
6697 2914 2911 2959 2922 
6698 2900 2911 2959 2914 
6699 2907 2900 2957 2958 
6700 2886 2955 2881 2956 
6701 2897 2883 2884 2955 
6702 2880 2879 2955 2956 
6703 2888 2878 2885 2955 
6704 2879 2955 2878 2962 
6705 2898 2892 2954 2955 
6706 2882 2955 2954 2956 
6707 2882 2881 2955 2956 
6708 2889 2955 2882 2962 
6709 2889 2884 2955 2962 
6710 2939 2951 2963 2964 
6711 2131 2947 2945 2964 
6712 2132 2131 2945 2964 
6713 2136 2952 2947 2964 
6714 2951 2952 2963 2964 
6715 2132 2939 45 2964 
6716 2945 2952 2951 2964 
6717 2931 2961 2965 2966 
6718 96 2965 2874 2966 
6719 93 2869 2965 2967 
6720 2874 2961 2965 2968 
6721 2935 2934 2967 2969 
6722 2872 2967 2934 2969 
6723 92 2935 2871 2967 
6724 2872 2871 2934 2967 
6725 2930 2965 2961 2969 
6726 2930 99 2915 2965 
6727 92 2930 2935 2967 
6728 93 2869 99 2965 
6729 2925 2902 2889 2970 
6730 2923 2901 2962 2970 
6731 2901 2889 2962 2970 
6732 2938 2953 2925 2970 
6733 2938 2932 2953 2970 
6734 96 2931 99 2965 
6735 2876 2874 2961 2966 
6736 2876 2961 2874 2968 
6737 2875 2933 2936 2966 
6738 97 2875 2936 2966 
6739 97 2936 2931 2966 
6740 2936 2933 2961 2966 
6741 2876 2961 2933 2966 
6742 2941 2932 2937 2951 
6743 2908 2893 2956 2957 
6744 2916 2887 2903 2970 
6745 2902 2890 2888 2970 
6746 2937 2916 2951 2953 
6747 2942 2937 2939 2951 
6748 44 2963 2904 2971 
6749 2904 2963 2950 2971 
6750 2940 2926 2950 2971 
6751 44 46 2904 2963 
6752 44 2133 46 2963 
6753 2127 2946 2135 2971 
6754 2127 2133 44 2971 
6755 2927 2951 2953 2963 
6756 2927 2916 2903 2953 
6757 2939 2937 2916 2951 
6758 2133 2952 2134 2963 
6759 45 2905 46 2963 
6760 2905 2890 2904 2953 
6761 2876 95 2933 2968 
6762 2930 2915 2961 2965 
6763 2930 2914 2919 2959 
6764 2922 2959 2914 2961 
6765 2930 2914 2959 2961 
6766 2936 2961 2931 2966 
6767 96 2931 2965 2966 
6768 2874 2965 2961 2966 
6769 2873 2876 2874 2968 
6770 2894 2893 2880 2956 
6771 2893 2954 2879 2956 
6772 2908 2893 2894 2956 
6773 2894 2886 2891 2956 
6774 2903 2890 2953 2970 
6775 2895 2891 2881 2956 
6776 2886 2881 2955 2962 
6777 2888 2878 2955 2962 
6778 2957 2958 2900 2954 
6779 2880 2955 2879 2962 
6780 2937 2923 2916 2970 
6781 2910 2909 2954 2958 
6782 2910 2909 2896 2954 
6783 2891 2886 2881 2956 
6784 2888 2885 2884 2955 
6785 2896 2882 2883 2954 
6786 2882 2955 2881 2962 
6787 2904 2890 2902 2953 
6788 2950 2963 2952 2971 
6789 2898 2884 2885 2955 
6790 2954 2956 2957 2958 
6791 2893 2954 2956 2957 
6792 2898 2897 2884 2955 
6793 2937 2916 2953 2970 
6794 2909 2956 2954 2958 
6795 2929 2960 2968 2969 
6796 2888 2955 2884 2962 
6797 2911 2898 2900 2954 
6798 2911 2910 2897 2954 
6799 2923 2886 2887 2962 
6800 2909 2899 2956 2958 
6801 2901 2889 2882 2962 
6802 2908 2907 2957 2958 
6803 2906 2891 2899 2956 
6804 2909 2899 2895 2956 
6805 2869 2965 2967 2968 
6806 2892 2879 2954 2955 
6807 2886 2880 2955 2956 
6808 2924 2889 2901 2970 
6809 2933 2960 2961 2968 
6810 2883 2954 2882 2955 
6811 2896 2895 2882 2954 
6812 2920 2908 2918 2958 
6813 2920 2907 2908 2958 
6814 2958 2911 2959 2900 
6815 2932 2901 2923 2970 
6816 2889 2884 2883 2955 
6817 2901 2881 2886 2962 
6818 2917 2912 2958 2960 
6819 2928 2877 2913 2968 
6820 2909 2895 2896 2954 
6821 2895 2882 2954 2956 
6822 2921 2917 2909 2958 
6823 2897 2896 2883 2954 
6824 2893 2879 2880 2956 
6825 2958 2900 2954 2911 
6826 2922 2910 2911 2958 
6827 2935 2930 2959 2969 
6828 2900 2898 2892 2954 
6829 2922 2911 2959 2958 
6830 2911 2910 2954 2958 
6831 2920 2919 2907 2959 
6832 2901 2882 2881 2962 
6833 2887 2879 2878 2962 
6834 2911 2897 2898 2954 
6835 2923 2962 2887 2970 
6836 2925 2953 2902 2970 
6837 2938 2925 2924 2970 
6838 44 2133 2963 2971 
6839 45 2939 2927 2963 
6840 44 46 98 2904 
6841 2925 2889 2924 2970 
6842 2944 2951 2942 2952 
6843 2906 2894 2891 2956 
6844 2885 2878 2879 2955 
6845 2926 2904 2950 2971 
6846 2904 2953 2950 2963 
6847 2888 2887 2962 2970 
6848 44 2926 2940 2971 
6849 2923 2887 2916 2970 
6850 2902 2884 2889 2970 
6851 2926 2902 2925 2953 
6852 2926 2904 2902 2953 
6853 2941 2950 2932 2951 
6854 46 2905 98 2904 
6855 2908 2907 2893 2957 
6856 2889 2884 2962 2970 
6857 2947 2944 2942 2952 
6858 2950 2953 2951 2963 
6859 2903 2888 2890 2970 
6860 2959 2961 2960 2969 
6861 2944 2943 2950 2952 
6862 2909 2895 2954 2956 
6863 2135 2946 2952 2971 
6864 2918 2958 2912 2960 
6865 2912 2906 2899 2958 
6866 2945 2942 2951 2952 
6867 2910 2896 2897 2954 
6868 2921 2909 2910 2958 
6869 2929 2912 2913 2960 
6870 2894 2880 2886 2956 
6871 2936 2933 2921 2961 
6872 2929 2960 2913 2968 
6873 2928 2913 2912 2960 
6874 2922 2921 2910 2958 
6875 2907 2892 2893 2957 
6876 2134 2963 2952 2964 
6877 2906 2956 2899 2958 
6878 2870 2877 2873 2968 
6879 2908 2957 2906 2958 
6880 2930 2961 2959 2969 
6881 2931 2914 2915 2961 
6882 2922 2921 2958 2959 
6883 2917 2912 2899 2958 
6884 2128 2949 2135 2946 
6885 2935 2930 2919 2959 
6886 2930 2915 2914 2961 
6887 2929 2918 2960 2969 
6888 2895 2881 2882 2956 
6889 95 2877 2928 2968 
6890 2898 2954 2897 2955 
6891 2933 2928 2917 2960 
6892 2960 2961 2968 2969 
6893 2929 2913 2877 2968 
6894 2869 2874 99 2965 
6895 2919 2914 2900 2959 
6896 2870 94 2877 2968 
6897 2907 2900 2892 2957 
6898 2934 2920 2918 2959 
6899 2934 2959 2918 2969 
6900 97 96 2931 99 
6901 2931 2915 99 2965 
6902 2918 2906 2912 2958 
6903 2899 2891 2895 2956 
6904 2888 2887 2878 2962 
6905 2935 2919 2920 2959 
6906 93 2872 2869 2967 
6907 2933 2960 2921 2961 
6908 2903 2887 2888 2970 
6909 2933 2917 2921 2960 
6910 2927 2953 2905 2963 
6911 2935 2959 2934 2969 
6912 2936 2921 2922 2961 
6913 2928 2913 2960 2968 
6914 2939 2951 2927 2963 
6915 2898 2885 2892 2955 
6916 2940 2925 2938 2950 
6917 2905 2953 2904 2963 
6918 2945 2942 2939 2951 
6919 2905 2903 2890 2953 
6920 2134 45 2963 2964 
6921 94 2929 2877 2968 
6922 2916 2903 2953 2970 
6923 2873 2877 95 2968 
6924 2929 2918 2912 2960 
6925 46 2905 2904 2963 
6926 2871 2935 2934 2967 
6927 93 92 2872 2967 
6928 2931 2922 2914 2961 
6929 2931 2961 2915 2965 
6930 2928 2912 2917 2960 
6931 2887 2880 2879 2962 
6932 2922 2921 2959 2961 
6933 2949 2946 2943 2952 
6934 2872 94 2870 2968 
6935 2133 2134 46 2963 
6936 2943 2940 2938 2950 
6937 2945 2951 2939 2964 
6938 2872 92 2871 2967 
6939 2937 2932 2923 2970 
6940 2927 2903 2905 2953 
6941 2872 2871 94 2934 
6942 2872 2934 94 2969 
6943 2876 2933 2875 2966 
6944 93 99 2930 2965 
6945 2876 2875 97 2966 
6946 2918 2959 2960 2969 
6947 2872 2869 2967 2968 
6948 2943 2938 2941 2950 
6949 2921 2917 2958 2960 
6950 2927 2951 2916 2953 
6951 2932 2924 2901 2970 
6952 2892 2885 2879 2955 
6953 2127 44 2940 2971 
6954 2937 2953 2932 2970 
6955 2132 2945 2939 2964 
6956 2950 2951 2952 2963 
6957 2902 2953 2890 2970 
6958 2943 2950 2952 2971 
6959 2944 2943 2941 2950 
6960 2936 2922 2931 2961 
6961 45 2939 2963 2964 
6962 2135 2130 2136 2948 
6963 2136 2134 2952 2964 
6964 2135 2952 2133 2971 
6965 2136 2947 2131 2964 
6966 2947 2942 2945 2952 
6967 2943 2940 2950 2971 
6968 2136 2948 2947 2952 
6969 2948 2944 2947 2952 
6970 2127 2940 2946 2971 
6971 2926 2925 2950 2953 
6972 2946 2943 2952 2971 
6973 2944 2941 2942 2951 
6974 2888 2962 2884 2970 
6975 2130 2136 2948 2947 
6976 2135 2946 2949 2952 
6977 2135 2129 2130 2948 
6978 2135 2948 2136 2952 
6979 2949 2943 2944 2952 
6980 2941 2938 2932 2950 
6981 2949 2944 2948 2952 
6982 2938 2924 2932 2970 
6983 2893 2892 2954 2957 
6984 2132 45 2134 2964 
6985 2942 2941 2937 2951 
6986 2136 2134 2133 2952 
6987 94 2929 2968 2969 
6988 2136 2132 2134 2964 
6989 2900 2954 2892 2957 
6990 2136 2131 2132 2964 
6991 2135 2136 2133 2952 
6992 45 98 46 2905 
6993 2130 2131 2136 2947 
6994 45 2927 2905 2963 
6995 2127 2128 2135 2946 
6996 2926 2950 2904 2953 
6997 2133 2952 2963 2971 
6998 2870 2873 2874 2968 
6999 2920 2958 2918 2959 
7000 94 2934 2929 2969 
7001 95 2928 2933 2968 
7002 2876 97 96 2966 
7003 2965 2967 2968 2969 
7004 2902 2888 2884 2970 
7005 2930 2967 2965 2969 
7006 2933 2928 2960 2968 
7007 2961 2965 2968 2969 
7008 2876 96 2874 2966 
7009 2869 2870 2874 2968 
7010 2923 2901 2886 2962 
7011 44 2904 2926 2971 
7012 2876 2933 2961 2968 
7013 2873 95 2876 2968 
7014 93 2930 92 2967 
7015 2887 2886 2880 2962 
7016 2934 2918 2929 2969 
7017 93 2965 2930 2967 
7018 2872 2968 2967 2969 
7019 2872 94 2968 2969 
7020 2869 2874 2965 2968 
7021 2876 95 2875 2933 
7022 2935 2967 2930 2969 
7023 2935 2920 2934 2959 
7024 2940 2926 2925 2950 
7025 93 92 2930 99 
7026 2135 2949 2129 2948 
7027 97 2931 96 2966 
7028 2946 2940 2943 2971 
7029 2134 45 46 2963 
7030 2947 2952 2945 2964 
7031 2128 2129 2135 2949 
7032 2897 2954 2883 2955 
7033 2886 2955 2880 2962 
7034 2908 2894 2906 2956 
7035 96 99 2874 2965 
7036 2932 2951 2950 2953 
7037 2918 2908 2906 2958 
7038 2872 2870 2869 2968 
7039 2893 2892 2879 2954 
7040 2135 2949 2948 2952 
7041 2939 2916 2927 2951 
7042 2917 2899 2909 2958 
7043 2127 2135 2133 2971 
7044 2116 41 3038 3054 
7045 2116 2117 2126 3054 
7046 2123 41 3054 3055 
7047 2977 3056 3057 3058 
7048 3032 3058 3057 3059 
7049 106 3057 3032 3058 
7050 106 3031 101 3058 
7051 2972 3056 2977 3058 
7052 104 3042 105 3032 
7053 2979 105 104 3042 
7054 3055 3060 3061 3062 
7055 104 3042 3032 3057 
7056 3019 3061 3063 3064 
7057 2975 102 2973 3065 
7058 3035 3062 3061 3064 
7059 3038 3055 3028 3061 
7060 3028 3007 3010 3061 
7061 3035 3061 3019 3064 
7062 3047 3027 3061 3064 
7063 3050 3045 3046 3062 
7064 3049 3062 3047 3066 
7065 3051 3062 3049 3066 
7066 3046 3062 3035 3064 
7067 2123 3060 3055 3062 
7068 3024 3018 3059 3067 
7069 3014 3059 3067 3068 
7070 3017 2996 3067 3069 
7071 3002 2993 2985 3067 
7072 3014 3059 3009 3067 
7073 3018 3009 3059 3067 
7074 2996 2989 3067 3069 
7075 2993 2989 2985 3067 
7076 3025 3061 3055 3060 
7077 2122 2980 3028 3025 
7078 2121 3025 3055 3060 
7079 2123 2122 41 3055 
7080 2123 2121 3055 3060 
7081 100 106 3031 101 
7082 2977 3057 106 3058 
7083 3041 3065 3058 3068 
7084 100 3031 3058 101 
7085 3056 3057 3058 3059 
7086 3056 3058 3065 3068 
7087 3031 3058 3059 3068 
7088 3015 3068 3067 3070 
7089 3015 3008 3067 3069 
7090 3042 3024 3059 3070 
7091 3059 3067 3068 3070 
7092 3031 3059 3014 3068 
7093 3056 3059 3058 3068 
7094 2990 2987 2986 3071 
7095 3015 3067 3008 3070 
7096 3017 3067 3004 3069 
7097 2991 2985 2989 3071 
7098 3006 3001 2998 3063 
7099 2998 2984 2983 3072 
7100 3020 2999 2991 3072 
7101 3000 2992 2995 3071 
7102 3001 3000 2984 3072 
7103 3011 2990 2999 3072 
7104 3036 3020 3021 3063 
7105 3037 3013 3022 3063 
7106 3011 2997 2990 3072 
7107 2989 2985 3067 3069 
7108 3023 3014 3002 3067 
7109 3035 3019 3033 3064 
7110 3021 3020 3012 3063 
7111 3015 3003 2994 3069 
7112 3008 2994 2988 3069 
7113 2994 2987 2988 3069 
7114 2999 2990 2986 3071 
7115 3012 2991 2992 3071 
7116 3000 3071 2984 3072 
7117 3018 3005 3009 3067 
7118 3032 3018 3009 3059 
7119 2997 2983 2990 3072 
7120 3019 3010 2997 3063 
7121 3003 3002 2986 3069 
7122 2987 2983 2984 3072 
7123 3023 3003 3015 3069 
7124 2996 3069 2995 3071 
7125 3010 3061 3007 3063 
7126 3007 3006 2998 3063 
7127 2990 2983 2987 3072 
7128 3026 3006 3025 3061 
7129 2987 2984 3071 3072 
7130 3033 3019 3011 3063 
7131 3022 3063 3061 3064 
7132 3047 3062 3060 3066 
7133 3028 3055 3025 3061 
7134 3056 3059 3068 3070 
7135 3009 3005 2993 3067 
7136 3012 2991 3071 3072 
7137 3017 2995 2996 3069 
7138 2996 2991 2989 3071 
7139 3004 2988 2995 3069 
7140 3001 2998 3063 3072 
7141 3036 3033 3020 3063 
7142 2986 3069 2985 3071 
7143 2996 2989 3069 3071 
7144 3013 3000 3001 3063 
7145 3008 3067 3004 3070 
7146 3012 3000 3063 3072 
7147 3022 3013 3001 3063 
7148 3017 2996 3005 3067 
7149 3008 3004 3067 3069 
7150 3024 3017 3018 3067 
7151 2975 3056 3058 3065 
7152 3015 2994 3008 3069 
7153 2989 2985 3069 3071 
7154 3020 3012 3063 3072 
7155 2999 2986 2985 3071 
7156 3010 2998 2997 3063 
7157 3042 3070 3059 3073 
7158 3000 2995 2984 3071 
7159 3030 3015 3008 3070 
7160 3008 2988 3004 3069 
7161 3034 3028 3010 3061 
7162 3005 2996 2989 3067 
7163 3003 2987 2994 3069 
7164 3011 3063 2997 3072 
7165 3020 3011 2999 3072 
7166 3042 3039 3070 3073 
7167 3010 3007 2998 3063 
7168 3020 2991 3012 3072 
7169 3023 3015 3067 3069 
7170 3039 3029 3070 3073 
7171 2979 2977 3056 3057 
7172 3020 3063 3011 3072 
7173 2973 2982 2976 3056 
7174 3032 3031 3058 3059 
7175 3019 3061 3010 3063 
7176 3023 3067 3002 3069 
7177 2120 3047 3027 3060 
7178 3036 3063 3021 3064 
7179 3026 3022 3006 3061 
7180 3037 3021 3013 3063 
7181 3037 3021 3063 3064 
7182 3030 3008 3029 3070 
7183 3040 3030 3065 3068 
7184 2979 104 2977 3057 
7185 3025 3006 3007 3061 
7186 2975 2974 102 3065 
7187 3023 3067 3015 3068 
7188 3016 3008 3004 3070 
7189 3030 3068 3015 3070 
7190 2987 3069 2986 3071 
7191 3042 3018 3032 3059 
7192 3005 2989 2993 3067 
7193 3042 3039 3024 3070 
7194 3023 3002 3003 3069 
7195 2124 42 3053 3052 
7196 3017 3004 2995 3069 
7197 3042 3024 3018 3059 
7198 3012 2992 3000 3071 
7199 2121 3026 3025 3060 
7200 2121 43 2981 3026 
7201 41 2122 3028 3055 
7202 3022 3001 3006 3063 
7203 3043 3033 3036 3064 
7204 3022 3006 3061 3063 
7205 3037 3063 3022 3064 
7206 3027 3061 3026 3060 
7207 3027 3022 3026 3061 
7208 3021 3012 3013 3063 
7209 3024 3004 3017 3067 
7210 3002 3067 2985 3069 
7211 3024 3016 3004 3070 
7212 2973 102 2982 3065 
7213 3041 3058 3031 3068 
7214 41 2122 2980 3028 
7215 102 2974 3040 3065 
7216 103 3039 2978 3073 
7217 3041 3031 3014 3068 
7218 104 105 106 3032 
7219 2998 2997 3063 3072 
7220 3012 3071 3000 3072 
7221 2975 3056 2972 3058 
7222 3058 100 2975 3041 
7223 3045 3061 3035 3062 
7224 2988 3069 2987 3071 
7225 2975 3041 2974 3065 
7226 2978 3039 3042 3073 
7227 3029 3008 3016 3070 
7228 3018 3017 3005 3067 
7229 3039 3016 3024 3070 
7230 103 3029 3039 3073 
7231 2979 2978 3042 3073 
7232 3040 3023 3015 3068 
7233 3056 3059 3070 3073 
7234 2121 3025 2122 3055 
7235 3027 3022 3061 3064 
7236 3013 3012 3000 3063 
7237 3028 3025 3007 3061 
7238 3029 3056 3070 3073 
7239 2117 3052 2126 3054 
7240 3026 3061 3025 3060 
7241 2121 2980 2122 3025 
7242 3035 3034 3019 3061 
7243 3007 3061 3006 3063 
7244 3047 3061 3062 3064 
7245 3037 3022 3027 3064 
7246 3044 3021 3037 3064 
7247 3052 3054 3062 3066 
7248 3044 3043 3036 3064 
7249 2975 3058 3041 3065 
7250 2979 3042 3057 3073 
7251 2988 2987 2984 3071 
7252 3042 3059 3057 3073 
7253 103 2982 3029 3073 
7254 41 3028 3038 3055 
7255 101 2972 106 3058 
7256 3041 3023 3040 3068 
7257 3024 3067 3059 3070 
7258 3041 3040 3065 3068 
7259 3001 3063 3000 3072 
7260 3047 3061 3060 3062 
7261 41 3038 3054 3055 
7262 2995 2988 2984 3071 
7263 3036 3033 3063 3064 
7264 2999 2990 3071 3072 
7265 3038 3028 3034 3061 
7266 3045 3038 3034 3061 
7267 3045 3034 3035 3061 
7268 3044 3036 3021 3064 
7269 3031 3009 3014 3059 
7270 3047 3044 3037 3064 
7271 3034 3010 3019 3061 
7272 3047 3037 3027 3064 
7273 3038 3054 3055 3062 
7274 3033 3019 3063 3064 
7275 3019 2997 3011 3063 
7276 2123 2125 2121 3060 
7277 2120 3027 43 3060 
7278 3048 3044 3047 3064 
7279 3041 3014 3023 3068 
7280 101 100 2975 3058 
7281 2976 2979 2977 3056 
7282 3040 3015 3030 3068 
7283 3014 2993 3002 3067 
7284 101 2975 2972 3058 
7285 2976 2982 103 3073 
7286 2976 3056 2982 3073 
7287 3032 3009 3031 3059 
7288 2116 3038 3045 3054 
7289 3048 3046 3043 3064 
7290 2124 3052 3053 3066 
7291 2123 3062 3054 3066 
7292 2120 3060 2125 3066 
7293 2119 3047 2120 3066 
7294 3051 3050 3046 3062 
7295 2995 3069 2988 3071 
7296 3038 3055 3061 3062 
7297 2123 3060 3062 3066 
7298 3045 3038 3061 3062 
7299 3051 3046 3048 3062 
7300 3051 3048 3049 3062 
7301 102 3030 2982 3065 
7302 3047 3061 3027 3060 
7303 2126 3054 3052 3066 
7304 3045 3054 3038 3062 
7305 3052 3054 3050 3062 
7306 2123 3054 2126 3066 
7307 3049 3048 3047 3062 
7308 3053 3052 3051 3066 
7309 2125 43 2121 3060 
7310 3024 3004 3067 3070 
7311 2124 2126 3052 3066 
7312 2116 2123 41 3054 
7313 2123 3055 3054 3062 
7314 2117 3050 3052 3054 
7315 2123 2126 2125 3066 
7316 2116 2126 2123 3054 
7317 2116 3050 2117 3054 
7318 3048 3062 3046 3064 
7319 2975 2973 3056 3065 
7320 2119 2124 3053 3066 
7321 2118 2124 42 3053 
7322 2118 2119 2124 3053 
7323 3053 3051 3049 3066 
7324 3052 3062 3051 3066 
7325 2119 3049 3047 3066 
7326 2119 2120 2125 3066 
7327 3046 3035 3043 3064 
7328 3052 3050 3051 3062 
7329 2119 2125 2124 3066 
7330 2120 43 2125 3060 
7331 2121 43 3026 3060 
7332 2124 2117 42 3052 
7333 2124 2125 2126 3066 
7334 104 106 2977 3057 
7335 2124 2126 2117 3052 
7336 2973 2982 3056 3065 
7337 3048 3043 3044 3064 
7338 3046 3045 3035 3062 
7339 2116 3045 3050 3054 
7340 3039 3029 3016 3070 
7341 3056 3057 3059 3073 
7342 2999 3071 2991 3072 
7343 2982 3030 3056 3065 
7344 3041 3031 3058 100 
7345 2974 3041 3040 3065 
7346 2979 2978 105 3042 
7347 2976 103 2979 3073 
7348 2973 2976 2977 3056 
7349 2979 103 2978 3073 
7350 2976 2979 3056 3073 
7351 2979 3042 104 3057 
7352 3043 3035 3033 3064 
7353 2982 3030 3029 3056 
7354 3030 3056 3068 3070 
7355 3042 3032 3057 3059 
7356 3030 3056 3065 3068 
7357 2975 2973 2972 3056 
7358 100 2974 2975 3041 
7359 2123 2125 3060 3066 
7360 2979 3057 3056 3073 
7361 2972 2977 106 3058 
7362 2999 2985 2991 3071 
7363 3033 3011 3020 3063 
7364 2982 3056 3029 3073 
7365 3014 3009 2993 3067 
7366 106 3032 3031 3058 
7367 3050 3054 3045 3062 
7368 2998 2983 2997 3072 
7369 2120 3047 3060 3066 
7370 3048 3047 3062 3064 
7371 2996 2995 2992 3071 
7372 2972 2973 2977 3056 
7373 104 3032 106 3057 
7374 2996 2992 2991 3071 
7375 3023 3014 3067 3068 
7376 102 3040 3030 3065 
7377 3002 2985 2986 3069 
7378 3001 2984 2998 3072 
7379 3030 3029 3056 3070 
7380 2119 3053 3049 3066 
7381 3003 2986 2987 3069 
7382 2990 2987 3071 3072 
7383 2121 3026 2981 3025 
7384 2122 3025 3028 3055 
7385 43 3027 3026 3060 
7386 2121 2981 2980 3025 
7387 2123 2121 2122 3055 
11966 4526 4606 4598 4622 
11967 179 4606 4526 4623 
11968 4527 4624 4623 4625 
11969 179 4623 4527 4626 
11970 4529 4623 4622 4625 
11971 4570 4562 4554 4627 
11972 4628 4629 4630 4539 
11973 4628 4630 4629 4631 
11974 4533 4629 4532 4539 
11975 4538 4539 4628 4630 
11976 4538 4630 4628 4632 
11977 4604 4622 4591 4633 
11978 4622 4631 4624 4634 
11979 4526 4606 4622 4623 
11980 4622 4623 4624 4625 
11981 4599 4591 4622 4634 
11982 4606 4599 4622 4634 
11983 4622 4624 4623 4634 
11984 4611 4624 4623 4626 
11985 4530 180 4523 4625 
11986 4622 4625 4624 4631 
11987 4527 4623 4624 4626 
11988 4528 4629 4625 4635 
11989 4525 4529 181 4635 
11990 4622 4625 4631 4635 
11991 4528 4625 4529 4635 
11992 4529 4625 4622 4635 
11993 4604 4622 4633 4636 
11994 181 4622 4604 4635 
11995 4628 4631 4629 4635 
11996 4523 4625 4629 4637 
11997 4542 4614 4611 4626 
11998 4622 4635 4631 4636 
11999 4525 4531 4635 4636 
12000 4625 4629 4631 4635 
12001 4530 4625 4523 4637 
12002 4624 4631 4625 4637 
12003 4530 4624 4625 4637 
12004 4637 4533 4539 4629 
12005 4531 4632 4628 4636 
12006 4628 4630 4631 4632 
12007 4528 180 4625 4629 
12008 4611 4623 4624 4634 
12009 4528 4524 4629 4635 
12010 4633 4634 4638 4639 
12011 4593 4638 4588 4640 
12012 4602 4596 4594 4640 
12013 4599 4591 4634 4638 
12014 4590 4586 4638 4640 
12015 4595 4586 4589 4640 
12016 4596 4595 4589 4640 
12017 4595 4633 4591 4638 
12018 4542 4624 4614 4626 
12019 4614 4624 4611 4626 
12020 179 4611 4623 4626 
12021 4521 4527 4624 4626 
12022 4521 4542 179 4626 
12023 4630 4641 4637 4642 
12024 4535 4637 4540 4641 
12025 4585 4571 4562 4643 
12026 4536 4619 4616 4641 
12027 4535 4641 4544 4642 
12028 183 4536 4616 4641 
12029 4592 4640 4587 4643 
12030 4535 183 4544 4641 
12031 183 4616 4544 4641 
12032 4621 4624 4637 4642 
12033 4639 4612 4616 4642 
12034 4619 4630 4639 4641 
12035 4522 4621 4624 4637 
12036 4617 4602 4613 4639 
12037 4537 4617 4620 4632 
12038 4545 4603 4605 4636 
12039 4537 182 4617 4632 
12040 4524 4628 4629 4635 
12041 4622 4633 4631 4634 
12042 182 4545 4605 4632 
12043 4535 4621 4637 4642 
12044 4624 4634 4631 4642 
12045 4543 4615 4624 4642 
12046 4596 4633 4595 4638 
12047 180 4523 4625 4629 
12048 4521 4624 4542 4626 
12049 4611 4608 4624 4614 
12050 4567 4551 4550 4644 
12051 4552 4549 4550 4644 
12052 4560 4556 4552 4644 
12053 4554 4627 4553 4644 
12054 4563 4627 4554 4644 
12055 4564 4627 4563 4644 
12056 4567 4575 4574 4645 
12057 4567 4557 4551 4644 
12058 4560 4627 4556 4644 
12059 4571 4561 4560 4627 
12060 4564 4563 4555 4644 
12061 4562 4553 4554 4627 
12062 4563 4548 4555 4644 
12063 4560 4547 4553 4644 
12064 4557 4553 4547 4644 
12065 4567 4548 4554 4644 
12066 4578 4558 4566 4646 
12067 4556 4549 4552 4644 
12068 4560 4552 4547 4644 
12069 4575 4574 4559 4646 
12070 4552 4550 4551 4644 
12071 4580 4568 4559 4646 
12072 4563 4554 4548 4644 
12073 4521 179 4527 4626 
12074 4569 4564 4556 4627 
12075 4561 4556 4560 4627 
12076 4573 4572 4627 4643 
12077 4565 4555 4548 4644 
12078 4573 4572 4564 4627 
12079 4581 4562 4570 4643 
12080 4567 4565 4548 4644 
12081 4573 4564 4569 4627 
12082 4555 4550 4549 4644 
12083 4575 4568 4559 4551 
12084 4574 4566 4565 4558 
12085 4560 4553 4627 4644 
12086 4567 4554 4553 4644 
12087 4584 4582 4640 4643 
12088 4604 4591 4595 4633 
12089 4567 4550 4565 4644 
12090 4572 4570 4563 4627 
12091 4646 4574 4559 4558 
12092 4580 4559 4579 4646 
12093 4558 4574 4559 4565 
12094 4574 4645 4565 4567 
12095 4577 4566 4574 4646 
12096 4570 4562 4627 4643 
12097 4535 4544 4621 4642 
12098 4574 4566 4558 4646 
12099 4575 4559 4568 4646 
12100 4575 4557 4568 4551 
12101 4576 4575 4568 4646 
12102 4550 4567 4645 4551 
12103 4565 4550 4555 4644 
12104 4582 4569 4561 4643 
12105 4559 4645 4565 4574 
12106 4587 4570 4572 4643 
12107 4618 4575 4576 4646 
12108 4572 4570 4627 4643 
12109 4579 4558 4578 4646 
12110 4564 4555 4549 4644 
12111 4571 4627 4562 4643 
12112 4580 4576 4646 4647 
12113 2874 4578 4577 4647 
12114 4618 4646 4576 4647 
12115 2875 4576 4580 4647 
12116 4565 4559 4558 4550 
12117 4589 4586 4583 4640 
12118 4618 4577 4574 4646 
12119 4543 4542 4621 4624 
12120 4583 4582 4561 4643 
12121 4589 4583 4585 4640 
12122 2876 4618 97 4576 
12123 2876 4618 4576 4647 
12124 95 4580 4579 4647 
12125 4564 4556 4627 4644 
12126 4575 4567 4557 4551 
12127 2876 96 4618 4577 
12128 4618 4577 4646 4647 
12129 2876 96 97 4618 
12130 2876 2874 96 4577 
12131 4567 4553 4557 4644 
12132 4585 4562 4581 4643 
12133 4608 4610 4624 4614 
12134 4580 4646 4579 4647 
12135 4585 4640 4583 4643 
12136 2873 2876 95 4647 
12137 4612 4634 4610 4642 
12138 4584 4569 4582 4643 
12139 4594 4585 4581 4640 
12140 4590 4584 4582 4640 
12141 4585 4583 4571 4643 
12142 4602 4588 4638 4640 
12143 4597 4592 4584 4640 
12144 4592 4572 4573 4643 
12145 4584 4573 4569 4643 
12146 4570 4554 4563 4627 
12147 4525 4635 4604 4636 
12148 4524 4531 4628 4635 
12149 4608 4601 4597 4634 
12150 4602 4638 4596 4640 
12151 4588 4581 4587 4640 
12152 4590 4582 4586 4640 
12153 4596 4638 4595 4640 
12154 4578 4646 4577 4647 
12155 4608 4597 4599 4634 
12156 4545 4546 4603 4636 
12157 4609 4601 4634 4638 
12158 4569 4556 4561 4627 
12159 4592 4573 4584 4643 
12160 4525 4604 4546 4636 
12161 4596 4589 4594 4640 
12162 2875 4541 4580 4576 
12163 4578 4566 4577 4646 
12164 4551 4645 4559 4575 
12165 4591 4590 4586 4638 
12166 4620 4619 4630 4639 
12167 4601 4600 4592 4638 
12168 4628 4632 4631 4636 
12169 4600 4587 4592 4640 
12170 2873 4578 2874 4647 
12171 4604 4595 4603 4633 
12172 4624 4631 4637 4642 
12173 4600 4593 4587 4640 
12174 4609 4600 4601 4638 
12175 4540 4534 4539 4637 
12176 4564 4549 4556 4644 
12177 4580 4576 4568 4646 
12178 4601 4592 4597 4638 
12179 4597 4638 4592 4640 
12180 4544 4543 4621 4642 
12181 4535 4540 183 4641 
12182 4587 4640 4581 4643 
12183 4539 4629 4630 4637 
12184 4599 4597 4590 4638 
12185 4602 4594 4588 4640 
12186 4601 4597 4634 4638 
12187 4630 4629 4631 4637 
12188 4597 4584 4590 4640 
12189 4569 4627 4561 4643 
12190 4613 4588 4593 4638 
12191 4592 4587 4572 4643 
12192 4603 4595 4596 4633 
12193 4595 4591 4586 4638 
12194 4605 4596 4602 4633 
12195 4616 4642 4641 4639 
12196 4545 4605 4632 4636 
12197 4607 4638 4634 4639 
12198 4609 4607 4600 4638 
12199 4529 4526 4622 4623 
12200 4610 4601 4608 4634 
12201 4522 4624 4530 4637 
12202 4546 4604 4603 4636 
12203 180 4532 4533 4629 
12204 4611 4599 4606 4634 
12205 4631 4634 4633 4639 
12206 4540 4637 4630 4641 
12207 4600 4638 4593 4640 
12208 4642 4610 4624 4634 
12209 4629 4532 4539 4628 
12210 4619 4639 4616 4641 
12211 4630 4637 4631 4642 
12212 4593 4588 4587 4640 
12213 4604 4633 4603 4636 
12214 4630 4631 4632 4639 
12215 4613 4602 4588 4638 
12216 4613 4593 4607 4638 
12217 4604 4598 4591 4622 
12218 4610 4609 4601 4634 
12219 4602 4633 4596 4638 
12220 4529 4526 181 4622 
12221 2876 97 2875 4576 
12222 4594 4589 4585 4640 
12223 4524 4531 4532 4628 
12224 4530 4528 180 4625 
12225 4538 4628 4531 4632 
12226 4531 4545 182 4632 
12227 4594 4581 4588 4640 
12228 4607 4593 4600 4638 
12229 4522 4534 4621 4637 
12230 4617 4605 4602 4633 
12231 182 4605 4617 4632 
12232 4531 4545 4632 4636 
12233 4591 4633 4622 4634 
12234 4599 4591 4598 4622 
12235 4528 4524 180 4629 
12236 4604 4635 4622 4636 
12237 4530 4624 4527 4625 
12238 4599 4634 4597 4638 
12239 4525 181 4604 4635 
12240 179 4542 4611 4626 
12241 4523 4629 4533 4637 
12242 181 4598 4604 4622 
12243 4617 4633 4602 4639 
12244 4557 4547 4551 4644 
12245 4616 4607 4612 4639 
12246 4597 4590 4638 4640 
12247 4630 4639 4641 4642 
12248 4543 4615 4614 4624 
12249 4543 4624 4621 4642 
12250 4602 4633 4638 4639 
12251 179 4611 4606 4623 
12252 4524 4628 4532 4629 
12253 4617 4632 4633 4639 
12254 4536 4540 4619 4641 
12255 4531 4628 4635 4636 
12256 4605 4603 4596 4633 
12257 4620 4630 4632 4639 
12258 4622 4631 4633 4636 
12259 4586 4582 4583 4640 
12260 4615 4610 4612 4609 
12261 4615 4610 4624 4642 
12262 4544 4642 4641 4616 
12263 4613 4638 4607 4639 
12264 4531 4546 4545 4636 
12265 4605 4603 4633 4636 
12266 4540 4536 183 4641 
12267 4599 4590 4591 4638 
12268 4535 4637 4641 4642 
12269 4641 4540 4619 4630 
12270 4538 4620 4630 4632 
12271 4538 4620 184 4619 
12272 4620 4613 4619 4639 
12273 4522 4523 4534 4637 
12274 4573 4627 4569 4643 
12275 4592 4584 4640 4643 
12276 4544 4612 4615 4642 
12277 4544 4615 4543 4642 
12278 4620 4632 4617 4639 
12279 4612 4607 4609 4634 
12280 4523 4533 4534 4637 
12281 4538 4537 4620 4632 
12282 4615 4612 4610 4642 
12283 4525 181 4546 4604 
12284 4606 4599 4598 4622 
12285 95 2875 4541 4580 
12286 4630 4540 4619 4538 
12287 4617 4632 4605 4633 
12288 4579 4559 4558 4646 
12289 4619 4613 4616 4639 
12290 4618 4574 4575 4646 
12291 2876 2874 4577 4647 
12292 4579 4646 4578 4647 
12293 4571 4560 4553 4627 
12294 2876 2875 95 4647 
12295 4571 4561 4627 4643 
12296 2876 4577 4618 4647 
12297 4606 4622 4623 4634 
12298 2873 2874 2876 4647 
12299 2876 4576 2875 4647 
12300 4571 4553 4562 4627 
12301 4616 4613 4607 4639 
12302 4585 4581 4640 4643 
12303 2873 4579 4578 4647 
12304 97 4541 2875 4576 
12305 180 4533 4523 4629 
12306 4572 4563 4564 4627 
12307 4612 4639 4634 4642 
12308 4612 4609 4610 4634 
12309 95 2875 4580 4647 
12310 4583 4561 4571 4643 
12311 4583 4640 4582 4643 
12312 4532 4531 4538 4628 
12313 4634 4608 4624 4611 
12314 4538 4537 184 4620 
12315 4591 4633 4634 4638 
12316 4525 4546 4531 4636 
12317 4620 4617 4613 4639 
12318 4540 4539 4630 4637 
12319 4538 182 4537 4632 
12320 4538 4620 4619 4630 
12321 4527 4623 4529 4625 
12322 4612 4607 4634 4639 
12323 179 4526 4527 4623 
12324 4532 4538 4539 4628 
12325 2873 95 4579 4647 
12326 4535 4534 4540 4637 
12327 4534 4533 4539 4637 
12328 4634 4610 4624 4608 
12329 4543 4614 4542 4624 
12330 4631 4634 4639 4642 
12331 4595 4638 4586 4640 
12332 4526 4598 181 4622 
12333 4625 4631 4629 4637 
12334 4611 4608 4599 4634 
12335 4527 4526 4529 4623 
12336 4630 4631 4639 4642 
12337 4527 4529 4528 4625 
12338 4628 4631 4635 4636 
12339 4609 4634 4607 4638 
12340 4611 4606 4623 4634 
12341 4614 4610 4624 4615 
12342 4613 4602 4638 4639 
12343 4524 4532 180 4629 
12344 4521 4522 4621 4624 
12345 4642 4612 4616 4544 
12346 4538 4540 4619 4536 
12347 4538 4531 182 4632 
12348 4538 184 4536 4619 
12349 4530 4527 4528 4625 
12350 4524 4525 4531 4635 
12351 4528 4529 4525 4635 
12352 4538 4540 4539 4630 
12353 4535 4621 4534 4637 
12354 4605 4633 4632 4636 
12355 4521 4527 4530 4624 
12356 4522 4530 4523 4637 
12357 4529 4622 181 4635 
12358 4631 4632 4633 4636 
12359 4521 4530 4522 4624 
12360 4521 4621 4542 4624 
12361 4587 4581 4570 4643 
12362 4600 4592 4638 4640 
12363 4631 4633 4632 4639 
12364 4528 4525 4524 4635 
12365 4551 4567 4645 4575 
12366 4565 4567 4645 4550 
12367 4552 4551 4547 4644 
12368 4645 4575 4574 4559 
12369 4565 4645 4559 4550 
12370 4550 4645 4559 4551 
12371 92 2871 4699 4742 
12372 2872 92 4740 4742 
12373 2870 4696 94 4742 
12374 4659 4695 4699 4742 
12375 94 4695 4659 4742 
12376 4655 4741 4654 4743 
12377 4736 4744 4741 4745 
12378 4654 4741 4662 4744 
12379 4739 4744 4736 4745 
12380 4746 4702 4747 4718 
12381 188 4739 4735 4748 
12382 188 4662 4739 4744 
12383 4677 4667 4669 4749 
12384 4667 4665 4749 4750 
12385 4741 4745 4743 4751 
12386 187 4734 4738 4751 
12387 4664 4737 4741 4751 
12388 187 4738 4664 4751 
12389 4652 4743 4752 4753 
12390 4652 4752 4648 4753 
12391 4658 4752 4748 4754 
12392 4658 4657 4752 4754 
12393 186 4648 4652 4752 
12394 4743 4753 4755 4756 
12395 4648 4657 4660 4757 
12396 4748 4754 4752 4756 
12397 4724 4755 4721 4758 
12398 4724 4758 4719 4759 
12399 4652 4648 185 4753 
12400 4738 4755 4724 4759 
12401 4723 4719 4758 4759 
12402 4723 4758 4720 4759 
12403 4734 4753 4726 4755 
12404 185 4753 4648 4757 
12405 185 4727 4753 4757 
12406 185 4726 4651 4753 
12407 4661 4754 4729 4757 
12408 4752 4756 4754 4757 
12409 4729 4754 4756 4757 
12410 4752 4753 4756 4757 
12411 4657 4661 4660 4757 
12412 185 4648 4660 4757 
12413 4697 4685 4675 4760 
12414 4747 4690 4706 4761 
12415 4682 4670 4666 4761 
12416 4761 4706 4747 4746 
12417 4678 4669 4666 4749 
12418 4699 4683 4693 4760 
12419 4684 4672 4749 4750 
12420 186 4656 4648 4752 
12421 4689 4678 4670 4761 
12422 4692 4670 4682 4761 
12423 4680 4749 4676 4761 
12424 4690 4682 4679 4761 
12425 4684 4672 4680 4749 
12426 4687 4676 4677 4761 
12427 4680 4672 4676 4749 
12428 4693 4683 4672 4750 
12429 4668 4666 4665 4749 
12430 4704 4703 4687 4761 
12431 4679 4671 4673 4749 
12432 4693 4683 4750 4760 
12433 4692 4682 4690 4761 
12434 4669 4665 4666 4749 
12435 4680 4679 4749 4761 
12436 4682 4666 4749 4761 
12437 4674 4665 4667 4750 
12438 4703 4686 4687 4761 
12439 4704 4687 4688 4761 
12440 4685 4750 4675 4760 
12441 4672 4667 4749 4750 
12442 4684 4680 4679 4749 
12443 4688 4677 4678 4761 
12444 4678 4666 4670 4761 
12445 4701 4691 4686 4761 
12446 4696 4675 4674 4760 
12447 4678 4677 4749 4761 
12448 4718 4702 4747 4692 
12449 4691 4690 4679 4761 
12450 4669 4667 4665 4749 
12451 4692 4681 4670 4761 
12452 4694 4750 4685 4760 
12453 4678 4677 4669 4749 
12454 4706 4690 4691 4761 
12455 4682 4671 4679 4749 
12456 4691 4680 4686 4761 
12457 4698 4694 4685 4760 
12458 4689 4670 4681 4761 
12459 4696 4695 4742 4760 
12460 2872 2870 94 4742 
12461 4696 4674 4695 4760 
12462 4704 4688 4700 4746 
12463 4711 4704 4709 4746 
12464 4694 4693 4684 4750 
12465 4704 4746 4703 4761 
12466 4687 4686 4676 4761 
12467 4709 4704 4700 4746 
12468 4713 4706 4710 4746 
12469 4686 4680 4676 4761 
12470 4761 4692 4747 4690 
12471 4703 4701 4686 4761 
12472 4697 4675 4696 4760 
12473 4689 4681 4746 4761 
12474 4698 4685 4697 4760 
12475 2872 4698 4697 4742 
12476 93 2872 4740 4698 
12477 2872 94 2871 4742 
12478 2871 94 4659 4742 
12479 4683 4674 4667 4750 
12480 4699 4695 4683 4760 
12481 4684 4679 4673 4749 
12482 4682 4666 4671 4749 
12483 4683 4667 4672 4750 
12484 2872 4740 4698 4742 
12485 2872 2869 2870 4697 
12486 4705 4689 4681 4746 
12487 4740 4693 4694 4760 
12488 92 2871 4659 4699 
12489 4740 4698 4742 4760 
12490 4740 4742 4699 4760 
12491 4707 4701 4703 4746 
12492 4740 4699 4693 4760 
12493 4737 4731 4736 4745 
12494 4703 4746 4701 4761 
12495 4710 4701 4707 4746 
12496 4719 4712 4746 4758 
12497 4668 4749 4665 4750 
12498 4689 4688 4678 4761 
12499 4702 4690 4706 4747 
12500 4688 4687 4677 4761 
12501 4677 4672 4667 4749 
12502 4719 4712 4718 4746 
12503 4673 4671 4668 4749 
12504 4746 4706 4747 4702 
12505 4678 4749 4666 4761 
12506 4712 4708 4746 4758 
12507 4718 4705 4681 4746 
12508 4706 4701 4746 4761 
12509 4708 4700 4705 4746 
12510 4673 4749 4668 4750 
12511 4718 4712 4705 4746 
12512 4694 4673 4685 4750 
12513 4710 4746 4707 4758 
12514 4706 4691 4701 4761 
12515 4684 4749 4673 4750 
12516 4694 4693 4750 4760 
12517 4717 4710 4707 4758 
12518 4685 4673 4668 4750 
12519 4713 4746 4710 4758 
12520 4711 4703 4704 4746 
12521 4715 4709 4714 4758 
12522 4724 4712 4719 4758 
12523 4721 4708 4712 4758 
12524 4693 4672 4684 4750 
12525 4700 4688 4689 4746 
12526 4709 4700 4708 4746 
12527 4734 4726 4721 4755 
12528 4691 4679 4680 4761 
12529 4738 4731 4745 4759 
12530 4711 4707 4746 4758 
12531 4724 4721 4712 4758 
12532 4733 4723 4720 4759 
12533 4739 4744 4745 4748 
12534 4727 4714 4726 4755 
12535 4689 4746 4688 4761 
12536 4721 4714 4708 4758 
12537 4743 4755 4745 4756 
12538 4654 4743 4744 4748 
12539 4725 4720 4713 4758 
12540 4715 4711 4709 4758 
12541 4723 4719 4746 4758 
12542 4734 4751 4753 4755 
12543 4739 4748 4745 4759 
12544 4745 4756 4755 4759 
12545 4722 4713 4710 4758 
12546 4717 4707 4716 4758 
12547 4726 4714 4721 4755 
12548 4743 4753 4751 4755 
12549 4716 4707 4711 4758 
12550 4694 4684 4673 4750 
12551 4725 4713 4722 4758 
12552 4712 4708 4705 4746 
12553 4724 4755 4758 4759 
12554 4739 4735 4748 4759 
12555 4729 4728 4756 4758 
12556 4695 4674 4683 4760 
12557 4727 4715 4714 4756 
12558 186 4743 4655 4752 
12559 4652 4653 4743 4753 
12560 189 4730 4729 4754 
12561 4745 4748 4756 4759 
12562 4728 4715 4727 4756 
12563 4723 4718 4720 4746 
12564 4654 4743 4741 4744 
12565 4650 4741 4743 4751 
12566 4725 4720 4758 4759 
12567 4733 4720 4725 4759 
12568 4710 4706 4701 4746 
12569 4714 4709 4708 4758 
12570 4739 4745 4731 4759 
12571 4720 4746 4713 4758 
12572 4723 4719 4718 4746 
12573 4653 4751 4743 4753 
12574 188 4735 190 4748 
12575 4648 4656 4657 4752 
12576 4755 4756 4758 4759 
12577 4739 4725 4735 4759 
12578 4731 4732 4733 4759 
12579 4716 4711 4715 4758 
12580 4727 4714 4755 4756 
12581 4725 4758 4722 4759 
12582 4732 4719 4723 4759 
12583 4730 4717 4729 4758 
12584 4735 4730 4748 4759 
12585 4738 4751 4734 4755 
12586 4729 4756 4728 4757 
12587 4734 4721 4724 4755 
12588 4653 4651 187 4753 
12589 4651 4726 4734 4753 
12590 4648 4753 4752 4757 
12591 4655 4748 4658 4752 
12592 4675 4665 4674 4750 
12593 4660 4728 4727 4757 
12594 4730 4756 4748 4759 
12595 4743 4751 4745 4755 
12596 4730 4722 4758 4759 
12597 4729 4717 4716 4758 
12598 4662 4663 4736 4741 
12599 4740 4694 4698 4760 
12600 4655 4658 4656 4752 
12601 186 4652 4743 4752 
12602 4735 4722 4730 4759 
12603 4658 4657 4656 4752 
12604 190 4735 4730 4748 
12605 4677 4676 4672 4749 
12606 4723 4746 4720 4758 
12607 4738 4732 4731 4759 
12608 4657 189 4661 4754 
12609 4709 4746 4708 4758 
12610 4657 4754 4661 4757 
12611 188 4744 4739 4748 
12612 4657 4752 4754 4757 
12613 4730 4722 4717 4758 
12614 189 190 4730 4754 
12615 4648 4752 4657 4757 
12616 4743 4745 4748 4756 
12617 4655 4743 4654 4748 
12618 4739 4733 4725 4759 
12619 4735 4725 4722 4759 
12620 4728 4756 4727 4757 
12621 4743 4748 4752 4756 
12622 4722 4710 4717 4758 
12623 4732 4724 4719 4759 
12624 4729 4716 4728 4758 
12625 4730 4729 4754 4756 
12626 4655 4743 4748 4752 
12627 4730 4754 4748 4756 
12628 4738 4724 4732 4759 
12629 4663 4737 4736 4741 
12630 190 4748 4730 4754 
12631 4658 189 4657 4754 
12632 186 4655 4656 4752 
12633 4653 187 4751 4753 
12634 187 4734 4751 4753 
12635 4743 4752 4753 4756 
12636 4714 4755 4756 4758 
12637 4738 4731 4737 4745 
12638 4650 4664 4741 4751 
12639 4650 4743 4653 4751 
12640 4730 4758 4756 4759 
12641 4721 4755 4714 4758 
12642 4738 4734 4724 4755 
12643 4737 4736 4741 4745 
12644 4743 4745 4744 4748 
12645 4728 4716 4715 4758 
12646 4664 4738 4737 4751 
12647 4738 4745 4751 4755 
12648 4738 4745 4755 4759 
12649 4728 4715 4756 4758 
12650 4662 4736 4739 4744 
12651 4662 4741 4736 4744 
12652 4713 4702 4706 4746 
12653 189 4729 4661 4754 
12654 187 4651 4734 4753 
12655 4727 4755 4753 4756 
12656 4699 4742 4695 4760 
12657 2872 2871 92 4742 
12658 93 2869 2872 4698 
12659 92 4699 4740 4742 
12660 2871 4659 4699 4742 
12661 4690 4692 4747 4702 
12662 4697 4696 4742 4760 
12663 4683 4674 4750 4760 
12664 4705 4700 4689 4746 
12665 2870 4697 4696 4742 
12666 185 4727 4726 4753 
12667 93 2872 92 4740 
12668 4698 4697 4742 4760 
12669 2872 4697 2870 4742 
12670 186 4649 4655 4743 
12671 4704 4688 4746 4761 
12672 4741 4744 4743 4745 
12673 94 4696 4695 4742 
12674 4720 4702 4713 4746 
12675 4711 4707 4703 4746 
12676 2872 4698 2869 4697 
12677 4720 4718 4702 4746 
12678 4658 4654 188 4748 
12679 4664 4737 4663 4741 
12680 4649 4741 4655 4743 
12681 4655 4654 4658 4748 
12682 185 4660 4727 4757 
12683 4654 4744 188 4748 
12684 4652 4651 4653 4753 
12685 4654 4662 188 4744 
12686 4649 4653 4650 4743 
12687 4650 4653 187 4751 
12688 4661 4729 4728 4757 
12689 4737 4745 4741 4751 
12690 4739 4731 4733 4759 
12691 4652 185 4651 4753 
12692 4649 4652 4653 4743 
12693 4711 4746 4709 4758 
12694 4730 4729 4756 4758 
12695 4658 190 189 4754 
12696 4727 4756 4753 4757 
12697 186 4652 4649 4743 
12698 4727 4726 4753 4755 
12699 4649 4650 4741 4743 
12700 4685 4668 4675 4750 
12701 4677 4676 4749 4761 
12702 4682 4749 4679 4761 
12703 4661 4728 4660 4757 
12704 4738 4745 4737 4751 
12705 4739 4736 4731 4745 
12706 4658 4748 190 4754 
12707 4650 187 4664 4751 
12708 4675 4668 4665 4750 
12709 4675 4750 4674 4760 
12710 4658 188 190 4748 
12711 4715 4714 4756 4758 
12712 4733 4732 4723 4759 
12713 4671 4666 4668 4749 
12714 4692 4747 4681 4761 
12715 4761 4747 4681 4746 
12716 4747 4718 4681 4746 
12717 4692 4718 4681 4747 
12718 193 4843 4785 4861 
12719 2976 4817 4816 4862 
12720 4814 4862 4780 105 
12721 2979 4857 105 4862 
12722 2976 103 4817 4862 
12723 4862 4780 105 2978 
12724 103 4780 4818 4862 
12725 4775 4863 4858 4864 
12726 4776 4856 4863 4865 
12727 4859 4863 4856 4866 
12728 4858 4864 4863 4866 
12729 4775 196 4858 4863 
12730 4776 4859 196 4863 
12731 4777 4865 4863 4866 
12732 4854 4867 4853 4868 
12733 4854 4867 4868 4869 
12734 4774 4868 4869 4870 
12735 4774 4869 4783 4870 
12736 4783 4851 4854 4869 
12737 4783 4869 4854 4870 
12738 4783 4782 4860 4870 
12739 4871 4778 4771 4772 
12740 4872 4871 4873 4874 
12741 4866 4871 4872 4874 
12742 4771 4770 4872 4873 
12743 4777 4770 4865 4872 
12744 4777 4866 4778 4872 
12745 4847 4875 4839 4876 
12746 4792 4787 4791 4877 
12747 4792 4790 4787 4877 
12748 4806 4805 4790 4877 
12749 4784 4785 4861 4873 
12750 4767 4768 4878 4879 
12751 4770 4784 4865 4873 
12752 4865 4872 4873 4874 
12753 4769 4861 4765 4873 
12754 4865 4874 4873 4880 
12755 4846 4876 4835 4881 
12756 4852 4839 4855 4875 
12757 4875 4876 4880 4882 
12758 4854 4853 4867 4881 
12759 4853 4867 4881 4883 
12760 4853 4848 4846 4881 
12761 4840 4836 4876 4884 
12762 4830 4801 4829 4885 
12763 4837 4836 4829 4884 
12764 4840 4838 4830 4884 
12765 4855 4869 4866 4875 
12766 191 4850 4845 4883 
12767 4859 4852 4866 4882 
12768 195 4855 4783 4864 
12769 4844 4880 4832 4882 
12770 4844 4865 4880 4882 
12771 4859 4849 4852 4882 
12772 4832 4882 4880 4886 
12773 4876 4880 4882 4886 
12774 4855 4864 4866 4869 
12775 195 4775 4858 4864 
12776 4779 4863 4775 4864 
12777 4779 4864 4774 4869 
12778 4835 4876 4833 4886 
12779 4835 4880 4876 4886 
12780 4848 4837 4846 4876 
12781 4854 4869 4868 4870 
12782 4867 4868 4878 4883 
12783 4762 4763 4868 4878 
12784 4782 4781 4860 4870 
12785 4762 4853 4781 4883 
12786 4781 4853 4850 4883 
12787 4766 4845 4879 4883 
12788 4762 4781 191 4883 
12789 191 4845 4766 4883 
12790 4765 4785 4770 4873 
12791 4770 4785 4784 4873 
12792 4777 4865 4866 4872 
12793 4856 4863 4865 4866 
12794 4776 194 4856 4865 
12795 4842 4865 4861 4880 
12796 4865 4866 4872 4874 
12797 194 4770 4784 4865 
12798 4865 4874 4880 4882 
12799 4850 4881 4845 4883 
12800 4866 4875 4874 4882 
12801 4856 4866 4865 4882 
12802 4844 4865 4842 4880 
12803 4873 4874 4879 4880 
12804 4767 4766 4879 4883 
12805 4768 4873 4871 4879 
12806 4763 4773 4868 4871 
12807 4874 4869 4867 4875 
12808 4812 4803 4802 4877 
12809 4778 4872 4866 4871 
12810 4770 4865 4872 4873 
12811 4785 4843 4842 4861 
12812 4856 4865 4844 4882 
12813 4852 4855 4866 4875 
12814 4858 4855 4864 4866 
12815 4852 4839 4875 4882 
12816 4779 4863 4864 4866 
12817 4831 4880 4828 4886 
12818 4845 4835 4834 4881 
12819 4832 4880 4831 4886 
12820 4784 4861 4842 4865 
12821 4849 4876 4839 4882 
12822 4783 4864 4855 4869 
12823 4779 4866 4864 4869 
12824 4851 4839 4847 4875 
12825 4783 4855 4851 4869 
12826 4835 4828 4880 4886 
12827 4859 4852 4858 4866 
12828 4817 4792 4791 4887 
12829 4805 4793 4790 4888 
12830 4806 4877 4792 4887 
12831 4796 4787 4790 4888 
12832 4807 4794 4793 4889 
12833 4800 4789 4888 4889 
12834 4799 4798 4796 4888 
12835 4800 4788 4798 4888 
12836 4805 4804 4795 4888 
12837 4809 4807 4795 4889 
12838 4805 4790 4877 4888 
12839 4804 4802 4788 4888 
12840 4810 4885 4801 4889 
12841 4807 4793 4795 4889 
12842 4810 4808 4885 4889 
12843 4811 4789 4800 4889 
12844 4819 4797 4794 4889 
12845 4804 4788 4789 4888 
12846 4802 4798 4788 4888 
12847 4803 4791 4877 4887 
12848 4787 4786 4877 4888 
12849 4808 4799 4797 4889 
12850 4820 4794 4807 4885 
12851 4796 4786 4787 4888 
12852 4804 4789 4795 4888 
12853 4807 4885 4794 4889 
12854 4811 4885 4809 4889 
12855 4799 4796 4797 4888 
12856 4810 4799 4808 4889 
12857 4795 4888 4789 4889 
12858 4800 4888 4799 4889 
12859 4804 4877 4802 4888 
12860 4819 4885 4808 4889 
12861 4829 4810 4822 4885 
12862 4821 4807 4809 4885 
12863 4818 4806 4792 4887 
12864 4819 4794 4885 4889 
12865 4817 4816 4862 4887 
12866 4810 4800 4799 4889 
12867 4802 4877 4786 4888 
12868 4799 4888 4797 4889 
12869 4796 4790 4793 4888 
12870 4802 4786 4798 4888 
12871 4795 4793 4888 4889 
12872 4809 4885 4807 4889 
12873 4800 4789 4788 4888 
12874 4843 4861 4834 4880 
12875 4798 4786 4796 4888 
12876 4800 4798 4799 4888 
12877 4814 4813 4806 4887 
12878 4813 4805 4806 4877 
12879 193 4834 4861 4879 
12880 193 4861 4769 4879 
12881 4822 4810 4808 4885 
12882 4849 4876 4882 4886 
12883 4769 4861 4873 4879 
12884 4861 4873 4879 4880 
12885 4830 4829 4884 4885 
12886 4811 4800 4801 4889 
12887 4826 4825 4884 4885 
12888 4830 4884 4823 4885 
12889 4829 4822 4884 4885 
12890 4827 4884 4822 4885 
12891 4875 4880 4876 4881 
12892 4797 4796 4793 4888 
12893 4813 4804 4805 4877 
12894 4824 4819 4820 4885 
12895 4821 4820 4807 4885 
12896 4822 4808 4819 4885 
12897 4810 4801 4800 4889 
12898 4823 4821 4809 4885 
12899 4830 4823 4811 4885 
12900 4830 4811 4801 4885 
12901 4797 4888 4793 4889 
12902 4826 4824 4820 4885 
12903 4837 4876 4836 4884 
12904 4812 4802 4804 4877 
12905 4857 4815 4812 4887 
12906 4813 4812 4877 4887 
12907 2979 4816 4815 4862 
12908 2979 2977 104 4815 
12909 4827 4819 4824 4885 
12910 4816 4803 4815 4887 
12911 4838 4825 4823 4884 
12912 4857 4814 4862 4887 
12913 4820 4819 4794 4885 
12914 4769 4873 4768 4879 
12915 103 4818 4817 4862 
12916 2979 4816 2977 4815 
12917 4857 4862 4815 4887 
12918 4833 4829 4822 4884 
12919 4818 4792 4817 4887 
12920 4817 4791 4816 4887 
12921 4812 4803 4877 4887 
12922 4790 4787 4877 4888 
12923 4825 4821 4823 4885 
12924 4835 4876 4880 4881 
12925 4843 4828 4831 4880 
12926 4825 4823 4884 4885 
12927 4826 4884 4824 4885 
12928 4835 4833 4827 4886 
12929 4813 4812 4804 4877 
12930 4802 4791 4786 4877 
12931 4797 4793 4794 4889 
12932 4838 4825 4884 4886 
12933 4857 4813 4814 4887 
12934 4832 4826 4825 4886 
12935 4832 4831 4826 4886 
12936 4826 4821 4825 4885 
12937 4849 4840 4876 4886 
12938 4818 4814 4806 4887 
12939 4844 4842 4832 4880 
12940 4831 4824 4826 4886 
12941 4846 4837 4833 4876 
12942 4842 4831 4832 4880 
12943 4835 4880 4834 4881 
12944 4835 4827 4828 4886 
12945 4841 4832 4825 4886 
12946 4826 4820 4821 4885 
12947 4823 4809 4811 4885 
12948 4833 4822 4827 4884 
12949 4841 4825 4838 4886 
12950 4843 4834 4828 4880 
12951 4840 4830 4836 4884 
12952 4826 4824 4884 4886 
12953 4762 4878 4868 4883 
12954 4853 4881 4850 4883 
12955 4847 4839 4836 4876 
12956 4773 4869 4868 4871 
12957 4838 4823 4830 4884 
12958 4836 4830 4829 4884 
12959 4828 4827 4824 4886 
12960 4826 4884 4825 4886 
12961 4849 4838 4840 4886 
12962 4831 4828 4824 4886 
12963 4837 4829 4833 4884 
12964 4846 4833 4835 4876 
12965 4840 4838 4884 4886 
12966 4845 4867 4879 4883 
12967 4865 4866 4874 4882 
12968 4805 4795 4793 4888 
12969 4827 4884 4824 4886 
12970 4847 4836 4837 4876 
12971 4850 4846 4835 4881 
12972 4767 4879 4878 4883 
12973 4833 4876 4884 4886 
12974 4766 4845 4834 4879 
12975 193 4834 4843 4861 
12976 4848 4875 4847 4876 
12977 4764 4770 4771 4873 
12978 4845 4881 4867 4883 
12979 4837 4833 4876 4884 
12980 4844 4832 4841 4882 
12981 4840 4836 4839 4876 
12982 4845 4834 4867 4881 
12983 4827 4824 4884 4885 
12984 4849 4841 4838 4886 
12985 191 4781 4850 4883 
12986 4867 4880 4875 4881 
12987 4834 4880 4867 4881 
12988 4854 4851 4847 4875 
12989 4852 4849 4840 4839 
12990 4852 4849 4839 4882 
12991 4777 4776 196 4863 
12992 4848 4847 4837 4876 
12993 4815 4803 4812 4887 
12994 4875 4866 4874 4869 
12995 4848 4876 4846 4881 
12996 4854 4868 4853 4870 
12997 4839 4876 4875 4882 
12998 4849 4840 4839 4876 
12999 4855 4851 4869 4875 
13000 4854 4867 4869 4875 
13001 4773 4774 4868 4869 
13002 4819 4808 4797 4889 
13003 4765 4861 4785 4873 
13004 4849 4882 4841 4886 
13005 193 4785 4765 4861 
13006 4833 4884 4827 4886 
13007 192 4764 4771 4871 
13008 4867 4878 4871 4879 
13009 4869 4866 4874 4871 
13010 4763 4871 4868 4878 
13011 4768 4764 4871 4873 
13012 4835 4828 4834 4880 
13013 4843 4842 4861 4880 
13014 4856 4841 4849 4882 
13015 4852 4875 4866 4882 
13016 4811 4801 4885 4889 
13017 4871 4873 4874 4879 
13018 4867 4879 4874 4880 
13019 4782 4853 4781 4870 
13020 4782 4854 4853 4870 
13021 4763 4773 4860 4868 
13022 4777 4863 4779 4866 
13023 4854 4875 4848 4881 
13024 4854 4847 4848 4875 
13025 4805 4877 4804 4888 
13026 4855 4839 4851 4875 
13027 4784 4861 4865 4873 
13028 4874 4875 4880 4882 
13029 4845 4867 4834 4879 
13030 4774 4864 4783 4869 
13031 4768 4871 4878 4879 
13032 4858 4852 4855 4866 
13033 4859 4866 4856 4882 
13034 4872 4871 4778 4771 
13035 4859 4856 4849 4882 
13036 4777 4771 4770 4872 
13037 4764 4771 4871 4873 
13038 192 4771 4772 4871 
13039 4762 4860 4781 4870 
13040 4859 4858 4863 4866 
13041 4773 4866 4869 4871 
13042 4867 4868 4869 4871 
13043 4867 4871 4874 4879 
13044 4778 4866 4773 4871 
13045 193 4766 4834 4879 
13046 4854 4869 4851 4875 
13047 4841 4882 4832 4886 
13048 4762 4781 4853 4870 
13049 4768 4871 4763 4878 
13050 4773 4774 4860 4868 
13051 2979 104 4857 4815 
13052 103 2978 4780 4862 
13053 4818 4862 4814 4887 
13054 4816 4815 4862 4887 
13055 2979 105 2978 4862 
13056 2979 104 105 4857 
13057 196 4859 4858 4863 
13058 4777 4770 194 4865 
13059 2979 4815 4857 4862 
13060 4816 4791 4803 4887 
13061 4827 4822 4819 4885 
13062 4857 4812 4813 4887 
13063 105 4857 4814 4862 
13064 4791 4787 4786 4877 
13065 4771 4872 4871 4873 
13066 2976 2977 2979 4816 
13067 194 4844 4856 4865 
13068 4780 4814 4818 4862 
13069 2979 2978 103 4862 
13070 2976 2979 103 4862 
13071 4813 4877 4806 4887 
13072 4818 4817 4862 4887 
13073 4762 191 4767 4883 
13074 4861 4865 4873 4880 
13075 193 4769 4766 4879 
13076 4774 195 4783 4864 
13077 4856 4844 4841 4882 
13078 4762 4868 4860 4870 
13079 4871 4869 4867 4874 
13080 4776 4856 4859 4863 
13081 4777 196 4775 4863 
13082 4784 4842 4844 4865 
13083 4779 4775 195 4864 
13084 195 4858 4855 4864 
13085 4779 195 4774 4864 
13086 4848 4875 4876 4881 
13087 4867 4868 4871 4878 
13088 4762 4763 4860 4868 
13089 4773 4779 4774 4869 
13090 4777 4775 4779 4863 
13091 4783 4854 4782 4870 
13092 4778 4779 4773 4866 
13093 4777 4778 4771 4872 
13094 4777 4779 4778 4866 
13095 4777 194 4776 4865 
13096 4784 4785 4842 4861 
13097 194 4784 4844 4865 
13098 4850 4835 4845 4881 
13099 4769 4767 4766 4879 
13100 4853 4846 4850 4881 
13101 4834 4861 4879 4880 
13102 4763 4772 4773 4871 
13103 4773 4866 4779 4869 
13104 4854 4848 4853 4881 
13105 4811 4809 4789 4889 
13106 192 4763 4768 4871 
13107 4867 4878 4879 4883 
13108 4853 4868 4867 4883 
13109 4867 4874 4875 4880 
13110 4762 4853 4868 4870 
13111 4772 4778 4773 4871 
13112 4854 4867 4875 4881 
13113 4803 4791 4802 4877 
13114 192 4768 4764 4871 
13115 4806 4790 4792 4877 
13116 4769 4764 4768 4873 
13117 4774 4860 4868 4870 
13118 4834 4879 4867 4880 
13119 4777 4776 4863 4865 
13120 4762 4767 4878 4883 
13121 4829 4801 4810 4885 
13122 4792 4877 4791 4887 
13123 2976 4816 2979 4862 
13124 4769 4768 4767 4879 
13125 193 4765 4769 4861 
13126 4769 4765 4764 4873 
13127 4809 4795 4789 4889 
13128 4767 4768 4763 4878 
13129 4843 4831 4842 4880 
13130 4765 4770 4764 4873 
13131 4767 191 4766 4883 
13132 192 4772 4763 4871 
13133 4840 4884 4876 4886 
13134 4762 4767 4763 4878 
13135 4762 4868 4853 4883 
13136 4774 4783 4860 4870 
13137 4978 4986 4970 4987 
13138 4987 4988 4989 4990 
13139 4986 4987 4989 4990 
13140 4980 4989 4986 4991 
13141 4962 4986 4989 4990 
13142 4970 4987 4986 4990 
13143 4960 4990 4957 4992 
13144 4957 4990 4988 4992 
13145 4959 4988 4955 4992 
13146 4943 4942 4993 4994 
13147 2973 4942 4941 4993 
13148 2973 4941 102 4993 
13149 2974 4903 4944 4940 
13150 100 2974 4944 4993 
13151 102 4940 2974 4993 
13152 4896 4995 4902 4996 
13153 4901 202 4976 4995 
13154 200 4984 4900 4995 
13155 202 4900 4983 4995 
13156 4933 4997 4925 4998 
13157 4971 4986 4962 4990 
13158 4957 4989 4988 4990 
13159 4989 4999 5000 5001 
13160 4980 4975 4989 4991 
13161 4987 4989 4988 4999 
13162 4986 4989 4987 4991 
13163 198 4999 4991 5002 
13164 4971 4961 4969 4990 
13165 4894 4991 4999 5000 
13166 198 4897 4999 5002 
13167 4897 4996 4999 5002 
13168 4987 4991 4999 5002 
13169 4899 4905 5001 5003 
13170 4967 4988 5001 5003 
13171 4890 4904 197 5001 
13172 4890 4999 4899 5001 
13173 4905 4967 5001 5003 
13174 197 4965 4893 5000 
13175 197 4966 4965 5000 
13176 4895 4975 4991 5000 
13177 4966 4988 4989 5001 
13178 4989 4999 4991 5000 
13179 4975 4989 4991 5000 
13180 4908 4991 4980 5004 
13181 4980 4986 4979 5004 
13182 4892 4985 5002 5004 
13183 4978 4987 4996 5004 
13184 4896 4996 5002 5004 
13185 4896 4985 4906 5004 
13186 4908 4907 4985 5004 
13187 4906 4985 4907 5004 
13188 4978 4970 4972 4987 
13189 4987 4991 5002 5004 
13190 4975 4965 4960 4989 
13191 4921 4909 4913 5005 
13192 4917 4913 4909 4997 
13193 4925 4917 4911 4997 
13194 4930 4916 4918 5005 
13195 4926 4920 4997 4998 
13196 4927 4918 4916 4997 
13197 4920 4919 4914 4997 
13198 4930 4918 4922 5005 
13199 4916 4913 4997 5005 
13200 4919 4997 4911 5005 
13201 4929 4923 4912 5006 
13202 4918 4916 4997 5005 
13203 4924 4910 4923 5006 
13204 4922 4918 4914 5005 
13205 4911 4997 4909 5005 
13206 4912 4910 4911 5005 
13207 4926 4914 4918 4997 
13208 4930 4921 5005 5006 
13209 4925 4911 4919 4997 
13210 4944 4940 4929 4994 
13211 4940 4923 4929 4994 
13212 4932 4916 4913 4997 
13213 4934 4933 4925 4998 
13214 4927 4918 4997 4998 
13215 4938 4921 4930 5006 
13216 4918 4997 4914 5005 
13217 4919 4911 4910 5005 
13218 4939 4930 4922 5006 
13219 4930 4913 4916 5005 
13220 4931 4915 4924 5006 
13221 4919 4915 4914 5005 
13222 4932 4913 4917 4997 
13223 4925 4997 4920 4998 
13224 4924 4915 4910 5006 
13225 4939 4922 4931 5006 
13226 4953 4947 4949 5007 
13227 4932 4927 4916 4997 
13228 4925 4919 4920 4997 
13229 4933 4932 4997 4998 
13230 4908 4979 4907 5004 
13231 4947 4932 4933 4998 
13232 4933 4932 4917 4997 
13233 4930 4921 4913 5005 
13234 4913 4909 4997 5005 
13235 4915 5005 4910 5006 
13236 4950 4927 4946 4998 
13237 4938 4929 4921 5006 
13238 4926 4920 4914 4997 
13239 4935 4918 4927 4998 
13240 4931 4922 4915 5006 
13241 4937 4934 4920 4998 
13242 4948 4945 4934 5007 
13243 4954 4948 4937 5007 
13244 200 4981 4984 4995 
13245 4937 4920 4926 4998 
13246 4939 4938 4930 5006 
13247 4935 4926 4918 4998 
13248 4945 4933 4934 4998 
13249 4950 4998 4946 5007 
13250 4950 4935 4998 5007 
13251 4953 4949 4992 5007 
13252 4981 4987 4995 4996 
13253 4943 4939 4931 4994 
13254 4982 4944 4938 4994 
13255 4938 4994 4929 5006 
13256 4926 4997 4918 4998 
13257 4933 4917 4925 4997 
13258 4939 4994 4938 5006 
13259 4930 5005 4922 5006 
13260 2974 4940 4944 4993 
13261 4944 4993 4940 4994 
13262 4942 4931 4924 4994 
13263 100 4944 4982 4993 
13264 102 4941 4940 4993 
13265 4942 4941 4993 4994 
13266 2975 2972 2973 4942 
13267 4941 4924 4923 4994 
13268 4942 4924 4941 4994 
13269 4919 4914 4997 5005 
13270 4939 4931 4994 5006 
13271 4953 4946 4947 5007 
13272 4947 4946 4932 4998 
13273 4896 4981 200 4995 
13274 4969 4963 4992 5007 
13275 4969 4954 4936 5007 
13276 4964 4950 4952 5007 
13277 4954 4928 4936 5007 
13278 4921 4912 4909 5005 
13279 4952 4950 4946 5007 
13280 4981 4972 4974 4987 
13281 4936 4928 4935 5007 
13282 4922 5005 4915 5006 
13283 4932 4927 4997 4998 
13284 4943 4931 4942 4994 
13285 4944 4929 4938 4994 
13286 4982 4993 4944 4994 
13287 4929 4994 4923 5006 
13288 2975 4943 4942 4993 
13289 101 2975 4982 4943 
13290 4941 4923 4940 4994 
13291 4941 4940 4993 4994 
13292 2975 102 2974 4993 
13293 2975 4942 2973 4993 
13294 4981 4978 4987 4996 
13295 4982 4938 4939 4994 
13296 4937 4926 4928 4998 
13297 4950 4936 4935 5007 
13298 100 2975 2974 4993 
13299 2975 4943 2972 4942 
13300 4961 4992 4956 5007 
13301 4949 4947 4945 5007 
13302 4937 4934 4998 5007 
13303 4951 4945 4948 5007 
13304 4964 4963 4950 5007 
13305 4951 4992 4949 5007 
13306 4956 4951 4948 5007 
13307 4964 4992 4963 5007 
13308 4977 4963 4964 4990 
13309 4956 4992 4951 5007 
13310 4960 4957 4951 4992 
13311 4973 4988 4987 4990 
13312 4953 4952 4946 5007 
13313 4964 4990 4963 4992 
13314 4964 4952 4955 4992 
13315 4977 4987 4974 4990 
13316 4960 4956 4990 4992 
13317 4957 4949 4951 4992 
13318 4973 4955 4988 4990 
13319 4972 4987 4970 4990 
13320 4976 4987 4973 5003 
13321 4969 4936 4963 5007 
13322 4935 4928 4926 4998 
13323 4980 4962 4986 4989 
13324 4961 4956 4954 5007 
13325 4969 4961 4954 5007 
13326 4966 4958 4957 4988 
13327 4959 4955 4952 4992 
13328 4974 4969 4963 4990 
13329 4977 4973 4987 4990 
13330 4958 4953 4949 4992 
13331 4961 4990 4956 4992 
13332 4964 4955 4990 4992 
13333 4963 4936 4950 5007 
13334 4962 4960 4956 4990 
13335 4959 4953 4958 4992 
13336 4896 4981 4995 4996 
13337 4958 4957 4988 4992 
13338 4953 4992 4952 5007 
13339 4955 4988 4990 4992 
13340 4902 4995 4901 4996 
13341 197 4966 5000 5001 
13342 4967 4959 4958 4988 
13343 4906 4907 4978 5004 
13344 4891 198 4991 5002 
13345 4987 5002 4996 5004 
13346 4964 4952 4992 5007 
13347 4968 4955 4959 4988 
13348 4904 4967 4966 5001 
13349 4890 197 5000 5001 
13350 4969 4992 4961 5007 
13351 4892 4908 4985 5004 
13352 4962 4956 4961 4990 
13353 4892 5002 4991 5004 
13354 4960 4951 4956 4992 
13355 4945 4998 4934 5007 
13356 4975 4960 4962 4989 
13357 4968 4988 4967 5003 
13358 4960 4989 4957 4990 
13359 4976 4973 4968 5003 
13360 4966 4957 4965 4989 
13361 4966 4988 4957 4989 
13362 4958 4949 4957 4992 
13363 4894 4991 198 4999 
13364 4969 4963 4990 4992 
13365 4968 4959 4967 4988 
13366 4967 4958 4966 4988 
13367 4890 198 4898 4999 
13368 4896 4978 4996 5004 
13369 4965 4957 4960 4989 
13370 198 4897 4898 4999 
13371 4893 4965 4975 5000 
13372 4973 4955 4968 4988 
13373 4897 4996 4898 4999 
13374 4951 4949 4945 5007 
13375 4971 4962 4961 4990 
13376 4973 4988 4968 5003 
13377 4966 4989 4965 5000 
13378 4983 4977 4973 4987 
13379 201 4968 4905 5003 
13380 4988 4999 5001 5003 
13381 4971 4969 4970 4990 
13382 4890 4894 4999 5000 
13383 4968 4967 4905 5003 
13384 4898 4901 4899 4999 
13385 4980 4962 4971 4986 
13386 202 4983 4976 4995 
13387 4905 4967 4904 5001 
13388 4974 4987 4972 4990 
13389 4983 4987 4976 4995 
13390 4977 4974 4963 4990 
13391 4966 4989 5000 5001 
13392 4977 4964 4973 4990 
13393 4901 201 4899 5003 
13394 4899 201 4905 5003 
13395 4962 4989 4960 4990 
13396 4980 4975 4962 4989 
13397 4972 4970 4969 4990 
13398 4973 4987 4988 5003 
13399 4984 4974 4977 4987 
13400 4980 4991 4986 5004 
13401 4974 4972 4969 4990 
13402 4983 4973 4976 4987 
13403 4981 4978 4972 4987 
13404 4899 4905 4904 5001 
13405 4891 4897 198 5002 
13406 4984 4977 4983 4987 
13407 4890 4899 4904 5001 
13408 4935 4928 4998 5007 
13409 4969 4990 4961 4992 
13410 4895 4991 4894 5000 
13411 4901 4999 4996 5003 
13412 4896 5002 4985 5004 
13413 4978 4986 4987 5004 
13414 4987 4996 4999 5003 
13415 4979 4971 4970 4986 
13416 4890 197 4894 5000 
13417 4899 5001 4999 5003 
13418 4895 4975 199 4991 
13419 4967 4988 4966 5001 
13420 4912 4910 5005 5006 
13421 4908 4980 4979 5004 
13422 4979 4970 4978 4986 
13423 4907 4979 4978 5004 
13424 102 4903 2974 4940 
13425 4979 4986 4978 5004 
13426 4986 4991 4987 5004 
13427 4984 4981 4987 4995 
13428 4959 4952 4953 4992 
13429 4919 4910 4915 5005 
13430 4901 4976 201 5003 
13431 4984 4981 4974 4987 
13432 4987 4999 4996 5002 
13433 4890 4898 4899 4999 
13434 4892 4991 4908 5004 
13435 4895 4893 4975 5000 
13436 4890 5000 4999 5001 
13437 4892 199 4908 4991 
13438 4892 4985 4891 5002 
13439 4987 4995 4996 5003 
13440 4900 4984 4983 4995 
13441 4896 4906 200 4981 
13442 4896 4906 4978 5004 
13443 4894 197 4893 5000 
13444 100 2974 4903 4944 
13445 4984 4987 4983 4995 
13446 4982 4943 4993 4994 
13447 4954 4937 4928 5007 
13448 4921 4912 5005 5006 
13449 4946 4927 4932 4998 
13450 4929 4912 4921 5006 
13451 2975 4982 4943 4993 
13452 4950 4935 4927 4998 
13453 4924 4923 4994 5006 
13454 4931 4924 4994 5006 
13455 4982 4939 4943 4994 
13456 100 4982 2975 4993 
13457 2975 2973 102 4993 
13458 100 101 2975 4982 
13459 101 2972 2975 4943 
13460 199 4975 4980 4991 
13461 4937 4998 4928 5007 
13462 4902 4900 202 4995 
13463 4892 4891 4895 4991 
13464 4895 4894 4893 5000 
13465 4902 200 4900 4995 
13466 4891 4985 4897 5002 
13467 4896 200 4902 4995 
13468 4975 4965 4989 5000 
13469 4971 4970 4986 4990 
13470 4976 4995 4987 5003 
13471 4892 4895 199 4991 
13472 4896 4902 4897 4996 
13473 4897 4902 4898 4996 
13474 4987 4991 4989 4999 
13475 4901 4899 4999 5003 
13476 4988 4999 4989 5001 
13477 4948 4934 4937 5007 
13478 4922 4914 4915 5005 
13479 4902 202 4901 4995 
13480 197 4904 4966 5001 
13481 201 4976 4968 5003 
13482 4896 4996 4897 5002 
13483 4891 198 4894 4991 
13484 4890 4894 198 4999 
13485 4895 4891 4894 4991 
13486 4892 4891 4991 5002 
13487 4896 4897 4985 5002 
13488 4980 4971 4979 4986 
13489 199 4980 4908 4991 
13490 4987 4999 4988 5003 
13491 4895 4893 199 4975 
13492 4898 4996 4901 4999 
13493 4901 202 201 4976 
13494 4896 4906 4981 4978 
13495 4917 4909 4911 4997 
13496 4912 4911 4909 5005 
13497 4923 4910 4912 5006 
13498 4934 4925 4920 4998 
13499 4947 4998 4945 5007 
13500 4902 4901 4898 4996 
13501 4901 4996 4995 5003 
13502 4947 4946 4998 5007 
13503 4901 4995 4976 5003 
13504 4896 4978 4981 4996 
13505 4959 4958 4988 4992 
13506 4956 4948 4954 5007 
13507 4947 4933 4945 4998 
13508 4973 4964 4955 4990 
21640 7680 7728 7679 7729 
21641 7704 7728 7703 7730 
21642 7716 7703 7728 7730 
21643 390 7703 384 7704 
21644 7716 7730 7709 7731 
21645 7716 7703 7730 7731 
21646 383 7703 7716 7731 
21647 384 383 7640 7731 
21648 7704 7730 7703 7731 
21649 7639 7732 7731 7733 
21650 7715 7730 7710 7732 
21651 7642 7710 388 7732 
21652 388 7710 7704 7732 
21653 7710 7730 7704 7732 
21654 7639 7731 385 7733 
21655 7652 7646 7650 7734 
21656 7719 7711 7735 7736 
21657 7640 7716 7709 7731 
21658 4538 184 7736 7737 
21659 7701 7730 7733 7738 
21660 386 7701 7732 7733 
21661 4538 7737 7736 7739 
21662 7706 7684 7696 7740 
21663 4538 4540 4536 7737 
21664 7675 7674 7665 7741 
21665 7652 7650 7649 7734 
21666 7668 7650 7657 7734 
21667 7654 7652 7653 7648 
21668 7655 7647 7648 7734 
21669 7662 7653 7654 7652 
21670 7668 7734 7657 7741 
21671 7669 7652 7662 7651 
21672 7653 7652 7649 7648 
21673 7672 7653 7654 7742 
21674 7669 7661 7651 7742 
21675 7657 7650 7646 7734 
21676 7652 7647 7646 7734 
21677 7662 7652 7654 7651 
21678 7661 7654 7651 7742 
21679 7686 7679 7728 7729 
21680 7685 7740 7672 7742 
21681 7666 7657 7658 7741 
21682 7652 7648 7647 7734 
21683 7672 7654 7663 7742 
21684 7730 7731 7733 7738 
21685 7671 7670 7662 7742 
21686 7662 7654 7653 7742 
21687 7668 7657 7660 7741 
21688 7656 7649 7650 7734 
21689 7658 7657 7734 7741 
21690 386 7645 7701 7733 
21691 7652 7649 7648 7734 
21692 7673 7668 7660 7729 
21693 7667 7734 7659 7741 
21694 7666 7660 7657 7741 
21695 7710 7688 7704 7728 
21696 7678 7677 7664 7741 
21697 7704 7689 7703 7728 
21698 385 7645 7733 7738 
21699 7686 7674 7675 7741 
21700 7681 7680 7659 7741 
21701 7665 7655 7648 7734 
21702 7681 7668 7673 7729 
21703 7677 7666 7664 7741 
21704 7670 7669 7662 7742 
21705 7693 7663 7661 7742 
21706 7667 7665 7734 7741 
21707 7684 7670 7671 7740 
21708 7693 7661 7669 7742 
21709 7674 7655 7665 7734 
21710 7671 7662 7653 7742 
21711 7669 7651 7662 7742 
21712 7666 7658 7664 7741 
21713 7664 7658 7734 7741 
21714 7674 7664 7734 7741 
21715 7665 7648 7649 7734 
21716 7716 7728 7709 7730 
21717 7678 7664 7674 7741 
21718 7681 7659 7668 7741 
21719 7680 7679 7667 7741 
21720 7704 7731 7732 7730 
21721 7676 7660 7666 7729 
21722 7679 7675 7667 7741 
21723 7686 7728 7678 7729 
21724 7682 7673 7676 7729 
21725 7691 7673 7682 7729 
21726 7701 7682 7687 7728 
21727 7674 7664 7655 7734 
21728 7677 7676 7666 7729 
21729 7654 7651 7648 7647 
21730 7693 7740 7685 7742 
21731 7662 7651 7654 7742 
21732 7652 7648 7651 7647 
21733 7642 388 387 7732 
21734 7668 7659 7734 7741 
21735 7686 7679 7729 7741 
21736 7675 7665 7667 7741 
21737 7677 7729 7666 7741 
21738 7699 7678 7688 7728 
21739 7672 7671 7653 7742 
21740 7678 7729 7677 7741 
21741 7700 7681 7691 7728 
21742 7696 7684 7671 7740 
21743 7707 7693 7683 7740 
21744 7715 7728 7710 7730 
21745 7683 7670 7740 7742 
21746 7672 7740 7671 7742 
21747 7658 7646 7647 7734 
21748 7687 7676 7677 7729 
21749 7695 7694 7684 7740 
21750 7714 7695 7735 7740 
21751 7640 383 7716 7731 
21752 7694 7670 7684 7740 
21753 7732 7639 390 387 
21754 7671 7740 7670 7742 
21755 7676 7673 7660 7729 
21756 7681 7728 7680 7729 
21757 7702 7730 7701 7738 
21758 7681 7729 7680 7741 
21759 7689 7688 7686 7728 
21760 7668 7660 7729 7741 
21761 7654 7651 7652 7648 
21762 7689 7686 7679 7728 
21763 7715 7701 7728 7730 
21764 7693 7692 7685 7740 
21765 7685 7672 7663 7742 
21766 7708 7705 7735 7740 
21767 7680 7729 7679 7741 
21768 7693 7685 7663 7742 
21769 7683 7669 7670 7742 
21770 7698 7697 7692 7735 
21771 7707 7698 7693 7740 
21772 7693 7669 7683 7742 
21773 7686 7675 7679 7741 
21774 7710 7728 7704 7730 
21775 7691 7681 7673 7729 
21776 7711 7705 7692 7735 
21777 7709 7691 7702 7728 
21778 7715 7701 7730 7732 
21779 7667 7656 7659 7734 
21780 7709 7728 7702 7730 
21781 385 7733 7731 7738 
21782 7699 7677 7678 7728 
21783 7666 7729 7660 7741 
21784 7680 7667 7659 7741 
21785 7716 7703 7690 7728 
21786 7691 7728 7681 7729 
21787 7701 7730 7732 7733 
21788 7678 7728 7677 7729 
21789 7687 7677 7728 7729 
21790 7690 7679 7680 7728 
21791 7712 7695 7706 7735 
21792 7715 7699 7710 7728 
21793 7703 7689 7690 7728 
21794 7732 7731 7733 7730 
21795 7707 7683 7694 7740 
21796 7700 7690 7680 7728 
21797 390 383 384 7703 
21798 7715 7687 7699 7728 
21799 387 7704 388 390 
21800 7720 7714 7695 7739 
21801 7706 7735 7695 7740 
21802 7722 7735 7714 7739 
21803 7706 7695 7684 7740 
21804 7707 7735 7698 7740 
21805 7694 7683 7670 7740 
21806 7711 7692 7697 7735 
21807 7710 7699 7688 7728 
21808 7721 7713 7698 7735 
21809 7715 7701 7687 7728 
21810 7719 7711 7697 7735 
21811 7719 7697 7713 7735 
21812 7718 7712 7735 7739 
21813 4538 7739 7736 7743 
21814 7705 7685 7692 7740 
21815 183 7712 7737 7739 
21816 7718 7736 7737 7739 
21817 7714 7707 7694 7740 
21818 7708 7696 7705 7740 
21819 7717 7708 7705 7735 
21820 4538 4540 7739 7743 
21821 7721 7698 7707 7735 
21822 7722 7721 7714 7735 
21823 7667 7665 7656 7734 
21824 7686 7729 7678 7741 
21825 7722 7735 7739 7743 
21826 7665 7649 7656 7734 
21827 7664 7658 7655 7734 
21828 7640 7709 385 7731 
21829 390 7732 384 7639 
21830 7718 7712 7706 7735 
21831 7702 7682 7701 7728 
21832 7691 7682 7728 7729 
21833 386 7642 7641 7732 
21834 7674 7734 7665 7741 
21835 7709 7730 7702 7738 
21836 7639 7645 7641 7733 
21837 7723 7713 7735 7743 
21838 7703 384 7704 7731 
21839 7725 7719 7713 7743 
21840 7645 7701 7733 7738 
21841 385 7702 7645 7738 
21842 7709 7731 7730 7738 
21843 7716 7690 7700 7728 
21844 387 7732 7704 390 
21845 7687 7728 7682 7729 
21846 7709 7700 7691 7728 
21847 7708 7706 7696 7740 
21848 385 7709 7702 7738 
21849 7716 7700 7709 7728 
21850 7721 7707 7714 7735 
21851 7708 7735 7706 7740 
21852 7662 7653 7652 7649 
21853 7698 7692 7693 7740 
21854 7688 7678 7686 7728 
21855 7702 7728 7701 7730 
21856 7704 390 7732 384 
21857 7705 7692 7735 7740 
21858 4540 7724 7720 7739 
21859 4540 7720 183 7739 
21860 7717 7705 7711 7735 
21861 7639 7640 385 7731 
21862 7719 7735 7713 7743 
21863 7698 7735 7692 7740 
21864 7735 7736 7739 7743 
21865 7723 7713 7721 7735 
21866 7686 7678 7674 7741 
21867 389 7717 7644 7736 
21868 7718 7706 7708 7735 
21869 182 7644 7711 7736 
21870 7643 7712 7718 7737 
21871 7643 7718 389 7737 
21872 184 7643 389 7737 
21873 7690 7689 7679 7728 
21874 7642 7715 7710 7732 
21875 7639 7641 387 7732 
21876 4540 183 7737 7739 
21877 389 7718 7736 7737 
21878 7718 7737 7712 7739 
21879 7717 7735 7711 7736 
21880 4536 7643 184 7737 
21881 7714 7735 7707 7740 
21882 7699 7687 7677 7728 
21883 7718 7735 7736 7739 
21884 7700 7680 7681 7728 
21885 7693 7683 7740 7742 
21886 386 7715 7642 7732 
21887 7639 7641 7732 7733 
21888 386 7641 7645 7733 
21889 7704 7688 7689 7728 
21890 7639 385 7645 7733 
21891 7723 7721 7722 7735 
21892 184 389 7644 7736 
21893 182 7711 7719 7736 
21894 4531 7719 7725 7743 
21895 4538 184 4537 7736 
21896 385 7731 7709 7738 
21897 7718 7735 7717 7736 
21898 7696 7671 7672 7740 
21899 7681 7668 7729 7741 
21900 7714 7735 7695 7739 
21901 7725 7713 7723 7743 
21902 7644 7717 7711 7736 
21903 7727 7725 7723 7743 
21904 7714 7694 7695 7740 
21905 4540 7724 7739 7743 
21906 4539 7726 7724 7743 
21907 4540 183 4536 7737 
21908 4534 4539 7726 7724 
21909 7726 7722 7724 7743 
21910 7724 7722 7720 7739 
21911 183 7643 4536 7737 
21912 7727 7723 7726 7743 
21913 4535 4540 7724 7720 
21914 4538 182 4531 7719 
21915 4534 4539 4533 7726 
21916 4532 4533 4539 7727 
21917 386 7701 7715 7732 
21918 4535 183 4540 7720 
21919 4540 4539 7724 7743 
21920 4540 4539 4534 7724 
21921 4539 7727 7726 7743 
21922 4532 7727 4539 7743 
21923 7696 7672 7685 7740 
21924 4538 4536 184 7737 
21925 386 7732 7641 7733 
21926 4538 182 7719 7736 
21927 4537 7644 182 7736 
21928 184 389 7736 7737 
21929 7663 7654 7661 7742 
21930 7719 7736 7735 7743 
21931 7720 7695 7712 7739 
21932 4538 4539 4540 7743 
21933 7718 7708 7717 7735 
21934 7712 7695 7735 7739 
21935 7713 7697 7698 7735 
21936 4532 7725 7727 7743 
21937 4538 7736 7719 7743 
21938 4538 4537 182 7736 
21939 183 7720 7712 7739 
21940 7722 7714 7720 7739 
21941 7645 7702 7701 7738 
21942 4538 7719 4531 7743 
21943 4532 4538 4531 7743 
21944 389 7718 7717 7736 
21945 4538 4540 7737 7739 
21946 7723 7735 7722 7743 
21947 183 7712 7643 7737 
21948 4532 4539 4538 7743 
21949 4535 4540 4534 7724 
21950 4532 4531 7725 7743 
21951 7641 7642 387 7732 
21952 7724 7722 7739 7743 
21953 7704 384 7732 7731 
21954 7659 7656 7650 7734 
21955 7705 7696 7685 7740 
21956 7658 7647 7655 7734 
21957 7668 7659 7650 7734 
21958 4539 7727 4533 7726 
21959 7726 7723 7722 7743 
21960 384 7732 7731 7639 
21961 7687 7682 7676 7729 
21962 7702 7691 7682 7728 
21963 4537 184 7644 7736 
21964 7658 7657 7646 7734 
21965 384 7640 7639 7731 
21966 383 384 7703 7731 
21967 7652 7647 7651 7646 
21968 7732 387 7704 388 
21969 7795 7832 7833 7834 
21970 397 7811 395 396 
21971 7808 7795 7833 7834 
21972 7809 7808 7833 7834 
21973 7818 7833 7793 7834 
21974 7793 7833 7832 7834 
21975 7793 7790 7832 7833 
21976 7817 7809 7833 7834 
21977 7818 7817 7833 7834 
21978 4528 7835 7830 7836 
21979 7822 7835 7837 7838 
21980 7826 7835 7825 7838 
21981 7831 7827 7829 7835 
21982 7801 7772 7780 7839 
21983 7820 7838 7812 7840 
21984 7826 7823 7838 7840 
21985 4527 7837 7835 7838 
21986 181 7824 7813 7836 
21987 4525 7824 181 7836 
21988 4527 7835 4528 7836 
21989 7841 396 7747 395 
21990 396 7811 7841 7819 
21991 7761 7753 7752 7842 
21992 7762 7761 7751 7842 
21993 7760 7754 7842 7843 
21994 7760 7754 7756 7842 
21995 4522 7831 4530 7844 
21996 4530 7831 4528 7835 
21997 4527 7835 7837 7844 
21998 4521 4527 7837 7844 
21999 4521 7825 4522 7844 
22000 7756 7753 7842 7845 
22001 7770 7761 7762 7843 
22002 7767 7754 7842 7845 
22003 7773 7758 7759 7845 
22004 7762 7761 7842 7843 
22005 7776 7762 7763 7843 
22006 7760 7755 7754 7843 
22007 7843 7758 7842 7762 
22008 7764 7752 7753 7845 
22009 7767 7842 7758 7845 
22010 7765 7764 7753 7845 
22011 7792 7839 7779 7846 
22012 7767 7842 7754 7843 
22013 7780 7767 7773 7845 
22014 7762 7763 7843 7758 
22015 7767 7755 7763 7843 
22016 7768 7755 7760 7843 
22017 7756 7842 7754 7845 
22018 7764 7759 7752 7845 
22019 7765 7839 7764 7845 
22020 7780 7839 7766 7845 
22021 7780 7766 7757 7845 
22022 7777 7755 7768 7843 
22023 7759 7758 7751 7845 
22024 7778 7771 7764 7839 
22025 7777 7763 7755 7843 
22026 7745 391 7818 7847 
22027 7788 7766 7772 7839 
22028 7780 7772 7766 7839 
22029 7775 7761 7770 7843 
22030 7773 7771 7839 7845 
22031 7780 7757 7767 7845 
22032 7758 7763 7843 7767 
22033 7766 7839 7765 7845 
22034 7792 7780 7773 7839 
22035 7765 7753 7756 7845 
22036 7777 7776 7763 7843 
22037 7777 7843 7768 7848 
22038 7769 7768 7760 7843 
22039 7767 7757 7754 7845 
22040 7777 7768 7774 7848 
22041 7775 7769 7843 7848 
22042 7761 7760 7756 7842 
22043 7781 7770 7776 7848 
22044 7783 7774 7768 7848 
22045 7779 7771 7778 7839 
22046 7783 7768 7769 7848 
22047 7788 7765 7766 7839 
22048 7801 7780 7792 7839 
22049 7782 7781 7832 7848 
22050 7784 7832 7783 7848 
22051 7792 7773 7771 7839 
22052 7782 7775 7770 7848 
22053 7793 7774 7783 7832 
22054 7820 7807 7838 7840 
22055 7773 7767 7758 7845 
22056 7796 7785 7776 7848 
22057 7785 7781 7776 7848 
22058 7784 7783 7769 7848 
22059 7759 7751 7752 7845 
22060 7796 7777 7786 7848 
22061 7805 7785 7796 7832 
22062 7784 7775 7782 7848 
22063 7799 7787 7778 7846 
22064 7775 7760 7761 7843 
22065 7821 7840 7807 7846 
22066 7799 7778 7788 7846 
22067 7805 7795 7785 7832 
22068 7773 7759 7771 7845 
22069 7789 7782 7781 7832 
22070 7775 7843 7770 7848 
22071 7821 7838 7807 7840 
22072 7817 7804 7794 7834 
22073 7782 7770 7781 7848 
22074 7794 7784 7782 7832 
22075 7785 7832 7781 7848 
22076 7783 7832 7774 7848 
22077 4527 7835 7836 7838 
22078 7744 395 397 7841 
22079 7796 7786 7832 7848 
22080 7805 7796 7797 7832 
22081 7818 7793 7804 7834 
22082 7796 7832 7785 7848 
22083 7797 7786 7790 7832 
22084 7784 7782 7832 7848 
22085 7776 7770 7843 7848 
22086 7819 7805 7797 7833 
22087 7820 7837 7812 7838 
22088 7810 7790 7793 7833 
22089 7761 7760 7842 7843 
22090 7776 7770 7762 7843 
22091 7798 7779 7787 7846 
22092 7801 7839 7792 7846 
22093 7814 7803 7840 7846 
22094 7779 7839 7778 7846 
22095 7767 7754 7755 7843 
22096 7771 7764 7839 7845 
22097 7801 7788 7772 7839 
22098 7795 7789 7781 7832 
22099 7824 7813 7836 7838 
22100 7821 7814 7840 7846 
22101 7820 7806 7807 7840 
22102 7800 7788 7791 7846 
22103 7821 7800 7791 7846 
22104 394 7808 7816 7849 
22105 7807 7806 7799 7846 
22106 7797 7796 7786 7832 
22107 7804 7783 7784 7832 
22108 7809 7794 7789 7834 
22109 7800 7799 7788 7846 
22110 7801 7791 7788 7846 
22111 7814 7791 7801 7846 
22112 7825 7822 7821 7838 
22113 7804 7784 7794 7832 
22114 7816 7795 7805 7833 
22115 7793 7790 7774 7832 
22116 7802 7779 7798 7846 
22117 7803 7801 7792 7846 
22118 7752 7751 7842 7845 
22119 7807 7840 7806 7846 
22120 7788 7778 7839 7846 
22121 4527 7836 4529 7838 
22122 7803 7792 7802 7846 
22123 7801 7788 7839 7846 
22124 7788 7778 7765 7839 
22125 7802 7798 7840 7846 
22126 7813 7812 7838 7840 
22127 7786 7777 7774 7848 
22128 7813 7802 7798 7840 
22129 7775 7769 7760 7843 
22130 7795 7781 7785 7832 
22131 7808 7789 7795 7834 
22132 7790 7786 7774 7832 
22133 7804 7793 7783 7832 
22134 7818 7810 7793 7833 
22135 7796 7776 7777 7848 
22136 7787 7779 7778 7846 
22137 7802 7792 7779 7846 
22138 7745 7817 393 7847 
22139 393 7817 7809 7847 
22140 7786 7774 7832 7848 
22141 7833 7847 7841 7849 
22142 7794 7782 7789 7832 
22143 391 7810 7818 7847 
22144 7819 7816 7805 7833 
22145 7811 7790 7810 7833 
22146 392 391 7745 7847 
22147 7744 7841 7847 7849 
22148 7795 7789 7832 7834 
22149 7806 7787 7799 7846 
22150 7806 7798 7787 7846 
22151 7747 7816 7819 7841 
22152 7805 7795 7832 7833 
22153 7823 7814 7803 7840 
22154 7812 7798 7806 7840 
22155 7824 7815 7802 7840 
22156 7814 7801 7803 7846 
22157 394 7750 7808 7849 
22158 7819 7833 7811 7841 
22159 7794 7832 7789 7834 
22160 7750 7809 7808 7849 
22161 7824 7813 7838 7840 
22162 7822 7837 7835 7844 
22163 7824 7838 7815 7840 
22164 7824 7802 7813 7840 
22165 7820 7812 7806 7840 
22166 7813 7798 7812 7840 
22167 4526 7813 7749 7812 
22168 7828 7824 7836 7838 
22169 7815 7803 7802 7840 
22170 7744 7847 393 7849 
22171 7805 7832 7797 7833 
22172 7817 7794 7809 7834 
22173 7804 7832 7794 7834 
22174 7797 7832 7790 7833 
22175 7811 7797 7790 7833 
22176 7818 7804 7817 7834 
22177 7745 7818 7817 7847 
22178 393 7847 7809 7849 
22179 4522 4523 4530 7831 
22180 4522 7825 7827 7844 
22181 7819 7797 7811 7833 
22182 4526 7812 7748 7837 
22183 7784 7769 7775 7848 
22184 7811 7841 7833 7847 
22185 7771 7759 7764 7845 
22186 7822 7807 7821 7838 
22187 7822 7820 7807 7838 
22188 7827 7825 7826 7835 
22189 7826 7814 7823 7840 
22190 4529 4526 7837 7838 
22191 7777 7776 7843 7848 
22192 7744 393 7750 7849 
22193 7817 7833 7809 7847 
22194 394 7841 7746 7849 
22195 7847 7810 392 391 
22196 4529 181 7813 7836 
22197 7821 7807 7800 7846 
22198 4527 4529 7837 7838 
22199 4526 7812 7837 7838 
22200 4526 7749 7748 7812 
22201 7828 7823 7815 7838 
22202 7792 7771 7779 7839 
22203 179 4526 7748 7837 
22204 7820 7748 7812 7837 
22205 7744 7746 7841 7849 
22206 7744 7746 395 7841 
22207 7761 7752 7751 7842 
22208 7810 392 391 397 
22209 7780 7773 7839 7845 
22210 7811 7833 7810 7847 
22211 7746 7747 395 7841 
22212 7847 397 7841 7744 
22213 7744 7745 393 7847 
22214 7818 7833 7817 7847 
22215 395 7811 7841 396 
22216 7762 7751 7758 7842 
22217 4528 7831 7830 7835 
22218 7811 7847 397 7841 
22219 7811 7847 7810 397 
22220 7830 7835 7828 7836 
22221 7826 7821 7814 7840 
22222 179 7820 7822 7837 
22223 7826 7838 7821 7840 
22224 7825 7822 7835 7844 
22225 7758 7842 7751 7845 
22226 7823 7803 7815 7840 
22227 4526 181 7749 7813 
22228 179 7748 7820 7837 
22229 7807 7799 7800 7846 
22230 7829 7827 7826 7835 
22231 7830 7829 7828 7835 
22232 4521 179 7822 7837 
22233 4521 7837 7822 7844 
22234 7821 7791 7814 7846 
22235 4529 7836 7813 7838 
22236 4528 7830 4524 7836 
22237 4522 7827 7831 7844 
22238 4529 7813 4526 7838 
22239 7825 7835 7822 7838 
22240 7831 7829 7830 7835 
22241 7829 7826 7823 7838 
22242 7778 7764 7765 7839 
22243 394 7746 7750 7849 
22244 7829 7835 7826 7838 
22245 4528 7831 180 7830 
22246 7809 7789 7808 7834 
22247 4524 7830 7828 7836 
22248 4524 7828 4525 7836 
22249 4530 7835 4527 7844 
22250 7819 396 7747 7841 
22251 7826 7825 7821 7838 
22252 7828 7815 7824 7838 
22253 4530 7831 7835 7844 
22254 7744 7750 7746 7849 
22255 7827 7825 7835 7844 
22256 4526 7813 7812 7838 
22257 4525 7828 7824 7836 
22258 7829 7823 7828 7838 
22259 4527 4529 4526 7837 
22260 4525 181 4529 7836 
22261 4527 4528 4529 7836 
22262 4521 4527 179 7837 
22263 7809 7833 7808 7849 
22264 4528 180 4524 7830 
22265 4529 181 4526 7813 
22266 7828 7836 7835 7838 
22267 7822 7837 7820 7838 
22268 4528 4525 4529 7836 
22269 7831 7827 7835 7844 
22270 7823 7815 7838 7840 
22271 4530 4528 4527 7835 
22272 7816 7808 7833 7849 
22273 4530 4523 180 7831 
22274 4528 4524 4525 7836 
22275 4521 4530 4527 7844 
22276 4521 4522 4530 7844 
22277 4530 180 4528 7831 
22278 7803 7802 7840 7846 
22279 394 7816 7747 7841 
22280 7818 7810 7833 7847 
22281 397 7847 7810 392 
22282 394 7816 7841 7849 
22283 7816 7833 7841 7849 
22284 7804 7793 7832 7834 
22285 7816 7808 7795 7833 
22286 179 4527 4526 7837 
22287 7809 7847 7833 7849 
22288 392 7744 397 7847 
22289 7841 397 7811 395 
22290 393 7809 7750 7849 
22291 7819 7816 7833 7841 
22292 392 7745 7744 7847 
22293 7757 7756 7754 7845 
22294 394 7747 7746 7841 
22295 7806 7840 7798 7846 
22296 7829 7828 7835 7838 
22297 7769 7768 7843 7848 
22298 7767 7758 7842 7843 
22299 7753 7752 7842 7845 
22300 4521 7822 7825 7844 
22301 7766 7756 7757 7845 
22302 7766 7765 7756 7845 
22303 7761 7756 7753 7842 
22304 7888 7877 7940 7941 
22305 7876 7871 7868 7942 
22306 7881 7862 7863 7940 
22307 7884 7940 7876 7941 
22308 7889 7879 7940 7941 
22309 7943 7944 7945 7853 
22310 7850 7856 7944 7946 
22311 401 7856 7912 7943 
22312 7932 7853 7945 403 
22313 7943 7853 7945 7932 
22314 7913 7944 7946 7947 
22315 7889 7940 7883 7941 
22316 7890 7940 7884 7941 
22317 401 7929 7853 7943 
22318 7922 7902 7906 7948 
22319 7851 399 398 7931 
22320 7856 7913 7944 7946 
22321 7879 7870 7861 7940 
22322 7851 7930 400 7946 
22323 400 7930 7913 7946 
22324 7892 7882 7872 7949 
22325 7894 7886 7875 7949 
22326 7902 7882 7892 7949 
22327 7876 7869 7940 7942 
22328 7867 7865 7858 7950 
22329 7890 7881 7864 7940 
22330 7879 7861 7862 7940 
22331 7869 7860 7858 7942 
22332 7875 7860 7866 7950 
22333 7873 7863 7862 7942 
22334 7881 7863 7864 7940 
22335 7866 7942 7857 7950 
22336 7863 7940 7862 7942 
22337 7873 7872 7857 7950 
22338 7871 7940 7864 7942 
22339 7873 7942 7865 7950 
22340 7866 7859 7857 7942 
22341 7886 7875 7949 7950 
22342 7882 7872 7949 7950 
22343 7881 7879 7862 7940 
22344 401 7852 7856 7944 
22345 7886 7949 7874 7950 
22346 7863 7857 7859 7942 
22347 7850 7852 402 7944 
22348 7870 7861 7940 7942 
22349 7890 7864 7871 7940 
22350 7865 7861 7858 7942 
22351 7872 7866 7857 7950 
22352 7885 7874 7949 7950 
22353 7944 7946 7947 7951 
22354 7886 7874 7867 7950 
22355 7888 7878 7877 7941 
22356 7888 7870 7879 7940 
22357 7864 7940 7863 7942 
22358 7860 7858 7942 7950 
22359 7877 7876 7869 7940 
22360 7888 7940 7879 7941 
22361 7931 7915 7918 7952 
22362 7917 7947 7901 7952 
22363 7875 7858 7860 7950 
22364 7899 7880 7889 7953 
22365 7877 7869 7870 7940 
22366 7944 7945 7853 402 
22367 7877 7876 7940 7941 
22368 7890 7883 7940 7941 
22369 7907 7893 7886 7949 
22370 7856 7913 7912 7943 
22371 7885 7873 7874 7950 
22372 7887 7877 7878 7941 
22373 7911 7901 7947 7952 
22374 7891 7884 7887 7941 
22375 7898 7897 7888 7941 
22376 7870 7940 7869 7942 
22377 7905 7885 7874 7949 
22378 7874 7865 7867 7950 
22379 7882 7949 7875 7950 
22380 7876 7940 7871 7942 
22381 7903 7883 7890 7941 
22382 7850 399 7946 7951 
22383 7894 7875 7882 7949 
22384 7895 7887 7878 7953 
22385 7913 7912 7943 7947 
22386 7931 7918 7930 7952 
22387 7900 7899 7889 7953 
22388 7931 7947 7917 7952 
22389 7884 7871 7876 7940 
22390 7865 7862 7861 7942 
22391 7907 7886 7894 7949 
22392 7919 7905 7893 7948 
22393 7890 7871 7884 7940 
22394 7887 7876 7877 7941 
22395 7920 7905 7948 7949 
22396 7908 7895 7897 7953 
22397 7870 7869 7858 7942 
22398 7898 7888 7880 7941 
22399 7889 7880 7879 7941 
22400 7887 7941 7878 7953 
22401 7910 7952 7908 7953 
22402 7889 7881 7883 7940 
22403 7889 7879 7881 7940 
22404 7888 7879 7880 7941 
22405 7929 7943 7912 7947 
22406 7903 7900 7883 7953 
22407 7897 7895 7878 7953 
22408 7895 7891 7887 7953 
22409 7887 7884 7876 7941 
22410 7888 7877 7870 7940 
22411 7904 7884 7891 7941 
22412 7904 7903 7890 7941 
22413 7890 7883 7881 7940 
22414 7930 7913 7947 7952 
22415 7897 7878 7941 7953 
22416 7914 7944 7947 7951 
22417 7903 7915 7952 7918 
22418 7900 7889 7883 7953 
22419 7918 7903 7904 7953 
22420 7911 7947 7910 7952 
22421 7885 7949 7872 7950 
22422 7951 402 7945 7944 
22423 7912 7896 7908 7947 
22424 7913 7896 7947 7952 
22425 7909 7891 7896 7953 
22426 7908 7896 7895 7953 
22427 7932 7943 7929 7947 
22428 7897 7878 7888 7941 
22429 7852 7853 402 7944 
22430 399 398 7917 405 
22431 7907 7894 7902 7949 
22432 7873 7857 7942 7950 
22433 7920 7906 7892 7948 
22434 7900 7915 7952 7903 
22435 7886 7867 7875 7950 
22436 7905 7886 7893 7949 
22437 7907 7948 7893 7949 
22438 7892 7872 7885 7949 
22439 7909 7904 7891 7953 
22440 7876 7868 7869 7942 
22441 7929 7908 7910 7947 
22442 7904 7941 7891 7953 
22443 7930 7913 7946 7947 
22444 7906 7902 7892 7948 
22445 7889 7941 7883 7953 
22446 7911 7898 7899 7953 
22447 7931 7930 7946 7947 
22448 7903 7883 7941 7953 
22449 7932 7911 7914 7947 
22450 7923 7902 7907 7894 
22451 7902 7892 7948 7949 
22452 7913 7909 7896 7952 
22453 7919 7893 7907 7948 
22454 7910 7908 7897 7953 
22455 7904 7903 7941 7953 
22456 7882 7875 7866 7950 
22457 7931 7930 7947 7952 
22458 7907 7902 7948 7949 
22459 7917 7901 7915 7952 
22460 7930 7918 7909 7952 
22461 7954 7906 7926 7925 
22462 7902 7894 7882 7949 
22463 7923 7907 7902 7948 
22464 7915 7901 7900 7952 
22465 7920 7948 7892 7949 
22466 7918 7903 7953 7952 
22467 403 7932 7914 7945 
22468 7905 7893 7948 7949 
22469 7889 7880 7941 7953 
22470 7920 7892 7905 7949 
22471 7939 7937 7928 7954 
22472 7937 7924 7916 7954 
22473 7919 7907 7916 7948 
22474 7927 7948 7922 7954 
22475 7927 7923 7922 7948 
22476 7901 7899 7900 7952 
22477 7900 7952 7899 7953 
22478 190 7933 7924 7954 
22479 7898 7897 7941 7953 
22480 7931 7917 7915 7952 
22481 7905 7874 7886 7949 
22482 7932 7914 7943 7947 
22483 7917 7914 7947 7951 
22484 7930 7909 7913 7952 
22485 7908 7947 7896 7952 
22486 7850 405 399 7951 
22487 7856 7913 7943 7944 
22488 400 7913 7856 7946 
22489 7952 7903 7953 7900 
22490 7851 399 7931 7946 
22491 7932 7929 7910 7947 
22492 7899 7898 7880 7953 
22493 7934 7925 7920 7954 
22494 7904 7890 7884 7941 
22495 7910 7947 7908 7952 
22496 7918 7909 7952 7953 
22497 7909 7896 7952 7953 
22498 7913 7896 7912 7947 
22499 7910 7897 7898 7953 
22500 401 7856 7943 7944 
22501 7929 7912 7908 7947 
22502 7874 7873 7865 7950 
22503 7850 7944 402 7951 
22504 7853 402 7945 403 
22505 7875 7867 7858 7950 
22506 7850 399 7851 7946 
22507 7935 7928 7923 7948 
22508 7945 7932 7914 7943 
22509 7938 7927 7936 7954 
22510 7936 7922 7926 7954 
22511 4658 7936 4657 7926 
22512 7920 7906 7948 7954 
22513 7934 7920 7921 7954 
22514 7933 7948 7924 7954 
22515 7868 7866 7860 7942 
22516 7917 7914 7901 7947 
22517 7853 7929 7932 7943 
22518 7911 7899 7901 7952 
22519 7869 7868 7860 7942 
22520 7933 7919 7924 7948 
22521 7918 7904 7909 7953 
22522 190 7934 7933 7954 
22523 7850 7856 7852 7944 
22524 7898 7941 7880 7953 
22525 7851 7931 7930 7946 
22526 7935 7948 7927 7954 
22527 7913 7943 7944 7947 
22528 4658 7926 189 7954 
22529 7911 7952 7910 7953 
22530 190 7854 404 7934 
22531 188 190 7855 7924 
22532 7850 7851 400 7946 
22533 4658 190 188 7954 
22534 7922 7954 7906 7926 
22535 7914 7911 7901 7947 
22536 7937 7916 7928 7954 
22537 7924 7919 7916 7948 
22538 7934 7921 7933 7954 
22539 7921 7920 7905 7948 
22540 7928 7907 7923 7948 
22541 7885 7872 7873 7950 
22542 7922 7948 7906 7954 
22543 189 7854 190 7925 
22544 190 7934 404 7933 
22545 7911 7899 7952 7953 
22546 7938 7935 7927 7954 
22547 189 7925 190 7954 
22548 7905 7892 7885 7949 
22549 7896 7891 7895 7953 
22550 7891 7941 7887 7953 
22551 401 7912 7929 7943 
22552 7865 7942 7858 7950 
22553 7931 7947 7946 7951 
22554 189 7926 7925 7954 
22555 7882 7866 7872 7950 
22556 4658 7938 7936 7954 
22557 399 405 7917 7951 
22558 7935 7928 7948 7954 
22559 190 404 7855 7933 
22560 7924 7948 7916 7954 
22561 4658 188 4654 7937 
22562 4658 7936 7926 7954 
22563 188 190 7924 7954 
22564 7928 7916 7948 7954 
22565 7939 7928 7935 7954 
22566 7908 7952 7896 7953 
22567 4658 4654 7939 7937 
22568 7862 7940 7861 7942 
22569 7936 7927 7922 7954 
22570 7939 7935 7938 7954 
22571 7925 7906 7920 7954 
22572 4658 7939 7938 7954 
22573 4655 4658 7939 7938 
22574 4655 4656 4658 7938 
22575 399 7917 7931 7951 
22576 7921 7905 7919 7948 
22577 190 7933 7855 7924 
22578 4658 7937 7939 7954 
22579 4658 4657 189 7926 
22580 7911 7910 7898 7953 
22581 4658 188 7937 7954 
22582 4655 4658 4654 7939 
22583 190 7854 7934 7925 
22584 405 402 7945 7951 
22585 7933 7921 7919 7948 
22586 188 7924 7937 7954 
22587 403 402 7945 405 
22588 4658 4656 4657 7936 
22589 7933 7921 7948 7954 
22590 7921 7920 7948 7954 
22591 7917 405 7914 7951 
22592 401 7943 7853 7944 
22593 7914 7944 7943 7947 
22594 7850 7946 7944 7951 
22595 7850 402 405 7951 
22596 7850 400 7856 7946 
22597 7932 7910 7911 7947 
22598 7928 7916 7907 7948 
22599 7923 7902 7922 7948 
22600 399 7931 7946 7951 
22601 7935 7923 7927 7948 
22602 7871 7859 7868 7942 
22603 399 398 7931 7917 
22604 7870 7858 7861 7942 
22605 7864 7863 7859 7942 
22606 7931 7917 7947 7951 
22607 7871 7864 7859 7942 
22608 7866 7860 7942 7950 
22609 401 7853 7852 7944 
22610 7868 7859 7866 7942 
22611 7873 7857 7863 7942 
22612 4658 189 190 7954 
22613 190 7925 7934 7954 
22614 7873 7862 7865 7942 
22615 4658 7938 4656 7936 
22616 403 7945 7914 405 
22617 405 7945 7914 7951 
22618 7951 7945 7914 7944 
22619 7944 7945 7914 7943 
22620 7977 7976 7972 8048 
22621 7992 7981 8048 8049 
22622 7975 7974 7964 8048 
22623 7969 7965 7967 8048 
22624 7969 7963 7965 8048 
22625 7984 7966 7972 8050 
22626 7977 8049 7976 8048 
22627 7972 7966 7962 8050 
22628 7968 7965 7963 8048 
22629 7986 7979 7980 8049 
22630 409 7957 8051 8052 
22631 7996 7984 7974 8050 
22632 7987 7982 7976 8048 
22633 7992 7982 7987 8048 
22634 7979 7978 7963 8048 
22635 7982 7971 7964 8048 
22636 7996 7974 7975 8050 
22637 411 8029 410 8052 
22638 7980 8048 7979 7969 
22639 7965 8048 7962 8050 
22640 7977 7972 7962 8048 
22641 7989 7977 7968 8048 
22642 7995 7973 7984 8053 
22643 7991 7980 7981 8049 
22644 7979 7978 8048 8049 
22645 7955 8051 8054 8055 
22646 7990 7979 7986 8049 
22647 7992 7981 7971 8048 
22648 7981 7970 7971 8048 
22649 7996 7984 8050 8053 
22650 8048 7989 7977 8049 
22651 7982 7972 7976 8048 
22652 7977 7962 7968 8048 
22653 8014 7985 7983 8053 
22654 7989 7968 7978 8048 
22655 7991 7986 7980 8049 
22656 7997 7993 8049 8056 
22657 7972 7962 8048 8050 
22658 7999 7978 7990 8049 
22659 8000 7990 7986 8056 
22660 8002 7981 7992 8049 
22661 7988 8049 7976 7977 
22662 7992 8048 7987 8049 
22663 8019 7984 7996 8053 
22664 8006 7996 7985 8053 
22665 409 8026 8039 8051 
22666 7996 8050 7985 8053 
22667 8019 7995 7984 8053 
22668 7992 7971 7982 8048 
22669 8049 8048 7979 7980 
22670 7985 8050 7983 8053 
22671 7997 7987 7988 8049 
22672 7983 8050 7973 8053 
22673 8002 7992 7993 8049 
22674 7997 7993 7987 8049 
22675 7985 7975 7967 8050 
22676 8005 8004 7994 8057 
22677 7996 7975 7985 8050 
22678 7995 7994 7973 8053 
22679 7984 7972 7974 8050 
22680 8023 8009 8010 8056 
22681 7999 8049 7990 8056 
22682 7990 7978 7979 8049 
22683 7998 7988 7989 8049 
22684 7991 7986 8049 8056 
22685 8007 8000 8001 8056 
22686 8024 8020 8056 8058 
22687 8009 8008 7998 8056 
22688 8002 8049 7993 8056 
22689 7998 7997 8049 8056 
22690 8002 7991 7981 8049 
22691 7956 8040 408 8054 
22692 7999 7989 7978 8049 
22693 7956 406 8041 8054 
22694 8009 7998 7999 8056 
22695 8008 7997 7998 8056 
22696 8003 7993 7997 8056 
22697 8054 8059 8060 8041 
22698 411 8042 8029 8052 
22699 7958 8042 411 8052 
22700 7955 7961 8051 8055 
22701 409 7958 7957 8052 
22702 8008 8003 8056 8058 
22703 7999 7998 7989 8049 
22704 8054 407 8060 7955 
22705 8002 7991 8049 8056 
22706 8020 8001 8011 8056 
22707 410 7955 8052 412 
22708 8025 8012 8003 8058 
22709 7968 7962 7965 8048 
22710 8029 8028 8052 8059 
22711 8054 8052 8060 8059 
22712 7955 8060 8054 8052 
22713 8040 8055 8054 8059 
22714 8039 8051 8026 8059 
22715 8029 8025 8013 8058 
22716 8054 8041 8060 406 
22717 8058 8029 8028 8013 
22718 8011 7991 8002 8056 
22719 8013 8003 8008 8058 
22720 8025 8024 8012 8058 
22721 8012 8056 8003 8058 
22722 8042 8024 8025 8058 
22723 7955 8051 7957 8052 
22724 8008 8003 7997 8056 
22725 8028 8052 8060 412 
22726 8024 8011 8012 8056 
22727 8001 7986 7991 8056 
22728 7984 7973 8050 8053 
22729 8028 8013 8022 8058 
22730 8030 8014 8004 8057 
22731 8017 8014 8015 8057 
22732 8012 8011 8002 8056 
22733 8035 8016 8005 8057 
22734 8019 8053 8006 8057 
22735 8016 8004 8005 8057 
22736 7975 7974 8048 8050 
22737 8022 8008 8009 8056 
22738 8032 8006 8017 8057 
22739 7973 7965 7962 8050 
22740 8019 7995 8053 8057 
22741 8014 8006 7985 8053 
22742 8059 8058 8029 8028 
22743 8010 7999 7990 8056 
22744 8022 8008 8056 8058 
22745 7961 8027 8026 8055 
22746 8051 8054 8059 8052 
22747 8021 8010 8000 8056 
22748 8019 8018 7995 8057 
22749 7995 7994 8053 8057 
22750 8049 7989 7977 7988 
22751 7999 7998 8049 8056 
22752 8041 8023 8040 8058 
22753 8023 8022 8056 8058 
22754 7983 7965 7973 8050 
22755 8042 8039 8024 8058 
22756 8020 8007 8001 8056 
22757 8039 8052 8051 8059 
22758 8039 8026 8058 8059 
22759 8040 8058 8027 8059 
22760 8052 8060 412 7955 
22761 8049 7981 8048 7980 
22762 8014 7983 7994 8053 
22763 8024 8020 8011 8056 
22764 8041 8028 8058 8059 
22765 8023 8056 8021 8058 
22766 8041 8058 8040 8059 
22767 8024 8056 8012 8058 
22768 8040 8021 8027 8058 
22769 8040 8023 8021 8058 
22770 8012 7993 8003 8056 
22771 8041 8028 8022 8058 
22772 8023 8022 8009 8056 
22773 7978 7968 7963 8048 
22774 7975 7970 7969 8048 
22775 8023 8010 8021 8056 
22776 8025 8003 8013 8058 
22777 408 8040 8027 8055 
22778 8022 8013 8008 8058 
22779 7990 8049 7986 8056 
22780 7982 7974 7972 8048 
22781 8040 8027 8055 8059 
22782 8021 8056 8007 8058 
22783 8042 8058 8029 8059 
22784 8059 8060 8041 8028 
22785 8010 8009 7999 8056 
22786 8021 8000 8007 8056 
22787 8042 8025 8029 8058 
22788 8039 8026 8020 8058 
22789 8054 8052 8051 7955 
22790 7993 7992 7987 8049 
22791 8027 8058 8026 8059 
22792 8017 8057 8015 8061 
22793 8035 8005 8018 8057 
22794 8030 8057 8016 8061 
22795 8014 8053 7994 8057 
22796 8033 8030 8031 8061 
22797 7998 7997 7988 8049 
22798 8018 8005 7995 8057 
22799 8020 8007 8056 8058 
22800 185 8031 8016 8061 
22801 8014 8006 8053 8057 
22802 7975 8048 7967 8050 
22803 7981 8048 7980 7970 
22804 409 7961 8026 8051 
22805 8043 8035 8018 8057 
22806 7961 8026 8051 8055 
22807 7988 7987 7976 8049 
22808 8027 8007 8026 8058 
22809 4652 8061 8045 8062 
22810 8028 412 8029 8052 
22811 7987 8048 7976 8049 
22812 412 407 8060 406 
22813 7955 7957 410 8052 
22814 8026 8051 8055 8059 
22815 7958 8039 8042 8052 
22816 186 8047 4649 8062 
22817 7956 8041 8040 8054 
22818 406 407 8060 8054 
22819 8052 412 8029 410 
22820 8042 8039 8058 8059 
22821 7955 8054 408 8055 
22822 7994 7983 7973 8053 
22823 7955 408 7961 8055 
22824 412 411 8029 410 
22825 8010 7990 8000 8056 
22826 8033 8015 8030 8061 
22827 8041 8040 8054 8059 
22828 8019 7996 8006 8053 
22829 8030 8015 8014 8057 
22830 8038 8037 8034 8061 
22831 4651 8033 7959 8031 
22832 8044 8032 8037 8057 
22833 185 8016 8035 8061 
22834 8047 8061 8046 8062 
22835 8030 8004 8016 8057 
22836 7974 7972 8048 8050 
22837 8037 8032 8017 8057 
22838 4651 7960 7959 8033 
22839 409 8051 8039 8052 
22840 186 4652 8045 8062 
22841 8037 8057 8017 8061 
22842 4651 8033 8031 8061 
22843 8046 8044 8037 8061 
22844 8005 7994 7995 8057 
22845 8044 8043 8057 8061 
22846 4652 185 8035 8061 
22847 4653 8038 187 8061 
22848 185 4651 7959 8031 
22849 8043 8035 8057 8061 
22850 8037 8017 8034 8061 
22851 187 8034 4651 8061 
22852 187 4651 8034 7960 
22853 4650 187 4653 8038 
22854 7969 7970 7980 8048 
22855 4653 8038 8061 8062 
22856 7985 7967 7983 8050 
22857 8034 8017 8015 8061 
22858 4650 8038 4653 8062 
22859 7989 8048 7978 8049 
22860 8046 8061 8038 8062 
22861 7975 7969 7967 8048 
22862 7955 407 8060 412 
22863 8036 8018 8019 8057 
22864 8046 8037 8038 8061 
22865 8034 8015 8033 8061 
22866 8017 8006 8014 8057 
22867 4652 185 4648 8035 
22868 186 4652 4648 8045 
22869 4649 8046 4650 8062 
22870 7955 7961 7957 8051 
22871 4650 8046 8038 8062 
22872 8042 8029 8052 8059 
22873 7982 7964 7974 8048 
22874 409 7957 7961 8051 
22875 8039 8020 8024 8058 
22876 8041 8022 8023 8058 
22877 7958 411 410 8052 
22878 408 8027 7961 8055 
22879 7967 8048 7965 8050 
22880 8001 8000 7986 8056 
22881 7956 407 406 8054 
22882 8027 8021 8007 8058 
22883 8027 8026 8055 8059 
22884 8051 8054 8055 8059 
22885 186 8045 8047 8062 
22886 4652 4653 8061 8062 
22887 8047 8045 8061 8062 
22888 8030 8015 8057 8061 
22889 8047 8045 8043 8061 
22890 8047 8044 8046 8061 
22891 8047 8043 8044 8061 
22892 4652 4651 185 8061 
22893 4652 4648 8045 8035 
22894 4649 8047 8046 8062 
22895 4653 187 4651 8061 
22896 8044 8057 8037 8061 
22897 4649 4650 4653 8062 
22898 4651 8034 7960 8033 
22899 187 8038 8034 8061 
22900 4652 4653 4651 8061 
22901 8035 8016 8057 8061 
22902 8044 8036 8032 8057 
22903 8014 7994 8004 8057 
22904 185 4651 8031 8061 
22905 8044 8043 8036 8057 
22906 8045 8035 8043 8061 
22907 8031 8030 8016 8061 
22908 4649 4653 4652 8062 
22909 8032 8019 8006 8057 
22910 4652 8035 8045 8061 
22911 8036 8019 8032 8057 
22912 8043 8018 8036 8057 
22913 186 4649 4652 8062 
22914 7957 7958 410 8052 
22915 408 8054 8040 8055 
22916 409 8039 7958 8052 
22917 8012 8002 7993 8056 
22918 7983 7967 7965 8050 
22919 8026 8007 8020 8058 
22920 7973 7962 7966 8050 
22921 7979 7963 7969 8048 
22922 4651 8034 8033 8061 
22923 8011 8001 7991 8056 
22924 8042 8052 8039 8059 
22925 7955 407 7956 8054 
22926 7975 7964 7971 8048 
22927 7984 7973 7966 8050 
22928 7975 7971 7970 8048 
22929 7955 7956 408 8054 
22930 8052 8060 8059 8028 
22931 412 8060 8028 406 
22932 8041 8060 406 8028 
22933 8111 8103 8156 8157 
22934 8103 8102 8156 8158 
22935 8119 8108 8156 8158 
22936 8066 8142 418 417 
22937 8128 8118 8156 8157 
22938 8119 8156 8107 8158 
22939 4777 8159 4770 8160 
22940 8064 8140 415 8161 
22941 413 8134 8141 8161 
22942 8064 413 8141 8161 
22943 8141 8140 8161 8162 
22944 8142 8163 8139 8162 
22945 8086 8084 8071 8164 
22946 8161 8163 8165 8063 
22947 8141 8161 8134 8162 
22948 8161 8166 8163 8063 
22949 8135 8134 8166 8162 
22950 8142 8135 8166 8162 
22951 8082 8075 8071 8167 
22952 8063 414 8161 420 
22953 4772 8155 8154 8160 
22954 8130 8129 8168 8169 
22955 194 8146 4770 8159 
22956 4772 4771 8155 8160 
22957 8155 8154 8160 8168 
22958 8146 8159 8138 8168 
22959 4777 8159 8160 8170 
22960 8150 8159 8146 8168 
22961 4777 4770 4771 8160 
22962 4776 8138 194 8159 
22963 8081 8074 8076 8164 
22964 8082 8072 8078 8167 
22965 8083 8077 8073 8164 
22966 8083 8077 8164 8171 
22967 8079 8073 8077 8164 
22968 8086 8081 8076 8164 
22969 8079 8073 8164 8167 
22970 8078 8100 8089 8172 
22971 8086 8164 8076 8171 
22972 8100 8075 8082 8167 
22973 8077 8076 8074 8164 
22974 8119 8107 8096 8171 
22975 8100 8082 8078 8167 
22976 8080 8079 8074 8167 
22977 8101 8172 8093 8173 
22978 8090 8080 8089 8079 
22979 8110 8089 8098 8172 
22980 8100 8091 8081 8167 
22981 8095 8086 8087 8171 
22982 8094 8083 8084 8171 
22983 8117 8103 8111 8157 
22984 8095 8085 8084 8171 
22985 8084 8083 8070 8164 
22986 8081 8074 8164 8167 
22987 8100 8082 8092 8078 
22988 8097 8077 8083 8171 
22989 8077 8076 8164 8171 
22990 8072 8070 8164 8167 
22991 8102 8087 8096 8171 
22992 8096 8076 8077 8171 
22993 8089 8072 8073 8167 
22994 8105 8104 8094 8158 
22995 8084 8083 8164 8171 
22996 8126 8115 8169 8173 
22997 8126 8101 8115 8173 
22998 8113 8098 8090 8172 
22999 8100 8078 8092 8172 
23000 8086 8075 8081 8164 
23001 4770 8159 8153 8160 
23002 8106 8085 8095 8171 
23003 8097 8096 8077 8171 
23004 8114 8100 8101 8172 
23005 8082 8071 8070 8167 
23006 8101 8092 8093 8172 
23007 8101 8100 8092 8172 
23008 8087 8086 8076 8171 
23009 8108 8097 8088 8171 
23010 8114 8099 8091 8172 
23011 8159 8168 8160 8170 
23012 8108 8088 8104 8158 
23013 8094 8085 8158 8171 
23014 8111 8103 8102 8156 
23015 8120 8108 8112 8156 
23016 8155 8160 8150 8168 
23017 419 8143 8068 8174 
23018 8113 8090 8099 8172 
23019 8151 8168 8150 8169 
23020 8108 8088 8158 8171 
23021 8097 8083 8088 8171 
23022 8075 8164 8071 8167 
23023 8112 8108 8104 8156 
23024 8118 8111 8102 8156 
23025 8167 8089 8091 8080 
23026 8106 8095 8103 8171 
23027 8106 8103 8158 8171 
23028 8114 8091 8100 8172 
23029 8105 8094 8085 8158 
23030 8106 8158 8085 8171 
23031 8125 8113 8172 8173 
23032 8116 8104 8105 8157 
23033 8120 8119 8108 8156 
23034 8108 8104 8156 8158 
23035 8128 8107 8119 8156 
23036 8089 8079 8080 8167 
23037 8094 8084 8085 8171 
23038 8098 8089 8090 8172 
23039 8106 8105 8085 8158 
23040 8067 8144 419 8174 
23041 8116 8112 8104 8157 
23042 8079 8164 8074 8167 
23043 8110 8093 8092 8172 
23044 8080 8089 8091 8172 
23045 8123 8110 8122 8173 
23046 8131 8130 8169 8173 
23047 8119 8097 8108 8171 
23048 8125 8099 8114 8172 
23049 8145 8170 8168 8174 
23050 8151 8148 8149 8169 
23051 8126 8169 8125 8173 
23052 8121 8109 8113 8169 
23053 8068 8143 8138 8174 
23054 8118 8111 8156 8157 
23055 8111 8157 8162 8133 
23056 8128 8157 8120 8162 
23057 8118 8102 8107 8156 
23058 8107 8158 8102 8171 
23059 8128 8119 8120 8156 
23060 8119 8158 8107 8171 
23061 8064 414 413 8161 
23062 4777 4776 8159 8174 
23063 8094 8158 8088 8171 
23064 8099 8080 8091 8172 
23065 8130 8122 8129 8173 
23066 8130 8129 8169 8173 
23067 8148 8125 8126 8169 
23068 8129 8109 8121 8169 
23069 8110 8172 8098 8173 
23070 8167 8100 8089 8078 
23071 4776 8138 8159 8174 
23072 8103 8102 8158 8171 
23073 8119 8108 8158 8171 
23074 8133 8157 8162 8140 
23075 8162 8166 8163 8161 
23076 8152 8168 8147 8170 
23077 8145 8124 8131 8168 
23078 8129 8109 8169 8173 
23079 8172 8089 8091 8100 
23080 8079 8077 8074 8164 
23081 8096 8087 8076 8171 
23082 8150 8146 8136 8169 
23083 8113 8109 8098 8173 
23084 8095 8084 8086 8171 
23085 8136 8121 8113 8169 
23086 8127 8106 8117 8157 
23087 8123 8115 8093 8173 
23088 8123 8093 8110 8173 
23089 8100 8089 8091 8167 
23090 8122 8098 8109 8173 
23091 8150 8168 8146 8169 
23092 8146 8168 8138 8169 
23093 8119 8096 8097 8171 
23094 8132 8111 8118 8162 
23095 8120 8157 8112 8162 
23096 8064 8141 8140 8161 
23097 8107 8156 8102 8158 
23098 8081 8080 8074 8167 
23099 8094 8088 8083 8171 
23100 8142 8128 8120 8162 
23101 8134 8112 8116 8157 
23102 8117 8106 8103 8157 
23103 8128 8118 8157 8162 
23104 8149 8137 8168 8169 
23105 8118 8111 8157 8162 
23106 415 8140 8133 8161 
23107 416 8132 8139 8165 
23108 8128 8118 8107 8156 
23109 8142 8120 8135 8162 
23110 8113 8098 8172 8173 
23111 8112 8156 8104 8157 
23112 8107 8102 8096 8171 
23113 8166 417 420 8135 
23114 8154 8168 8152 8170 
23115 8144 8131 8130 8168 
23116 8110 8093 8172 8173 
23117 8147 8168 8145 8170 
23118 8148 8126 8137 8169 
23119 8105 8157 8104 8158 
23120 8141 8157 8140 8162 
23121 8133 8161 8162 8165 
23122 8163 8166 8142 417 
23123 4779 4774 195 8170 
23124 8145 8131 8144 8168 
23125 8131 8123 8130 8173 
23126 8137 8115 8124 8169 
23127 8127 8116 8105 8157 
23128 8130 8123 8122 8173 
23129 8141 8134 8157 8162 
23130 8126 8114 8101 8172 
23131 8145 8168 8144 8174 
23132 8149 8148 8137 8169 
23133 8131 8124 8115 8169 
23134 8142 8139 8128 8162 
23135 8157 8117 8133 8111 
23136 8140 8127 8117 8157 
23137 8134 8161 8166 8162 
23138 8135 8166 8134 420 
23139 8066 417 8065 8163 
23140 8162 8166 8142 8163 
23141 8136 8113 8125 8169 
23142 8150 8136 8148 8169 
23143 8143 8129 8138 8168 
23144 8146 8138 8121 8169 
23145 8140 8117 8133 8157 
23146 8131 8169 8115 8173 
23147 4777 8159 8170 8174 
23148 8159 8168 8170 8174 
23149 8137 8126 8115 8169 
23150 8138 8168 8129 8169 
23151 194 8138 8146 8159 
23152 8106 8157 8105 8158 
23153 8134 8112 8157 8162 
23154 8138 8129 8121 8169 
23155 8126 8125 8114 8172 
23156 8131 8168 8124 8169 
23157 8104 8157 8156 8158 
23158 8137 8124 8168 8169 
23159 8152 8149 8147 8168 
23160 419 8144 8143 8174 
23161 8150 8160 8159 8168 
23162 8144 8130 8143 8168 
23163 8162 8163 8165 8161 
23164 416 8065 8069 8165 
23165 8063 8069 8065 8165 
23166 8063 415 8069 8165 
23167 8148 8136 8125 8169 
23168 8135 8112 8134 8162 
23169 8154 8160 8168 8170 
23170 414 8161 420 8134 
23171 8083 8073 8072 8164 
23172 8103 8095 8087 8171 
23173 420 8166 8134 8161 
23174 8143 8130 8129 8168 
23175 4773 8152 4774 8170 
23176 8144 8168 8143 8174 
23177 4773 8154 8152 8170 
23178 8113 8169 8109 8173 
23179 8149 8137 8147 8168 
23180 8153 8159 8150 8160 
23181 8104 8088 8094 8158 
23182 416 8139 8066 8165 
23183 416 8066 8065 8165 
23184 8133 8111 8132 8162 
23185 8163 8142 8066 417 
23186 8120 8156 8112 8157 
23187 8089 8078 8072 8167 
23188 8106 8103 8157 8158 
23189 413 8134 8161 414 
23190 8103 8156 8157 8158 
23191 4776 8068 8138 8174 
23192 8069 8133 8132 8165 
23193 4776 8068 194 8138 
23194 8128 8156 8120 8157 
23195 8067 8145 8144 8174 
23196 196 8067 419 8174 
23197 416 8069 8132 8165 
23198 4776 196 8068 8174 
23199 8133 8162 8132 8165 
23200 4775 8145 8067 8174 
23201 8139 8132 8162 8165 
23202 8146 8121 8136 8169 
23203 8155 8150 8151 8168 
23204 8151 8150 8148 8169 
23205 8147 8137 8124 8168 
23206 8138 8168 8159 8174 
23207 8125 8169 8113 8173 
23208 8147 8124 8145 8168 
23209 415 8161 8133 8165 
23210 4771 4770 8153 8160 
23211 8154 8151 8149 8168 
23212 8115 8101 8093 8173 
23213 4771 8153 8155 8160 
23214 8131 8130 8168 8169 
23215 8139 8163 8165 8162 
23216 8131 8115 8123 8173 
23217 4778 8154 4773 8170 
23218 8161 8166 8063 420 
23219 8063 414 8064 8161 
23220 415 8133 8069 8165 
23221 8141 8134 8116 8157 
23222 195 8145 4775 8170 
23223 4777 194 4770 8159 
23224 4772 8154 4778 8160 
23225 4778 8160 8154 8170 
23226 4777 8170 4775 8174 
23227 4775 8170 8145 8174 
23228 4774 8147 195 8170 
23229 8100 8081 8075 8167 
23230 8103 8087 8102 8171 
23231 8155 8151 8154 8168 
23232 8143 8168 8138 8174 
23233 4777 196 4776 8174 
23234 8141 8127 8140 8157 
23235 8063 8161 415 8165 
23236 4777 4775 196 8174 
23237 8154 8149 8152 8168 
23238 4777 4779 4775 8170 
23239 4773 4774 4779 8170 
23240 195 8067 4775 8145 
23241 8126 8172 8101 8173 
23242 8125 8113 8099 8172 
23243 195 8147 8145 8170 
23244 4775 8067 196 8174 
23245 8129 8122 8109 8173 
23246 8126 8125 8172 8173 
23247 4774 8152 8147 8170 
23248 4777 4771 4778 8160 
23249 8134 420 414 413 
23250 4772 4778 4771 8160 
23251 4772 4773 4778 8154 
23252 8110 8078 8089 8172 
23253 196 419 8068 8174 
23254 8155 8153 8150 8160 
23255 4770 8146 8153 8159 
23256 4777 4778 4779 8170 
23257 8122 8110 8098 8173 
23258 4777 4776 194 8159 
23259 4778 4773 4779 8170 
23260 8066 8163 8165 8139 
23261 8063 8166 8163 417 
23262 8140 8133 8161 8162 
23263 8135 8120 8112 8162 
23264 8141 8116 8127 8157 
23265 8139 8163 8142 8066 
23266 8063 8064 415 8161 
23267 8110 8092 8078 8172 
23268 8135 8166 417 8142 
23269 8127 8105 8106 8157 
23270 8139 8132 8118 8162 
23271 8153 8146 8150 8159 
23272 8082 8070 8072 8167 
23273 8086 8071 8075 8164 
23274 8071 8164 8070 8167 
23275 8081 8164 8075 8167 
23276 4779 195 4775 8170 
23277 8151 8149 8168 8169 
23278 8084 8070 8071 8164 
23279 8090 8089 8080 8172 
23280 8073 8072 8164 8167 
23281 8089 8073 8079 8167 
23282 8091 8080 8081 8167 
23283 8083 8072 8070 8164 
23284 8163 417 8065 8063 
23285 8139 8118 8128 8162 
23286 8099 8090 8080 8172 
23287 4777 8160 4778 8170 
23288 8086 8084 8164 8171 
23289 417 8135 418 420 
23290 417 8142 418 8135 
23291 8166 8063 420 417 
23292 8063 8163 8165 8065 
23293 8065 8163 8165 8066 
23294 8255 8262 8263 8264 
23295 8259 8252 8257 8263 
23296 8261 8257 8260 8263 
23297 8250 8233 8249 8265 
23298 8181 8238 8237 8266 
23299 8266 8175 8267 8181 
23300 8268 425 8269 8178 
23301 8251 8248 8270 8268 
23302 8251 8178 8269 426 
23303 8181 8266 8237 8271 
23304 8244 8236 8272 8273 
23305 8252 8262 8244 8272 
23306 424 8271 8237 8268 
23307 8237 8266 8270 8268 
23308 8274 427 8275 422 
23309 424 8178 8177 8268 
23310 424 8181 8237 8271 
23311 8190 8183 8182 8276 
23312 4767 8261 4768 8277 
23313 192 8261 8260 8277 
23314 8260 8256 8258 8263 
23315 4765 8258 8254 8277 
23316 192 8260 4764 8277 
23317 4765 4764 8258 8277 
23318 4762 4767 191 8264 
23319 4762 8255 8259 8264 
23320 8193 8184 8188 8278 
23321 8201 8193 8194 8279 
23322 8206 8189 8192 8276 
23323 8211 8184 8193 8279 
23324 8195 8182 8186 8278 
23325 8216 8198 8206 8191 
23326 8191 8185 8188 8276 
23327 8186 8182 8276 8278 
23328 8203 8186 8189 8278 
23329 8194 8185 8182 8278 
23330 8241 8272 8227 8273 
23331 8229 8272 8228 8273 
23332 8205 8204 8196 8279 
23333 8206 8191 8198 8276 
23334 8245 8272 8236 8273 
23335 8186 8182 8183 8276 
23336 8203 8189 8196 8278 
23337 8189 8186 8276 8278 
23338 8222 8213 8202 8280 
23339 8220 8200 8211 8279 
23340 8214 8195 8203 8279 
23341 8195 8194 8278 8279 
23342 8203 8278 8196 8279 
23343 8199 8194 8195 8279 
23344 8192 8189 8186 8276 
23345 8204 8203 8196 8279 
23346 8208 8207 8190 8276 
23347 8194 8193 8185 8278 
23348 8198 8187 8189 8278 
23349 8193 8188 8185 8278 
23350 8206 8198 8189 8276 
23351 8198 8276 8188 8278 
23352 8213 8212 8199 8280 
23353 8214 8203 8204 8279 
23354 8185 8276 8182 8278 
23355 8198 8191 8188 8276 
23356 8205 8197 8200 8279 
23357 8211 8197 8184 8279 
23358 8211 8193 8201 8279 
23359 8215 8205 8210 8280 
23360 8221 8211 8201 8279 
23361 8208 8190 8191 8276 
23362 8213 8199 8202 8280 
23363 8233 8231 8265 8280 
23364 8212 8201 8199 8279 
23365 8205 8279 8200 8280 
23366 8208 8206 8207 8276 
23367 8216 8209 8208 8206 
23368 8254 8263 8247 8272 
23369 8223 8204 8215 8280 
23370 8176 8249 423 8266 
23371 8214 8202 8195 8279 
23372 8250 8249 8266 8270 
23373 8216 8206 8208 8191 
23374 8222 8265 8213 8280 
23375 8209 8207 8208 8206 
23376 8207 8206 8192 8276 
23377 424 8271 8267 8181 
23378 8218 8208 8216 8273 
23379 8197 8196 8278 8279 
23380 8249 8238 8266 8270 
23381 8226 8217 8207 8273 
23382 8236 8218 8216 8273 
23383 423 8238 8181 8266 
23384 8211 8200 8197 8279 
23385 8228 8209 8217 8273 
23386 8225 8209 8216 8206 
23387 8229 8227 8272 8273 
23388 8231 8219 8265 8280 
23389 8235 8234 8265 8270 
23390 8222 8202 8214 8280 
23391 8197 8187 8184 8278 
23392 8203 8195 8186 8278 
23393 8221 8220 8279 8280 
23394 8250 8239 8281 421 
23395 8233 8220 8221 8280 
23396 8221 8201 8212 8279 
23397 8238 8231 8219 8265 
23398 8234 8230 8265 8270 
23399 8235 8265 8234 8280 
23400 8181 8175 8267 8177 
23401 427 425 8269 8274 
23402 8235 8265 8224 8270 
23403 8240 8235 8224 8270 
23404 8219 8212 8213 8280 
23405 8224 8215 8210 8280 
23406 8194 8193 8278 8279 
23407 8221 8279 8212 8280 
23408 8205 8196 8197 8279 
23409 425 8177 8275 8175 
23410 8215 8204 8205 8280 
23411 8209 8208 8207 8273 
23412 8251 8234 8235 8270 
23413 8202 8199 8279 8280 
23414 8221 8220 8211 8279 
23415 8223 8214 8204 8280 
23416 8254 8243 8262 8272 
23417 8217 8209 8207 8273 
23418 8226 8208 8218 8273 
23419 8227 8217 8226 8273 
23420 8241 8226 8218 8273 
23421 8247 8245 8228 8272 
23422 8236 8216 8225 8273 
23423 8235 8224 8265 8280 
23424 8244 8241 8218 8273 
23425 8201 8194 8199 8279 
23426 8216 8208 8209 8273 
23427 8270 8240 8251 8274 
23428 8232 8210 8220 8280 
23429 8249 8265 8238 8270 
23430 8210 8205 8200 8280 
23431 8208 8191 8206 8276 
23432 8230 8219 8213 8265 
23433 8230 8219 8265 8270 
23434 8250 8265 8249 8270 
23435 8197 8196 8187 8278 
23436 8220 8210 8200 8280 
23437 8232 8224 8210 8280 
23438 8214 8202 8279 8280 
23439 8251 8274 8268 8270 
23440 8207 8192 8183 8276 
23441 8249 8231 8238 8265 
23442 8175 8176 423 8266 
23443 8250 8239 8265 8270 
23444 8193 8184 8278 8279 
23445 8178 425 8269 426 
23446 8240 8239 8274 8270 
23447 8238 8265 8219 8270 
23448 8230 8213 8222 8265 
23449 8239 8224 8265 8270 
23450 8190 8182 8185 8276 
23451 8235 8215 8224 8280 
23452 8214 8279 8204 8280 
23453 8250 8239 8232 8265 
23454 8234 8265 8222 8280 
23455 8198 8189 8276 8278 
23456 8233 8265 8232 8280 
23457 8235 8234 8223 8280 
23458 8231 8212 8219 8280 
23459 8251 8235 8240 8270 
23460 8237 8219 8230 8270 
23461 8220 8200 8279 8280 
23462 8176 8250 8249 8266 
23463 423 8249 8238 8266 
23464 8240 8224 8239 8270 
23465 8228 8225 8209 8273 
23466 8203 8195 8278 8279 
23467 8229 8228 8217 8273 
23468 8241 8262 8227 8272 
23469 8205 8204 8279 8280 
23470 8246 8227 8241 8262 
23471 8225 8216 8209 8273 
23472 8241 8227 8226 8273 
23473 8207 8183 8190 8276 
23474 8253 8236 8245 8272 
23475 8245 8228 8272 8273 
23476 8232 8265 8224 8280 
23477 8233 8221 8231 8280 
23478 8253 8252 8236 8272 
23479 8246 8243 8227 8262 
23480 8245 8236 8225 8273 
23481 8233 8232 8220 8280 
23482 8250 8232 8233 8265 
23483 8234 8230 8222 8265 
23484 8268 8271 8267 424 
23485 8177 8267 8275 8175 
23486 8266 8267 8275 8268 
23487 424 8248 8178 8268 
23488 8212 8279 8199 8280 
23489 8191 8190 8185 8276 
23490 427 422 8281 421 
23491 427 8240 8239 8274 
23492 8251 8248 8234 8270 
23493 8281 8270 8239 8250 
23494 8248 8237 8230 8270 
23495 8238 8237 8266 8270 
23496 8237 8271 8266 8268 
23497 8266 8275 8274 8270 
23498 8231 8221 8212 8280 
23499 424 8237 8248 8268 
23500 8268 8267 8275 8177 
23501 8249 8233 8231 8265 
23502 8266 8268 8275 8270 
23503 8239 8224 8232 8265 
23504 8188 8276 8185 8278 
23505 8202 8199 8195 8279 
23506 421 422 8281 8176 
23507 8248 8230 8234 8270 
23508 8238 8219 8237 8270 
23509 8196 8189 8187 8278 
23510 8245 8225 8228 8273 
23511 8243 8229 8227 8272 
23512 4769 8263 8254 8262 
23513 191 4766 8179 8264 
23514 4769 8254 8263 8277 
23515 8254 4769 8243 193 
23516 4766 8262 8246 8264 
23517 8252 8244 8236 8272 
23518 8244 8272 8241 8273 
23519 8256 8245 8247 8272 
23520 8256 8253 8245 8272 
23521 8247 8228 8229 8272 
23522 8197 8278 8184 8279 
23523 8229 8217 8227 8273 
23524 4766 8246 8179 8264 
23525 8255 8252 8263 8262 
23526 8258 8256 8247 8263 
23527 8257 8252 8253 8272 
23528 8257 8256 8263 8272 
23529 8179 8246 8242 8264 
23530 8261 8263 8260 8277 
23531 8256 8247 8263 8272 
23532 8178 8248 8251 8268 
23533 4766 8180 8179 8246 
23534 8175 423 8181 8266 
23535 8234 8222 8223 8280 
23536 8250 8266 8281 8270 
23537 8274 422 8281 427 
23538 8235 8223 8215 8280 
23539 8268 8178 8269 8251 
23540 8175 8267 8275 8266 
23541 8248 8237 8270 8268 
23542 8175 422 8176 8266 
23543 4769 8262 4766 8264 
23544 8192 8186 8183 8276 
23545 4767 8259 8261 8263 
23546 8254 8229 8243 8272 
23547 8219 8213 8265 8280 
23548 8244 8242 8241 8262 
23549 8255 8242 8244 8262 
23550 4762 8259 4767 8264 
23551 8259 8255 8252 8263 
23552 8243 8227 8262 8272 
23553 4769 4765 8254 8277 
23554 8258 8247 8254 8263 
23555 8198 8188 8187 8278 
23556 4766 8180 8246 8243 
23557 8244 8218 8236 8273 
23558 4767 8263 8261 8277 
23559 8254 8262 8263 8272 
23560 8260 8257 8256 8263 
23561 4767 4763 8261 8259 
23562 4766 8243 8246 8262 
23563 4767 4766 191 8264 
23564 4769 4767 8263 8264 
23565 4769 8263 4767 8277 
23566 4767 8259 8263 8264 
23567 4764 8260 8258 8277 
23568 4766 4769 8243 8262 
23569 8259 8255 8263 8264 
23570 4769 8263 8262 8264 
23571 193 4769 4765 8254 
23572 191 8242 8255 8264 
23573 4769 4764 4765 8277 
23574 8252 8263 8262 8272 
23575 4769 4766 4767 8264 
23576 8255 8244 8252 8262 
23577 193 8180 4766 8243 
23578 191 8179 8242 8264 
23579 8258 8263 8254 8277 
23580 193 4769 8243 4766 
23581 4767 4763 4768 8261 
23582 4762 191 8255 8264 
23583 8261 8259 8257 8263 
23584 8244 8262 8241 8272 
23585 8254 8247 8229 8272 
23586 192 4768 4763 8261 
23587 8260 8263 8258 8277 
23588 4769 4768 4764 8277 
23589 192 4764 4768 8277 
23590 8255 8242 8262 8264 
23591 8246 8262 8242 8264 
23592 4769 4767 4768 8277 
23593 4762 4763 4767 8259 
23594 192 4768 8261 8277 
23595 8226 8207 8208 8273 
23596 8257 8253 8256 8272 
23597 8188 8184 8187 8278 
23598 8246 8241 8242 8262 
23599 8209 8207 8206 8192 
23600 8262 4769 8243 8254 
23601 8257 8263 8252 8272 
23602 8176 422 8281 8266 
23603 425 8178 8268 8177 
23604 8223 8222 8214 8280 
23605 8270 8266 8281 8274 
23606 8195 8194 8182 8278 
23607 8268 8177 8275 425 
23608 422 8275 8274 8266 
23609 427 8275 422 8175 
23610 8274 425 8275 427 
23611 8274 425 8269 8268 
23612 426 425 8269 427 
23613 8181 424 8177 8267 
23614 8267 424 8177 8268 
23615 8268 8267 8271 8266 
23616 8266 8267 8271 8181 
23617 427 8281 8239 421 
23618 421 8250 8176 8281 
23619 8281 8250 8176 8266 
23620 8274 8270 8239 8281 
23621 8274 8281 8239 427 
23622 426 8269 8240 427 
23623 427 8269 8240 8274 
23624 8274 8240 8251 8269 
23625 8269 8274 8268 8251 
23626 426 8251 8240 8269 
23627 425 8275 427 8175 
23628 422 8275 8266 8175 
23629 8268 8275 8270 8274 
23630 8275 425 8274 8268 
23631 8274 8266 8281 422 
23632 431 8284 8288 8372 
23633 8282 8372 8373 8374 
23634 8317 8308 8316 8307 
23635 8372 8373 8374 8375 
23636 8362 8361 8374 8376 
23637 428 8362 8377 8348 
23638 431 8285 8284 8373 
23639 430 8347 8288 8372 
23640 431 8284 8372 8373 
23641 430 8361 8347 8374 
23642 8284 8285 432 8373 
23643 8285 432 8373 8363 
23644 435 8377 8378 8348 
23645 8299 8298 8293 8379 
23646 8301 8300 8379 8380 
23647 8312 8309 8380 8381 
23648 8298 8295 8294 8379 
23649 8297 8289 8291 8379 
23650 8299 8293 8289 8379 
23651 8313 8303 8295 8379 
23652 8323 8312 8303 8380 
23653 8285 8360 8363 8373 
23654 8309 8301 8302 8380 
23655 8307 8290 8296 8379 
23656 8311 8301 8309 8380 
23657 8324 8304 8314 8380 
23658 8320 8292 8300 8380 
23659 8313 8379 8304 8380 
23660 8304 8296 8291 8379 
23661 8320 8300 8311 8380 
23662 8318 8316 8317 8308 
23663 8308 8297 8307 8379 
23664 8300 8292 8289 8379 
23665 8301 8300 8293 8379 
23666 8308 8296 8295 8379 
23667 8303 8294 8295 8379 
23668 8320 8310 8305 8380 
23669 8363 8373 8360 8375 
23670 8313 8303 8379 8380 
23671 8299 8289 8297 8379 
23672 8360 8373 8372 8375 
23673 8313 8296 8304 8379 
23674 8302 8301 8294 8380 
23675 8323 8303 8313 8380 
23676 8313 8295 8296 8379 
23677 8324 8323 8380 8381 
23678 8316 8308 8306 8297 
23679 8298 8294 8293 8379 
23680 8301 8293 8294 8379 
23681 8339 8329 8328 8382 
23682 8320 8305 8292 8380 
23683 8318 8315 8306 8299 
23684 8328 8318 8317 8308 
23685 8324 8313 8304 8380 
23686 8292 8291 8379 8380 
23687 8321 8311 8309 8381 
23688 8314 8380 8310 8381 
23689 8312 8302 8303 8380 
23690 8320 8310 8380 8381 
23691 8297 8308 8306 8299 
23692 8325 8314 8319 8381 
23693 8314 8305 8310 8380 
23694 8322 8321 8309 8381 
23695 8332 8320 8311 8381 
23696 8320 8380 8311 8381 
23697 8327 8306 8316 8382 
23698 8338 8328 8318 8382 
23699 8303 8302 8294 8380 
23700 8373 8374 8375 8378 
23701 8282 8374 8373 8378 
23702 8299 8308 8306 8318 
23703 8331 8310 8320 8381 
23704 8305 8291 8292 8380 
23705 8325 8324 8314 8381 
23706 8318 8316 8306 8382 
23707 8318 8299 8308 8298 
23708 8311 8300 8301 8380 
23709 8300 8289 8293 8379 
23710 8327 8326 8382 8383 
23711 8308 8298 8297 8379 
23712 8308 8298 8299 8297 
23713 8337 8316 8317 8382 
23714 8316 8307 8308 8297 
23715 8327 8326 8315 8382 
23716 8334 8324 8325 8381 
23717 8332 8331 8320 8381 
23718 8296 8290 8291 8379 
23719 8300 8292 8379 8380 
23720 8333 8312 8323 8381 
23721 8351 8336 8327 8383 
23722 8338 8318 8315 8382 
23723 8301 8379 8294 8380 
23724 8334 8323 8324 8381 
23725 4902 4901 8384 8385 
23726 8368 8364 8384 8386 
23727 434 8371 8365 8386 
23728 8365 8353 8354 8383 
23729 8311 8380 8309 8381 
23730 8332 8381 8321 8387 
23731 8342 8319 8331 8387 
23732 8343 8342 8331 8387 
23733 434 8365 8287 8386 
23734 8362 8348 8342 8375 
23735 8345 8325 8335 8387 
23736 8335 8325 8319 8387 
23737 8351 8327 8337 8383 
23738 8318 8306 8315 8382 
23739 8324 8323 8313 8380 
23740 8333 8322 8381 8387 
23741 8348 8335 8342 8375 
23742 8325 8381 8319 8387 
23743 8332 8311 8321 8381 
23744 8341 8332 8321 8387 
23745 8322 8309 8312 8381 
23746 8334 8333 8381 8387 
23747 8345 8344 8334 8387 
23748 8344 8333 8334 8387 
23749 8331 8319 8381 8387 
23750 8345 8334 8325 8387 
23751 8332 8331 8381 8387 
23752 8334 8381 8325 8387 
23753 8340 8330 8322 8387 
23754 8337 8382 8329 8383 
23755 8341 8321 8330 8387 
23756 8343 8332 8341 8387 
23757 8337 8327 8316 8382 
23758 8339 8328 8338 8382 
23759 8314 8304 8305 8380 
23760 8319 8314 8310 8381 
23761 8346 8330 8340 8376 
23762 8341 8330 8376 8387 
23763 8340 8376 8330 8387 
23764 8377 8378 8348 8374 
23765 8343 8376 8375 8387 
23766 8343 8375 8342 8387 
23767 8339 8382 8338 8383 
23768 8338 8315 8326 8382 
23769 8324 8380 8314 8381 
23770 8366 8383 8358 8384 
23771 8339 8329 8382 8383 
23772 8337 8327 8382 8383 
23773 8358 8383 8352 8384 
23774 8355 8339 8338 8383 
23775 435 429 8378 8377 
23776 8347 8341 8330 8376 
23777 8360 8340 8344 8376 
23778 8329 8317 8328 8382 
23779 8304 8379 8291 8380 
23780 8371 8383 8365 8384 
23781 8357 8383 8356 8384 
23782 8361 8341 8347 8376 
23783 8322 8321 8381 8387 
23784 8361 8347 8374 8376 
23785 8282 430 8372 8374 
23786 8327 8315 8306 8382 
23787 8318 8317 8316 8382 
23788 8362 8375 8343 8376 
23789 8349 8345 8335 8375 
23790 8345 8335 8375 8387 
23791 8288 8347 8346 8372 
23792 8283 8362 8361 8374 
23793 8323 8312 8380 8381 
23794 8345 8375 8344 8387 
23795 8363 8344 8345 8375 
23796 8362 8342 8343 8375 
23797 8359 8350 8339 8383 
23798 8361 8343 8341 8376 
23799 8374 428 8283 8362 
23800 8331 8319 8310 8381 
23801 8282 8284 432 8373 
23802 8282 8378 429 8374 
23803 8363 8375 8349 8378 
23804 8349 8375 8348 8378 
23805 8378 8349 435 8348 
23806 8362 8343 8361 8376 
23807 8340 8322 8333 8387 
23808 8347 8330 8346 8376 
23809 8343 8331 8332 8387 
23810 431 8288 8346 8372 
23811 8347 8346 8372 8376 
23812 8363 8373 8375 8378 
23813 8360 8346 8340 8376 
23814 435 8282 8378 429 
23815 8333 8322 8312 8381 
23816 8352 8326 8336 8383 
23817 8353 8351 8337 8383 
23818 8343 8341 8376 8387 
23819 8354 8329 8350 8383 
23820 8354 8353 8337 8383 
23821 8362 8377 8348 8374 
23822 8342 8335 8319 8387 
23823 4897 8369 4898 8385 
23824 4901 8357 8384 8385 
23825 201 8357 8356 8384 
23826 8368 8364 8383 8384 
23827 8367 8358 8352 8384 
23828 8338 8382 8326 8383 
23829 8371 8356 8351 8383 
23830 8371 8353 8365 8383 
23831 8368 8364 8350 8383 
23832 8357 8352 8383 8384 
23833 8354 8337 8329 8383 
23834 4897 8370 8369 8385 
23835 8348 8375 8374 8378 
23836 8297 8291 8290 8379 
23837 8365 8383 8364 8384 
23838 8358 8355 8352 8383 
23839 8371 8384 8365 8386 
23840 4902 200 8368 8386 
23841 8287 8365 8364 8386 
23842 202 434 8287 8386 
23843 8366 8355 8358 8383 
23844 8303 8294 8379 8380 
23845 8369 8384 8367 8385 
23846 8344 8376 8340 8387 
23847 8363 8360 8344 8375 
23848 8359 8339 8355 8383 
23849 8283 8361 430 8374 
23850 8366 8359 8383 8384 
23851 8347 8372 8374 8376 
23852 8367 8352 8357 8384 
23853 4899 8367 8357 8385 
23854 8286 202 8356 8371 
23855 202 8384 8371 8386 
23856 4901 4899 8357 8385 
23857 8312 8309 8302 8380 
23858 8344 8375 8376 8387 
23859 8357 8336 8356 8383 
23860 8367 8384 8357 8385 
23861 8330 8321 8322 8387 
23862 432 8373 8363 8378 
23863 431 8360 8285 8373 
23864 431 8346 8360 8372 
23865 8360 8372 8346 8376 
23866 8334 8333 8323 8381 
23867 429 428 8283 8374 
23868 8362 8377 8374 428 
23869 4902 8368 8384 8386 
23870 8360 8344 8375 8376 
23871 428 8377 8374 429 
23872 435 429 8377 428 
23873 8355 8338 8352 8383 
23874 8368 8350 8359 8383 
23875 200 8287 8364 8386 
23876 200 4900 8287 8386 
23877 8282 8288 8284 8372 
23878 8356 8336 8351 8383 
23879 4902 8384 202 8386 
23880 8342 8375 8335 8387 
23881 8352 8338 8326 8383 
23882 8336 8326 8327 8383 
23883 8299 8297 8298 8379 
23884 4896 8370 4902 8368 
23885 8371 202 8356 8384 
23886 8357 8352 8336 8383 
23887 4901 8357 201 8384 
23888 8370 8366 8369 8384 
23889 4902 8384 8370 8385 
23890 4902 8368 8370 8384 
23891 4897 4902 8370 8385 
23892 4898 8369 8367 8385 
23893 8371 8356 8383 8384 
23894 8369 8358 8367 8384 
23895 431 8372 8360 8373 
23896 8369 8366 8358 8384 
23897 8368 8383 8359 8384 
23898 4896 4902 200 8368 
23899 8350 8329 8339 8383 
23900 4898 4899 4901 8385 
23901 8360 8375 8372 8376 
23902 8282 8283 430 8374 
23903 200 8364 8368 8386 
23904 4902 4900 200 8386 
23905 8318 8308 8306 8316 
23906 202 8287 4900 8386 
23907 4902 4898 4901 8385 
23908 8292 8291 8289 8379 
23909 8362 8374 8348 8375 
23910 4896 4897 4902 8370 
23911 8384 202 8356 201 
23912 4901 4899 201 8357 
23913 202 8371 434 8386 
23914 202 8286 434 8371 
23915 8371 8351 8353 8383 
23916 8365 8384 8364 8386 
23917 8282 8372 8284 8373 
23918 201 202 8356 8286 
23919 4898 8367 4899 8385 
23920 8370 8384 8369 8385 
23921 4897 4898 4902 8385 
23922 8372 8375 8374 8376 
23923 8282 8373 432 8378 
23924 8363 8345 8349 8375 
23925 430 8347 8372 8374 
23926 8349 8335 8348 8375 
23927 432 8378 8349 435 
23928 8285 8363 433 432 
23929 8282 430 8288 8372 
23930 4902 202 4900 8386 
23931 8362 8374 8375 8376 
23932 8328 8317 8318 8382 
23933 8370 8368 8359 8384 
23934 432 8282 8378 435 
23935 429 8283 8282 8374 
23936 8365 8354 8364 8383 
23937 8370 8359 8366 8384 
23938 8344 8340 8333 8387 
23939 8364 8354 8350 8383 
23940 4902 4901 202 8384 
23941 8337 8317 8329 8382 
23942 8366 8359 8355 8383 
23943 8307 8297 8290 8379 
23944 8305 8304 8291 8380 
23945 8308 8307 8296 8379 
23946 8308 8295 8298 8379 
23947 4901 201 202 8384 
23948 8349 8378 432 8363 
23949 432 8363 433 8349 
23950 435 8349 432 433 
23951 429 8378 8377 8374 
23952 435 8377 8348 428 
23953 197 8459 8466 8479 
23954 8414 8396 8412 8480 
23955 8424 8412 8411 8480 
23956 8435 8403 8414 8480 
23957 8410 8401 8403 8480 
23958 8411 8398 8402 8480 
23959 8435 8424 8413 8480 
23960 8413 8405 8404 8480 
23961 8418 8397 8406 8481 
23962 8406 8397 8398 8481 
23963 8408 8399 8400 8481 
23964 8405 8404 8480 8481 
23965 8400 8399 8480 8481 
23966 197 8392 8459 8479 
23967 8393 8464 8392 8479 
23968 8417 8416 8404 8482 
23969 8476 8479 8466 8483 
23970 8388 8484 8485 8486 
23971 8407 8406 8398 8481 
23972 8427 8482 8419 8487 
23973 8427 8426 8418 8482 
23974 8425 8422 8482 8487 
23975 8419 8482 8415 8487 
23976 8409 8408 8400 8481 
23977 8425 8422 8416 8482 
23978 8394 8456 8455 8486 
23979 4895 8470 8479 8488 
23980 8407 8406 8481 8482 
23981 8405 8480 8402 8481 
23982 8419 8406 8407 8482 
23983 8409 8400 8401 8481 
23984 8401 8400 8480 8481 
23985 8401 8421 8482 8410 
23986 8415 8407 8408 8482 
23987 4895 8479 4894 8488 
23988 8409 8421 8482 8401 
23989 8403 8401 8396 8480 
23990 8410 8481 8404 8482 
23991 8428 8419 8415 8487 
23992 8465 8464 8393 8479 
23993 8429 8415 8420 8487 
23994 8402 8480 8398 8481 
23995 8435 8413 8403 8480 
23996 8410 8480 8404 8481 
23997 8420 8408 8409 8482 
23998 8427 8406 8419 8482 
23999 8408 8407 8481 8482 
24000 8408 8407 8399 8481 
24001 8412 8396 8395 8480 
24002 8418 8417 8481 8482 
24003 8424 8411 8402 8480 
24004 8416 8410 8404 8482 
24005 8421 8410 8416 8482 
24006 8486 8485 8489 8484 
24007 8409 8408 8481 8482 
24008 8413 8402 8405 8480 
24009 8456 8455 8486 8490 
24010 438 8456 8394 8486 
24011 439 8390 8394 8484 
24012 8430 8482 8422 8487 
24013 8436 8491 8423 8492 
24014 8435 8412 8414 8491 
24015 8433 8432 8412 8491 
24016 8448 8435 8436 8491 
24017 8410 8401 8480 8481 
24018 8439 8426 8427 8487 
24019 8429 8428 8415 8487 
24020 8436 8414 8423 8491 
24021 8430 8420 8409 8482 
24022 8435 8412 8424 8480 
24023 8430 8421 8422 8482 
24024 8460 8491 8448 8492 
24025 8435 8424 8412 8491 
24026 8413 8410 8403 8480 
24027 8427 8418 8406 8482 
24028 8419 8407 8415 8482 
24029 8423 8414 8412 8491 
24030 8433 8424 8412 8411 
24031 4892 4891 8477 8488 
24032 4892 8477 8470 8488 
24033 8470 8483 8479 8488 
24034 8426 8417 8418 8482 
24035 8441 8429 8487 8493 
24036 8426 8425 8417 8482 
24037 8476 8479 8483 8488 
24038 8426 8425 8482 8487 
24039 4891 198 8478 8488 
24040 8473 8457 8490 8489 
24041 8438 8425 8426 8487 
24042 8429 8428 8487 8493 
24043 8401 8400 8396 8480 
24044 8425 8416 8417 8482 
24045 8412 8395 8411 8480 
24046 8489 8484 8490 8486 
24047 8456 8437 8455 8490 
24048 8458 8490 8457 8489 
24049 8454 8431 8443 8493 
24050 8442 8430 8422 8487 
24051 8440 8439 8427 8487 
24052 8433 8412 8424 8491 
24053 8442 8422 8431 8487 
24054 8431 8422 8425 8487 
24055 8449 8429 8441 8493 
24056 8430 8409 8421 8482 
24057 8454 8490 8453 8493 
24058 442 8485 440 8494 
24059 8442 8441 8430 8487 
24060 8410 8401 8481 8482 
24061 437 8389 8388 8485 
24062 8439 8438 8487 8493 
24063 8441 8420 8430 8487 
24064 8473 8451 8452 8493 
24065 8452 8451 8439 8493 
24066 8451 8438 8439 8493 
24067 8490 8472 8489 8486 
24068 8495 8474 8494 8490 
24069 8454 8443 8490 8493 
24070 8448 8445 8435 8491 
24071 8438 8431 8425 8487 
24072 8435 8414 8412 8480 
24073 8420 8415 8408 8482 
24074 8447 8436 8423 8492 
24075 8494 8485 440 8495 
24076 8461 8483 8444 8492 
24077 8462 8436 8447 8492 
24078 8494 8391 8495 440 
24079 8461 8459 8444 8483 
24080 8474 8471 8490 8495 
24081 8437 8428 8429 8493 
24082 8440 8427 8419 8487 
24083 8446 8434 8433 8491 
24084 8441 8429 8420 8487 
24085 8432 8423 8412 8491 
24086 8447 8444 8483 8492 
24087 8460 8446 8445 8491 
24088 8474 8391 8495 8494 
24089 8436 8435 8414 8491 
24090 8460 8446 8491 8492 
24091 8450 8440 8428 8493 
24092 8471 8455 8449 8490 
24093 8455 8484 8486 8490 
24094 8391 441 8494 8474 
24095 8417 8404 8405 8481 
24096 8438 8431 8487 8493 
24097 8473 8472 8490 8493 
24098 8475 8469 8467 8492 
24099 8400 8399 8396 8480 
24100 8449 8437 8429 8493 
24101 8474 8471 8453 8490 
24102 8472 8452 8450 8493 
24103 8455 8437 8449 8490 
24104 8458 8454 8443 8490 
24105 8450 8428 8437 8493 
24106 8453 8490 8449 8493 
24107 8451 8443 8438 8493 
24108 8452 8440 8450 8493 
24109 8493 8457 8451 8443 
24110 8457 8490 8493 8473 
24111 8453 8449 8441 8493 
24112 8442 8441 8487 8493 
24113 8474 8453 8454 8490 
24114 8445 8433 8424 8491 
24115 8453 8441 8442 8493 
24116 8445 8424 8435 8491 
24117 8443 8490 8493 8457 
24118 8458 8490 8489 8494 
24119 439 8394 8455 8484 
24120 8454 8442 8431 8493 
24121 8454 8453 8442 8493 
24122 8439 8438 8426 8487 
24123 8388 8394 8484 8486 
24124 8443 8431 8438 8493 
24125 8389 8486 8485 8489 
24126 439 8455 8471 8484 
24127 8474 8454 8458 8490 
24128 439 8391 8390 8495 
24129 8440 8439 8487 8493 
24130 8471 8484 8455 8490 
24131 8440 8487 8428 8493 
24132 8489 437 8389 8473 
24133 8418 8417 8405 8481 
24134 8432 8423 8491 8492 
24135 8444 8432 8434 8492 
24136 8461 8434 8446 8492 
24137 8467 8448 8462 8492 
24138 8446 8433 8445 8491 
24139 8468 8462 8447 8492 
24140 4893 8393 8392 8479 
24141 8392 8464 8459 8479 
24142 8447 8423 8432 8492 
24143 8434 8432 8433 8491 
24144 8463 8483 8461 8492 
24145 8388 8485 8389 8486 
24146 8464 8459 8479 8483 
24147 8468 8447 8483 8492 
24148 8463 8446 8460 8492 
24149 8475 8467 8462 8492 
24150 8471 8484 8490 8495 
24151 8394 8455 8484 8486 
24152 8389 8472 438 8486 
24153 439 8390 8484 8495 
24154 439 8471 8391 8495 
24155 8456 8450 8437 8493 
24156 8473 8457 8451 8493 
24157 8388 8485 8484 8495 
24158 8486 8472 8489 8389 
24159 8469 8463 8460 8492 
24160 439 8484 8471 8495 
24161 8458 8443 8457 8490 
24162 437 8457 8473 8489 
24163 8389 8473 8472 8489 
24164 8495 8484 8490 8489 
24165 8475 8462 8468 8492 
24166 8440 8419 8428 8487 
24167 8456 8437 8490 8493 
24168 8473 8490 8472 8489 
24169 438 8472 8456 8486 
24170 8469 8483 8463 8492 
24171 8388 438 8394 8486 
24172 8465 8464 8479 8483 
24173 8472 8456 8490 8493 
24174 8388 8394 8390 8484 
24175 437 8389 8485 8489 
24176 8472 8450 8456 8493 
24177 441 440 8494 442 
24178 8485 8489 8494 442 
24179 8442 8487 8431 8493 
24180 442 8458 8457 8489 
24181 8446 8434 8491 8492 
24182 8388 8484 8390 8495 
24183 8466 8479 8459 8483 
24184 8466 8459 8461 8483 
24185 199 8393 4893 8479 
24186 8475 8468 8483 8492 
24187 8388 8390 440 8495 
24188 8476 8466 8463 8483 
24189 8473 8452 8472 8493 
24190 8470 8465 8479 8483 
24191 4895 8470 199 8479 
24192 8418 8481 8406 8482 
24193 4894 197 8466 8479 
24194 8447 8432 8444 8492 
24195 8495 8489 8494 8485 
24196 8477 8475 8468 8483 
24197 8465 8447 8464 8483 
24198 4894 4893 197 8479 
24199 8464 8444 8459 8483 
24200 8470 8468 8465 8483 
24201 4895 199 4893 8479 
24202 8476 8463 8469 8483 
24203 8467 8460 8448 8492 
24204 8478 8469 8475 8483 
24205 8475 8483 8469 8492 
24206 8463 8461 8446 8492 
24207 4890 198 4894 8476 
24208 4890 4894 197 8466 
24209 4892 8470 4895 8488 
24210 8477 8483 8470 8488 
24211 8430 8420 8482 8487 
24212 8464 8447 8444 8483 
24213 8391 8471 8474 8495 
24214 8484 8485 8489 8495 
24215 8388 8389 438 8486 
24216 8414 8403 8396 8480 
24217 4894 8476 198 8488 
24218 8478 8476 8483 8488 
24219 198 8476 8478 8488 
24220 8462 8448 8436 8492 
24221 4894 8466 8476 8479 
24222 8477 8468 8470 8483 
24223 8478 8475 8477 8483 
24224 199 8470 8465 8479 
24225 4892 199 4895 8470 
24226 197 4893 8392 8479 
24227 8468 8447 8465 8483 
24228 8388 440 8485 8495 
24229 8466 8461 8463 8483 
24230 199 8465 8393 8479 
24231 4895 4893 4894 8479 
24232 4891 4894 198 8488 
24233 4895 4894 4891 8488 
24234 8478 8476 8469 8483 
24235 8490 8474 8494 8458 
24236 4892 4895 4891 8488 
24237 8461 8444 8434 8492 
24238 4891 8478 8477 8488 
24239 4894 8479 8476 8488 
24240 8478 8483 8477 8488 
24241 8449 8490 8437 8493 
24242 4890 8476 4894 8466 
24243 8390 8391 440 8495 
24244 8460 8445 8448 8491 
24245 8473 437 8389 436 
24246 8427 8426 8482 8487 
24247 436 8457 8473 437 
24248 8388 440 442 8485 
24249 8469 8460 8467 8492 
24250 8482 8401 8481 8409 
24251 437 8485 442 8489 
24252 437 8457 442 436 
24253 440 441 8494 8391 
24254 437 8388 442 8485 
24255 8399 8398 8395 8480 
24256 8399 8398 8480 8481 
24257 8413 8404 8410 8480 
24258 8402 8398 8397 8481 
24259 8417 8404 8481 8482 
24260 8399 8395 8396 8480 
24261 8420 8415 8482 8487 
24262 8434 8432 8491 8492 
24263 8471 8449 8453 8490 
24264 8472 8456 8486 8490 
24265 8405 8402 8397 8481 
24266 8418 8405 8397 8481 
24267 8407 8398 8399 8481 
24268 8452 8439 8440 8493 
24269 8411 8395 8398 8480 
24270 8424 8402 8413 8480 
24271 8448 8491 8436 8492 
24272 8422 8421 8416 8482 
24273 8489 437 8457 442 
24274 441 8494 8458 442 
24275 442 8494 8458 8489 
24276 8494 8490 8489 8495 
24277 8458 441 8474 8494 
37463 13298 13300 13297 13301 
37464 13297 13300 13289 13302 
37465 13290 13287 13300 13301 
37466 733 13300 13287 13301 
37467 731 13288 13300 13302 
37468 13217 731 13296 13300 
37469 13297 13301 13300 13302 
37470 388 387 13299 13303 
37471 13228 13223 13226 13304 
37472 735 13289 13220 13302 
37473 13247 13239 13255 13305 
37474 13239 13230 13233 13224 
37475 13230 13233 13305 13239 
37476 13233 13232 13223 13304 
37477 13241 13227 13228 13306 
37478 13228 13222 13223 13304 
37479 13228 13227 13222 13304 
37480 13240 13225 13229 13306 
37481 13238 13231 13225 13304 
37482 13241 13228 13236 13306 
37483 13231 13230 13227 13304 
37484 13220 13289 13288 13302 
37485 13240 13229 13237 13306 
37486 13238 13232 13233 13304 
37487 13230 13255 13305 13231 
37488 13240 13234 13226 13306 
37489 13244 13240 13237 13307 
37490 13263 13307 13245 13308 
37491 13237 13229 13235 13306 
37492 13240 13306 13237 13307 
37493 13231 13305 13304 13238 
37494 13251 13307 13242 13308 
37495 13261 13242 13243 13307 
37496 13229 13225 13227 13306 
37497 13238 13247 13305 13233 
37498 13236 13306 13234 13307 
37499 13248 13239 13247 13233 
37500 13233 13224 13230 13304 
37501 13256 13247 13248 13239 
37502 13258 13256 13248 13239 
37503 13230 13231 13305 13304 
37504 13241 13306 13236 13307 
37505 731 13220 13288 13302 
37506 13236 13228 13226 13306 
37507 13253 13307 13250 13308 
37508 732 13220 731 13302 
37509 13263 13245 13244 13237 
37510 13241 13235 13306 13307 
37511 13236 13226 13234 13306 
37512 13239 13233 13305 13247 
37513 13251 13241 13242 13307 
37514 13245 13235 13241 13307 
37515 13255 13247 13305 13238 
37516 13251 13245 13307 13308 
37517 13242 13241 13236 13307 
37518 13241 13235 13227 13306 
37519 13245 13237 13235 13307 
37520 732 13218 13220 13302 
37521 13258 13248 13249 13239 
37522 13263 13254 13307 13308 
37523 13261 13307 13253 13308 
37524 13263 13245 13260 13308 
37525 13261 13242 13307 13308 
37526 13256 13247 13255 13246 
37527 13258 13249 13248 13309 
37528 13237 13306 13235 13307 
37529 13256 13255 13247 13239 
37530 13268 13257 13249 13309 
37531 13278 13258 13265 13309 
37532 13258 13248 13256 13309 
37533 13261 13308 13253 13310 
37534 13263 13254 13244 13307 
37535 13263 13244 13245 13307 
37536 13231 13227 13225 13304 
37537 7642 388 13291 13303 
37538 13272 13271 13261 13310 
37539 13276 13275 13308 13310 
37540 13260 13245 13251 13308 
37541 13276 13308 13260 13310 
37542 13260 13308 13252 13310 
37543 7641 13292 387 13303 
37544 13261 13243 13253 13307 
37545 13275 13254 13263 13308 
37546 13259 13253 13308 13310 
37547 13227 13225 13226 13306 
37548 13258 13255 13256 13239 
37549 13272 13261 13253 13310 
37550 13265 13258 13256 13309 
37551 13266 13256 13248 13309 
37552 13261 13252 13242 13308 
37553 13255 13246 13247 13238 
37554 13250 13234 13240 13307 
37555 13268 13309 13267 13311 
37556 13286 13266 13277 13309 
37557 13277 13266 13257 13309 
37558 13268 13249 13267 13309 
37559 13276 13263 13260 13308 
37560 13257 13248 13249 13309 
37561 13293 13267 13279 13311 
37562 13277 13309 13268 13311 
37563 13250 13240 13244 13307 
37564 13250 13243 13234 13307 
37565 13266 13248 13257 13309 
37566 13271 13270 13252 13310 
37567 13276 13275 13310 13312 
37568 13270 13264 13260 13310 
37569 13293 13279 13303 13311 
37570 13294 13303 13291 13311 
37571 13269 13259 13262 13310 
37572 13261 13252 13308 13310 
37573 13238 13225 13226 13304 
37574 13282 13281 13310 13312 
37575 13285 13276 13283 13312 
37576 13267 13249 13258 13309 
37577 13233 13223 13224 13304 
37578 13259 13253 13250 13308 
37579 13254 13250 13244 13307 
37580 13269 13310 13262 13312 
37581 13262 13259 13254 13310 
37582 13275 13262 13254 13310 
37583 13224 13223 13222 13304 
37584 13251 13245 13241 13307 
37585 13278 13267 13258 13309 
37586 13286 13256 13266 13309 
37587 13272 13253 13269 13310 
37588 13286 13278 13309 13311 
37589 13294 13277 13268 13311 
37590 13277 13257 13268 13309 
37591 13252 13251 13242 13308 
37592 13230 13224 13222 13304 
37593 13285 13275 13276 13312 
37594 13284 13274 13262 13312 
37595 13253 13243 13250 13307 
37596 13259 13308 13254 13310 
37597 13276 13260 13264 13310 
37598 13265 13256 13258 13255 
37599 13269 13253 13259 13310 
37600 13280 13310 13269 13312 
37601 13280 13272 13269 13310 
37602 13283 13264 13273 13312 
37603 13278 13267 13309 13311 
37604 13270 13260 13252 13310 
37605 13243 13242 13236 13307 
37606 13289 13283 13273 13312 
37607 13297 13283 13289 13312 
37608 736 734 13298 13301 
37609 734 13221 13290 13301 
37610 13230 13222 13227 13304 
37611 13254 13250 13307 13308 
37612 13218 13301 735 13302 
37613 13281 13273 13270 13312 
37614 13286 13309 13277 13311 
37615 13292 13279 13278 13311 
37616 13291 13286 13277 13311 
37617 13243 13236 13234 13307 
37618 13275 13254 13308 13310 
37619 13293 13268 13267 13311 
37620 736 13297 735 13301 
37621 13260 13251 13252 13308 
37622 13294 13268 13293 13311 
37623 386 7642 13294 13303 
37624 7641 13293 13279 13303 
37625 13297 13289 13300 13312 
37626 13281 13270 13271 13310 
37627 13282 13272 13280 13310 
37628 733 13287 13221 13301 
37629 13287 13280 13274 13312 
37630 13295 13287 13300 13312 
37631 732 13300 733 13301 
37632 13282 13310 13280 13312 
37633 13289 13288 13300 13312 
37634 13297 13285 13283 13312 
37635 13296 13282 13295 13312 
37636 13295 13282 13280 13312 
37637 13275 13262 13310 13312 
37638 13288 13273 13281 13312 
37639 13290 13274 13284 13312 
37640 13283 13276 13264 13312 
37641 13290 13287 13274 13312 
37642 13221 13287 13290 13301 
37643 13290 13300 13287 13312 
37644 13217 13296 13295 13300 
37645 13285 13284 13275 13312 
37646 13273 13264 13270 13312 
37647 13298 13285 13297 13312 
37648 13296 13295 13300 13312 
37649 13296 13300 13288 13312 
37650 13282 13281 13271 13310 
37651 13298 13290 13284 13312 
37652 735 13297 13289 13302 
37653 733 13295 13287 13300 
37654 735 13301 13297 13302 
37655 13245 13244 13237 13307 
37656 13281 13270 13310 13312 
37657 13298 13284 13285 13312 
37658 13270 13264 13310 13312 
37659 13296 13281 13282 13312 
37660 13289 13300 13288 13302 
37661 736 13298 13297 13301 
37662 7642 388 13219 13291 
37663 387 13292 13299 13303 
37664 386 13294 13293 13303 
37665 7642 13219 13294 13291 
37666 13299 13303 13292 13311 
37667 732 13300 13218 13302 
37668 13218 735 13220 13302 
37669 13295 13280 13287 13312 
37670 13218 13221 734 13301 
37671 732 733 13221 13301 
37672 732 13221 13218 13301 
37673 13271 13252 13261 13310 
37674 13299 13292 13278 13311 
37675 13299 13278 13286 13311 
37676 734 13290 13298 13301 
37677 7641 387 7642 13303 
37678 7642 387 388 13303 
37679 386 7641 7642 13303 
37680 13294 13293 13303 13311 
37681 13276 13275 13263 13308 
37682 7642 13291 13294 13303 
37683 13299 13291 13303 13311 
37684 386 7642 13219 13294 
37685 13279 13267 13278 13311 
37686 732 731 13300 13302 
37687 13298 13290 13300 13301 
37688 13284 13262 13275 13312 
37689 13280 13269 13274 13312 
37690 13276 13310 13264 13312 
37691 13289 13273 13288 13312 
37692 732 13217 733 13300 
37693 731 13288 13296 13300 
37694 13259 13250 13254 13308 
37695 388 13299 13291 13303 
37696 386 13293 7641 13303 
37697 13294 13291 13277 13311 
37698 732 13218 13300 13301 
37699 13286 13265 13256 13309 
37700 13299 13286 13291 13311 
37701 13292 13303 13279 13311 
37702 13298 13297 13300 13312 
37703 736 735 13218 13301 
37704 13298 13300 13290 13312 
37705 13296 13288 13281 13312 
37706 733 13217 13295 13300 
37707 732 731 13217 13300 
37708 13228 13226 13227 13304 
37709 13235 13229 13227 13306 
37710 13228 13227 13226 13306 
37711 13227 13226 13225 13304 
37712 13240 13226 13225 13306 
37713 7641 13279 13292 13303 
37714 13266 13248 13256 13247 
37715 13274 13269 13262 13312 
37716 13282 13271 13272 13310 
37717 13247 13233 13238 13232 
37718 13240 13234 13306 13307 
37719 13286 13278 13265 13309 
37720 13238 13226 13232 13304 
37721 13218 13300 13301 13302 
37722 13232 13226 13223 13304 
37723 736 13218 734 13301 
37724 13305 13239 13255 13230 
37725 13255 13305 13231 13238 
37726 13304 13305 13233 13238 
37727 13230 13304 13305 13233 
37728 13337 13322 13327 13399 
37729 13335 13399 13334 13400 
37730 13337 13336 13322 13399 
37731 13331 13323 13319 13401 
37732 13319 13318 13400 13401 
37733 13332 13401 13328 13402 
37734 13329 13327 13318 13400 
37735 13324 13400 13320 13401 
37736 13336 13321 13322 13400 
37737 13326 13325 13320 13400 
37738 13343 13334 13335 13399 
37739 13331 13323 13401 13402 
37740 13338 13325 13329 13401 
37741 13331 13319 13324 13401 
37742 13351 13326 13336 13399 
37743 13342 13333 13328 13402 
37744 13335 13325 13326 13400 
37745 13328 13320 13325 13401 
37746 13339 13401 13330 13402 
37747 13340 13323 13331 13402 
37748 13350 13327 13334 13399 
37749 13339 13338 13329 13401 
37750 13329 13325 13400 13401 
37751 13339 13329 13330 13401 
37752 13345 13339 13330 13402 
37753 13330 13401 13323 13402 
37754 13339 13338 13401 13402 
37755 13360 13333 13342 13402 
37756 13352 13351 13336 13399 
37757 13332 13331 13324 13401 
37758 13334 13399 13327 13400 
37759 13332 13324 13320 13401 
37760 13341 13332 13333 13402 
37761 13332 13331 13401 13402 
37762 13335 13334 13325 13400 
37763 13330 13329 13323 13401 
37764 13360 13342 13349 13402 
37765 13326 13320 13321 13400 
37766 13344 13342 13338 13402 
37767 13349 13342 13344 13402 
37768 13403 13404 13405 13406 
37769 13340 13330 13323 13402 
37770 13325 13320 13400 13401 
37771 13356 13340 13347 13407 
37772 13345 13330 13340 13402 
37773 13338 13328 13325 13401 
37774 13352 13399 13337 13408 
37775 13360 13358 13341 13407 
37776 13333 13332 13328 13402 
37777 13346 13345 13340 13407 
37778 13347 13340 13331 13402 
37779 13356 13346 13340 13407 
37780 13371 13407 13357 13409 
37781 13360 13402 13349 13407 
37782 13355 13349 13344 13407 
37783 13347 13402 13341 13407 
37784 13368 13367 13407 13409 
37785 13345 13344 13339 13402 
37786 13344 13338 13339 13402 
37787 13356 13407 13348 13409 
37788 13347 13331 13332 13402 
37789 13356 13347 13348 13407 
37790 13345 13402 13340 13407 
37791 13358 13348 13407 13409 
37792 13345 13344 13402 13407 
37793 13369 13368 13356 13409 
37794 13367 13355 13346 13407 
37795 13383 13404 13374 13409 
37796 13372 13369 13348 13409 
37797 13358 13347 13341 13407 
37798 13361 13350 13343 13408 
37799 13362 13343 13351 13408 
37800 13338 13328 13401 13402 
37801 13336 13399 13326 13400 
37802 13360 13341 13402 13407 
37803 13355 13344 13345 13407 
37804 13350 13399 13343 13408 
37805 13362 13361 13343 13408 
37806 13385 13361 13362 13410 
37807 13385 13362 13376 13410 
37808 13360 13341 13333 13402 
37809 13363 13408 13353 13410 
37810 13364 13352 13337 13408 
37811 13350 13337 13399 13408 
37812 13364 13353 13408 13410 
37813 13364 13353 13352 13408 
37814 13364 13350 13354 13408 
37815 13365 13364 13354 13410 
37816 13376 13363 13366 13410 
37817 13363 13362 13351 13408 
37818 13385 13375 13361 13410 
37819 13342 13328 13338 13402 
37820 13374 13358 13360 13409 
37821 13335 13326 13399 13400 
37822 13382 13370 13404 13409 
37823 13368 13367 13346 13407 
37824 13368 13346 13356 13407 
37825 13369 13356 13348 13409 
37826 13381 13369 13379 13409 
37827 13379 13369 13372 13409 
37828 13372 13358 13359 13409 
37829 13383 13382 13404 13409 
37830 13381 13368 13369 13409 
37831 13375 13365 13410 13411 
37832 13380 13404 13370 13409 
37833 13371 13360 13349 13407 
37834 13367 13357 13355 13407 
37835 13370 13357 13367 13409 
37836 13377 13364 13365 13410 
37837 13324 13319 13400 13401 
37838 13363 13351 13352 13408 
37839 13394 13380 13381 13404 
37840 13379 13372 13373 13404 
37841 13367 13357 13407 13409 
37842 13364 13408 13354 13410 
37843 13361 13354 13350 13408 
37844 13385 13410 13376 13411 
37845 13361 13354 13408 13410 
37846 13389 13365 13375 13411 
37847 13355 13345 13346 13407 
37848 13351 13343 13335 13399 
37849 13390 13377 13365 13411 
37850 13385 13375 13410 13411 
37851 13391 13411 13378 13412 
37852 13329 13318 13323 13401 
37853 13388 13382 13370 13404 
37854 13357 13349 13355 13407 
37855 13372 13359 13404 13409 
37856 13381 13379 13404 13409 
37857 13388 13370 13387 13404 
37858 13371 13349 13357 13407 
37859 13397 13405 13404 13406 
37860 384 13391 7639 13412 
37861 13393 13379 13386 13404 
37862 13358 13348 13347 13407 
37863 13366 13363 13353 13410 
37864 13363 13362 13408 13410 
37865 13377 13353 13364 13410 
37866 13360 13358 13407 13409 
37867 13374 13359 13358 13409 
37868 13375 13365 13354 13410 
37869 13374 13404 13359 13409 
37870 13374 13360 13371 13409 
37871 13350 13337 13327 13399 
37872 13351 13343 13399 13408 
37873 13384 13359 13374 13404 
37874 13384 13373 13359 13404 
37875 13364 13337 13350 13408 
37876 13394 13381 13393 13404 
37877 13382 13371 13357 13409 
37878 13386 13379 13373 13404 
37879 13352 13336 13337 13399 
37880 13383 13371 13382 13409 
37881 13379 13372 13404 13409 
37882 13380 13370 13367 13409 
37883 739 13386 13317 13405 
37884 13380 13367 13368 13409 
37885 13372 13348 13358 13409 
37886 13377 13366 13410 13411 
37887 13395 13383 13382 13404 
37888 13382 13357 13370 13409 
37889 13390 13378 13377 13411 
37890 13378 13366 13377 13411 
37891 13377 13410 13365 13411 
37892 13398 13376 13391 13411 
37893 13347 13332 13341 13402 
37894 13376 13362 13363 13410 
37895 13363 13352 13353 13408 
37896 13391 13366 13378 13411 
37897 13392 13389 13375 13411 
37898 13398 13392 13385 13411 
37899 13390 13411 13389 13412 
37900 13388 13404 13403 13406 
37901 13398 13411 13391 13412 
37902 13377 13366 13353 13410 
37903 7639 13378 13390 13412 
37904 13390 13365 13389 13411 
37905 7640 385 13389 13412 
37906 383 13392 13398 13412 
37907 13405 13313 739 13393 
37908 737 13316 13387 13403 
37909 738 13313 739 13405 
37910 13397 13404 13396 13406 
37911 738 737 13313 13403 
37912 13394 13387 13380 13404 
37913 13393 13381 13379 13404 
37914 13383 13374 13371 13409 
37915 13395 13382 13388 13404 
37916 13393 13403 13405 13313 
37917 740 13317 13397 13406 
37918 13387 13370 13380 13404 
37919 741 738 13413 13316 
37920 13397 13384 13396 13404 
37921 13371 13360 13407 13409 
37922 13394 13403 13387 13404 
37923 13384 13374 13383 13404 
37924 13336 13322 13399 13400 
37925 13396 13404 13395 13406 
37926 13396 13383 13395 13404 
37927 13390 13378 13411 13412 
37928 13362 13361 13408 13410 
37929 13398 13392 13411 13412 
37930 384 7640 383 13412 
37931 385 13390 13389 13412 
37932 384 383 13398 13412 
37933 13375 13354 13361 13410 
37934 7640 13392 383 13412 
37935 7640 13315 13392 13389 
37936 7640 13389 13392 13412 
37937 13368 13407 13356 13409 
37938 13398 13385 13376 13411 
37939 13316 738 13413 13403 
37940 7640 13315 383 13392 
37941 13392 13389 13411 13412 
37942 13376 13410 13366 13411 
37943 13349 13402 13344 13407 
37944 13392 13375 13385 13411 
37945 7639 13390 385 13412 
37946 738 13316 737 13403 
37947 742 13395 741 13406 
37948 13413 13316 13388 741 
37949 13393 13404 13386 13405 
37950 13316 13388 13387 13403 
37951 384 13398 13391 13412 
37952 13317 13405 13397 13406 
37953 740 13397 13396 13406 
37954 13405 738 13413 13314 
37955 13397 13373 13384 13404 
37956 13381 13404 13380 13409 
37957 13403 738 13413 13405 
37958 742 13396 13395 13406 
37959 13397 13386 13373 13404 
37960 13317 13413 740 13314 
37961 13334 13329 13325 13400 
37962 13394 13393 13403 13404 
37963 7639 13391 13378 13412 
37964 13391 13376 13366 13411 
37965 7639 385 7640 13412 
37966 740 13413 742 13314 
37967 737 13387 13394 13403 
37968 13373 13372 13359 13404 
37969 13313 737 13394 13403 
37970 13314 738 13413 741 
37971 739 13317 13314 13405 
37972 13406 13317 13413 740 
37973 13350 13334 13343 13399 
37974 738 739 13314 13405 
37975 741 13395 13388 13406 
37976 13313 13403 13405 738 
37977 13352 13351 13399 13408 
37978 742 740 13396 13406 
37979 13323 13318 13319 13401 
37980 13327 13322 13318 13400 
37981 13327 13399 13322 13400 
37982 13406 13405 13413 13317 
37983 13336 13326 13321 13400 
37984 13332 13320 13328 13401 
37985 13324 13321 13320 13400 
37986 13322 13319 13318 13400 
37987 13324 13319 13322 13400 
37988 13395 13404 13388 13406 
37989 13396 13384 13383 13404 
37990 13403 13316 13388 13413 
37991 13324 13322 13321 13400 
37992 13381 13380 13368 13409 
37993 13388 13387 13403 13404 
37994 13393 13403 13404 13405 
37995 13313 13394 13393 13403 
37996 384 7639 7640 13412 
37997 7640 385 13315 13389 
37998 13334 13327 13329 13400 
37999 13347 13340 13402 13407 
38000 13351 13335 13326 13399 
38001 13329 13400 13318 13401 
38002 13317 13386 13397 13405 
38003 13397 13386 13404 13405 
38004 739 13393 13386 13405 
38005 13406 740 13413 742 
38006 741 13413 13406 13388 
38007 13388 13413 13406 13403 
38008 13403 13413 13406 13405 
38009 13405 13413 13317 13314 
38010 742 13413 741 13314 
38011 13406 742 13413 741 
38012 13491 13474 13485 13501 
38013 13481 13501 13474 13502 
38014 13499 13491 13485 13501 
38015 13483 13501 13481 13502 
38016 13499 13501 13498 13502 
38017 13483 13482 13501 13502 
38018 13498 13501 13490 13502 
38019 13489 13473 13482 13501 
38020 13490 13473 13489 13501 
38021 13437 13428 13430 13422 
38022 13445 13444 13432 13503 
38023 13442 13440 13503 13504 
38024 13426 13420 13419 13505 
38025 13434 13425 13426 13420 
38026 13444 13423 13432 13505 
38027 13443 13442 13435 13503 
38028 13505 13420 13419 13422 
38029 13430 13428 13429 13425 
38030 13506 744 13414 743 
38031 13427 13422 13423 13505 
38032 13439 13430 13437 13429 
38033 13435 13421 13427 13505 
38034 13422 13421 13419 13505 
38035 13455 13467 13507 13449 
38036 13447 13431 13437 13428 
38037 13439 13430 13429 13425 
38038 13434 13420 13426 13505 
38039 13441 13440 13434 13505 
38040 13444 13436 13427 13503 
38041 13441 13435 13503 13505 
38042 13444 13427 13423 13505 
38043 13432 13424 13503 13505 
38044 13434 13424 13420 13505 
38045 13439 13437 13431 13429 
38046 13437 13431 13429 13428 
38047 13442 13441 13435 13503 
38048 13441 13426 13435 13505 
38049 13440 13433 13424 13503 
38050 744 745 13418 13508 
38051 13452 13436 13444 13503 
38052 13437 13429 13430 13428 
38053 13430 13422 13425 13420 
38054 13448 13447 13439 13437 
38055 13426 13419 13421 13505 
38056 13448 13437 13439 13430 
38057 13436 13435 13427 13503 
38058 13433 13432 13424 13503 
38059 13451 13446 13440 13504 
38060 745 13488 13418 13508 
38061 13427 13421 13422 13505 
38062 13439 13431 13438 13429 
38063 13443 13435 13436 13503 
38064 13442 13440 13441 13503 
38065 13425 13420 13419 13426 
38066 13446 13445 13433 13504 
38067 13448 13439 13447 13438 
38068 13457 13452 13450 13504 
38069 13460 13442 13443 13504 
38070 13456 13448 13447 13438 
38071 13418 13488 13491 13508 
38072 13456 13447 13449 13438 
38073 13463 13446 13454 13509 
38074 13460 13459 13442 13504 
38075 13423 13422 13420 13505 
38076 13418 13508 13491 13510 
38077 13450 13444 13445 13503 
38078 13459 13451 13504 13509 
38079 745 13414 13496 13506 
38080 13463 13445 13446 13509 
38081 13465 13456 13448 13447 
38082 13435 13427 13503 13505 
38083 13440 13433 13503 13504 
38084 13440 13424 13434 13505 
38085 13447 13439 13437 13431 
38086 13454 13446 13451 13509 
38087 13451 13441 13442 13440 
38088 13450 13503 13445 13504 
38089 13449 13467 13507 13456 
38090 13465 13449 13456 13447 
38091 13461 13452 13457 13504 
38092 13445 13432 13433 13503 
38093 13452 13443 13436 13503 
38094 13418 13415 744 13510 
38095 13443 13442 13503 13504 
38096 13453 13450 13445 13509 
38097 13414 743 13497 13506 
38098 745 13488 13508 13506 
38099 13475 13453 13463 13509 
38100 13465 13447 13448 13437 
38101 13458 13454 13451 13509 
38102 13509 13459 13511 13460 
38103 13452 13444 13450 13503 
38104 13446 13433 13440 13504 
38105 13456 13467 13507 13466 
38106 13459 13511 13460 13471 
38107 13458 13454 13509 13511 
38108 13480 13467 13479 13512 
38109 13494 13467 13480 13512 
38110 13493 13480 13512 13513 
38111 13459 13451 13442 13504 
38112 13451 13446 13504 13509 
38113 13474 13469 13462 13511 
38114 13460 13459 13504 13509 
38115 13487 13465 13478 13512 
38116 744 13510 13508 13418 
38117 13470 13458 13459 13511 
38118 13471 13472 13511 13460 
38119 13452 13443 13503 13504 
38120 13450 13504 13445 13509 
38121 13452 13503 13450 13504 
38122 13483 13471 13472 13511 
38123 13469 13457 13462 13511 
38124 13475 13462 13509 13511 
38125 13471 13470 13459 13511 
38126 743 13506 13514 13489 
38127 13461 13443 13452 13504 
38128 13478 13465 13455 13512 
38129 13463 13453 13445 13509 
38130 13506 744 13514 13510 
38131 13489 13490 13514 13417 
38132 13461 13460 13504 13509 
38133 13499 13502 13498 13510 
38134 13497 13502 13496 13506 
38135 13417 13415 13514 744 
38136 13491 13510 13508 13506 
38137 13459 13458 13451 13509 
38138 13486 13476 13484 13501 
38139 7747 13500 13492 13513 
38140 13481 13469 13474 13511 
38141 13470 13464 13458 13511 
38142 13456 13439 13448 13438 
38143 13500 13477 13487 13512 
38144 13493 13480 13479 13512 
38145 13500 13512 13492 13513 
38146 13494 13512 13480 13513 
38147 13461 13460 13443 13504 
38148 7747 395 396 13500 
38149 13495 13512 13494 13513 
38150 13447 13438 13439 13431 
38151 13446 13445 13504 13509 
38152 13476 13454 13464 13511 
38153 13445 13503 13433 13504 
38154 13476 13463 13454 13509 
38155 394 13495 13494 13513 
38156 13475 13501 13462 13511 
38157 744 745 13506 13414 
38158 13472 13461 13469 13511 
38159 13483 13501 13482 13511 
38160 13462 13457 13453 13509 
38161 13462 13457 13509 13511 
38162 13457 13450 13453 13509 
38163 13487 13477 13466 13512 
38164 13473 13464 13470 13501 
38165 13484 13464 13473 13501 
38166 13483 13472 13481 13511 
38167 13476 13475 13509 13511 
38168 13482 13473 13470 13501 
38169 13482 13470 13471 13511 
38170 13475 13462 13453 13509 
38171 13499 13491 13501 13502 
38172 13457 13504 13450 13509 
38173 13481 13472 13469 13511 
38174 394 7747 13416 13495 
38175 13498 13484 13490 13501 
38176 394 13494 7746 13513 
38177 13464 13454 13458 13511 
38178 13469 13461 13457 13511 
38179 13484 13476 13464 13501 
38180 13449 13438 13447 13431 
38181 13497 13489 13502 13506 
38182 13476 13475 13463 13509 
38183 13500 13487 13492 13512 
38184 13441 13434 13426 13505 
38185 13468 13467 13455 13449 
38186 13466 13465 13456 13448 
38187 13468 13455 13467 13512 
38188 13495 13478 13468 13512 
38189 13474 13462 13501 13511 
38190 13495 13492 13512 13513 
38191 13476 13509 13454 13511 
38192 394 7747 13495 13513 
38193 13466 13467 13507 13512 
38194 13490 13484 13473 13501 
38195 13485 13474 13462 13501 
38196 13496 13483 13481 13502 
38197 13491 13474 13501 13502 
38198 13491 13502 13510 13506 
38199 13489 13501 13482 13502 
38200 13497 13482 13483 13502 
38201 13481 13474 13501 13511 
38202 13476 13501 13475 13511 
38203 13498 13486 13484 13501 
38204 13488 13481 13474 13502 
38205 13497 13483 13496 13502 
38206 13428 13422 13421 13419 
38207 13496 13481 13488 13502 
38208 13495 13468 13494 13512 
38209 13459 13458 13509 13511 
38210 13486 13475 13476 13501 
38211 13500 13493 13512 13513 
38212 13414 13497 13496 13506 
38213 13491 13488 13474 13502 
38214 13497 13489 13482 13502 
38215 13451 13440 13442 13504 
38216 13499 13486 13498 13501 
38217 13479 13466 13477 13512 
38218 13500 13493 13477 13512 
38219 13498 13490 13514 13502 
38220 746 13418 13491 13510 
38221 13514 747 13510 13415 
38222 13489 13506 13514 13502 
38223 13460 13472 13511 13461 
38224 7746 13494 13480 13513 
38225 13483 13482 13471 13511 
38226 13485 13462 13475 13501 
38227 13479 13466 13467 13456 
38228 13476 13464 13501 13511 
38229 13470 13501 13464 13511 
38230 13496 13502 13488 13506 
38231 13490 13501 13489 13502 
38232 748 13498 747 13510 
38233 13435 13426 13421 13505 
38234 13514 743 13417 744 
38235 748 13499 13498 13510 
38236 13487 13466 13465 13512 
38237 13429 13425 13428 13419 
38238 13492 13487 13478 13512 
38239 7747 13500 396 13492 
38240 7747 13492 13495 13513 
38241 7747 396 13416 13492 
38242 13440 13503 13424 13505 
38243 7747 13416 13495 13492 
38244 7747 395 13500 13513 
38245 13489 743 13417 13514 
38246 13491 13488 13502 13506 
38247 13491 13508 13488 13506 
38248 13432 13423 13424 13505 
38249 13489 13502 13514 13490 
38250 13424 13423 13420 13505 
38251 13465 13455 13449 13447 
38252 13482 13501 13470 13511 
38253 13415 13418 746 13510 
38254 744 13415 13514 13510 
38255 13461 13460 13509 13511 
38256 13514 13498 13510 747 
38257 744 13506 13514 743 
38258 13499 13491 13502 13510 
38259 746 13491 13499 13510 
38260 748 746 13499 13510 
38261 13422 13420 13419 13425 
38262 395 13493 13500 13513 
38263 7746 13493 395 13513 
38264 13479 13467 13466 13512 
38265 13430 13423 13422 13420 
38266 13461 13504 13457 13509 
38267 13461 13509 13457 13511 
38268 13494 13468 13467 13512 
38269 7746 13480 13493 13513 
38270 13495 13492 13478 13512 
38271 13499 13485 13486 13501 
38272 13444 13432 13503 13505 
38273 744 13506 13508 13510 
38274 747 13490 13514 13498 
38275 13478 13455 13468 13512 
38276 13493 13479 13477 13512 
38277 394 7746 7747 13513 
38278 743 13489 13497 13506 
38279 748 13415 746 13510 
38280 13486 13485 13475 13501 
38281 13483 13481 13501 13511 
38282 13502 13498 13510 13514 
38283 748 747 13415 13510 
38284 7746 395 7747 13513 
38285 13508 744 745 13506 
38286 13428 13425 13422 13419 
38287 13444 13503 13427 13505 
38288 745 13496 13488 13506 
38289 13512 13467 13507 13455 
38290 13430 13428 13425 13422 
38291 13441 13503 13440 13505 
38292 13455 13507 13465 13449 
38293 13449 13507 13465 13456 
38294 13456 13507 13465 13466 
38295 13466 13507 13465 13512 
38296 13512 13507 13465 13455 
38297 747 13417 13514 13490 
38298 13415 13417 13514 747 
38299 13506 13514 13502 13510 
38300 13539 13529 13524 13600 
38301 13522 13521 13520 13601 
38302 13534 13531 13530 13601 
38303 13551 13527 13534 13602 
38304 13540 13539 13530 13600 
38305 13548 13532 13541 13603 
38306 13538 13522 13520 13600 
38307 13534 13527 13531 13601 
38308 13524 13600 13520 13601 
38309 13543 13533 13529 13603 
38310 13538 13528 13600 13603 
38311 13532 13523 13528 13600 
38312 13529 13520 13524 13600 
38313 13548 13540 13532 13603 
38314 13545 13536 13537 13602 
38315 13551 13534 13544 13602 
38316 13542 13541 13528 13603 
38317 13539 13524 13530 13600 
38318 13525 13520 13521 13601 
38319 13527 13526 13601 13602 
38320 13541 13532 13528 13603 
38321 13546 13542 13538 13603 
38322 13551 13537 13527 13602 
38323 13540 13531 13532 13600 
38324 13525 13601 13521 13602 
38325 13546 13603 13533 13604 
38326 13539 13529 13600 13603 
38327 13532 13600 13528 13603 
38328 13552 13535 13525 13602 
38329 13546 13542 13603 13604 
38330 13536 13525 13521 13602 
38331 13546 13538 13533 13603 
38332 13534 13527 13601 13602 
38333 13548 13547 13540 13603 
38334 13559 13558 13542 13604 
38335 13559 13546 13549 13604 
38336 13552 13536 13545 13602 
38337 13558 13557 13541 13604 
38338 13561 13543 13550 13604 
38339 13547 13539 13540 13603 
38340 13554 13553 13605 13606 
38341 13569 13562 13556 13607 
38342 13551 13537 13602 13605 
38343 13564 13563 13544 13605 
38344 13551 13602 13544 13605 
38345 13538 13528 13522 13600 
38346 13564 13552 13553 13605 
38347 13561 13533 13543 13604 
38348 13548 13547 13603 13604 
38349 13545 13602 13537 13605 
38350 13557 13556 13548 13604 
38351 13574 13560 13607 13608 
38352 13571 13570 13558 13607 
38353 13561 13549 13604 13607 
38354 13552 13525 13536 13602 
38355 13544 13534 13535 13602 
38356 13556 13550 13604 13607 
38357 13570 13557 13558 13607 
38358 13547 13543 13539 13603 
38359 13525 13524 13520 13601 
38360 13565 13537 13551 13605 
38361 13556 13547 13548 13604 
38362 13547 13543 13603 13604 
38363 13559 13558 13604 13607 
38364 13558 13541 13542 13604 
38365 13609 13516 13590 13610 
38366 13538 13600 13529 13603 
38367 13542 13541 13603 13604 
38368 13528 13523 13522 13600 
38369 13559 13604 13549 13607 
38370 13571 13570 13607 13608 
38371 13526 13521 13601 13602 
38372 13540 13539 13600 13603 
38373 13550 13543 13547 13604 
38374 13577 13564 13553 13606 
38375 13537 13536 13526 13602 
38376 13563 13555 13551 13605 
38377 13565 13551 13555 13605 
38378 13565 13545 13537 13605 
38379 13555 13554 13605 13606 
38380 13562 13550 13556 13607 
38381 13564 13544 13552 13605 
38382 13561 13549 13546 13604 
38383 13567 13553 13554 13606 
38384 13552 13544 13602 13605 
38385 13565 13554 13545 13605 
38386 13564 13605 13553 13606 
38387 13563 13551 13544 13605 
38388 13552 13602 13545 13605 
38389 13540 13530 13531 13600 
38390 13563 13586 13576 13606 
38391 13565 13555 13554 13605 
38392 13575 13561 13550 13607 
38393 13561 13604 13550 13607 
38394 7745 13517 13594 13591 
38395 13592 13566 13591 13611 
38396 13572 13562 13569 13608 
38397 13584 13560 13574 13608 
38398 13574 13549 13561 13607 
38399 13535 13534 13525 13602 
38400 13568 13559 13560 13607 
38401 754 13597 753 13612 
38402 13570 13569 13607 13608 
38403 13571 13559 13568 13607 
38404 13581 13569 13570 13608 
38405 13518 13589 13609 13612 
38406 753 13589 13518 13612 
38407 13589 13609 13612 13613 
38408 13583 13562 13572 13608 
38409 13571 13558 13559 13607 
38410 13561 13546 13533 13604 
38411 13578 13567 13554 13611 
38412 13592 13611 13591 13614 
38413 13578 13555 13566 13611 
38414 13578 13554 13555 13611 
38415 13555 13554 13606 13611 
38416 13592 13578 13566 13611 
38417 13579 13567 13578 13611 
38418 13537 13526 13527 13602 
38419 13593 13577 13567 13611 
38420 13598 13612 13590 13613 
38421 13575 13607 13562 13608 
38422 13582 13571 13580 13608 
38423 13559 13542 13546 13604 
38424 13574 13560 13549 13607 
38425 13589 13572 13588 13613 
38426 13595 13580 13587 13613 
38427 13573 13568 13560 13608 
38428 13588 13609 13613 13615 
38429 13576 13566 13555 13611 
38430 754 752 13598 13612 
38431 13564 13563 13605 13606 
38432 13557 13548 13541 13604 
38433 13584 13573 13560 13608 
38434 13575 13550 13562 13607 
38435 13554 13553 13545 13605 
38436 13578 13565 13555 13554 
38437 13568 13607 13560 13608 
38438 7744 13592 393 13614 
38439 13583 13575 13562 13608 
38440 392 13593 7744 13614 
38441 13585 13574 13575 13608 
38442 13575 13574 13561 13607 
38443 13576 13606 13555 13563 
38444 7744 13579 13592 13614 
38445 13558 13557 13604 13607 
38446 13599 13586 13577 13611 
38447 13577 13553 13567 13606 
38448 13532 13531 13523 13600 
38449 13585 13575 13583 13608 
38450 13582 13570 13571 13608 
38451 13585 13584 13574 13608 
38452 13595 13582 13580 13613 
38453 13580 13608 13573 13613 
38454 752 13590 13598 13612 
38455 393 13592 13591 13614 
38456 13592 13579 13611 13614 
38457 13567 13606 13554 13611 
38458 13543 13533 13603 13604 
38459 13580 13568 13573 13608 
38460 13538 13529 13533 13603 
38461 749 13518 13588 13615 
38462 13612 13609 13516 13590 
38463 13585 13608 13583 13613 
38464 7745 13591 13594 13614 
38465 13581 13572 13569 13608 
38466 13560 13559 13549 13607 
38467 13581 13572 13608 13613 
38468 13582 13581 13570 13608 
38469 13557 13556 13604 13607 
38470 13582 13581 13608 13613 
38471 13591 13566 13576 13611 
38472 13515 13596 13595 13615 
38473 13595 13587 13610 13613 
38474 13590 13573 13584 13613 
38475 13612 13613 13609 13590 
38476 13598 13590 13584 13613 
38477 13571 13607 13568 13608 
38478 13518 13609 13588 13615 
38479 13597 13585 13583 13613 
38480 13587 13580 13573 13613 
38481 753 13597 13589 13612 
38482 13585 13584 13608 13613 
38483 13583 13608 13572 13613 
38484 13515 749 13596 13615 
38485 13580 13571 13568 13608 
38486 13598 13585 13597 13613 
38487 13587 13590 13610 13613 
38488 13590 13587 13573 13613 
38489 13569 13562 13607 13608 
38490 750 751 13610 13615 
38491 13596 13588 13613 13615 
38492 754 13598 13597 13612 
38493 750 13518 13609 13612 
38494 750 13516 13609 13610 
38495 13542 13528 13538 13603 
38496 13596 13613 13595 13615 
38497 392 13599 13593 13614 
38498 392 391 13599 13614 
38499 13599 13594 13611 13614 
38500 7744 13593 13579 13614 
38501 13599 13594 13586 13611 
38502 13599 13577 13593 13611 
38503 7745 13594 391 13614 
38504 13548 13603 13541 13604 
38505 750 13518 749 13615 
38506 750 753 13518 13612 
38507 13526 13522 13523 13601 
38508 13569 13556 13557 13607 
38509 751 13587 13519 13610 
38510 13519 13516 13612 752 
38511 751 13587 13610 13595 
38512 13613 13609 13590 13610 
38513 13597 13583 13589 13613 
38514 13577 13606 13567 13611 
38515 13594 13591 13576 13611 
38516 391 13594 13599 13614 
38517 13594 13591 13611 13614 
38518 13563 13586 13606 13564 
38519 392 7744 7745 13614 
38520 13594 13576 13586 13611 
38521 7745 393 13517 13591 
38522 7745 13517 391 13594 
38523 7745 393 13591 13614 
38524 13578 13565 13566 13555 
38525 13575 13574 13607 13608 
38526 13519 13587 13590 13610 
38527 749 13588 13596 13615 
38528 750 749 13515 13615 
38529 13589 13583 13572 13613 
38530 13540 13600 13532 13603 
38531 13598 13597 13612 13613 
38532 13596 13588 13581 13613 
38533 13534 13530 13524 13601 
38534 750 13515 751 13615 
38535 754 13516 752 13612 
38536 13596 13582 13595 13613 
38537 13596 13581 13582 13613 
38538 13611 13606 13555 13576 
38539 13592 13579 13578 13611 
38540 13599 13611 13593 13614 
38541 13584 13573 13608 13613 
38542 13593 13567 13579 13611 
38543 13530 13600 13524 13601 
38544 13588 13572 13581 13613 
38545 13612 13590 13516 13519 
38546 392 7745 391 13614 
38547 7744 393 7745 13614 
38548 750 13516 753 13612 
38549 752 13519 13590 13612 
38550 13597 13589 13612 13613 
38551 13535 13525 13534 13524 
38552 13612 750 13516 13609 
38553 13593 13611 13579 13614 
38554 13534 13601 13525 13602 
38555 13556 13550 13547 13604 
38556 751 13515 13595 13615 
38557 13534 13524 13525 13601 
38558 13531 13600 13530 13601 
38559 13531 13523 13600 13601 
38560 13598 13584 13585 13613 
38561 13531 13527 13523 13601 
38562 13582 13608 13580 13613 
38563 754 753 13516 13612 
38564 13536 13521 13526 13602 
38565 13570 13569 13557 13607 
38566 13610 13595 13615 751 
38567 13552 13544 13535 13602 
38568 13538 13520 13529 13600 
38569 13523 13522 13600 13601 
38570 13553 13552 13545 13605 
38571 13527 13526 13523 13601 
38572 13522 13520 13600 13601 
38573 13526 13521 13522 13601 
38574 13543 13529 13539 13603 
38575 13606 13563 13605 13555 
38576 13606 13586 13576 13611 
38577 13586 13606 13577 13611 
38578 13586 13564 13577 13606 
38579 750 13610 13609 13615 
38580 13610 13613 13609 13615 
38581 13613 13595 13615 13610 
38582 13589 13588 13609 13613 
38583 13518 13589 13588 13609 
38584 750 13609 13518 13615 
38585 750 751 13516 13610 
38586 751 13519 13516 13610 
38587 13590 13516 13519 13610 
38588 13636 13629 13627 13698 
38589 13624 13622 13621 13698 
38590 13629 13625 13627 13698 
38591 13653 13628 13629 13698 
38592 13638 13627 13635 13699 
38593 13631 13621 13623 13698 
38594 13639 13626 13634 13699 
38595 13653 13629 13636 13698 
38596 13637 13628 13631 13623 
38597 13641 13634 13632 13700 
38598 13638 13632 13699 13700 
38599 13642 13638 13635 13700 
38600 13653 13636 13631 13698 
38601 13632 13622 13624 13699 
38602 13633 13627 13625 13699 
38603 13636 13630 13631 13698 
38604 13636 13627 13624 13698 
38605 13639 13699 13634 13700 
38606 13627 13624 13698 13699 
38607 13653 13636 13644 13631 
38608 13657 13651 13700 13701 
38609 13638 13632 13624 13699 
38610 13644 13631 13636 13630 
38611 13635 13627 13633 13699 
38612 13641 13640 13634 13700 
38613 13659 13640 13641 13700 
38614 13654 13644 13645 13637 
38615 13654 13653 13644 13637 
38616 13656 13654 13646 13637 
38617 13664 13645 13654 13644 
38618 13649 13643 13639 13700 
38619 13631 13623 13628 13698 
38620 13649 13639 13640 13700 
38621 13638 13624 13627 13699 
38622 13643 13635 13639 13700 
38623 13651 13641 13647 13700 
38624 13639 13635 13699 13700 
38625 759 13687 13702 13703 
38626 13656 13653 13654 13637 
38627 13630 13624 13621 13698 
38628 13626 13625 13698 13699 
38629 13638 13699 13635 13700 
38630 13653 13631 13637 13628 
38631 13661 13649 13658 13701 
38632 13650 13649 13700 13701 
38633 13639 13635 13633 13699 
38634 13664 13663 13654 13646 
38635 13676 13665 13656 13646 
38636 13650 13649 13640 13700 
38637 13674 13673 13661 13701 
38638 13659 13650 13640 13700 
38639 13659 13700 13651 13701 
38640 13661 13658 13649 13643 
38641 13661 13643 13649 13700 
38642 13629 13628 13625 13698 
38643 13627 13698 13625 13699 
38644 13670 13669 13659 13704 
38645 13647 13632 13638 13700 
38646 13634 13622 13632 13699 
38647 13657 13651 13647 13700 
38648 13661 13700 13649 13701 
38649 13653 13644 13637 13631 
38650 13664 13655 13646 13645 
38651 13660 13657 13652 13701 
38652 13648 13700 13642 13701 
38653 13658 13649 13650 13701 
38654 13643 13642 13635 13700 
38655 13626 13621 13622 13698 
38656 13661 13642 13700 13701 
38657 13654 13645 13646 13637 
38658 13663 13656 13654 13646 
38659 13648 13638 13642 13700 
38660 13664 13684 13646 13655 
38661 13666 13665 13655 13646 
38662 13645 13637 13644 13631 
38663 13659 13641 13651 13700 
38664 13616 13694 13693 13702 
38665 755 13619 13686 13702 
38666 13664 13646 13654 13645 
38667 13663 13654 13656 13653 
38668 13657 13647 13648 13700 
38669 13691 13665 13677 13705 
38670 13675 13665 13666 13705 
38671 13673 13652 13661 13701 
38672 13643 13639 13635 13633 
38673 13669 13668 13650 13704 
38674 755 13686 13694 13702 
38675 13674 13701 13658 13704 
38676 13674 13661 13658 13701 
38677 13695 13683 13681 13706 
38678 13669 13668 13704 13706 
38679 13616 755 13694 13702 
38680 13668 13662 13658 13704 
38681 13639 13625 13626 13699 
38682 13670 13659 13651 13704 
38683 7852 13690 402 13707 
38684 13683 13674 13681 13706 
38685 13673 13660 13701 13704 
38686 13659 13650 13701 13704 
38687 13674 13658 13662 13704 
38688 13673 13660 13704 13706 
38689 13657 13648 13652 13701 
38690 7852 13691 13677 13707 
38691 13672 13667 13660 13706 
38692 13673 13660 13652 13701 
38693 13676 13656 13663 13646 
38694 13655 13684 13646 13665 
38695 13684 13676 13665 13705 
38696 13692 13675 13666 13705 
38697 13634 13699 13632 13700 
38698 13669 13650 13659 13704 
38699 13678 13670 13667 13706 
38700 13682 13672 13660 13706 
38701 13658 13701 13650 13704 
38702 401 13691 7852 13707 
38703 13667 13651 13657 13701 
38704 13678 13667 13672 13706 
38705 13667 13701 13660 13704 
38706 13675 13666 13665 13655 
38707 13659 13701 13651 13704 
38708 13676 13684 13646 13663 
38709 13674 13673 13701 13704 
38710 13682 13660 13673 13706 
38711 13695 13681 13687 13703 
38712 13683 13673 13674 13706 
38713 13667 13651 13701 13704 
38714 13670 13704 13667 13706 
38715 13680 13669 13670 13706 
38716 756 755 13616 13702 
38717 13691 13705 13677 13707 
38718 13684 13665 13675 13705 
38719 13679 13671 13668 13706 
38720 13690 13677 13676 13705 
38721 13689 13684 13675 13705 
38722 13684 13664 13675 13655 
38723 13667 13657 13660 13701 
38724 13674 13704 13662 13706 
38725 401 7853 13692 13707 
38726 13697 13705 13689 13707 
38727 756 13617 755 13702 
38728 13687 13681 13671 13703 
38729 13652 13648 13642 13701 
38730 13679 13668 13669 13706 
38731 13708 13620 13688 13685 
38732 13708 13693 13702 757 
38733 13681 13674 13662 13706 
38734 13693 13678 13685 13703 
38735 13696 760 13708 13695 
38736 13680 13703 13679 13706 
38737 13688 13685 13672 13703 
38738 756 13616 757 13702 
38739 13687 13671 13686 13703 
38740 13653 13631 13628 13698 
38741 757 13616 13693 13702 
38742 13694 13680 13693 13703 
38743 13680 13678 13703 13706 
38744 13695 760 13708 759 
38745 13681 13662 13671 13706 
38746 757 13685 13708 13693 
38747 13668 13658 13650 13704 
38748 13667 13704 13660 13706 
38749 13631 13630 13621 13698 
38750 13708 757 756 13620 
38751 13703 13693 13702 13708 
38752 13696 13695 13703 13706 
38753 13684 13664 13663 13654 
38754 13668 13662 13704 13706 
38755 13679 13703 13671 13706 
38756 13696 13688 13708 758 
38757 13694 13702 13686 13703 
38758 760 13617 13708 759 
38759 13628 13623 13626 13698 
38760 759 13695 13687 13703 
38761 13670 13651 13667 13704 
38762 13696 13683 13695 13706 
38763 13693 13680 13678 13703 
38764 758 13620 13688 13708 
38765 13659 13650 13700 13701 
38766 759 13687 13619 13702 
38767 13702 13617 13708 756 
38768 13636 13624 13630 13698 
38769 7853 403 13689 13707 
38770 13674 13673 13704 13706 
38771 7853 13618 13692 13689 
38772 13692 13689 13705 13707 
38773 13694 13693 13702 13703 
38774 13695 13681 13703 13706 
38775 13626 13623 13621 13698 
38776 13683 13682 13673 13706 
38777 13617 759 13619 13702 
38778 13694 13686 13679 13703 
38779 13682 13703 13672 13706 
38780 758 13617 13708 760 
38781 13678 13672 13703 13706 
38782 13681 13671 13703 13706 
38783 13620 13685 13708 757 
38784 759 13617 13708 13702 
38785 13697 13690 13676 13705 
38786 13691 13666 13665 13705 
38787 13619 13687 13686 13702 
38788 13663 13684 13646 13664 
38789 13697 13676 13684 13705 
38790 7853 402 403 13707 
38791 13692 13705 13691 13707 
38792 403 13697 13689 13707 
38793 401 7852 7853 13707 
38794 13671 13662 13668 13706 
38795 13677 13665 13676 13705 
38796 13661 13642 13643 13700 
38797 7853 13689 13692 13707 
38798 13661 13652 13642 13701 
38799 755 13617 13619 13702 
38800 13694 13679 13680 13703 
38801 13687 13686 13702 13703 
38802 13686 13671 13679 13703 
38803 13685 13678 13672 13703 
38804 13696 13703 13682 13706 
38805 13688 13672 13682 13703 
38806 13693 13685 13708 13703 
38807 13647 13641 13632 13700 
38808 13696 13688 13682 13703 
38809 402 13697 403 13707 
38810 13640 13639 13634 13700 
38811 13680 13679 13669 13706 
38812 13692 13689 13675 13705 
38813 402 13690 13697 13707 
38814 13697 13684 13689 13705 
38815 7853 403 13618 13689 
38816 401 7853 13618 13692 
38817 7852 402 7853 13707 
38818 13634 13626 13622 13699 
38819 13648 13647 13638 13700 
38820 13684 13675 13665 13655 
38821 13697 13690 13705 13707 
38822 13680 13670 13678 13706 
38823 13690 13677 13705 13707 
38824 13692 13666 13691 13705 
38825 13628 13626 13625 13698 
38826 13665 13684 13646 13676 
38827 13657 13700 13648 13701 
38828 13620 756 13708 758 
38829 756 13617 13708 758 
38830 13703 13688 13708 13696 
38831 13639 13633 13625 13699 
38832 13670 13669 13704 13706 
38833 13696 13682 13683 13706 
38834 13626 13698 13622 13699 
38835 13624 13622 13698 13699 
38836 7852 13677 13690 13707 
38837 401 13692 13691 13707 
38838 758 13696 760 13708 
38839 13708 13695 13703 13696 
38840 759 13695 13703 13708 
38841 759 13708 13703 13702 
38842 13702 757 756 13708 
38843 13685 13688 13708 13703 
38844 13733 13732 13798 13799 
38845 13732 13727 13726 13798 
38846 13723 13722 13717 13798 
38847 13732 13723 13798 13799 
38848 399 398 13797 13800 
38849 13791 13777 13800 13801 
38850 400 13790 13789 13800 
38851 7850 399 13791 13800 
38852 7850 13777 13790 13800 
38853 7850 13790 400 13800 
38854 13766 13747 13755 13802 
38855 13757 13802 13746 13803 
38856 13768 13767 13802 13804 
38857 13768 13746 13757 13802 
38858 13750 13735 13723 13799 
38859 13733 13732 13720 13798 
38860 13734 13721 13719 13798 
38861 13740 13732 13733 13799 
38862 13733 13798 13721 13799 
38863 13734 13716 13722 13798 
38864 13736 13720 13726 13805 
38865 13737 13736 13726 13805 
38866 13733 13720 13721 13798 
38867 13735 13722 13723 13799 
38868 13724 13714 13719 13805 
38869 13718 13717 13714 13805 
38870 13731 13730 13725 13806 
38871 13750 13723 13732 13799 
38872 13738 13718 13724 13806 
38873 13742 13741 13799 13807 
38874 13730 13805 13725 13806 
38875 13745 13737 13728 13806 
38876 13730 13724 13719 13805 
38877 13732 13726 13720 13798 
38878 13730 13715 13725 13805 
38879 13745 13729 13803 13806 
38880 13727 13798 13717 13805 
38881 13751 13733 13721 13799 
38882 13734 13798 13722 13799 
38883 13739 13731 13725 13806 
38884 13750 13732 13740 13799 
38885 13737 13726 13727 13805 
38886 13742 13734 13735 13799 
38887 13727 13726 13798 13805 
38888 13720 13715 13798 13805 
38889 13757 13745 13729 13803 
38890 13744 13739 13736 13806 
38891 13751 13740 13733 13799 
38892 13730 13724 13805 13806 
38893 13738 13729 13718 13806 
38894 13745 13744 13737 13806 
38895 13743 13724 13730 13806 
38896 13753 13741 13742 13807 
38897 13728 13805 13718 13806 
38898 13763 13753 13742 13807 
38899 13717 13798 13714 13805 
38900 13743 13730 13731 13806 
38901 13772 13758 13802 13804 
38902 13755 13747 13743 13803 
38903 13759 13748 13743 13803 
38904 13736 13725 13805 13806 
38905 13773 13772 13802 13804 
38906 13755 13743 13748 13803 
38907 13756 13802 13749 13803 
38908 13772 13758 13748 13802 
38909 13724 13718 13714 13805 
38910 13759 13739 13749 13803 
38911 13756 13744 13745 13803 
38912 13759 13802 13748 13803 
38913 13757 13747 13802 13803 
38914 13756 13746 13802 13803 
38915 13757 13746 13745 13803 
38916 13750 13799 13740 13807 
38917 13759 13731 13739 13803 
38918 13756 13745 13746 13803 
38919 13772 13748 13759 13802 
38920 13773 13802 13760 13804 
38921 13760 13749 13756 13802 
38922 13762 13751 13752 13807 
38923 13773 13772 13759 13802 
38924 13744 13736 13737 13806 
38925 13739 13803 13731 13806 
38926 13761 13750 13740 13807 
38927 13745 13728 13729 13806 
38928 13750 13735 13799 13807 
38929 13749 13739 13744 13803 
38930 13721 13715 13719 13798 
38931 13762 13761 13740 13807 
38932 13752 13751 13741 13807 
38933 13768 13767 13746 13802 
38934 13767 13760 13802 13804 
38935 13757 13729 13738 13803 
38936 13763 13750 13754 13807 
38937 13776 13753 13763 13808 
38938 13784 13774 13761 13808 
38939 13737 13736 13805 13806 
38940 13761 13754 13807 13808 
38941 13737 13805 13728 13806 
38942 13729 13728 13718 13806 
38943 13751 13734 13741 13799 
38944 13763 13742 13735 13807 
38945 13762 13740 13751 13807 
38946 13710 13809 764 13810 
38947 13753 13752 13741 13807 
38948 13762 13807 13752 13808 
38949 13765 13752 13753 13808 
38950 13753 13752 13807 13808 
38951 13738 13803 13729 13806 
38952 13763 13735 13750 13807 
38953 13742 13799 13735 13807 
38954 13759 13743 13731 13803 
38955 7851 13711 13792 13789 
38956 13789 13764 13774 13801 
38957 13766 13802 13758 13804 
38958 13744 13803 13739 13806 
38959 13743 13731 13803 13806 
38960 13770 13760 13767 13804 
38961 13771 13766 13758 13804 
38962 13767 13756 13746 13802 
38963 13767 13760 13756 13802 
38964 13726 13720 13798 13805 
38965 13773 13759 13749 13802 
38966 13758 13755 13748 13802 
38967 13779 13767 13768 13804 
38968 13769 13757 13747 13802 
38969 13773 13749 13760 13802 
38970 13778 13766 13771 13804 
38971 13766 13755 13758 13802 
38972 13769 13768 13757 13802 
38973 13743 13803 13738 13806 
38974 13734 13719 13716 13798 
38975 13745 13803 13744 13806 
38976 13779 13770 13804 13811 
38977 13751 13799 13741 13807 
38978 13774 13764 13754 13808 
38979 13769 13747 13766 13802 
38980 13776 13763 13764 13808 
38981 13775 13765 13801 13808 
38982 13775 13752 13765 13808 
38983 13791 13765 13777 13801 
38984 13777 13765 13776 13801 
38985 13784 13761 13762 13808 
38986 13790 13777 13776 13801 
38987 13743 13738 13724 13806 
38988 13776 13801 13765 13808 
38989 13757 13738 13747 13803 
38990 13756 13749 13744 13803 
38991 13763 13807 13754 13808 
38992 13732 13723 13727 13798 
38993 13783 13782 13772 13804 
38994 13730 13719 13715 13805 
38995 13775 13762 13752 13808 
38996 13782 13771 13758 13804 
38997 13769 13802 13766 13804 
38998 13759 13749 13802 13803 
38999 13719 13714 13716 13798 
39000 13788 13785 13771 13811 
39001 13719 13798 13715 13805 
39002 13774 13754 13761 13808 
39003 13795 13781 13787 13811 
39004 13781 13773 13760 13804 
39005 13723 13722 13798 13799 
39006 13761 13754 13750 13807 
39007 13763 13753 13807 13808 
39008 13783 13772 13773 13804 
39009 13790 13776 13764 13801 
39010 13776 13764 13801 13808 
39011 13755 13802 13747 13803 
39012 13764 13763 13754 13808 
39013 13780 13768 13769 13804 
39014 13797 13784 13775 13801 
39015 13762 13761 13807 13808 
39016 13792 13789 13774 13801 
39017 13797 13792 13784 13801 
39018 13739 13725 13736 13806 
39019 13779 13770 13767 13804 
39020 13790 13764 13789 13801 
39021 13797 13775 13791 13801 
39022 13791 13775 13765 13801 
39023 13778 13769 13766 13804 
39024 13794 13779 13780 13811 
39025 13794 13780 13793 13811 
39026 13781 13760 13770 13804 
39027 13796 13782 13783 13811 
39028 13725 13715 13720 13805 
39029 13785 13778 13771 13811 
39030 13793 13811 13785 13812 
39031 13796 13810 13788 13811 
39032 762 763 13809 13812 
39033 763 13793 13785 13812 
39034 13736 13725 13720 13805 
39035 13783 13804 13781 13811 
39036 13783 13782 13804 13811 
39037 13782 13771 13804 13811 
39038 13778 13804 13771 13811 
39039 13780 13779 13804 13811 
39040 13794 13811 13793 13812 
39041 13709 13794 13793 13812 
39042 13787 13781 13770 13811 
39043 13788 13771 13782 13811 
39044 13787 13811 13786 13812 
39045 13796 13795 13810 13811 
39046 13787 13770 13786 13811 
39047 13788 13811 13810 13812 
39048 765 13795 13787 13810 
39049 13709 761 13794 13812 
39050 13794 13786 13779 13811 
39051 13786 13770 13779 13811 
39052 13796 13783 13795 13811 
39053 13780 13779 13768 13804 
39054 13781 13804 13770 13811 
39055 765 13787 13712 13813 
39056 13769 13768 13802 13804 
39057 13793 13780 13778 13811 
39058 13712 13787 13786 13813 
39059 13793 13778 13785 13811 
39060 763 13709 13793 13812 
39061 766 13796 13795 13810 
39062 13774 13801 13764 13808 
39063 761 13712 13786 13813 
39064 13792 13774 13784 13801 
39065 13797 13800 13792 13801 
39066 399 13797 13791 13800 
39067 763 13785 13713 13809 
39068 7850 13791 13777 13800 
39069 765 13810 13787 13813 
39070 398 13792 13797 13800 
39071 13790 13789 13800 13801 
39072 13795 13787 13810 13811 
39073 13710 765 13712 13813 
39074 13710 13810 765 13813 
39075 762 13712 761 13813 
39076 762 13710 13712 13813 
39077 13794 13786 13811 13812 
39078 762 763 13713 13809 
39079 13710 13713 764 13809 
39080 13713 13785 13788 13809 
39081 13751 13721 13734 13799 
39082 13776 13765 13753 13808 
39083 13728 13717 13718 13805 
39084 7851 400 13789 13800 
39085 13792 13800 13789 13801 
39086 7851 13789 13792 13800 
39087 7851 13792 398 13800 
39088 7851 13711 398 13792 
39089 13742 13741 13734 13799 
39090 763 13785 13809 13812 
39091 761 13786 13794 13812 
39092 13790 13800 13777 13801 
39093 13780 13769 13778 13804 
39094 762 761 13709 13812 
39095 764 13809 13788 13810 
39096 7851 398 399 13800 
39097 762 13713 13710 13809 
39098 7850 400 7851 13800 
39099 13795 13783 13781 13811 
39100 13722 13716 13714 13798 
39101 13783 13773 13781 13804 
39102 7851 400 13711 13789 
39103 13797 13791 13800 13801 
39104 13784 13762 13775 13808 
39105 766 13710 764 13810 
39106 13780 13804 13778 13811 
39107 13751 13740 13799 13807 
39108 13735 13734 13722 13799 
39109 766 765 13710 13810 
39110 764 13788 13796 13810 
39111 766 764 13796 13810 
39112 13784 13775 13801 13808 
39113 13728 13727 13717 13805 
39114 13719 13714 13798 13805 
39115 13727 13723 13717 13798 
39116 766 13795 765 13810 
39117 13737 13727 13728 13805 
39118 762 13709 763 13812 
39119 13722 13714 13717 13798 
39120 13724 13718 13805 13806 
39121 13788 13810 13809 13812 
39122 7850 7851 399 13800 
39123 13782 13758 13772 13804 
39124 13784 13801 13774 13808 
39125 13787 13810 13811 13812 
39126 13734 13721 13798 13799 
39127 13788 13785 13811 13812 
39128 13755 13748 13802 13803 
39129 764 13713 13788 13809 
39130 13796 13788 13782 13811 
39131 13747 13738 13743 13803 
39132 13721 13720 13715 13798 
39133 13710 13809 13810 13813 
39134 13809 13812 13810 13813 
39135 13787 13810 13812 13813 
39136 13787 13812 13786 13813 
39137 761 13786 13812 13813 
39138 762 761 13812 13813 
39139 762 13809 13710 13813 
39140 762 13812 13809 13813 
39141 13788 13809 13785 13812 
39142 13897 13883 13896 13901 
39143 13896 13901 13881 13902 
39144 13815 13903 13890 13904 
39145 13897 13889 13902 13904 
39146 13890 13884 13874 13901 
39147 13890 13874 13889 13901 
39148 13881 13901 13875 13902 
39149 13885 13875 13901 13902 
39150 13890 13903 13902 13904 
39151 13886 13885 13901 13902 
39152 13898 13886 13884 13901 
39153 13831 13905 13822 13906 
39154 13814 767 13897 13904 
39155 13842 13835 13825 13907 
39156 13828 13906 13825 13907 
39157 13845 13828 13835 13907 
39158 13845 13838 13835 13828 
39159 13842 13825 13826 13907 
39160 13835 13828 13825 13907 
39161 13831 13824 13905 13906 
39162 13828 13821 13819 13906 
39163 13849 13839 13840 13905 
39164 13833 13825 13829 13822 
39165 13823 13822 13819 13906 
39166 13833 13826 13825 13906 
39167 13845 13835 13838 13908 
39168 13845 13821 13828 13907 
39169 13839 13823 13831 13822 
39170 13888 13902 13903 13904 
39171 13833 13822 13829 13905 
39172 13826 13825 13906 13907 
39173 13839 13830 13822 13905 
39174 769 13888 13903 13904 
39175 13829 13848 13841 13830 
39176 13833 13822 13905 13906 
39177 13840 13831 13832 13905 
39178 13839 13822 13831 13905 
39179 13837 13820 13827 13907 
39180 13841 13830 13905 13829 
39181 13825 13819 13822 13906 
39182 13841 13840 13834 13905 
39183 13837 13836 13907 13908 
39184 13842 13835 13907 13908 
39185 13832 13831 13824 13905 
39186 13845 13827 13821 13907 
39187 13850 13834 13840 13832 
39188 13844 13836 13837 13908 
39189 13842 13907 13836 13908 
39190 13851 13841 13850 13834 
39191 13842 13826 13836 13907 
39192 769 13814 13896 13904 
39193 13827 13820 13906 13907 
39194 13846 13845 13838 13908 
39195 13841 13851 13849 13848 
39196 13867 13849 13851 13866 
39197 768 769 13903 13904 
39198 13867 13850 13849 13840 
39199 13849 13830 13905 13841 
39200 13843 13842 13836 13908 
39201 13850 13841 13840 13834 
39202 13830 13848 13841 13849 
39203 13828 13821 13906 13907 
39204 13864 13908 13847 13909 
39205 13891 13888 13902 13910 
39206 13833 13825 13822 13906 
39207 772 771 13815 13898 
39208 769 13888 13818 13910 
39209 767 13817 13889 13904 
39210 13861 13843 13844 13908 
39211 13854 13908 13852 13909 
39212 13862 13844 13854 13908 
39213 13861 13860 13843 13909 
39214 13849 13830 13839 13905 
39215 13850 13841 13849 13840 
39216 13845 13837 13907 13908 
39217 13857 13848 13851 13841 
39218 13849 13840 13841 13905 
39219 13852 13845 13846 13908 
39220 13854 13845 13852 13908 
39221 13864 13846 13838 13908 
39222 13854 13844 13837 13908 
39223 13867 13856 13851 13850 
39224 13866 13851 13857 13848 
39225 13815 13890 13817 13904 
39226 13840 13839 13831 13905 
39227 13849 13851 13866 13848 
39228 13873 13861 13909 13911 
39229 13862 13908 13854 13909 
39230 13864 13855 13846 13909 
39231 13841 13834 13833 13905 
39232 768 13903 13815 13904 
39233 13840 13832 13834 13905 
39234 13853 13842 13843 13908 
39235 13876 13863 13909 13911 
39236 13844 13843 13836 13908 
39237 13852 13908 13846 13909 
39238 13858 13852 13855 13909 
39239 13860 13853 13843 13909 
39240 13870 13909 13863 13911 
39241 13837 13836 13820 13907 
39242 13873 13909 13870 13911 
39243 13858 13854 13852 13909 
39244 13845 13907 13835 13908 
39245 13851 13887 13866 13868 
39246 13860 13859 13853 13909 
39247 13862 13861 13844 13908 
39248 13847 13838 13835 13908 
39249 13860 13859 13909 13911 
39250 13854 13837 13845 13908 
39251 13855 13852 13846 13909 
39252 13857 13851 13866 13868 
39253 13894 13868 13880 13912 
39254 13878 13868 13869 13912 
39255 13873 13861 13862 13909 
39256 13876 13863 13855 13909 
39257 13862 13861 13908 13909 
39258 13872 13871 13860 13911 
39259 13833 13905 13824 13906 
39260 13864 13838 13847 13908 
39261 13827 13823 13821 13906 
39262 13897 13889 13882 13901 
39263 13897 13902 13896 13904 
39264 13823 13819 13821 13906 
39265 13864 13846 13908 13909 
39266 13861 13843 13908 13909 
39267 13877 13909 13859 13911 
39268 13871 13859 13860 13911 
39269 13873 13872 13861 13911 
39270 13867 13887 13866 13851 
39271 13868 13856 13851 13887 
39272 13884 13865 13901 13911 
39273 13853 13908 13843 13909 
39274 13886 13877 13884 13911 
39275 13876 13855 13864 13909 
39276 13864 13847 13859 13909 
39277 13875 13870 13863 13911 
39278 13871 13901 13865 13911 
39279 13883 13881 13901 13911 
39280 13883 13901 13882 13911 
39281 7957 13893 410 13913 
39282 13877 13859 13865 13911 
39283 13887 13878 13868 13856 
39284 13887 13879 13868 13912 
39285 13895 13878 13869 13912 
39286 13828 13819 13825 13906 
39287 13885 13901 13875 13911 
39288 13881 13870 13875 13911 
39289 768 770 13815 13910 
39290 13881 13875 13901 13911 
39291 13853 13847 13908 13909 
39292 13878 13869 13868 13856 
39293 13870 13858 13863 13909 
39294 13888 13881 13875 13902 
39295 13861 13860 13909 13911 
39296 13883 13873 13881 13911 
39297 411 410 13900 13913 
39298 13883 13882 13872 13911 
39299 13867 13851 13849 13850 
39300 13886 13876 13877 13911 
39301 13870 13862 13858 13909 
39302 13871 13865 13859 13911 
39303 13898 13901 13890 13902 
39304 13883 13872 13873 13911 
39305 13885 13863 13876 13911 
39306 13885 13875 13863 13911 
39307 13863 13858 13855 13909 
39308 13847 13835 13842 13908 
39309 13877 13864 13859 13909 
39310 13877 13876 13864 13909 
39311 13882 13874 13871 13901 
39312 13879 13866 13868 13857 
39313 13887 13868 13878 13912 
39314 13853 13847 13842 13908 
39315 13886 13885 13876 13911 
39316 13887 13856 13851 13867 
39317 13887 13867 13878 13856 
39318 13892 13887 13878 13912 
39319 13869 13868 13856 13851 
39320 13859 13847 13853 13909 
39321 13894 13869 13868 13912 
39322 409 7957 7958 13913 
39323 409 13895 13894 13913 
39324 13899 13902 13898 13910 
39325 411 13900 13892 13913 
39326 409 13894 7957 13913 
39327 13891 13888 13875 13902 
39328 13884 13877 13865 13911 
39329 13874 13865 13871 13901 
39330 769 13896 13888 13904 
39331 13896 13881 13888 13902 
39332 13897 13882 13883 13901 
39333 13898 13884 13890 13901 
39334 13886 13901 13885 13911 
39335 7957 13894 13880 13913 
39336 13894 13912 13880 13913 
39337 13889 13874 13882 13901 
39338 13833 13824 13826 13906 
39339 13897 13901 13896 13902 
39340 13898 13902 13890 13903 
39341 13881 13873 13870 13911 
39342 13884 13865 13874 13901 
39343 13826 13906 13820 13907 
39344 13827 13820 13824 13906 
39345 13831 13823 13827 13906 
39346 772 770 13899 13910 
39347 13818 13888 13891 13910 
39348 13898 13902 13903 13910 
39349 13895 13912 13894 13913 
39350 13815 13898 13903 13910 
39351 13814 13897 13896 13904 
39352 13891 13875 13885 13902 
39353 13877 13876 13909 13911 
39354 13831 13827 13824 13906 
39355 13899 13886 13898 13902 
39356 13888 13903 13902 13910 
39357 13872 13860 13861 13911 
39358 13890 13902 13889 13904 
39359 13815 13898 13890 13903 
39360 13815 13898 771 13890 
39361 13896 13883 13881 13901 
39362 770 13818 13891 13910 
39363 13886 13884 13901 13911 
39364 772 13898 13815 13910 
39365 13841 13833 13829 13905 
39366 13817 13890 13889 13904 
39367 768 13815 13903 13910 
39368 772 13899 13898 13910 
39369 13900 13912 13892 13913 
39370 7958 411 13892 13913 
39371 13900 13887 13892 13912 
39372 7958 411 13816 13892 
39373 13900 13893 13912 13913 
39374 767 13889 13897 13904 
39375 13897 13889 13901 13902 
39376 13815 771 13817 13890 
39377 13900 13893 13879 13912 
39378 13893 13880 13879 13912 
39379 13896 13902 13888 13904 
39380 770 13891 13899 13910 
39381 768 13903 769 13910 
39382 768 769 13818 13910 
39383 13882 13871 13872 13911 
39384 7957 410 7958 13913 
39385 410 13893 13900 13913 
39386 13895 13869 13894 13912 
39387 13880 13868 13879 13912 
39388 7958 13892 13895 13913 
39389 409 7958 13816 13895 
39390 409 7958 13895 13913 
39391 767 13815 13817 13904 
39392 13899 13891 13885 13902 
39393 768 13815 767 13904 
39394 13862 13854 13858 13909 
39395 13830 13829 13822 13905 
39396 13834 13832 13824 13905 
39397 768 13814 769 13904 
39398 13899 13891 13902 13910 
39399 13899 13885 13886 13902 
39400 13898 13886 13901 13902 
39401 13882 13901 13871 13911 
39402 7958 410 411 13913 
39403 13895 13892 13912 13913 
39404 13850 13851 13849 13841 
39405 13890 13901 13889 13902 
39406 7958 13816 13895 13892 
39407 13900 13879 13887 13912 
39408 13895 13892 13878 13912 
39409 13893 13880 13912 13913 
39410 768 767 13814 13904 
39411 7957 13880 13893 13913 
39412 769 13903 13888 13910 
39413 772 13815 770 13910 
39414 13839 13823 13822 13819 
39415 768 13818 770 13910 
39416 13827 13906 13821 13907 
39417 13836 13826 13820 13907 
39418 13845 13837 13827 13907 
39419 13831 13822 13823 13906 
39420 13826 13824 13820 13906 
39421 13834 13824 13833 13905 
39422 13873 13862 13870 13909 
39423 13887 13868 13879 13866 
39424 13940 13925 13921 14000 
39425 13929 13923 14000 14001 
39426 13929 13927 13920 14001 
39427 13922 14000 13919 14001 
39428 13930 13929 13923 14000 
39429 13944 13939 13934 14002 
39430 13938 13933 13926 14002 
39431 13945 13944 13935 14002 
39432 13939 13938 13926 14002 
39433 13947 13936 13933 14002 
39434 13936 13919 13933 14001 
39435 13940 13931 13932 14000 
39436 13940 13921 13927 14000 
39437 13944 13939 14002 14003 
39438 13940 13930 13931 14000 
39439 13933 13923 13920 14001 
39440 13940 13929 13930 14000 
39441 13936 13928 13922 14001 
39442 13951 13942 13950 13932 
39443 13951 13950 13941 13932 
39444 13964 13942 13950 13951 
39445 13932 13942 13950 13943 
39446 13941 13932 13940 13931 
39447 13951 13942 13932 13931 
39448 13940 13932 13925 14000 
39449 13950 13940 13941 13932 
39450 13925 13924 13922 14000 
39451 13960 13938 13939 14003 
39452 13947 13937 14002 14003 
39453 13928 13921 13922 14001 
39454 13944 13934 13935 14002 
39455 13939 13926 13934 14002 
39456 13955 13944 13945 14003 
39457 13934 13926 13933 14002 
39458 13947 14002 13938 14003 
39459 13918 13987 13990 14004 
39460 13931 13930 13923 14000 
39461 13943 13940 13932 13925 
39462 13946 13945 13928 14002 
39463 13934 13933 13920 14001 
39464 13968 13955 13956 14005 
39465 13956 13955 13945 14003 
39466 13951 13931 13941 13930 
39467 13958 13957 13937 14003 
39468 13935 13934 14001 14002 
39469 13946 14002 13937 14003 
39470 13941 13930 13940 13929 
39471 13939 13938 14002 14003 
39472 13987 14006 14004 14007 
39473 13951 13932 13941 13931 
39474 13955 13949 13944 14003 
39475 13950 13943 13940 13932 
39476 13947 13933 13938 14002 
39477 13935 14001 13928 14002 
39478 13946 13936 13937 14002 
39479 13964 13951 13952 13942 
39480 13964 13953 13962 13943 
39481 13936 14001 13933 14002 
39482 774 775 13918 14004 
39483 13948 13947 13938 14003 
39484 13945 13935 13928 14002 
39485 13956 13955 14003 14005 
39486 13946 13945 14002 14003 
39487 13929 13920 13923 14001 
39488 13973 13948 13960 14005 
39489 13974 13949 13961 14005 
39490 13957 13946 13937 14003 
39491 13956 13945 13946 14003 
39492 13945 13944 14002 14003 
39493 13958 13937 13947 14003 
39494 13970 13969 13957 14005 
39495 13954 13947 13948 14003 
39496 13970 13958 13967 14005 
39497 13970 13957 13958 14005 
39498 13960 13948 14003 14005 
39499 13973 13959 13948 14005 
39500 13964 13962 13951 13950 
39501 13949 13939 13944 14003 
39502 13934 13933 14001 14002 
39503 13958 14003 13954 14005 
39504 13915 14004 776 14008 
39505 13986 13975 13962 14009 
39506 13976 13951 13950 13941 
39507 13952 13962 13951 13964 
39508 13978 13963 13966 13952 
39509 13962 13986 14009 13976 
39510 13976 13963 13952 13951 
39511 13958 13947 13954 14003 
39512 13969 13968 13956 14005 
39513 13932 13931 13924 14000 
39514 13985 14010 13983 14011 
39515 13967 13954 13959 14005 
39516 13935 13927 13921 14001 
39517 13935 13934 13927 14001 
39518 13985 13984 14010 14011 
39519 13955 13949 14003 14005 
39520 13984 13972 13959 14010 
39521 13969 13956 13957 14005 
39522 13982 13981 14010 14011 
39523 13968 13961 13955 14005 
39524 13974 13973 14005 14010 
39525 13982 13970 13980 14010 
39526 13974 13973 13960 14005 
39527 13940 13927 13929 14000 
39528 13943 13942 13950 13964 
39529 13960 14003 13949 14005 
39530 13976 13986 14009 13977 
39531 13960 13939 13949 14003 
39532 13971 13961 13968 14010 
39533 13985 13984 13973 14010 
39534 13964 13978 13962 13953 
39535 13957 13956 14003 14005 
39536 13985 13973 13974 14010 
39537 13973 13959 14005 14010 
39538 13982 13969 13970 14010 
39539 13981 13971 13968 14010 
39540 13961 13949 13955 14005 
39541 13983 13961 13971 14010 
39542 13947 13937 13936 14002 
39543 14009 13976 13978 13962 
39544 13957 13956 13946 14003 
39545 13925 13922 13921 14000 
39546 13953 13978 13962 14009 
39547 13976 13963 13977 14009 
39548 14009 13963 13977 13966 
39549 13923 13919 14000 14001 
39550 13994 13975 13986 14009 
39551 13962 13976 13978 13952 
39552 13924 13919 13922 14000 
39553 13952 13978 13962 13964 
39554 13975 13965 13953 14009 
39555 13976 13962 13951 13952 
39556 776 14004 14006 14008 
39557 13992 13978 13965 14009 
39558 13978 13953 13965 14009 
39559 13975 13953 13962 14009 
39560 13978 13964 13965 13953 
39561 13991 13965 13975 14009 
39562 13993 14009 13979 14012 
39563 13992 13965 13991 14009 
39564 13994 13991 13975 14009 
39565 13964 13943 13942 13932 
39566 13981 13968 13969 14010 
39567 13983 13974 13961 14010 
39568 13964 13962 13950 13943 
39569 13983 14010 13971 14011 
39570 13966 13978 14009 13963 
39571 13934 13920 13927 14001 
39572 13970 14005 13967 14010 
39573 13987 14006 14007 14011 
39574 13995 13980 13987 14011 
39575 13980 13967 13972 14010 
39576 7956 13916 13994 13991 
39577 13954 14003 13948 14005 
39578 13950 13962 13951 13976 
39579 13946 13928 13936 14002 
39580 13958 13957 14003 14005 
39581 13999 13977 13993 14009 
39582 7955 13993 13979 14012 
39583 13960 13948 13938 14003 
39584 13993 13966 13979 14009 
39585 13959 13954 13948 14005 
39586 13982 14010 13980 14011 
39587 778 13997 777 14006 
39588 13990 13972 13984 14011 
39589 13987 13980 13972 14011 
39590 14004 14007 14006 14008 
39591 774 775 14004 14007 
39592 13931 13919 13924 14000 
39593 775 13995 13987 14007 
39594 777 13989 13917 14008 
39595 13993 13977 13966 14009 
39596 778 776 13998 14006 
39597 13933 13919 13923 14001 
39598 13996 13981 13982 14011 
39599 13981 13971 14010 14011 
39600 13936 13922 13919 14001 
39601 13936 13928 14001 14002 
39602 775 13914 13995 14007 
39603 13995 13982 13980 14011 
39604 775 13987 13918 14004 
39605 13990 14006 13987 14011 
39606 773 13917 13988 14008 
39607 13914 13996 13995 14007 
39608 13914 773 13996 14007 
39609 13967 14005 13959 14010 
39610 13982 13981 13969 14010 
39611 13997 13983 13989 14011 
39612 773 13988 14007 14008 
39613 13995 13987 14007 14011 
39614 774 13915 13917 14008 
39615 777 13997 13989 14006 
39616 14011 13988 14008 14007 
39617 13990 13987 13972 14011 
39618 775 13987 14004 14007 
39619 13998 13985 13997 14011 
39620 13927 14000 13921 14001 
39621 14008 13989 13917 13988 
39622 13969 13968 14005 14010 
39623 13970 13969 14005 14010 
39624 13989 13988 14008 14011 
39625 13996 13995 14007 14011 
39626 774 14007 14004 14008 
39627 13989 13971 13988 14011 
39628 778 13998 13997 14006 
39629 13931 13923 13919 14000 
39630 13972 13967 13959 14010 
39631 13952 13976 13978 13963 
39632 13999 13994 14009 14012 
39633 13992 14009 13991 14012 
39634 407 13999 13993 14012 
39635 13999 14009 13993 14012 
39636 13999 13986 13977 14009 
39637 776 14004 13990 14006 
39638 406 13994 13999 14012 
39639 774 13917 773 14008 
39640 13997 13989 14006 14011 
39641 774 14004 13915 14008 
39642 7956 408 13916 13991 
39643 14008 14011 14006 13989 
39644 13967 13958 13954 14005 
39645 776 13918 13990 14004 
39646 774 13914 775 14007 
39647 774 14007 773 13914 
39648 13998 13990 13984 14011 
39649 13989 13983 13971 14011 
39650 13999 13994 13986 14009 
39651 7956 13916 406 13994 
39652 7956 13994 406 14012 
39653 13992 13979 14009 14012 
39654 13974 13960 13949 14005 
39655 13979 13966 13978 14009 
39656 13915 13918 776 14004 
39657 13998 13984 13985 14011 
39658 13996 13982 13995 14011 
39659 14008 774 14007 773 
39660 13996 14007 13988 14011 
39661 13990 14004 13987 14006 
39662 778 13915 776 14008 
39663 13968 13961 14005 14010 
39664 13997 13985 13983 14011 
39665 13985 13974 13983 14010 
39666 13992 13979 13978 14009 
39667 7956 13991 13994 14012 
39668 408 13992 13991 14012 
39669 13994 13991 14009 14012 
39670 7955 407 13993 14012 
39671 7956 408 13991 14012 
39672 7955 408 7956 14012 
39673 7955 7956 407 14012 
39674 407 406 13999 14012 
39675 13988 13971 13981 14011 
39676 7955 13979 13992 14012 
39677 776 13990 13998 14006 
39678 778 14006 777 14008 
39679 773 13988 13996 14007 
39680 13963 13978 14009 13976 
39681 13996 13988 13981 14011 
39682 13998 13997 14006 14011 
39683 13934 13933 13926 13920 
39684 13935 13921 13928 14001 
39685 13932 13924 13925 14000 
39686 13980 13970 13967 14010 
39687 7955 13992 408 14012 
39688 13980 14010 13972 14011 
39689 13929 14000 13927 14001 
39690 774 13918 13915 14004 
39691 13922 13921 14000 14001 
39692 13998 14006 13990 14011 
39693 13984 13959 13973 14010 
39694 778 776 14006 14008 
39695 13915 777 13917 14008 
39696 13941 13931 13940 13930 
39697 13974 14005 13961 14010 
39698 13984 13972 14010 14011 
39699 7956 406 407 14012 
39700 778 777 13915 14008 
39701 13989 14006 14008 777 
39702 14007 14011 14006 14008 
39703 14082 14067 14075 14094 
39704 14091 14077 14083 14094 
39705 14089 14094 14095 14096 
39706 14090 14082 14094 14096 
39707 14090 14075 14076 14094 
39708 779 14016 14082 14096 
39709 14089 14076 14074 14094 
39710 14024 14020 14019 14097 
39711 14029 14020 14027 14097 
39712 14031 14025 14026 14018 
39713 14033 14049 14026 14031 
39714 14022 14019 14020 14097 
39715 14031 14049 14026 14040 
39716 14033 14023 14031 14018 
39717 14022 14021 14019 14097 
39718 14030 14024 14028 14097 
39719 14019 14032 14022 14020 
39720 14049 14031 14033 14023 
39721 14020 14032 14022 14025 
39722 14041 14049 14026 14033 
39723 14026 14025 14022 14018 
39724 14029 14097 14027 14098 
39725 14019 14031 14022 14032 
39726 14055 14046 14098 14099 
39727 14044 14034 14038 14098 
39728 14033 14031 14026 14018 
39729 14039 14030 14028 14097 
39730 14055 14036 14037 14098 
39731 14042 14033 14041 14026 
39732 14032 14031 14024 14019 
39733 14096 783 14083 14091 
39734 14049 14042 14043 14033 
39735 14035 14022 14029 14097 
39736 14057 14048 14038 14099 
39737 14028 14019 14021 14097 
39738 14049 14041 14042 14033 
39739 14096 784 14091 14095 
39740 14037 14036 14029 14098 
39741 14039 14038 14030 14098 
39742 14060 14042 14050 14041 
39743 14032 14024 14020 14019 
39744 14038 14034 14030 14098 
39745 14044 14027 14034 14098 
39746 14039 14030 14097 14098 
39747 14029 14022 14020 14097 
39748 14050 14043 14049 14042 
39749 14035 14028 14021 14097 
39750 14037 14029 14027 14098 
39751 14088 14085 14073 14100 
39752 14040 14049 14026 14041 
39753 14057 14038 14039 14098 
39754 14045 14035 14036 14098 
39755 14034 14027 14097 14098 
39756 14054 14098 14046 14099 
39757 14034 14024 14030 14097 
39758 14041 14040 14032 14025 
39759 14052 14049 14050 14043 
39760 14060 14059 14050 14043 
39761 14022 14019 14021 14018 
39762 14050 14041 14049 14040 
39763 14039 14097 14035 14098 
39764 14035 14097 14029 14098 
39765 14057 14039 14038 14030 
39766 14055 14046 14036 14098 
39767 14047 14037 14044 14098 
39768 14083 14077 14067 14094 
39769 14050 14042 14049 14041 
39770 14065 14046 14055 14099 
39771 14092 14094 14084 14101 
39772 14070 14099 14058 14102 
39773 14092 14084 14078 14101 
39774 14056 14053 14048 14099 
39775 14053 14047 14044 14099 
39776 14046 14045 14036 14098 
39777 14057 14039 14054 14098 
39778 14036 14035 14029 14098 
39779 14055 14098 14047 14099 
39780 14053 14044 14048 14099 
39781 14069 14048 14057 14099 
39782 14063 14053 14056 14099 
39783 14054 14045 14046 14098 
39784 14060 14043 14050 14042 
39785 14059 14052 14050 14043 
39786 14039 14028 14035 14097 
39787 14025 14031 14022 14018 
39788 14072 14061 14052 14043 
39789 14060 14051 14043 14042 
39790 14051 14059 14080 14060 
39791 14018 14031 14022 14019 
39792 14080 14060 14071 14051 
39793 14060 14043 14051 14059 
39794 14062 14061 14051 14043 
39795 14059 14050 14052 14049 
39796 14028 14024 14019 14097 
39797 14080 14060 14059 14050 
39798 14088 14062 14087 14061 
39799 14072 14085 14061 14071 
39800 14088 14071 14062 14061 
39801 14061 14072 14051 14043 
39802 14063 14099 14056 14102 
39803 14055 14037 14047 14098 
39804 14064 14054 14046 14099 
39805 14057 14098 14054 14099 
39806 14054 14039 14045 14098 
39807 14084 14094 14068 14101 
39808 14084 14081 14068 14094 
39809 14075 14064 14065 14102 
39810 14064 14058 14099 14102 
39811 14075 14067 14064 14101 
39812 14063 14047 14053 14099 
39813 14074 14068 14094 14101 
39814 14102 14076 14065 14075 
39815 14044 14037 14027 14098 
39816 14066 14047 14063 14099 
39817 14057 14038 14098 14099 
39818 14072 14052 14059 14043 
39819 14071 14062 14061 14051 
39820 14045 14039 14035 14098 
39821 14071 14072 14051 14061 
39822 14072 14059 14080 14051 
39823 14080 14072 14051 14071 
39824 14059 14043 14051 14072 
39825 14078 14068 14056 14101 
39826 14023 14021 14019 14018 
39827 14052 14049 14043 14033 
39828 14075 14101 14064 14102 
39829 14063 14056 14101 14102 
39830 14079 14070 14077 14102 
39831 14065 14064 14099 14102 
39832 14066 14055 14047 14099 
39833 14065 14064 14046 14099 
39834 14064 14058 14054 14099 
39835 14076 14066 14074 14101 
39836 14079 14078 14069 14102 
39837 14048 14044 14038 14099 
39838 14075 14101 14102 14076 
39839 14034 14097 14030 14098 
39840 14070 14069 14099 14102 
39841 14074 14063 14068 14101 
39842 14088 14087 14073 14061 
39843 14091 14077 14094 14101 
39844 14079 14101 14078 14102 
39845 14064 14101 14058 14102 
39846 14035 14021 14022 14097 
39847 14079 14069 14070 14102 
39848 14070 14057 14054 14099 
39849 14075 14094 14067 14101 
39850 14069 14056 14048 14099 
39851 14040 14031 14032 14025 
39852 14066 14099 14063 14102 
39853 14066 14065 14099 14102 
39854 14070 14054 14058 14099 
39855 14067 14058 14064 14101 
39856 14026 14022 14025 14020 
39857 14085 14072 14080 14071 
39858 14041 14026 14040 14025 
39859 14073 14085 14061 14072 
39860 14093 14080 14085 14072 
39861 14071 14085 14061 14088 
39862 14088 14085 14061 14073 
39863 14093 14085 14073 14072 
39864 416 8066 14088 14100 
39865 14093 14073 14086 14072 
39866 418 14093 14085 14100 
39867 14040 14026 14031 14025 
39868 8065 14073 14086 14100 
39869 14076 14101 14102 14066 
39870 14034 14020 14024 14097 
39871 14077 14067 14094 14101 
39872 14077 14058 14101 14102 
39873 14068 14063 14056 14101 
39874 14089 14074 14081 14094 
39875 14091 14095 14094 14096 
39876 14066 14065 14055 14099 
39877 779 14082 14090 14096 
39878 14084 14068 14078 14101 
39879 14074 14066 14063 14101 
39880 14076 14074 14094 14101 
39881 14066 14063 14101 14102 
39882 14093 14073 14085 14100 
39883 14069 14056 14099 14102 
39884 14079 14077 14101 14102 
39885 14034 14027 14020 14097 
39886 14090 14076 14089 14094 
39887 14076 14094 14075 14101 
39888 14016 14083 14082 14096 
39889 14013 14089 14095 14096 
39890 14013 14090 14089 14096 
39891 14090 14094 14089 14096 
39892 14013 779 14090 14096 
39893 14077 14070 14058 14102 
39894 782 14084 14092 14095 
39895 14077 14058 14067 14101 
39896 14093 14086 14073 14100 
39897 14032 14031 14022 14025 
39898 14081 14074 14068 14094 
39899 14092 14079 14091 14101 
39900 781 14081 14017 14095 
39901 14091 14079 14077 14101 
39902 14091 14094 14083 14096 
39903 14017 14081 14084 14095 
39904 14083 14067 14082 14094 
39905 783 784 14091 14096 
39906 14089 14094 14081 14095 
39907 14092 14078 14079 14101 
39908 14095 14014 14096 784 
39909 780 14014 14016 14096 
39910 14092 14094 14091 14095 
39911 781 14089 14081 14095 
39912 14031 14023 14019 14018 
39913 416 14088 14087 14100 
39914 8065 14087 14073 14100 
39915 8066 418 14085 14100 
39916 8066 14015 14088 14085 
39917 8066 14085 14088 14100 
39918 14016 783 14083 14096 
39919 783 14014 14096 14016 
39920 782 14017 14084 14095 
39921 780 14095 14014 14096 
39922 14090 14082 14075 14094 
39923 780 781 14017 14095 
39924 780 779 14013 14096 
39925 14088 14073 14087 14100 
39926 416 14087 8065 14100 
39927 8066 417 418 14100 
39928 417 14093 418 14100 
39929 416 8066 14015 14088 
39930 780 14016 779 14096 
39931 14070 14069 14057 14099 
39932 14044 14098 14038 14099 
39933 14092 14091 14094 14101 
39934 14083 14094 14082 14096 
39935 781 14013 14089 14095 
39936 780 14013 781 14095 
39937 14078 14056 14069 14102 
39938 14047 14098 14044 14099 
39939 14078 14101 14056 14102 
39940 784 14014 782 14095 
39941 784 14092 14091 14095 
39942 417 14086 14093 14100 
39943 8065 14086 417 14100 
39944 8065 417 8066 14100 
39945 8066 418 14015 14085 
39946 416 8065 8066 14100 
39947 784 782 14092 14095 
39948 780 14013 14095 14096 
39949 784 14014 14096 783 
39950 780 14017 14014 14095 
39951 14014 14017 782 14095 
39952 14092 14084 14094 14095 
39953 14084 14081 14094 14095 
39954 14066 14076 14065 14102 
39955 14123 14118 14120 14187 
39956 14120 14113 14187 14188 
39957 14123 14113 14116 14187 
39958 14112 14108 14187 14188 
39959 14127 14126 14120 14188 
39960 14124 14118 14117 14111 
39961 14117 14109 14111 14187 
39962 14127 14120 14114 14188 
39963 14115 14187 14113 14188 
39964 14126 14119 14188 14189 
39965 14132 14117 14123 14116 
39966 14118 14117 14111 14187 
39967 14125 14109 14115 14188 
39968 14125 14121 14112 14188 
39969 14125 14122 14119 14115 
39970 14125 14112 14109 14188 
39971 14117 14116 14110 14187 
39972 14127 14114 14121 14188 
39973 14129 14121 14125 14189 
39974 14132 14123 14131 14116 
39975 14125 14121 14188 14189 
39976 14112 14111 14109 14187 
39977 14125 14115 14119 14188 
39978 14145 14135 14136 14190 
39979 14132 14124 14131 14123 
39980 14134 14125 14122 14189 
39981 14116 14115 14110 14187 
39982 14133 14124 14132 14117 
39983 14140 14123 14124 14118 
39984 14124 14118 14123 14117 
39985 14148 14134 14189 14190 
39986 14125 14119 14122 14189 
39987 8064 415 14105 14178 
39988 14133 14132 14124 14191 
39989 14191 14173 14142 14164 
39990 14139 14130 14135 14190 
39991 14146 14137 14128 14190 
39992 14112 14187 14109 14188 
39993 14115 14109 14187 14188 
39994 14127 14126 14188 14189 
39995 14136 14126 14127 14189 
39996 14126 14113 14120 14188 
39997 14148 14130 14139 14190 
39998 14148 14134 14122 14189 
39999 14129 14128 14121 14189 
40000 14127 14188 14121 14189 
40001 14152 14124 14140 14191 
40002 14115 14109 14110 14187 
40003 14134 14129 14125 14189 
40004 14151 14131 14132 14191 
40005 14136 14135 14126 14189 
40006 14132 14131 14124 14191 
40007 14136 14127 14128 14189 
40008 14151 14150 14131 14191 
40009 14145 14136 14137 14190 
40010 14128 14127 14121 14189 
40011 14151 14132 14141 14191 
40012 14120 14187 14108 14188 
40013 14137 14136 14128 14190 
40014 14136 14135 14189 14190 
40015 14146 14129 14138 14190 
40016 14130 14122 14119 14189 
40017 14123 14117 14118 14187 
40018 14146 14190 14138 14192 
40019 14117 14110 14109 14187 
40020 14157 14156 14190 14192 
40021 14155 14138 14144 14192 
40022 14172 14161 14162 14192 
40023 14148 14144 14134 14190 
40024 14134 14129 14189 14190 
40025 14143 14173 14142 14191 
40026 14148 14122 14130 14189 
40027 14173 14163 14150 14143 
40028 14153 14173 14142 14143 
40029 14152 14140 14143 14191 
40030 786 14103 787 14193 
40031 14107 14193 14177 14194 
40032 14153 14152 14143 14142 
40033 14152 14143 14142 14191 
40034 14173 14150 14151 14191 
40035 14152 14133 14124 14191 
40036 14173 14151 14164 14191 
40037 14164 14141 14142 14191 
40038 14142 14141 14133 14191 
40039 14164 14151 14141 14191 
40040 14140 14131 14124 14123 
40041 14164 14154 14142 14141 
40042 14152 14142 14133 14191 
40043 14161 14144 14190 14192 
40044 787 14174 14107 14193 
40045 14146 14128 14129 14190 
40046 14173 14143 14150 14191 
40047 14178 14153 14163 14195 
40048 14168 14159 14156 14192 
40049 14129 14128 14189 14190 
40050 14158 14138 14155 14192 
40051 14120 14118 14108 14187 
40052 14141 14132 14133 14191 
40053 14162 14190 14149 14192 
40054 14167 14158 14155 14192 
40055 14167 14155 14160 14196 
40056 14155 14144 14147 14192 
40057 14161 14147 14144 14192 
40058 14114 14108 14112 14188 
40059 14168 14156 14157 14192 
40060 14159 14149 14156 14192 
40061 14158 14146 14138 14192 
40062 14158 14157 14146 14192 
40063 14144 14138 14134 14190 
40064 14165 14173 14142 14153 
40065 14156 14149 14145 14190 
40066 14173 14165 14164 14195 
40067 14165 14154 14164 14195 
40068 8064 14105 14181 14178 
40069 14150 14143 14140 14191 
40070 14166 14154 14165 14195 
40071 14179 14166 14165 14195 
40072 14173 14163 14153 14195 
40073 14132 14124 14123 14117 
40074 14173 14153 14163 14143 
40075 14181 14163 14173 14195 
40076 14138 14129 14134 14190 
40077 14162 14161 14190 14192 
40078 14149 14139 14145 14190 
40079 14171 14147 14161 14196 
40080 14145 14139 14135 14190 
40081 14167 14196 14160 14197 
40082 14144 14138 14190 14192 
40083 14169 14157 14158 14192 
40084 14177 14174 14160 14197 
40085 785 786 14198 14193 
40086 14157 14137 14146 14190 
40087 14135 14130 14189 14190 
40088 14165 14164 14154 14142 
40089 14161 14144 14148 14190 
40090 14171 14160 14147 14196 
40091 14125 14188 14119 14189 
40092 14185 14196 14184 14197 
40093 14161 14147 14192 14196 
40094 14135 14130 14119 14189 
40095 14170 14162 14149 14192 
40096 14172 14171 14161 14196 
40097 14172 14162 14170 14192 
40098 14148 14189 14130 14190 
40099 14170 14149 14159 14192 
40100 14181 14178 14195 14199 
40101 14173 14153 14165 14195 
40102 14179 14165 14153 14195 
40103 14179 14195 14178 14199 
40104 14164 14173 14142 14165 
40105 14162 14139 14149 14190 
40106 14186 14173 14164 14195 
40107 14186 14181 14195 14199 
40108 14181 14178 14163 14195 
40109 14135 14119 14126 14189 
40110 8063 14180 14166 14199 
40111 14140 14124 14131 14191 
40112 14165 14152 14153 14142 
40113 14180 14164 14154 14195 
40114 14162 14161 14148 14190 
40115 14184 14196 14176 14197 
40116 14103 14183 14182 14193 
40117 787 14182 14174 14193 
40118 14167 14192 14155 14196 
40119 14183 14169 14182 14196 
40120 14171 14160 14196 14197 
40121 14193 785 14175 14198 
40122 14183 14196 14182 14197 
40123 14177 14194 14193 14197 
40124 14182 14174 14193 14197 
40125 8064 415 14178 14199 
40126 14172 14192 14170 14196 
40127 14155 14192 14147 14196 
40128 14123 14120 14113 14187 
40129 14157 14156 14137 14190 
40130 14176 14196 14175 14197 
40131 14172 14161 14192 14196 
40132 14170 14192 14159 14196 
40133 14184 14172 14170 14196 
40134 787 14107 14104 14193 
40135 14193 786 14198 14104 
40136 14185 14171 14196 14197 
40137 14182 14196 14167 14197 
40138 789 14106 14198 14176 
40139 14176 14159 14175 14196 
40140 14185 14171 14172 14196 
40141 14198 14193 14197 14175 
40142 14156 14145 14137 14190 
40143 785 14183 14193 14175 
40144 14107 14174 14177 14193 
40145 790 14185 14184 14194 
40146 788 14177 14185 14194 
40147 14183 14175 14196 14197 
40148 14185 14172 14184 14196 
40149 14193 785 786 14103 
40150 14162 14148 14139 14190 
40151 790 14184 789 14194 
40152 14198 785 14175 14106 
40153 14182 14169 14167 14196 
40154 14168 14159 14192 14196 
40155 14136 14189 14128 14190 
40156 14169 14158 14167 14192 
40157 414 14186 14180 14199 
40158 14186 14195 14180 14199 
40159 14186 14181 14173 14195 
40160 14175 14159 14168 14196 
40161 413 14181 14186 14199 
40162 14184 14176 14194 14197 
40163 14180 14195 14166 14199 
40164 14176 14170 14159 14196 
40165 14106 786 14198 785 
40166 789 786 14198 14106 
40167 790 788 14185 14194 
40168 14194 14193 14198 14107 
40169 14107 14198 788 14104 
40170 14185 14194 14177 14197 
40171 788 14107 14177 14194 
40172 14160 14155 14147 14196 
40173 14185 14177 14171 14197 
40174 789 14184 14176 14194 
40175 14186 14164 14180 14195 
40176 14183 14182 14193 14197 
40177 14112 14108 14111 14187 
40178 8064 14181 413 14199 
40179 14179 14166 14195 14199 
40180 14169 14192 14167 14196 
40181 8064 14105 413 14181 
40182 8064 14178 14181 14199 
40183 14175 14193 14197 14183 
40184 415 14179 14178 14199 
40185 14103 14183 14193 785 
40186 14183 14175 14168 14196 
40187 787 14103 14182 14193 
40188 14185 14184 14194 14197 
40189 14194 14107 14198 788 
40190 14169 14168 14157 14192 
40191 14177 14193 14174 14197 
40192 14120 14108 14114 14188 
40193 14179 14153 14178 14195 
40194 14169 14168 14192 14196 
40195 14180 14154 14166 14195 
40196 14183 14168 14169 14196 
40197 14157 14190 14146 14192 
40198 8063 414 14180 14199 
40199 8063 415 8064 14199 
40200 8063 8064 414 14199 
40201 14119 14115 14113 14188 
40202 8064 413 414 14199 
40203 14150 14140 14131 14191 
40204 414 413 14186 14199 
40205 14184 14170 14176 14196 
40206 8063 14166 14179 14199 
40207 14174 14167 14160 14197 
40208 14194 14176 14198 14197 
40209 14104 786 14198 789 
40210 14182 14167 14174 14197 
40211 14176 14106 14198 14175 
40212 786 787 14104 14193 
40213 788 14198 790 14104 
40214 14126 14119 14113 14188 
40215 8063 14179 415 14199 
40216 14116 14113 14115 14187 
40217 14123 14116 14117 14187 
40218 14121 14114 14112 14188 
40219 14132 14117 14116 14110 
40220 14177 14160 14171 14197 
40221 14156 14149 14190 14192 
40222 14118 14111 14108 14187 
40223 14194 788 14198 790 
40224 14198 14176 14194 789 
40225 14176 14198 14197 14175 
40226 14194 790 14198 789 
40227 14197 14198 14194 14193 
40228 14193 14198 14107 14104 
40229 790 14198 789 14104 
40230 14228 14210 14219 14286 
40231 14224 14209 14208 14287 
40232 14211 14208 14207 14286 
40233 14225 14212 14220 14286 
40234 14217 14206 14209 14287 
40235 14212 14207 14206 14287 
40236 14217 14216 14206 14287 
40237 14224 14222 14215 14214 
40238 14225 14207 14212 14286 
40239 14223 14218 14216 14288 
40240 14234 14218 14223 14288 
40241 14224 14215 14216 14214 
40242 14230 14211 14225 14286 
40243 14233 14223 14217 14288 
40244 14201 14204 794 14289 
40245 14219 14210 14208 14286 
40246 14227 14226 14220 14286 
40247 14229 14228 14219 14286 
40248 14237 14286 14228 14290 
40249 14221 14220 14213 14286 
40250 14225 14211 14207 14286 
40251 14213 14210 14286 14287 
40252 14230 14229 14219 14286 
40253 14226 14225 14220 14286 
40254 14233 14224 14231 14288 
40255 14231 14224 14222 14288 
40256 14224 14215 14222 14288 
40257 14250 14232 14234 14288 
40258 14241 14234 14223 14288 
40259 14232 14222 14215 14288 
40260 14224 14217 14216 14288 
40261 14213 14286 14212 14287 
40262 14250 14222 14232 14288 
40263 14251 14241 14233 14288 
40264 14251 14241 14250 14291 
40265 14250 14234 14240 14291 
40266 14232 14215 14218 14288 
40267 14250 14234 14241 14288 
40268 14242 14237 14235 14290 
40269 14214 14210 14213 14287 
40270 14228 14221 14213 14286 
40271 14230 14219 14211 14286 
40272 14248 14229 14230 14290 
40273 14233 14217 14224 14288 
40274 14227 14226 14286 14290 
40275 14245 14226 14227 14290 
40276 14241 14223 14233 14288 
40277 14251 14231 14250 14288 
40278 14245 14244 14226 14290 
40279 14237 14227 14286 14290 
40280 14230 14229 14286 14290 
40281 14223 14216 14217 14288 
40282 14250 14231 14222 14288 
40283 14252 14234 14241 14291 
40284 14248 14230 14239 14290 
40285 14253 14240 14234 14291 
40286 14226 14225 14286 14290 
40287 14236 14225 14226 14290 
40288 14248 14238 14229 14290 
40289 14246 14237 14242 14290 
40290 14237 14228 14235 14290 
40291 14236 14230 14225 14290 
40292 14224 14210 14214 14287 
40293 14250 14240 14234 14232 
40294 14230 14286 14225 14290 
40295 14260 14238 14248 14292 
40296 14220 14212 14213 14286 
40297 14261 14260 14248 14292 
40298 14238 14235 14229 14290 
40299 14246 14245 14227 14290 
40300 14244 14243 14236 14290 
40301 14216 14214 14215 14205 
40302 14235 14228 14229 14290 
40303 14237 14221 14228 14286 
40304 14224 14216 14217 14287 
40305 14244 14243 14290 14292 
40306 794 14289 14204 14293 
40307 14234 14232 14218 14288 
40308 14264 14241 14251 14291 
40309 14279 14252 14265 14291 
40310 14278 14264 14262 14291 
40311 14254 14246 14242 14292 
40312 14261 14239 14249 14292 
40313 14204 14293 14289 14294 
40314 14243 14239 14236 14290 
40315 14272 14250 14263 14291 
40316 14248 14290 14239 14292 
40317 14256 14255 14244 14292 
40318 14256 14244 14245 14292 
40319 14248 14238 14290 14292 
40320 14242 14290 14238 14292 
40321 14270 14247 14260 14295 
40322 14224 14216 14215 14288 
40323 14264 14252 14241 14291 
40324 14212 14206 14205 14287 
40325 14266 14257 14254 14295 
40326 14216 14214 14205 14287 
40327 14274 14258 14267 14296 
40328 14257 14246 14254 14292 
40329 14269 14249 14258 14295 
40330 14257 14256 14245 14292 
40331 14251 14250 14241 14288 
40332 14255 14249 14243 14292 
40333 14218 14215 14216 14288 
40334 14257 14245 14246 14292 
40335 14246 14245 14290 14292 
40336 14261 14248 14239 14292 
40337 14246 14227 14237 14290 
40338 14213 14212 14205 14287 
40339 14228 14213 14210 14286 
40340 14260 14247 14238 14292 
40341 14200 791 14282 14294 
40342 14267 14255 14256 14295 
40343 14210 14208 14286 14287 
40344 14272 14251 14250 14291 
40345 14229 14228 14286 14290 
40346 8177 14265 14278 14297 
40347 14289 14294 14293 14298 
40348 795 14289 14293 14298 
40349 796 14201 794 14289 
40350 14250 14241 14234 14291 
40351 14244 14236 14226 14290 
40352 14247 14242 14238 14292 
40353 14268 14256 14257 14295 
40354 793 14200 14281 14294 
40355 14254 14242 14247 14292 
40356 14257 14256 14292 14295 
40357 14264 14251 14262 14291 
40358 14243 14239 14290 14292 
40359 14258 14249 14255 14295 
40360 14278 14265 14291 14297 
40361 14285 14278 14291 14297 
40362 14261 14292 14249 14295 
40363 14270 14259 14247 14295 
40364 14272 14262 14251 14291 
40365 14280 14277 14263 14291 
40366 14271 14260 14261 14295 
40367 14271 14261 14269 14295 
40368 14268 14257 14266 14295 
40369 14280 14291 14279 14297 
40370 14268 14267 14256 14295 
40371 14275 14296 14274 14298 
40372 14282 14274 14267 14296 
40373 796 14283 795 14293 
40374 14255 14243 14244 14292 
40375 792 14200 793 14294 
40376 14266 14254 14259 14295 
40377 14275 14269 14258 14296 
40378 14293 14294 14296 14298 
40379 14285 14272 14277 14291 
40380 14285 14291 14277 14297 
40381 14246 14290 14242 14292 
40382 14269 14295 14258 14296 
40383 14277 14272 14263 14291 
40384 792 14203 791 14298 
40385 14285 14278 14262 14291 
40386 424 8178 14280 14297 
40387 14279 14253 14252 14291 
40388 14271 14295 14269 14296 
40389 14255 14249 14292 14295 
40390 14281 14266 14273 14296 
40391 14284 14293 14276 14296 
40392 14253 14234 14252 14291 
40393 14271 14270 14295 14296 
40394 14269 14261 14249 14295 
40395 14282 14296 14294 14298 
40396 14242 14235 14238 14290 
40397 14282 14268 14281 14296 
40398 14283 14269 14275 14296 
40399 14267 14258 14295 14296 
40400 14282 14267 14268 14296 
40401 14282 14281 14294 14296 
40402 14276 14293 14273 14296 
40403 14270 14259 14295 14296 
40404 14254 14292 14247 14295 
40405 14266 14295 14259 14296 
40406 791 14282 14294 14298 
40407 14294 792 14201 14204 
40408 14281 14273 14294 14296 
40409 14200 14282 14281 14294 
40410 14259 14254 14247 14295 
40411 14281 14268 14266 14296 
40412 14227 14220 14221 14286 
40413 14249 14239 14243 14292 
40414 14283 14271 14269 14296 
40415 14268 14267 14295 14296 
40416 14204 14273 14276 14293 
40417 14268 14295 14266 14296 
40418 14283 14296 14275 14298 
40419 14201 14289 795 14298 
40420 14256 14255 14292 14295 
40421 424 14279 8177 14297 
40422 14263 14250 14240 14291 
40423 796 794 14284 14293 
40424 14284 14271 14283 14296 
40425 14257 14292 14254 14295 
40426 424 14280 14279 14297 
40427 14275 14258 14274 14296 
40428 8177 14279 14265 14297 
40429 14260 14247 14292 14295 
40430 14282 14274 14296 14298 
40431 14201 14294 14289 14298 
40432 795 14275 14203 14298 
40433 796 14284 14283 14293 
40434 14284 14270 14271 14296 
40435 14265 14252 14264 14291 
40436 8178 14285 14277 14297 
40437 8178 14285 426 14277 
40438 425 14278 14285 14297 
40439 8178 14202 14280 14277 
40440 795 14293 14283 14298 
40441 14201 795 14203 14298 
40442 796 14289 794 14293 
40443 793 14281 14273 14294 
40444 14245 14244 14290 14292 
40445 792 793 14204 14294 
40446 14204 14294 14289 14201 
40447 791 14274 14282 14298 
40448 14263 14240 14253 14291 
40449 14279 14291 14265 14297 
40450 8178 425 426 14285 
40451 14251 14233 14231 14288 
40452 14276 14273 14259 14296 
40453 14203 14275 14274 14298 
40454 14267 14258 14255 14295 
40455 794 14204 14276 14293 
40456 14280 14277 14291 14297 
40457 14283 14293 14296 14298 
40458 8178 426 14202 14277 
40459 14273 14293 14294 14296 
40460 424 8178 14202 14280 
40461 792 14201 14203 14298 
40462 14204 14273 14293 14294 
40463 14278 14265 14264 14291 
40464 14276 14259 14270 14296 
40465 793 14273 14204 14294 
40466 8178 425 14285 14297 
40467 14285 14262 14272 14291 
40468 8177 425 8178 14297 
40469 424 8177 8178 14297 
40470 794 14276 14284 14293 
40471 14273 14266 14259 14296 
40472 14298 792 14201 14294 
40473 14284 14283 14293 14296 
40474 796 795 14289 14293 
40475 14261 14260 14292 14295 
40476 14239 14230 14236 14290 
40477 792 791 14200 14294 
40478 795 14283 14275 14298 
40479 14209 14206 14207 14287 
40480 14216 14205 14206 14287 
40481 14280 14263 14253 14291 
40482 14219 14208 14211 14286 
40483 8178 14277 14280 14297 
40484 14284 14276 14270 14296 
40485 14224 14208 14210 14287 
40486 14224 14214 14216 14287 
40487 14212 14286 14207 14287 
40488 791 14203 14274 14298 
40489 14209 14207 14208 14287 
40490 14280 14253 14279 14291 
40491 14214 14213 14205 14287 
40492 14208 14207 14286 14287 
40493 14224 14217 14209 14287 
40494 14237 14227 14221 14286 
40495 792 791 14294 14298 
40496 796 795 14201 14289 
40497 8177 14278 425 14297 
40498 14271 14270 14260 14295 
40499 14383 14385 14375 14386 
40500 14374 14373 14385 14386 
40501 14302 14385 14373 14387 
40502 802 800 14383 14385 
40503 801 14374 14302 14385 
40504 802 14382 801 14385 
40505 14326 14317 14322 14388 
40506 14312 14307 14308 14389 
40507 14314 14310 14389 14390 
40508 14318 14389 14311 14391 
40509 14323 14310 14314 14390 
40510 14329 14318 14319 14391 
40511 14312 14307 14389 14391 
40512 14317 14313 14388 14390 
40513 14336 14318 14329 14391 
40514 14319 14311 14318 14310 
40515 14321 14320 14307 14391 
40516 14319 14318 14311 14391 
40517 14306 14305 14304 14389 
40518 14315 14312 14308 14389 
40519 14318 14312 14315 14389 
40520 14325 14316 14309 14388 
40521 14337 14311 14320 14391 
40522 14324 14315 14316 14390 
40523 14370 14359 14360 14392 
40524 14333 14316 14325 14388 
40525 14344 14343 14326 14393 
40526 14342 14333 14325 14393 
40527 14332 14328 14323 14388 
40528 14327 14322 14317 14388 
40529 14337 14330 14319 14391 
40530 14317 14305 14313 14390 
40531 14336 14391 14329 14394 
40532 14318 14312 14389 14391 
40533 14320 14307 14311 14306 
40534 14336 14321 14312 14391 
40535 14323 14313 14310 14390 
40536 14333 14388 14325 14393 
40537 14344 14326 14322 14393 
40538 14320 14311 14307 14391 
40539 14326 14309 14317 14388 
40540 14327 14317 14313 14388 
40541 14327 14322 14388 14393 
40542 14326 14325 14309 14388 
40543 14311 14389 14307 14391 
40544 14333 14324 14316 14388 
40545 14336 14321 14391 14394 
40546 14332 14323 14324 14388 
40547 14323 14388 14313 14390 
40548 14331 14320 14321 14391 
40549 14318 14310 14311 14389 
40550 14328 14327 14388 14393 
40551 14337 14391 14331 14394 
40552 14316 14309 14388 14390 
40553 14305 14304 14389 14390 
40554 14346 14393 14335 14395 
40555 14335 14328 14332 14393 
40556 14359 14345 14334 14395 
40557 14333 14332 14388 14393 
40558 14326 14388 14322 14393 
40559 14350 14339 14394 14396 
40560 14330 14329 14391 14394 
40561 14349 14330 14337 14394 
40562 14349 14337 14338 14394 
40563 14346 14334 14327 14393 
40564 14332 14328 14388 14393 
40565 14346 14328 14335 14393 
40566 14344 14322 14334 14393 
40567 14360 14335 14347 14395 
40568 14324 14314 14315 14390 
40569 14366 14357 14354 14392 
40570 14337 14330 14391 14394 
40571 14344 14393 14334 14395 
40572 14328 14313 14323 14388 
40573 14317 14309 14304 14390 
40574 14344 14343 14393 14395 
40575 14309 14308 14304 14390 
40576 14328 14327 14313 14388 
40577 14343 14342 14393 14395 
40578 14326 14325 14388 14393 
40579 14347 14335 14341 14395 
40580 14324 14388 14323 14390 
40581 14341 14335 14332 14393 
40582 14343 14342 14325 14393 
40583 14348 14340 14336 14394 
40584 14339 14338 14394 14396 
40585 14339 14338 14331 14394 
40586 14337 14319 14311 14391 
40587 14349 14348 14394 14396 
40588 14348 14329 14330 14394 
40589 14350 14321 14336 14394 
40590 14336 14312 14318 14391 
40591 14342 14341 14333 14393 
40592 14361 14340 14348 14396 
40593 14350 14339 14331 14394 
40594 14349 14394 14338 14396 
40595 14360 14359 14346 14395 
40596 14341 14332 14333 14393 
40597 14352 14338 14339 14396 
40598 14338 14337 14331 14394 
40599 14348 14340 14394 14396 
40600 14349 14348 14330 14394 
40601 14346 14334 14393 14395 
40602 14356 14353 14392 14395 
40603 14315 14389 14308 14390 
40604 14356 14343 14344 14395 
40605 14345 14344 14334 14395 
40606 14351 14350 14340 14396 
40607 14357 14347 14354 14392 
40608 14317 14304 14305 14390 
40609 14356 14344 14353 14395 
40610 14342 14341 14393 14395 
40611 14316 14315 14308 14390 
40612 14359 14392 14345 14395 
40613 14360 14347 14392 14395 
40614 14368 14347 14357 14392 
40615 14334 14322 14327 14393 
40616 14343 14325 14326 14393 
40617 14361 14351 14340 14396 
40618 14353 14345 14392 14395 
40619 14355 14342 14343 14395 
40620 14366 14354 14355 14392 
40621 14341 14335 14393 14395 
40622 14354 14392 14347 14395 
40623 14333 14332 14324 14388 
40624 14354 14347 14341 14395 
40625 14356 14355 14343 14395 
40626 14363 14339 14350 14396 
40627 14362 14349 14338 14396 
40628 14363 14352 14396 14397 
40629 14379 14376 14361 14397 
40630 14364 14352 14363 14397 
40631 14371 14396 14362 14397 
40632 14362 14396 14352 14397 
40633 14378 14362 14352 14397 
40634 14363 14350 14351 14396 
40635 14346 14327 14328 14393 
40636 14367 14366 14355 14392 
40637 14367 14356 14365 14392 
40638 14324 14316 14388 14390 
40639 14353 14344 14345 14395 
40640 14380 14365 14372 14386 
40641 14360 14392 14359 14395 
40642 14369 14358 14345 14392 
40643 14359 14334 14346 14395 
40644 14361 14351 14396 14397 
40645 14360 14346 14335 14395 
40646 14356 14392 14355 14395 
40647 14375 14358 14369 14386 
40648 14373 14357 14366 14386 
40649 14318 14315 14314 14389 
40650 14365 14353 14358 14392 
40651 8176 423 14301 14376 
40652 14377 14363 14351 14397 
40653 14377 14397 14376 14398 
40654 14377 14364 14397 14398 
40655 14377 14351 14376 14397 
40656 14367 14355 14356 14392 
40657 14331 14391 14321 14394 
40658 14379 14361 14371 14397 
40659 14363 14396 14351 14397 
40660 14362 14338 14352 14396 
40661 14348 14336 14329 14394 
40662 8175 14378 14364 14398 
40663 14377 14364 14363 14397 
40664 14378 14352 14364 14397 
40665 14350 14336 14340 14394 
40666 14369 14345 14359 14392 
40667 14375 14386 14385 14387 
40668 14350 14331 14321 14394 
40669 14366 14386 14357 14392 
40670 14370 14360 14368 14392 
40671 14375 14372 14358 14386 
40672 14302 14374 14373 14385 
40673 14373 14385 14386 14387 
40674 799 14380 14372 14387 
40675 14383 14382 14385 14386 
40676 14370 14368 14386 14392 
40677 14358 14353 14345 14392 
40678 14318 14314 14310 14389 
40679 14383 14369 14370 14386 
40680 14374 14357 14373 14386 
40681 14316 14308 14309 14390 
40682 14365 14358 14386 14392 
40683 14370 14386 14369 14392 
40684 14299 14381 14380 14387 
40685 14303 14372 14375 14387 
40686 14383 14375 14369 14386 
40687 14381 14386 14380 14387 
40688 14371 14361 14348 14396 
40689 14382 14368 14374 14386 
40690 14368 14357 14386 14392 
40691 799 14299 14380 14387 
40692 14382 14370 14368 14386 
40693 14382 14374 14385 14386 
40694 801 14382 14374 14385 
40695 800 14375 14385 14387 
40696 14369 14386 14358 14392 
40697 14381 14367 14380 14386 
40698 14315 14314 14389 14390 
40699 14384 14371 14362 14397 
40700 14367 14386 14366 14392 
40701 800 14375 14383 14385 
40702 802 14383 14382 14385 
40703 14308 14307 14304 14389 
40704 14374 14368 14357 14386 
40705 14299 797 14381 14387 
40706 798 14385 14302 14387 
40707 798 14300 14385 14387 
40708 14384 14397 14378 14398 
40709 14384 14379 14397 14398 
40710 14367 14365 14386 14392 
40711 422 14384 14378 14398 
40712 14363 14352 14339 14396 
40713 800 14303 14375 14387 
40714 14311 14305 14306 14389 
40715 14354 14341 14342 14395 
40716 421 14379 14384 14398 
40717 14384 14379 14371 14397 
40718 798 14302 797 14387 
40719 798 801 14302 14385 
40720 14381 14366 14367 14386 
40721 14300 14303 800 14387 
40722 799 14372 14303 14387 
40723 797 14302 14373 14387 
40724 14337 14320 14331 14391 
40725 799 14303 14300 14387 
40726 14381 14373 14386 14387 
40727 8176 14301 421 14379 
40728 8176 14379 421 14398 
40729 14365 14356 14353 14392 
40730 8176 14376 14379 14398 
40731 14376 14351 14361 14397 
40732 797 14373 14381 14387 
40733 423 14377 14376 14398 
40734 798 797 14299 14387 
40735 14380 14367 14365 14386 
40736 14381 14373 14366 14386 
40737 798 14299 799 14387 
40738 14370 14369 14359 14392 
40739 14375 14372 14386 14387 
40740 8175 422 14378 14398 
40741 14379 14376 14397 14398 
40742 8176 423 14376 14398 
40743 8176 14301 14379 14376 
40744 14355 14392 14354 14395 
40745 8175 423 8176 14398 
40746 8175 8176 422 14398 
40747 422 421 14384 14398 
40748 8176 421 422 14398 
40749 8175 14364 14377 14398 
40750 14371 14361 14396 14397 
40751 798 14300 801 14385 
40752 14300 800 14385 14387 
40753 14368 14360 14347 14392 
40754 14380 14386 14372 14387 
40755 14330 14329 14319 14391 
40756 14321 14307 14312 14391 
40757 14355 14354 14342 14395 
40758 14371 14349 14362 14396 
40759 14324 14323 14314 14390 
40760 14350 14394 14340 14396 
40761 802 801 14300 14385 
40762 14313 14305 14310 14390 
40763 14383 14370 14382 14386 
40764 14371 14348 14349 14396 
40765 14307 14306 14304 14389 
40766 14311 14306 14307 14389 
40767 14310 14305 14389 14390 
40768 14317 14388 14309 14390 
40769 802 14300 800 14385 
40770 14384 14362 14378 14397 
40771 14372 14365 14358 14386 
40772 798 799 14300 14387 
40773 14378 14397 14364 14398 
40774 14311 14310 14305 14389 
40775 8175 14377 423 14398 
40776 14308 14389 14304 14390 
40777 14422 14416 14481 14482 
40778 14415 14404 14407 14481 
40779 14416 14410 14408 14481 
40780 14412 14408 14410 14483 
40781 14405 14404 14481 14483 
40782 14420 14411 14414 14406 
40783 14419 14410 14407 14483 
40784 14436 14414 14420 14411 
40785 14409 14405 14404 14481 
40786 14406 14404 14405 14483 
40787 14411 14406 14405 14483 
40788 14423 14409 14415 14482 
40789 14425 14416 14422 14482 
40790 14418 14410 14416 14481 
40791 14423 14417 14482 14484 
40792 14424 14421 14418 14482 
40793 14421 14407 14410 14481 
40794 14422 14405 14409 14481 
40795 14422 14408 14405 14481 
40796 14410 14481 14407 14483 
40797 14436 14426 14427 14419 
40798 14410 14408 14481 14483 
40799 14432 14422 14417 14482 
40800 14407 14481 14404 14483 
40801 14423 14417 14409 14482 
40802 14430 14484 14482 14431 
40803 14411 14405 14408 14483 
40804 14421 14415 14481 14482 
40805 14428 14420 14427 14414 
40806 14412 14411 14408 14483 
40807 14439 14420 14436 14485 
40808 14419 14407 14413 14483 
40809 14467 14446 14437 14485 
40810 14436 14412 14419 14411 
40811 14436 14419 14414 14411 
40812 14414 14407 14404 14483 
40813 14437 14427 14436 14426 
40814 14437 14436 14427 14485 
40815 14430 14423 14415 14482 
40816 14428 14427 14420 14485 
40817 14447 14437 14427 14485 
40818 14463 14453 14461 14486 
40819 14415 14409 14481 14482 
40820 14425 14424 14418 14482 
40821 14430 14415 14421 14482 
40822 14427 14414 14419 14413 
40823 14425 14418 14416 14482 
40824 14418 14481 14416 14482 
40825 14432 14425 14422 14482 
40826 14424 14482 14484 14431 
40827 14400 808 14487 806 
40828 14441 14425 14432 14484 
40829 14425 14424 14482 14484 
40830 14436 14419 14427 14414 
40831 14414 14404 14406 14483 
40832 14447 14427 14428 14485 
40833 14448 14429 14439 14485 
40834 14423 14430 14484 14482 
40835 808 806 14479 14488 
40836 14419 14413 14414 14483 
40837 14419 14414 14411 14483 
40838 14467 14447 14438 14485 
40839 808 14478 807 14488 
40840 805 14476 14468 14489 
40841 14431 14430 14421 14482 
40842 14429 14428 14420 14485 
40843 14421 14410 14418 14481 
40844 804 14400 14487 806 
40845 14421 14481 14418 14482 
40846 14455 14450 14443 14490 
40847 14442 14433 14432 14484 
40848 14432 14425 14482 14484 
40849 14489 14403 14487 806 
40850 14453 14442 14434 14484 
40851 14438 14428 14429 14485 
40852 14451 14441 14433 14490 
40853 14456 14435 14444 14490 
40854 14446 14436 14437 14485 
40855 14434 14423 14430 14484 
40856 14450 14484 14443 14490 
40857 14436 14427 14420 14414 
40858 14459 14448 14439 14485 
40859 14414 14413 14407 14483 
40860 14467 14459 14446 14485 
40861 14452 14433 14442 14484 
40862 14450 14434 14440 14484 
40863 14447 14428 14438 14485 
40864 14449 14448 14438 14429 
40865 14442 14423 14434 14484 
40866 14467 14448 14438 14491 
40867 14436 14420 14427 14485 
40868 14474 14449 14448 14491 
40869 14460 14448 14459 14491 
40870 14402 14487 807 14488 
40871 14475 14472 14458 14491 
40872 14449 14438 14448 14491 
40873 14444 14424 14425 14484 
40874 14467 14437 14447 14485 
40875 14435 14431 14424 14484 
40876 14448 14438 14429 14485 
40877 806 14471 14488 14489 
40878 14444 14435 14484 14490 
40879 14451 14445 14441 14490 
40880 14414 14406 14411 14483 
40881 14466 14456 14457 14490 
40882 14479 14488 14471 14492 
40883 14470 14469 14488 14492 
40884 14454 14445 14451 14486 
40885 807 14470 14402 14488 
40886 14466 14457 14464 14486 
40887 14439 14429 14420 14485 
40888 14466 14457 14486 14490 
40889 14462 14451 14452 14486 
40890 14461 14450 14455 14490 
40891 14442 14417 14423 14484 
40892 14465 14455 14443 14490 
40893 14456 14443 14435 14490 
40894 14459 14439 14446 14485 
40895 14440 14434 14430 14484 
40896 14457 14441 14445 14490 
40897 14440 14431 14435 14484 
40898 14442 14432 14417 14484 
40899 14440 14430 14431 14484 
40900 14453 14486 14452 14490 
40901 14446 14439 14436 14485 
40902 14443 14484 14435 14490 
40903 14461 14453 14450 14490 
40904 14453 14484 14450 14490 
40905 14457 14444 14441 14490 
40906 14453 14452 14484 14490 
40907 14444 14484 14441 14490 
40908 14471 14468 14455 14492 
40909 433 14480 14472 14493 
40910 433 432 14480 14493 
40911 14480 14473 14491 14493 
40912 14441 14432 14433 14484 
40913 14461 14486 14453 14490 
40914 14441 14484 14433 14490 
40915 14474 14448 14460 14491 
40916 8284 14473 432 14493 
40917 14452 14433 14484 14490 
40918 14470 14464 14454 14492 
40919 14464 14457 14445 14486 
40920 14471 14488 14489 14492 
40921 14463 14452 14453 14486 
40922 14457 14456 14444 14490 
40923 14473 14460 14459 14491 
40924 14475 14449 14474 14491 
40925 14467 14438 14458 14491 
40926 14462 14454 14451 14486 
40927 14450 14440 14443 14484 
40928 14452 14451 14433 14490 
40929 14443 14440 14435 14484 
40930 14463 14462 14452 14486 
40931 14465 14443 14456 14490 
40932 14480 14491 14472 14493 
40933 431 8285 14475 14493 
40934 14477 14486 14476 14492 
40935 14480 14467 14472 14491 
40936 14477 14469 14486 14492 
40937 8284 14474 14460 14493 
40938 14476 14461 14468 14486 
40939 14452 14486 14451 14490 
40940 14466 14486 14465 14490 
40941 14468 14461 14455 14486 
40942 14478 14466 14464 14492 
40943 14453 14452 14442 14484 
40944 14469 14454 14486 14492 
40945 14471 14489 14468 14492 
40946 14461 14455 14486 14490 
40947 14477 14462 14463 14486 
40948 14464 14445 14454 14486 
40949 14451 14486 14445 14490 
40950 14476 14463 14461 14486 
40951 14469 14454 14462 14486 
40952 14477 14463 14476 14486 
40953 14403 14468 14471 14489 
40954 14399 14477 14476 14489 
40955 14476 14486 14468 14492 
40956 14477 14476 14489 14492 
40957 14479 14466 14478 14492 
40958 14464 14486 14454 14492 
40959 14467 14448 14459 14485 
40960 14466 14465 14456 14490 
40961 14478 14464 14470 14492 
40962 14478 14470 14488 14492 
40963 807 14478 14470 14488 
40964 14466 14486 14464 14492 
40965 14477 14489 14469 14492 
40966 14444 14435 14424 14484 
40967 14475 14491 14474 14493 
40968 14470 14454 14469 14492 
40969 14471 14455 14465 14492 
40970 808 14479 14478 14488 
40971 14402 14469 14487 14488 
40972 14477 14469 14462 14486 
40973 14468 14486 14455 14492 
40974 14475 14472 14491 14493 
40975 431 14474 8284 14493 
40976 8285 433 14472 14493 
40977 14480 14459 14467 14491 
40978 14474 14491 14460 14493 
40979 432 14473 14480 14493 
40980 14467 14459 14448 14491 
40981 8285 14401 14475 14472 
40982 14432 14482 14417 14484 
40983 14469 14489 14488 14492 
40984 8285 14472 14475 14493 
40985 803 14469 14487 14402 
40986 14400 14402 14487 807 
40987 14465 14455 14486 14492 
40988 14466 14465 14486 14492 
40989 8284 14460 14473 14493 
40990 805 14468 14403 14489 
40991 806 14403 14471 14489 
40992 8285 432 433 14493 
40993 431 14475 14474 14493 
40994 14473 14460 14491 14493 
40995 14465 14486 14455 14490 
40996 14458 14438 14449 14491 
40997 14480 14473 14459 14491 
40998 805 14399 14476 14489 
40999 431 8285 14401 14475 
41000 14487 14402 14400 803 
41001 803 14469 14477 14489 
41002 14476 14468 14489 14492 
41003 431 8284 8285 14493 
41004 807 14487 808 14488 
41005 14402 14470 14469 14488 
41006 14400 807 14487 808 
41007 8285 433 14401 14472 
41008 14431 14421 14424 14482 
41009 14422 14409 14417 14482 
41010 14457 14445 14486 14490 
41011 8284 432 8285 14493 
41012 14479 14471 14465 14492 
41013 14444 14425 14441 14484 
41014 803 14400 14487 804 
41015 808 14487 806 14488 
41016 805 14487 14403 804 
41017 14472 14467 14458 14491 
41018 806 14471 14479 14488 
41019 14489 14399 14487 805 
41020 14489 803 14487 14399 
41021 14399 14487 805 804 
41022 14467 14447 14458 14438 
41023 14453 14434 14450 14484 
41024 14415 14409 14404 14481 
41025 14467 14438 14448 14485 
41026 14479 14465 14466 14492 
41027 14475 14458 14449 14491 
41028 14399 803 14477 14489 
41029 14421 14415 14407 14481 
41030 14422 14416 14408 14481 
41031 14419 14411 14412 14483 
41032 14479 14478 14488 14492 
41033 14422 14481 14409 14482 
41034 14408 14405 14481 14483 
41035 14419 14412 14410 14483 
41036 14489 805 14487 14403 
41037 806 14487 14489 14488 
41038 14488 14487 14489 14469 
41039 14469 14487 14489 803 
41040 803 14487 14399 804 
41041 14403 14487 806 804 
41042 14516 14506 14514 14505 
41043 14514 14505 14509 14581 
41044 14514 14506 14509 14505 
41045 14509 14505 14502 14581 
41046 14533 14522 14515 14514 
41047 8283 430 14572 14582 
41048 14507 14512 14499 14581 
41049 14515 14508 14503 14581 
41050 14505 14501 14502 14581 
41051 14504 14499 14500 14581 
41052 14516 14515 14504 14581 
41053 14521 14507 14518 14583 
41054 14528 14510 14511 14583 
41055 14511 14502 14501 14581 
41056 14526 14518 14519 14583 
41057 14511 14581 14512 14583 
41058 14516 14504 14500 14581 
41059 14504 14503 14499 14581 
41060 14511 14510 14502 14581 
41061 14511 14510 14581 14583 
41062 14526 14521 14518 14583 
41063 14517 14506 14516 14505 
41064 14528 14527 14510 14583 
41065 14527 14519 14510 14583 
41066 14513 14512 14507 14583 
41067 14527 14526 14519 14583 
41068 14528 14511 14520 14583 
41069 14518 14507 14581 14583 
41070 14520 14512 14513 14583 
41071 14516 14514 14515 14581 
41072 14516 14533 14506 14517 
41073 14519 14581 14510 14583 
41074 14533 14517 14523 14584 
41075 14534 14523 14524 14584 
41076 14510 14509 14502 14581 
41077 14546 14532 14536 14584 
41078 14532 14506 14514 14584 
41079 14533 14522 14514 14584 
41080 14532 14514 14522 14584 
41081 14542 14513 14521 14585 
41082 14519 14508 14509 14581 
41083 14538 14526 14527 14585 
41084 14514 14533 14506 14516 
41085 14516 14500 14501 14581 
41086 14546 14517 14532 14584 
41087 14524 14523 14517 14584 
41088 14540 14528 14520 14585 
41089 14540 14520 14529 14585 
41090 14529 14520 14525 14585 
41091 14533 14516 14515 14504 
41092 14542 14521 14531 14585 
41093 14533 14523 14517 14516 
41094 14545 14544 14522 14584 
41095 14544 14536 14532 14584 
41096 14533 14515 14516 14514 
41097 14546 14534 14535 14524 
41098 14525 14520 14513 14585 
41099 14537 14529 14525 14585 
41100 14521 14513 14583 14585 
41101 14551 14550 14539 14586 
41102 14526 14521 14583 14585 
41103 14556 14542 14531 14585 
41104 14556 14555 14530 14586 
41105 14539 14527 14528 14585 
41106 14542 14530 14525 14585 
41107 14538 14531 14526 14585 
41108 14543 14531 14538 14585 
41109 14511 14501 14512 14581 
41110 14516 14501 14505 14581 
41111 14544 14536 14584 14587 
41112 14545 14544 14584 14587 
41113 14528 14583 14520 14585 
41114 14527 14526 14583 14585 
41115 14558 14534 14548 14587 
41116 14567 14544 14545 14587 
41117 14558 14545 14534 14587 
41118 14546 14534 14524 14584 
41119 14546 14535 14534 14587 
41120 14559 14535 14546 14587 
41121 14545 14584 14534 14587 
41122 14557 14536 14544 14587 
41123 14548 14534 14535 14587 
41124 14567 14545 14558 14587 
41125 14528 14527 14583 14585 
41126 14555 14541 14530 14586 
41127 14567 14557 14544 14587 
41128 14542 14525 14513 14585 
41129 14546 14524 14517 14584 
41130 14556 14530 14542 14585 
41131 14534 14533 14523 14584 
41132 14539 14538 14527 14585 
41133 14531 14521 14526 14585 
41134 14521 14513 14507 14583 
41135 14540 14539 14528 14585 
41136 14514 14509 14508 14581 
41137 14556 14585 14543 14586 
41138 14547 14546 14536 14587 
41139 14556 14555 14542 14530 
41140 14537 14585 14530 14586 
41141 14518 14503 14508 14581 
41142 14520 14583 14513 14585 
41143 14552 14551 14540 14586 
41144 14561 14549 14554 14586 
41145 14549 14537 14541 14586 
41146 14552 14529 14549 14586 
41147 14563 14551 14552 14586 
41148 14562 14553 14550 14586 
41149 14545 14533 14534 14584 
41150 14545 14522 14533 14584 
41151 14563 14562 14586 14588 
41152 14562 14550 14551 14586 
41153 14566 14555 14556 14586 
41154 14507 14512 14581 14583 
41155 14564 14543 14553 14586 
41156 14516 14505 14514 14581 
41157 14550 14538 14539 14585 
41158 14546 14584 14536 14587 
41159 14559 14546 14547 14587 
41160 14573 14572 14582 14589 
41161 14559 14587 14547 14589 
41162 14519 14509 14510 14581 
41163 14573 14559 14547 14589 
41164 14560 14548 14559 14589 
41165 14557 14547 14587 14589 
41166 14574 14558 14548 14589 
41167 14572 14547 14557 14589 
41168 14550 14585 14539 14586 
41169 14565 14541 14555 14586 
41170 14553 14543 14550 14586 
41171 14549 14529 14537 14586 
41172 14571 14568 14554 14588 
41173 14551 14539 14540 14586 
41174 14559 14548 14535 14587 
41175 14540 14539 14585 14586 
41176 14566 14565 14555 14586 
41177 14512 14500 14499 14581 
41178 14559 14548 14587 14589 
41179 14563 14562 14551 14586 
41180 14564 14556 14543 14586 
41181 14552 14540 14529 14586 
41182 14541 14537 14530 14586 
41183 14569 14553 14562 14588 
41184 14556 14530 14585 14586 
41185 14550 14543 14538 14585 
41186 14517 14533 14506 14584 
41187 14570 14553 14569 14588 
41188 14563 14552 14561 14586 
41189 14515 14514 14508 14581 
41190 14558 14587 14548 14589 
41191 14580 14567 14558 14589 
41192 14537 14525 14530 14585 
41193 8283 14496 14575 14572 
41194 14567 14557 14587 14589 
41195 14562 14553 14586 14588 
41196 14561 14586 14554 14588 
41197 14563 14586 14561 14588 
41198 14561 14552 14549 14586 
41199 14564 14586 14553 14588 
41200 14577 14563 14576 14588 
41201 14571 14588 14590 14591 
41202 811 14576 14568 14591 
41203 14579 14588 14578 14590 
41204 14566 14586 14564 14588 
41205 14577 14562 14563 14588 
41206 812 14571 14579 14590 
41207 14570 14564 14553 14588 
41208 811 14568 14498 14591 
41209 14544 14532 14522 14584 
41210 14498 14568 14571 14591 
41211 14532 14517 14506 14584 
41212 814 14578 813 14590 
41213 14494 14577 14576 14591 
41214 14567 14587 14558 14589 
41215 814 812 14579 14590 
41216 14576 14563 14561 14588 
41217 813 14570 14497 14590 
41218 14578 14564 14570 14588 
41219 811 14494 14576 14591 
41220 14577 14588 14576 14591 
41221 810 14495 14590 14591 
41222 813 14578 14570 14590 
41223 812 14571 14590 14591 
41224 14576 14588 14568 14591 
41225 14579 14566 14578 14588 
41226 14566 14565 14586 14588 
41227 14573 14547 14572 14589 
41228 14568 14561 14554 14588 
41229 14566 14556 14564 14586 
41230 14497 14570 14569 14590 
41231 14577 14590 14588 14591 
41232 14578 14588 14570 14590 
41233 810 14497 809 14590 
41234 14546 14534 14584 14587 
41235 14571 14568 14588 14591 
41236 810 809 14577 14590 
41237 814 14579 14578 14590 
41238 429 14574 8282 14582 
41239 14577 14569 14588 14590 
41240 14579 14571 14565 14588 
41241 14580 14574 14582 14589 
41242 14575 14582 14572 14589 
41243 14556 14531 14543 14585 
41244 8283 14575 428 14582 
41245 14557 14547 14536 14587 
41246 14565 14554 14586 14588 
41247 14519 14518 14581 14583 
41248 810 14495 14497 14590 
41249 809 14497 14569 14590 
41250 14495 813 14497 14590 
41251 810 811 14498 14591 
41252 429 428 14580 14582 
41253 8282 14573 430 14582 
41254 14495 14498 812 14591 
41255 14579 14571 14588 14590 
41256 14571 14554 14565 14588 
41257 14570 14588 14569 14590 
41258 14578 14566 14564 14588 
41259 14573 14560 14559 14589 
41260 14575 14572 14557 14589 
41261 430 14573 14572 14582 
41262 8282 430 8283 14582 
41263 14573 14582 14560 14589 
41264 14575 14557 14567 14589 
41265 429 8283 428 14582 
41266 8283 430 14496 14572 
41267 8283 14496 428 14575 
41268 8283 14572 14575 14582 
41269 14576 14561 14568 14588 
41270 810 14577 14494 14591 
41271 809 14569 14577 14590 
41272 14518 14507 14503 14581 
41273 14520 14511 14512 14583 
41274 810 14494 811 14591 
41275 814 14495 812 14590 
41276 14580 14558 14574 14589 
41277 14574 14560 14582 14589 
41278 429 8282 8283 14582 
41279 429 14580 14574 14582 
41280 812 14498 14571 14591 
41281 14580 14582 14575 14589 
41282 14537 14529 14585 14586 
41283 8282 14574 14560 14582 
41284 14580 14575 14567 14589 
41285 14574 14548 14560 14589 
41286 14495 812 14590 14591 
41287 8282 14560 14573 14582 
41288 14577 14569 14562 14588 
41289 810 14590 14577 14591 
41290 428 14575 14580 14582 
41291 810 14498 14495 14591 
41292 814 813 14495 14590 
41293 14515 14503 14504 14581 
41294 14519 14518 14508 14581 
41295 14554 14549 14541 14586 
41296 14550 14543 14585 14586 
41297 14565 14554 14541 14586 
41298 14584 14533 14506 14514 
41299 14540 14585 14529 14586 
41300 14507 14499 14503 14581 
41301 14512 14501 14500 14581 
41302 14579 14565 14566 14588 
41303 810 809 14494 14577 
41304 14665 14662 14648 14675 
41305 14673 14665 14675 14676 
41306 14662 14655 14648 14675 
41307 14673 14675 14672 14676 
41308 14672 14658 14664 14675 
41309 14657 14675 14655 14676 
41310 14664 14658 14647 14675 
41311 14657 14656 14675 14676 
41312 14656 14647 14675 14676 
41313 14609 14600 14601 14677 
41314 14614 14598 14599 14597 
41315 14608 14603 14599 14677 
41316 14615 14599 14600 14677 
41317 14601 14600 14599 14677 
41318 14614 14604 14599 14598 
41319 14613 14606 14614 14605 
41320 14598 14604 14599 14602 
41321 14615 14608 14677 14678 
41322 14602 14604 14599 14601 
41323 14614 14606 14607 14599 
41324 14603 14597 14599 14677 
41325 14622 14613 14607 14614 
41326 14617 14602 14597 14677 
41327 14617 14677 14603 14678 
41328 14622 14614 14620 14612 
41329 14615 14608 14599 14677 
41330 14618 14617 14611 14678 
41331 14614 14605 14612 14613 
41332 14602 14599 14597 14677 
41333 14610 14609 14601 14677 
41334 14618 14678 14611 14679 
41335 14624 14617 14618 14678 
41336 14602 14601 14599 14677 
41337 14613 14612 14614 14622 
41338 14622 14613 14612 14680 
41339 14621 14612 14605 14680 
41340 14617 14610 14677 14678 
41341 14626 14678 14616 14679 
41342 14601 14604 14599 14606 
41343 14630 14613 14622 14680 
41344 14611 14603 14608 14678 
41345 14624 14679 14618 14681 
41346 14640 14630 14622 14680 
41347 14622 14612 14620 14680 
41348 14606 14601 14600 14599 
41349 14615 14600 14609 14677 
41350 14668 14642 14641 14682 
41351 14637 14611 14619 14679 
41352 14631 14679 14624 14681 
41353 14634 14626 14679 14681 
41354 14615 14677 14609 14678 
41355 14617 14610 14602 14677 
41356 14634 14633 14626 14681 
41357 14625 14619 14679 14681 
41358 14637 14619 14632 14681 
41359 14627 14616 14610 14678 
41360 14634 14626 14616 14679 
41361 14636 14631 14628 14683 
41362 14623 14605 14613 14680 
41363 14610 14609 14677 14678 
41364 14681 14635 14631 14679 
41365 14635 14616 14627 14679 
41366 14627 14610 14617 14678 
41367 14628 14624 14618 14681 
41368 14627 14617 14624 14678 
41369 14604 14605 14612 14614 
41370 14639 14620 14612 14680 
41371 14627 14679 14624 14631 
41372 14637 14618 14611 14679 
41373 14640 14639 14629 14680 
41374 14613 14605 14612 14680 
41375 14614 14613 14607 14606 
41376 14652 14640 14639 14629 
41377 14661 14652 14640 14639 
41378 14642 14629 14641 14682 
41379 14630 14629 14623 14680 
41380 14637 14628 14618 14681 
41381 14640 14622 14620 14680 
41382 14624 14678 14618 14679 
41383 14641 14630 14640 14629 
41384 14635 14634 14679 14681 
41385 14679 14635 14631 14627 
41386 14649 14636 14628 14683 
41387 14614 14612 14604 14598 
41388 14623 14621 14605 14680 
41389 14631 14624 14628 14681 
41390 14643 14635 14631 14683 
41391 14626 14625 14679 14681 
41392 14637 14679 14619 14681 
41393 14643 14631 14636 14683 
41394 14640 14620 14639 14680 
41395 14644 14632 14633 14683 
41396 14621 14605 14612 14604 
41397 14637 14618 14679 14681 
41398 14668 14641 14654 14682 
41399 14674 14667 14682 14684 
41400 14630 14623 14613 14680 
41401 14626 14625 14615 14678 
41402 14627 14616 14678 14679 
41403 14652 14640 14629 14682 
41404 14633 14625 14626 14681 
41405 820 818 14673 14685 
41406 820 14672 819 14685 
41407 14645 14644 14633 14683 
41408 14632 14619 14625 14681 
41409 14625 14619 14615 14678 
41410 14610 14601 14602 14677 
41411 14616 14609 14610 14678 
41412 14653 14640 14641 14630 
41413 14619 14611 14608 14678 
41414 819 14672 14664 14685 
41415 14629 14621 14623 14680 
41416 14639 14612 14621 14680 
41417 14672 14660 14658 14675 
41418 14649 14628 14637 14681 
41419 14650 14638 14675 14683 
41420 14669 14682 14668 14684 
41421 14645 14633 14634 14683 
41422 14592 815 14671 14686 
41423 14669 14666 14682 14684 
41424 14606 14604 14599 14614 
41425 14670 14676 14662 14686 
41426 14644 14675 14638 14683 
41427 14647 14638 14644 14675 
41428 14660 14650 14658 14675 
41429 14646 14645 14634 14683 
41430 14646 14635 14643 14683 
41431 14635 14634 14616 14679 
41432 14640 14629 14630 14680 
41433 14660 14675 14659 14683 
41434 14650 14637 14632 14681 
41435 14644 14638 14632 14683 
41436 14633 14632 14625 14681 
41437 14642 14641 14629 14623 
41438 14661 14651 14640 14682 
41439 14668 14682 14654 14684 
41440 14650 14632 14638 14683 
41441 14646 14643 14675 14683 
41442 14617 14597 14603 14677 
41443 14654 14641 14653 14682 
41444 815 14595 14663 14686 
41445 14660 14650 14675 14683 
41446 14602 14599 14598 14597 
41447 14619 14608 14615 14678 
41448 817 14592 14670 14686 
41449 14635 14634 14681 14683 
41450 14655 14643 14648 14675 
41451 14646 14634 14635 14683 
41452 14660 14649 14650 14683 
41453 14631 14681 14628 14683 
41454 816 815 14592 14686 
41455 816 14596 818 14685 
41456 14661 14640 14652 14682 
41457 14659 14636 14649 14683 
41458 14672 14675 14664 14676 
41459 14659 14648 14636 14675 
41460 14648 14643 14636 14675 
41461 14634 14633 14681 14683 
41462 14657 14646 14655 14675 
41463 816 818 14593 14685 
41464 14650 14649 14637 14681 
41465 820 819 14593 14685 
41466 14660 14659 14649 14683 
41467 14667 14653 14651 14682 
41468 14643 14636 14675 14683 
41469 14656 14647 14644 14675 
41470 14674 14651 14661 14682 
41471 14653 14640 14651 14682 
41472 14641 14630 14629 14623 
41473 14641 14629 14640 14682 
41474 14657 14656 14645 14675 
41475 14653 14641 14640 14682 
41476 14674 14661 14666 14682 
41477 14652 14629 14642 14682 
41478 14645 14675 14644 14683 
41479 439 14669 14668 14684 
41480 14671 14656 14657 14676 
41481 14656 14644 14645 14675 
41482 14658 14650 14638 14675 
41483 14685 14662 14686 816 
41484 817 14670 14662 14686 
41485 14670 14655 14662 14676 
41486 14605 14606 14614 14604 
41487 14650 14649 14681 14683 
41488 14646 14675 14645 14683 
41489 14664 14676 14663 14686 
41490 14664 14685 14676 14686 
41491 14627 14678 14624 14679 
41492 14671 14657 14670 14676 
41493 14635 14681 14631 14683 
41494 14665 14662 14675 14676 
41495 14658 14638 14647 14675 
41496 14649 14628 14681 14683 
41497 14665 14662 14676 14685 
41498 14662 14655 14675 14676 
41499 14625 14619 14678 14679 
41500 14596 14662 14665 14685 
41501 14592 14671 14670 14686 
41502 14665 14648 14659 14675 
41503 14608 14603 14677 14678 
41504 14673 14660 14672 14675 
41505 14673 14659 14660 14675 
41506 14672 14676 14664 14685 
41507 14662 14596 816 14685 
41508 14593 819 14664 14685 
41509 14670 14657 14655 14676 
41510 14650 14681 14632 14683 
41511 14626 14615 14609 14678 
41512 14664 14675 14647 14676 
41513 14626 14625 14678 14679 
41514 14655 14646 14643 14675 
41515 14662 14676 14685 14686 
41516 14664 14647 14663 14676 
41517 14595 14664 14663 14686 
41518 816 14685 14593 14686 
41519 820 14673 14672 14685 
41520 14674 14667 14651 14682 
41521 8391 14594 14669 14666 
41522 14666 8391 441 14684 
41523 440 14684 14674 441 
41524 14657 14645 14646 14675 
41525 8391 441 14594 14666 
41526 14666 14661 14652 14682 
41527 440 14667 14674 14684 
41528 815 14663 14671 14686 
41529 14593 14664 14595 14686 
41530 14659 14675 14636 14683 
41531 14593 819 14595 14664 
41532 817 14596 816 14662 
41533 14617 14603 14611 14678 
41534 14671 14676 14670 14686 
41535 818 14665 14673 14685 
41536 14619 14611 14678 14679 
41537 816 14662 14686 817 
41538 14673 14665 14676 14685 
41539 14674 14682 14666 14684 
41540 820 14593 818 14685 
41541 14667 14654 14653 14682 
41542 14669 14652 14642 14682 
41543 8391 14666 14669 14684 
41544 439 8391 14594 14669 
41545 8390 14668 14654 14684 
41546 8390 14654 14667 14684 
41547 815 14593 14595 14686 
41548 816 14593 815 14686 
41549 14593 14685 14664 14686 
41550 14633 14632 14681 14683 
41551 14667 14654 14682 14684 
41552 14673 14676 14672 14685 
41553 14626 14609 14616 14678 
41554 818 14596 14665 14685 
41555 816 14592 817 14686 
41556 441 14684 14674 14666 
41557 14673 14665 14659 14675 
41558 14671 14663 14676 14686 
41559 8390 14667 440 14684 
41560 8390 440 8391 14684 
41561 439 14668 8390 14684 
41562 14663 14647 14656 14676 
41563 439 8390 8391 14684 
41564 439 8391 14669 14684 
41565 14669 14642 14668 14682 
41566 14669 14666 14652 14682 
41567 14671 14663 14656 14676 
41568 14639 14621 14629 14680 
41569 14684 8391 441 440 
41570 14697 14692 14777 14778 
41571 14708 14698 14707 14692 
41572 14717 14707 14716 14706 
41573 14716 14699 14693 14777 
41574 14711 14696 14778 14779 
41575 14711 14696 14701 14778 
41576 14779 14696 14778 14697 
41577 14705 14692 14697 14778 
41578 14704 14703 14779 14780 
41579 14719 14716 14709 14699 
41580 14709 14699 14708 14698 
41581 14721 14712 14703 14779 
41582 14712 14711 14778 14779 
41583 14697 14777 14696 14778 
41584 14710 14697 14700 14779 
41585 14712 14711 14701 14778 
41586 14696 14700 14779 14711 
41587 14698 14692 14694 14777 
41588 14728 14709 14717 14708 
41589 14716 14706 14707 14777 
41590 14720 14715 14779 14780 
41591 14702 14699 14694 14777 
41592 14723 14704 14713 14780 
41593 14722 14703 14704 14780 
41594 14710 14705 14697 14779 
41595 14716 14708 14709 14699 
41596 14712 14702 14703 14778 
41597 14720 14715 14711 14779 
41598 14721 14779 14703 14780 
41599 14723 14722 14704 14780 
41600 14704 14703 14778 14779 
41601 14705 14695 14778 14779 
41602 14714 14710 14700 14779 
41603 14694 14777 14692 14778 
41604 14708 14699 14707 14698 
41605 823 14781 14691 14782 
41606 14737 14714 14715 14780 
41607 14726 14715 14720 14780 
41608 14720 14711 14712 14779 
41609 14713 14695 14705 14779 
41610 14716 14693 14706 14777 
41611 14713 14705 14710 14779 
41612 14715 14714 14700 14779 
41613 14724 14710 14714 14780 
41614 14728 14718 14709 14708 
41615 14707 14698 14699 14777 
41616 14737 14725 14780 14783 
41617 14713 14779 14710 14780 
41618 14753 14719 14728 14718 
41619 14753 14727 14728 14719 
41620 14732 14720 14721 14780 
41621 14717 14708 14716 14707 
41622 14753 14739 14727 14719 
41623 14719 14716 14717 14709 
41624 14728 14719 14727 14717 
41625 14746 14745 14783 14784 
41626 14745 14732 14733 14783 
41627 14735 14734 14780 14783 
41628 14728 14708 14717 14707 
41629 14722 14721 14703 14780 
41630 14732 14726 14720 14780 
41631 14715 14714 14779 14780 
41632 14707 14692 14698 14777 
41633 14745 14738 14732 14783 
41634 14738 14726 14732 14783 
41635 14735 14783 14731 14784 
41636 14734 14733 14780 14783 
41637 14734 14733 14722 14780 
41638 14706 14696 14697 14777 
41639 14704 14694 14695 14778 
41640 14737 14715 14726 14780 
41641 14735 14780 14731 14783 
41642 14701 14696 14777 14778 
41643 14724 14723 14713 14780 
41644 14695 14694 14692 14778 
41645 14747 14735 14744 14784 
41646 14721 14720 14712 14779 
41647 14731 14724 14725 14780 
41648 14736 14731 14725 14784 
41649 14735 14723 14724 14780 
41650 14734 14722 14723 14780 
41651 14735 14734 14723 14780 
41652 14716 14707 14708 14699 
41653 14747 14734 14735 14783 
41654 14737 14780 14726 14783 
41655 14741 14730 14739 14719 
41656 14712 14701 14702 14778 
41657 14753 14728 14727 14717 
41658 14721 14720 14779 14780 
41659 14753 14739 14718 14740 
41660 14729 14740 14741 14785 
41661 14741 14740 14729 14718 
41662 14755 14729 14741 14785 
41663 14703 14702 14694 14778 
41664 14733 14732 14780 14783 
41665 822 823 14691 14782 
41666 14740 14739 14718 14741 
41667 14761 14736 14750 14784 
41668 14747 14746 14734 14783 
41669 14750 14725 14737 14783 
41670 14746 14733 14734 14783 
41671 14727 14717 14719 14716 
41672 14744 14731 14736 14784 
41673 14745 14738 14783 14784 
41674 14761 14749 14736 14784 
41675 14750 14736 14725 14784 
41676 14706 14693 14696 14777 
41677 14749 14744 14736 14784 
41678 14717 14709 14716 14708 
41679 14762 14761 14750 14784 
41680 14728 14718 14719 14709 
41681 14773 14781 14765 14786 
41682 14762 14750 14751 14784 
41683 826 824 14775 14787 
41684 14767 14782 14781 14787 
41685 14741 14739 14718 14719 
41686 14744 14735 14731 14784 
41687 14751 14726 14738 14783 
41688 14733 14732 14721 14780 
41689 14753 14728 14740 14718 
41690 14751 14737 14726 14783 
41691 14759 14758 14746 14784 
41692 826 14774 825 14787 
41693 14758 14748 14745 14784 
41694 14759 14746 14747 14784 
41695 14705 14695 14692 14778 
41696 14733 14721 14722 14780 
41697 14754 14753 14740 14785 
41698 824 14767 14775 14787 
41699 14771 14768 14785 14788 
41700 14771 14752 14763 14785 
41701 14756 14743 14755 14785 
41702 14752 14730 14739 14785 
41703 14754 14740 14743 14785 
41704 14755 14743 14729 14785 
41705 14770 14785 14756 14788 
41706 14743 14740 14729 14785 
41707 14767 14781 14764 14786 
41708 14752 14742 14730 14785 
41709 14773 14772 14781 14786 
41710 14776 14754 14770 14785 
41711 14691 14781 14767 14782 
41712 14760 14738 14748 14784 
41713 823 14687 14781 14782 
41714 14769 14755 14742 14785 
41715 14768 14742 14752 14785 
41716 14769 14742 14768 14785 
41717 14701 14696 14693 14777 
41718 14769 14785 14768 14788 
41719 14740 14741 14785 14739 
41720 14746 14745 14733 14783 
41721 14731 14780 14725 14783 
41722 14751 14750 14783 14784 
41723 14725 14724 14714 14780 
41724 14763 14752 14739 14785 
41725 14758 14748 14784 14786 
41726 14760 14751 14738 14784 
41727 14759 14784 14757 14786 
41728 14772 14764 14781 14786 
41729 14757 14784 14749 14786 
41730 14742 14741 14730 14785 
41731 14735 14724 14731 14780 
41732 822 14690 821 14782 
41733 14776 14763 14754 14785 
41734 14763 14739 14753 14785 
41735 14770 14743 14756 14785 
41736 8388 14770 14756 14788 
41737 14753 14739 14740 14785 
41738 14702 14693 14699 14777 
41739 8389 438 14689 14768 
41740 14713 14704 14695 14779 
41741 14762 14761 14784 14786 
41742 14767 14764 14749 14786 
41743 14704 14703 14694 14778 
41744 14765 14748 14758 14786 
41745 822 14688 14690 14782 
41746 14774 14786 14766 14787 
41747 823 14772 14764 14781 
41748 14751 14750 14737 14783 
41749 822 14691 14688 14782 
41750 14759 14758 14784 14786 
41751 14772 14757 14764 14786 
41752 14761 14749 14784 14786 
41753 14766 14748 14765 14786 
41754 14750 14725 14783 14784 
41755 14737 14725 14714 14780 
41756 14687 821 14773 14781 
41757 14687 14773 14772 14781 
41758 14775 14767 14761 14786 
41759 14751 14783 14738 14784 
41760 14747 14746 14783 14784 
41761 14707 14697 14692 14777 
41762 14774 14760 14766 14786 
41763 14690 14781 14782 14787 
41764 821 14690 14765 14781 
41765 14767 14749 14761 14786 
41766 14690 14766 14765 14787 
41767 825 14774 14766 14787 
41768 14699 14698 14694 14777 
41769 14747 14783 14735 14784 
41770 14775 14762 14774 14786 
41771 14731 14783 14725 14784 
41772 14762 14784 14760 14786 
41773 14748 14738 14745 14784 
41774 14758 14745 14746 14784 
41775 14766 14786 14765 14787 
41776 14773 14758 14759 14786 
41777 825 14766 14690 14787 
41778 14688 14690 14782 14787 
41779 826 14775 14774 14787 
41780 14762 14751 14760 14784 
41781 14776 14785 14770 14788 
41782 14776 14771 14785 14788 
41783 14770 14754 14743 14785 
41784 437 14776 14770 14788 
41785 14769 14756 14755 14785 
41786 14757 14747 14744 14784 
41787 436 14771 14776 14788 
41788 821 14690 14781 14782 
41789 14765 14786 14781 14787 
41790 823 14687 14772 14781 
41791 14688 825 14690 14787 
41792 14713 14704 14779 14780 
41793 14714 14710 14779 14780 
41794 14767 14781 14786 14787 
41795 14741 14739 14730 14785 
41796 14688 14691 824 14782 
41797 822 14687 823 14782 
41798 824 14691 14767 14782 
41799 14774 14762 14760 14786 
41800 14775 14767 14786 14787 
41801 14719 14739 14718 14753 
41802 8389 14689 436 14771 
41803 8389 14771 436 14788 
41804 8389 14768 14771 14788 
41805 8389 438 14768 14788 
41806 14690 14765 14781 14787 
41807 14773 14759 14772 14786 
41808 822 821 14687 14782 
41809 14775 14786 14774 14787 
41810 823 14764 14691 14781 
41811 14724 14713 14710 14780 
41812 14687 821 14781 14782 
41813 14769 14756 14785 14788 
41814 14772 14759 14757 14786 
41815 826 14688 824 14787 
41816 14757 14744 14749 14784 
41817 14764 14757 14749 14786 
41818 438 14769 14768 14788 
41819 14707 14706 14697 14777 
41820 437 436 14776 14788 
41821 8388 438 8389 14788 
41822 14712 14778 14703 14779 
41823 8388 14756 14769 14788 
41824 437 8388 8389 14788 
41825 437 8389 436 14788 
41826 437 14770 8388 14788 
41827 14755 14741 14742 14785 
41828 14704 14778 14695 14779 
41829 14776 14771 14763 14785 
41830 14728 14719 14717 14709 
41831 14688 14782 824 14787 
41832 14773 14765 14758 14786 
41833 14775 14761 14762 14786 
41834 821 14765 14773 14781 
41835 14763 14753 14754 14785 
41836 14705 14778 14697 14779 
41837 824 14782 14767 14787 
41838 14732 14726 14780 14783 
41839 14760 14784 14748 14786 
41840 8388 14769 438 14788 
41841 14716 14707 14699 14777 
41842 14697 14700 14779 14696 
41843 14702 14701 14693 14777 
41844 14715 14700 14711 14779 
41845 14702 14701 14777 14778 
41846 14691 14764 14767 14781 
41847 14741 14719 14718 14709 
41848 826 825 14688 14787 
41849 14771 14768 14752 14785 
41850 14766 14760 14748 14786 
41851 14759 14747 14757 14784 
41852 8389 14689 14771 14768 
41853 14702 14777 14694 14778 
55540 20240 20233 20230 20261 
55541 20243 20232 20233 20261 
55542 20240 20261 20239 20262 
55543 20257 20253 20251 20263 
55544 20256 20251 20250 20263 
55545 20214 20211 20213 20264 
55546 972 20259 20192 20265 
55547 20191 20257 20190 20265 
55548 20260 20263 20259 20265 
55549 20190 20257 20256 20265 
55550 20260 20256 20263 20265 
55551 20203 20200 20201 20193 
55552 20203 20201 20196 20193 
55553 20201 20200 20194 20193 
55554 20209 20198 20204 20194 
55555 20214 20212 20203 20264 
55556 20225 20202 20212 20264 
55557 20209 20195 20196 20194 
55558 20196 20194 20195 20193 
55559 20195 20208 20207 20209 
55560 734 736 20248 13218 
55561 20210 20200 20202 20199 
55562 736 20255 971 20254 
55563 20207 20216 20206 20209 
55564 20219 20205 20218 20266 
55565 20218 20205 20216 20266 
55566 20215 20203 20199 20264 
55567 20231 20218 20220 20266 
55568 20218 20206 20216 20204 
55569 20220 20206 20207 20266 
55570 20209 20208 20196 20195 
55571 20214 20213 20212 20264 
55572 20212 20202 20203 20264 
55573 20232 20220 20221 20266 
55574 20220 20218 20206 20266 
55575 20201 20194 20196 20193 
55576 20215 20199 20210 20264 
55577 20223 20210 20215 20199 
55578 20209 20222 20207 20216 
55579 20201 20198 20196 20194 
55580 20210 20199 20202 20264 
55581 20233 20221 20222 20266 
55582 20216 20204 20209 20198 
55583 20216 20222 20207 20266 
55584 20225 20212 20213 20264 
55585 20225 20210 20202 20264 
55586 20201 20198 20197 20196 
55587 20215 20211 20214 20264 
55588 20209 20196 20198 20194 
55589 20230 20222 20216 20266 
55590 20211 20234 20215 20226 
55591 20222 20221 20207 20266 
55592 20203 20202 20199 20264 
55593 20207 20209 20206 20195 
55594 20225 20213 20211 20264 
55595 20226 20214 20228 20215 
55596 20226 20213 20214 20211 
55597 20226 20214 20215 20211 
55598 20229 20234 20215 20223 
55599 20203 20202 20201 20200 
55600 20203 20201 20197 20196 
55601 20228 20226 20229 20227 
55602 20209 20197 20198 20196 
55603 20226 20234 20215 20229 
55604 20200 20195 20194 20193 
55605 20234 20227 20229 20226 
55606 20209 20204 20206 20194 
55607 20246 20244 20237 20229 
55608 20223 20234 20215 20211 
55609 20212 20203 20201 20197 
55610 20258 20252 20253 20263 
55611 20215 20226 20229 20228 
55612 20227 20214 20228 20226 
55613 20216 20206 20209 20204 
55614 20231 20219 20218 20266 
55615 20209 20208 20207 20222 
55616 20234 20229 20224 20223 
55617 20218 20216 20205 20204 
55618 20219 20217 20205 20266 
55619 20230 20217 20261 20266 
55620 20226 20225 20213 20211 
55621 20231 20261 20219 20266 
55622 20233 20261 20232 20266 
55623 20232 20231 20220 20266 
55624 20203 20199 20200 20193 
55625 20242 20231 20232 20261 
55626 20239 20217 20219 20261 
55627 20233 20230 20261 20266 
55628 20222 20221 20208 20207 
55629 20233 20232 20221 20266 
55630 20240 20230 20239 20261 
55631 20246 20237 20235 20224 
55632 20232 20261 20231 20266 
55633 20266 20216 20206 20207 
55634 20246 20234 20229 20224 
55635 20246 20229 20234 20227 
55636 20246 20229 20237 20224 
55637 20230 20216 20217 20266 
55638 20244 20238 20237 20236 
55639 20246 20235 20234 20224 
55640 20246 20244 20229 20227 
55641 20241 20239 20219 20261 
55642 20219 20261 20217 20266 
55643 20239 20230 20217 20261 
55644 20250 20239 20247 20262 
55645 20242 20241 20261 20262 
55646 20241 20239 20261 20262 
55647 20243 20242 20261 20262 
55648 20217 20216 20205 20266 
55649 20241 20219 20231 20261 
55650 20250 20240 20239 20262 
55651 20253 20243 20251 20262 
55652 20253 20252 20242 20262 
55653 20252 20241 20242 20262 
55654 20242 20241 20231 20261 
55655 20243 20242 20232 20261 
55656 20251 20243 20240 20262 
55657 20244 20236 20237 20229 
55658 20255 20237 20249 20235 
55659 20238 20249 20244 20237 
55660 20212 20203 20202 20201 
55661 20255 20246 20244 20237 
55662 20254 736 20248 734 
55663 20254 20245 20248 20244 
55664 20255 20249 20244 20248 
55665 20248 20238 20244 20236 
55666 20244 20228 20229 20227 
55667 13218 736 20248 20249 
55668 736 735 20255 20249 
55669 20218 20216 20206 20266 
55670 20248 20249 20244 20238 
55671 736 13218 735 20249 
55672 20255 20254 20248 20244 
55673 20215 20214 20203 20264 
55674 20246 20227 20234 20226 
55675 20237 20249 20244 20255 
55676 20215 20210 20211 20264 
55677 20255 20246 20237 20235 
55678 20260 20250 20247 20263 
55679 20251 20262 20250 20263 
55680 20251 20240 20250 20262 
55681 20223 20211 20215 20210 
55682 20233 20222 20230 20266 
55683 20255 736 20248 20254 
55684 13218 20249 20248 20238 
55685 734 20248 20254 20245 
55686 20221 20220 20207 20266 
55687 20253 20252 20262 20263 
55688 20253 20242 20243 20262 
55689 20260 20247 20259 20263 
55690 20252 20247 20262 20263 
55691 20253 20262 20251 20263 
55692 20260 20256 20250 20263 
55693 20247 20239 20241 20262 
55694 20250 20262 20247 20263 
55695 20189 20260 972 20265 
55696 20258 20263 20257 20265 
55697 20259 20252 20258 20263 
55698 20243 20233 20240 20261 
55699 20244 20236 20229 20228 
55700 20257 20251 20256 20263 
55701 20259 20263 20258 20265 
55702 20189 20190 20256 20265 
55703 20189 20256 20260 20265 
55704 20203 20202 20200 20199 
55705 20255 20246 20254 20244 
55706 20225 20211 20210 20264 
55707 20249 736 20248 20255 
55708 736 971 734 20254 
55709 736 735 971 20255 
55710 20192 20191 20190 20265 
55711 972 20192 20190 20265 
55712 20259 20247 20252 20263 
55713 20257 20263 20256 20265 
55714 20192 20258 20191 20265 
55715 20189 972 20190 20265 
55716 20192 20259 20258 20265 
55717 20191 20258 20257 20265 
55718 972 20260 20259 20265 
55719 20252 20247 20241 20262 
55720 20209 20206 20195 20194 
55721 20258 20253 20257 20263 
55722 20243 20261 20240 20262 
55723 20312 20340 20311 20341 
55724 20339 20338 20342 20343 
55725 20270 20337 20336 20342 
55726 20337 20336 20342 20343 
55727 20271 20337 20270 20342 
55728 20268 20271 20269 20342 
55729 20290 20289 20276 20344 
55730 20298 20341 20287 20344 
55731 20336 20329 20326 20343 
55732 733 20327 20324 20345 
55733 20327 20324 20345 20346 
55734 13217 20333 20334 20345 
55735 732 13217 731 20345 
55736 13217 20334 731 20345 
55737 20282 20280 20278 20274 
55738 20282 20279 20275 20273 
55739 20274 20285 20276 20286 
55740 731 20334 20328 20345 
55741 20282 20274 20279 20272 
55742 20282 20278 20277 20276 
55743 20288 20275 20279 20273 
55744 20286 20275 20274 20279 
55745 20284 20279 20282 20273 
55746 20279 20292 20282 20272 
55747 20288 20286 20275 20344 
55748 20291 20290 20276 20344 
55749 20291 20277 20278 20276 
55750 20278 20274 20285 20276 
55751 20287 20285 20286 20344 
55752 20276 20274 20275 20282 
55753 20284 20292 20282 20279 
55754 20299 20298 20288 20344 
55755 20286 20274 20275 20276 
55756 20298 20286 20288 20344 
55757 732 733 13217 20345 
55758 20293 20283 20284 20282 
55759 20272 20292 20282 20293 
55760 20293 20292 20281 20272 
55761 20301 20300 20290 20344 
55762 20298 20287 20286 20344 
55763 20289 20275 20276 20344 
55764 20291 20290 20277 20276 
55765 20293 20281 20292 20347 
55766 20293 20280 20282 20272 
55767 20300 20289 20290 20344 
55768 20284 20282 20283 20273 
55769 20304 20293 20295 20347 
55770 20304 20281 20293 20347 
55771 20301 20297 20341 20344 
55772 20302 20292 20281 20347 
55773 20305 20294 20303 20348 
55774 20297 20291 20285 20344 
55775 20295 20293 20283 20347 
55776 20296 20283 20284 20347 
55777 20344 20276 20285 20286 
55778 20304 20302 20281 20347 
55779 20307 20306 20348 20349 
55780 20302 20294 20347 20348 
55781 20297 20285 20287 20344 
55782 20296 20347 20294 20348 
55783 20303 20294 20302 20348 
55784 20296 20295 20283 20347 
55785 20293 20292 20282 20284 
55786 20296 20284 20294 20347 
55787 20307 20296 20305 20348 
55788 20304 20302 20347 20348 
55789 20275 20286 20276 20344 
55790 20293 20292 20284 20347 
55791 20307 20306 20295 20348 
55792 20301 20291 20297 20344 
55793 20313 20348 20306 20349 
55794 20316 20306 20307 20349 
55795 20316 20307 20315 20349 
55796 20313 20303 20302 20348 
55797 20304 20347 20295 20348 
55798 20296 20295 20347 20348 
55799 20307 20348 20305 20349 
55800 20301 20290 20291 20344 
55801 20310 20298 20299 20341 
55802 20311 20299 20300 20341 
55803 20316 20346 20314 20349 
55804 20297 20287 20341 20344 
55805 20310 20340 20309 20341 
55806 20300 20341 20299 20344 
55807 20307 20295 20296 20348 
55808 20306 20304 20295 20348 
55809 20308 20301 20297 20341 
55810 20320 20309 20310 20340 
55811 20310 20309 20298 20341 
55812 20291 20276 20285 20344 
55813 20293 20284 20283 20347 
55814 20309 20287 20298 20341 
55815 20312 20308 20340 20341 
55816 20321 20310 20311 20340 
55817 20311 20340 20310 20341 
55818 20313 20303 20348 20349 
55819 20289 20288 20275 20344 
55820 20313 20304 20306 20348 
55821 20325 20323 20303 20349 
55822 20312 20301 20308 20341 
55823 20279 20275 20274 20282 
55824 20320 20318 20309 20340 
55825 20309 20297 20287 20341 
55826 20301 20341 20300 20344 
55827 20312 20311 20300 20341 
55828 20320 20318 20340 20350 
55829 20322 20321 20340 20350 
55830 20299 20288 20289 20344 
55831 20309 20340 20308 20341 
55832 20312 20300 20301 20341 
55833 20311 20310 20299 20341 
55834 20293 20281 20280 20272 
55835 20323 20305 20303 20349 
55836 20299 20341 20298 20344 
55837 20302 20294 20292 20347 
55838 20327 20315 20323 20346 
55839 20334 20333 20325 20346 
55840 20323 20346 20315 20349 
55841 20327 20317 20315 20346 
55842 20323 20315 20305 20349 
55843 20321 20320 20310 20340 
55844 20305 20348 20303 20349 
55845 20325 20313 20314 20349 
55846 20329 20319 20318 20350 
55847 20331 20320 20321 20350 
55848 20319 20340 20318 20350 
55849 20325 20346 20323 20349 
55850 20322 20312 20319 20340 
55851 20332 20321 20322 20350 
55852 20319 20308 20318 20340 
55853 20330 20322 20319 20350 
55854 20326 20318 20320 20350 
55855 20322 20340 20319 20350 
55856 20305 20296 20294 20348 
55857 20334 20325 20314 20346 
55858 20300 20299 20289 20344 
55859 20309 20308 20297 20341 
55860 20316 20314 20306 20349 
55861 20325 20303 20313 20349 
55862 20328 20314 20316 20346 
55863 20333 20324 20323 20346 
55864 20328 20317 20345 20346 
55865 20333 20345 20324 20346 
55866 20328 20316 20317 20346 
55867 20333 20323 20325 20346 
55868 20325 20314 20346 20349 
55869 13217 20267 731 20334 
55870 20334 20328 20345 20346 
55871 20327 20345 20317 20346 
55872 20334 20345 20333 20346 
55873 733 20333 13217 20345 
55874 733 20324 20333 20345 
55875 732 20327 733 20345 
55876 20336 20326 20335 20343 
55877 20294 20284 20292 20347 
55878 732 20328 20317 20345 
55879 20288 20286 20279 20275 
55880 732 20317 20327 20345 
55881 20335 20326 20331 20343 
55882 20331 20343 20326 20350 
55883 20338 20337 20342 20343 
55884 20332 20330 20343 20350 
55885 20337 20330 20329 20343 
55886 20330 20319 20329 20350 
55887 20339 20332 20338 20343 
55888 20337 20329 20336 20343 
55889 20332 20322 20330 20350 
55890 20339 20331 20332 20343 
55891 20331 20326 20320 20350 
55892 20321 20320 20340 20350 
55893 20329 20326 20343 20350 
55894 20318 20308 20309 20340 
55895 20338 20332 20330 20343 
55896 20332 20343 20331 20350 
55897 20315 20307 20305 20349 
55898 20338 20330 20337 20343 
55899 20268 973 20271 20342 
55900 20282 20278 20280 20277 
55901 20332 20331 20321 20350 
55902 20282 20280 20274 20272 
55903 20316 20315 20346 20349 
55904 20334 20314 20328 20346 
55905 733 20267 13217 20333 
55906 20270 20336 20269 20342 
55907 20339 20335 20331 20343 
55908 20278 20276 20285 20291 
55909 20339 20342 20335 20343 
55910 20268 20335 20339 20342 
55911 20268 20269 20335 20342 
55912 973 20339 20338 20342 
55913 20271 20338 20337 20342 
55914 20269 20336 20335 20342 
55915 20319 20312 20308 20340 
55916 973 20338 20271 20342 
55917 20329 20318 20326 20350 
55918 20268 20339 973 20342 
55919 20327 20323 20324 20346 
55920 20322 20321 20311 20340 
55921 20271 20270 20269 20342 
55922 20330 20329 20343 20350 
55923 20336 20335 20342 20343 
55924 20317 20316 20315 20346 
55925 13217 20267 20334 20333 
55926 732 731 20328 20345 
55927 20314 20313 20306 20349 
55928 20322 20311 20312 20340 
55929 20282 20278 20276 20274 
55930 20313 20302 20304 20348 
55931 741 20362 20363 20364 
55932 740 20363 20362 20364 
55933 741 20362 20354 20363 
55934 740 20354 20360 20362 
55935 20358 20361 20359 20365 
55936 20354 20355 20360 20366 
55937 13314 740 20362 20364 
55938 740 974 20363 20364 
55939 741 20363 974 20364 
55940 13314 20362 741 20364 
55941 20355 20365 20360 20366 
55942 20354 20356 20355 20366 
55943 20355 20357 20365 20366 
55944 20358 20360 20365 20366 
55945 20357 20358 20365 20366 
55946 20357 20358 20359 20365 
55947 13314 20356 741 20362 
55948 742 740 13314 20364 
55949 741 20354 974 20363 
55950 742 974 740 20364 
55951 20353 20359 20352 20367 
55952 20357 20359 20353 20367 
55953 20359 20351 20352 20367 
55954 20355 20361 20359 20368 
55955 20355 975 20361 20368 
55956 975 20351 20361 20368 
55957 20367 20351 20352 975 
55958 20355 20359 20361 20365 
55959 20358 20360 20361 20365 
55960 20355 20361 20360 20365 
55961 20355 20357 20359 20365 
55962 20356 20358 20357 20366 
55963 20356 20357 20355 20366 
55964 20354 20358 20356 20366 
55965 975 20368 20367 20351 
55966 20357 20353 975 20367 
55967 975 20353 20352 20367 
55968 20355 20357 975 20368 
55969 20359 20361 20351 20368 
55970 20357 20359 20367 20368 
55971 20351 20368 20367 20359 
55972 20357 20367 975 20368 
55973 741 20356 20354 20362 
55974 20354 20360 20358 20366 
55975 742 741 974 20364 
55976 20354 20356 20358 20362 
55977 20355 20359 20357 20368 
55978 13314 740 20360 20362 
55979 740 974 20354 20363 
55980 742 13314 741 20364 
55981 20354 20358 20360 20362 
55982 13314 20358 20356 20362 
55983 13314 20360 20358 20362 
55984 740 20354 20362 20363 
55985 976 20372 20371 20381 
55986 20374 20372 20381 20382 
55987 20374 20380 20378 20383 
55988 20371 20370 20381 20382 
55989 20374 20381 20370 20382 
55990 20373 20377 20375 20384 
55991 738 20385 20375 20386 
55992 738 739 13313 20387 
55993 739 20377 20385 20386 
55994 20375 20385 20377 20386 
55995 739 20379 20377 20386 
55996 738 739 20385 20386 
55997 20373 20379 20377 20384 
55998 20375 20384 20378 20388 
55999 20373 20380 20384 20388 
56000 20374 20370 20380 20383 
56001 20373 20384 20375 20388 
56002 738 20373 20379 20386 
56003 20378 20384 20380 20388 
56004 20378 20379 20380 20384 
56005 20373 20374 20380 20388 
56006 20375 20377 20378 20384 
56007 20378 20380 20371 20383 
56008 20374 20378 20380 20388 
56009 20371 20380 20370 20383 
56010 20374 976 20370 20381 
56011 20371 20378 20383 20382 
56012 20374 20376 20382 20378 
56013 738 737 20385 20387 
56014 737 20369 20385 20387 
56015 739 20385 20369 20387 
56016 738 20385 739 20387 
56017 13313 20369 737 20387 
56018 739 20369 13313 20387 
56019 738 13313 737 20387 
56020 738 20379 739 20386 
56021 20373 20377 20379 20386 
56022 739 20377 20369 20385 
56023 20373 20375 20377 20386 
56024 20373 20380 20379 20384 
56025 20378 20376 20382 20371 
56026 20373 20376 20374 20388 
56027 20372 20371 20381 20382 
56028 20374 20382 20370 20383 
56029 20376 20371 20372 20382 
56030 20374 20376 20372 20382 
56031 737 20377 20375 20385 
56032 976 20371 20370 20381 
56033 20373 20375 20376 20388 
56034 20382 20378 20383 20374 
56035 20375 20378 20376 20388 
56036 738 20375 20373 20386 
56037 738 737 20375 20385 
56038 20374 20372 976 20381 
56039 737 20369 20377 20385 
56040 20374 20376 20378 20388 
56041 20377 20379 20378 20384 
56042 20371 20370 20382 20383 
56043 746 20392 20400 20401 
56044 20392 20394 20400 20401 
56045 13415 20400 20394 20401 
56046 20395 20396 20397 20402 
56047 13415 746 20400 20401 
56048 20396 20399 20397 20402 
56049 747 20394 20392 20401 
56050 20397 20399 20389 20403 
56051 978 20391 20389 20403 
56052 20391 20397 20389 20403 
56053 13415 20401 747 20404 
56054 747 20401 977 20404 
56055 13415 746 20401 20404 
56056 746 977 20401 20404 
56057 748 977 746 20404 
56058 747 20392 977 20401 
56059 748 746 13415 20404 
56060 13415 20394 747 20401 
56061 20393 978 20399 20403 
56062 20392 20393 20398 20402 
56063 20393 20395 20397 20402 
56064 20393 20397 20395 20403 
56065 20391 20397 20390 20389 
56066 20393 20397 20399 20402 
56067 20394 20396 20395 20402 
56068 20392 20396 20398 20400 
56069 20392 20394 20393 20402 
56070 20392 20398 20396 20402 
56071 20392 20394 20396 20400 
56072 748 747 977 20404 
56073 746 977 20392 20401 
56074 13415 746 20398 20400 
56075 20393 20399 20398 20402 
56076 748 13415 747 20404 
56077 20394 20395 20393 20402 
56078 20395 20391 978 20403 
56079 978 20389 20399 20403 
56080 20392 20396 20394 20402 
56081 20395 20397 20391 20403 
56082 20396 20398 20399 20402 
56083 20393 20395 978 20403 
56084 13415 20396 20394 20400 
56085 13415 20398 20396 20400 
56086 746 20392 20398 20400 
56087 20393 20399 20397 20403 
56088 20458 20479 20457 20480 
56089 20468 20457 20465 20480 
56090 20452 20443 20445 20481 
56091 20435 20424 20415 20482 
56092 20427 20426 20417 20415 
56093 20427 20426 20420 20417 
56094 20418 20414 20411 20410 
56095 20429 20413 20418 20412 
56096 20427 20415 20424 20482 
56097 20426 20421 20420 20416 
56098 20473 13414 20467 743 
56099 20414 20426 20410 20420 
56100 20410 20414 20415 20426 
56101 20426 20425 20415 20482 
56102 20429 20418 20421 20412 
56103 20429 20423 20413 20412 
56104 20466 20462 20463 20483 
56105 20431 20419 20423 20413 
56106 20441 20429 20431 20419 
56107 20426 20416 20414 20425 
56108 20429 20420 20421 20418 
56109 20414 20415 20426 20425 
56110 20428 20424 20427 20417 
56111 20428 20427 20424 20482 
56112 20440 20427 20428 20482 
56113 20429 20419 20418 20413 
56114 20426 20420 20417 20410 
56115 20432 20423 20430 20422 
56116 20430 20443 20423 20432 
56117 20421 20418 20420 20414 
56118 20475 20474 20484 20485 
56119 20421 20420 20416 20414 
56120 20420 20418 20417 20410 
56121 20430 20421 20429 20420 
56122 20435 20434 20424 20482 
56123 20434 20428 20424 20482 
56124 20438 20425 20426 20482 
56125 20431 20443 20423 20429 
56126 20430 20421 20422 20412 
56127 20440 20439 20427 20482 
56128 20433 20423 20432 20422 
56129 20420 20414 20418 20410 
56130 20452 20441 20443 20481 
56131 20433 20431 20432 20423 
56132 20433 20432 20431 20481 
56133 20432 20443 20423 20431 
56134 20429 20443 20423 20430 
56135 20426 20417 20415 20410 
56136 20446 20481 20444 20486 
56137 20418 20413 20414 20412 
56138 20470 20465 20480 20485 
56139 20477 20476 20484 20485 
56140 20431 20429 20423 20419 
56141 20430 20429 20421 20412 
56142 20455 20446 20454 20486 
56143 20453 20452 20445 20486 
56144 20446 20445 20432 20481 
56145 20454 20446 20444 20486 
56146 20406 20474 20478 20484 
56147 20446 20432 20433 20481 
56148 20466 20454 20462 20483 
56149 20440 20482 20434 20487 
56150 20437 20435 20482 20487 
56151 20443 20431 20432 20481 
56152 20436 20434 20435 20487 
56153 20440 20439 20482 20487 
56154 20448 20436 20435 20487 
56155 20427 20426 20415 20482 
56156 20450 20479 20449 20487 
56157 20448 20435 20437 20487 
56158 20451 20447 20479 20487 
56159 20449 20448 20437 20487 
56160 20447 20436 20479 20487 
56161 20444 20431 20442 20481 
56162 20442 20431 20441 20481 
56163 20447 20440 20434 20487 
56164 20440 20428 20434 20482 
56165 20438 20437 20482 20487 
56166 20460 20449 20450 20479 
56167 20437 20415 20425 20482 
56168 20439 20426 20427 20482 
56169 20450 20438 20439 20487 
56170 20439 20438 20482 20487 
56171 20444 20481 20442 20486 
56172 20459 20457 20479 20480 
56173 20457 20447 20436 20479 
56174 20461 20450 20451 20479 
56175 20451 20440 20447 20487 
56176 20447 20434 20436 20487 
56177 20451 20450 20439 20487 
56178 20451 20479 20450 20487 
56179 20449 20479 20448 20487 
56180 20450 20449 20438 20487 
56181 20459 20457 20448 20479 
56182 20458 20451 20447 20479 
56183 20451 20439 20440 20487 
56184 20452 20481 20445 20486 
56185 20437 20435 20415 20482 
56186 20452 20442 20481 20486 
56187 20455 20445 20446 20486 
56188 20457 20436 20448 20479 
56189 20461 20451 20458 20479 
56190 20421 20418 20414 20412 
56191 20455 20454 20483 20486 
56192 20464 20453 20483 20486 
56193 20466 20456 20454 20483 
56194 20462 20444 20442 20486 
56195 20446 20433 20444 20481 
56196 20464 20442 20452 20486 
56197 20464 20452 20453 20486 
56198 20435 20434 20482 20487 
56199 20461 20479 20458 20480 
56200 20461 20460 20450 20479 
56201 20458 20447 20457 20479 
56202 20460 20459 20479 20480 
56203 20459 20448 20449 20479 
56204 20465 20457 20459 20480 
56205 20470 20465 20459 20480 
56206 20461 20460 20479 20480 
56207 20439 20438 20426 20482 
56208 20468 20458 20457 20480 
56209 20445 20443 20432 20481 
56210 20446 20445 20481 20486 
56211 20469 20480 20468 20485 
56212 20473 20472 20464 20483 
56213 20464 20462 20442 20486 
56214 20460 20459 20449 20479 
56215 20443 20441 20431 20481 
56216 20456 20455 20454 20483 
56217 20473 20464 20453 20483 
56218 20462 20483 20454 20486 
56219 20467 20453 20455 20483 
56220 20472 20462 20464 20483 
56221 20473 20453 20467 20483 
56222 20444 20433 20431 20481 
56223 20455 20453 20445 20486 
56224 20473 20467 20472 20483 
56225 20467 20466 20463 20483 
56226 13414 20405 743 20473 
56227 20466 20463 13414 20467 
56228 20464 20483 20462 20486 
56229 20472 13414 20467 20473 
56230 745 20463 13414 20466 
56231 20467 13414 20466 744 
56232 20475 20465 20474 20485 
56233 20467 20455 20456 20483 
56234 20471 20461 20469 20480 
56235 744 20466 20467 20456 
56236 20472 20463 13414 745 
56237 20467 20463 13414 20472 
56238 20476 20468 20475 20485 
56239 20471 20480 20469 20485 
56240 20467 20456 20466 20483 
56241 20468 20480 20465 20485 
56242 20407 20475 20474 20484 
56243 20478 20484 20474 20485 
56244 20470 20459 20460 20480 
56245 20469 20461 20458 20480 
56246 20462 20454 20444 20486 
56247 20477 20471 20469 20485 
56248 20471 20470 20480 20485 
56249 20448 20479 20436 20487 
56250 20474 20465 20470 20485 
56251 20478 20470 20471 20485 
56252 20471 20460 20461 20480 
56253 979 20478 20477 20484 
56254 20409 20476 20408 20484 
56255 20406 979 20409 20484 
56256 20430 20422 20423 20412 
56257 20476 20469 20468 20485 
56258 13414 20405 20473 20472 
56259 745 20405 13414 20472 
56260 20408 20476 20475 20484 
56261 20408 20475 20407 20484 
56262 20406 20407 20474 20484 
56263 20477 20469 20476 20485 
56264 20478 20471 20477 20485 
56265 20409 20477 20476 20484 
56266 20475 20468 20465 20485 
56267 20406 20409 20407 20484 
56268 20409 20408 20407 20484 
56269 20406 20478 979 20484 
56270 20449 20437 20438 20487 
56271 20471 20470 20460 20480 
56272 20478 20474 20470 20485 
56273 20427 20417 20424 20415 
56274 20476 20475 20484 20485 
56275 979 20477 20409 20484 
56276 20478 20477 20484 20485 
56277 20472 20463 20462 20483 
56278 20472 20467 20463 20483 
56279 743 13414 20467 744 
56280 20443 20431 20441 20429 
56281 744 13414 20466 745 
56282 20420 20416 20414 20426 
56283 20438 20437 20425 20482 
56284 20452 20442 20441 20481 
56285 20418 20414 20413 20411 
56286 20429 20423 20419 20413 
56287 20430 20423 20429 20412 
56288 20455 20483 20453 20486 
56289 20421 20414 20416 20412 
56290 20469 20458 20468 20480 
56291 20424 20415 20417 20410 
56292 20419 20418 20413 20411 
56293 20493 20495 20494 20499 
56294 20495 20497 20498 20499 
56295 20493 20494 20492 20499 
56296 20492 20494 20498 20499 
56297 13516 20500 753 20501 
56298 13516 752 20497 20500 
56299 13516 20493 753 20500 
56300 753 20500 20491 20501 
56301 20494 20496 20490 20502 
56302 752 20491 20497 20500 
56303 20498 20488 20502 20503 
56304 981 20488 20498 20503 
56305 981 20490 20489 20503 
56306 20494 20490 981 20503 
56307 981 20489 20488 20503 
56308 20491 20492 20497 20499 
56309 20491 20493 20492 20499 
56310 20494 20495 20498 20499 
56311 20491 20495 20493 20499 
56312 13516 20495 20493 20500 
56313 20496 20498 20488 20502 
56314 753 20491 980 20501 
56315 752 980 20491 20501 
56316 754 753 980 20501 
56317 753 20493 20491 20500 
56318 754 13516 753 20501 
56319 754 752 13516 20501 
56320 20491 20497 20495 20499 
56321 13516 752 20500 20501 
56322 20494 20498 20496 20502 
56323 20492 20494 981 20498 
56324 20494 981 20498 20503 
56325 20496 20488 20489 20502 
56326 20489 20502 20488 20503 
56327 20491 20495 20497 20500 
56328 20491 20493 20495 20500 
56329 20492 20498 20497 20499 
56330 20494 20498 20502 20503 
56331 20494 20495 20496 20498 
56332 754 980 752 20501 
56333 13516 20497 20495 20500 
56334 20490 20496 20489 20502 
56335 20490 20502 20489 20503 
56336 752 20491 20500 20501 
56337 20494 20502 20490 20503 
56338 20508 20512 20510 20516 
56339 20510 20512 20513 20517 
56340 20514 20516 20515 20517 
56341 20510 20511 20516 20517 
56342 20509 20515 20516 20517 
56343 20509 20516 20511 20517 
56344 749 20518 20504 20519 
56345 751 20504 20518 20519 
56346 750 20518 749 20519 
56347 750 751 20518 20519 
56348 20515 20505 20520 20521 
56349 20513 20515 20520 20521 
56350 982 20506 20505 20520 
56351 20511 20513 20506 20520 
56352 982 20507 20506 20520 
56353 20511 20506 20507 20520 
56354 749 20519 20510 750 
56355 13515 20504 749 20518 
56356 750 20514 751 20519 
56357 751 20504 13515 20518 
56358 20510 20516 20512 20517 
56359 20510 20513 20511 20517 
56360 20513 20514 20515 20517 
56361 20508 20515 20514 20516 
56362 20509 20511 20513 20517 
56363 20508 20511 20509 20516 
56364 751 20512 20504 20519 
56365 20508 20519 20514 750 
56366 20509 982 20521 20507 
56367 20507 982 20521 20520 
56368 20505 982 20521 20509 
56369 20509 20511 20507 20521 
56370 20513 20515 20506 20520 
56371 751 20514 20512 20519 
56372 20512 749 20519 20510 
56373 20508 20510 20511 20516 
56374 20510 20519 20508 750 
56375 750 13515 749 20518 
56376 20506 20515 20505 20520 
56377 20512 20516 20514 20517 
56378 20508 20514 20512 20516 
56379 20509 20515 20513 20521 
56380 20520 982 20521 20505 
56381 20511 20513 20520 20521 
56382 749 20504 20512 20519 
56383 20509 20513 20515 20517 
56384 20512 20514 20513 20517 
56385 20508 20509 20515 20516 
56386 20512 20510 20519 20508 
56387 20511 20520 20507 20521 
56388 750 751 13515 20518 
56389 20509 20505 20515 20521 
56390 20509 20513 20511 20521 
56391 20512 20508 20519 20514 
56392 20523 20592 20522 20596 
56393 20595 20594 20596 20597 
56394 20595 20589 20583 20597 
56395 13617 758 20584 20598 
56396 760 759 20591 20598 
56397 13617 20585 759 20598 
56398 20547 20536 20526 20599 
56399 20577 20600 20576 20601 
56400 20531 20528 20529 20599 
56401 20538 20532 20535 20527 
56402 20547 20535 20534 20599 
56403 20536 20534 20531 20599 
56404 20591 20573 20585 20570 
56405 20544 20543 20530 20529 
56406 20541 20529 20531 20528 
56407 20547 20527 20526 20538 
56408 760 20590 758 20598 
56409 20530 20527 20526 20599 
56410 20533 20527 20529 20599 
56411 20544 20531 20543 20529 
56412 20550 20545 20538 20532 
56413 20544 20531 20529 20599 
56414 20548 20537 20538 20547 
56415 20551 20539 20541 20531 
56416 20526 20538 20537 20547 
56417 20544 20530 20526 20599 
56418 20545 20535 20538 20532 
56419 20563 20549 20550 20602 
56420 20554 20540 20553 20603 
56421 20538 20548 20560 20549 
56422 20599 20527 20526 20547 
56423 20545 20533 20535 20532 
56424 20553 20551 20541 20603 
56425 20543 20531 20541 20529 
56426 20534 20528 20531 20599 
56427 984 20589 20595 20596 
56428 20553 20551 20540 20539 
56429 20557 20542 20543 20541 
56430 20553 20540 20551 20603 
56431 20549 20537 20538 20548 
56432 20543 20541 20542 20529 
56433 20544 20536 20531 20599 
56434 20566 20553 20555 20603 
56435 20551 20541 20543 20531 
56436 20557 20541 20551 20603 
56437 20560 20535 20547 20538 
56438 20555 20553 20541 20603 
56439 20558 20545 20550 20532 
56440 20555 20541 20542 20603 
56441 20557 20556 20542 20603 
56442 20557 20543 20551 20541 
56443 20547 20534 20536 20599 
56444 20554 20601 20552 20603 
56445 20557 20556 20543 20542 
56446 20568 20567 20556 20603 
56447 20557 20544 20551 20543 
56448 20573 20591 20572 20570 
56449 20591 20581 20590 20579 
56450 20573 20564 20559 20602 
56451 20550 20549 20546 20602 
56452 20565 20551 20552 20603 
56453 20538 20550 20560 20545 
56454 20569 20558 20546 20602 
56455 20567 20555 20556 20603 
56456 20535 20527 20533 20599 
56457 20545 20550 20560 20546 
56458 20546 20550 20560 20549 
56459 20565 20552 20601 20603 
56460 20547 20536 20537 20526 
56461 20547 20548 20560 20538 
56462 20561 20560 20549 20546 
56463 20549 20550 20560 20538 
56464 20560 20538 20545 20535 
56465 20570 20559 20569 20602 
56466 20538 20535 20547 20527 
56467 20553 20541 20551 20539 
56468 20561 20549 20560 20548 
56469 20579 20563 20572 20602 
56470 20564 20550 20558 20602 
56471 20572 20563 20564 20602 
56472 20581 20562 20579 20602 
56473 20552 20551 20540 20603 
56474 20569 20546 20561 20602 
56475 20569 20559 20558 20602 
56476 20561 20546 20549 20602 
56477 20564 20558 20559 20602 
56478 20562 20561 20549 20602 
56479 20563 20562 20549 20602 
56480 20573 20572 20564 20602 
56481 20544 20526 20536 20599 
56482 20541 20531 20539 20528 
56483 20567 20566 20555 20603 
56484 20534 20533 20528 20599 
56485 20571 20552 20554 20601 
56486 20565 20557 20551 20603 
56487 20576 20554 20566 20601 
56488 20535 20532 20533 20527 
56489 20566 20601 20554 20603 
56490 13617 20584 20574 20598 
56491 20577 20566 20567 20601 
56492 20558 20550 20546 20602 
56493 20578 20567 20568 20601 
56494 20556 20555 20542 20603 
56495 20573 20559 20570 20602 
56496 20564 20563 20550 20602 
56497 20575 20568 20565 20601 
56498 20571 20565 20552 20601 
56499 20567 20601 20566 20603 
56500 20535 20533 20534 20599 
56501 20527 20535 20547 20599 
56502 20533 20529 20528 20599 
56503 20573 20570 20572 20602 
56504 20551 20543 20544 20531 
56505 20590 20574 20580 20598 
56506 20581 20570 20569 20602 
56507 20581 20579 20570 20602 
56508 20576 20571 20554 20601 
56509 20578 20568 20575 20601 
56510 20578 20600 20577 20601 
56511 20583 20582 20571 20600 
56512 20575 20571 20600 20601 
56513 20579 20562 20563 20602 
56514 20568 20565 20601 20603 
56515 20568 20557 20565 20603 
56516 20582 20575 20571 20600 
56517 20577 20576 20566 20601 
56518 20578 20575 20600 20601 
56519 20586 20578 20575 20600 
56520 20575 20565 20571 20601 
56521 20558 20546 20550 20545 
56522 20581 20561 20562 20602 
56523 20554 20552 20540 20603 
56524 20579 20572 20570 20602 
56525 20591 20581 20579 20570 
56526 20570 20591 20572 20579 
56527 20591 20579 20590 20574 
56528 20579 20591 20572 20574 
56529 20574 20591 20572 20573 
56530 20588 20578 20586 20600 
56531 20584 20580 20579 20574 
56532 20584 20580 20574 20598 
56533 20584 20574 20579 20572 
56534 20576 20600 20571 20601 
56535 758 20590 20580 20598 
56536 759 20585 20591 20598 
56537 20591 20585 20574 20598 
56538 20544 20529 20530 20599 
56539 760 20591 983 20590 
56540 20591 20574 20585 20573 
56541 20590 20579 20580 20574 
56542 760 20591 20590 20598 
56543 758 20580 20584 20598 
56544 20566 20554 20553 20603 
56545 20583 20597 20582 20600 
56546 20586 20575 20582 20600 
56547 20557 20542 20541 20603 
56548 20588 20577 20578 20600 
56549 20588 20597 20587 20600 
56550 20588 20586 20597 20600 
56551 760 758 13617 20598 
56552 760 983 758 20590 
56553 13617 20574 20585 20598 
56554 20593 20588 20586 20597 
56555 20588 20587 20577 20600 
56556 20578 20577 20567 20601 
56557 20594 20587 20588 20597 
56558 20594 20588 20593 20597 
56559 20522 20592 20589 20596 
56560 20592 20582 20589 20597 
56561 20587 20597 20583 20600 
56562 20581 20569 20561 20602 
56563 20589 20582 20583 20597 
56564 20586 20582 20597 20600 
56565 20587 20583 20576 20600 
56566 20595 20587 20594 20597 
56567 20592 20586 20582 20597 
56568 20593 20592 20596 20597 
56569 20592 20589 20596 20597 
56570 760 759 983 20591 
56571 20594 20593 20596 20597 
56572 20595 20596 20589 20597 
56573 20593 20586 20592 20597 
56574 20525 20524 20523 20596 
56575 984 20523 20522 20596 
56576 20525 20594 20524 20596 
56577 20523 20593 20592 20596 
56578 984 20525 20523 20596 
56579 20595 20583 20587 20597 
56580 984 20522 20589 20596 
56581 984 20595 20525 20596 
56582 20583 20571 20576 20600 
56583 20524 20593 20523 20596 
56584 20525 20595 20594 20596 
56585 20568 20556 20557 20603 
56586 20587 20576 20577 20600 
56587 20524 20594 20593 20596 
56588 20591 20574 20590 20598 
56589 760 13617 759 20598 
56590 20568 20601 20567 20603 
56591 20530 20529 20527 20599 
56592 20632 20619 20620 20679 
56593 20633 20620 20621 20679 
56594 20678 20680 20674 20681 
56595 20605 20606 20674 20680 
56596 20608 20677 20676 20680 
56597 20605 985 20606 20680 
56598 985 20677 20608 20680 
56599 757 20667 20663 20682 
56600 13616 20673 755 20682 
56601 756 20657 20667 20682 
56602 756 20667 757 20682 
56603 756 755 20668 20682 
56604 20626 20624 20614 20683 
56605 20618 20611 20616 20684 
56606 20628 20627 20614 20683 
56607 20618 20610 20611 20684 
56608 20621 20613 20612 20684 
56609 20612 20611 20610 20684 
56610 20628 20614 20615 20683 
56611 20640 20628 20629 20683 
56612 20616 20613 20615 20609 
56613 20630 20624 20629 20617 
56614 20615 20613 20614 20609 
56615 20619 20618 20616 20684 
56616 20640 20629 20630 20683 
56617 20621 20679 20620 20684 
56618 20637 20625 20624 20683 
56619 20616 20612 20613 20684 
56620 20627 20626 20614 20683 
56621 20638 20626 20627 20683 
56622 20637 20625 20683 20685 
56623 20624 20616 20617 20611 
56624 20616 20613 20609 20684 
56625 20620 20609 20613 20684 
56626 20616 20615 20624 20629 
56627 20632 20631 20619 20679 
56628 20636 20623 20634 20686 
56629 20632 20631 20679 20686 
56630 20622 20621 20610 20679 
56631 20633 20632 20679 20686 
56632 20634 20623 20631 20686 
56633 20623 20610 20618 20679 
56634 20633 20621 20622 20679 
56635 20629 20617 20624 20616 
56636 20629 20615 20624 20683 
56637 20641 20631 20632 20686 
56638 20631 20618 20619 20679 
56639 20630 20624 20625 20683 
56640 756 13616 755 20682 
56641 20635 20633 20622 20686 
56642 20643 20641 20686 20687 
56643 756 20668 20657 20682 
56644 20629 20628 20615 20683 
56645 20620 20679 20619 20684 
56646 20626 20613 20624 20612 
56647 20631 20623 20679 20686 
56648 20643 20633 20635 20686 
56649 20619 20679 20618 20684 
56650 20630 20625 20624 20617 
56651 20613 20615 20624 20616 
56652 20620 20619 20609 20684 
56653 20618 20679 20610 20684 
56654 20640 20639 20628 20683 
56655 20683 20615 20624 20614 
56656 20630 20629 20624 20683 
56657 20643 20632 20633 20686 
56658 20636 20622 20623 20686 
56659 20647 20640 20630 20685 
56660 20641 20634 20631 20686 
56661 20638 20637 20683 20685 
56662 20621 20620 20613 20684 
56663 20643 20686 20635 20687 
56664 20633 20632 20620 20679 
56665 20652 20642 20641 20687 
56666 20636 20635 20686 20687 
56667 20648 20625 20637 20685 
56668 20675 20665 20674 20681 
56669 20636 20635 20622 20686 
56670 20641 20634 20686 20687 
56671 20643 20641 20632 20686 
56672 20642 20634 20641 20687 
56673 20646 20635 20636 20687 
56674 20652 20687 20645 20688 
56675 20656 20645 20646 20688 
56676 20656 20646 20655 20688 
56677 20652 20641 20643 20687 
56678 20639 20638 20683 20685 
56679 20664 20642 20652 20688 
56680 20636 20686 20634 20687 
56681 20645 20643 20635 20687 
56682 20646 20636 20644 20687 
56683 20660 20649 20650 20689 
56684 20648 20647 20685 20689 
56685 20649 20637 20638 20685 
56686 20639 20638 20627 20683 
56687 20640 20683 20630 20685 
56688 20630 20683 20625 20685 
56689 20676 20675 20680 20681 
56690 20661 20650 20651 20689 
56691 20650 20649 20638 20685 
56692 20647 20630 20625 20685 
56693 20670 20681 20666 20690 
56694 20648 20647 20625 20685 
56695 20631 20623 20618 20679 
56696 20651 20650 20639 20685 
56697 20640 20639 20683 20685 
56698 20661 20651 20658 20689 
56699 20646 20687 20644 20688 
56700 20627 20614 20626 20613 
56701 20661 20660 20689 20690 
56702 20652 20643 20645 20687 
56703 20658 20651 20647 20689 
56704 20651 20640 20647 20685 
56705 20623 20622 20610 20679 
56706 20637 20624 20626 20683 
56707 755 20673 20668 20682 
56708 20633 20679 20622 20686 
56709 20662 20655 20688 20691 
56710 20654 20647 20648 20689 
56711 20659 20648 20649 20689 
56712 20673 20672 20664 20691 
56713 20664 20662 20688 20691 
56714 20667 20657 20655 20691 
56715 20649 20648 20637 20685 
56716 20644 20687 20642 20688 
56717 20664 20652 20653 20688 
56718 20651 20639 20640 20685 
56719 20660 20659 20689 20690 
56720 20665 20658 20654 20690 
56721 20623 20622 20679 20686 
56722 20649 20648 20685 20689 
56723 20651 20685 20647 20689 
56724 20671 20660 20661 20690 
56725 20670 20659 20660 20690 
56726 20669 20661 20658 20690 
56727 20666 20654 20659 20690 
56728 20646 20645 20635 20687 
56729 20659 20654 20689 20690 
56730 20661 20689 20658 20690 
56731 20661 20660 20650 20689 
56732 20667 20655 20662 20691 
56733 20657 20656 20655 20691 
56734 20619 20616 20609 20684 
56735 20673 20664 20653 20691 
56736 20664 20662 20642 20688 
56737 20646 20645 20687 20688 
56738 20644 20636 20634 20687 
56739 20668 20653 20656 20691 
56740 20662 20644 20642 20688 
56741 20639 20627 20628 20683 
56742 20650 20638 20639 20685 
56743 20653 20652 20645 20688 
56744 20672 20663 20662 20691 
56745 20673 20668 20682 20691 
56746 20672 20662 20664 20691 
56747 20667 20682 20657 20691 
56748 20660 20659 20649 20689 
56749 20652 20642 20687 20688 
56750 20659 20654 20648 20689 
56751 13616 20604 755 20673 
56752 20667 20663 20682 20691 
56753 13616 20672 20673 20682 
56754 20656 20688 20655 20691 
56755 20662 20655 20644 20688 
56756 20673 20682 20672 20691 
56757 757 20672 13616 20682 
56758 757 20663 20672 20682 
56759 20672 20682 20663 20691 
56760 20675 20669 20665 20681 
56761 20674 20665 20666 20681 
56762 20671 20669 20681 20690 
56763 20644 20634 20642 20687 
56764 20668 20657 20682 20691 
56765 20676 20669 20675 20681 
56766 20671 20681 20670 20690 
56767 20676 20671 20669 20681 
56768 20621 20610 20679 20684 
56769 20671 20670 20660 20690 
56770 20678 20674 20666 20681 
56771 20666 20681 20665 20690 
56772 20669 20658 20665 20690 
56773 20671 20661 20669 20690 
56774 20650 20649 20685 20689 
56775 20677 20670 20671 20681 
56776 20669 20665 20681 20690 
56777 20670 20666 20659 20690 
56778 20668 20656 20657 20691 
56779 20666 20665 20654 20690 
56780 20673 20653 20668 20691 
56781 20656 20653 20645 20688 
56782 757 20604 13616 20672 
56783 20678 20677 20680 20681 
56784 20658 20647 20654 20689 
56785 20607 20675 20606 20680 
56786 20677 20676 20680 20681 
56787 20607 20676 20675 20680 
56788 20675 20674 20680 20681 
56789 20605 20678 985 20680 
56790 20677 20671 20676 20681 
56791 985 20678 20677 20680 
56792 985 20607 20606 20680 
56793 20606 20675 20674 20680 
56794 20678 20670 20677 20681 
56795 20608 20676 20607 20680 
56796 20678 20666 20670 20681 
56797 20658 20689 20654 20690 
56798 20605 20674 20678 20680 
56799 985 20608 20607 20680 
56800 20656 20653 20688 20691 
56801 20651 20650 20685 20689 
56802 20655 20646 20644 20688 
56803 20638 20637 20626 20683 
56804 20616 20611 20612 20684 
56805 20664 20688 20653 20691 
56806 20613 20624 20614 20626 
56807 20614 20615 20624 20613 
56808 20624 20613 20616 20612 
56809 20667 20662 20663 20691 
56810 20624 20612 20616 20611 
56811 13616 20604 20673 20672 
56812 756 757 13616 20682 
56813 20621 20612 20610 20684 
56814 20694 20767 20766 20770 
56815 987 20768 20695 20770 
56816 20745 20771 20735 20772 
56817 20766 20765 20770 20773 
56818 20712 20711 20703 20702 
56819 20725 20724 20712 20703 
56820 20723 20721 20711 20703 
56821 20711 20721 20712 20703 
56822 20713 20707 20706 20774 
56823 20763 766 20754 764 
56824 20711 20701 20702 20774 
56825 20706 20701 20704 20774 
56826 20712 20702 20698 20774 
56827 20747 20771 20746 20772 
56828 20707 20699 20706 20774 
56829 20715 20707 20708 20706 
56830 20706 20699 20701 20774 
56831 20713 20710 20712 20774 
56832 20717 20708 20709 20775 
56833 20720 20721 20712 20710 
56834 20709 20705 20701 20700 
56835 20712 20698 20707 20774 
56836 20716 20715 20708 20775 
56837 20710 20697 20696 20774 
56838 20710 20704 20697 20774 
56839 20720 20712 20713 20710 
56840 20713 20704 20710 20774 
56841 20701 20696 20697 20774 
56842 20748 20744 20733 20771 
56843 20715 20714 20706 20705 
56844 20702 20699 20698 20774 
56845 20708 20706 20707 20699 
56846 20704 20701 20697 20774 
56847 20707 20698 20699 20774 
56848 20712 20710 20711 20774 
56849 20703 20721 20712 20725 
56850 20705 20704 20701 20697 
56851 20728 20726 20714 20775 
56852 20706 20705 20701 20699 
56853 20718 20717 20775 20776 
56854 20705 20709 20718 20700 
56855 20775 20705 20709 20718 
56856 20715 20706 20708 20705 
56857 20727 20719 20776 20777 
56858 20727 20718 20726 20776 
56859 20731 20718 20719 20776 
56860 20728 20715 20716 20775 
56861 20750 20731 20719 20777 
56862 20728 20775 20716 20776 
56863 20731 20776 20719 20777 
56864 20750 20719 20727 20777 
56865 20725 20721 20723 20703 
56866 20725 20721 20720 20778 
56867 20734 20722 20721 20778 
56868 20713 20706 20704 20774 
56869 20739 20727 20776 20777 
56870 20722 20720 20721 20778 
56871 20732 20722 20772 20778 
56872 20715 20714 20705 20775 
56873 20725 20723 20724 20703 
56874 20736 20723 20724 20778 
56875 20738 20724 20725 20778 
56876 20729 20728 20716 20776 
56877 20717 20716 20708 20775 
56878 20725 20721 20712 20720 
56879 20725 20713 20720 20712 
56880 20708 20705 20706 20699 
56881 20725 20724 20723 20778 
56882 20732 20720 20722 20778 
56883 20739 20776 20729 20777 
56884 20739 20727 20726 20776 
56885 20741 20740 20777 20779 
56886 20752 20727 20739 20777 
56887 20717 20716 20775 20776 
56888 20730 20729 20716 20776 
56889 20739 20726 20728 20776 
56890 20730 20729 20776 20777 
56891 20741 20729 20730 20777 
56892 20731 20730 20776 20777 
56893 20740 20739 20729 20777 
56894 20750 20742 20731 20777 
56895 20741 20740 20729 20777 
56896 20756 20744 20748 20771 
56897 20739 20728 20729 20776 
56898 20731 20717 20718 20776 
56899 20731 20730 20717 20776 
56900 20718 20717 20709 20775 
56901 20728 20726 20775 20776 
56902 20752 20739 20740 20777 
56903 20750 20742 20777 20779 
56904 20743 20741 20742 20779 
56905 20727 20719 20718 20776 
56906 20752 20750 20777 20779 
56907 20735 20733 20722 20772 
56908 20730 20716 20717 20776 
56909 20734 20772 20722 20778 
56910 20744 20738 20732 20772 
56911 20734 20721 20723 20778 
56912 20749 20735 20745 20771 
56913 20744 20733 20771 20772 
56914 20728 20714 20715 20775 
56915 20744 20732 20733 20772 
56916 20738 20772 20737 20778 
56917 20746 20745 20736 20772 
56918 20736 20734 20723 20778 
56919 20737 20736 20724 20778 
56920 20737 20772 20736 20778 
56921 20745 20734 20736 20772 
56922 20758 20757 20771 20780 
56923 20747 20744 20771 20772 
56924 20733 20732 20722 20772 
56925 20747 20737 20738 20772 
56926 20747 20738 20744 20772 
56927 20735 20771 20733 20772 
56928 20758 20746 20747 20771 
56929 20738 20725 20732 20778 
56930 20738 20737 20724 20778 
56931 20710 20721 20712 20711 
56932 20738 20732 20772 20778 
56933 20757 20749 20745 20771 
56934 20749 20733 20735 20771 
56935 20747 20746 20737 20772 
56936 20756 20747 20744 20771 
56937 20749 20748 20771 20780 
56938 20758 20757 20746 20771 
56939 20763 20752 20740 20779 
56940 20755 20751 20754 20779 
56941 20755 20743 20742 20779 
56942 20752 20750 20727 20777 
56943 20764 766 20751 20754 
56944 20764 20754 20751 20779 
56945 20755 766 20751 765 
56946 20755 20750 20751 20779 
56947 20754 20740 20741 20779 
56948 20745 20735 20734 20772 
56949 20725 20723 20721 20778 
56950 20759 20756 20748 20780 
56951 20758 20747 20756 20771 
56952 20758 20771 20756 20780 
56953 13710 20755 20754 20743 
56954 20714 20706 20705 20704 
56955 20709 20705 20708 20699 
56956 20764 20763 20754 20779 
56957 20752 20777 20740 20779 
56958 20742 20730 20731 20777 
56959 20702 20701 20699 20774 
56960 765 766 20751 20764 
56961 20726 20718 20775 20776 
56962 766 20764 986 20763 
56963 13710 766 20754 20755 
56964 20764 766 20754 20763 
56965 20760 20756 20759 20780 
56966 20762 20757 20758 20780 
56967 20735 20722 20734 20772 
56968 20763 20740 20754 20779 
56969 20742 20741 20777 20779 
56970 20764 20751 20750 20779 
56971 20757 20745 20746 20771 
56972 20759 20748 20753 20780 
56973 20746 20736 20737 20772 
56974 20713 20712 20707 20774 
56975 20757 20749 20771 20780 
56976 20749 20748 20733 20771 
56977 20760 20758 20756 20780 
56978 20766 20762 20760 20773 
56979 20753 20748 20749 20780 
56980 20769 20759 20753 20773 
56981 20768 20761 20767 20773 
56982 20762 20773 20761 20780 
56983 20762 20758 20760 20780 
56984 20746 20771 20745 20772 
56985 20742 20741 20730 20777 
56986 20736 20772 20734 20778 
56987 20761 20773 20753 20780 
56988 20768 20753 20761 20773 
56989 20762 20760 20773 20780 
56990 20766 20760 20765 20773 
56991 20769 20765 20759 20773 
56992 20765 20760 20759 20773 
56993 20769 20768 20770 20773 
56994 20759 20753 20773 20780 
56995 20769 20770 20765 20773 
56996 20694 20766 20693 20770 
56997 20764 20752 20763 20779 
56998 20755 20754 20743 20779 
56999 20732 20725 20720 20778 
57000 20754 766 20751 20755 
57001 20755 20742 20750 20779 
57002 766 986 764 20763 
57003 766 765 986 20764 
57004 20768 20767 20770 20773 
57005 20693 20766 20765 20770 
57006 20767 20766 20770 20773 
57007 20761 20749 20757 20780 
57008 20692 987 20694 20770 
57009 20695 20768 20767 20770 
57010 20760 20759 20773 20780 
57011 20762 20761 20757 20780 
57012 20767 20762 20766 20773 
57013 20767 20761 20762 20773 
57014 20692 20694 20693 20770 
57015 20695 20767 20694 20770 
57016 987 20769 20768 20770 
57017 20692 20693 20765 20770 
57018 20692 20769 987 20770 
57019 20692 20765 20769 20770 
57020 20756 20771 20748 20780 
57021 20769 20753 20768 20773 
57022 987 20695 20694 20770 
57023 20761 20753 20749 20780 
57024 764 766 20754 13710 
57025 20754 20741 20743 20779 
57026 20712 20711 20702 20774 
57027 20706 20705 20704 20701 
57028 20711 20710 20696 20774 
57029 20726 20718 20705 20775 
57030 20764 20750 20752 20779 
57031 20726 20705 20714 20775 
57032 20709 20708 20705 20775 
57033 20715 20705 20708 20775 
57034 13710 766 20755 765 
57035 20709 20701 20705 20699 
57036 20711 20696 20701 20774 
57037 20827 20818 20816 20858 
57038 20820 20809 20818 20858 
57039 20816 20806 20858 20859 
57040 20806 20796 20805 20859 
57041 20793 20860 20789 20861 
57042 20794 20789 20788 20860 
57043 20854 20853 20862 20863 
57044 20856 20862 20852 20863 
57045 20782 20856 988 20862 
57046 20782 988 20785 20862 
57047 20785 20854 20784 20862 
57048 20838 20864 20836 20865 
57049 20849 20838 20844 20864 
57050 20821 20815 20866 20867 
57051 20825 20824 20815 20867 
57052 20824 20823 20866 20867 
57053 20812 20866 20811 20868 
57054 20856 20849 20850 20863 
57055 20831 20819 20820 20869 
57056 20804 20795 20794 20788 
57057 20803 20792 20793 20861 
57058 20801 20790 20791 20861 
57059 20803 20793 20799 20861 
57060 20794 20790 20789 20860 
57061 20798 20795 20797 20794 
57062 20800 20799 20789 20861 
57063 20801 20800 20790 20861 
57064 20802 20801 20791 20861 
57065 20793 20792 20860 20861 
57066 20805 20795 20787 20786 
57067 20805 20797 20795 20786 
57068 20797 20795 20786 20860 
57069 20812 20811 20800 20868 
57070 20845 20837 20864 20865 
57071 20814 20802 20803 20868 
57072 20800 20789 20790 20861 
57073 20797 20790 20794 20860 
57074 20814 20813 20802 20868 
57075 20810 20803 20799 20868 
57076 20811 20799 20800 20868 
57077 20804 20795 20798 20794 
57078 20797 20791 20790 20860 
57079 20814 20803 20810 20868 
57080 20811 20810 20799 20868 
57081 20805 20804 20796 20795 
57082 20805 20798 20804 20795 
57083 20797 20794 20795 20860 
57084 20791 20790 20860 20861 
57085 20816 20809 20804 20859 
57086 20812 20800 20801 20868 
57087 20817 20806 20805 20859 
57088 20795 20787 20786 20860 
57089 20817 20805 20807 20859 
57090 20802 20801 20861 20868 
57091 20805 20804 20798 20859 
57092 20809 20798 20804 20859 
57093 20792 20791 20860 20861 
57094 20817 20807 20808 20859 
57095 20793 20788 20789 20860 
57096 20802 20791 20792 20861 
57097 20822 20821 20811 20866 
57098 20821 20810 20811 20866 
57099 20803 20861 20799 20868 
57100 20824 20823 20813 20866 
57101 20815 20814 20810 20866 
57102 20803 20802 20792 20861 
57103 20824 20814 20815 20866 
57104 20805 20797 20798 20795 
57105 20813 20801 20802 20868 
57106 20824 20813 20814 20866 
57107 20813 20866 20812 20868 
57108 20820 20808 20809 20858 
57109 20829 20806 20817 20858 
57110 20827 20816 20806 20858 
57111 20817 20858 20806 20859 
57112 20819 20817 20808 20858 
57113 20829 20827 20806 20858 
57114 20809 20858 20808 20859 
57115 20803 20802 20861 20868 
57116 20801 20800 20861 20868 
57117 20805 20796 20804 20859 
57118 20817 20808 20858 20859 
57119 20816 20796 20806 20859 
57120 20811 20866 20810 20868 
57121 20814 20866 20813 20868 
57122 20835 20865 20834 20867 
57123 20833 20826 20821 20867 
57124 20807 20797 20805 20786 
57125 20830 20869 20828 20870 
57126 20839 20829 20819 20869 
57127 20818 20809 20816 20858 
57128 20820 20819 20808 20858 
57129 20839 20819 20831 20869 
57130 20829 20817 20819 20858 
57131 20830 20818 20828 20869 
57132 20841 20827 20829 20869 
57133 20841 20828 20827 20869 
57134 20829 20827 20858 20869 
57135 20820 20819 20858 20869 
57136 20827 20818 20858 20869 
57137 20839 20869 20831 20870 
57138 20829 20858 20819 20869 
57139 20831 20820 20830 20869 
57140 20816 20858 20809 20859 
57141 20814 20810 20866 20868 
57142 20841 20829 20839 20869 
57143 20820 20858 20818 20869 
57144 20831 20869 20830 20870 
57145 20842 20830 20828 20870 
57146 20843 20839 20831 20870 
57147 20823 20822 20866 20867 
57148 20826 20815 20821 20867 
57149 20834 20833 20822 20867 
57150 20823 20822 20812 20866 
57151 20845 20864 20844 20865 
57152 20834 20865 20833 20867 
57153 20822 20821 20866 20867 
57154 20835 20824 20825 20867 
57155 20828 20818 20827 20869 
57156 20830 20820 20818 20869 
57157 20835 20825 20865 20867 
57158 20844 20833 20834 20865 
57159 20785 20855 20854 20862 
57160 20813 20812 20801 20868 
57161 20826 20825 20815 20867 
57162 20809 20808 20798 20859 
57163 20834 20822 20823 20867 
57164 20833 20865 20826 20867 
57165 20837 20825 20836 20865 
57166 20833 20821 20822 20867 
57167 20824 20866 20815 20867 
57168 20821 20815 20810 20866 
57169 20808 20807 20798 20859 
57170 20844 20838 20833 20865 
57171 20835 20823 20824 20867 
57172 20835 20834 20823 20867 
57173 20837 20836 20864 20865 
57174 20847 20837 20836 20864 
57175 20807 20805 20798 20859 
57176 20845 20834 20835 20865 
57177 20857 20828 20841 20870 
57178 20851 20839 20840 20870 
57179 20826 20865 20825 20867 
57180 20843 13709 20840 20842 
57181 762 20842 20843 20832 
57182 20836 20825 20826 20865 
57183 20844 20864 20838 20865 
57184 20792 20786 20787 20860 
57185 20845 20844 20834 20865 
57186 20846 20836 20838 20864 
57187 20795 20793 20787 20860 
57188 20838 20826 20833 20865 
57189 20843 20831 20832 20870 
57190 20843 20840 20839 20870 
57191 20851 13709 20840 761 
57192 20822 20811 20812 20866 
57193 20841 20869 20839 20870 
57194 13709 20857 20851 20842 
57195 20843 20832 20842 20870 
57196 763 20857 13709 20842 
57197 20843 20842 20840 20870 
57198 20832 20831 20830 20870 
57199 20838 20836 20826 20865 
57200 20847 20846 20863 20864 
57201 20850 20849 20844 20864 
57202 20848 20847 20863 20864 
57203 20837 20835 20825 20865 
57204 20850 20863 20849 20864 
57205 20849 20846 20838 20864 
57206 20854 20848 20847 20863 
57207 20850 20848 20863 20864 
57208 20845 20835 20837 20865 
57209 20853 20846 20852 20863 
57210 20848 20837 20847 20864 
57211 20783 20853 20852 20862 
57212 20855 20854 20862 20863 
57213 20807 20798 20805 20797 
57214 20852 20846 20849 20863 
57215 20856 20855 20862 20863 
57216 20856 20852 20849 20863 
57217 20856 20850 20855 20863 
57218 20853 20852 20862 20863 
57219 20799 20793 20789 20861 
57220 20782 20852 20856 20862 
57221 988 20856 20855 20862 
57222 20850 20844 20845 20864 
57223 20849 20863 20846 20864 
57224 20784 20853 20783 20862 
57225 20782 20784 20783 20862 
57226 20782 20785 20784 20862 
57227 13709 20781 761 20851 
57228 761 13709 20843 762 
57229 20857 20851 20842 20870 
57230 20857 20841 20851 20870 
57231 13709 20857 20781 20851 
57232 761 13709 20840 20843 
57233 20850 20845 20848 20864 
57234 20848 20845 20837 20864 
57235 20847 20836 20846 20864 
57236 20800 20799 20861 20868 
57237 20853 20847 20846 20863 
57238 988 20855 20785 20862 
57239 20854 20847 20853 20863 
57240 20784 20854 20853 20862 
57241 20841 20828 20869 20870 
57242 20816 20804 20796 20859 
57243 762 763 13709 20842 
57244 762 13709 20843 20842 
57245 763 20781 13709 20857 
57246 20842 13709 20840 20851 
57247 20851 20840 20842 20870 
57248 20857 20842 20828 20870 
57249 20855 20850 20848 20863 
57250 20851 20841 20839 20870 
57251 20795 20794 20788 20860 
57252 20792 20791 20786 20860 
57253 20782 20783 20852 20862 
57254 20793 20792 20787 20860 
57255 20795 20788 20793 20860 
57256 20790 20789 20860 20861 
57257 20797 20786 20791 20860 
57258 20823 20812 20813 20866 
57259 20855 20848 20854 20863 
57260 20842 20832 20830 20870 
57261 20874 20875 20880 20882 
57262 20875 20879 20877 20883 
57263 20877 990 20883 20884 
57264 20877 20873 990 20884 
57265 990 20871 20881 20884 
57266 20875 20879 20881 20885 
57267 13815 771 20886 20887 
57268 771 989 20886 20887 
57269 13815 20886 770 20887 
57270 770 20886 989 20887 
57271 20877 20882 20878 20885 
57272 20875 20877 20879 20885 
57273 20878 20882 20880 20885 
57274 20875 20880 20882 20885 
57275 20875 20882 20877 20885 
57276 20879 20881 20871 20884 
57277 20876 20887 771 13815 
57278 771 20874 989 20887 
57279 772 770 13815 20886 
57280 772 989 770 20886 
57281 20876 20877 20875 20882 
57282 20878 20880 20881 20885 
57283 20878 20881 20879 20885 
57284 770 20874 20880 20887 
57285 990 20881 20883 20884 
57286 20879 20871 20872 20884 
57287 20877 20883 20879 20884 
57288 20875 20877 990 20883 
57289 20873 20879 20872 20884 
57290 20877 20879 20873 20884 
57291 20875 990 20881 20883 
57292 20875 20881 20880 20885 
57293 20879 20883 20881 20884 
57294 20874 20880 20878 20882 
57295 20874 20878 20887 20876 
57296 20880 20887 20878 13815 
57297 20875 20881 20879 20883 
57298 772 771 989 20886 
57299 20874 20876 20875 20882 
57300 13815 770 20880 20887 
57301 20874 20880 20887 20878 
57302 772 13815 771 20886 
57303 770 989 20874 20887 
57304 990 20873 20872 20884 
57305 20874 20878 20876 20882 
57306 990 20872 20871 20884 
57307 20878 20887 20876 13815 
57308 20876 20878 20877 20882 
57309 20877 20878 20879 20885 
57310 20874 20876 20887 771 
57311 20897 20898 20899 20900 
57312 20897 20900 20899 20901 
57313 20892 20899 20898 20900 
57314 20892 20900 20895 20901 
57315 20893 20889 20899 20902 
57316 20895 20900 20897 20901 
57317 768 769 20903 20904 
57318 769 20888 20903 20904 
57319 768 20903 767 20904 
57320 767 20903 20888 20904 
57321 768 13814 767 20903 
57322 13814 20888 767 20903 
57323 768 20898 769 20904 
57324 769 20888 13814 20903 
57325 20895 20890 20891 20902 
57326 20892 20895 20893 20901 
57327 20894 20896 20897 20900 
57328 20893 20891 991 20889 
57329 20893 20891 20889 20902 
57330 20890 20899 20889 20902 
57331 20893 20895 20891 20902 
57332 769 20898 20896 20904 
57333 20892 20899 20900 20901 
57334 20892 20894 20895 20900 
57335 20893 20897 20895 20902 
57336 768 20894 20892 20904 
57337 768 767 20894 20904 
57338 767 20896 20894 20904 
57339 20892 20893 20899 20901 
57340 767 20888 20896 20904 
57341 768 769 13814 20903 
57342 20892 20898 20896 20900 
57343 20892 20896 20894 20900 
57344 20892 20894 20896 20904 
57345 20891 20890 20889 20902 
57346 769 20896 20888 20904 
57347 20893 20895 20897 20901 
57348 20897 20899 20890 20902 
57349 20893 20899 20897 20902 
57350 20895 20897 20890 20902 
57351 20894 20897 20895 20900 
57352 20893 20897 20899 20901 
57353 20892 20896 20898 20904 
57354 768 20892 20898 20904 
57355 20896 20898 20897 20900 
57356 20905 20906 20974 20981 
57357 20914 20912 20913 20910 
57358 20918 20917 20910 20909 
57359 20921 20916 20917 20909 
57360 20921 20911 20915 20909 
57361 20929 20928 20917 20982 
57362 20921 20912 20911 20909 
57363 20921 20917 20918 20909 
57364 20914 20912 20910 20909 
57365 20921 20917 20916 20982 
57366 20930 20918 20919 20982 
57367 20921 20912 20920 20911 
57368 20925 20912 20913 20983 
57369 20932 20931 20920 20982 
57370 20921 20918 20917 20982 
57371 20924 20911 20912 20983 
57372 20932 20920 20921 20982 
57373 20914 20913 20912 20983 
57374 20915 20914 20912 20983 
57375 20932 20931 20982 20984 
57376 20928 20922 20916 20982 
57377 20915 20912 20911 20983 
57378 20944 20942 20984 20985 
57379 20927 20983 20923 20986 
57380 20925 20924 20983 20986 
57381 20921 20918 20920 20912 
57382 20926 20925 20913 20983 
57383 20922 20921 20916 20982 
57384 20921 20920 20918 20982 
57385 20920 20919 20918 20982 
57386 993 20978 20977 20981 
57387 20939 20927 20935 20986 
57388 20931 20930 20919 20982 
57389 20940 20928 20929 20984 
57390 20961 20959 20987 20988 
57391 20941 20940 20929 20984 
57392 20918 20910 20912 20909 
57393 20932 20982 20922 20984 
57394 20937 20924 20925 20986 
57395 20934 20933 20922 20984 
57396 20930 20929 20918 20982 
57397 20928 20922 20982 20984 
57398 20931 20930 20982 20984 
57399 20944 20932 20933 20984 
57400 20930 20929 20982 20984 
57401 20935 20927 20923 20986 
57402 20932 20921 20922 20982 
57403 20963 20951 20952 20987 
57404 20941 20929 20930 20984 
57405 20934 20933 20984 20985 
57406 20945 20944 20933 20985 
57407 20936 20935 20923 20986 
57408 20940 20934 20928 20984 
57409 20947 20934 20940 20985 
57410 20929 20928 20982 20984 
57411 20936 20935 20986 20989 
57412 20950 20949 20936 20989 
57413 20952 20948 20987 20989 
57414 20923 20915 20911 20983 
57415 20950 20936 20937 20989 
57416 20939 20938 20926 20986 
57417 20924 20923 20911 20983 
57418 20927 20914 20915 20983 
57419 20949 20935 20936 20989 
57420 20937 20936 20924 20986 
57421 20949 20948 20935 20989 
57422 20953 20941 20943 20985 
57423 20938 20937 20925 20986 
57424 20928 20916 20917 20982 
57425 20939 20926 20927 20986 
57426 20924 20923 20983 20986 
57427 20942 20930 20931 20984 
57428 20952 20938 20939 20989 
57429 20954 20943 20985 20990 
57430 20964 20947 20953 20990 
57431 20953 20940 20941 20985 
57432 20929 20917 20918 20982 
57433 20953 20947 20940 20985 
57434 20933 20932 20922 20984 
57435 20978 20977 20981 20991 
57436 20951 20950 20937 20989 
57437 20947 20946 20934 20985 
57438 20927 20926 20983 20986 
57439 20954 20942 20944 20985 
57440 20977 20973 20971 20991 
57441 20925 20924 20912 20983 
57442 20920 20918 20919 20912 
57443 20954 20943 20942 20985 
57444 20947 20946 20985 20990 
57445 20953 20985 20943 20990 
57446 20934 20922 20928 20984 
57447 20955 20954 20945 20990 
57448 20956 20945 20946 20990 
57449 20941 20940 20984 20985 
57450 20951 20937 20938 20989 
57451 20956 20955 20945 20990 
57452 20966 20953 20943 20990 
57453 20964 20956 20957 20990 
57454 20964 20955 20956 20990 
57455 20964 20958 20957 20956 
57456 20938 20937 20986 20989 
57457 20943 20941 20942 20985 
57458 20966 20964 20953 20990 
57459 20952 20939 20948 20989 
57460 20957 20946 20947 20990 
57461 20942 20941 20930 20984 
57462 20952 20951 20938 20989 
57463 20957 20956 20946 20990 
57464 20944 20942 20931 20984 
57465 20961 20959 20949 20987 
57466 20950 20987 20949 20989 
57467 20960 20952 20948 20987 
57468 20964 20957 20947 20990 
57469 20960 20948 20959 20987 
57470 20970 20960 20959 20988 
57471 20948 20939 20935 20989 
57472 20931 20919 20920 20982 
57473 20962 20950 20951 20987 
57474 20946 20945 20933 20985 
57475 20966 20943 20954 20990 
57476 20972 20961 20962 20988 
57477 20960 20987 20959 20988 
57478 20963 20952 20960 20987 
57479 20973 20962 20963 20988 
57480 20939 20986 20935 20989 
57481 20915 20911 20912 20909 
57482 20963 20962 20951 20987 
57483 20963 20962 20987 20988 
57484 20969 20959 20961 20988 
57485 20971 20963 20960 20988 
57486 20952 20987 20951 20989 
57487 20963 20987 20960 20988 
57488 20966 20954 20955 20990 
57489 20967 20958 20964 20956 
57490 20962 20961 20987 20988 
57491 20968 20964 20965 20958 
57492 20980 20965 20964 20958 
57493 778 777 20980 20992 
57494 20979 20964 20966 20955 
57495 20962 20961 20950 20987 
57496 20946 20945 20985 20990 
57497 20976 20975 20981 20991 
57498 20980 20966 20979 20964 
57499 13915 777 778 20992 
57500 20959 20948 20949 20987 
57501 20980 778 20967 20979 
57502 20966 20955 20964 20990 
57503 20938 20925 20926 20986 
57504 20980 20964 20967 20958 
57505 777 20980 20992 20965 
57506 20944 20931 20932 20984 
57507 20949 20987 20948 20989 
57508 20980 20979 20967 20964 
57509 13915 20992 20958 20968 
57510 20942 20941 20984 20985 
57511 778 992 776 20979 
57512 20979 778 20967 776 
57513 776 778 20967 13915 
57514 20968 20964 20958 20957 
57515 20971 20988 20970 20991 
57516 20975 20970 20969 20991 
57517 20975 20969 20974 20991 
57518 20976 20971 20970 20991 
57519 20944 20984 20933 20985 
57520 20978 20972 20973 20991 
57521 20978 20973 20977 20991 
57522 20974 20969 20972 20991 
57523 20936 20923 20924 20986 
57524 20976 20970 20975 20991 
57525 20973 20972 20988 20991 
57526 20970 20959 20969 20988 
57527 20977 20971 20976 20991 
57528 20978 20974 20972 20991 
57529 20961 20949 20950 20987 
57530 20965 20968 20992 777 
57531 20972 20969 20988 20991 
57532 20907 20976 20975 20981 
57533 20908 20976 20907 20981 
57534 20977 20976 20981 20991 
57535 20975 20974 20981 20991 
57536 993 20977 20908 20981 
57537 20905 993 20908 20981 
57538 20973 20988 20971 20991 
57539 20979 20967 20964 20955 
57540 20907 20975 20906 20981 
57541 20905 20908 20907 20981 
57542 20908 20977 20976 20981 
57543 20905 20907 20906 20981 
57544 20970 20988 20969 20991 
57545 20905 20978 993 20981 
57546 20971 20960 20970 20988 
57547 20905 20974 20978 20981 
57548 20954 20944 20945 20985 
57549 20967 20956 20964 20955 
57550 20906 20975 20974 20981 
57551 20978 20981 20974 20991 
57552 778 20980 992 20979 
57553 20992 778 20967 20980 
57554 20953 20947 20985 20990 
57555 778 777 992 20980 
57556 20972 20969 20961 20988 
57557 777 20968 20992 13915 
57558 20954 20985 20945 20990 
57559 20973 20972 20962 20988 
57560 13915 778 20967 20992 
57561 20940 20934 20984 20985 
57562 20937 20936 20986 20989 
57563 20939 20938 20986 20989 
57564 20946 20933 20934 20985 
57565 20973 20963 20971 20988 
57566 20921 20918 20912 20909 
57567 20915 20912 20914 20909 
57568 20951 20987 20950 20989 
57569 20927 20915 20923 20983 
57570 20926 20913 20914 20983 
57571 20927 20926 20914 20983 
57572 20926 20925 20983 20986 
57573 20968 20992 20958 20965 
57574 20965 20992 20958 20980 
57575 20980 20992 20958 20967 
57576 20967 20992 20958 13915 
57577 21059 21069 21055 21070 
57578 21060 21058 21069 21070 
57579 21006 21003 21004 21000 
57580 21018 21017 21005 21071 
57581 21010 21002 21006 21000 
57582 21052 21035 21042 21032 
57583 21006 20999 20998 21071 
57584 21011 21010 21005 21000 
57585 21006 21004 21005 21000 
57586 21022 21009 21016 21072 
57587 21018 21017 21071 21072 
57588 21017 21004 21005 21071 
57589 21008 21007 20998 21071 
57590 21022 21021 21009 21072 
57591 21011 21005 21004 21000 
57592 21009 21008 20999 21071 
57593 21063 21053 21073 21052 
57594 21026 21024 21011 21074 
57595 21006 21003 21002 20999 
57596 21029 21028 21014 21013 
57597 21016 21009 21003 21071 
57598 21010 21006 21005 21000 
57599 21031 21019 21020 21072 
57600 21030 21022 21016 21072 
57601 21019 21018 21007 21072 
57602 21007 21006 20998 21071 
57603 21029 21013 21014 21074 
57604 21018 21071 21007 21072 
57605 21018 21006 21007 21071 
57606 21016 21009 21071 21072 
57607 13914 20993 21063 21062 
57608 21031 21030 21017 21072 
57609 21031 21018 21019 21072 
57610 21006 21003 20999 21071 
57611 21009 21008 21071 21072 
57612 21030 21020 21021 21072 
57613 21014 21013 21001 21074 
57614 21032 21020 21031 21019 
57615 21030 21021 21022 21072 
57616 21031 21017 21018 21072 
57617 21021 21008 21009 21072 
57618 21020 21007 21008 21072 
57619 21035 21021 21032 21020 
57620 21030 21016 21017 21072 
57621 21051 21041 21048 21075 
57622 21036 21043 21035 21034 
57623 21017 21016 21071 21072 
57624 994 21067 20997 21076 
57625 21021 21020 21008 21072 
57626 21030 21021 21042 21034 
57627 21044 21043 21036 21034 
57628 21062 21046 21056 21043 
57629 21003 21002 21001 21000 
57630 21045 21043 21035 21036 
57631 21015 21002 21010 21001 
57632 21053 21035 21052 21033 
57633 21026 21011 21012 21074 
57634 21031 21020 21030 21072 
57635 21024 21010 21011 21074 
57636 21036 21022 21034 21021 
57637 21034 21021 21042 21035 
57638 21015 21014 21002 21001 
57639 21006 21002 21003 21000 
57640 21025 21023 21024 21074 
57641 21026 21025 21024 21074 
57642 21029 21015 21023 21074 
57643 21027 21026 21012 21074 
57644 21018 21005 21006 21071 
57645 21015 21014 21001 21074 
57646 21017 21016 21004 21071 
57647 21026 21027 21025 21074 
57648 21039 21027 21025 21026 
57649 21037 21025 21029 21023 
57650 21041 21027 21025 21040 
57651 21039 21038 21026 21025 
57652 21029 21027 21028 21013 
57653 21029 21027 21013 21074 
57654 21013 21012 21001 21074 
57655 21041 21028 21029 21027 
57656 21075 21040 21025 21039 
57657 21047 21037 21025 21075 
57658 21074 21027 21025 21029 
57659 21029 21014 21015 21074 
57660 21006 21005 21004 21071 
57661 20997 21067 21066 21076 
57662 21040 21027 21025 21039 
57663 21038 21026 21025 21024 
57664 21012 21000 21001 21074 
57665 21041 21040 21028 21027 
57666 21041 21025 21037 21075 
57667 21041 21040 21025 21075 
57668 21050 21039 21040 21075 
57669 21029 21027 21025 21041 
57670 21050 21049 21039 21075 
57671 21010 21001 21000 21074 
57672 21041 21029 21037 21025 
57673 21029 21023 21025 21074 
57674 21075 21038 21039 21025 
57675 21015 21006 21010 21002 
57676 21015 21001 21010 21074 
57677 21025 21047 21075 21038 
57678 21024 21023 21010 21074 
57679 21023 21015 21010 21074 
57680 21038 21047 21075 21049 
57681 21027 21012 21013 21074 
57682 21042 21031 21032 21030 
57683 21034 21043 21035 21042 
57684 21011 21010 21000 21074 
57685 21020 21021 21032 21030 
57686 21033 21020 21032 21019 
57687 21032 21030 21031 21020 
57688 21020 21019 21007 21072 
57689 21016 21003 21004 21071 
57690 21051 21040 21041 21075 
57691 21032 21021 21042 21030 
57692 21003 21001 21002 20999 
57693 21045 21044 21043 21036 
57694 21052 21043 21035 21045 
57695 21008 21007 21071 21072 
57696 21046 21045 21044 21043 
57697 21006 20999 21002 20998 
57698 21053 21045 21052 21035 
57699 21042 21043 21035 21052 
57700 21034 21022 21030 21021 
57701 21048 21037 21047 21075 
57702 21048 21041 21037 21075 
57703 21049 21069 21047 21075 
57704 21051 21048 21069 21075 
57705 21051 21050 21040 21075 
57706 21035 21032 21033 21020 
57707 21058 21055 21047 21069 
57708 21058 21047 21049 21069 
57709 21051 21069 21050 21075 
57710 21049 21038 21039 21075 
57711 21052 21063 21062 21073 
57712 21045 21052 21073 21053 
57713 773 21063 21077 13914 
57714 773 21077 21057 774 
57715 21057 21054 21053 21046 
57716 21009 20999 21003 21071 
57717 21008 20998 20999 21071 
57718 21054 21046 21077 21063 
57719 21062 21046 21077 21056 
57720 21054 21077 21057 773 
57721 21010 21001 21002 21000 
57722 21043 21052 21073 21045 
57723 774 21046 21077 21057 
57724 21056 21046 21044 21043 
57725 21006 21004 21003 21071 
57726 21046 21053 21073 21063 
57727 13914 20993 773 21063 
57728 21061 21050 21051 21069 
57729 21063 21053 21054 21046 
57730 21063 21046 21077 21062 
57731 21036 21034 21035 21021 
57732 21052 21033 21035 21032 
57733 21057 21046 21077 21054 
57734 21056 21046 21077 774 
57735 21058 21055 21069 21070 
57736 774 13914 21077 775 
57737 21066 21055 21065 21070 
57738 775 13914 21077 21062 
57739 21061 21060 21050 21069 
57740 21065 21058 21064 21070 
57741 21061 21069 21059 21070 
57742 21062 21052 21073 21043 
57743 20995 21065 21064 21076 
57744 21061 21060 21069 21070 
57745 21067 21061 21059 21070 
57746 21012 21011 21000 21074 
57747 21064 21058 21060 21070 
57748 21035 21021 21042 21032 
57749 21068 21060 21061 21070 
57750 21050 21069 21049 21075 
57751 21060 21049 21050 21069 
57752 21060 21058 21049 21069 
57753 21068 21070 21067 21076 
57754 21065 21070 21064 21076 
57755 21068 21061 21067 21070 
57756 20994 994 20997 21076 
57757 994 21068 21067 21076 
57758 21061 21051 21059 21069 
57759 775 20993 13914 21062 
57760 20994 21064 21068 21076 
57761 21068 21064 21070 21076 
57762 21066 21070 21065 21076 
57763 21059 21051 21048 21069 
57764 21048 21047 21069 21075 
57765 21059 21048 21055 21069 
57766 20997 21066 20996 21076 
57767 21055 21048 21047 21069 
57768 20994 20995 21064 21076 
57769 20996 21065 20995 21076 
57770 20994 20997 20996 21076 
57771 20994 20996 20995 21076 
57772 21065 21055 21058 21070 
57773 21067 21059 21066 21070 
57774 21068 21064 21060 21070 
57775 21066 21059 21055 21070 
57776 21067 21070 21066 21076 
57777 21057 21046 21053 21045 
57778 20994 21068 994 21076 
57779 20996 21066 21065 21076 
57780 21073 21063 21062 21046 
57781 21062 21073 21046 21043 
57782 21043 21073 21046 21045 
57783 21045 21073 21046 21053 
57784 21054 773 21063 21077 
57785 21063 21077 13914 21062 
57786 21062 775 21056 21077 
57787 21077 775 21056 774 
57788 774 13914 773 21077 
57789 21082 21084 21086 21089 
57790 21082 21088 21087 21089 
57791 21082 21086 21088 21089 
57792 21085 21087 21088 21089 
57793 14014 21090 782 21091 
57794 782 21090 995 21091 
57795 14014 783 21090 21091 
57796 783 995 21090 21091 
57797 783 21081 995 21091 
57798 784 995 782 21090 
57799 14014 21083 783 21091 
57800 14014 782 21087 21091 
57801 21081 21083 21087 21091 
57802 21084 21080 996 21092 
57803 996 21080 21078 21092 
57804 21082 21088 21086 21092 
57805 21082 21086 21084 21092 
57806 21084 21086 21080 21092 
57807 21080 21086 21079 21078 
57808 21083 21082 21087 21089 
57809 783 21083 21081 21091 
57810 14014 21087 21083 21091 
57811 784 783 995 21090 
57812 784 782 14014 21090 
57813 784 14014 783 21090 
57814 21083 21084 21082 21089 
57815 21082 996 21088 21092 
57816 21083 21085 21084 21089 
57817 21082 21084 996 21092 
57818 782 995 21081 21091 
57819 14014 21085 21083 21087 
57820 782 21081 21087 21091 
57821 21085 21088 21086 21089 
57822 21086 21088 21078 21092 
57823 996 21078 21088 21092 
57824 21080 21086 21078 21092 
57825 21083 21087 21085 21089 
57826 21081 21083 21082 21087 
57827 21084 21085 21086 21089 
57828 21156 21155 21166 21167 
57829 21163 21158 21156 21166 
57830 21154 21143 21168 21169 
57831 781 21153 21150 21168 
57832 780 779 21154 21168 
57833 780 21143 21153 21168 
57834 780 21153 781 21168 
57835 21094 21095 21160 21170 
57836 21094 21164 997 21170 
57837 21142 21169 21140 21171 
57838 21108 21111 21101 21100 
57839 21126 21125 21172 21173 
57840 14013 21165 779 21168 
57841 21104 21111 21103 21102 
57842 21124 21107 21114 21172 
57843 21099 21111 21103 21106 
57844 21108 21101 21111 21098 
57845 21116 21105 21106 21111 
57846 21112 21101 21108 21098 
57847 21113 21108 21112 21101 
57848 21116 21111 21103 21104 
57849 21126 21115 21116 21172 
57850 21114 21104 21102 21100 
57851 21094 21160 21164 21170 
57852 21111 21104 21101 21100 
57853 21108 21102 21111 21100 
57854 21108 21111 21102 21099 
57855 21123 21117 21107 21172 
57856 21127 21126 21116 21172 
57857 21127 21117 21123 21172 
57858 21116 21114 21107 21172 
57859 21119 21112 21109 21098 
57860 21126 21125 21115 21172 
57861 21109 21111 21105 21098 
57862 21099 21111 21106 21109 
57863 21118 21109 21113 21108 
57864 21154 21142 21143 21169 
57865 21124 21123 21172 21173 
57866 21122 21120 21118 21113 
57867 21109 21108 21111 21098 
57868 21119 21112 21113 21109 
57869 21117 21106 21116 21105 
57870 21158 21157 21147 21167 
57871 21112 21108 21109 21098 
57872 21122 21113 21119 21112 
57873 21122 21119 21121 21112 
57874 21113 21109 21112 21108 
57875 21116 21114 21104 21103 
57876 21128 21133 21130 21139 
57877 21122 21118 21120 21110 
57878 21120 21133 21130 21128 
57879 21125 21114 21115 21172 
57880 21165 21140 21154 21169 
57881 21133 21122 21130 21121 
57882 21109 21111 21108 21099 
57883 21128 21120 21118 21110 
57884 21122 21118 21119 21113 
57885 21119 21118 21110 21109 
57886 21133 21130 21122 21120 
57887 21102 21111 21103 21099 
57888 21130 21120 21128 21110 
57889 21118 21109 21108 21099 
57890 21130 21122 21120 21110 
57891 21130 21119 21122 21110 
57892 21133 21130 21132 21121 
57893 21133 21129 21128 21120 
57894 21139 21133 21132 21171 
57895 21130 21121 21122 21119 
57896 21142 21132 21133 21171 
57897 21116 21115 21114 21172 
57898 21142 21133 21141 21171 
57899 21139 21129 21128 21133 
57900 21139 21132 21133 21130 
57901 21140 21139 21132 21171 
57902 21116 21107 21114 21103 
57903 21116 21115 21111 21104 
57904 21136 21124 21125 21173 
57905 21112 21111 21101 21098 
57906 21122 21119 21118 21110 
57907 21127 21126 21172 21173 
57908 21117 21116 21107 21172 
57909 21136 21135 21173 21174 
57910 21146 21135 21136 21174 
57911 21135 21134 21173 21174 
57912 21135 21123 21124 21173 
57913 21125 21124 21114 21172 
57914 21125 21124 21172 21173 
57915 21138 21137 21173 21174 
57916 21144 21134 21135 21174 
57917 21147 21136 21137 21174 
57918 21117 21107 21116 21106 
57919 21134 21127 21123 21173 
57920 21135 21134 21123 21173 
57921 21133 21122 21131 21120 
57922 21106 21111 21103 21116 
57923 21148 21137 21138 21174 
57924 21137 21136 21173 21174 
57925 21138 21126 21127 21173 
57926 21133 21129 21131 21171 
57927 21138 21137 21126 21173 
57928 21116 21106 21107 21103 
57929 21145 21138 21134 21174 
57930 21127 21172 21123 21173 
57931 21138 21173 21134 21174 
57932 21127 21116 21117 21172 
57933 21149 21169 21141 21171 
57934 21139 21129 21133 21171 
57935 21138 21127 21134 21173 
57936 21159 21149 21152 21169 
57937 21165 21159 21152 21169 
57938 21149 21131 21129 21171 
57939 21152 21169 21149 21171 
57940 21153 21143 21141 21169 
57941 21137 21136 21125 21173 
57942 21137 21125 21126 21173 
57943 21094 997 21097 21170 
57944 21142 21140 21132 21171 
57945 21152 21139 21140 21171 
57946 21157 21151 21146 21167 
57947 21155 21145 21144 21167 
57948 21124 21123 21107 21172 
57949 21148 21167 21147 21174 
57950 21157 21146 21147 21167 
57951 21156 21145 21155 21167 
57952 21156 21148 21145 21167 
57953 21152 21149 21129 21171 
57954 21152 21140 21169 21171 
57955 21142 21141 21169 21171 
57956 21165 21154 21168 21169 
57957 21165 21152 21140 21169 
57958 21133 21131 21129 21120 
57959 21152 21129 21139 21171 
57960 21143 21142 21141 21169 
57961 21141 21133 21131 21171 
57962 21159 21150 21149 21169 
57963 21154 21140 21142 21169 
57964 21163 21166 21162 21170 
57965 21153 21141 21149 21169 
57966 21155 21151 21166 21167 
57967 21153 21168 21143 21169 
57968 21153 21149 21150 21169 
57969 21148 21147 21137 21174 
57970 21153 21150 21168 21169 
57971 14013 21093 21165 21159 
57972 779 21165 21154 21168 
57973 21160 21151 21157 21166 
57974 21165 21168 21159 21169 
57975 14013 21159 21165 21168 
57976 21111 21102 21104 21100 
57977 780 21154 21143 21168 
57978 781 21150 21159 21168 
57979 21158 21147 21148 21167 
57980 21162 21156 21155 21166 
57981 21148 21145 21167 21174 
57982 21158 21166 21157 21167 
57983 21163 21156 21162 21166 
57984 21158 21148 21156 21167 
57985 21147 21146 21136 21174 
57986 21096 21162 21161 21170 
57987 21136 21135 21124 21173 
57988 21145 21144 21167 21174 
57989 21155 21144 21151 21167 
57990 997 21164 21163 21170 
57991 21097 21162 21096 21170 
57992 21164 21160 21157 21166 
57993 21161 21155 21151 21166 
57994 21146 21144 21135 21174 
57995 21158 21156 21166 21167 
57996 21148 21138 21145 21174 
57997 21164 21166 21163 21170 
57998 21095 21161 21160 21170 
57999 21159 21168 21150 21169 
58000 21116 21114 21115 21104 
58001 21111 21106 21109 21105 
58002 21094 21097 21095 21170 
58003 21096 21161 21095 21170 
58004 21097 21096 21095 21170 
58005 21097 21163 21162 21170 
58006 21147 21167 21146 21174 
58007 21114 21104 21103 21102 
58008 997 21163 21097 21170 
58009 21151 21144 21146 21167 
58010 21164 21160 21166 21170 
58011 21146 21167 21144 21174 
58012 21161 21166 21160 21170 
58013 21145 21134 21144 21174 
58014 21164 21157 21158 21166 
58015 21164 21158 21163 21166 
58016 21162 21166 21161 21170 
58017 21124 21114 21107 21103 
58018 21162 21155 21161 21166 
58019 21161 21151 21160 21166 
58020 21157 21166 21151 21167 
58021 781 21159 14013 21168 
58022 780 781 14013 21168 
58023 21119 21113 21118 21109 
58024 781 21093 14013 21159 
58025 14013 21093 779 21165 
58026 780 14013 779 21168 
58027 21149 21141 21131 21171 
58028 21179 21185 21183 21186 
58029 21179 21185 21184 21187 
58030 21179 21183 21181 21186 
58031 789 998 21188 21189 
58032 14104 789 21188 21189 
58033 788 21188 998 21189 
58034 14104 21188 788 21189 
58035 14104 21180 789 21189 
58036 789 21178 998 21189 
58037 14104 788 21184 21189 
58038 790 998 788 21188 
58039 21180 21181 21179 21187 
58040 21178 21180 21184 21189 
58041 21181 21177 999 21186 
58042 999 21177 21175 21186 
58043 21181 21183 21177 21186 
58044 21179 21181 21183 21187 
58045 21179 21183 21185 21187 
58046 21180 21179 21184 21187 
58047 789 21180 21178 21189 
58048 14104 21184 21180 21189 
58049 790 789 998 21188 
58050 21179 999 21185 21186 
58051 790 14104 789 21188 
58052 790 788 14104 21188 
58053 788 998 21178 21189 
58054 21177 21183 21176 21175 
58055 21181 21182 21183 21187 
58056 21180 21182 21181 21187 
58057 21180 21184 21182 21187 
58058 21179 21181 999 21186 
58059 14104 21182 21180 21184 
58060 21182 21184 21185 21187 
58061 21182 21185 21183 21187 
58062 21183 21185 21175 21186 
58063 999 21175 21185 21186 
58064 21177 21183 21175 21186 
58065 788 21178 21184 21189 
58066 21178 21180 21179 21184 
58067 21192 21202 21191 21203 
58068 21195 21191 21202 21203 
58069 21195 1000 21191 21203 
58070 21199 21201 21192 21202 
58071 21195 21202 21199 21204 
58072 21199 21202 21192 21204 
58073 21197 21192 21193 21204 
58074 21195 21197 21193 21204 
58075 21193 21192 21203 21204 
58076 21192 21202 21203 21204 
58077 21195 21191 21201 21202 
58078 1000 21192 21191 21203 
58079 785 21205 21190 21206 
58080 787 21190 21205 21206 
58081 786 21205 785 21206 
58082 786 787 21205 21206 
58083 21194 21207 21201 21208 
58084 21195 21203 21202 21204 
58085 21199 21201 21207 21208 
58086 21196 21198 21199 21208 
58087 785 21190 21198 21206 
58088 21194 21196 21207 21208 
58089 21194 21195 21201 21207 
58090 787 21190 14103 21205 
58091 14103 21190 785 21205 
58092 786 785 21198 21206 
58093 21194 21201 21200 21208 
58094 21194 21197 21195 21207 
58095 21199 21200 21201 21208 
58096 21195 21193 1000 21203 
58097 1000 21193 21192 21203 
58098 786 787 14103 21205 
58099 21195 21201 21199 21202 
58100 21195 21199 21197 21204 
58101 21195 21193 21203 21204 
58102 21194 21196 21197 21207 
58103 21194 21198 21196 21208 
58104 786 785 21196 21198 
58105 21196 21199 21197 21207 
58106 786 787 21198 21200 
58107 786 14103 785 21205 
58108 21196 21199 21207 21208 
58109 21195 21199 21201 21207 
58110 21194 21200 21198 21208 
58111 786 21198 787 21206 
58112 787 21198 21190 21206 
58113 786 21196 21194 21198 
58114 21192 21201 21191 21202 
58115 21198 21200 21199 21208 
58116 21195 21197 21199 21207 
58117 786 21198 21194 21200 
58118 21197 21199 21192 21204 
58119 21229 21221 21215 21287 
58120 21217 21287 21216 21288 
58121 21244 21235 21231 21245 
58122 21234 21221 21233 21287 
58123 21229 21215 21216 21287 
58124 21220 21287 21219 21288 
58125 21233 21221 21229 21287 
58126 21219 21218 21214 21288 
58127 21245 21232 21233 21231 
58128 21246 21235 21245 21233 
58129 21228 21214 21222 21289 
58130 21235 21230 21229 21221 
58131 21224 21223 21288 21289 
58132 21236 21228 21222 21289 
58133 21235 21233 21234 21221 
58134 21233 21218 21219 21287 
58135 21246 21234 21235 21233 
58136 21222 21214 21218 21288 
58137 21223 21222 21217 21288 
58138 21235 21229 21233 21221 
58139 21232 21217 21218 21287 
58140 21224 21216 21215 21288 
58141 21225 21220 21213 21288 
58142 21226 21225 21213 21289 
58143 21221 21220 21215 21287 
58144 21225 21224 21215 21288 
58145 21233 21231 21232 21287 
58146 21219 21287 21218 21288 
58147 21225 21288 21213 21289 
58148 21237 21236 21223 21289 
58149 21238 21225 21226 21289 
58150 21242 21228 21236 21290 
58151 21227 21213 21214 21289 
58152 21238 21224 21225 21289 
58153 21237 21236 21289 21290 
58154 21233 21232 21218 21287 
58155 21237 21223 21224 21289 
58156 21233 21235 21231 21229 
58157 21214 21213 21288 21289 
58158 21238 21237 21224 21289 
58159 21219 21214 21213 21288 
58160 21228 21227 21214 21289 
58161 21222 21218 21217 21288 
58162 21238 21289 21226 21290 
58163 21236 21228 21289 21290 
58164 21228 21227 21289 21290 
58165 21248 21247 21237 21290 
58166 21234 21220 21221 21287 
58167 21222 21214 21288 21289 
58168 21227 21226 21213 21289 
58169 21241 21240 21227 21290 
58170 21241 21227 21228 21290 
58171 21238 21237 21289 21290 
58172 21251 21241 21249 21240 
58173 21247 21240 21241 21290 
58174 21240 21226 21227 21290 
58175 21225 21215 21220 21288 
58176 21247 21239 21240 21290 
58177 21240 21239 21226 21290 
58178 21220 21219 21213 21288 
58179 21243 21235 21230 21229 
58180 21252 21260 21241 21242 
58181 21257 21256 21291 21292 
58182 21245 21235 21231 21233 
58183 21240 21241 21249 21247 
58184 21259 21258 21291 21292 
58185 21286 21285 21293 21294 
58186 21260 21252 21253 21242 
58187 21245 21244 21232 21231 
58188 21248 21238 21239 21290 
58189 21281 21276 21261 21295 
58190 21225 21224 21288 21289 
58191 21272 21270 21251 21250 
58192 21272 21253 21260 21252 
58193 21248 21239 21247 21290 
58194 21247 21241 21242 21290 
58195 21236 21222 21223 21289 
58196 21272 21263 21252 21251 
58197 21285 21284 21293 21294 
58198 21257 21256 21243 21291 
58199 21248 21237 21238 21290 
58200 21269 21268 21292 21296 
58201 21266 21255 21262 21292 
58202 21257 21243 21244 21291 
58203 21256 21255 21291 21292 
58204 21211 21283 21210 21293 
58205 21227 21226 21289 21290 
58206 21269 21258 21259 21292 
58207 21259 21291 21255 21292 
58208 21268 21257 21258 21292 
58209 21243 21230 21235 21291 
58210 21259 21245 21246 21291 
58211 21255 21246 21235 21291 
58212 21245 21244 21235 21291 
58213 21251 21260 21241 21252 
58214 21269 21259 21266 21292 
58215 21247 21236 21237 21290 
58216 21259 21246 21255 21291 
58217 21247 21242 21236 21290 
58218 21260 21253 21247 21242 
58219 21258 21257 21244 21291 
58220 21243 21235 21231 21244 
58221 21223 21222 21288 21289 
58222 21249 21240 21247 21239 
58223 21272 21251 21260 21249 
58224 21247 21260 21241 21249 
58225 21260 21248 21249 21247 
58226 21272 21264 21254 21253 
58227 21210 21283 21282 21293 
58228 21250 21240 21249 21239 
58229 21255 21235 21230 21291 
58230 21242 21241 21228 21290 
58231 21269 21268 21258 21292 
58232 21249 21260 21241 21251 
58233 21268 21267 21257 21292 
58234 21256 21230 21243 21291 
58235 21242 21260 21241 21247 
58236 21272 21264 21253 21252 
58237 21272 21264 21263 21295 
58238 21275 21270 21263 21295 
58239 21272 21252 21260 21251 
58240 21251 21249 21250 21240 
58241 21272 21261 21254 21295 
58242 21276 21264 21254 21295 
58243 21276 21254 21261 21295 
58244 21256 21255 21230 21291 
58245 21232 21231 21217 21287 
58246 21273 21266 21262 21296 
58247 21266 21259 21255 21292 
58248 21277 21266 21273 21296 
58249 21269 21292 21266 21296 
58250 21278 21294 21274 21296 
58251 21278 21267 21268 21296 
58252 21267 21256 21257 21292 
58253 21246 21245 21235 21291 
58254 21274 21262 21267 21296 
58255 21244 21243 21235 21291 
58256 21262 21255 21256 21292 
58257 21216 21287 21215 21288 
58258 21258 21244 21245 21291 
58259 21277 21269 21266 21296 
58260 21258 21257 21291 21292 
58261 21279 21268 21269 21296 
58262 21274 21273 21262 21296 
58263 21234 21233 21219 21287 
58264 21272 21263 21270 21295 
58265 21272 21254 21261 21253 
58266 21272 21263 21264 21252 
58267 21272 21250 21251 21249 
58268 21272 21254 21264 21295 
58269 21275 21276 796 21281 
58270 21281 21276 796 795 
58271 21281 21271 21275 21295 
58272 21281 796 21271 21280 
58273 794 21275 796 21271 
58274 21249 21247 21248 21239 
58275 21267 21262 21292 21296 
58276 21266 21292 21262 21296 
58277 21272 21261 21260 21253 
58278 21281 21261 21272 21295 
58279 21281 21272 21280 21295 
58280 21281 21280 21271 21295 
58281 796 21281 1001 21280 
58282 21239 21238 21226 21290 
58283 21277 21273 21294 21296 
58284 21279 21294 21278 21296 
58285 21275 21263 21265 21295 
58286 21275 21271 21270 21295 
58287 21280 796 21271 794 
58288 21283 21279 21277 21294 
58289 21282 21277 21273 21294 
58290 21284 21279 21283 21294 
58291 21285 21274 21278 21294 
58292 21283 21282 21293 21294 
58293 21286 21293 21282 21294 
58294 1002 21286 21285 21293 
58295 21285 21278 21284 21294 
58296 21286 21274 21285 21294 
58297 21274 21294 21273 21296 
58298 21283 21277 21282 21294 
58299 21280 21270 21271 21295 
58300 21209 21210 21282 21293 
58301 21212 21285 21284 21293 
58302 14201 21275 796 794 
58303 14201 21276 21275 21265 
58304 796 795 1001 21281 
58305 21280 21272 21270 21295 
58306 21278 21274 21267 21296 
58307 21286 21282 21273 21294 
58308 21212 21284 21211 21293 
58309 21209 1002 21210 21293 
58310 21212 21211 21210 21293 
58311 1002 21285 21212 21293 
58312 21284 21278 21279 21294 
58313 1002 21212 21210 21293 
58314 21279 21269 21277 21296 
58315 21279 21277 21294 21296 
58316 21209 21282 21286 21293 
58317 21267 21262 21256 21292 
58318 21209 21286 1002 21293 
58319 21272 21270 21263 21251 
58320 21284 21283 21293 21294 
58321 21211 21284 21283 21293 
58322 21276 21275 21265 21295 
58323 21271 21275 796 21281 
58324 21281 21275 21276 21295 
58325 14201 21276 796 21275 
58326 21265 21263 21264 21295 
58327 796 1001 794 21280 
58328 795 21276 796 14201 
58329 21233 21229 21231 21287 
58330 21218 21287 21217 21288 
58331 21229 21235 21231 21243 
58332 21286 21273 21274 21294 
58333 21231 21216 21217 21287 
58334 21276 21265 21264 21295 
58335 21231 21229 21216 21287 
58336 21220 21215 21287 21288 
58337 21223 21217 21216 21288 
58338 21224 21223 21216 21288 
58339 21268 21267 21292 21296 
58340 21234 21219 21220 21287 
58341 21279 21278 21268 21296 
58342 21259 21258 21245 21291 
58343 21370 21369 21372 21373 
58344 21368 21367 21372 21373 
58345 21300 21368 21367 21372 
58346 21301 21368 21300 21372 
58347 21339 21338 21374 21375 
58348 21334 21374 21324 21376 
58349 21337 21326 21324 21374 
58350 21323 21322 21312 21377 
58351 793 21358 21356 21378 
58352 14200 21365 21371 21378 
58353 792 21349 21358 21378 
58354 792 21358 793 21378 
58355 792 791 21359 21378 
58356 21313 21308 21307 21379 
58357 21325 21323 21314 21376 
58358 21324 21315 21305 21376 
58359 21314 21313 21303 21377 
58360 21334 21311 21322 21376 
58361 21313 21377 21312 21379 
58362 21316 21309 21310 21379 
58363 21311 21376 21305 21377 
58364 21330 21328 21317 21380 
58365 21318 21316 21317 21307 
58366 21306 21302 21304 21379 
58367 21318 21307 21317 21306 
58368 14200 21371 791 21378 
58369 21319 21316 21318 21307 
58370 21315 21304 21305 21377 
58371 21316 21307 21309 21379 
58372 21317 21306 21307 21379 
58373 21332 21331 21319 21380 
58374 21371 21359 21378 21381 
58375 1003 21370 21369 21372 
58376 21306 21304 21303 21379 
58377 21322 21310 21312 21377 
58378 21319 21308 21309 21307 
58379 21323 21312 21313 21377 
58380 21331 21330 21318 21380 
58381 21333 21332 21320 21380 
58382 21321 21316 21320 21309 
58383 21309 21307 21308 21379 
58384 21307 21306 21303 21379 
58385 21333 21380 21327 21382 
58386 21323 21314 21376 21377 
58387 21320 21319 21316 21380 
58388 21298 1003 21301 21372 
58389 21328 21327 21316 21380 
58390 21333 21320 21321 21380 
58391 21316 21310 21302 21379 
58392 21311 21304 21310 21377 
58393 21327 21321 21316 21380 
58394 21315 21376 21314 21377 
58395 21322 21376 21311 21377 
58396 21336 21323 21325 21376 
58397 21310 21377 21304 21379 
58398 21320 21309 21319 21308 
58399 21332 21319 21320 21380 
58400 21331 21318 21319 21380 
58401 21323 21376 21322 21377 
58402 21312 21310 21309 21379 
58403 21336 21334 21322 21376 
58404 21345 21334 21336 21374 
58405 21321 21320 21316 21380 
58406 21318 21317 21316 21380 
58407 21326 21324 21374 21376 
58408 21311 21305 21304 21377 
58409 21320 21316 21319 21309 
58410 21339 21325 21326 21374 
58411 21315 21305 21376 21377 
58412 21326 21374 21325 21376 
58413 21315 21303 21304 21377 
58414 21335 21324 21334 21374 
58415 21339 21326 21337 21374 
58416 21348 21338 21339 21375 
58417 21348 21339 21347 21375 
58418 21336 21374 21334 21376 
58419 21339 21374 21337 21375 
58420 21330 21328 21380 21382 
58421 21329 21327 21328 21382 
58422 21319 21309 21316 21307 
58423 21326 21314 21315 21376 
58424 21330 21317 21318 21380 
58425 21326 21315 21324 21376 
58426 21319 21318 21316 21380 
58427 21344 21332 21333 21382 
58428 21332 21331 21380 21382 
58429 21341 21329 21328 21382 
58430 21337 21324 21335 21374 
58431 21342 21341 21382 21383 
58432 21342 21330 21331 21382 
58433 21342 21341 21330 21382 
58434 21337 21374 21335 21375 
58435 21331 21330 21380 21382 
58436 21328 21316 21317 21380 
58437 21333 21332 21380 21382 
58438 21351 21340 21350 21383 
58439 21317 21307 21316 21379 
58440 21344 21382 21340 21383 
58441 21353 21342 21343 21383 
58442 21344 21333 21340 21382 
58443 21353 21352 21342 21383 
58444 21353 21352 21383 21384 
58445 21326 21325 21314 21376 
58446 21340 21327 21329 21382 
58447 21334 21324 21311 21376 
58448 21350 21340 21329 21383 
58449 21341 21329 21382 21383 
58450 21328 21327 21380 21382 
58451 21344 21343 21332 21382 
58452 21343 21342 21382 21383 
58453 21351 21383 21350 21384 
58454 21343 21342 21331 21382 
58455 21324 21305 21311 21376 
58456 21350 21329 21341 21383 
58457 21348 21346 21375 21381 
58458 21347 21339 21337 21375 
58459 21348 21346 21338 21375 
58460 21371 21365 21357 21381 
58461 21358 21347 21355 21381 
58462 21357 21355 21375 21381 
58463 21358 21349 21347 21381 
58464 21365 21355 21357 21381 
58465 21355 21337 21335 21375 
58466 21345 21335 21374 21375 
58467 21346 21345 21338 21375 
58468 21357 21345 21346 21375 
58469 21354 21353 21383 21384 
58470 21344 21343 21382 21383 
58471 21360 21350 21352 21384 
58472 21354 21383 21351 21384 
58473 21352 21341 21342 21383 
58474 21363 21352 21353 21384 
58475 21354 21353 21343 21383 
58476 21340 21382 21329 21383 
58477 21354 21344 21351 21383 
58478 21362 21361 21373 21384 
58479 21351 21344 21340 21383 
58480 21338 21336 21325 21374 
58481 21352 21350 21383 21384 
58482 21363 21373 21360 21384 
58483 21345 21336 21338 21374 
58484 21339 21338 21325 21374 
58485 21355 21347 21337 21375 
58486 21348 21375 21347 21381 
58487 21349 21348 21347 21381 
58488 21371 21357 21346 21381 
58489 21340 21333 21327 21382 
58490 21359 21346 21348 21381 
58491 21352 21350 21341 21383 
58492 21333 21321 21327 21380 
58493 21336 21325 21374 21376 
58494 21371 21346 21359 21381 
58495 21358 21355 21356 21381 
58496 21362 21354 21351 21384 
58497 21358 21356 21378 21381 
58498 14200 21297 21371 21365 
58499 791 21371 21359 21378 
58500 21371 21378 21365 21381 
58501 21359 21349 21378 21381 
58502 21367 21360 21366 21373 
58503 21343 21331 21332 21382 
58504 792 21359 21349 21378 
58505 793 21356 21365 21378 
58506 21358 21378 21349 21381 
58507 21361 21360 21373 21384 
58508 21366 21360 21363 21373 
58509 21364 21354 21362 21384 
58510 21364 21362 21373 21384 
58511 21368 21362 21361 21373 
58512 21365 21356 21355 21381 
58513 21369 21362 21368 21373 
58514 21364 21363 21353 21384 
58515 21300 21367 21299 21372 
58516 21361 21350 21360 21384 
58517 21370 21366 21363 21373 
58518 21298 21366 21370 21372 
58519 21370 21372 21366 21373 
58520 21298 21299 21366 21372 
58521 21369 21368 21372 21373 
58522 21363 21360 21352 21384 
58523 21345 21374 21338 21375 
58524 21367 21366 21372 21373 
58525 21370 21363 21364 21373 
58526 793 21365 14200 21378 
58527 21367 21361 21360 21373 
58528 21354 21343 21344 21383 
58529 21301 21300 21299 21372 
58530 21301 21369 21368 21372 
58531 21361 21351 21350 21384 
58532 21299 21367 21366 21372 
58533 21298 21301 21299 21372 
58534 21298 21370 1003 21372 
58535 21345 21335 21334 21374 
58536 21364 21353 21354 21384 
58537 21355 21347 21375 21381 
58538 21369 21364 21362 21373 
58539 21357 21335 21345 21375 
58540 21313 21307 21303 21379 
58541 21368 21361 21367 21373 
58542 21370 21364 21369 21373 
58543 1003 21369 21301 21372 
58544 21364 21373 21363 21384 
58545 21357 21375 21346 21381 
58546 792 793 14200 21378 
58547 793 21297 14200 21365 
58548 14200 21297 791 21371 
58549 792 14200 791 21378 
58550 21312 21377 21310 21379 
58551 21304 21377 21303 21379 
58552 21323 21313 21314 21377 
58553 21362 21351 21361 21384 
58554 21313 21303 21377 21379 
58555 21317 21316 21302 21379 
58556 21317 21302 21306 21379 
58557 21310 21304 21302 21379 
58558 21312 21309 21308 21379 
58559 21357 21355 21335 21375 
58560 21336 21322 21323 21376 
58561 21359 21348 21349 21381 
58562 21313 21312 21308 21379 
58563 21315 21314 21303 21377 
58564 21322 21311 21310 21377 
58565 21365 21378 21356 21381 
58566 21341 21328 21330 21382 
58567 21389 21391 1005 21396 
58568 21392 21394 21395 21397 
58569 21389 21395 21394 21397 
58570 21390 21392 21391 21397 
58571 21388 21392 21390 21397 
58572 14300 801 21398 21399 
58573 801 1004 21398 21399 
58574 14300 21398 800 21399 
58575 800 21398 1004 21399 
58576 801 21388 1004 21399 
58577 14300 21390 801 21399 
58578 802 1004 800 21398 
58579 802 800 14300 21398 
58580 21388 21392 21394 21399 
58581 21390 21391 21389 21397 
58582 21388 21390 21392 21399 
58583 1005 21387 21386 21396 
58584 21391 21387 1005 21396 
58585 21391 21393 21387 21396 
58586 21389 21393 21395 21397 
58587 21393 21385 21386 21396 
58588 21389 21391 21393 21397 
58589 21389 1005 21395 21396 
58590 801 21390 21388 21399 
58591 14300 21392 21390 21399 
58592 21387 21393 21386 21396 
58593 802 801 1004 21398 
58594 21391 21392 21393 21397 
58595 802 14300 801 21398 
58596 14300 800 21394 21399 
58597 14300 21394 21392 21399 
58598 21388 21390 21389 21397 
58599 800 1004 21388 21399 
58600 21392 21395 21393 21397 
58601 1005 21386 21385 21396 
58602 800 21388 21394 21399 
58603 21389 21395 21393 21396 
58604 1005 21385 21395 21396 
58605 21389 21393 21391 21396 
58606 21388 21389 21394 21397 
58607 21388 21394 21392 21397 
58608 21393 21395 21385 21396 
58609 21409 21411 21402 21412 
58610 21402 21412 21401 21413 
58611 21405 21401 21412 21413 
58612 21405 1006 21401 21413 
58613 21405 21409 21407 21412 
58614 21405 21411 21409 21412 
58615 21403 21412 21402 21413 
58616 21405 21412 21403 21413 
58617 21404 21408 21406 21414 
58618 21405 21401 21411 21412 
58619 798 21410 799 21415 
58620 1006 21402 21401 21413 
58621 21406 21409 21407 21414 
58622 798 21404 21410 21415 
58623 21404 21406 21407 21414 
58624 21409 21410 21411 21414 
58625 21404 21408 21410 21415 
58626 21404 21411 21410 21414 
58627 797 21416 21400 21417 
58628 799 21400 21416 21417 
58629 798 21416 797 21417 
58630 798 799 21416 21417 
58631 21406 21408 21409 21414 
58632 21404 21411 21414 21418 
58633 21404 21410 21408 21414 
58634 798 21415 799 21417 
58635 798 797 21406 21415 
58636 799 21400 14299 21416 
58637 14299 21400 797 21416 
58638 21405 21403 1006 21413 
58639 1006 21403 21402 21413 
58640 799 21410 21408 21415 
58641 21407 21402 21403 21412 
58642 21404 21407 21405 21418 
58643 799 21415 21408 21417 
58644 21405 21407 21403 21412 
58645 797 21408 21406 21415 
58646 21404 21405 21411 21418 
58647 21404 21414 21407 21418 
58648 21407 21414 21409 21418 
58649 21405 21409 21411 21418 
58650 798 797 21415 21417 
58651 798 14299 797 21416 
58652 21405 21407 21409 21418 
58653 21404 21406 21408 21415 
58654 797 21408 21415 21417 
58655 799 21408 21400 21417 
58656 797 21400 21408 21417 
58657 21402 21411 21401 21412 
58658 21407 21409 21402 21412 
58659 21408 21410 21409 21414 
58660 798 799 14299 21416 
58661 798 21406 21404 21415 
58662 21409 21414 21411 21418 
58663 21422 21426 21428 21430 
58664 21422 21424 21423 21431 
58665 21426 21431 21429 21432 
58666 21422 21423 21428 21431 
58667 21424 21431 21426 21432 
58668 21423 21429 21431 21432 
58669 14400 21430 807 21433 
58670 807 21430 1007 21433 
58671 14400 806 21430 21433 
58672 806 1007 21430 21433 
58673 14400 21424 807 21430 
58674 807 21422 1007 21430 
58675 808 806 14400 21433 
58676 808 1007 806 21433 
58677 21425 21426 21427 21432 
58678 21423 21427 21429 21432 
58679 21422 21424 21426 21430 
58680 21427 21429 21419 21434 
58681 21425 21421 1008 21434 
58682 1008 21421 21419 21434 
58683 21423 21427 21425 21434 
58684 21423 21425 1008 21434 
58685 21421 21427 21420 21419 
58686 21421 21427 21419 21434 
58687 21424 21423 21431 21432 
58688 807 21424 21422 21430 
58689 14400 21428 21426 21430 
58690 21425 21427 21421 21434 
58691 808 807 1007 21433 
58692 14400 806 21428 21430 
58693 21426 21429 21427 21432 
58694 808 14400 807 21433 
58695 806 1007 21422 21430 
58696 21426 21428 21429 21431 
58697 14400 21426 21424 21430 
58698 21424 21425 21423 21432 
58699 21423 1008 21429 21434 
58700 21424 21426 21425 21432 
58701 21422 21428 21426 21431 
58702 21423 21425 21427 21432 
58703 21423 21429 21428 21431 
58704 21422 21426 21424 21431 
58705 21423 21429 21427 21434 
58706 806 21422 21428 21430 
58707 1008 21419 21429 21434 
58708 21456 21448 21442 21511 
58709 21446 21445 21441 21511 
58710 21458 21444 21445 21511 
58711 21453 21443 21512 21513 
58712 21464 21451 21452 21512 
58713 21465 21452 21453 21512 
58714 21439 21507 21438 21514 
58715 21508 21507 21514 21515 
58716 21439 21508 21507 21514 
58717 21500 21489 21516 21517 
58718 805 21499 21495 21516 
58719 804 803 21500 21516 
58720 804 21489 21499 21516 
58721 804 21499 805 21516 
58722 21459 21458 21445 21511 
58723 21442 21511 21440 21513 
58724 14399 21510 803 21516 
58725 21450 21442 21440 21513 
58726 21491 21484 21518 21519 
58727 21458 21456 21511 21520 
58728 21460 21459 21446 21511 
58729 21445 21511 21444 21513 
58730 21472 21460 21461 21520 
58731 21453 21512 21452 21513 
58732 21461 21440 21448 21511 
58733 21462 21461 21449 21520 
58734 21461 21447 21440 21511 
58735 21459 21458 21511 21520 
58736 21472 21461 21462 21520 
58737 21461 21511 21448 21520 
58738 21445 21441 21511 21513 
58739 21450 21443 21442 21513 
58740 21453 21452 21445 21513 
58741 21452 21512 21451 21513 
58742 21462 21449 21457 21520 
58743 21463 21450 21451 21512 
58744 21452 21441 21445 21513 
58745 21447 21446 21441 21511 
58746 21464 21463 21451 21512 
58747 21471 21459 21460 21520 
58748 21444 21442 21443 21513 
58749 21454 21453 21443 21512 
58750 21475 21473 21464 21521 
58751 21463 21455 21512 21521 
58752 21455 21454 21512 21521 
58753 21461 21460 21447 21511 
58754 21465 21512 21454 21521 
58755 21473 21466 21521 21522 
58756 21475 21465 21467 21521 
58757 21463 21455 21450 21512 
58758 21473 21463 21464 21521 
58759 21448 21440 21442 21511 
58760 21461 21460 21511 21520 
58761 21465 21453 21454 21512 
58762 21467 21465 21454 21521 
58763 21456 21449 21448 21520 
58764 21453 21445 21444 21513 
58765 21475 21464 21465 21521 
58766 21444 21511 21442 21513 
58767 21451 21512 21450 21513 
58768 21460 21446 21447 21511 
58769 21457 21449 21456 21520 
58770 21450 21512 21443 21513 
58771 21468 21467 21454 21521 
58772 21468 21454 21455 21521 
58773 21452 21451 21441 21513 
58774 21465 21464 21452 21512 
58775 21481 21480 21469 21523 
58776 21482 21470 21471 21523 
58777 21485 21474 21473 21522 
58778 21468 21521 21466 21522 
58779 21478 21468 21476 21522 
58780 21475 21521 21467 21522 
58781 21473 21466 21463 21521 
58782 21480 21479 21462 21523 
58783 21462 21520 21457 21523 
58784 21464 21463 21512 21521 
58785 21476 21522 21474 21524 
58786 21472 21471 21460 21520 
58787 21476 21468 21466 21522 
58788 21461 21448 21449 21520 
58789 21485 21474 21522 21524 
58790 21485 21522 21477 21524 
58791 21488 21477 21478 21524 
58792 21469 21457 21456 21520 
58793 21488 21478 21487 21524 
58794 21476 21466 21474 21522 
58795 21474 21466 21473 21522 
58796 21485 21473 21475 21522 
58797 21468 21467 21521 21522 
58798 21486 21485 21477 21524 
58799 21480 21462 21457 21523 
58800 21470 21469 21520 21523 
58801 21479 21472 21462 21523 
58802 21481 21469 21470 21523 
58803 21471 21470 21459 21520 
58804 21456 21448 21511 21520 
58805 21455 21454 21443 21512 
58806 21483 21471 21472 21523 
58807 21490 21518 21484 21519 
58808 21493 21482 21483 21518 
58809 21491 21480 21481 21518 
58810 21469 21457 21520 21523 
58811 21482 21481 21470 21523 
58812 21472 21520 21462 21523 
58813 21483 21479 21518 21523 
58814 21482 21518 21481 21523 
58815 21480 21457 21469 21523 
58816 21491 21484 21480 21518 
58817 21471 21470 21520 21523 
58818 21481 21518 21480 21523 
58819 21470 21469 21458 21520 
58820 21466 21455 21463 21521 
58821 21451 21440 21441 21513 
58822 21483 21472 21479 21523 
58823 21484 21479 21480 21518 
58824 21470 21458 21459 21520 
58825 21485 21475 21477 21522 
58826 21472 21471 21520 21523 
58827 21490 21483 21479 21518 
58828 21494 21517 21487 21524 
58829 21478 21467 21468 21522 
58830 21488 21487 21517 21524 
58831 21498 21486 21517 21524 
58832 21499 21489 21487 21517 
58833 21494 21476 21474 21524 
58834 21478 21522 21476 21524 
58835 21475 21473 21521 21522 
58836 21478 21477 21522 21524 
58837 21498 21485 21486 21524 
58838 21483 21518 21482 21523 
58839 21487 21478 21476 21524 
58840 21497 21484 21491 21519 
58841 21493 21518 21490 21519 
58842 21480 21518 21479 21523 
58843 21502 21497 21491 21519 
58844 21503 21502 21492 21519 
58845 21468 21455 21466 21521 
58846 21502 21515 21497 21519 
58847 21501 21496 21515 21519 
58848 21501 21490 21496 21519 
58849 21501 21493 21490 21519 
58850 21460 21459 21511 21520 
58851 21496 21490 21484 21519 
58852 21493 21483 21490 21518 
58853 21510 21504 21498 21517 
58854 21498 21494 21474 21524 
58855 21488 21517 21486 21524 
58856 21483 21482 21471 21523 
58857 21489 21488 21487 21517 
58858 21510 21498 21486 21517 
58859 21494 21487 21476 21524 
58860 21488 21486 21477 21524 
58861 21500 21486 21488 21517 
58862 21503 21492 21493 21519 
58863 21478 21477 21467 21522 
58864 21498 21517 21494 21524 
58865 21504 21495 21494 21517 
58866 21510 21486 21500 21517 
58867 21499 21495 21516 21517 
58868 21504 21516 21495 21517 
58869 803 21510 21500 21516 
58870 21497 21515 21496 21519 
58871 21506 21496 21505 21515 
58872 21490 21479 21484 21518 
58873 21500 21488 21489 21517 
58874 21499 21487 21494 21517 
58875 21509 21505 21497 21515 
58876 21503 21501 21515 21519 
58877 21504 21494 21498 21517 
58878 21510 21516 21504 21517 
58879 14399 21504 21510 21516 
58880 21493 21492 21482 21518 
58881 21436 21505 21509 21514 
58882 21436 21509 1009 21514 
58883 21509 21508 21514 21515 
58884 1009 21509 21508 21514 
58885 21492 21491 21481 21518 
58886 21436 21439 21437 21514 
58887 21451 21450 21440 21513 
58888 804 21500 21489 21516 
58889 805 21495 21504 21516 
58890 21498 21474 21485 21524 
58891 21505 21496 21497 21515 
58892 21507 21503 21501 21515 
58893 21502 21491 21492 21519 
58894 21465 21464 21512 21521 
58895 21509 21502 21508 21515 
58896 21493 21492 21518 21519 
58897 21506 21505 21514 21515 
58898 21508 21502 21503 21515 
58899 21436 21437 21505 21514 
58900 21438 21506 21437 21514 
58901 21436 1009 21439 21514 
58902 21439 21438 21437 21514 
58903 21437 21506 21505 21514 
58904 21509 21497 21502 21515 
58905 21438 21507 21506 21514 
58906 21507 21501 21506 21515 
58907 21509 21514 21505 21515 
58908 21506 21501 21496 21515 
58909 21507 21506 21514 21515 
58910 21503 21515 21502 21519 
58911 21508 21503 21507 21515 
58912 1009 21508 21439 21514 
58913 21499 21494 21495 21517 
58914 805 21504 14399 21516 
58915 804 805 14399 21516 
58916 805 21435 14399 21504 
58917 21459 21445 21446 21511 
58918 14399 21435 803 21510 
58919 804 14399 803 21516 
58920 21492 21481 21482 21518 
58921 21499 21516 21489 21517 
58922 21447 21441 21440 21511 
58923 21477 21475 21467 21522 
58924 21469 21456 21458 21520 
58925 21458 21456 21444 21511 
58926 21455 21443 21450 21512 
58927 21497 21496 21484 21519 
58928 21503 21493 21501 21519 
58929 21456 21442 21444 21511 
58930 21510 21500 21516 21517 
58931 21492 21491 21518 21519 
58932 21441 21440 21511 21513 
58933 21453 21444 21443 21513 
58934 14399 21435 21510 21504 
58935 21597 21584 21591 21598 
58936 21590 21588 21598 21599 
58937 1011 21597 21591 21600 
58938 21552 21551 21601 21602 
58939 21541 21537 21540 21531 
58940 21561 21537 21549 21601 
58941 21549 21540 21531 21530 
58942 21552 21551 21541 21601 
58943 21531 21532 21541 21537 
58944 21556 21545 21544 21543 
58945 21539 21538 21533 21530 
58946 21547 21542 21543 21535 
58947 21543 21535 21536 21533 
58948 21545 21533 21543 21529 
58949 21538 21536 21535 21533 
58950 21549 21539 21540 21530 
58951 21547 21545 21535 21543 
58952 21536 21533 21530 21529 
58953 21560 21547 21554 21546 
58954 21596 21590 21595 21598 
58955 21534 21545 21535 21547 
58956 21543 21545 21535 21533 
58957 21589 21584 21578 21599 
58958 21547 21544 21543 21542 
58959 21554 21546 21547 21544 
58960 21547 21544 21545 21543 
58961 21546 21534 21545 21533 
58962 21541 21531 21540 21530 
58963 21547 21545 21546 21534 
58964 21560 21546 21554 21603 
58965 21561 21548 21549 21537 
58966 21543 21542 21536 21535 
58967 21550 21549 21540 21601 
58968 21563 21549 21550 21601 
58969 21549 21540 21537 21531 
58970 21558 21556 21546 21603 
58971 21601 21537 21540 21541 
58972 21536 21530 21531 21529 
58973 21538 21536 21533 21530 
58974 21559 21558 21546 21603 
58975 21537 21532 21541 21601 
58976 21570 21560 21567 21603 
58977 21549 21548 21538 21531 
58978 21554 21546 21544 21603 
58979 21552 21532 21601 21541 
58980 21571 21563 21564 21602 
58981 21556 21545 21546 21544 
58982 21538 21535 21534 21533 
58983 21561 21552 21537 21601 
58984 21563 21601 21550 21602 
58985 21564 21563 21550 21602 
58986 21565 21550 21551 21602 
58987 21566 21551 21552 21602 
58988 21562 21553 21552 21602 
58989 21551 21550 21601 21602 
58990 21555 21554 21544 21603 
58991 21566 21602 21553 21604 
58992 21562 21552 21561 21602 
58993 21583 21581 21562 21604 
58994 21570 21559 21560 21603 
58995 21556 21544 21546 21603 
58996 21561 21552 21601 21602 
58997 21568 21556 21558 21603 
58998 21569 21568 21603 21605 
58999 21548 21536 21538 21531 
59000 21533 21545 21535 21534 
59001 21578 21599 21576 21605 
59002 21577 21576 21599 21605 
59003 21557 21544 21556 21603 
59004 21568 21557 21603 21605 
59005 21570 21603 21567 21605 
59006 21557 21555 21603 21605 
59007 21567 21603 21555 21605 
59008 21570 21569 21603 21605 
59009 21563 21561 21549 21601 
59010 21563 21549 21561 21548 
59011 21538 21531 21536 21530 
59012 21554 21544 21547 21542 
59013 21580 21569 21570 21605 
59014 21576 21567 21555 21605 
59015 21557 21555 21544 21603 
59016 21587 21576 21584 21599 
59017 21571 21562 21561 21602 
59018 21576 21555 21557 21605 
59019 21581 21574 21566 21604 
59020 21571 21562 21602 21604 
59021 21568 21557 21556 21603 
59022 21565 21564 21550 21602 
59023 21573 21564 21565 21604 
59024 21565 21564 21602 21604 
59025 21583 21571 21572 21604 
59026 21581 21553 21562 21604 
59027 21549 21537 21540 21601 
59028 21573 21572 21564 21604 
59029 21574 21565 21566 21604 
59030 21574 21573 21565 21604 
59031 21585 21573 21575 21606 
59032 21575 21573 21574 21606 
59033 21583 21604 21572 21606 
59034 21566 21565 21602 21604 
59035 21572 21571 21564 21604 
59036 21581 21574 21604 21606 
59037 21566 21552 21553 21602 
59038 21566 21565 21551 21602 
59039 21593 21592 21585 21606 
59040 21577 21567 21576 21605 
59041 21579 21578 21568 21605 
59042 21563 21561 21601 21602 
59043 21547 21546 21545 21544 
59044 21567 21560 21554 21603 
59045 21580 21579 21569 21605 
59046 21570 21569 21559 21603 
59047 21569 21558 21559 21603 
59048 21580 21577 21599 21605 
59049 21579 21599 21578 21605 
59050 21584 21576 21578 21599 
59051 21589 21578 21579 21599 
59052 21588 21587 21598 21599 
59053 21589 21598 21584 21599 
59054 21571 21561 21563 21602 
59055 21590 21589 21579 21599 
59056 21588 21577 21587 21599 
59057 21580 21599 21579 21605 
59058 21586 21575 21574 21606 
59059 21585 21572 21573 21606 
59060 21592 21572 21585 21606 
59061 21571 21602 21564 21604 
59062 14495 21586 21585 21575 
59063 813 814 21586 21582 
59064 21593 21585 21582 21606 
59065 21582 814 21585 21593 
59066 21586 21581 21582 21606 
59067 21592 21583 21572 21606 
59068 21593 814 21585 21592 
59069 21582 814 21586 21585 
59070 21578 21576 21557 21605 
59071 813 814 21582 21593 
59072 21593 21582 21581 21606 
59073 21558 21546 21556 21545 
59074 21583 21562 21571 21604 
59075 21560 21559 21546 21603 
59076 21583 21581 21604 21606 
59077 21578 21557 21568 21605 
59078 21581 21566 21553 21604 
59079 21574 21573 21604 21606 
59080 814 1010 812 21592 
59081 21592 814 21585 812 
59082 21597 21587 21584 21598 
59083 21593 21583 21592 21606 
59084 21527 21595 21526 21600 
59085 812 814 21585 14495 
59086 21586 21585 21575 21606 
59087 21585 814 21586 14495 
59088 21593 21581 21583 21606 
59089 21588 21580 21577 21599 
59090 21590 21580 21588 21599 
59091 21590 21598 21589 21599 
59092 21590 21579 21580 21599 
59093 21595 21590 21588 21598 
59094 21595 21598 21594 21600 
59095 21587 21584 21598 21599 
59096 21597 21594 21587 21598 
59097 21597 21598 21591 21600 
59098 21528 21591 21596 21600 
59099 21526 21595 21594 21600 
59100 21580 21570 21577 21605 
59101 21591 21584 21589 21598 
59102 21569 21568 21558 21603 
59103 21596 21591 21598 21600 
59104 21567 21554 21555 21603 
59105 21594 21588 21587 21598 
59106 21596 21589 21590 21598 
59107 21527 21596 21595 21600 
59108 21595 21588 21594 21598 
59109 21587 21577 21576 21599 
59110 21596 21598 21595 21600 
59111 1011 21528 21527 21600 
59112 14495 814 21586 813 
59113 814 813 1010 21593 
59114 814 21593 1010 21592 
59115 21525 21526 21594 21600 
59116 1011 21591 21528 21600 
59117 21543 21533 21536 21529 
59118 21525 1011 21527 21600 
59119 21537 21552 21532 21601 
59120 21525 21594 21597 21600 
59121 21579 21568 21569 21605 
59122 21596 21591 21589 21598 
59123 21525 21527 21526 21600 
59124 21525 21597 1011 21600 
59125 21597 21594 21598 21600 
59126 21551 21540 21541 21601 
59127 21586 21582 21585 21606 
59128 21573 21572 21604 21606 
59129 21562 21553 21602 21604 
59130 21586 21574 21581 21606 
59131 21549 21537 21548 21531 
59132 21549 21538 21539 21530 
59133 21577 21570 21567 21605 
59134 21551 21550 21540 21601 
59135 21528 21596 21527 21600 
59136 21539 21538 21534 21533 
59137 21549 21531 21538 21530 
59138 21548 21537 21536 21531 
59139 21633 21683 21627 21684 
59140 21636 21634 21635 21683 
59141 21645 21633 21634 21683 
59142 21675 21673 21685 21686 
59143 21679 21673 21672 21685 
59144 21652 21687 21651 21688 
59145 21665 21653 21654 21687 
59146 21662 21650 21661 21687 
59147 21609 21678 21677 21689 
59148 21610 21678 21609 21689 
59149 21681 21677 21685 21689 
59150 21681 21685 21680 21689 
59151 21611 21679 21610 21689 
59152 21611 21680 21679 21689 
59153 21673 21672 21685 21686 
59154 21657 21690 21648 21691 
59155 21620 21616 21618 21615 
59156 21626 21614 21615 21612 
59157 21620 21614 21619 21613 
59158 21632 21631 21619 21692 
59159 21608 21677 21681 21689 
59160 21632 21620 21628 21692 
59161 21637 21626 21624 21614 
59162 21622 21620 21613 21612 
59163 21620 21618 21619 21614 
59164 21624 21622 21623 21613 
59165 21624 21621 21622 21613 
59166 21635 21623 21624 21684 
59167 21634 21633 21622 21684 
59168 21641 21688 21640 21693 
59169 21626 21624 21621 21684 
59170 21618 21617 21616 21692 
59171 21637 21625 21624 21684 
59172 21626 21621 21624 21613 
59173 21635 21634 21623 21684 
59174 21635 21624 21625 21684 
59175 21620 21614 21613 21612 
59176 21637 21627 21683 21684 
59177 21635 21683 21634 21684 
59178 21641 21640 21628 21693 
59179 21633 21627 21621 21684 
59180 21627 21626 21621 21684 
59181 21626 21624 21614 21613 
59182 21620 21616 21615 21612 
59183 21634 21622 21623 21684 
59184 21639 21638 21683 21690 
59185 21632 21619 21620 21692 
59186 21630 21629 21617 21692 
59187 21634 21683 21633 21684 
59188 21618 21616 21617 21615 
59189 21643 21642 21630 21693 
59190 21643 21630 21631 21693 
59191 21654 21643 21644 21688 
59192 21630 21629 21692 21693 
59193 21642 21629 21630 21693 
59194 21632 21631 21692 21693 
59195 21641 21628 21629 21693 
59196 21651 21640 21641 21688 
59197 21654 21653 21643 21688 
59198 21624 21622 21621 21684 
59199 21632 21692 21628 21693 
59200 21653 21687 21652 21688 
59201 21626 21613 21614 21612 
59202 21644 21640 21688 21693 
59203 21626 21621 21613 21612 
59204 21650 21644 21640 21688 
59205 21631 21630 21692 21693 
59206 21640 21632 21628 21693 
59207 21620 21618 21616 21692 
59208 21644 21632 21640 21693 
59209 21654 21644 21650 21688 
59210 21637 21624 21626 21684 
59211 21637 21626 21627 21684 
59212 21633 21621 21622 21684 
59213 21629 21616 21617 21692 
59214 21644 21688 21643 21693 
59215 21642 21641 21629 21693 
59216 21646 21683 21638 21690 
59217 21649 21639 21647 21690 
59218 21629 21628 21692 21693 
59219 21645 21639 21633 21683 
59220 21646 21636 21683 21690 
59221 21645 21639 21683 21690 
59222 21648 21646 21638 21690 
59223 21624 21623 21622 21684 
59224 21657 21636 21646 21690 
59225 21628 21620 21616 21692 
59226 21639 21627 21633 21683 
59227 21646 21636 21635 21683 
59228 21645 21683 21636 21690 
59229 21657 21646 21648 21690 
59230 21656 21647 21655 21691 
59231 21655 21647 21690 21691 
59232 21645 21634 21636 21683 
59233 21655 21645 21636 21690 
59234 21666 21657 21648 21691 
59235 21649 21690 21647 21691 
59236 21657 21655 21690 21691 
59237 21646 21635 21625 21683 
59238 21658 21649 21647 21691 
59239 21622 21613 21621 21612 
59240 21649 21648 21690 21691 
59241 21659 21648 21649 21691 
59242 21649 21638 21639 21690 
59243 21657 21655 21636 21690 
59244 21642 21688 21641 21693 
59245 21666 21659 21658 21691 
59246 21666 21659 21660 21658 
59247 21651 21650 21640 21688 
59248 21669 21666 21660 21658 
59249 21651 21687 21650 21688 
59250 21620 21615 21614 21612 
59251 21661 21650 21651 21687 
59252 21654 21650 21687 21688 
59253 21663 21661 21651 21687 
59254 21652 21651 21641 21688 
59255 21653 21642 21643 21688 
59256 21662 21661 21686 21687 
59257 21662 21654 21650 21687 
59258 21654 21687 21653 21688 
59259 21664 21686 21663 21687 
59260 21674 21663 21664 21686 
59261 21652 21641 21642 21688 
59262 21665 21686 21664 21687 
59263 21665 21664 21653 21687 
59264 21664 21663 21652 21687 
59265 21673 21665 21662 21686 
59266 21644 21643 21631 21693 
59267 21666 21648 21659 21691 
59268 21674 21671 21663 21686 
59269 21653 21652 21642 21688 
59270 21671 21661 21663 21686 
59271 21668 21657 21666 21691 
59272 21675 21664 21665 21686 
59273 21675 21674 21664 21686 
59274 21663 21686 21661 21687 
59275 21666 21658 21656 21691 
59276 21682 21666 21669 21656 
59277 21670 21660 21666 21659 
59278 21676 21667 21670 21666 
59279 21676 21660 21666 21670 
59280 21626 21615 21621 21612 
59281 21669 21666 21658 21656 
59282 21668 21666 21656 21691 
59283 21631 21618 21619 21692 
59284 21672 21661 21671 21686 
59285 21669 14494 21660 21676 
59286 21673 21662 21672 21686 
59287 810 21660 14494 21670 
59288 21669 810 21660 14494 
59289 21682 21676 21669 21666 
59290 14494 21660 21676 21670 
59291 809 21670 21676 21667 
59292 21682 21668 21666 21656 
59293 21643 21688 21642 21693 
59294 21682 14494 21669 21676 
59295 811 14494 21669 21682 
59296 21674 21685 21671 21686 
59297 21664 21652 21653 21687 
59298 21677 21671 21674 21685 
59299 21680 21675 21673 21685 
59300 21678 21671 21677 21685 
59301 21675 21685 21674 21686 
59302 21672 21671 21685 21686 
59303 21681 21675 21680 21685 
59304 21639 21638 21627 21683 
59305 21647 21639 21645 21690 
59306 21646 21625 21637 21683 
59307 21679 21685 21678 21689 
59308 21631 21630 21618 21692 
59309 21680 21685 21679 21689 
59310 21608 21611 21610 21689 
59311 21629 21628 21616 21692 
59312 21610 21679 21678 21689 
59313 21663 21651 21652 21687 
59314 21678 21685 21677 21689 
59315 21681 21677 21674 21685 
59316 1012 21681 21680 21689 
59317 21608 21681 1012 21689 
59318 21679 21672 21678 21685 
59319 21620 21619 21618 21692 
59320 21675 21665 21673 21686 
59321 21608 21609 21677 21689 
59322 809 14494 21670 810 
59323 21665 21654 21662 21687 
59324 14494 21607 809 21676 
59325 21672 21662 21661 21686 
59326 21676 14494 21670 809 
59327 21680 21673 21679 21685 
59328 21608 1012 21611 21689 
59329 21681 21674 21675 21685 
59330 21608 21610 21609 21689 
59331 1012 21680 21611 21689 
59332 21649 21648 21638 21690 
59333 21644 21631 21632 21693 
59334 21668 21655 21657 21691 
59335 810 14494 21669 811 
59336 21620 21615 21618 21614 
59337 811 21607 14494 21682 
59338 21630 21617 21618 21692 
59339 21638 21637 21627 21683 
59340 14494 21682 21607 21676 
59341 21637 21683 21625 21684 
59342 21659 21649 21658 21691 
59343 21646 21637 21638 21683 
59344 21655 21647 21645 21690 
59345 21682 21668 21676 21666 
59346 21668 21656 21655 21691 
59347 21665 21662 21686 21687 
59348 21635 21625 21683 21684 
59349 21658 21647 21656 21691 
59350 21678 21672 21671 21685 
59351 21669 21676 21660 21666 
59352 21698 21704 21703 21705 
59353 21701 21703 21704 21705 
59354 21699 21700 21698 21705 
59355 21698 21702 21704 21705 
59356 21697 21703 21701 21705 
59357 819 1013 21706 21707 
59358 818 21706 1013 21707 
59359 14593 819 21706 21707 
59360 14593 21706 818 21707 
59361 14593 819 21707 21708 
59362 819 21697 1013 21707 
59363 820 818 14593 21706 
59364 820 1013 818 21706 
59365 21702 21694 21709 21710 
59366 14593 21699 819 21708 
59367 21701 21704 21702 21705 
59368 21698 21704 21702 21710 
59369 21698 21702 21700 21710 
59370 1014 21709 21694 21710 
59371 21700 21696 1014 21709 
59372 14593 21701 21699 21708 
59373 21696 21702 21695 21709 
59374 1014 21696 21695 21709 
59375 21700 21709 1014 21710 
59376 21697 21701 21703 21708 
59377 21699 21701 21700 21705 
59378 21700 21701 21702 21705 
59379 819 21697 21707 21708 
59380 14593 21703 21701 21708 
59381 21700 21702 21696 21709 
59382 820 14593 819 21706 
59383 14593 818 21703 21708 
59384 14593 21707 818 21708 
59385 818 1013 21697 21707 
59386 21697 21699 21701 21708 
59387 21698 21700 21702 21705 
59388 818 21697 21703 21708 
59389 1014 21695 21694 21709 
59390 21702 21694 21695 21709 
59391 818 21707 21697 21708 
59392 21700 21702 21709 21710 
59393 21697 21701 21699 21705 
59394 21697 21698 21703 21705 
59395 1014 21694 21704 21710 
59396 21697 21699 21698 21705 
59397 21702 21704 21694 21710 
59398 820 819 1013 21706 
59399 21698 21700 1014 21710 
59400 21698 1014 21704 21710 
59401 819 21699 21697 21708 
59402 1015 21784 21783 21785 
59403 21712 21780 21784 21785 
59404 21713 21781 21780 21785 
59405 21730 21729 21719 21786 
59406 21723 21720 21722 21786 
59407 21725 21724 21722 21716 
59408 21721 21726 21725 21720 
59409 21722 21720 21723 21725 
59410 21714 21781 21713 21785 
59411 21737 21736 21725 21716 
59412 21724 21717 21722 21716 
59413 21731 21720 21721 21786 
59414 21737 21726 21727 21716 
59415 21736 21724 21725 21716 
59416 21733 21732 21721 21786 
59417 21736 21727 21724 21716 
59418 21725 21716 21720 21726 
59419 815 14592 21774 816 
59420 21737 21727 21736 21716 
59421 21730 21719 21720 21786 
59422 21740 21728 21738 21727 
59423 21740 21738 21739 21727 
59424 21738 21727 21728 21718 
59425 21729 21722 21719 21786 
59426 21715 21783 21782 21785 
59427 21746 21787 21745 21788 
59428 21746 21733 21734 21788 
59429 21745 21732 21733 21788 
59430 21733 21732 21786 21788 
59431 21722 21719 21720 21716 
59432 21746 21734 21735 21788 
59433 21734 21722 21729 21786 
59434 21758 21748 21750 21789 
59435 21779 14592 21774 815 
59436 21736 21725 21724 21723 
59437 21732 21731 21786 21788 
59438 21727 21717 21724 21716 
59439 21748 21724 21727 21718 
59440 21748 21737 21739 21727 
59441 21750 21739 21748 21737 
59442 21772 21771 21760 21790 
59443 21722 21720 21719 21786 
59444 21741 21729 21730 21788 
59445 21748 21736 21737 21727 
59446 21748 21736 21727 21724 
59447 21757 21756 21787 21791 
59448 21737 21725 21726 21716 
59449 21746 21735 21787 21788 
59450 21734 21733 21786 21788 
59451 21743 21787 21741 21788 
59452 21734 21786 21729 21788 
59453 21743 21730 21731 21788 
59454 21732 21731 21721 21786 
59455 21776 21765 21766 21790 
59456 21777 21776 21790 21792 
59457 21728 21718 21727 21717 
59458 21757 21746 21747 21787 
59459 21747 21746 21735 21787 
59460 21731 21730 21786 21788 
59461 21730 21729 21786 21788 
59462 21728 21717 21727 21716 
59463 21744 21731 21732 21788 
59464 21746 21745 21733 21788 
59465 21741 21735 21729 21788 
59466 21741 21787 21735 21788 
59467 21748 21738 21739 21789 
59468 21770 21749 21758 21793 
59469 21725 21724 21723 21722 
59470 21745 21787 21744 21788 
59471 21740 21739 21738 21789 
59472 21749 21738 21748 21789 
59473 21758 21789 21752 21793 
59474 21727 21718 21724 21717 
59475 21747 21735 21742 21787 
59476 21765 21754 21755 21791 
59477 21743 21741 21730 21788 
59478 21747 21787 21742 21791 
59479 21755 21754 21787 21791 
59480 21712 21713 21780 21785 
59481 21756 21744 21745 21787 
59482 21764 21747 21742 21791 
59483 21748 21727 21738 21718 
59484 21745 21744 21732 21788 
59485 21767 21757 21764 21791 
59486 21754 21741 21743 21787 
59487 21758 21749 21748 21789 
59488 21750 21737 21748 21736 
59489 21742 21735 21741 21787 
59490 21757 21745 21746 21787 
59491 21783 21776 21777 21792 
59492 21755 21754 21743 21787 
59493 21714 21782 21781 21785 
59494 21766 21755 21756 21791 
59495 21753 21789 21751 21793 
59496 21768 21751 21749 21793 
59497 21751 21789 21749 21793 
59498 21758 21750 21752 21789 
59499 21748 21739 21738 21727 
59500 21752 21750 21739 21789 
59501 21755 21743 21744 21787 
59502 21756 21755 21787 21791 
59503 21768 21761 21751 21793 
59504 21770 21768 21749 21793 
59505 21751 21740 21738 21789 
59506 21763 21762 21761 21794 
59507 21773 21761 21768 21794 
59508 21779 21778 21770 21794 
59509 21773 21763 21761 21794 
59510 21762 21752 21753 21793 
59511 21753 21752 21789 21793 
59512 21766 21765 21755 21791 
59513 21762 21753 21761 21793 
59514 21761 21753 21751 21793 
59515 21762 21759 21752 21793 
59516 21778 21774 21769 21794 
59517 21767 21790 21766 21791 
59518 21765 21790 21760 21791 
59519 21753 21739 21740 21789 
59520 21777 21776 21766 21790 
59521 21777 21766 21767 21790 
59522 21764 21760 21790 21791 
59523 21744 21787 21743 21788 
59524 21767 21756 21757 21791 
59525 21767 21764 21790 21791 
59526 21753 21752 21739 21789 
59527 21757 21787 21747 21791 
59528 21776 21772 21765 21790 
59529 21756 21755 21744 21787 
59530 21764 21757 21747 21791 
59531 21760 21742 21754 21791 
59532 21750 21748 21739 21789 
59533 21775 21767 21764 21790 
59534 21771 21764 21760 21790 
59535 21744 21743 21731 21788 
59536 21767 21766 21756 21791 
59537 21765 21760 21754 21791 
59538 21762 21759 21793 21794 
59539 21772 21771 21790 21792 
59540 21773 21768 21769 21794 
59541 21779 21770 21759 21794 
59542 21770 21793 21759 21794 
59543 21778 21769 21768 21794 
59544 21774 21759 21762 21794 
59545 21770 21768 21793 21794 
59546 21774 21762 21763 21794 
59547 21757 21756 21745 21787 
59548 21779 21759 21774 21794 
59549 14592 21711 815 21779 
59550 21774 21773 21769 21794 
59551 21769 14592 21773 21774 
59552 816 21773 21774 21763 
59553 21779 21774 21778 21794 
59554 21778 14592 21774 21779 
59555 817 14592 21773 21769 
59556 21735 21734 21729 21788 
59557 21781 21775 21771 21792 
59558 21764 21742 21760 21791 
59559 21776 21772 21790 21792 
59560 21782 21781 21785 21792 
59561 21780 21771 21772 21792 
59562 21778 21769 14592 817 
59563 21774 21769 14592 21778 
59564 21751 21738 21749 21789 
59565 21777 21790 21775 21792 
59566 21781 21780 21785 21792 
59567 21775 21764 21771 21790 
59568 21782 21777 21775 21792 
59569 21766 21790 21765 21791 
59570 21775 21790 21771 21792 
59571 21777 21767 21775 21790 
59572 21783 21777 21782 21792 
59573 21781 21771 21780 21792 
59574 21715 21782 21714 21785 
59575 21712 1015 21715 21785 
59576 21759 21758 21752 21793 
59577 816 14592 21773 817 
59578 14592 21711 21779 21778 
59579 817 21711 14592 21778 
59580 21784 21780 21772 21792 
59581 21784 21783 21785 21792 
59582 21784 21772 21776 21792 
59583 21784 21776 21783 21792 
59584 21784 21785 21780 21792 
59585 1015 21783 21715 21785 
59586 21715 21714 21713 21785 
59587 21712 21715 21713 21785 
59588 21772 21760 21765 21790 
59589 21783 21782 21785 21792 
59590 21753 21740 21751 21789 
59591 21774 14592 21773 816 
59592 21754 21742 21787 21791 
59593 21768 21761 21793 21794 
59594 21762 21793 21761 21794 
59595 21778 21768 21770 21794 
59596 21725 21720 21723 21721 
59597 21733 21721 21723 21786 
59598 21731 21730 21720 21786 
59599 21774 21763 21773 21794 
59600 21734 21733 21723 21786 
59601 21782 21775 21781 21792 
59602 21712 21784 1015 21785 
59603 21723 21721 21720 21786 
59604 21758 21749 21789 21793 
59605 21734 21723 21722 21786 
59606 21754 21742 21741 21787 
59607 21722 21725 21716 21720 
59608 21770 21758 21759 21793 
59609 21722 21717 21719 21716 
59610 21808 21807 21870 21871 
59611 21808 21799 21800 21870 
59612 21811 21810 21870 21871 
59613 21867 21859 21866 21872 
59614 21869 21861 21862 21872 
59615 21867 21872 21866 21873 
59616 21866 21872 21865 21873 
59617 21862 21860 21872 21874 
59618 21851 21848 21874 21875 
59619 21859 21848 21857 21874 
59620 21834 21820 21821 21876 
59621 21836 21822 21823 21876 
59622 21836 21876 21824 21877 
59623 21857 21847 21849 21875 
59624 21857 21849 21874 21875 
59625 14688 824 21855 21878 
59626 21821 21820 21808 21871 
59627 21811 21870 21807 21871 
59628 21813 21806 21800 21879 
59629 21813 21800 21801 21879 
59630 21804 21803 21870 21879 
59631 21805 21804 21870 21879 
59632 21814 21801 21802 21879 
59633 21822 21821 21809 21871 
59634 21815 21802 21803 21879 
59635 21810 21809 21870 21871 
59636 21822 21809 21810 21871 
59637 21817 21816 21804 21879 
59638 21800 21870 21799 21879 
59639 21809 21808 21870 21871 
59640 21830 21818 21880 21881 
59641 21828 21815 21816 21881 
59642 21816 21815 21803 21879 
59643 21828 21827 21815 21881 
59644 21827 21814 21815 21881 
59645 21823 21822 21810 21871 
59646 21816 21803 21804 21879 
59647 21821 21808 21809 21871 
59648 21817 21805 21806 21879 
59649 21826 21819 21813 21881 
59650 21803 21799 21870 21879 
59651 21819 21818 21806 21881 
59652 21806 21805 21800 21879 
59653 21823 21811 21812 21871 
59654 21840 21880 21829 21882 
59655 21833 21832 21819 21880 
59656 21817 21816 21879 21881 
59657 21816 21815 21879 21881 
59658 21820 21807 21808 21871 
59659 21826 21880 21819 21881 
59660 21814 21813 21801 21879 
59661 21835 21821 21822 21876 
59662 21827 21880 21826 21881 
59663 21823 21871 21812 21876 
59664 21827 21826 21814 21881 
59665 21840 21826 21827 21880 
59666 21826 21813 21814 21881 
59667 21807 21803 21799 21870 
59668 21830 21816 21817 21881 
59669 21836 21823 21824 21876 
59670 21834 21825 21820 21876 
59671 21823 21822 21871 21876 
59672 21815 21814 21879 21881 
59673 21817 21804 21805 21879 
59674 21821 21820 21871 21876 
59675 21834 21825 21876 21877 
59676 21825 21824 21876 21877 
59677 21846 21834 21835 21877 
59678 21823 21810 21811 21871 
59679 21835 21834 21876 21877 
59680 21812 21811 21807 21871 
59681 21830 21880 21828 21881 
59682 21833 21819 21826 21880 
59683 21819 21880 21818 21881 
59684 21841 21829 21880 21882 
59685 21839 21838 21825 21877 
59686 21835 21834 21821 21876 
59687 21854 21840 21829 21882 
59688 21840 21827 21829 21880 
59689 21840 21833 21880 21882 
59690 21841 21829 21828 21880 
59691 21829 21827 21828 21880 
59692 21836 21835 21822 21876 
59693 21832 21818 21819 21880 
59694 21841 21828 21830 21880 
59695 21838 21837 21824 21877 
59696 21828 21880 21827 21881 
59697 21852 21833 21840 21882 
59698 21817 21879 21806 21881 
59699 21868 21872 21867 21873 
59700 21842 21841 21831 21882 
59701 21841 21830 21831 21880 
59702 21854 21829 21841 21882 
59703 21825 21824 21812 21876 
59704 21841 21880 21831 21882 
59705 21843 21831 21832 21882 
59706 21843 21842 21831 21882 
59707 21844 21843 21832 21882 
59708 21818 21817 21806 21881 
59709 21852 21845 21844 21843 
59710 21852 21845 21843 21842 
59711 21813 21806 21879 21881 
59712 21802 21801 21799 21879 
59713 21852 21843 21844 21882 
59714 21844 21832 21833 21882 
59715 21852 21844 21833 21882 
59716 21846 21839 21834 21877 
59717 21839 21825 21834 21877 
59718 21847 21837 21875 21877 
59719 21846 21875 21839 21877 
59720 21857 21846 21847 21875 
59721 21847 21835 21836 21877 
59722 21832 21831 21880 21882 
59723 21838 21824 21825 21877 
59724 21847 21846 21835 21877 
59725 21848 21839 21846 21875 
59726 21847 21836 21837 21877 
59727 21839 21875 21838 21877 
59728 21849 21847 21837 21875 
59729 21830 21817 21818 21881 
59730 21847 21875 21846 21877 
59731 21851 21839 21848 21875 
59732 21854 21841 21842 21882 
59733 21851 21850 21838 21875 
59734 21850 21874 21849 21875 
59735 21857 21848 21846 21875 
59736 21811 21810 21804 21870 
59737 21863 21845 21852 21842 
59738 825 21853 21864 21878 
59739 21863 21852 21854 21842 
59740 21856 21852 21845 21844 
59741 21854 21842 21852 21882 
59742 21855 21843 21845 21842 
59743 14688 21855 21845 21878 
59744 825 21856 21853 21878 
59745 21864 21853 21852 21845 
59746 21864 21845 21863 21878 
59747 21851 21838 21839 21875 
59748 21838 21875 21837 21877 
59749 21822 21821 21871 21876 
59750 21862 21861 21850 21874 
59751 21857 21874 21848 21875 
59752 21851 21874 21850 21875 
59753 21864 21854 21863 21852 
59754 21863 21855 21845 21842 
59755 21824 21823 21812 21876 
59756 826 825 21864 21878 
59757 14688 21845 21856 21878 
59758 21796 21866 21865 21873 
59759 21819 21806 21813 21881 
59760 21863 21845 21855 21878 
59761 21864 21852 21863 21845 
59762 21864 21853 21845 21878 
59763 826 21864 1016 21863 
59764 21854 21852 21840 21882 
59765 824 21863 21855 21878 
59766 21852 21842 21843 21882 
59767 826 21863 824 21878 
59768 21832 21831 21818 21880 
59769 21830 21828 21816 21881 
59770 21862 21850 21851 21874 
59771 21862 21851 21860 21874 
59772 21836 21835 21876 21877 
59773 21866 21858 21865 21872 
59774 21850 21837 21838 21875 
59775 21861 21872 21858 21874 
59776 21859 21857 21858 21874 
59777 21862 21872 21861 21874 
59778 21866 21859 21858 21872 
59779 21868 21860 21867 21872 
59780 21798 21797 21796 21873 
59781 21840 21833 21826 21880 
59782 21868 21862 21860 21872 
59783 21861 21849 21850 21874 
59784 21861 21858 21849 21874 
59785 21825 21812 21820 21876 
59786 21865 21858 21861 21872 
59787 21860 21851 21848 21874 
59788 21860 21859 21872 21874 
59789 21869 21865 21872 21873 
59790 21805 21870 21800 21879 
59791 1017 21868 21798 21873 
59792 826 14688 825 21878 
59793 21856 21845 21853 21878 
59794 826 824 14688 21878 
59795 826 825 1016 21864 
59796 21860 21848 21859 21874 
59797 21869 21865 21861 21872 
59798 21808 21807 21799 21870 
59799 21837 21836 21824 21877 
59800 21859 21858 21872 21874 
59801 21795 21865 21869 21873 
59802 21798 21868 21867 21873 
59803 1017 21798 21796 21873 
59804 21795 1017 21796 21873 
59805 21869 21872 21868 21873 
59806 21797 21867 21866 21873 
59807 1017 21869 21868 21873 
59808 21798 21867 21797 21873 
59809 21820 21812 21871 21876 
59810 21833 21832 21880 21882 
59811 826 1016 824 21863 
59812 21797 21866 21796 21873 
59813 826 21864 21863 21878 
59814 21831 21830 21818 21880 
59815 21856 21852 21853 21845 
59816 21809 21808 21800 21870 
59817 21814 21813 21879 21881 
59818 21869 21862 21868 21872 
59819 21810 21809 21805 21870 
59820 21858 21857 21849 21874 
59821 21850 21849 21837 21875 
59822 21867 21860 21859 21872 
59823 21795 21796 21865 21873 
59824 21811 21804 21803 21870 
59825 21811 21803 21807 21870 
59826 21809 21800 21805 21870 
59827 21795 21869 1017 21873 
59828 21815 21814 21802 21879 
59829 21820 21812 21807 21871 
59830 21810 21805 21804 21870 
59831 21801 21800 21799 21879 
59832 21803 21802 21799 21879 
59833 14688 21856 825 21878 
59834 21908 21896 21907 21895 
59835 21904 21889 21890 21964 
59836 21899 21891 21964 21965 
59837 823 21883 14687 21957 
59838 21912 21911 21898 21966 
59839 21907 21906 21896 21966 
59840 21912 21898 21906 21966 
59841 21899 21891 21894 21964 
59842 21898 21896 21892 21906 
59843 21900 21899 21964 21965 
59844 21895 21896 21893 21889 
59845 21894 21890 21889 21964 
59846 21889 21896 21892 21888 
59847 21901 21900 21964 21965 
59848 21903 21902 21888 21964 
59849 21907 21896 21893 21895 
59850 21908 21907 21896 21966 
59851 21903 21902 21964 21965 
59852 21898 21896 21897 21888 
59853 21908 21895 21907 21894 
59854 21921 21912 21906 21966 
59855 21917 21916 21903 21965 
59856 21914 21913 21900 21965 
59857 21910 21896 21897 21966 
59858 21910 21909 21896 21966 
59859 21917 21904 21905 21965 
59860 21916 21915 21902 21965 
59861 21905 21891 21899 21965 
59862 21919 21905 21913 21967 
59863 21900 21899 21893 21964 
59864 21922 21921 21907 21966 
59865 21902 21901 21964 21965 
59866 21913 21905 21899 21965 
59867 21922 21908 21909 21966 
59868 21922 21907 21908 21966 
59869 21905 21904 21891 21965 
59870 21916 21915 21965 21967 
59871 21922 21909 21910 21966 
59872 21909 21908 21896 21966 
59873 21912 21910 21911 21966 
59874 21923 21910 21922 21909 
59875 21926 21912 21923 21910 
59876 21899 21894 21893 21964 
59877 21914 21913 21965 21967 
59878 21915 21914 21965 21967 
59879 21902 21901 21888 21964 
59880 21957 21945 21946 21935 
59881 21946 21937 21936 21968 
59882 21886 21960 21885 21969 
59883 21926 21924 21923 21968 
59884 21937 21927 21936 21968 
59885 21927 21923 21925 21968 
59886 21946 21945 21924 21968 
59887 21925 21912 21923 21927 
59888 21921 21912 21923 21925 
59889 21935 21925 21934 21968 
59890 21931 21916 21917 21967 
59891 21936 21927 21925 21968 
59892 21914 21900 21901 21965 
59893 21928 21913 21914 21967 
59894 21928 21919 21913 21967 
59895 21930 21929 21967 21970 
59896 21931 21930 21916 21967 
59897 21904 21903 21964 21965 
59898 21898 21897 21896 21966 
59899 21928 21919 21967 21970 
59900 21906 21898 21896 21966 
59901 21894 21891 21890 21964 
59902 21930 21929 21915 21967 
59903 21927 21912 21923 21926 
59904 21931 21967 21918 21970 
59905 21917 21916 21965 21967 
59906 21889 21896 21893 21892 
59907 21926 21911 21912 21910 
59908 21930 21915 21916 21967 
59909 21931 21917 21918 21967 
59910 21931 21930 21967 21970 
59911 21962 21961 21969 21971 
59912 21933 21919 21928 21970 
59913 21919 21918 21967 21970 
59914 21929 21914 21915 21967 
59915 21904 21964 21891 21965 
59916 21932 21918 21920 21970 
59917 21921 21910 21912 21966 
59918 21920 21918 21919 21970 
59919 21915 21901 21902 21965 
59920 21924 21910 21923 21909 
59921 21941 21940 21930 21970 
59922 21940 21939 21929 21970 
59923 21941 21930 21931 21970 
59924 21929 21928 21914 21967 
59925 21927 21912 21926 21911 
59926 822 21948 823 21972 
59927 21903 21888 21889 21964 
59928 21927 21926 21923 21968 
59929 21923 21921 21922 21910 
59930 21919 21918 21905 21967 
59931 21936 21925 21935 21968 
59932 21918 21917 21905 21967 
59933 21934 21923 21925 21921 
59934 21934 21922 21923 21921 
59935 21957 21946 21938 21935 
59936 21934 21925 21923 21968 
59937 21910 21912 21923 21921 
59938 21917 21965 21905 21967 
59939 21911 21910 21897 21966 
59940 21913 21905 21965 21967 
59941 21939 21933 21928 21970 
59942 21945 21934 21923 21968 
59943 21911 21897 21898 21966 
59944 21906 21896 21893 21907 
59945 21945 21923 21924 21968 
59946 21946 21924 21926 21968 
59947 21946 21936 21935 21968 
59948 21946 21937 21938 21936 
59949 21916 21902 21903 21965 
59950 21940 21929 21930 21970 
59951 21945 21935 21934 21968 
59952 21946 21926 21937 21968 
59953 21943 21932 21942 21973 
59954 21950 21939 21940 21973 
59955 21940 21939 21970 21973 
59956 21942 21932 21920 21973 
59957 21943 21973 21942 21974 
59958 21932 21931 21918 21970 
59959 21951 21940 21941 21973 
59960 21944 21942 21933 21973 
59961 21950 21944 21939 21973 
59962 21939 21933 21970 21973 
59963 21937 21926 21927 21968 
59964 21941 21940 21970 21973 
59965 21942 21920 21933 21973 
59966 21944 21942 21973 21974 
59967 21948 21938 21936 21935 
59968 822 21938 21948 21972 
59969 21933 21920 21970 21973 
59970 21941 21970 21932 21973 
59971 21929 21928 21967 21970 
59972 21952 21942 21944 21974 
59973 21944 21933 21939 21973 
59974 21933 21920 21919 21970 
59975 822 14687 821 21972 
59976 21921 21906 21907 21966 
59977 21915 21914 21901 21965 
59978 21888 21896 21892 21898 
59979 21932 21970 21920 21973 
59980 14687 21958 821 21972 
59981 822 821 21949 21972 
59982 21946 21936 21938 21935 
59983 21949 21947 21946 21938 
59984 21893 21889 21892 21964 
59985 21957 21938 21948 21935 
59986 21958 21957 21946 21938 
59987 821 21947 21949 21972 
59988 21922 21910 21921 21966 
59989 21926 21923 21924 21910 
59990 21951 21973 21943 21974 
59991 21953 21943 21942 21974 
59992 21955 21944 21950 21974 
59993 21951 21941 21943 21973 
59994 21951 21950 21940 21973 
59995 21954 21951 21943 21974 
59996 823 21948 21957 21972 
59997 21957 21948 21938 21972 
59998 21958 21938 21947 21972 
59999 21958 21946 21947 21938 
60000 14687 21957 21958 21972 
60001 823 21957 14687 21972 
60002 821 21958 21947 21972 
60003 21951 21950 21973 21974 
60004 21958 21946 21957 21945 
60005 21960 21953 21952 21971 
60006 21959 21952 21955 21971 
60007 21963 21955 21956 21971 
60008 21961 21954 21953 21971 
60009 21954 21943 21953 21974 
60010 21960 21952 21959 21971 
60011 21956 21971 21955 21974 
60012 21956 21950 21951 21974 
60013 21962 21956 21954 21971 
60014 21954 21953 21971 21974 
60015 21953 21952 21971 21974 
60016 21956 21955 21950 21974 
60017 21962 21954 21961 21971 
60018 21956 21954 21971 21974 
60019 21963 21959 21955 21971 
60020 21963 21962 21969 21971 
60021 21963 21956 21962 21971 
60022 21956 21951 21954 21974 
60023 14687 21883 821 21958 
60024 822 21949 21938 21972 
60025 14687 21883 21958 21957 
60026 21886 21961 21960 21969 
60027 1018 21963 21962 21969 
60028 21885 21960 21959 21969 
60029 21955 21971 21952 21974 
60030 21884 21886 21885 21969 
60031 21884 1018 21887 21969 
60032 21961 21953 21960 21971 
60033 21961 21960 21969 21971 
60034 21887 21961 21886 21969 
60035 21884 21885 21959 21969 
60036 21884 21887 21886 21969 
60037 21884 21963 1018 21969 
60038 1018 21962 21887 21969 
60039 21953 21942 21952 21974 
60040 21963 21969 21959 21971 
60041 21960 21959 21969 21971 
60042 21955 21952 21944 21974 
60043 21884 21959 21963 21969 
60044 21949 21947 21938 21972 
60045 822 823 14687 21972 
60046 21943 21941 21932 21973 
60047 21941 21931 21932 21970 
60048 21907 21894 21895 21893 
60049 21895 21894 21890 21889 
60050 21892 21896 21893 21906 
60051 21900 21893 21892 21964 
60052 21939 21928 21929 21970 
60053 21894 21889 21893 21964 
60054 21946 21935 21945 21968 
60055 21901 21892 21888 21964 
60056 21892 21889 21888 21964 
60057 21904 21903 21889 21964 
60058 21901 21900 21892 21964 
60059 21913 21899 21900 21965 
60060 21904 21890 21891 21964 
60061 21895 21893 21894 21889 
60062 21958 21957 21938 21972 
60063 21950 21944 21973 21974 
60064 21917 21903 21904 21965 
60065 21887 21962 21961 21969 
60066 21949 21938 21946 21937 
$EndElements
