$MeshFormat
4.1 0 8
$EndMeshFormat
$Entities
0 0 0 1
1 0 0 0 0 0 0 0 0 
$EndEntities
$PartitionedEntities
512
0
22 121 684 600
1 3 1 4 33 34 36 37 4.220618 -1.630958 19.0059 0 
2 3 1 4 33 34 45 46 1.418081 -3.451787 32 0 
3 3 1 4 33 34 35 36 4.670787 -1.227024 24.77033 0 
4 3 1 4 218 220 221 222 -2.180983 -3.895988 124.1195 0 
5 3 1 4 33 45 47 48 -1.457804 -3.493563 32 0 
6 3 1 4 33 34 36 37 0.1647763 -2.167798 17.97604 0 
7 3 1 4 497 498 499 500 -2.499413 1.516485 105.6725 0 
8 3 1 5 177 178 179 183 184 -4.7594 2.114698 55.85108 0 
9 3 1 4 177 178 179 180 -6.296021 -0.5027376 50.91992 0 
10 3 1 4 33 34 35 45 2.08534 -3.097574 27.00009 0 
11 3 1 4 36 37 38 40 -1.915113 4.125401 13.43113 0 
12 3 1 4 33 35 36 45 -4.909599 0.5949783 23.15079 0 
13 3 1 4 42 43 51 52 3.392545 -2.247729 52.36115 0 
14 3 1 4 185 186 187 188 -4.87905 -4.059564 77.55714999999999 0 
15 3 1 4 34 35 36 46 7.25548 3.370166 29.32718 0 
16 3 1 4 53 54 55 56 5.024931 -2.783987 77.55714999999999 0 
17 3 1 4 37 38 39 40 -1.952376 -1.004837 5.388638 0 
18 3 1 4 33 36 37 38 -4.265213 1.68594 15.40162 0 
19 3 1 4 34 35 36 45 3.033724 1.244198 27.86319 0 
20 3 1 4 34 35 45 46 3.471245 0.1781629 30.17456 0 
21 3 1 4 33 34 37 38 -2.983556 -3.796226 15.75912 0 
22 3 1 4 41 42 51 52 5.380064 0.08976115 56.54329 0 
1 3 1 3 209 210 217 -4.267774 -5.289259 124.3357 -3.874868 -4.98407 124.3357 0 0 
2 3 1 3 77 78 123 3.387261 -1.925308 116.3357 3.810826 -1.305331 116.3357 0 0 
3 3 1 3 41 42 52 5.380064 0.08976114999999996 54.88824 8.970601 3.215584 56.54329 0 1 -22 
4 3 1 3 314 315 316 1.908323 1.080717 123.2981 2.62716 1.775892 123.4824 0 0 
5 3 1 3 15 16 21 5.751017 -4.481129 112.9119 7.102141 -3.914061 113.3191 0 0 
6 3 1 3 113 114 116 3.371719 -5.289259 124.3357 3.475663 -4.678882 124.3357 0 0 
7 3 1 3 65 67 68 3.725809 -4.47907 105.2947 4.330002 -3.403235 106.2564 0 0 
8 3 1 3 338 343 344 5.514768 1.196825 115.5501 6.014353 1.940389 116.3357 0 0 
9 3 1 3 26 27 28 6.10276 -4.430664 123.8213 6.512215 -3.518336 124.0526 0 0 
10 3 1 3 37 39 40 -1.952376 -1.004837 5.388638 2.428449 7.622508 10.2925 0 1 17 
11 3 1 3 322 326 328 5.912388 4.678882 123.8407 6.537068 5.440963 124.3357 0 0 
12 3 1 3 129 141 144 -8.411718 -5.289259 124.3357 -8.307774 -4.678882 124.3357 0 0 
13 3 1 3 169 170 171 -6.7754 -3.091339 105.6833 -6.560223 -1.292226 106.2564 0 0 
14 3 1 3 73 74 75 2.994802 -2.327191 105.0061 3.182237 -0.6741089 106.2564 0 0 
15 3 1 3 33 36 38 -7.796547 -1.792724 14.83747 -4.265213 1.68594 16.75178 0 1 18 
16 3 1 3 225 227 228 -3.078018 -2.322842 105.9855 -2.960387 -1.917368 106.2564 0 0 
17 3 1 3 33 37 38 -4.265213 -3.796226 15.40162 -2.983556 1.68594 15.75912 0 2 21 -18 
18 3 1 3 49 53 56 1.915279 -3.206192 71.3523 7.599112 -1.261265 73.48323000000001 0 0 
19 3 1 3 274 275 279 2.064801 3.97407 123.8321 2.265294 4.430721 124.3357 0 0 
20 3 1 3 185 187 188 -4.87905 -4.059564 75.48266 -3.233601 -0.6311184000000001 77.55714999999999 0 1 14 
21 3 1 3 481 482 483 -2.271593 0.9715245 123.8226 -2.066729 1.42903 124.3357 0 0 
22 3 1 3 465 466 467 -7.908562 1.431158 124.3357 -7.515663 1.734219 124.3357 0 0 
23 3 1 3 218 220 221 -2.767972 -3.995787 123.3113 -2.180983 -3.895988 124.1195 0 1 4 
24 3 1 3 151 152 170 -7.132186 -3.193757 101.6931 -5.897899 -1.590497 102.6394 0 0 
25 3 1 3 386 391 402 -8.629030999999999 4.13933 108.0126 -7.686159 5.240046 108.573 0 0 
26 3 1 3 41 42 51 0.3002501999999998 0.08976114999999996 55.14028 5.380064 1.567143 57.39842 0 1 22 
27 3 1 3 42 43 44 0.1393391999999998 0.9426410000000001 45.58105 5.973479 4.961656 47.63001 0 0 
28 3 1 3 291 292 295 5.584313 -2.487356 114.8331 6.87747 -1.935436 115.5806 0 0 
29 3 1 3 397 399 400 -7.033854 4.567325 115.2037 -5.58304 4.801173 115.5885 0 0 
30 3 1 3 53 55 56 5.024931 -2.783987 75.50244000000001 8.091564 -2.171916 77.55714999999999 0 1 16 
31 3 1 3 145 146 148 -8.311795999999999 -5.020913 105.2463 -7.331747 -4.69698 106.2564 0 0 
32 3 1 3 65 66 67 3.085643 -4.588825 106.2564 3.144259 -4.161637 106.2564 0 0 
33 3 1 3 53 54 56 4.325322 -4.763589 77.10527999999999 5.08975 -2.783987 77.55714999999999 0 1 -16 
34 3 1 3 309 310 311 1.953248 1.350861 102.7857 4.130322 2.614685 104.2541 0 0 
35 3 1 3 50 51 52 4.641244 -5.431372 57.39842 7.354929 -0.09653010999999978 59.27183 0 0 
36 3 1 3 33 34 37 -2.983556 -3.796226 15.75912 0.1647763 -2.167798 17.97604 0 2 21 -6 
37 3 1 3 5 7 12 7.3476 -5.037399 111.7016 8.683536 -4.470664 111.9468 0 0 
38 3 1 3 373 375 376 6.272169 3.482825 105.4419 6.707484 5.672937 106.2564 0 0 
39 3 1 3 417 418 419 -4.243054 4.019141 105.3129 -3.176288 4.246809 106.2564 0 0 
40 3 1 3 42 43 51 0.1263456000000001 -2.247729 50.51818 3.392545 -0.8716346 52.36115 0 1 13 
41 3 1 3 353 354 356 4.297922 3.20655 76.72747 5.070081 4.785286 77.55714999999999 0 0 
42 3 1 3 177 179 180 -10.1106 -0.5027376 48.46753 -6.296021 -0.2598286 50.91992 0 1 9 
43 3 1 3 47 48 180 -7.67682 -5.022565999999999 37.90855 -4.675051 4.45895 41.03651 0 0 
44 3 1 3 34 35 45 3.033724 0.1781629 27.86319 3.471245 1.244198 30.17456 0 2 19 -20 
45 3 1 3 17 20 23 6.421887 -5.439863 123.6371 6.514 -4.524677 123.8307 0 0 
46 3 1 3 451 462 464 -6.305285 1.123841 124.3357 -5.912388 1.43142 124.3357 0 0 
47 3 1 3 36 37 38 -4.265213 1.68594 13.43113 -1.915113 4.125401 15.40162 0 2 18 -11 
48 3 1 3 183 184 462 -6.695842 1.495023 62.28579 -2.416124 5.945328 64.79651 0 0 
49 3 1 3 58 59 60 7.025808 -2.27366 106.2564 7.102144 -1.93403 106.2564 0 0 
50 3 1 3 354 356 358 4.135367 0.9531745000000003 72.99173 7.326522 6.234402 75.05576000000001 0 0 
51 3 1 3 34 35 46 3.471245 0.1781629 29.32718 7.25548 3.370166 30.17456 0 2 20 -15 
52 3 1 3 178 183 184 -4.7594 2.114698 55.85108 -1.915279 3.20655 57.39842 0 1 -8 
53 3 1 3 48 179 180 -2.719206 -2.665412 42.38067 -0.8129327 4.375094 43.69371 0 0 
54 3 1 3 35 36 45 -6.634751 0.5949783 23.15079 -4.143003 4.469909 26.24233 0 1 12 
55 3 1 3 33 34 38 -3.134077 -7.360541 15.72001 -2.983556 -3.796226 15.75912 0 1 -21 
56 3 1 3 34 37 38 -2.983556 -7.987281 13.2116 0.4509424 -3.796226 16.19927 0 1 -21 
57 3 1 3 41 51 52 4.663694 0.06051098 56.54329 5.380064 0.08976115 57.39842 0 1 22 
58 3 1 3 43 51 52 3.392545 -4.993093 52.3273 5.773773 -2.247729 52.36115 0 1 -13 
59 3 1 3 42 51 52 3.392545 -2.247729 52.36115 5.380064 0.08976114999999996 56.54329 0 2 13 -22 
60 3 1 3 218 221 222 -2.180983 -4.155886 123.8306 -1.802672 -3.895988 124.1195 0 1 4 
61 3 1 4 218 220 221 222 -2.271593 -3.97407 124.1195 -2.180983 -3.895988 124.3357 0 1 -4 
62 3 1 3 33 35 45 -4.909599 -3.097574 23.15079 2.08534 0.5949783 28.84539 0 2 12 -10 
63 3 1 3 497 499 500 -2.499413 0.8976922000000001 105.2142 -2.353558 1.516485 105.6725 0 1 7 
64 3 1 3 33 45 47 -7.306609 -3.934896 28.91763 -1.457804 -3.25783 32 0 1 -5 
65 3 1 3 177 178 180 -8.999705000000001 -4.790756 50.91992 -6.296021 -0.5027376000000001 52.68494 0 1 -9 
66 3 1 3 36 37 40 -1.915113 4.125401 12.57912 0.005995945000000003 7.999998 13.43113 0 1 11 
67 3 1 3 385 386 387 -7.843051 3.794729 104.7593 -6.710486 5.503842 106.2564 0 0 
68 3 1 3 33 34 45 -0.0591462599999999 -4.034957 27.00009 2.08534 -3.097574 32 0 2 10 -2 
69 3 1 3 193 194 195 -2.807068 -5.062032 105.6688 -2.501782 -3.813565 106.2564 0 0 
70 3 1 3 338 343 344 6.014353 1.192381 115.5492 6.591141 1.196825 115.5501 0 0 
71 3 1 3 177 181 182 -7.540621 -1.18808 59.0574 -4.504325 -0.08625242 59.28165 0 0 
72 3 1 3 35 45 46 1.392985 0.1781629 30.17456 3.471245 3.424894 32 0 1 20 
73 3 1 3 456 473 475 -7.068283 1.165002 105.8025 -6.112084 1.704675 106.2564 0 0 
74 3 1 3 498 499 500 -3.351735 1.516485 105.4512 -2.499413 3.184967 105.9735 0 1 -7 
75 3 1 3 54 63 69 1.408297 -5.039588 81.85872000000001 3.870065 -3.795945 83.14149 0 0 
76 3 1 3 177 178 183 -4.7594 1.156544 55.85108 -2.665861 2.114698 57.39842 0 1 8 
77 3 1 4 33 34 36 37 0.1647762999999998 -2.167798 17.97604 4.220618 -1.630958 19.0059 0 2 6 -1 
78 3 1 3 177 178 182 -5.563269 -4.912237 55.63218 -3.749541 -0.3286479 57.39842 0 0 
79 3 1 3 225 226 228 -3.434697 -2.769701 105.5879 -2.82787 -1.27148 106.2564 0 0 
80 3 1 3 308 309 311 1.852195 1.245915 105.3328 2.911237 2.413508 106.2564 0 0 
81 3 1 3 45 47 48 -5.019461 -3.493563 32 -1.457804 4.784694 32 0 1 5 
82 3 1 3 185 186 188 -7.604875 -4.059564 76.00382999999999 -4.522358 -1.268722 77.55714999999999 0 1 -14 
83 3 1 3 34 35 45 2.08534 -3.097574 27.00009 3.033724 1.244198 27.86319 0 2 10 -19 
84 3 1 3 185 186 191 -8.444181 -4.202587 78.4325 -5.375748 -1.716525 79.31207999999999 0 0 
85 3 1 3 178 179 180 -6.296021 -2.610579 46.88256 -0.4121201999999999 -0.5027376000000001 50.91992 0 1 -9 
86 3 1 3 309 311 312 3.180731 2.324539 105.4547 4.091326 2.671906 106.2564 0 0 
87 3 1 3 57 58 59 7.115262 -2.917773 105.2681 7.89726 -0.6744083000000001 105.8452 0 0 
88 3 1 3 498 499 503 -3.693571 1.632089 106.2564 -3.137694 2.412996 106.2564 0 0 
89 3 1 3 324 333 336 7.914879 1.123841 124.3357 8.307774 1.431584 124.3357 0 0 
90 3 1 3 265 267 268 1.902307 3.406144 105.2482 2.409604 4.006096 105.2954 0 0 
91 3 1 3 33 34 35 2.08534 -3.097574 24.77033 4.670787 -1.227024 27.00009 0 2 3 -10 
92 3 1 3 33 35 36 -4.909599 -1.227024 20.63351 4.670787000000001 2.386127 24.77033 0 2 3 -12 
93 3 1 3 33 36 45 -7.847324 0.5949783 23.15079 -4.909599 1.555475 25.98486 0 1 -12 
94 3 1 3 42 43 52 3.392545 -2.247729 49.28771 9.967290999999999 0.3138176 52.36115 0 1 -13 
95 3 1 3 458 459 460 -5.054364 2.359064 77.55714999999999 -4.881646 2.956312 77.55714999999999 0 0 
96 3 1 3 37 38 40 -1.952376 -1.004837 5.388638 -1.701941 4.125401 13.43113 0 2 11 -17 
97 3 1 3 145 146 147 -6.822689 -5.248098 106.2564 -6.112084 -5.083646 106.2564 0 0 
98 3 1 3 177 178 179 -6.296021 -0.5027376000000001 50.91992 -4.736057 2.114698 55.85108 0 2 9 -8 
99 3 1 3 177 183 184 -8.166192000000001 2.114698 55.85108 -4.7594 4.913056 57.39842 0 1 8 
100 3 1 3 34 45 46 1.418081 -3.451787 30.17456 3.471245 0.1781629 32 0 2 2 -20 
101 3 1 3 354 355 356 5.29288 1.556241 77.55714999999999 5.980268 2.371217 77.55714999999999 0 0 
102 3 1 3 129 134 144 -7.908562 -4.982018 124.3357 -7.515663 -4.678882 124.3357 0 0 
103 3 1 3 473 475 476 -7.259694 0.8992813 104.905 -6.391265 3.185449 105.4549 0 0 
104 3 1 3 11 13 14 7.180446 -4.170524 105.8384 8.108078000000001 -3.710043 106.2564 0 0 
105 3 1 3 34 35 36 3.033724 1.244198 27.86319 7.25548 3.370166 29.32718 0 2 15 -19 
106 3 1 3 38 39 40 -2.457411 -7.613221 2.647924 -1.228962 -1.004837 5.388638 0 1 -17 
107 3 1 3 37 38 39 -1.952376 -5.628748 5.388638 5.684821 -1.004837 6.843602 0 1 17 
108 3 1 3 34 44 46 6.336884 -4.883021 32 8 0 32 0 0 
109 3 1 3 33 34 36 4.220618 -1.630958 19.0059 4.670787 -1.227024 24.77033 0 2 1 -3 
110 3 1 3 36 38 40 -4.233731 4.125401 12.32789 -1.915113 6.787895 13.43113 0 1 -11 
111 3 1 3 458 460 461 -7.604875 0.5209411999999998 75.01322 -6.083788 5.144378 77.55714999999999 0 0 
112 3 1 3 178 179 184 -4.7594 2.114698 54.02651 -1.191722 3.193934 55.85108 0 1 8 
113 3 1 3 345 346 347 6.733205 0.7317964 105.2635 8.309530000000001 2.535085 106.2564 0 0 
114 3 1 3 177 179 184 -5.241291 2.114698 54.75383 -4.7594 5.037415 55.85108 0 1 -8 
115 3 1 3 186 187 188 -4.87905 -4.891432 77.55714999999999 -4.147658 -4.059564 77.55714999999999 0 1 14 
116 3 1 3 34 35 36 3.033724 -1.227024 24.77033 4.670787 1.244198 27.86319 0 2 19 -3 
117 3 1 3 33 36 37 -4.265213 -2.167798 15.40162 0.1647763000000002 1.68594 17.97604 0 2 6 -18 
118 3 1 3 394 395 398 -6.513568 4.52725 123.83 -6.105182 5.440057 124.0782 0 0 
119 3 1 3 34 36 37 4.220618 -1.630958 19.0059 7.938651 0.9888513999999999 22.5707 0 1 -1 
120 3 1 3 497 498 499 -2.782609 1.329386 105.6725 -2.499413 1.516485 106.2564 0 1 7 
121 3 1 3 497 498 500 -2.499413 1.430746 105.3075 -1.915046 1.516485 105.6725 0 1 -7 
1 3 1 2 510 511 -4.326514 0.9301865 120.1889 -3.400718 1.928826 120.64 0 0 
2 3 1 2 509 512 -4.371718 1.123841 124.3357 -3.874868 1.734219 124.3357 0 0 
3 3 1 2 509 510 -4.338682 0.9290484 123.2971 -3.371762 1.888281 123.8345 0 0 
4 3 1 2 508 511 -4.464769 1.129476 128.7264 -3.874934 1.721855 128.8671 0 0 
5 3 1 2 506 507 -5.069004 1.207536 89.49672 -1.070501 5.205898 92.01921 0 0 
6 3 1 2 505 508 -4.31157 0.692577 96.29743000000001 -1.81791 3.109187 97.84632999999999 0 0 
7 3 1 2 505 506 -4.256541 0.8066967 94.21732 -1.827842 3.182262 94.98459 0 0 
8 3 1 2 505 506 -4.290836 3.336816 91.91433000000001 -1.81016 5.089531 93.55714999999999 0 0 
9 3 1 2 503 504 -4.662556 1.207022 108.5682 -3.085281 2.70524 109.2443 0 0 
10 3 1 2 502 511 -4.356176 1.140329 116.3357 -3.371719 1.925329 116.3357 0 0 
11 3 1 2 501 502 -4.605844 1.187657 114.8173 -3.078641 2.726838 115.938 0 0 
12 3 1 2 501 504 -4.663786 1.242356 111.432 -3.088828 2.64294 112.2189 0 0 
13 3 1 2 500 508 -4.29024 0.6993219000000002 100.4101 -1.831513 3.112617 101.5256 0 0 
14 3 1 2 499 503 -4.329365 1.165002 106.2564 -3.137694 2.703058 106.2564 0 1 88 
15 3 1 2 499 500 -4.329518 0.6742918 103.1653 -2.353558 3.184967 105.9735 0 2 63 74 
16 3 1 2 498 503 -3.693571 1.632089 106.2564 -3.089826 2.412996 106.6238 0 1 -88 
17 3 1 2 498 499 -3.693571 1.329386 105.4512 -2.499413 3.19388 106.2564 0 3 74 88 120 
18 3 1 2 498 500 -3.351735 1.430746 104.5587 -1.821933 3.184967 105.9735 0 2 -74 121 
19 3 1 2 497 504 -3.061873 1.164603 107.6627 -1.478103 2.727694 108.3542 0 0 
20 3 1 2 497 498 -3.053931 1.329386 105.3075 -1.81016 2.703058 106.6021 0 2 120 121 
21 3 1 2 497 499 -2.782609 0.8976922000000001 105.2142 -2.072084 1.516485 106.2564 0 2 63 -120 
22 3 1 2 496 502 -4.337101 1.950301 118.3311 -3.384763 2.868625 119.2727 0 0 
23 3 1 2 494 495 -2.766789 1.93903 119.0323 -1.794081 2.906238 120.1263 0 0 
24 3 1 2 493 496 -2.264814 2.125226 128.5688 -1.635333 2.753739 128.5688 0 0 
25 3 1 2 493 495 -2.768434 2.133841 124.3357 -2.271593 2.744219 124.3357 0 0 
26 3 1 2 493 494 -2.746608 1.953213 122.59 -1.796803 2.939006 123.3232 0 0 
28 3 1 2 491 496 -4.348541 1.979113 122.2146 -3.381087 2.89505 122.8411 0 0 
29 3 1 2 490 492 -8.369358 3.27302 97.31648 -5.860011 5.662919 99.47481000000001 0 0 
31 3 1 2 487 488 -2.887014 1.129941 127.4002 -2.302195 1.742241 127.9608 0 0 
32 3 1 2 486 488 -2.756098 0.9398432 117.6115 -1.79121 1.910433 117.8919 0 0 
33 3 1 2 486 495 -2.702963 1.93908 116.6091 -1.769696 2.882733 117.0557 0 0 
34 3 1 2 346 347 5.889719 0.7317964000000001 105.2635 8.309530000000001 3.168807 106.2564 0 1 113 
35 3 1 2 307 308 1.552122 1.146987 107.0156 3.034974 2.719172 107.9983 0 0 
36 3 1 2 340 352 6.328388 1.114104 126.817 6.93281 1.709774 127.2665 0 0 
37 3 1 2 300 304 3.38575 0.9399237 117.6051 4.346716 1.911698 117.923 0 0 
38 3 1 2 485 504 -3.062144 1.180399 110.3859 -1.475332 2.724949 111.5147 0 0 
39 3 1 2 38 40 -7.857197 -7.613221 2.647924 -1.228962 6.787895 13.43113 0 3 96 -106 110 
40 3 1 2 419 423 -4.665416 3.686188 108.8522 -3.142721 5.24954 109.7206 0 0 
41 3 1 2 485 486 -2.997834 1.188443 115.4697 -1.539599 2.673874 115.5973 0 0 
42 3 1 2 442 444 -2.227647 3.667971 125.0884 -1.635513 4.27569 125.3097 0 0 
43 3 1 2 75 76 1.810858 -2.703058 106.2564 3.052309 -1.165002 106.9017 0 0 
44 3 1 2 483 484 -2.261337 1.133709 127.457 -1.637301 1.709358 127.8285 0 0 
45 3 1 2 441 442 -2.260321 3.693684 126.7674 -1.65712 4.250994 127.2201 0 0 
46 3 1 2 482 483 -2.271593 0.9290344 123.8226 -2.066729 1.42903 124.3357 0 1 21 
47 3 1 2 482 488 -2.739166 1.058794 118.403 -1.817495 1.928569 119.1439 0 0 
48 3 1 2 11 14 7.180446 -4.170524 105.8384 8.108078000000001 -3.710043 106.2564 0 1 -104 
50 3 1 2 481 483 -2.271593 0.9715245 123.8128 -1.801207 1.929024 124.3357 0 1 -21 
51 3 1 2 59 60 5.850797 -2.703058 106.2564 7.102144 -1.165002 106.811 0 1 49 
53 3 1 2 173 174 -7.039553 -2.673361 115.5835 -5.579585 -1.192342 115.5955 0 0 
54 3 1 2 369 370 5.808444 3.51657 123.3002 6.80843 4.474061 123.8294 0 0 
55 3 1 2 66 72 1.47583 -5.232571 108.6183 3.06198 -3.716323 109.8192 0 0 
56 3 1 2 480 489 -8.330836 1.20655 91.90772 -5.110081 3.20655 93.55714999999999 0 0 
57 3 1 2 411 416 -7.878803 4.713895 125.6793 -7.280119 5.283005 126.2064 0 0 
58 3 1 2 478 479 -8.649874000000001 1.140449 114.0144 -7.118373 2.72769 114.8031 0 0 
59 3 1 2 217 218 -4.501159 -5.286142 127.6505 -3.8756 -4.701445 128.1425 0 0 
60 3 1 2 477 478 -8.639179 1.191911 115.1739 -7.118018 2.675247 116.3357 0 0 
61 3 1 2 179 184 -5.241291 2.114698 54.02651 -1.191722 5.037415 55.85108 0 2 112 114 
62 3 1 2 476 480 -8.336821 0.7350908 99.26092 -5.997457 3.174151 100.3062 0 0 
63 3 1 2 55 56 5.024931 -5.144378 75.50244000000001 8.264882999999999 -2.171916 77.55714999999999 0 1 30 
64 3 1 2 475 476 -7.259694 0.8992813 104.6137 -5.85031 3.185449 105.4694 0 1 103 
65 3 1 2 331 349 7.118022 1.140369 114.7776 8.705088999999999 2.727727 116.3357 0 0 
66 3 1 2 474 480 -8.644584 1.17333 107.8144 -7.16747 2.646542 108.9662 0 0 
67 3 1 2 459 507 -5.06367 1.208592 82.06319000000001 -1.096235 5.131162 84.97714000000001 0 0 
68 3 1 2 3 4 7.29943 -5.263018 127.3499 7.856394 -4.684887 127.8565 0 0 
69 3 1 2 138 139 -6.77725 -5.441739 123.7975 -5.841632 -4.524895 124.0607 0 0 
70 3 1 2 473 474 -8.369446999999999 1.165002 105.5231 -7.118018 2.703058 106.2564 0 0 
71 3 1 2 428 429 -3.842635 4.684438 125.2184 -3.239046 5.281614 125.6654 0 0 
72 3 1 2 473 475 -7.259694 0.8992813 104.905 -6.112084 3.193907 106.2564 0 2 73 103 
73 3 1 2 201 202 -2.849925 -5.275102 127.3667 -2.322313 -4.685244 128.0343 0 0 
74 3 1 2 161 162 -7.907496 -1.715251 127.1428 -7.280221 -1.114834 127.6057 0 0 
75 3 1 2 473 476 -8.324173999999999 0.7423225 104.1506 -6.391265 3.185449 105.4552 0 1 -103 
76 3 1 2 117 120 3.403924 -5.430121 116.3357 4.367257 -4.488234 117.0283 0 0 
77 3 1 2 38 39 -2.457411 -7.946616 2.647924 5.684821 -1.004837 6.843602 0 2 106 107 
78 3 1 2 471 472 -8.544732 1.12373 129.2223 -7.968258 1.735297 129.5368 0 0 
79 3 1 2 372 374 5.51529 3.703263 113.1082 7.101629 5.271913 113.7176 0 0 
80 3 1 2 470 472 -8.307774 1.977637 123.8153 -7.442161 2.939022 124.3357 0 0 
81 3 1 2 469 478 -8.406157 1.967184 118.9863 -7.411974 2.903284 119.617 0 0 
82 3 1 2 469 470 -8.389296999999999 1.95368 122.7585 -7.412709 2.895448 123.2904 0 0 
83 3 1 2 13 14 5.85069 -5.248098 104.6248 8.108078000000001 -3.255859 106.2564 0 1 104 
84 3 1 2 86 88 1.781764 -4.466169 118.0674 2.761093 -3.527824 118.4088 0 0 
85 3 1 2 68 71 1.810227 -5.73825 99.78709000000001 4.327848 -3.226656 101.2251 0 0 
86 3 1 2 468 477 -8.363918 1.015277 118.9041 -7.449099 1.928047 119.673 0 0 
87 3 1 2 149 151 -8.330836 -3.093145 93.55714999999999 -5.85016 -1.206557 93.55714999999999 0 0 
88 3 1 2 359 360 5.110402 1.206943 90.30685 9.109883 5.205781 92.08665000000001 0 0 
89 3 1 2 467 471 -8.540480000000001 1.11908 125.7754 -7.928041 1.733289 126.2521 0 0 
90 3 1 2 225 226 -4.329464 -3.087918 105.5879 -2.82787 -1.165002 106.2564 0 1 79 
92 3 1 2 467 468 -8.381610999999999 0.956939 122.742 -7.441744 1.901529 122.8103 0 0 
93 3 1 2 466 467 -8.10924 0.9290406 123.2955 -7.411917 1.889194 124.3357 0 1 22 
94 3 1 2 74 80 1.81038 -3.175769 102.7752 4.329995 -0.6754582999999998 103.7849 0 0 
95 3 1 2 178 180 -8.999705000000001 -5.021075 46.71551 -0.4121202000000004 -0.5027376000000001 52.68494 0 2 65 -85 
96 3 1 2 159 160 -8.396176000000001 -4.469972 116.3357 -7.411719 -3.685373 116.3357 0 0 
97 3 1 2 261 263 3.399404 3.499062 121.196 4.361301 4.473235 121.9395 0 0 
98 3 1 2 205 208 -3.061779 -5.271738 114.8277 -1.475797 -3.733893 115.6104 0 0 
99 3 1 2 463 464 -6.941488 1.126992 128.0529 -6.357775 1.728866 128.3253 0 0 
100 3 1 2 23 24 5.813412 -5.47824 120.3527 6.782045 -4.484095 121.0812 0 0 
101 3 1 2 462 464 -6.305285 1.123841 124.3357 -5.675333 1.740064 126.4523 0 1 46 
102 3 1 2 257 260 3.87499 4.702712 124.8154 4.459906 5.292814 125.2909 0 0 
103 3 1 2 197 198 -4.969118 -5.205105 88.58772999999999 -1.176809 -1.315602 90.85995 0 0 
104 3 1 2 35 46 1.392985 0.1781628999999998 29.32718 7.25548 4.883021 32 0 2 51 -72 
105 3 1 2 461 462 -8.084847999999999 0.07214103000000005 69.19970000000001 -2.100999 6.352778 71.70399 0 0 
106 3 1 2 366 367 7.952907 3.663432 126.7758 8.532572 4.23016 127.4664 0 0 
107 3 1 2 354 356 3.248245 0.03291310999999997 72.99173 7.326522 6.234402 77.55714999999999 0 3 41 50 101 
108 3 1 2 308 311 1.852195 1.165002 105.3328 3.062144 2.413508 106.2564 0 1 -80 
109 3 1 2 460 461 -7.604875 0.03501349999999981 74.96127 -2.067711 6.377031 77.55714999999999 0 1 111 
111 3 1 2 113 120 3.399846 -5.480262 120.9477 4.370543 -4.515809 121.5154 0 0 
112 3 1 2 363 366 7.280097 4.674894 125.0639 7.862537 5.28132 125.298 0 0 
113 3 1 2 373 376 5.890864 3.482825 105.2761 6.707484 5.672937 106.2564 0 1 -38 
115 3 1 2 459 460 -5.057446 1.268722 77.55714999999999 -1.915279 5.144378 79.74095 0 1 -95 
116 3 1 2 275 276 2.317426 3.661514 127.1764 2.890881 4.283613 127.5918 0 0 
117 3 1 2 121 122 3.403882 -1.928929 123.3111 4.371625 -0.9717434 123.8477 0 0 
118 3 1 2 257 258 3.401755 4.484723 122.1936 4.368999 5.484054 122.8483 0 0 
119 3 1 2 42 43 0.1263455999999996 -2.247729 45.58105 10.12695 4.961656 52.36115 0 3 27 40 94 
121 3 1 2 357 358 1.972862 0.09053280000000008 66.35754 8.213677000000001 6.376806 69.16865 0 0 
122 3 1 2 149 192 -9.092381 -5.206498 88.79163 -5.113373 -1.2618 90.45946000000001 0 0 
123 3 1 2 11 12 7.121511 -5.183799 109.9624 8.68201 -3.744172 110.6718 0 0 
124 3 1 2 301 304 3.093457 1.199178 111.4299 4.665377 2.659494 112.4942 0 0 
125 3 1 2 415 416 -7.852994 4.687844 127.1165 -7.278624 5.288254 127.4139 0 0 
126 3 1 2 458 460 -7.604875 0.1791729000000002 75.01322 -4.881646 5.144378 77.55714999999999 0 2 95 111 
127 3 1 2 458 461 -8.264642 0.5209411999999998 75.01322 -6.083788 5.144378 77.55714999999999 0 1 -111 
128 3 1 2 33 36 -7.999983 -2.167797999999999 14.83747 4.670787000000001 2.386127 25.98486 0 6 15 -77 -92 93 -109 117 
129 3 1 2 34 46 1.418081 -4.883021 29.32718 8 3.370166 32 0 3 -51 -100 108 
130 3 1 2 457 458 -9.098182 1.208047 78.18007 -5.117454 4.982907 80.30237 0 0 
131 3 1 2 49 50 1.946004 -6.363823 63.17911 8.215626 -0.2053714000000002 67.00476 0 0 
133 3 1 2 194 196 -4.663275 -5.257507 107.87 -3.152982 -3.697121 108.9074 0 0 
134 3 1 2 457 490 -9.04349 1.334746 85.021 -5.295535 5.177254 87.3066 0 0 
135 3 1 2 417 420 -4.321503 3.260722 103.0634 -1.838236 5.682711 104.6776 0 0 
136 3 1 2 397 398 -6.805619 4.510731 120.6045 -5.82124 5.415669 121.1803 0 0 
137 3 1 2 511 512 -4.490509 1.116426 128.1702 -3.915634 1.740017 128.4687 0 0 
138 3 1 2 456 475 -7.092285 1.165002 105.8025 -5.681718 2.700202 107.2472 0 1 -73 
139 3 1 2 57 58 7.115262 -2.917773 105.2681 8.36103 -0.6744083000000001 105.8452 0 1 87 
140 3 1 2 311 312 3.086611 1.165002 105.4547 4.326674 2.671906 106.2564 0 1 86 
142 3 1 2 262 272 3.131179 3.685436 113.9917 4.665355 5.272724 114.7933 0 0 
143 3 1 2 251 256 -8.409485 -2.916894 120.1335 -7.431145 -1.982445 120.6539 0 0 
144 3 1 2 453 454 -6.808434 2.133841 123.799 -5.808444 2.896549 124.3357 0 0 
145 3 1 2 453 455 -6.804506 1.956881 120.9527 -5.839874 2.938056 121.6408 0 0 
146 3 1 2 185 186 -8.444181 -4.202587 76.00382999999999 -4.522358 -1.268722 79.31207999999999 0 2 82 84 
147 3 1 2 132 159 -8.396176000000001 -5.272771 116.3357 -7.411719 -4.48799 116.3357 0 0 
148 3 1 2 451 463 -6.808443 1.123841 124.3357 -6.311593 1.734219 124.3357 0 0 
149 3 1 2 451 462 -6.305285 1.123841 124.3357 -5.808444 1.734219 124.3357 0 1 46 
150 3 1 2 451 452 -6.807206 0.9298604 121.9014 -5.808447 1.929009 122.3692 0 0 
151 3 1 2 395 396 -6.928224 4.672278 127.1342 -6.320894 5.274091 127.723 0 0 
152 3 1 2 450 452 -6.795885 0.9412558 117.2821 -5.831705 1.910384 117.6694 0 0 
153 3 1 2 450 456 -7.095756 1.212025 110.3842 -5.563491 2.597562 111.514 0 0 
154 3 1 2 283 284 2.332268 4.669232 126.873 2.901539 5.288214 127.1498 0 0 
155 3 1 2 449 455 -6.742859 1.939117 116.6317 -5.810198 2.885349 117.1017 0 0 
156 3 1 2 130 132 -8.388106000000001 -5.478199 117.5798 -7.453229 -4.490342 117.6466 0 0 
158 3 1 2 189 192 -6.932522 -1.70947 127.9328 -6.311785 -1.128753 128.4627 0 0 
159 3 1 2 45 48 -5.019461 -3.493563 32 -0.05039683999999989 4.784694 32 0 1 -81 
160 3 1 2 172 250 -8.573886 -2.589206 109.4891 -7.164328 -1.165685 110.1755 0 0 
161 3 1 2 447 448 -2.901357 3.661896 127.352 -2.293917 4.284892 128.1103 0 0 
162 3 1 2 43 44 0.07227237000000031 -5.036123 40.22473 10.08936 4.961656 47.63001 0 1 27 
163 3 1 2 1 4 7.411719 -5.289259 124.1529 7.908569 -4.678882 124.3357 0 0 
164 3 1 2 267 268 1.855566 3.219536 104.2778 4.326312 5.738754 105.4674 0 1 -90 
165 3 1 2 281 282 1.768521 4.484103 123.3146 2.735667 5.483907 123.8516 0 0 
166 3 1 2 177 178 -8.999705000000001 -5.037437 50.91992 -2.665861 2.114698 57.39842 0 4 65 76 78 98 
167 3 1 2 193 199 -4.325064 -5.670445 103.0706 -1.818255 -3.219784 105.0946 0 0 
168 3 1 2 446 448 -2.740668 4.55904 117.5549 -1.843987 5.463855 118.3427 0 0 
170 3 1 2 44 46 0.280233 -4.883020999999999 32 10.12977 4.907204 42.46065 0 1 -108 
171 3 1 2 93 94 1.768959 -4.473942 123.307 2.768278 -3.516464 123.8301 0 0 
172 3 1 2 21 22 5.514771 -5.27277 114.8109 7.102142 -3.685378 115.529 0 0 
173 3 1 2 277 278 1.519298 3.741317 114.0545 3.007951 5.272714 114.8563 0 0 
174 3 1 2 50 51 2.01397 -6.374092 57.39842 7.354929 -0.09653011000000022 60.08004 0 1 35 
175 3 1 2 443 444 -2.742824 3.474115 122.3574 -1.784791 4.448991 123.2867 0 0 
176 3 1 2 385 387 -7.843051 3.320217 104.0985 -5.894595 5.684469 106.2564 0 1 -67 
177 3 1 2 443 446 -2.662087 3.611907 118.93 -1.772982 4.427094 119.2914 0 0 
179 3 1 2 442 444 -2.768439 3.668882 124.3357 -2.271593 4.279259 124.3357 0 0 
180 3 1 2 442 448 -2.898784 3.66172 125.755 -2.288501 4.282247 126.2602 0 0 
181 3 1 2 1 2 7.413082 -5.483979 122.1476 8.404788999999999 -4.484902 122.7898 0 0 
182 3 1 2 308 309 1.810822 1.245915 105.3328 2.911237 2.703058 106.2564 0 1 80 
183 3 1 2 122 123 3.889264 -1.701145 126.1449 4.491829 -1.114988 126.4803 0 0 
184 3 1 2 165 166 -6.807618 -2.938985 122.8113 -5.809389 -1.939107 123.3839 0 0 
185 3 1 2 181 184 -8.101236 -6.37895 66.75993 -1.976255 -0.1325568000000001 69.84188 0 0 
186 3 1 2 13 15 5.850866 -5.734662 103.0401 8.356780000000001 -3.254689 103.9795 0 0 
187 3 1 2 54 63 1.408297 -5.196901 80.50041 3.870065 -3.795945 83.14149 0 1 75 
188 3 1 2 129 130 -8.400088999999999 -5.451866 121.6425 -7.41308 -4.484548 122.2689 0 0 
189 3 1 2 440 448 -2.751912 4.507518 120.5174 -1.768464 5.410068 121.2778 0 0 
190 3 1 2 439 440 -2.734045 4.518384 122.8025 -1.803132 5.448538 122.8881 0 0 
191 3 1 2 60 291 5.601399 -2.718397 109.6557 7.089629 -1.29388 110.4243 0 0 
192 3 1 2 193 194 -4.329053 -5.681805 105.305 -2.501782 -3.321989 106.2564 0 1 69 
193 3 1 2 253 254 -2.698837 -1.88173 120.4281 -1.812124 -0.9718526 120.5958 0 0 
195 3 1 2 438 439 -2.265166 4.698378 124.7899 -1.685801 5.295097 125.2242 0 0 
196 3 1 2 123 124 3.877088 -1.743688 127.1969 4.467829 -1.146633 127.8849 0 0 
197 3 1 2 438 440 -2.240307 4.690912 125.7417 -1.636543 5.295569 126.1708 0 0 
198 3 1 2 305 306 1.783986 1.192457 115.5901 3.062144 1.93403 116.3357 0 0 
199 3 1 2 33 45 -7.847324 -4.034957 23.15079 2.08534 1.555475 32 0 4 -62 64 -68 -93 
200 3 1 2 437 438 -2.891558 4.669453 126.7698 -2.30979 5.298587 127.2451 0 0 
202 3 1 2 218 222 -2.271593 -4.279259 123.8306 -1.802672 -3.895988 124.3357 0 2 -60 -61 
203 3 1 2 51 52 3.392545 -5.431372 52.3273 8.166192000000001 0.08976115000000018 59.27183 0 4 35 57 58 59 
204 3 1 2 387 388 -7.099526 3.698365 106.2564 -5.668266 5.255663 107.0258 0 0 
205 3 1 2 434 435 3.379742 1.939876 121.6043 4.363344 2.892012 122.3649 0 0 
206 3 1 2 34 38 -3.134077 -7.987281 13.2116 0.4509424 -3.796226 16.19927 0 2 55 -56 
207 3 1 2 183 184 -8.166192000000001 1.495023 55.85108 -1.915279 5.945328 64.79651 0 3 48 52 99 
208 3 1 2 153 156 -6.808439 -4.279259 124.1541 -6.311593 -3.668882 124.3357 0 0 
209 3 1 2 433 440 -2.190774 4.66918 127.0275 -1.637983 5.254302 127.4596 0 0 
210 3 1 2 17 20 6.311603 -5.439863 123.6371 6.704499 -4.524677 124.3357 0 1 45 
211 3 1 2 431 432 -4.496719 4.687122 127.3586 -3.874876 5.294556 127.645 0 0 
212 3 1 2 186 188 -8.264821 -6.375166 73.72085 -3.270128 -1.268722 77.55714999999999 0 2 82 115 
213 3 1 2 101 104 1.769972 -2.89473 121.5509 2.757359 -1.95932 122.0258 0 0 
214 3 1 2 34 45 -0.0591462599999999 -4.034957 27.00009 3.471245 1.244198 32 0 4 -44 68 -83 100 
215 3 1 2 429 431 -4.339954 4.525309 123.826 -3.859559 5.289259 124.3357 0 0 
216 3 1 2 429 430 -4.371538 4.484182 122.7839 -3.371816 5.454642 123.3307 0 0 
217 3 1 2 47 48 -7.67682 -5.022566 32 -1.457804 5.036174 41.03651 0 2 43 81 
218 3 1 2 5 7 7.168668 -5.037399 111.7016 8.683536 -3.728555 112.8222 0 1 37 
219 3 1 2 163 252 -8.409037 -1.928834 121.6281 -7.467966 -0.9292953 122.3486 0 0 
220 3 1 2 427 428 -3.817253 4.672516 127.1173 -3.245415 5.299023 127.6173 0 0 
221 3 1 2 143 144 -6.92151 -5.289418 127.6411 -6.313154 -4.671268 128.2021 0 0 
222 3 1 2 341 342 5.808497 1.939587 123.2894 6.807204 2.93892 123.7015 0 0 
223 3 1 2 425 428 -4.371715 3.668882 124.3357 -3.874868 4.279259 124.3357 0 0 
225 3 1 2 424 445 -3.004923 3.740037 113.1624 -1.474915 5.272651 114.0331 0 0 
226 3 1 2 177 179 -10.1106 -0.5027376000000001 48.46753 -4.736057 5.037415 55.85108 0 3 42 -98 114 
227 3 1 2 331 334 7.435791 0.9344352 117.3399 8.373244 1.920216 117.9238 0 0 
228 3 1 2 289 290 5.808744 -2.938902 123.0734 6.806756 -1.939553 123.3503 0 0 
229 3 1 2 422 426 -4.359709 3.513524 118.9615 -3.377361 4.471611 119.6541 0 0 
230 3 1 2 50 52 4.641244 -5.431372 57.39842 8.189178 -0.09653010999999978 59.60142 0 1 -35 
231 3 1 2 422 430 -4.35587 4.489275 118.135 -3.373068 5.450392 118.3929 0 0 
233 3 1 2 421 423 -4.601941 3.73222 113.2426 -3.078543 5.271494 114.1239 0 0 
234 3 1 2 407 408 -8.411509000000001 3.474101 123.276 -7.411745 4.474046 123.832 0 0 
235 3 1 2 420 505 -4.326884 3.437894 98.77323 -1.832546 5.6912 99.95432 0 0 
236 3 1 2 36 37 -4.265212999999999 -2.167797999999999 12.57912 7.938651 7.999998 22.5707 0 5 47 66 -77 117 119 
237 3 1 2 139 140 -6.303422 -5.275562 126.6889 -5.675717 -4.704603 127.3326 0 0 
238 3 1 2 238 239 -4.370537 -2.895636 121.5665 -3.398001 -1.959782 122.151 0 0 
239 3 1 2 418 424 -3.031711 3.742851 108.2105 -1.479821 5.266703 109.0508 0 0 
240 3 1 2 418 419 -4.329641 4.019141 105.3129 -3.078018 5.248098 106.2564 0 1 39 
241 3 1 2 218 220 -2.767972 -4.279259 123.3113 -2.180983 -3.800069 124.3357 0 2 23 61 
242 3 1 2 57 59 5.850705 -3.183927 104.31 7.934674 -0.6744083000000001 105.8452 0 1 -87 
243 3 1 2 417 418 -4.283874 3.710043 105.2064 -1.81016 5.738753 106.2564 0 1 39 
244 3 1 2 147 158 -7.086628 -5.256102 109.5616 -5.566215 -3.68651 110.6222 0 0 
245 3 1 2 41 357 2.090888 0.09348051999999996 59.30211 8.015692 6.204516 62.08599 0 0 
246 3 1 2 345 350 7.1261 1.159252 106.7975 8.694706999999999 2.708438 107.354 0 0 
247 3 1 2 327 328 5.810082 4.515602 121.0266 6.75248 5.483676 121.8295 0 0 
249 3 1 2 417 419 -4.243054 3.657034 105.3129 -3.176288 4.246809 106.2564 0 1 -39 
250 3 1 2 177 183 -8.166192000000001 0.07321879999999981 55.37543 -2.665861 4.913056 57.39842 0 2 -76 99 
251 3 1 2 73 79 3.079488 -2.685114 106.9745 4.623627 -1.182778 107.5445 0 0 
252 3 1 2 98 99 7.319689 -1.706119 124.7961 7.908558 -1.129501 125.3109 0 0 
254 3 1 2 270 310 1.837364 0.6934399999999998 95.02343999999999 4.261359 3.106134 96.50984 0 0 
255 3 1 2 413 414 7.435159 -2.895714 122.6948 8.409959000000001 -1.964196 123.3245 0 0 
256 3 1 2 236 237 -4.598692 -2.72773 115.5518 -3.078018 -1.190807 116.3357 0 0 
257 3 1 2 284 286 1.636093 4.669492 126.7436 2.248437 5.268908 127.1875 0 0 
258 3 1 2 389 400 -6.76144 3.482 119.0455 -5.846887 4.474065 119.906 0 0 
259 3 1 2 33 34 -3.134077 -7.999994 15.72001 4.670787 -1.227024 32 0 6 36 55 68 77 91 109 
260 3 1 2 309 311 1.852195 1.245915 102.7857 4.130322 3.044357 106.2564 0 3 -34 80 86 
261 3 1 2 89 91 3.371728 -2.939026 124.2066 4.371719 -1.939035 124.3357 0 0 
262 3 1 2 53 54 1.915279 -5.144378 76.78291 5.08975 -1.268722 77.55714999999999 0 1 33 
263 3 1 2 117 118 3.135275 -5.272705 114.0405 4.665375 -3.685381 114.8761 0 0 
264 3 1 2 411 412 -8.411705 4.484074 123.3167 -7.445516 5.484053 123.8393 0 0 
265 3 1 2 21 24 5.817207 -5.406055 118.4181 6.80373 -4.548368 118.9449 0 0 
266 3 1 2 409 410 -8.537159000000001 4.688546 127.3947 -7.93993 5.297882 127.7443 0 0 
267 3 1 2 406 407 -8.379455999999999 3.668882 123.8095 -7.914868 4.279259 124.3357 0 0 
268 3 1 2 405 406 -8.511595 3.664417 127.2132 -7.919345 4.287217 127.7099 0 0 
269 3 1 2 404 408 -8.410734 3.525485 120.2692 -7.416155 4.418703 120.4771 0 0 
270 3 1 2 403 412 -8.398311 4.505308 120.1597 -7.422687 5.449305 120.7691 0 0 
271 3 1 2 347 348 5.515964 1.175743 106.5377 7.087797 2.704979 107.2019 0 0 
272 3 1 2 337 339 5.841937 0.9290448 123.2954 6.808416 1.887309 123.8313 0 0 
273 3 1 2 181 182 -8.123747 -6.378315 58.96986 -2.038398 -0.08625242000000011 63.29981 0 1 -71 
274 3 1 2 145 146 -8.36683 -5.248098 104.2815 -5.894975 -3.221065 106.2564 0 2 31 97 
275 3 1 2 273 277 1.799939 3.528663 116.9769 2.764393 4.464401 117.6595 0 0 
276 3 1 2 401 403 -8.396176000000001 4.47907 115.5866 -7.118018 5.272756 116.3357 0 0 
277 3 1 2 401 402 -8.659093 3.68537 112.6762 -7.118128 5.260535 114.1717 0 0 
278 3 1 2 36 38 -7.998505 -1.792724 10.71909 -1.915113 6.787894999999999 16.75178 0 3 15 -47 110 
279 3 1 2 399 400 -7.034158 3.738327 115.2037 -5.58141 4.801173 115.5956 0 1 29 
280 3 1 2 277 286 1.783986 4.47907 115.5924 3.062144 5.272758 116.3357 0 0 
281 3 1 2 291 292 5.584313 -2.727401 114.8283 6.87747 -1.935436 115.5806 0 1 28 
282 3 1 2 397 399 -7.033854 4.567325 115.2037 -5.58304 5.21958 115.5885 0 1 29 
283 3 1 2 397 400 -7.102136 4.47907 115.2037 -5.514743 4.84375 116.3357 0 1 -29 
284 3 1 2 395 398 -6.775817 4.526005 123.8299 -6.105182 5.440057 124.0782 0 1 118 
285 3 1 2 394 395 -6.704499 4.484071 123.83 -6.105182 5.440057 124.3357 0 1 118 
286 3 1 2 37 38 -4.265213 -7.987280999999999 5.388638 5.684821 4.125401 16.19927 0 5 17 47 56 96 107 
287 3 1 2 8 32 7.427261 -4.47067 116.3357 8.411719 -3.685372 116.3357 0 0 
288 3 1 2 394 398 -6.513568 4.52725 123.5887 -5.842321 5.44276 124.0782 0 1 -118 
289 3 1 2 393 394 -6.29308 4.682387 126.6701 -5.67641 5.276807 127.4001 0 0 
290 3 1 2 247 248 -4.492046 -1.739788 127.2385 -3.879622 -1.117367 127.6158 0 0 
291 3 1 2 214 216 -4.357631 -4.472751 121.4498 -3.371859 -3.500784 121.8239 0 0 
292 3 1 2 391 402 -8.629030999999999 3.694669 108.0126 -7.191559 5.240046 109.207 0 1 25 
293 3 1 2 177 182 -8.166192000000001 -4.917556 55.63218 -3.749541 -0.08625242000000011 59.28165 0 2 71 -78 
294 3 1 2 152 170 -8.367808 -3.193757 101.6931 -5.897899 -0.6744281999999999 103.4574 0 1 24 
295 3 1 2 389 390 -6.808374 3.47407 122.7643 -5.808537 4.442862 123.318 0 0 
296 3 1 2 9 10 5.110751 -5.205518 88.75248999999999 8.98874 -1.322097 90.62593 0 0 
297 3 1 2 162 163 -7.914601 -1.734219 123.8292 -7.445041 -0.9290382 124.3357 0 0 
298 3 1 2 42 51 0.1220013999999998 -2.247729 50.51818 5.380064 1.567143 57.39842 0 3 26 -40 59 
299 3 1 2 388 399 -7.019594 3.688334 111.2044 -5.638237 5.241188 111.9087 0 0 
300 3 1 2 353 354 1.915296 1.268722 76.72747 5.070081 5.144378 78.35241000000001 0 1 41 
301 3 1 2 269 270 1.237552 1.336423 90.2473 5.067519 5.206211 91.96914 0 0 
302 3 1 2 176 190 -6.808015 -1.911631 122.7317 -5.84495 -0.9290845 123.3341 0 0 
304 3 1 2 386 402 -8.629030999999999 4.13933 108.0126 -7.686159 5.240046 108.573 0 1 -25 
305 3 1 2 386 391 -8.629030999999999 3.709478 107.6343 -7.163968 5.240046 108.573 0 1 25 
306 3 1 2 386 387 -7.843051 3.794729 104.7593 -6.710486 5.684091 106.2564 0 1 67 
307 3 1 2 187 188 -4.87905 -5.144378 75.48266 -1.915279 -0.6311184000000001 77.55714999999999 0 2 20 -115 
308 3 1 2 385 492 -8.369358 3.288208 99.47481000000001 -5.901114 5.698822 101.3203 0 0 
309 3 1 2 1 5 7.914882 -5.289259 123.8112 8.378607000000001 -4.678882 124.3357 0 0 
310 3 1 2 385 386 -8.364701 3.316189 104.2813 -6.710486 5.503842 106.2564 0 1 67 
311 3 1 2 274 279 1.768447 3.668882 123.8202 2.265294 4.430721 124.3357 0 1 -19 
312 3 1 2 125 126 3.372141 -4.473889 122.7786 4.345213 -3.474072 123.3592 0 0 
313 3 1 2 49 56 1.915279 -6.379219 70.61790000000001 8.170071999999999 -1.261265 73.48323000000001 0 1 -18 
315 3 1 2 361 362 7.452733 4.491159 121.5536 8.411142 5.476073 121.8748 0 0 
316 3 1 2 225 228 -3.434697 -2.769701 105.5879 -2.82787 -1.27148 106.2564 0 2 -16 -79 
317 3 1 2 381 384 7.460207 3.48605 119.7605 8.353616000000001 4.446429 120.4455 0 0 
318 3 1 2 227 230 -2.929037 -2.615094 110.5916 -1.492983 -1.193448 111.5803 0 0 
319 3 1 2 381 382 7.427261 3.685373 115.5542 8.705418999999999 4.487785 116.3357 0 0 
320 3 1 2 380 382 7.118021 3.685377 113.9671 8.705403 5.27277 114.8118 0 0 
321 3 1 2 31 32 7.916417 -4.289048 127.1225 8.528833000000001 -3.691682 127.7254 0 0 
322 3 1 2 379 380 7.120839 3.685374 110.0309 8.637268000000001 5.26978 111.2627 0 0 
323 3 1 2 377 378 6.325447 3.659326 127.1148 6.940428 4.280079 127.7855 0 0 
324 3 1 2 355 360 5.119035 1.208843 82.58009 9.089947 5.186281 84.89765 0 0 
325 3 1 2 146 150 -8.28256 -5.710094 100.3841 -5.851896 -3.229158 102.3444 0 0 
326 3 1 2 137 138 -6.76277 -5.478517 120.3343 -5.831181 -4.489241 121.0179 0 0 
327 3 1 2 335 336 7.947471 1.154497 127.5251 8.543340000000001 1.720987 128.0863 0 0 
328 3 1 2 265 278 1.476622 3.690585 108.8832 2.990646 5.256311 109.737 0 0 
329 3 1 2 339 342 5.808451 2.133841 124.3357 6.305294 2.744219 124.3357 0 0 
330 3 1 2 375 376 6.228442 3.227979 103.7959 8.355301000000001 5.738743 106.2564 0 1 38 
331 3 1 2 375 379 7.126867 3.710043 105.8193 8.370001999999999 5.248098 106.2564 0 0 
332 3 1 2 265 268 1.810524 3.321136 105.2482 3.143901 5.248098 106.2564 0 1 90 
333 3 1 2 70 71 1.849326 -5.206548 93.55714999999999 4.330002 -3.322367 93.55714999999999 0 0 
334 3 1 2 89 90 3.372347 -2.938982 122.8262 4.370696 -1.956892 123.3485 0 0 
335 3 1 2 255 256 -8.411108 -2.939005 123.2688 -7.412183 -1.978952 123.8532 0 0 
336 3 1 2 98 100 7.914875 -1.734219 124.3357 8.411719 -1.123841 124.3357 0 0 
337 3 1 2 373 374 5.556161 3.699021 107.7873 7.090349 5.271093 109.1014 0 0 
338 3 1 2 373 375 6.272169 3.32852 105.4419 7.102144 5.672937 106.2564 0 1 38 
339 3 1 2 187 198 -5.051921 -5.149755 80.79998999999999 -1.085221 -1.214917 82.49706999999999 0 0 
340 3 1 2 371 372 5.823986 3.73837 115.549 7.102144 4.836011 116.3357 0 0 
341 3 1 2 74 75 1.85866 -3.089789 104.0841 3.265565 -0.6741089 106.2564 0 1 14 
342 3 1 2 370 371 5.813487 3.474657 119.7163 6.723361 4.463281 120.4338 0 0 
343 3 1 2 99 100 7.33857 -1.733012 126.2648 7.908477 -1.124059 126.7859 0 0 
344 3 1 2 243 253 -2.735878 -1.88762 123.3826 -1.800585 -0.9717466 123.8664 0 0 
345 3 1 2 369 377 6.311633 3.668882 124.3357 6.808444 4.279259 124.3357 0 0 
346 3 1 2 211 216 -4.312271 -4.473865 116.6372 -3.372656 -3.531661 117.2575 0 0 
347 3 1 2 368 383 7.914915 3.668882 124.3357 8.411719 4.279259 124.3357 0 0 
348 3 1 2 368 376 5.872185 3.372392 98.53055000000001 8.321346 5.683748 99.89296 0 0 
349 3 1 2 366 368 7.94336 3.666268 125.2541 8.544720999999999 4.272241 125.3284 0 0 
350 3 1 2 170 171 -8.336325 -3.186156 104.4486 -6.560223 -0.7294461000000001 106.2564 0 1 13 
351 3 1 2 273 274 1.770892 3.515542 121.0725 2.745931 4.473672 121.7311 0 0 
352 3 1 2 365 366 7.330258 4.687423 127.2345 7.908457 5.298944 127.4572 0 0 
353 3 1 2 9 55 5.127281 -5.153919 80.89989 9.096549 -1.21627 82.56516000000001 0 0 
354 3 1 2 97 98 7.449507 -1.929023 122.2717 8.41169 -0.9291352 123.3483 0 0 
355 3 1 2 363 364 7.926437 4.710976 126.7773 8.508312999999999 5.297125 127.2372 0 0 
357 3 1 2 354 358 1.915359 0.05467230000000001 71.87982 7.326522 6.234402 75.05576000000001 0 1 -50 
358 3 1 2 361 382 7.41518 4.546116 117.5427 8.329787 5.474436 117.6543 0 0 
359 3 1 2 171 172 -8.369393000000001 -2.703058 106.2564 -7.118018 -1.165002 106.2564 0 0 
360 3 1 2 29 30 7.413931 -4.438207 121.7309 8.403197 -3.474974 122.3556 0 0 
361 3 1 2 359 368 5.894413 3.20655 91.93988 9.110080999999999 5.594323 95.0104 0 0 
362 3 1 2 292 295 5.584313 -2.562728 114.8331 7.102144 -1.93403 116.3357 0 1 28 
363 3 1 2 73 75 2.694166 -2.327191 105.0061 3.354369 -0.6741089 106.2564 0 1 -14 
364 3 1 2 129 144 -8.411718 -5.484067 123.8385 -7.515663 -4.525385 124.3357 0 2 12 -102 
365 3 1 2 100 127 7.278668 -1.742722 127.2691 7.841129 -1.140527 127.7045 0 0 
366 3 1 2 178 179 -6.296021 -2.610579 46.88256 -0.05040039000000007 3.193934 55.85108 0 3 85 98 112 
367 3 1 2 322 326 5.912388 4.678882 123.8407 6.537068 5.48407 124.3357 0 1 11 
368 3 1 2 25 26 6.363137 -4.286657 127.033 6.918901 -3.662234 127.3932 0 0 
369 3 1 2 356 358 4.135367 0.9531745000000003 72.99173 8.134912999999999 6.234402 75.41907 0 1 50 
370 3 1 2 152 159 -8.646359 -5.21406 113.7034 -7.178509 -3.743554 114.1051 0 0 
371 3 1 2 37 39 -1.952376 -5.628748 4.819849 7.985827 7.622508 11.91231 0 2 10 -107 
372 3 1 2 26 28 5.912388 -4.47407 123.8213 6.512215 -3.474072 124.3357 0 1 -9 
373 3 1 2 45 47 -7.999887 -3.934896000000001 28.91763 -1.457804 4.883021000000001 32 0 2 64 81 
374 3 1 2 355 356 5.110124 1.268722 77.55714999999999 8.264882999999999 5.144378 78.45867 0 1 -101 
375 3 1 2 306 307 1.480249 1.142587 112.7615 3.056371 2.724838 113.9998 0 0 
377 3 1 2 70 80 1.89918 -3.183634 94.2396 4.303763 -0.7778300999999999 94.98979 0 0 
378 3 1 2 267 271 1.939716 3.21964 100.5877 4.323324 5.737523 101.7224 0 0 
379 3 1 2 353 356 4.297922 3.20655 76.72747 5.070081 4.785286 77.55714999999999 0 1 -41 
380 3 1 2 351 359 5.889326 1.206566 93.55714999999999 8.35374 3.173512 94.99943 0 0 
381 3 1 2 349 350 7.12094 1.143431 111.405 8.679819 2.720393 112.5297 0 0 
382 3 1 2 22 24 5.812149 -4.412345 117.5732 6.727293 -3.483169 117.6941 0 0 
383 3 1 2 346 351 5.911032 0.6868050999999999 101.956 8.336546 3.083776 103.0012 0 0 
384 3 1 2 69 70 1.110888 -5.198581 89.89394 5.068117 -1.206551 91.98276 0 0 
385 3 1 2 65 66 1.811081 -5.248098 105.7889 3.144259 -3.710043 106.2564 0 1 32 
386 3 1 2 345 347 6.733205 0.7317964 105.2635 8.309530000000001 2.711467 106.2564 0 1 -113 
387 3 1 2 345 346 6.733205 0.6750815 105.175 8.370001999999999 2.535085 106.2564 0 1 113 
388 3 1 2 57 63 5.913813 -3.072786 100.7134 8.362086 -0.7761855 102.6931 0 0 
389 3 1 2 343 348 5.573633 1.140336 111.1437 7.003928 2.715821 111.7251 0 0 
390 3 1 2 343 344 5.514768 1.192381 115.1444 7.03542 2.675176 116.3357 0 2 8 -70 
391 3 1 2 34 36 3.033724 -1.630958 19.0059 7.938651 3.370166 29.32718 0 4 -105 109 -116 119 
392 3 1 2 77 79 3.079526 -2.664411 111.747 4.639698 -1.143759 112.3984 0 0 
393 3 1 2 49 53 1.915279 -3.206192 71.04246000000001 7.599112 -0.03197884000000006 73.48323000000001 0 1 18 
394 3 1 2 297 298 3.371734 0.971211 123.3115 4.371716 1.929027 123.8344 0 0 
395 3 1 2 53 56 1.915279 -6.225681 71.3523 8.091564 -1.261265 77.55714999999999 0 3 18 -30 -33 
396 3 1 2 479 480 -8.583534999999999 1.152478 109.7025 -7.186068 2.707147 110.5717 0 0 
398 3 1 2 293 296 6.311602 -1.711291 124.3357 6.892835 -1.121656 124.8752 0 0 
399 3 1 2 145 147 -7.093056 -5.248098 106.2564 -5.85016 -3.710043 106.2564 0 1 -97 
400 3 1 2 338 344 5.514768 1.192381 115.5492 6.901114 1.942611 116.3357 0 2 -8 70 
401 3 1 2 338 343 5.514768 1.196825 115.5501 6.014353 1.940389 116.3357 0 1 8 
402 3 1 2 169 175 -7.097139 -2.703018 106.2564 -5.668461 -1.185889 107.3689 0 0 
403 3 1 2 337 338 5.826932 0.9322665999999999 120.2736 6.716263 1.916312 120.7761 0 0 
404 3 1 2 135 136 -8.411255000000001 -4.473958 122.7643 -7.443794 -3.47409 123.8306 0 0 
405 3 1 2 315 320 1.639757 1.12819 126.6841 2.262784 1.736446 127.2543 0 0 
406 3 1 2 196 215 -4.663224 -5.205651 110.8318 -3.085431 -3.68537 111.7512 0 0 
407 3 1 2 333 336 7.914879 1.123841 124.3357 8.411719 1.734219 124.3357 0 1 89 
408 3 1 2 333 334 7.489275 0.9423469 121.4178 8.409801 1.913236 122.2605 0 0 
409 3 1 2 233 235 -2.755546 -2.939029 121.8069 -1.795259 -1.951139 122.3876 0 0 
410 3 1 2 65 67 3.05428 -5.248098 105.2947 4.330002 -3.311854 106.2564 0 2 7 -32 
411 3 1 2 331 332 7.412222 1.986436 116.9877 8.410052 2.918369 117.6666 0 0 
412 3 1 2 10 12 5.889326 -5.091812 91.98423 9.110080999999999 -3.074282 93.55714999999999 0 0 
413 3 1 2 157 160 -6.805329 -4.407215 117.6102 -5.884387 -3.490313 118.1479 0 0 
414 3 1 2 330 332 7.411893 1.972733 121.0093 8.385338000000001 2.922162 121.5754 0 0 
415 3 1 2 285 286 1.649415 4.697421 127.5216 2.249802 5.298934 127.8012 0 0 
416 3 1 2 329 332 7.915366 2.125344 128.5688 8.544829 2.753716 128.5688 0 0 
417 3 1 2 327 372 5.823986 4.487513 116.3357 6.808444 5.27277 116.3357 0 0 
418 3 1 2 326 328 5.912388 4.484071 123.8407 6.775786 5.440963 124.3357 0 1 11 
419 3 1 2 325 326 6.313599 4.671423 126.7579 6.935787 5.295492 127.6232 0 0 
420 3 1 2 409 411 -8.411718 4.678882 124.3357 -7.914868 5.289259 124.3357 0 0 
421 3 1 2 113 114 3.371719 -5.442073 123.5572 4.338253 -4.525377 124.3357 0 1 6 
422 3 1 2 324 333 7.411719 0.9674358 123.8163 8.307774 1.734219 124.3357 0 1 89 
423 3 1 2 323 324 7.287145 1.131036 127.1641 7.90546 1.741912 127.6079 0 0 
424 3 1 2 15 16 5.576245 -4.481129 111.7714 7.102141 -3.6888 113.3191 0 1 5 
425 3 1 2 313 314 2.274696 1.115268 127.1218 2.876311 1.727802 127.5981 0 0 
426 3 1 2 322 328 5.841736 4.678882 123.818 6.537068 5.441699 124.3357 0 1 -11 
427 3 1 2 321 322 5.724699 4.706968 127.5482 6.304385 5.270611 127.7622 0 0 
428 3 1 2 131 132 -7.908519 -5.285037 128.0635 -7.278615 -4.683128 128.5229 0 0 
429 3 1 2 318 319 1.81228 1.939083 120.9812 2.711278 2.938909 121.3671 0 0 
430 3 1 2 229 235 -2.757426 -2.93187 117.5904 -1.774249 -1.963641 118.3542 0 0 
431 3 1 2 315 316 1.768464 0.9290425 123.2981 2.62716 1.775892 123.4824 0 1 4 
432 3 1 2 482 488 -2.899961 1.115224 125.2681 -2.300363 1.728271 125.3877 0 0 
433 3 1 2 243 244 -2.257056 -1.743775 126.8097 -1.68655 -1.172179 127.1769 0 0 
434 3 1 2 314 315 1.908323 1.080717 123.2981 2.735095 1.929023 124.3357 0 1 4 
435 3 1 2 314 316 1.908323 1.080717 123.2936 2.768433 1.929011 123.4824 0 1 -4 
436 3 1 2 226 231 -4.329893 -3.180933 102.6417 -1.822367 -0.7452875000000001 104.6616 0 0 
438 3 1 2 48 180 -7.67682 -5.022566000000001 37.90855 -0.8129327000000002 5.000522 43.69371 0 2 43 -53 
439 3 1 2 11 13 7.130479 -5.248098 105.8384 8.370001999999999 -3.710043 106.2564 0 1 104 
440 3 1 2 27 28 5.840089 -4.433679 123.5896 6.512215 -3.518336 124.0526 0 1 9 
441 3 1 2 81 82 1.801396 -5.445054 122.2051 2.740516 -4.48418 122.764 0 0 
442 3 1 2 310 311 1.953248 0.7314087 102.7857 4.319991 2.614685 104.2541 0 1 34 
443 3 1 2 309 312 3.47026 2.502816 105.4547 4.091326 2.703058 106.2564 0 1 -86 
444 3 1 2 185 187 -5.069605 -4.059564 75.48266 -2.575287 -0.6311184000000001 78.46902 0 1 20 
445 3 1 2 309 310 1.810593 1.350861 102.3138 4.130322 3.126589 104.2541 0 1 34 
446 3 1 2 225 227 -3.111742 -2.322842 105.9855 -2.960387 -1.917368 106.2564 0 1 16 
447 3 1 2 306 319 1.783986 1.942981 116.3357 2.768444 2.727728 116.3357 0 0 
448 3 1 2 305 316 1.799631 0.935489 119.6966 2.741886 1.922959 120.464 0 0 
450 3 1 2 141 142 -8.544148 -5.288927 127.5541 -7.930819 -4.674806 127.8557 0 0 
451 3 1 2 105 112 1.63568 -1.735616 125.2105 2.218766 -1.118634 125.3755 0 0 
452 3 1 2 301 312 3.07958 1.153946 106.9075 4.61734 2.713565 107.9278 0 0 
453 3 1 2 201 203 -2.768443 -5.289259 123.8058 -2.271593 -4.678882 124.3357 0 0 
454 3 1 2 299 300 3.890126 1.133448 127.2369 4.483314 1.710403 127.5261 0 0 
455 3 1 2 298 300 3.433164 0.9305821 119.521 4.339224 1.928167 119.9094 0 0 
456 3 1 2 242 243 -2.768443 -1.734219 124.3357 -2.271593 -1.123841 124.3357 0 0 
457 3 1 2 297 300 3.874876 1.123841 124.3357 4.371719 1.734219 124.3357 0 0 
458 3 1 2 296 302 6.311659 -1.702149 126.6593 6.941385 -1.148692 127.0939 0 0 
459 3 1 2 35 45 -6.634751 -3.097573999999999 23.15079 3.651222000000001 6.759753999999999 32 0 5 44 -54 62 72 83 
460 3 1 2 456 473 -7.068283 1.165002 105.8025 -6.112084 1.704675 106.2564 0 1 73 
461 3 1 2 294 295 5.809672 -1.895137 118.812 6.808384 -0.9715454 119.8088 0 0 
462 3 1 2 293 294 5.808501 -1.92903 123.0737 6.808391 -0.9290328 123.3509 0 0 
463 3 1 2 291 295 5.51484 -2.487356 114.7816 7.102109 -1.14033 115.5806 0 1 -28 
464 3 1 2 290 292 5.849637 -2.931693 119.7421 6.790665 -1.941732 120.2632 0 0 
465 3 1 2 289 296 5.808452 -2.744219 124.3357 6.305294 -2.133841 124.3357 0 0 
466 3 1 2 287 288 3.241986 4.671399 127.0858 3.804825 5.273897 127.7772 0 0 
467 3 1 2 303 434 3.372676 1.990803 117.6117 4.276996 2.917173 117.7968 0 0 
468 3 1 2 14 16 5.583288 -5.259819 107.6096 7.094595 -3.71808 108.3159 0 0 
469 3 1 2 282 286 1.777299 4.501383 119.5433 2.712335 5.474191 120.23 0 0 
470 3 1 2 211 215 -4.59905 -5.219425 114.8811 -3.145208 -3.738971 115.5897 0 0 
471 3 1 2 341 344 5.916886 1.940663 119.6353 6.795195 2.921778 120.1883 0 0 
472 3 1 2 279 280 1.655105 3.661452 127.5486 2.234946 4.221372 127.7025 0 0 
473 3 1 2 165 168 -6.771903 -2.938837 119.0476 -5.861419 -1.939085 119.8854 0 0 
474 3 1 2 274 275 2.064801 3.668882 123.8066 2.736216 4.432758 124.3357 0 1 19 
475 3 1 2 166 167 -6.808434 -2.744219 124.3357 -6.311593 -2.133841 124.3357 0 0 
476 3 1 2 178 182 -5.563269 -4.912237 55.63218 -1.915279 -0.3286479 57.39842 0 1 78 
477 3 1 2 65 68 1.814738 -5.738985 104.093 4.330002 -3.219892 106.2564 0 1 -7 
478 3 1 2 237 238 -4.352953 -2.931573 117.364 -3.378092 -1.952196 118.3225 0 0 
479 3 1 2 270 271 1.849326 3.24701 93.55714999999999 4.330002 5.206523 94.86172999999999 0 0 
480 3 1 2 179 180 -10.1106 -2.665412 42.38067 -0.4121202000000004 4.93052 50.91992 0 3 42 53 85 
481 3 1 2 269 353 1.076137 1.414684 82.62727 5.06739 5.045242 84.47597 0 0 
482 3 1 2 16 21 5.514759 -5.272669 112.9119 7.102141 -3.914061 113.328 0 1 5 
483 3 1 2 15 21 5.751017 -4.481129 112.9119 7.102141 -3.685489 113.6856 0 1 -5 
484 3 1 2 266 272 3.110725 3.70327 110.1936 4.637123 5.225514 111.0136 0 0 
485 3 1 2 266 268 3.085312 3.710043 106.2564 4.330002 5.248098 106.2564 0 0 
486 3 1 2 54 69 1.280045 -5.039588 81.52202 5.049507 -1.239308 85.14527 0 1 -75 
487 3 1 2 61 62 7.118021 -2.727704 114.7939 8.705418999999999 -1.714032 116.3357 0 0 
488 3 1 2 125 128 3.438263 -4.339759 118.3376 4.305904 -3.474167 119.1216 0 0 
489 3 1 2 24 27 5.817418 -4.397635 120.3786 6.806321 -3.514363 121.2008 0 0 
490 3 1 2 227 228 -3.078018 -2.690188 105.9855 -1.520881 -1.194781 107.1593 0 1 16 
491 3 1 2 169 171 -7.164601 -3.091339 105.6833 -6.560223 -1.292226 106.2564 0 1 -13 
492 3 1 2 37 40 -1.952376 -1.004837 5.388638 2.428449 7.999998 13.43113 0 3 -10 66 -96 
493 3 1 2 261 262 3.40753 3.525029 116.6481 4.365969 4.462073 117.0953 0 0 
494 3 1 2 259 260 3.874868 4.680371 128.3244 4.504346 5.275363 128.8847 0 0 
495 3 1 2 259 262 3.387261 4.488259 116.3357 4.371719 5.27277 116.3357 0 0 
496 3 1 2 226 228 -3.446642 -3.095396 105.212 -1.813051 -0.67411 106.2564 0 1 79 
497 3 1 2 45 46 0.05213709 -3.451786999999999 30.17456 3.471245 3.424894 33.90292 0 2 72 100 
498 3 1 2 258 259 3.402346 4.484805 118.152 4.36428 5.464393 118.4041 0 0 
499 3 1 2 257 287 3.404102 4.678882 123.8239 3.868569 5.289259 124.3357 0 0 
500 3 1 2 58 64 7.133212 -2.705841 107.0142 8.692610999999999 -1.146062 107.8028 0 0 
501 3 1 2 155 156 -6.910672 -4.254374 127.5156 -6.319101 -3.663126 127.7706 0 0 
502 3 1 2 275 279 1.872388 3.97407 123.8321 2.265294 4.430721 124.3357 0 1 19 
503 3 1 2 241 242 -2.901489 -1.704876 127.2433 -2.339182 -1.140575 127.5451 0 0 
504 3 1 2 245 246 -4.337701 -1.896258 122.7675 -3.40406 -0.9290305 123.3133 0 0 
505 3 1 2 249 252 -8.358382000000001 -1.926433 116.9249 -7.421351 -0.9758273 117.0741 0 0 
506 3 1 2 249 251 -8.396176000000001 -2.727726 116.3357 -7.411719 -1.943236 116.3357 0 0 
507 3 1 2 249 250 -8.705417000000001 -2.727656 114.7937 -7.118215 -1.140337 114.8431 0 0 
508 3 1 2 209 212 -4.370172 -5.484016 121.9883 -3.378504 -4.485248 122.3764 0 0 
509 3 1 2 151 152 -8.334056 -3.193757 100.591 -5.897899 -0.6780267 102.6394 0 1 24 
510 3 1 2 7 8 7.184613 -5.219304 115.1329 8.639322999999999 -3.738379 115.6258 0 0 
512 3 1 2 134 135 -8.411714999999999 -4.279259 124.3357 -7.914868 -3.668882 124.3357 0 0 
513 3 1 2 242 245 -4.304263 -1.927751 119.3975 -3.371896 -0.9303165 119.9428 0 0 
514 3 1 2 33 35 -4.909599 -3.097574 20.63351 4.670787000000001 2.386127 28.84539 0 3 62 -91 92 
515 3 1 2 17 23 6.421887 -5.439863 123.6371 6.776653 -4.524677 123.8307 0 1 -45 
516 3 1 2 237 242 -4.353658 -1.9187 118.0451 -3.377314 -0.9743927999999999 118.3574 0 0 
517 3 1 2 83 84 1.6625 -5.298347 127.4281 2.251111 -4.701561 128.1955 0 0 
519 3 1 2 122 128 3.238611 -1.734219 124.3357 3.868569 -1.123841 124.7021 0 0 
520 3 1 2 232 236 -4.581428 -2.70075 111.702 -3.078508 -1.159621 113.3363 0 0 
521 3 1 2 199 200 -4.280165 -5.678495 97.50574 -1.815879 -3.281083 98.32834 0 0 
522 3 1 2 229 254 -2.752901 -1.925582 116.3357 -1.769882 -0.9848968 117.0091 0 0 
523 3 1 2 34 37 -2.983556 -7.987281000000001 13.2116 7.984947999999999 0.9888514000000002 22.5707 0 4 36 56 77 -119 
524 3 1 2 229 230 -2.996205 -2.675873 115.5953 -1.539466 -1.191625 115.6169 0 0 
525 3 1 2 169 170 -6.7754 -3.091339 105.3195 -5.85098 -1.165002 106.2564 0 1 13 
526 3 1 2 391 392 -6.899842 3.663213 127.0709 -6.323526 4.283553 127.2586 0 0 
527 3 1 2 61 414 7.430388 -2.931466 118.9235 8.336679999999999 -1.940038 119.5993 0 0 
528 3 1 2 35 36 -6.634751 -1.227024 20.63351 7.25548 7.999383999999999 29.32718 0 4 54 92 105 116 
529 3 1 2 254 255 -8.544650000000001 -2.749353 126.4523 -7.914868 -2.127436 126.4523 0 0 
530 3 1 2 173 176 -6.776358 -1.853215 118.8165 -5.878526 -0.9322359 119.2845 0 0 
531 3 1 2 225 232 -4.665261 -2.680813 106.9393 -3.078023 -1.153921 107.7658 0 0 
532 3 1 2 131 134 -7.906666 -5.297569 124.8134 -7.279846 -4.693335 125.3455 0 0 
533 3 1 2 438 439 -2.768443 4.678882 124.3357 -2.271593 5.289259 124.3357 0 0 
534 3 1 2 203 208 -2.220963 -5.288109 125.277 -1.635722 -4.680523 125.5241 0 0 
535 3 1 2 222 223 -2.264095 -4.285667 126.8971 -1.642372 -3.689147 127.3192 0 0 
536 3 1 2 145 148 -8.311795999999999 -5.020913 105.2463 -7.118018 -3.710043 106.2564 0 1 -31 
537 3 1 2 207 208 -2.244509 -5.29771 127.0962 -1.660675 -4.67839 127.688 0 0 
538 3 1 2 220 221 -2.767972 -3.995787 123.3102 -2.180983 -3.517542 124.3357 0 2 23 61 
539 3 1 2 41 42 0.3002501999999998 0.08976115000000018 54.88824 8.970601 5.038503 57.39842 0 2 3 26 
540 3 1 2 219 220 -2.876307 -4.249945 127.3559 -2.280073 -3.661856 127.6511 0 0 
541 3 1 2 21 22 5.823986 -5.27277 116.3357 6.808444 -4.487481 116.3357 0 0 
542 3 1 2 77 78 3.387261 -2.72773 115.5406 4.612119 -1.186338 116.3357 0 1 2 
543 3 1 2 104 110 1.786028 -2.930773 116.9695 2.763469 -1.953092 117.636 0 0 
544 3 1 2 218 221 -2.767972 -4.473869 123.3113 -1.802672 -3.895988 124.1195 0 2 -23 60 
545 3 1 2 101 102 1.768453 -2.939025 123.8123 2.7383 -1.977518 124.3357 0 0 
546 3 1 2 211 212 -4.355037 -5.47512 116.9817 -3.377306 -4.501239 118.1941 0 0 
547 3 1 2 62 64 7.162127 -2.720334 112.2192 8.705018000000001 -1.1765 113.2059 0 0 
548 3 1 2 210 224 -3.837303 -5.273769 127.1391 -3.251197 -4.677236 127.5404 0 0 
549 3 1 2 164 167 -8.539683 -1.72939 127.6287 -7.937401 -1.159891 128.0609 0 0 
550 3 1 2 209 210 -4.267774 -5.442107 123.8176 -3.371719 -4.678882 124.3357 0 1 1 
551 3 1 2 39 40 -2.457411 -7.955765999999999 0 2.428449 7.959306 10.2925 0 2 10 106 
552 3 1 2 209 217 -4.371718 -5.289259 124.3357 -3.874868 -4.678882 124.3357 0 1 -1 
553 3 1 2 186 191 -9.109956 -5.206536 78.4325 -5.375748 -1.716525 80.31076 0 1 84 
555 3 1 2 105 106 1.80179 -1.896668 122.7807 2.737965 -0.9685888 122.8328 0 0 
556 3 1 2 206 222 -2.71421 -4.340515 119.0424 -1.820856 -3.48812 119.3958 0 0 
557 3 1 2 204 206 -2.710055 -5.477396 119.5301 -1.796232 -4.485864 119.9314 0 0 
558 3 1 2 91 93 1.649556 -4.286576 126.1382 2.221418 -3.661773 126.4895 0 0 
559 3 1 2 33 47 -7.306609 -4.883021 28.91763 -1.457804 -2.771237 32 0 1 -64 
560 3 1 2 203 204 -2.732658 -5.44888 122.706 -1.768932 -4.484152 123.3254 0 0 
561 3 1 2 200 231 -4.314876 -3.125945 95.90667000000001 -1.890994 -0.7083576 96.3295 0 0 
562 3 1 2 185 188 -7.604875 -4.059564 75.10024 -3.233601 -0.03545510000000007 77.55714999999999 0 2 -20 -82 
563 3 1 2 168 173 -6.792901 -2.72773 116.3357 -5.808444 -1.942646 116.3357 0 0 
564 3 1 2 54 56 4.962036 -3.855013 77.10527999999999 5.08975 -2.783987 77.55714999999999 0 1 33 
565 3 1 2 53 55 5.024931 -2.783987 75.50244000000001 8.091564 -0.1783512 77.55714999999999 0 1 30 
566 3 1 2 189 190 -6.808443 -1.734219 124.3357 -6.311593 -1.123841 124.3357 0 0 
567 3 1 2 73 74 2.994802 -2.703058 105.0061 4.330002 -0.6741089 106.2564 0 1 14 
568 3 1 2 196 208 -3.008008 -5.233881 112.6062 -1.480916 -3.686597 114.1839 0 0 
569 3 1 2 195 196 -3.048736 -5.244555 110.1581 -1.513436 -3.740489 111.5917 0 0 
570 3 1 2 174 175 -7.100812 -2.71998 111.049 -5.553019 -1.165308 111.8543 0 0 
571 3 1 2 194 195 -3.055835 -5.062032 105.6688 -2.501782 -3.813565 106.8876 0 1 69 
572 3 1 2 107 108 2.272655 -1.715197 127.3674 2.899913 -1.14245 127.6068 0 0 
573 3 1 2 58 59 6.733506 -3.101932 105.2681 7.89726 -0.6744083000000001 106.2564 0 2 49 87 
574 3 1 2 193 195 -2.807068 -5.248098 105.2119 -1.81016 -3.710043 106.2564 0 1 -69 
575 3 1 2 191 192 -9.033808000000001 -5.192186 86.62823 -5.129395 -1.298738 88.23208 0 0 
576 3 1 2 178 183 -4.7594 1.156544 55.85108 -1.915279 3.20655 57.39842 0 2 52 76 
577 3 1 2 184 188 -8.263671 -6.355801 69.29340999999999 -2.037887 -0.05784165999999979 72.28626 0 0 
578 3 1 2 133 134 -8.485339 -4.252769 127.4368 -7.920106 -3.667488 127.6504 0 0 
579 3 1 2 91 92 1.649157 -4.288186 127.1238 2.262494 -3.663782 127.5687 0 0 
580 3 1 2 185 191 -8.444181 -4.202587 78.4325 -5.120581 -1.212047 79.8215 0 1 -84 
581 3 1 2 184 462 -6.695842 1.495023 62.28579 -1.935522 6.323519 64.79651 0 1 48 
582 3 1 2 117 128 3.387261 -4.470196 116.3357 4.370966 -3.534524 117.022 0 0 
583 3 1 2 183 462 -8.206666999999999 0.07994507999999989 62.28579 -2.416124 5.945328 64.79651 0 1 -48 
584 3 1 2 43 51 0.1263456000000001 -4.993093 49.66833 5.773773 -0.8716346000000001 52.36115 0 2 40 58 
585 3 1 2 41 52 4.663694 0.0605109800000001 54.88824 9.574894 3.215584 57.39842 0 2 -3 -57 
586 3 1 2 10 63 5.889326 -3.174023 93.55714999999999 8.351509 -1.206552 94.92574 0 0 
587 3 1 2 76 110 1.566539 -2.715169 109.6717 3.058884 -1.169697 110.272 0 0 
588 3 1 2 178 184 -4.7594 2.114698 54.02651 -0.6054976999999999 3.20655 57.39842 0 2 -52 -112 
589 3 1 2 7 12 7.3476 -5.224173 111.6187 8.683536 -4.470664 111.9468 0 1 37 
590 3 1 2 177 184 -6.212713 2.114698 54.75383 -4.7594 5.037415 57.39842 0 1 -114 
591 3 1 2 129 134 -7.908562 -5.289259 124.3357 -7.411719 -4.678882 124.3357 0 1 102 
592 3 1 2 17 18 6.373853 -5.274593 127.1233 6.930464 -4.680507 127.5158 0 0 
593 3 1 2 81 88 2.273604 -5.295131 124.7848 2.844866 -4.693306 124.8863 0 0 
594 3 1 2 177 180 -10.1106 -3.180134 48.46753 -6.296021 -0.2598286000000001 52.68494 0 1 -42 
595 3 1 2 42 44 0.1393391999999998 0.9426410000000001 45.58105 5.973479 4.961656 47.95945 0 1 -27 
596 3 1 2 47 180 -10.12762 -5.022565999999999 37.90855 -4.675051 4.45895 43.33607 0 1 -43 
597 3 1 2 36 40 -4.233731 4.125401 12.32789 0.005995945000000003 7.999998 13.43113 0 2 -66 -110 
598 3 1 2 163 164 -8.411718 -1.734219 124.0723 -7.914868 -1.123841 124.3357 0 0 
599 3 1 2 78 123 3.387261 -1.925308 116.3357 4.371719 -1.140329 116.3357 0 1 2 
600 3 1 2 157 158 -7.102102 -5.272741 114.8484 -5.514763 -3.68537 115.4073 0 0 
601 3 1 2 12 15 5.864492 -5.615896 97.47451 8.333027 -3.281787 98.61745000000001 0 0 
602 3 1 2 72 85 1.515259 -5.222816 113.3312 2.998705 -3.687885 114.1653 0 0 
603 3 1 2 148 152 -8.705253000000001 -5.236648 109.4025 -7.203268 -3.709198 110.1704 0 0 
604 3 1 2 26 27 6.10276 -4.430664 123.82 6.775798 -3.516605 124.0526 0 1 9 
605 3 1 2 154 160 -6.74614 -4.473982 119.6074 -5.866085 -3.474554 119.9068 0 0 
607 3 1 2 41 51 0.3002501999999998 -0.04714730999999994 55.14028 5.380064 1.567143 57.39842 0 2 -26 57 
608 3 1 2 151 170 -7.132186 -3.193757 101.6931 -5.897899 -1.590497 102.6394 0 1 -24 
609 3 1 2 149 150 -8.330836 -5.206549 93.55714999999999 -5.868053 -3.32107 95.00673 0 0 
610 3 1 2 401 404 -8.396176000000001 3.685373 116.3357 -7.411719 4.470045 116.3357 0 0 
611 3 1 2 81 83 1.768444 -5.289259 124.3357 2.265294 -4.678882 124.3357 0 0 
612 3 1 2 146 148 -8.311795999999999 -5.248098 105.2463 -7.331747 -4.69698 106.2564 0 1 31 
613 3 1 2 19 20 5.688394 -5.248468 127.0784 6.287462 -4.670142 127.2282 0 0 
614 3 1 2 141 144 -8.411718 -5.289259 124.3357 -7.914868 -4.678882 124.3357 0 1 -12 
615 3 1 2 139 143 -6.808443 -5.289259 124.3357 -6.311593 -4.678882 124.3357 0 0 
616 3 1 2 137 157 -6.792901 -5.27277 115.958 -5.808444 -4.488357 116.3357 0 0 
617 3 1 2 136 160 -8.407279000000001 -4.375307 119.8276 -7.48555 -3.484767 120.421 0 0 
618 3 1 2 126 128 3.874909 -4.279259 124.3357 4.371719 -3.668882 124.3357 0 0 
619 3 1 2 29 32 7.91491 -4.279259 124.3357 8.411719 -3.668882 124.3357 0 0 
620 3 1 2 121 123 3.458812 -1.891098 120.4079 4.357756 -0.9619621 120.6009 0 0 
621 3 1 2 105 108 2.271602 -1.734219 123.8301 2.735399 -1.123841 124.3357 0 0 
622 3 1 2 42 52 3.392545 -2.247729 49.28771 10.12917 3.215584 56.54329 0 3 3 -59 -94 
623 3 1 2 88 94 1.772354 -4.425753 120.3709 2.693994 -3.483693 120.5252 0 0 
624 3 1 2 116 119 3.295701 -5.271962 127.1021 3.864514 -4.722948 127.4417 0 0 
625 3 1 2 115 116 3.875625 -5.266947 127.1396 4.50399 -4.673432 127.6484 0 0 
626 3 1 2 33 37 -4.265213 -3.796226 15.40162 0.1647763000000002 1.68594 17.97604 0 3 17 -36 -117 
627 3 1 2 111 112 1.652984 -1.744007 127.1162 2.247985 -1.115621 127.5625 0 0 
628 3 1 2 48 179 -2.719206 -2.665412 42.36719 -0.05780391000000007 4.375094 44.76256 0 1 53 
629 3 1 2 167 168 -8.544437 -1.73807 129.2942 -7.962518 -1.127073 129.5888 0 0 
630 3 1 2 109 112 1.783986 -1.925086 116.3357 2.757433 -0.9732443 116.9606 0 0 
631 3 1 2 106 112 1.795554 -1.916507 118.7714 2.735772 -0.9300045 119.6202 0 0 
632 3 1 2 100 103 7.980748 -1.707568 127.2448 8.540902000000001 -1.207912 127.7411 0 0 
633 3 1 2 97 99 7.483896 -1.897252 118.2753 8.398959 -0.9499327 118.9615 0 0 
634 3 1 2 95 96 2.271594 -4.270134 127.4206 2.891638 -3.678914 127.7007 0 0 
635 3 1 2 497 500 -2.499413 0.8976922000000001 105.2142 -1.915046 1.516485 105.6725 0 2 -63 -121 
636 3 1 2 87 88 2.33451 -5.284557 127.1252 2.901426 -4.683285 127.4236 0 0 
637 3 1 2 33 38 -7.796547 -7.360541 14.62236 -2.983556 1.68594 16.75178 0 3 -15 -17 -55 
638 3 1 2 5 12 7.145655 -5.037399 111.5606 8.683536 -3.731388 112.0333 0 1 -37 
640 3 1 2 30 32 7.47878 -4.474053 116.9757 8.318609 -3.527288 117.7088 0 0 
641 3 1 2 82 86 1.778631 -5.411942 118.4167 2.764706 -4.559754 119.2263 0 0 
642 3 1 2 78 90 3.402571 -2.937716 119.5458 4.317049 -1.940477 119.9702 0 0 
643 3 1 2 93 95 2.271638 -4.279259 124.3357 2.768444 -3.668882 124.3357 0 0 
644 3 1 2 20 23 5.841957 -5.442298 123.6371 6.514 -4.524677 123.8307 0 1 45 
645 3 1 2 67 118 3.225561 -5.272424 109.4818 4.593034 -3.83344 109.9938 0 0 
646 3 1 2 67 68 3.725809 -4.47907 105.2947 4.330002 -3.403235 106.2564 0 1 7 
647 3 1 2 2 8 7.416065 -5.404636 118.2793 8.400888 -4.505105 119.0064 0 0 
648 3 1 2 63 69 1.408297 -5.204612 81.85872000000001 3.870065 -3.795945 83.46543 0 1 75 
649 3 1 2 62 99 7.427261 -1.925807 116.3357 8.411719 -1.140329 116.3357 0 0 
650 3 1 2 43 52 3.392545 -4.993093 49.28771 9.967290999999999 0.3138176000000001 52.36115 0 2 -58 94 
651 3 1 2 28 29 7.411723 -4.279259 124.3357 7.908569 -3.668882 124.3357 0 0 
652 3 1 2 36 45 -7.847324 0.5949783 23.15079 -4.143003 4.469909 26.24233 0 2 54 93 
653 3 1 2 5 6 7.946976 -5.265451 127.193 8.54482 -4.678183 127.5604 0 0 
654 3 1 2 491 492 -3.868338 2.128737 126.4523 -3.238608 2.750434 126.4523 0 0 
655 3 1 2 491 492 -4.37171 2.133841 124.3357 -3.874868 2.744219 124.3357 0 0 
656 3 1 2 489 490 -8.330836 3.320596 92.7568 -5.85016 5.20653 93.55714999999999 0 0 
657 3 1 2 489 490 -9.041839 1.327441 87.3066 -5.11117 5.205787 90.4556 0 0 
658 3 1 2 481 482 -2.768443 0.9715245 123.8161 -2.066729 1.734219 124.3357 0 1 21 
659 3 1 2 481 482 -2.713917 0.929272 121.5577 -1.837928 1.929013 121.8327 0 0 
660 3 1 2 317 318 1.768717 1.9394 123.1076 2.767362 2.939012 123.3702 0 0 
661 3 1 2 317 318 1.768453 2.133841 124.3357 2.265294 2.744219 124.3357 0 0 
662 3 1 2 465 466 -7.873319 1.11406 127.9821 -7.282032 1.73287 128.0468 0 0 
663 3 1 2 465 466 -7.908562 1.123841 124.3357 -7.411719 1.734219 124.3357 0 1 22 
664 3 1 2 114 116 3.371719 -5.289259 124.3357 3.868569 -4.678882 124.3357 0 1 6 
665 3 1 2 114 116 3.875199 -5.28614 126.6395 4.448262 -4.687138 126.7143 0 0 
666 3 1 2 329 330 7.41214 1.939055 123.2909 8.38156 2.938964 123.859 0 0 
667 3 1 2 329 330 7.278778 2.127549 126.4523 7.908569 2.749289 126.4523 0 0 
668 3 1 2 383 384 7.423992 3.518479 122.1442 8.382811 4.440761 122.7348 0 0 
669 3 1 2 383 384 7.411723 3.668882 124.3357 7.908569 4.279259 124.3357 0 0 
670 3 1 2 109 110 1.531188 -2.670649 114.0558 3.002991 -1.14061 114.9048 0 0 
671 3 1 2 109 110 1.783986 -2.727728 116.3357 2.768444 -1.942967 116.3357 0 0 
672 3 1 2 263 264 3.873432 3.668882 123.8214 4.341081 4.474067 124.3357 0 0 
673 3 1 2 263 264 3.371723 3.474074 123.8313 3.873687 4.279259 124.3357 0 0 
674 3 1 2 449 450 -6.792901 1.140339 116.3357 -5.808444 1.925223 116.3357 0 0 
675 3 1 2 449 450 -7.102042 1.140337 114.0567 -5.57315 2.678837 114.8335 0 0 
676 3 1 2 445 446 -2.752901 3.685371 116.3357 -1.768444 4.470486 116.3357 0 0 
677 3 1 2 445 446 -2.752901 4.487998 116.3357 -1.768444 5.272771 116.3357 0 0 
678 3 1 2 390 391 -6.885192 3.663302 124.8202 -6.312989 4.263135 124.9217 0 0 
679 3 1 2 390 391 -6.305199 3.662496 126.4523 -5.675333 4.284976 126.4523 0 0 
680 3 1 2 281 284 1.651805 4.669744 125.807 2.220911 5.294591 126.2594 0 0 
681 3 1 2 281 284 2.271602 4.678882 124.3357 2.768444 5.289259 124.3357 0 0 
682 3 1 2 435 436 3.402232 2.133841 123.8208 3.868569 2.744219 124.3357 0 0 
683 3 1 2 435 436 3.874974 2.133841 124.3357 4.371719 2.744219 124.3357 0 0 
684 3 1 2 425 426 -4.371029 3.511261 122.2102 -3.40018 4.442094 122.8062 0 0 
685 3 1 2 425 426 -3.86846 3.659601 126.4523 -3.238608 4.287776 128.5688 0 0 
686 3 1 2 421 422 -4.356176 3.68537 116.3357 -3.371719 4.470428 116.7364 0 0 
687 3 1 2 421 422 -4.356176 4.487642 116.3357 -3.371719 5.27277 116.6484 0 0 
688 3 1 2 233 234 -2.26518 -2.744219 124.1545 -1.768444 -2.133841 124.3357 0 0 
689 3 1 2 233 234 -2.768433 -2.744219 124.3357 -2.271593 -2.133841 124.3357 0 0 
690 3 1 2 413 416 7.915143 -2.753706 126.4523 8.544829 -2.125325 128.5688 0 0 
691 3 1 2 413 416 7.411728 -2.744219 124.3357 7.908569 -2.133841 124.3357 0 0 
692 3 1 2 221 222 -2.735985 -4.469908 120.435 -1.769645 -3.474438 121.2296 0 0 
693 3 1 2 221 222 -2.271593 -4.155886 123.8214 -1.800398 -3.668882 124.3357 0 2 60 61 
694 3 1 2 85 86 1.783986 -5.272771 116.3357 2.768444 -4.487797 116.3357 0 0 
695 3 1 2 85 86 1.783986 -4.470208 116.3357 2.768444 -3.685371 116.3357 0 0 
696 3 1 2 362 363 7.914879 4.678882 124.3357 8.411719 5.289259 124.3357 0 0 
697 3 1 2 362 363 7.44426 4.484078 123.8303 7.91442 5.289259 124.3357 0 0 
698 3 1 2 197 200 -4.290836 -5.094013 91.93732 -1.81016 -3.337999 93.55714999999999 0 0 
699 3 1 2 197 200 -4.290836 -3.076384 93.55714999999999 -1.81016 -1.206553 93.55714999999999 0 0 
700 3 1 2 339 340 5.675348 1.118021 124.3357 6.305294 1.734219 126.4523 0 0 
701 3 1 2 339 340 6.311601 1.123841 124.3357 6.808444 1.734219 124.3357 0 0 
702 3 1 2 239 240 -3.926536 -2.894135 123.2653 -3.372963 -1.97738 124.3357 0 0 
703 3 1 2 239 240 -4.37171 -2.744219 124.3357 -3.874868 -2.133841 124.3357 0 0 
704 3 1 2 303 304 3.387261 0.9804231 116.3357 4.371719 1.925328 116.9714 0 0 
705 3 1 2 303 304 3.143236 1.189568 114.7806 4.665403 2.727573 115.6163 0 0 
706 3 1 2 246 248 -3.868545 -1.739729 126.4523 -3.238608 -1.11792 126.4523 0 0 
707 3 1 2 246 248 -4.371718 -1.734219 124.3357 -3.874868 -1.123841 124.3357 0 0 
708 3 1 2 213 214 -4.371177 -4.473918 122.8465 -3.371929 -3.47411 123.3681 0 0 
709 3 1 2 213 214 -3.868528 -4.279259 124.3357 -3.371719 -3.668882 124.3357 0 0 
710 3 1 2 205 206 -2.752901 -5.272757 116.3357 -1.768444 -4.487956 116.3357 0 0 
711 3 1 2 205 206 -2.76498 -4.408787 117.5925 -1.84237 -3.488554 117.7562 0 0 
712 3 1 2 153 154 -6.78243 -4.434422 122.1607 -5.816474 -3.512101 122.7636 0 0 
713 3 1 2 153 154 -6.305257 -4.279259 124.3357 -5.808444 -3.668882 124.3357 0 0 
714 3 1 2 34 35 3.033724 0.1781629 27.86319 7.25548 3.370166 30.17456 0 3 44 51 105 
715 3 1 2 34 35 2.08534 -3.097574 24.77033 4.670787 1.244198 27.86319 0 3 83 91 116 
2 3 1 1 39 -2.457411 -7.955765999999999 0 8 7.959306 11.91231 0 3 -77 -371 551 
3 3 1 1 37 -4.265213 -7.987281000000001 4.819849 7.985827 7.999998 22.5707 0 6 -236 286 371 492 -523 -626 
4 3 1 1 38 -7.998505 -7.987281 2.647924 5.684821000000001 6.787895 16.75178 0 6 39 77 -206 -278 -286 -637 
5 3 1 1 40 -7.999453 -7.955765999999999 0 2.428449 7.999998 13.43113 0 4 -39 -492 -551 -597 
6 3 1 1 33 -7.999983 -7.999993999999999 14.62236 4.670787000000001 2.386127 32 0 7 128 199 259 514 559 626 637 
7 3 1 1 36 -7.999983 -2.167797999999999 10.71909 7.938651 7.999998 29.32718 0 7 -128 236 278 -391 -528 597 652 
8 3 1 1 34 -3.134077 -7.999994 13.2116 8 3.370166 32 0 8 129 206 214 -259 391 523 714 715 
9 3 1 1 35 -6.634751 -3.097574 20.63351 7.25548 7.999998 32 0 6 104 459 -514 528 -714 -715 
10 3 1 1 45 -7.999887 -4.034957 23.15079 3.651222000000001 6.759753999999999 33.90292 0 7 159 -199 -214 373 -459 497 -652 
11 3 1 1 46 0.05213708999999955 -5.039623 29.32718 10.12977 5.037975 42.46065 0 4 -104 -129 -170 -497 
12 3 1 1 47 -10.1297 -5.039606 28.91763 -1.457804 5.036174 43.33607 0 4 217 -373 -559 596 
13 3 1 1 48 -7.67682 -5.022566 32 -0.05039683999999989 5.036174 44.76256 0 4 -159 -217 438 628 
14 3 1 1 52 3.392545 -5.431372 49.28771 10.12977 3.215584 59.60142 0 5 -203 -230 -585 -622 -650 
15 3 1 1 51 0.1220014000000003 -6.374092 49.66833 8.166192000000001 1.567143 60.08004 0 5 -174 203 -298 -584 -607 
16 3 1 1 50 1.91562 -6.374092 57.39842 8.227816000000001 -0.0326606599999999 67.00476 0 3 -131 174 230 
17 3 1 1 43 0.07227237000000031 -5.036123 40.22473 10.12695 4.961656 52.36115 0 4 -119 162 584 650 
18 3 1 1 44 0.07227237000000031 -5.036123 32 10.12977 4.961656 47.95945 0 3 -162 170 -595 
19 3 1 1 42 0.1220014000000003 -2.247729 45.58105 10.12917 5.038503 57.39842 0 5 119 298 -539 595 622 
20 3 1 1 41 0.3002501999999998 -0.04714731000000016 54.88824 9.574894 6.380384 62.08599 0 4 245 539 585 607 
21 3 1 1 180 -10.12762 -5.028617 37.90855 -0.4121202000000004 5.023362 52.68494 0 5 -95 -438 -480 -594 -596 
22 3 1 1 179 -10.1106 -2.665412 42.36719 -0.05040039000000007 5.037415 55.85108 0 5 61 -226 -366 480 -628 
23 3 1 1 178 -8.999705000000001 -5.037437000000001 46.71551 -0.05039684000000033 3.20655 57.39842 0 6 95 -166 366 476 576 588 
24 3 1 1 177 -10.1106 -5.037437 48.46753 -2.665861 5.037415 59.28165 0 6 166 226 250 293 590 594 
26 3 1 1 182 -8.231735 -6.378315 55.63218 -1.915279 -0.08625242000000011 63.29981 0 3 -273 -293 -476 
27 3 1 1 183 -8.263871999999999 0.04620759999999979 55.37543 -1.915279 5.945328 64.79651 0 4 207 -250 -576 583 
28 3 1 1 181 -8.261642999999999 -6.37895 58.96986 -1.9157 -0.03675546000000018 69.84188 0 2 185 273 
30 3 1 1 354 1.915296 0.03291310999999997 71.87982 7.326522 6.234402 78.35241000000001 0 3 107 -300 357 
31 3 1 1 356 3.248245 0.03291310999999997 72.99173 8.264882999999999 6.381257 78.45867 0 4 -107 369 -374 -379 
32 3 1 1 358 1.915359 0.05467230000000001 66.35754 8.256883999999999 6.380629 75.41907 0 3 -121 -357 -369 
33 3 1 1 355 5.110124 1.208843 77.55714999999999 9.110080999999999 5.198767 84.89765 0 2 324 374 
34 3 1 1 353 1.070745 1.211369 76.72747 5.070081 5.182943 84.47597 0 3 300 379 -481 
35 3 1 1 53 1.915279 -6.225681 71.04246000000001 8.091564 -0.03185452999999994 77.55714999999999 0 4 262 -393 395 565 
36 3 1 1 55 5.024931 -5.153919 75.50244000000001 9.110080999999999 -0.1783511999999998 82.56516000000001 0 3 63 -353 -565 
37 3 1 1 56 1.915279 -6.381301 70.61790000000001 8.264882999999999 -1.261265 77.55714999999999 0 4 -63 -313 -395 -564 
38 3 1 1 54 1.084238 -5.196901 76.78291 5.08975 -1.208634 85.14527 0 4 187 -262 486 564 
39 3 1 1 461 -8.264882999999999 0.03501349999999981 69.19970000000001 -1.915595 6.377031 77.55714999999999 0 3 105 -109 -127 
40 3 1 1 460 -7.604875 0.03501349999999981 74.96127 -1.915279 6.377031 79.74095 0 3 109 -115 -126 
41 3 1 1 458 -9.098182 0.1791729000000002 75.01322 -4.881646 5.163182 80.30237 0 3 126 127 -130 
42 3 1 1 459 -5.070081 1.208592 77.55714999999999 -1.070081 5.197637 84.97714000000001 0 2 67 115 
43 3 1 1 507 -5.069004 1.207536 82.06319000000001 -1.070501 5.205898 92.01921 0 2 -5 -67 
44 3 1 1 185 -8.444181 -4.202587 75.10024 -2.575287 -0.03545510000000007 79.8215 0 4 146 444 562 580 
45 3 1 1 186 -9.109956 -6.375166 73.72085 -3.270128 -1.268722 80.31076 0 3 -146 212 553 
46 3 1 1 188 -8.264821 -6.375166 69.29340999999999 -1.915279 -0.03545510000000007 77.55714999999999 0 4 -212 -307 -562 -577 
47 3 1 1 187 -5.069605 -5.149755 75.48266 -1.070081 -0.6311184000000001 82.49706999999999 0 3 307 339 -444 
48 3 1 1 198 -5.05587 -5.205105 80.79998999999999 -1.078836 -1.207811 90.85995 0 2 -103 -339 
49 3 1 1 191 -9.109956 -5.206536 78.4325 -5.110092 -1.212047 88.23208 0 3 -553 575 -580 
50 3 1 1 359 5.110081 1.206566 90.30685 9.110080999999999 5.738979 95.0104 0 3 88 361 -380 
51 3 1 1 360 5.110402 1.206609 82.58009 9.109883 5.205781 92.08665000000001 0 2 -88 -324 
53 3 1 1 270 1.070082 0.6741090000000001 90.2473 5.070081 5.206523 96.50984 0 3 254 -301 479 
54 3 1 1 269 1.0701 1.206851 82.62727 5.067519 5.206211 91.96914 0 2 301 481 
55 3 1 1 271 1.811173 3.21964 93.55714999999999 4.330002 5.738941 101.7224 0 2 -378 -479 
56 3 1 1 310 1.810593 0.6760605 95.02343999999999 4.328163 3.193951 104.2541 0 3 -254 442 -445 
57 3 1 1 9 5.110751 -5.205518 80.89989 9.106688999999999 -1.207353 90.62593 0 2 296 353 
58 3 1 1 10 5.110082 -5.205518 88.75248999999999 9.110080999999999 -1.206552 94.92574 0 3 -296 412 586 
62 3 1 1 70 1.070085 -5.206548 89.89394 5.070081 -0.6741136999999999 94.98979 0 3 333 377 -384 
63 3 1 1 69 1.072288 -5.204612 81.52202 5.068117 -1.206551 91.98276 0 3 384 -486 -648 
64 3 1 1 80 1.81025 -3.187474 94.2396 4.329995 -0.6754582999999998 103.7849 0 2 -94 -377 
65 3 1 1 506 -5.070081 0.6741231000000001 89.49672 -1.070081 5.205898 94.98459 0 3 5 -7 -8 
68 3 1 1 420 -4.326884 3.220362 98.77323 -1.814218 5.737142 104.6776 0 2 -135 235 
69 3 1 1 417 -4.321503 3.219244 103.0634 -1.81016 5.738753 106.2564 0 3 135 243 249 
70 3 1 1 489 -9.11008 1.20655 87.3066 -5.110081 5.20653 93.55714999999999 0 3 -56 656 657 
72 3 1 1 457 -9.098182 1.208047 78.18007 -5.111682 5.200475 87.3066 0 2 130 134 
74 3 1 1 197 -5.070079 -5.205105 88.58772999999999 -1.070081 -1.206553 93.55714999999999 0 3 103 698 699 
76 3 1 1 231 -4.329893 -3.180933 95.90667000000001 -1.810255 -0.6751251999999999 104.6616 0 2 -436 -561 
77 3 1 1 199 -4.329888 -5.738632 97.50574 -1.81023 -3.219497 105.0946 0 2 -167 521 
78 3 1 1 193 -4.329053 -5.73899 103.0706 -1.81016 -3.219271 106.2564 0 3 167 192 574 
79 3 1 1 149 -9.110078 -5.206549 88.79163 -5.110081 -1.206557 95.00673 0 3 87 122 609 
81 3 1 1 151 -8.363852 -3.193757 93.55714999999999 -5.85016 -0.6741170999999999 102.6394 0 3 -87 509 608 
82 3 1 1 146 -8.36683 -5.738054 100.3841 -5.851896 -3.221065 106.2564 0 3 -274 325 612 
83 3 1 1 150 -8.360514 -5.738989 93.55714999999999 -5.851896 -3.220583 102.3444 0 2 -325 -609 
84 3 1 1 375 6.228442 3.21925 103.7959 8.370001999999999 5.738743 106.2564 0 3 330 331 -338 
85 3 1 1 376 5.850806 3.227979 98.53055000000001 8.369133 5.738743 106.2564 0 3 -113 -330 -348 
86 3 1 1 373 5.515923 3.32852 105.2761 7.102144 5.672937 109.1014 0 3 113 337 338 
87 3 1 1 374 5.515265 3.692629 107.7873 7.101629 5.271913 113.7176 0 2 -79 -337 
88 3 1 1 379 7.120839 3.685374 105.8193 8.705418999999999 5.272518 111.2627 0 2 322 -331 
89 3 1 1 345 6.733205 0.6750815000000001 105.175 8.705418999999999 2.711467 107.354 0 3 246 386 387 
90 3 1 1 346 5.852733 0.6750815000000001 101.956 8.370001999999999 3.192768 106.2564 0 3 34 383 -387 
91 3 1 1 347 5.515964 0.7317964000000001 105.2635 8.309530000000001 3.193898 107.2019 0 3 -34 271 -386 
92 3 1 1 351 5.869071 0.6741345999999999 93.55714999999999 8.369137 3.193382 103.0012 0 2 380 -383 
93 3 1 1 350 7.12094 1.140333 106.7975 8.700481 2.724585 112.5297 0 2 -246 -381 
94 3 1 1 348 5.515964 1.140336 106.5377 7.096536 2.715821 111.7251 0 2 -271 -389 
95 3 1 1 267 1.818305 3.219536 100.5877 4.326312 5.738754 105.4674 0 2 164 378 
96 3 1 1 268 1.810524 3.219204 104.2778 4.330002 5.738754 106.2564 0 3 -164 -332 -485 
97 3 1 1 265 1.474967 3.321136 105.2482 3.143901 5.265697 109.737 0 2 328 332 
98 3 1 1 266 3.081248 3.685561 106.2564 4.665419 5.264817 111.0136 0 2 484 485 
99 3 1 1 309 1.810593 1.245915 102.3138 4.130322 3.193936 106.2564 0 4 -182 260 443 445 
100 3 1 1 311 1.852195 0.6744481 102.7857 4.326674 3.044357 106.2564 0 4 -108 140 -260 -442 
101 3 1 1 308 1.475204 1.146987 105.3328 3.062144 2.719172 107.9983 0 3 -35 108 182 
102 3 1 1 307 1.480155 1.142587 107.0156 3.056685 2.727712 113.9998 0 2 35 -375 
103 3 1 1 312 3.07958 1.153946 105.4547 4.665419 2.713565 107.9278 0 3 -140 -443 -452 
104 3 1 1 301 3.07958 1.144054 106.9075 4.665377 2.724336 112.4942 0 2 124 452 
105 3 1 1 57 5.850705 -3.185161 100.7134 8.362086 -0.6744082999999998 105.8452 0 3 139 242 388 
106 3 1 1 59 5.850705 -3.193879 104.31 7.934674 -0.6744082999999998 106.811 0 3 51 -242 -573 
107 3 1 1 58 6.733506 -3.101932 105.2681 8.705418999999999 -0.6744083000000001 107.8028 0 3 -139 500 573 
108 3 1 1 291 5.51484 -2.727401 109.6557 7.102109 -1.14033 115.5806 0 3 -191 281 463 
109 3 1 1 60 5.515028 -2.727606 106.2564 7.102144 -1.145284 110.4243 0 2 -51 191 
110 3 1 1 13 5.85069 -5.738348 103.0401 8.370001999999999 -3.254689 106.2564 0 3 83 186 -439 
111 3 1 1 14 5.514753 -5.259819 104.6248 8.108078000000001 -3.21929 108.3159 0 3 -48 -83 468 
112 3 1 1 11 7.121511 -5.271991 105.8384 8.705418999999999 -3.685387 110.6718 0 3 48 123 439 
113 3 1 1 16 5.514759 -5.272669 107.6096 7.102141 -3.685564 113.328 0 3 -424 -468 482 
114 3 1 1 74 1.81038 -3.193941 102.7752 4.330002 -0.6741089 106.2564 0 3 94 341 -567 
115 3 1 1 75 1.810858 -3.089789 104.0841 3.354369 -0.6741089 106.9017 0 3 43 -341 -363 
116 3 1 1 73 2.694166 -2.703058 105.0061 4.665419 -0.6741089 107.5445 0 3 251 363 567 
117 3 1 1 76 1.474761 -2.727675 106.2564 3.060743 -1.142352 110.272 0 2 -43 587 
118 3 1 1 66 1.47583 -5.254401 105.7889 3.144259 -3.687364 109.8192 0 2 55 -385 
119 3 1 1 65 1.811081 -5.738985 104.093 4.330002 -3.219227 106.2564 0 3 385 410 477 
120 3 1 1 68 1.810227 -5.738985 99.78709000000001 4.330002 -3.219892 106.2564 0 3 85 -477 -646 
121 3 1 1 67 3.05428 -5.272424 105.2947 4.665419 -3.311854 109.9938 0 3 -410 645 646 
122 3 1 1 419 -4.665416 3.657034 105.3129 -3.078018 5.272602 109.7206 0 3 40 -240 -249 
123 3 1 1 418 -4.329641 3.690635 105.2064 -1.474743 5.738753 109.0508 0 3 239 240 -243 
124 3 1 1 498 -3.693571 1.329386 104.5587 -1.81016 3.19388 106.6238 0 4 16 17 18 -20 
125 3 1 1 497 -3.061873 0.8976922000000001 105.2142 -1.474743 2.727694 108.3542 0 4 19 20 21 635 
127 3 1 1 499 -4.32979 0.6742918 103.1653 -2.072084 3.19388 106.2564 0 4 14 15 -17 -21 
128 3 1 1 500 -4.329518 0.6742918 100.4101 -1.81844 3.184967 105.9735 0 4 13 -15 -18 -635 
129 3 1 1 503 -4.665299 1.140382 106.2564 -3.078222 2.726961 109.2443 0 3 9 -14 -16 
130 3 1 1 387 -7.843051 3.320217 104.0985 -5.668266 5.738449 107.0258 0 3 -176 204 -306 
131 3 1 1 386 -8.704179 3.316189 104.2813 -6.710486 5.684091 108.573 0 4 304 305 306 -310 
132 3 1 1 385 -8.369358 3.219152 99.47481000000001 -5.85119 5.732289 106.2564 0 3 176 308 310 
133 3 1 1 388 -7.099526 3.688334 106.2564 -5.514743 5.270455 111.9087 0 2 -204 299 
135 3 1 1 402 -8.70528 3.68537 108.0126 -7.118128 5.269765 114.1717 0 3 -277 -292 -304 
136 3 1 1 401 -8.705415 3.68537 112.6762 -7.118018 5.272756 116.3357 0 3 276 277 610 
138 3 1 1 473 -8.369446999999999 0.6741147000000001 104.1506 -6.112084 3.193907 106.2564 0 4 70 72 75 -460 
139 3 1 1 476 -8.369331000000001 0.6769566999999999 99.26092 -5.85031 3.185449 105.4694 0 3 62 -64 -75 
140 3 1 1 475 -7.259694 0.8992813 104.6137 -5.681718 3.193907 107.2472 0 3 64 -72 -138 
141 3 1 1 456 -7.099537 1.150373 105.8025 -5.514743 2.727075 111.514 0 3 138 -153 460 
142 3 1 1 474 -8.703984999999999 1.142963 105.5231 -7.118018 2.723434 108.9662 0 2 66 -70 
143 3 1 1 226 -4.329893 -3.193887 102.6417 -1.813051 -0.67411 106.2564 0 3 -90 436 496 
144 3 1 1 225 -4.665261 -3.087918 105.5879 -2.82787 -1.153921 107.7658 0 4 90 316 446 531 
145 3 1 1 227 -3.111742 -2.727097 105.9855 -1.474744 -1.141227 111.5803 0 3 318 -446 490 
146 3 1 1 232 -4.665405 -2.727275 106.9393 -3.078023 -1.141291 113.3363 0 2 520 -531 
147 3 1 1 228 -3.446642 -3.095396 105.212 -1.474743 -0.67411 107.1593 0 3 -316 -490 -496 
148 3 1 1 194 -4.663275 -5.681805 105.305 -2.501782 -3.321989 108.9074 0 3 133 -192 571 
149 3 1 1 195 -3.058498 -5.272163 105.2119 -1.474743 -3.685399 111.5917 0 3 569 -571 -574 
150 3 1 1 171 -8.369393000000001 -3.193892 104.4486 -6.560223 -0.7294460999999999 106.2564 0 3 -350 359 -491 
151 3 1 1 169 -7.164601 -3.091339 105.3195 -5.668461 -1.165002 107.3689 0 3 402 491 525 
152 3 1 1 170 -8.367808 -3.193757 101.6931 -5.85098 -0.6744281999999999 106.2564 0 4 -294 350 -525 -608 
154 3 1 1 175 -7.100812 -2.726664 106.2564 -5.514743 -1.144005 111.8543 0 2 -402 -570 
155 3 1 1 174 -7.101632 -2.727729 111.049 -5.514753 -1.140335 115.5955 0 2 -53 570 
156 3 1 1 172 -8.703709 -2.726979 106.2564 -7.118018 -1.145353 110.1755 0 2 160 -359 
157 3 1 1 250 -8.705417000000001 -2.727656 109.4891 -7.118023 -1.140337 114.8431 0 2 -160 -507 
158 3 1 1 145 -8.36683 -5.248098 104.2815 -5.85016 -3.219154 106.2564 0 3 274 399 536 
159 3 1 1 147 -7.102005 -5.272769 106.2564 -5.514743 -3.68651 110.6222 0 2 244 -399 
160 3 1 1 382 7.118021 3.685373 113.9671 8.705418999999999 5.48407 117.6543 0 3 -319 -320 -358 
161 3 1 1 381 7.41805 3.474078 115.5542 8.705418999999999 4.487785 120.4455 0 2 317 319 
162 3 1 1 380 7.118021 3.685374 110.0309 8.705418999999999 5.272771 114.8118 0 2 320 -322 
163 3 1 1 372 5.51475 3.685458 113.1082 7.102144 5.27277 116.3357 0 3 79 -340 -417 
164 3 1 1 371 5.813487 3.474071 115.549 7.102144 4.836011 120.4338 0 2 340 -342 
165 3 1 1 327 5.808868 4.484569 116.3357 6.808444 5.484065 121.8295 0 2 247 417 
166 3 1 1 331 7.118022 0.9290357999999999 114.7776 8.705418999999999 2.939023 117.9238 0 3 65 227 411 
167 3 1 1 349 7.118022 1.140369 111.405 8.705088999999999 2.72773 116.3357 0 2 -65 381 
170 3 1 1 334 7.416119 0.9297492000000001 117.3399 8.409801 1.928844 122.2605 0 2 -227 -408 
171 3 1 1 344 5.514768 1.192381 115.1444 7.102144 2.93903 120.1883 0 3 -390 -400 -471 
172 3 1 1 343 5.514768 1.140336 111.1437 7.102137 2.727721 116.3357 0 3 389 390 -401 
173 3 1 1 338 5.514768 0.9290315 115.5492 6.901114 1.942611 120.7761 0 3 400 401 -403 
174 3 1 1 341 5.808497 1.939032 119.6353 6.807204 2.93892 123.7015 0 2 222 471 
175 3 1 1 272 3.079774 3.685436 110.1936 4.665355 5.272724 114.7933 0 2 -142 -484 
176 3 1 1 277 1.474747 3.474072 114.0545 3.062144 5.272758 117.6595 0 3 173 -275 280 
177 3 1 1 278 1.476622 3.686008 108.8832 3.061368 5.272714 114.8563 0 2 -173 -328 
179 3 1 1 273 1.770892 3.474377 116.9769 2.764393 4.473672 121.7311 0 2 275 351 
181 3 1 1 303 3.078022 0.92903 114.7806 4.665419 2.939029 117.7968 0 3 467 704 705 
182 3 1 1 434 3.372676 1.939663 117.6117 4.370741 2.938555 122.3649 0 2 205 -467 
184 3 1 1 306 1.474743 1.140431 112.7615 3.062144 2.727728 116.3357 0 3 -198 375 447 
185 3 1 1 305 1.777207 0.9290301 115.5901 3.062144 1.93403 120.464 0 2 198 448 
186 3 1 1 316 1.768449 0.9290425 119.6966 2.768433 1.929011 123.4824 0 3 -431 -435 -448 
187 3 1 1 61 7.118021 -2.939021 114.7939 8.705418999999999 -1.714032 119.5993 0 2 487 527 
188 3 1 1 62 7.118019 -2.727704 112.2192 8.705418999999999 -1.140329 116.3357 0 3 -487 547 649 
189 3 1 1 64 7.118148 -2.726452 107.0142 8.705018000000001 -1.146062 113.2059 0 2 -500 -547 
190 3 1 1 292 5.584313 -2.93903 114.8283 7.102144 -1.93403 120.2632 0 3 -281 362 -464 
191 3 1 1 295 5.514744 -2.562728 114.7816 7.102144 -0.9290314 119.8088 0 3 -362 -461 -463 
192 3 1 1 294 5.808501 -1.92903 118.812 6.808391 -0.9290328 123.3509 0 2 461 -462 
193 3 1 1 7 7.118019 -5.27277 111.6187 8.705363 -3.685428 115.6258 0 3 -218 510 589 
195 3 1 1 8 7.118028 -5.484069 115.1329 8.705418999999999 -3.685372 119.0064 0 3 287 -510 -647 
196 3 1 1 30 7.412205 -4.47407 116.9757 8.411621999999999 -3.474192 122.3556 0 2 -360 640 
198 3 1 1 2 7.413082 -5.483979 118.2793 8.408101 -4.484902 122.7898 0 2 -181 647 
199 3 1 1 22 5.514744 -5.27277 114.8109 7.102144 -3.474071 117.6941 0 3 -172 382 -541 
202 3 1 1 78 3.385886 -2.939029 115.5406 4.665419 -1.140329 119.9702 0 3 -542 599 642 
203 3 1 1 77 3.078021 -2.72773 111.747 4.662347 -1.141258 116.3357 0 2 392 542 
204 3 1 1 79 3.079488 -2.726906 106.9745 4.662678 -1.140786 112.3984 0 2 -251 -392 
206 3 1 1 109 1.474745 -2.727728 114.0558 3.062144 -0.9290310000000001 116.9606 0 3 630 670 671 
208 3 1 1 104 1.769525 -2.937011 116.9695 2.763469 -1.939112 122.0258 0 2 -213 543 
209 3 1 1 117 3.078029 -5.484068 114.0405 4.665419 -3.474071 117.0283 0 3 76 263 582 
210 3 1 1 118 3.078026 -5.272705 109.4818 4.665375 -3.685381 114.8761 0 2 -263 -645 
212 3 1 1 85 1.474761 -5.272771 113.3312 3.062144 -3.685371 116.3357 0 3 -602 694 695 
213 3 1 1 72 1.47583 -5.269968 108.6183 3.062142 -3.687885 114.1653 0 2 -55 602 
215 3 1 1 424 -3.06212 3.685851 108.2105 -1.474915 5.272651 114.0331 0 2 225 -239 
216 3 1 1 445 -3.062134 3.685371 113.1624 -1.474743 5.272771 116.3357 0 3 -225 676 677 
218 3 1 1 485 -3.062144 1.14056 110.3859 -1.474744 2.727723 115.5973 0 2 38 41 
219 3 1 1 486 -3.06214 0.9290308 115.4697 -1.474743 2.939027 117.8919 0 3 32 33 -41 
222 3 1 1 501 -4.664172 1.141315 111.432 -3.078641 2.726838 115.938 0 2 11 12 
223 3 1 1 502 -4.665419 1.140329 114.8173 -3.078018 2.939029 119.2727 0 3 10 -11 -22 
225 3 1 1 399 -7.102137 3.685391 111.2044 -5.514745 5.272764 115.5956 0 3 279 -282 -299 
226 3 1 1 397 -7.102136 4.47907 115.2037 -5.514743 5.484066 121.1803 0 3 136 282 283 
227 3 1 1 400 -7.102136 3.474071 115.2037 -5.514743 4.84375 119.906 0 3 -258 -279 -283 
228 3 1 1 403 -8.407138 4.47907 115.5866 -7.118018 5.484069 120.7691 0 2 270 -276 
229 3 1 1 404 -8.410734 3.474076 116.3357 -7.411719 4.472924 120.4771 0 2 269 -610 
230 3 1 1 449 -7.10214 1.140337 114.0567 -5.514743 2.93903 117.1017 0 3 155 674 675 
231 3 1 1 452 -6.807206 0.9298604 117.2821 -5.808447 1.929009 122.3692 0 2 -150 -152 
233 3 1 1 477 -8.705418999999999 0.9290325 115.1739 -7.118018 2.675247 119.673 0 2 60 -86 
234 3 1 1 478 -8.705418999999999 1.140449 114.0144 -7.118018 2.939019 119.617 0 3 58 -60 -81 
235 3 1 1 469 -8.411640999999999 1.939058 118.9863 -7.411974 2.939025 123.2904 0 2 81 82 
236 3 1 1 230 -3.062073 -2.727592 110.5916 -1.474949 -1.1405 115.6169 0 2 -318 -524 
237 3 1 1 229 -3.062141 -2.939027 115.5953 -1.474743 -0.92903 118.3542 0 3 430 522 524 
238 3 1 1 235 -2.76499 -2.939029 117.5904 -1.774249 -1.939798 122.3876 0 2 -409 -430 
239 3 1 1 236 -4.665085 -2.72773 111.702 -3.078018 -1.140366 116.3357 0 2 256 -520 
242 3 1 1 238 -4.37083 -2.937346 117.364 -3.378092 -1.939385 122.151 0 2 238 -478 
243 3 1 1 239 -4.37171 -2.939025 121.5665 -3.372963 -1.939035 124.3357 0 3 -238 702 703 
245 3 1 1 205 -3.062133 -5.272757 114.8277 -1.474743 -3.474072 117.7562 0 3 98 710 711 
247 3 1 1 215 -4.665389 -5.272752 110.8318 -3.078019 -3.68537 115.5897 0 2 -406 -470 
248 3 1 1 211 -4.665419 -5.484067 114.8811 -3.078018 -3.474071 118.1941 0 3 346 470 546 
249 3 1 1 216 -4.367831 -4.473865 116.6372 -3.371859 -3.475815 121.8239 0 2 -291 -346 
251 3 1 1 173 -7.102141 -2.72773 115.5835 -5.514743 -0.9290314 119.2845 0 3 53 530 -563 
252 3 1 1 176 -6.808015 -1.929023 118.8165 -5.808486 -0.9290845 123.3341 0 2 302 -530 
253 3 1 1 249 -8.705417000000001 -2.727726 114.7937 -7.118018 -0.9290363 117.0741 0 3 505 506 507 
254 3 1 1 251 -8.409485 -2.939021 116.3357 -7.411719 -1.939066 120.6539 0 2 143 -506 
255 3 1 1 256 -8.411108 -2.939005 120.1335 -7.412183 -1.939124 123.8532 0 2 -143 -335 
256 3 1 1 157 -7.102134 -5.27277 114.8484 -5.514743 -3.474071 118.1479 0 3 413 600 -616 
257 3 1 1 158 -7.102124 -5.27277 109.5616 -5.514763 -3.68537 115.4073 0 2 -244 -600 
260 3 1 1 137 -6.803464 -5.484065 115.958 -5.808444 -4.484242 121.0179 0 2 326 616 
261 3 1 1 138 -6.808443 -5.484019 120.3343 -5.808609 -4.484149 124.0607 0 2 69 -326 
262 3 1 1 139 -6.808443 -5.48407 123.7975 -5.675333 -4.484071 127.3326 0 3 -69 237 615 
263 3 1 1 159 -8.705418999999999 -5.272771 113.7034 -7.118018 -3.685371 116.3357 0 3 96 -147 -370 
264 3 1 1 130 -8.411377 -5.480307 117.5798 -7.412637 -4.484147 122.2689 0 2 156 -188 
265 3 1 1 129 -8.411718 -5.484067 121.6425 -7.411719 -4.484072 124.3357 0 3 188 364 591 
267 3 1 1 361 7.414086 4.486797 117.5427 8.411704 5.483992 121.8748 0 2 315 358 
268 3 1 1 362 7.411848 4.484078 121.5536 8.411719 5.484067 124.3357 0 3 -315 696 697 
271 3 1 1 383 7.411723 3.474078 122.1442 8.411719 4.474062 124.3357 0 3 -347 668 669 
272 3 1 1 328 5.808447 4.484071 121.0266 6.808277 5.483968 124.3357 0 3 -247 -418 -426 
273 3 1 1 326 5.912388 4.484071 123.8407 6.941554 5.48407 127.6232 0 3 -367 418 -419 
274 3 1 1 322 5.675337 4.67053 123.818 6.537068 5.48407 127.7622 0 3 367 426 -427 
275 3 1 1 321 5.675337 4.669351 127.5482 6.305294 5.297917 130.6853 0 1 427 
276 3 1 1 370 5.808444 3.474071 119.7163 6.80844 4.474061 123.8294 0 2 -54 342 
277 3 1 1 369 5.67534 3.474072 123.3002 6.808444 4.47407 130.6853 0 2 54 345 
278 3 1 1 377 6.311633 3.659326 124.3357 6.941554 4.285125 127.7855 0 2 323 -345 
279 3 1 1 329 7.278641 1.939039 123.2909 8.544829 2.939022 128.5688 0 3 416 666 667 
280 3 1 1 333 7.411719 0.9294397 121.4178 8.411719 1.929021 124.3357 0 3 407 408 -422 
281 3 1 1 324 7.278611 0.929038 123.8163 8.307774 1.741912 127.6079 0 2 422 -423 
282 3 1 1 336 7.914879 1.115877 124.3357 8.544829 1.734608 128.0863 0 2 -327 -407 
283 3 1 1 335 7.91487 1.11424 127.5251 8.544829 1.743819 130.6853 0 1 327 
284 3 1 1 342 5.808451 1.939032 123.2894 6.941554 2.939028 130.6853 0 2 -222 -329 
286 3 1 1 337 5.808455 0.9290448 120.2736 6.808416 1.929006 123.8313 0 2 272 403 
288 3 1 1 352 6.311686 1.114104 126.817 6.941554 1.743854 130.6853 0 1 -36 
289 3 1 1 257 3.37183 4.484073 122.1936 4.504829 5.48407 125.2909 0 3 102 118 499 
290 3 1 1 258 3.372271 4.484723 118.152 4.368999 5.484054 122.8483 0 2 -118 498 
292 3 1 1 287 3.238609 4.671399 123.8239 3.868569 5.29518 127.7772 0 2 466 -499 
293 3 1 1 288 3.238635 4.671399 127.0858 3.868569 5.28877 130.6853 0 1 -466 
294 3 1 1 260 3.874868 4.669255 124.8154 4.504709 5.297477 128.8847 0 2 -102 -494 
295 3 1 1 263 3.371723 3.474071 121.196 4.370704 4.474069 124.3357 0 3 -97 672 673 
296 3 1 1 261 3.376714 3.475833 116.6481 4.365969 4.473235 121.9395 0 2 97 493 
298 3 1 1 282 1.768521 4.484103 119.5433 2.768317 5.483907 123.8516 0 2 -165 469 
299 3 1 1 281 1.635337 4.484074 123.3146 2.768444 5.48407 126.2594 0 3 165 680 681 
301 3 1 1 274 1.768447 3.474075 121.0725 2.768261 4.474049 124.3357 0 3 311 -351 474 
302 3 1 1 279 1.635342 3.659968 123.8202 2.265294 4.430721 127.7025 0 3 -311 472 -502 
303 3 1 1 275 1.872388 3.661514 123.8066 2.901554 4.474066 127.5918 0 3 116 -474 502 
304 3 1 1 276 2.271711 3.659719 127.1764 2.901554 4.286658 130.6853 0 1 -116 
305 3 1 1 435 3.372546 1.939035 121.6043 4.371719 2.939025 124.3357 0 3 -205 682 683 
307 3 1 1 297 3.23861 0.9290337 123.3115 4.371719 1.929027 130.6853 0 2 394 457 
308 3 1 1 298 3.371734 0.9290336 119.521 4.371716 1.929027 123.8344 0 2 -394 455 
309 3 1 1 319 1.768898 1.939083 116.3357 2.768444 2.939027 121.3671 0 2 -429 -447 
311 3 1 1 317 1.768453 1.939037 123.1076 2.901554 2.939025 130.6853 0 2 660 661 
312 3 1 1 315 1.635335 0.9290362 123.2981 2.735095 1.929023 127.2543 0 3 405 431 -434 
313 3 1 1 314 1.908323 1.080717 123.2936 2.901554 1.929023 127.5981 0 3 -425 434 435 
314 3 1 1 98 7.278611 -1.929023 122.2717 8.411719 -0.9290403 125.3109 0 3 252 336 -354 
315 3 1 1 97 7.411814 -1.929023 118.2753 8.41169 -0.9291352 123.3483 0 2 354 633 
317 3 1 1 413 7.411728 -2.939023 122.6948 8.544829 -1.93904 128.5688 0 3 255 690 691 
318 3 1 1 414 7.4127 -2.938987 118.9235 8.409959000000001 -1.940038 123.3245 0 2 -255 -527 
320 3 1 1 293 5.675337 -1.92903 123.0737 6.941554 -0.9290309 130.6853 0 2 398 462 
322 3 1 1 289 5.808452 -2.939028 123.0734 6.941554 -1.939031 130.6853 0 2 228 465 
323 3 1 1 290 5.808744 -2.938919 119.7421 6.806756 -1.939553 123.3503 0 2 -228 464 
324 3 1 1 29 7.411723 -4.474063 121.7309 8.411719 -3.474078 124.3357 0 3 360 619 -651 
326 3 1 1 1 7.411719 -5.484068 122.1476 8.411663000000001 -4.484072 124.3357 0 3 163 181 309 
327 3 1 1 4 7.278609 -5.298561 124.1529 7.908569 -4.671123 127.8565 0 2 -68 -163 
328 3 1 1 3 7.278633 -5.285013 127.3499 7.908569 -4.68255 130.6853 0 1 68 
329 3 1 1 27 5.808888 -4.473866 120.3786 6.808322 -3.47411 124.0526 0 3 440 -489 -604 
330 3 1 1 26 5.912388 -4.47407 123.82 6.941554 -3.474072 127.3932 0 3 -368 372 604 
331 3 1 1 23 5.808445 -5.483979 120.3527 6.808102 -4.484095 123.8307 0 3 100 -515 -644 
332 3 1 1 20 5.675335 -5.48407 123.6371 6.704499 -4.484071 127.2282 0 3 -210 -613 644 
333 3 1 1 17 6.311603 -5.439863 123.6371 6.941554 -4.524677 127.5158 0 3 210 515 592 
334 3 1 1 18 6.311635 -5.292491 127.1233 6.941554 -4.67782 130.6853 0 1 -592 
335 3 1 1 121 3.371874 -1.928929 120.4079 4.371625 -0.929034 123.8477 0 2 117 620 
336 3 1 1 122 3.238611 -1.929025 123.3111 4.504829 -0.9290351 126.4803 0 3 -117 183 519 
337 3 1 1 90 3.371882 -2.938982 119.5458 4.370696 -1.939136 123.3485 0 2 -334 -642 
338 3 1 1 89 3.238639 -2.939026 122.8262 4.371719 -1.939035 130.6853 0 2 261 334 
340 3 1 1 105 1.635337 -1.929024 122.7807 2.768348 -0.9290319 125.3755 0 3 451 555 621 
341 3 1 1 106 1.768877 -1.928845 118.7714 2.766838 -0.9292232 122.8328 0 2 -555 631 
343 3 1 1 108 2.271594 -1.74312 123.8301 2.901554 -1.114058 127.6068 0 2 -572 -621 
344 3 1 1 111 1.635544 -1.744007 127.1162 2.265294 -1.115278 130.6853 0 1 627 
345 3 1 1 101 1.768453 -2.939025 121.5509 2.767259 -1.939369 124.3357 0 2 213 545 
346 3 1 1 102 1.63536 -2.939025 123.8123 2.901554 -1.939036 130.6853 0 1 -545 
347 3 1 1 125 3.372141 -4.473889 118.3376 4.370674 -3.474072 123.3592 0 2 312 488 
348 3 1 1 126 3.238623 -4.474068 122.7786 4.371719 -3.474072 130.6853 0 2 -312 618 
349 3 1 1 120 3.373141 -5.483424 116.3357 4.370543 -4.484504 121.5154 0 2 -76 -111 
350 3 1 1 113 3.371719 -5.484057 120.9477 4.3717 -4.484098 124.3357 0 2 111 421 
351 3 1 1 114 3.371719 -5.48407 123.5572 4.504829 -4.484073 126.7143 0 3 -421 664 665 
353 3 1 1 115 3.874874 -5.297551 127.1396 4.504829 -4.673432 130.6853 0 1 625 
354 3 1 1 93 1.635336 -4.474066 123.307 2.768444 -3.474075 126.4895 0 3 171 -558 643 
355 3 1 1 94 1.768959 -4.47406 120.3709 2.768278 -3.474125 123.8301 0 2 -171 -623 
357 3 1 1 92 1.63536 -4.288383 127.1238 2.265294 -3.65909 130.6853 0 1 -579 
358 3 1 1 81 1.768444 -5.484069 122.2051 2.901554 -4.484074 124.8863 0 3 441 593 611 
359 3 1 1 82 1.769994 -5.484062 118.4167 2.767087 -4.48418 122.764 0 2 -441 641 
360 3 1 1 439 -2.768443 4.484074 122.8025 -1.635333 5.484069 125.2242 0 3 190 -195 -533 
363 3 1 1 433 -2.265282 4.669091 127.0275 -1.635333 5.294133 130.6853 0 1 209 
364 3 1 1 443 -2.768308 3.474115 118.93 -1.772982 4.473756 123.2867 0 2 175 177 
365 3 1 1 444 -2.768439 3.474075 122.3574 -1.635333 4.47407 125.3097 0 3 -42 -175 -179 
367 3 1 1 441 -2.265247 3.661217 126.7674 -1.635333 4.288975 130.6853 0 1 45 
368 3 1 1 429 -4.371538 4.484073 122.7839 -3.238608 5.48407 125.6654 0 3 -71 215 216 
369 3 1 1 430 -4.371538 4.484182 118.135 -3.371816 5.483154 123.3307 0 2 -216 -231 
371 3 1 1 431 -4.504826 4.525309 123.826 -3.859559 5.299015 127.645 0 2 211 -215 
372 3 1 1 432 -4.504722 4.67037 127.3586 -3.874868 5.298399 130.6853 0 1 -211 
374 3 1 1 427 -3.868549 4.672516 127.1173 -3.238608 5.299023 130.6853 0 1 220 
376 3 1 1 425 -4.371715 3.474074 122.2102 -3.238608 4.474068 128.5688 0 3 223 684 685 
377 3 1 1 494 -2.768437 1.93903 119.0323 -1.768769 2.939006 123.3232 0 2 23 -26 
378 3 1 1 493 -2.768434 1.939036 122.59 -1.635333 2.939025 128.5688 0 3 24 25 26 
379 3 1 1 481 -2.768443 0.9290354 121.5577 -1.768458 1.929024 124.3357 0 3 50 658 659 
381 3 1 1 483 -2.271593 0.9290344 123.8128 -1.635333 1.929024 127.8285 0 3 44 -46 -50 
382 3 1 1 484 -2.265288 1.115987 127.457 -1.635333 1.743955 130.6853 0 1 -44 
383 3 1 1 487 -2.901408 1.120498 127.4002 -2.271593 1.743634 130.6853 0 1 31 
384 3 1 1 491 -4.37171 1.939036 122.2146 -3.238608 2.939025 126.4523 0 3 28 654 655 
385 3 1 1 509 -4.371718 0.9290351999999999 123.2971 -3.238608 1.929024 130.6853 0 2 2 3 
386 3 1 1 510 -4.371679 0.9290484 120.1889 -3.371762 1.92896 123.8345 0 2 1 -3 
387 3 1 1 512 -4.504827 1.115433 124.3357 -3.874868 1.740017 128.4687 0 2 -2 -137 
388 3 1 1 394 -6.704499 4.484071 123.5887 -5.675333 5.48407 127.4001 0 3 285 288 -289 
389 3 1 1 398 -6.8084 4.484087 120.6045 -5.808447 5.484032 124.0782 0 3 -136 -284 -288 
390 3 1 1 395 -6.941552 4.484071 123.8299 -6.105182 5.440057 127.723 0 3 151 284 -285 
391 3 1 1 396 -6.941532 4.672278 127.1342 -6.311593 5.288928 130.6853 0 1 -151 
392 3 1 1 389 -6.808374 3.47407 119.0455 -5.808537 4.474065 123.318 0 2 258 295 
393 3 1 1 390 -6.941541 3.47407 122.7643 -5.675333 4.47407 126.4523 0 3 -295 678 679 
394 3 1 1 411 -8.411718 4.484074 123.3167 -7.278608 5.484068 126.2064 0 3 57 264 -420 
395 3 1 1 412 -8.411705 4.484074 120.1597 -7.411721 5.484053 123.8393 0 2 -264 -270 
396 3 1 1 415 -7.908563 4.683715 127.1165 -7.278608 5.288254 130.6853 0 1 125 
397 3 1 1 408 -8.411509000000001 3.474079 120.2692 -7.411745 4.474046 123.832 0 2 -234 -269 
398 3 1 1 407 -8.411509000000001 3.474078 123.276 -7.278608 4.474063 130.6853 0 2 234 -267 
399 3 1 1 406 -8.544819 3.660347 123.8095 -7.914868 4.287217 127.7099 0 2 267 -268 
400 3 1 1 405 -8.544784 3.659204 127.2132 -7.914868 4.289047 130.6853 0 1 268 
401 3 1 1 453 -6.808434 1.939031 120.9527 -5.808444 2.938907 124.3357 0 2 144 145 
402 3 1 1 454 -6.941521 2.124051 123.799 -5.675333 2.939028 130.6853 0 1 -144 
403 3 1 1 455 -6.808443 1.939117 116.6317 -5.809817 2.938987 121.6408 0 2 -145 -155 
404 3 1 1 451 -6.808443 0.9290308 121.9014 -5.808444 1.929028 124.3357 0 3 148 149 150 
406 3 1 1 463 -6.941551 1.115399 124.3357 -6.311593 1.737312 128.3253 0 2 99 -148 
407 3 1 1 470 -8.544797000000001 1.93932 122.7585 -7.412709 2.93903 130.6853 0 2 80 -82 
409 3 1 1 467 -8.544827 0.9290406 122.742 -7.411917 1.92902 126.2521 0 3 89 92 -93 
411 3 1 1 468 -8.409606 0.9303851 118.9041 -7.413727 1.928047 122.8103 0 2 86 -92 
412 3 1 1 465 -7.908562 1.11406 124.3357 -7.278608 1.734219 128.0468 0 2 662 663 
413 3 1 1 243 -2.768443 -1.929024 123.3826 -1.635333 -0.929036 127.1769 0 3 344 433 -456 
415 3 1 1 253 -2.76833 -1.928984 120.4281 -1.76858 -0.9290299 123.8664 0 2 193 -344 
416 3 1 1 233 -2.768433 -2.939029 121.8069 -1.768444 -1.939036 124.3357 0 3 409 688 689 
418 3 1 1 246 -4.371718 -1.929025 122.7675 -3.238608 -0.9290305 126.4523 0 3 -504 706 707 
419 3 1 1 245 -4.371379 -1.928878 119.3975 -3.371896 -0.9290305 123.3133 0 2 504 -513 
421 3 1 1 221 -2.767972 -4.473869 120.435 -1.768695 -3.474071 124.3357 0 4 -538 -544 692 693 
424 3 1 1 220 -2.901539 -4.286838 123.3102 -2.180983 -3.517542 127.6511 0 3 -241 538 -540 
425 3 1 1 219 -2.901537 -4.278847 127.3559 -2.271593 -3.659097 130.6853 0 1 540 
426 3 1 1 204 -2.768412 -5.483805 119.5301 -1.76883 -4.484152 123.3254 0 2 557 -560 
427 3 1 1 203 -2.768443 -5.48407 122.706 -1.635333 -4.484074 125.5241 0 3 -453 534 560 
428 3 1 1 201 -2.901553 -5.293577 123.8058 -2.271593 -4.670374 128.0343 0 2 73 453 
429 3 1 1 202 -2.901552 -5.288688 127.3667 -2.271593 -4.682905 130.6853 0 1 -73 
430 3 1 1 213 -4.504819 -4.474067 122.8465 -3.371719 -3.474074 130.6853 0 2 708 709 
431 3 1 1 212 -4.371486 -5.484016 116.9817 -3.374368 -4.485248 122.3764 0 2 -508 -546 
432 3 1 1 209 -4.371718 -5.484047 121.9883 -3.371719 -4.484073 124.3357 0 3 508 550 552 
433 3 1 1 210 -4.267774 -5.48407 123.8176 -3.238608 -4.67369 127.5404 0 2 548 -550 
434 3 1 1 217 -4.504827 -5.297718 124.3357 -3.874868 -4.671268 128.1425 0 2 59 -552 
435 3 1 1 224 -3.868561 -5.288849 127.1391 -3.238608 -4.677236 130.6853 0 1 -548 
436 3 1 1 190 -6.808443 -1.929028 122.7317 -5.675333 -0.9290315 130.6853 0 2 -302 -566 
437 3 1 1 189 -6.941551 -1.743257 124.3357 -6.311593 -1.117611 128.4627 0 2 158 566 
438 3 1 1 165 -6.808298 -2.939028 119.0476 -5.809389 -1.939085 123.3839 0 2 184 473 
439 3 1 1 166 -6.808434 -2.939028 122.8113 -5.675333 -1.939032 130.6853 0 2 -184 475 
441 3 1 1 252 -8.41053 -1.928834 116.9249 -7.416527 -0.9292953 122.3486 0 2 -219 -505 
442 3 1 1 162 -7.914601 -1.743102 123.8292 -7.278608 -0.9290382 127.6057 0 2 -74 297 
443 3 1 1 163 -8.411718 -1.92903 121.6281 -7.411753 -0.9290382 124.3357 0 3 219 -297 598 
444 3 1 1 164 -8.544824999999999 -1.743058 124.0723 -7.914868 -1.114732 128.0609 0 2 549 -598 
445 3 1 1 161 -7.908559 -1.741127 127.1428 -7.278608 -1.114834 130.6853 0 1 74 
446 3 1 1 255 -8.544803 -2.939022 123.2688 -7.278608 -1.939039 130.6853 0 2 335 -529 
447 3 1 1 153 -6.808439 -4.47407 122.1607 -5.808444 -3.474072 124.3357 0 3 208 712 713 
448 3 1 1 156 -6.94154 -4.286019 124.1541 -6.311593 -3.663126 127.7706 0 2 -208 -501 
449 3 1 1 140 -6.305112 -5.298921 126.6889 -5.675333 -4.669126 130.6853 0 1 -237 
450 3 1 1 143 -6.941553 -5.295498 124.3357 -6.311593 -4.66909 128.2021 0 2 221 -615 
451 3 1 1 135 -8.411714999999999 -4.474062 122.7643 -7.278608 -3.474078 130.6853 0 2 404 -512 
452 3 1 1 136 -8.411255000000001 -4.473958 119.8276 -7.411775 -3.47409 123.8306 0 2 -404 617 
454 3 1 1 141 -8.544827 -5.29829 124.3357 -7.914868 -4.674806 127.8557 0 2 450 614 
455 3 1 1 142 -8.544827 -5.299049 127.5541 -7.914868 -4.6692 130.6853 0 1 -450 
456 3 1 1 131 -7.908561 -5.298388 124.8134 -7.278615 -4.678358 128.5229 0 2 428 532 
458 3 1 1 378 6.311675 3.659326 127.1148 6.941554 4.280079 130.6853 0 1 -323 
459 3 1 1 323 7.278755 1.120412 127.1641 7.908569 1.743743 130.6853 0 1 423 
460 3 1 1 285 1.635482 4.672298 127.5216 2.265294 5.298934 130.6853 0 1 415 
461 3 1 1 95 2.271594 -4.287027 124.3357 2.901554 -3.659135 127.7007 0 2 634 -643 
462 3 1 1 96 2.271594 -4.281634 127.4206 2.901554 -3.659136 130.6853 0 1 -634 
463 3 1 1 83 1.635334 -5.298347 124.3357 2.265294 -4.671281 128.1955 0 2 517 -611 
464 3 1 1 84 1.635505 -5.298347 127.4281 2.265294 -4.674556 130.6853 0 1 -517 
465 3 1 1 447 -2.901376 3.661896 127.352 -2.271593 4.288462 130.6853 0 1 161 
467 3 1 1 410 -8.544693000000001 4.669747 127.3947 -7.914868 5.297882 130.6853 0 1 -266 
468 3 1 1 409 -8.544826 4.669254 124.3357 -7.914868 5.297882 127.7443 0 2 266 420 
469 3 1 1 357 1.923988 0.03762448999999979 59.30211 8.216994 6.376806 69.16865 0 2 121 -245 
470 3 1 1 49 1.915279 -6.379219 63.17911 8.236094 -0.03197883999999984 73.48323000000001 0 3 131 313 393 
471 3 1 1 247 -4.504824 -1.742075 127.2385 -3.874868 -1.114453 130.6853 0 1 290 
473 3 1 1 283 2.271595 4.669232 126.873 2.901554 5.288214 130.6853 0 1 154 
474 3 1 1 313 2.271613 1.115268 127.1218 2.901554 1.734369 130.6853 0 1 425 
475 3 1 1 71 1.810227 -5.738987 93.55714999999999 4.330002 -3.223253 101.2251 0 2 -85 -333 
477 3 1 1 148 -8.705253000000001 -5.253789 105.2463 -7.118018 -3.687168 110.1704 0 3 -536 603 -612 
478 3 1 1 325 6.311631 4.671423 126.7579 6.941554 5.299045 130.6853 0 1 419 
479 3 1 1 262 3.078028 3.474071 113.9917 4.665419 5.27277 117.0953 0 3 142 -493 -495 
480 3 1 1 423 -4.665416 3.686188 108.8522 -3.078543 5.271494 114.1239 0 2 -40 -233 
481 3 1 1 421 -4.665417 3.68537 113.2426 -3.078018 5.27277 116.7364 0 3 233 686 687 
482 3 1 1 479 -8.704202 1.140449 109.7025 -7.118373 2.72769 114.8031 0 2 -58 396 
484 3 1 1 365 7.278608 4.682369 127.2345 7.908569 5.298944 130.6853 0 1 352 
486 3 1 1 367 7.914933 3.660764 126.7758 8.544829 4.288964 130.6853 0 1 -106 
488 3 1 1 127 7.278668 -1.742922 127.2691 7.908569 -1.118246 130.6853 0 1 -365 
489 3 1 1 25 6.311853 -4.286657 127.033 6.941554 -3.662234 130.6853 0 1 368 
490 3 1 1 31 7.914869 -4.289048 127.1225 8.544829 -3.6599 130.6853 0 1 321 
491 3 1 1 6 7.91487 -5.29874 127.193 8.544829 -4.678183 130.6853 0 1 -653 
492 3 1 1 302 6.311646 -1.742448 126.6593 6.941554 -1.11742 130.6853 0 1 -458 
493 3 1 1 107 2.271603 -1.741134 127.3674 2.901554 -1.115571 130.6853 0 1 572 
494 3 1 1 437 -2.901545 4.669453 126.7698 -2.271593 5.298587 130.6853 0 1 200 
495 3 1 1 119 3.238644 -5.288174 127.1021 3.868569 -4.669424 130.6853 0 1 -624 
496 3 1 1 320 1.635335 1.114302 126.6841 2.265294 1.744001 130.6853 0 1 -405 
497 3 1 1 87 2.271611 -5.285506 127.1252 2.901554 -4.683217 130.6853 0 1 636 
498 3 1 1 393 -6.305292 4.670347 126.6701 -5.675333 5.298117 130.6853 0 1 289 
499 3 1 1 392 -6.941337 3.663213 127.0709 -6.311593 4.283553 130.6853 0 1 -526 
500 3 1 1 471 -8.544732 1.114345 125.7754 -7.91487 1.743287 129.5368 0 2 78 -89 
502 3 1 1 207 -2.265293 -5.298403 127.0962 -1.635333 -4.670479 130.6853 0 1 537 
503 3 1 1 223 -2.265281 -4.288988 126.8971 -1.635333 -3.660293 130.6853 0 1 -535 
504 3 1 1 133 -8.544828000000001 -4.286697 127.4368 -7.914868 -3.659534 130.6853 0 1 578 
505 3 1 1 364 7.915024 4.670361 126.7773 8.544829 5.2977 130.6853 0 1 -355 
506 3 1 1 280 1.635437 3.659427 127.5486 2.265294 4.285199 130.6853 0 1 -472 
507 3 1 1 299 3.87492 1.114116 127.2369 4.504829 1.74167 130.6853 0 1 454 
508 3 1 1 124 3.874871 -1.743688 127.1969 4.504829 -1.117945 130.6853 0 1 -196 
509 3 1 1 103 7.914873 -1.742021 127.2448 8.544829 -1.117809 130.6853 0 1 -632 
510 3 1 1 19 5.675336 -5.29902 127.0784 6.305294 -4.669334 130.6853 0 1 613 
511 3 1 1 244 -2.265286 -1.744009 126.8097 -1.635333 -1.114802 130.6853 0 1 -433 
512 3 1 1 241 -2.901489 -1.743022 127.2433 -2.271593 -1.118081 130.6853 0 1 503 
513 3 1 1 155 -6.941353 -4.281178 127.5156 -6.311593 -3.663126 130.6853 0 1 501 
514 3 1 1 184 -8.166192000000001 1.495023 54.02651 -0.6054976999999999 6.373812 64.79651 0 5 -61 -207 581 -588 -590 
515 3 1 1 184 -8.263671 -6.37895 66.75993 -1.93192 -0.05784165999999979 72.28626 0 2 -185 577 
516 3 1 1 462 -8.263494 0.07214103000000005 62.28579 -1.915429 6.381217 71.70399 0 3 -105 -581 -583 
517 3 1 1 462 -6.305285 1.123841 124.3357 -5.675333 1.740064 126.4523 0 2 101 -149 
518 3 1 1 368 5.872185 3.20655 91.93988 9.110080999999999 5.734236 99.89296 0 2 348 -361 
519 3 1 1 368 7.914915 3.665827 124.3357 8.544829 4.279259 125.3284 0 2 347 -349 
520 3 1 1 12 5.864492 -5.738907 91.98423 9.110080999999999 -3.074282 98.61745000000001 0 2 -412 601 
521 3 1 1 12 7.121511 -5.224173 109.9624 8.683536 -3.731388 112.0333 0 3 -123 -589 -638 
522 3 1 1 63 5.860529 -3.183602 93.55714999999999 8.369983 -0.6741088 102.6931 0 2 -388 -586 
523 3 1 1 63 1.408297 -5.204612 80.50041 3.870065 -3.795945 83.46543 0 2 -187 648 
524 3 1 1 15 5.850866 -5.734662 97.47451 8.369706000000001 -3.247017 103.9795 0 2 -186 -601 
525 3 1 1 15 5.576245 -4.481129 111.7714 7.102141 -3.685489 113.6856 0 2 424 483 
526 3 1 1 505 -4.31157 0.692577 94.21732 -1.81791 3.182262 97.84632999999999 0 2 6 7 
527 3 1 1 505 -4.326884 3.241103 91.91433000000001 -1.81016 5.738977 99.95432 0 2 8 -235 
528 3 1 1 508 -4.31157 0.692577 96.29743000000001 -1.810502 3.193936 101.5256 0 2 -6 -13 
529 3 1 1 508 -4.504737 1.125851 128.7264 -3.874868 1.734363 130.6853 0 1 4 
530 3 1 1 490 -9.04349 1.217705 85.021 -5.11117 5.205787 90.4556 0 1 -134 
531 3 1 1 490 -8.369358 3.246325 92.7568 -5.85016 5.738945 99.47481000000001 0 3 29 -656 -657 
532 3 1 1 480 -8.369223 0.6741112 91.90772 -5.110081 3.20655 100.3062 0 2 56 -62 
533 3 1 1 480 -8.704504999999999 1.147533 107.8144 -7.165129 2.707147 110.5717 0 2 -66 -396 
534 3 1 1 200 -4.314876 -3.180816 93.55714999999999 -1.81016 -0.6741102999999999 96.3295 0 1 561 
535 3 1 1 200 -4.290836 -5.738911 91.93732 -1.81016 -3.242485 98.32834 0 3 -521 -698 -699 
536 3 1 1 192 -9.092381 -5.206498 86.62823 -5.113373 -1.2618 90.45946000000001 0 2 -122 -575 
537 3 1 1 192 -6.94141 -1.740757 127.9328 -6.311593 -1.122024 130.6853 0 1 -158 
538 3 1 1 504 -3.062144 1.148187 107.6627 -1.475332 2.727694 111.5147 0 2 -19 -38 
539 3 1 1 504 -4.663786 1.145397 108.5682 -3.084261 2.716299 112.2189 0 2 -9 -12 
540 3 1 1 492 -8.369358 3.221997 97.31648 -5.860011 5.698822 101.3203 0 2 -29 -308 
541 3 1 1 492 -3.868338 2.124102 126.4523 -3.238608 2.753655 130.6853 0 2 -654 -655 
542 3 1 1 492 -4.504799 2.124377 124.3357 -3.874868 2.753996 130.6853 0 0 
543 3 1 1 391 -8.629030999999999 3.694669 107.6343 -7.163968 5.240046 109.207 0 2 292 -305 
544 3 1 1 391 -6.305199 3.659401 126.4523 -5.675333 4.289006 130.6853 0 0 
545 3 1 1 391 -6.940573 3.660534 124.8202 -6.312989 4.283553 127.2586 0 3 526 -678 -679 
546 3 1 1 152 -8.367808 -3.193757 100.591 -5.897899 -0.6744281999999999 103.4574 0 2 294 -509 
547 3 1 1 152 -8.705418999999999 -5.272768 109.4025 -7.118032 -3.685412 114.1051 0 2 370 -603 
548 3 1 1 332 7.411893 1.939088 116.9877 8.410052 2.939027 121.5754 0 2 -411 -414 
549 3 1 1 332 7.915366 2.124069 128.5688 8.544829 2.753716 130.6853 0 1 -416 
550 3 1 1 330 7.411893 1.939055 121.0093 8.410741 2.938964 123.859 0 3 414 -666 -667 
551 3 1 1 330 7.278778 2.124418 126.4523 7.908569 2.753946 130.6853 0 0 
552 3 1 1 286 1.774829 4.47907 115.5924 3.062144 5.484068 120.23 0 2 -280 -469 
553 3 1 1 286 1.636093 4.669492 126.7436 2.249802 5.298934 127.8012 0 2 -257 -415 
554 3 1 1 304 3.078083 1.14146 111.4299 4.665403 2.727573 115.6163 0 1 -124 
555 3 1 1 304 3.38575 0.9399237 116.3357 4.371719 1.925328 117.923 0 3 -37 -704 -705 
556 3 1 1 300 3.38575 0.9305821 117.6051 4.357421 1.928167 119.9094 0 2 37 -455 
557 3 1 1 300 3.874876 1.118568 124.3357 4.504829 1.734219 127.5261 0 2 -454 -457 
558 3 1 1 5 7.145655 -5.037399 111.5606 8.683536 -3.728555 112.8222 0 2 218 638 
559 3 1 1 5 7.914882 -5.291106 123.8112 8.544829 -4.678183 127.5604 0 2 -309 653 
560 3 1 1 32 7.427261 -4.474053 116.3357 8.411719 -3.474076 117.7088 0 2 -287 -640 
561 3 1 1 32 7.91491 -4.289048 124.3357 8.544829 -3.65968 127.7254 0 2 -321 -619 
562 3 1 1 21 5.514759 -5.27277 112.9119 7.102142 -3.685378 115.529 0 3 172 -482 -483 
563 3 1 1 21 5.817207 -5.484066 116.3357 6.808444 -4.487481 118.9449 0 2 265 541 
564 3 1 1 24 5.813412 -5.47824 118.4181 6.80373 -4.484095 121.0812 0 2 -100 -265 
565 3 1 1 24 5.812149 -4.461945 117.5732 6.806598 -3.475706 121.2008 0 2 -382 489 
566 3 1 1 123 3.374036 -1.928759 116.3357 4.371719 -0.9290305 120.6009 0 2 -599 -620 
567 3 1 1 123 3.877088 -1.743688 126.1449 4.504792 -1.114988 127.8849 0 2 -183 196 
568 3 1 1 110 1.475063 -2.727721 109.6717 3.062137 -1.14061 114.9048 0 3 -587 -670 -671 
569 3 1 1 110 1.783986 -2.939027 116.3357 2.768444 -1.942967 117.636 0 1 -543 
570 3 1 1 128 3.375135 -4.473629 116.3357 4.370966 -3.474167 119.1216 0 2 -488 -582 
571 3 1 1 128 3.238611 -1.743888 124.3357 3.868569 -1.114055 130.6853 0 1 -519 
572 3 1 1 128 3.874909 -4.289037 124.3357 4.504829 -3.65948 130.6853 0 1 -618 
573 3 1 1 86 1.773698 -5.484069 116.3357 2.768444 -4.487797 119.2263 0 3 -641 -694 -695 
574 3 1 1 86 1.779674 -4.470477 116.3357 2.768444 -3.474072 118.4088 0 1 84 
575 3 1 1 446 -2.756447 3.474072 116.3357 -1.768444 4.473755 119.2914 0 3 -177 -676 -677 
576 3 1 1 446 -2.761763 4.484583 116.3357 -1.768444 5.48407 118.3427 0 1 168 
577 3 1 1 495 -2.767356 1.93903 116.6091 -1.769696 2.938042 120.1263 0 2 -23 -33 
578 3 1 1 495 -2.90152 2.124404 124.3357 -2.271593 2.753952 130.6853 0 1 -25 
579 3 1 1 488 -2.756098 0.9390495 117.6115 -1.782126 1.928569 119.1439 0 2 -32 -47 
580 3 1 1 488 -2.899961 1.114759 125.2681 -2.27208 1.742241 127.9608 0 2 -31 -432 
581 3 1 1 496 -4.371113 1.939046 118.3311 -3.371733 2.939024 122.8411 0 2 22 -28 
582 3 1 1 496 -2.264814 2.124053 128.5688 -1.635333 2.753739 130.6853 0 1 -24 
583 3 1 1 450 -6.795885 0.9290313 116.3357 -5.808444 1.925223 117.6694 0 3 152 -674 -675 
584 3 1 1 450 -7.102042 1.140337 110.3842 -5.515153 2.727728 114.8335 0 1 153 
585 3 1 1 237 -4.665418 -2.562728 115.5518 -3.078018 -0.92903 118.3574 0 2 -256 516 
586 3 1 1 237 -4.356176 -2.939029 116.3357 -3.371719 -1.942774 118.3225 0 1 478 
587 3 1 1 242 -4.368287 -1.927751 118.0451 -3.371896 -0.9303165 119.9428 0 2 513 -516 
588 3 1 1 242 -2.901551 -1.737152 124.3357 -2.271593 -1.123841 127.5451 0 2 456 -503 
589 3 1 1 196 -3.061152 -5.258995 110.1581 -1.480916 -3.686597 114.1839 0 2 568 -569 
590 3 1 1 196 -4.663275 -5.259237 107.87 -3.078675 -3.68537 111.7512 0 2 -133 406 
591 3 1 1 208 -3.061779 -5.271738 112.6062 -1.475797 -3.685706 115.6104 0 2 -98 -568 
592 3 1 1 208 -2.265293 -5.29771 125.277 -1.635722 -4.674944 127.688 0 2 -534 -537 
593 3 1 1 214 -4.371177 -4.473918 121.4498 -3.371859 -3.47411 123.3681 0 3 291 -708 -709 
594 3 1 1 214 -3.868528 -4.289036 124.3357 -3.238608 -3.659335 130.6853 0 0 
595 3 1 1 154 -6.794713 -4.473982 119.6074 -5.808951 -3.474114 122.7636 0 3 605 -712 -713 
596 3 1 1 154 -6.305257 -4.289001 124.3357 -5.675333 -3.659402 130.6853 0 0 
597 3 1 1 160 -6.805329 -4.473982 117.6102 -5.841162 -3.47413 119.9068 0 2 -413 -605 
598 3 1 1 160 -8.407279000000001 -4.471072 116.3357 -7.411719 -3.474079 120.421 0 2 -96 -617 
599 3 1 1 132 -8.396176000000001 -5.48407 116.3357 -7.411719 -4.48799 117.6466 0 2 147 -156 
600 3 1 1 132 -7.908539 -5.28544 128.0635 -7.278608 -4.683128 130.6853 0 1 -428 
601 3 1 1 363 7.278609 4.484078 123.8303 7.91442 5.289259 125.298 0 1 112 
602 3 1 1 363 7.914879 4.678882 124.3357 8.544829 5.297125 127.2372 0 3 355 -696 -697 
603 3 1 1 384 7.412397 3.474086 119.7605 8.4091 4.460035 122.7348 0 3 -317 -668 -669 
604 3 1 1 384 7.278622 3.659111 124.3357 7.908569 4.288779 130.6853 0 0 
605 3 1 1 339 5.675361 2.124323 124.3357 6.305294 2.75401 130.6853 0 1 329 
606 3 1 1 339 5.675335 0.9290316 123.2954 6.808444 1.929028 126.4523 0 3 -272 700 701 
607 3 1 1 340 5.675348 1.114134 124.3357 6.305294 1.743687 130.6853 0 2 -700 -701 
608 3 1 1 340 6.311601 1.114104 124.3357 6.941554 1.740164 127.2665 0 1 36 
609 3 1 1 259 3.377825 4.484581 116.3357 4.371719 5.484067 118.4041 0 2 495 -498 
610 3 1 1 259 3.874868 4.680371 128.3244 4.504829 5.29255 130.6853 0 1 494 
611 3 1 1 264 3.873432 3.659474 123.8214 4.504829 4.474067 130.6853 0 2 -672 -673 
612 3 1 1 264 3.238622 3.474074 123.8313 3.873687 4.288815 130.6853 0 0 
613 3 1 1 284 2.271602 4.669232 124.3357 2.901554 5.293039 127.1498 0 1 -154 
614 3 1 1 284 1.636093 4.669492 125.807 2.263785 5.294591 127.1875 0 3 257 -680 -681 
615 3 1 1 436 3.238641 2.124383 123.8208 3.868569 2.753944 130.6853 0 2 -682 -683 
616 3 1 1 436 3.874974 2.124053 124.3357 4.504829 2.753666 130.6853 0 0 
617 3 1 1 318 1.768717 1.939043 120.9812 2.767362 2.939012 123.3702 0 3 429 -660 -661 
618 3 1 1 318 1.635365 2.124304 124.3357 2.265294 2.75399 130.6853 0 0 
619 3 1 1 100 7.914875 -1.741874 124.3357 8.544829 -1.116437 127.7411 0 2 -336 632 
620 3 1 1 100 7.278668 -1.742722 126.2648 7.908477 -1.124059 127.7045 0 2 -343 365 
621 3 1 1 416 7.278639 -2.753945 124.3357 7.908569 -2.124421 130.6853 0 0 
622 3 1 1 416 -7.908053 4.669214 125.6793 -7.278624 5.293093 127.4139 0 2 -57 -125 
623 3 1 1 416 7.915143 -2.753706 126.4523 8.544829 -2.124065 130.6853 0 2 -690 -691 
624 3 1 1 296 6.311597 -1.743224 124.3357 6.941458 -1.114225 127.0939 0 2 -398 458 
625 3 1 1 296 5.675356 -2.754009 124.3357 6.305294 -2.124319 130.6853 0 1 -465 
626 3 1 1 28 7.278623 -4.288785 124.3357 7.908569 -3.659111 130.6853 0 1 651 
627 3 1 1 28 5.675343 -4.47407 123.5896 6.512215 -3.474072 130.6853 0 2 -372 -440 
628 3 1 1 91 3.371728 -2.939026 124.2066 4.504829 -1.939035 130.6853 0 1 -261 
629 3 1 1 91 1.647325 -4.288186 126.1382 2.265248 -3.661773 127.5687 0 2 558 579 
630 3 1 1 112 1.771621 -1.927161 116.3357 2.766439 -0.9300045 119.6202 0 2 -630 -631 
631 3 1 1 112 1.63568 -1.744007 125.2105 2.265225 -1.115621 127.5625 0 2 -451 -627 
632 3 1 1 116 3.238609 -5.294536 124.3357 3.868569 -4.669183 127.4417 0 3 624 -664 -665 
633 3 1 1 116 3.875199 -5.28614 126.6395 4.50399 -4.673432 127.6484 0 1 -625 
634 3 1 1 88 1.768688 -4.466169 118.0674 2.766895 -3.483693 120.5252 0 2 -84 623 
635 3 1 1 88 2.273232 -5.298279 124.7848 2.901426 -4.678524 127.4236 0 2 -593 -636 
636 3 1 1 440 -2.767228 4.484226 120.5174 -1.768464 5.483495 122.8881 0 2 189 -190 
637 3 1 1 440 -2.257665 4.66918 125.7417 -1.636543 5.295569 127.4596 0 2 -197 -209 
638 3 1 1 438 -2.901553 4.669453 124.3357 -2.271593 5.298587 127.2451 0 2 -200 533 
639 3 1 1 438 -2.265166 4.684322 124.7899 -1.63551 5.295569 126.1708 0 2 195 197 
640 3 1 1 442 -2.262851 3.664686 125.0884 -1.635513 4.277144 127.2201 0 2 42 -45 
641 3 1 1 442 -2.90154 3.660731 124.3357 -2.271593 4.282247 126.2602 0 2 179 180 
642 3 1 1 422 -4.361478 4.484769 116.3357 -3.371719 5.484068 118.3929 0 1 231 
643 3 1 1 422 -4.362903 3.474071 116.3357 -3.371719 4.471611 119.6541 0 3 229 -686 -687 
644 3 1 1 428 -3.867852 4.670279 125.2184 -3.239046 5.299023 127.6173 0 2 71 -220 
645 3 1 1 428 -4.504821 3.659093 124.3357 -3.874868 4.288687 130.6853 0 1 -223 
646 3 1 1 426 -4.371029 3.474146 118.9615 -3.374095 4.473905 122.8062 0 3 -229 -684 -685 
647 3 1 1 426 -3.86846 3.659336 126.4523 -3.238608 4.289035 130.6853 0 0 
648 3 1 1 482 -2.767323 0.9290793000000001 118.403 -1.770564 1.929013 121.8327 0 1 47 
649 3 1 1 482 -2.901552 0.9290344 123.8161 -2.066729 1.734219 125.3877 0 4 46 432 -658 -659 
650 3 1 1 464 -6.305285 1.114356 124.3357 -5.675333 1.743915 130.6853 0 1 -101 
651 3 1 1 464 -6.941553 1.126992 128.0529 -6.311593 1.72995 130.6853 0 1 -99 
652 3 1 1 472 -8.307774 1.93904 123.8153 -7.278608 2.939022 130.6853 0 1 -80 
653 3 1 1 472 -8.544821000000001 1.12373 129.2223 -7.914868 1.735297 130.6853 0 1 -78 
654 3 1 1 466 -8.10924 0.9290406 123.2955 -7.411719 1.889194 124.3357 0 1 93 
655 3 1 1 466 -7.908565 1.11406 127.9821 -7.278608 1.73287 130.6853 0 2 -662 -663 
656 3 1 1 254 -2.767306 -1.928896 116.3357 -1.769882 -0.9301803 120.5958 0 2 -193 -522 
657 3 1 1 254 -8.544650000000001 -2.753967 126.4523 -7.914868 -2.124348 130.6853 0 1 529 
658 3 1 1 234 -2.26518 -2.753748 124.1545 -1.635333 -2.124053 130.6853 0 2 -688 -689 
659 3 1 1 234 -2.901522 -2.75395 124.3357 -2.271593 -2.124404 130.6853 0 0 
660 3 1 1 222 -2.735985 -4.47407 119.0424 -1.769645 -3.474438 121.2296 0 3 -556 -692 -693 
661 3 1 1 222 -2.271593 -4.287569 123.8214 -1.635333 -3.659776 127.3192 0 2 -202 535 
662 3 1 1 206 -2.76498 -4.469608 117.5925 -1.797687 -3.474684 119.3958 0 1 556 
663 3 1 1 206 -2.763211 -5.484068 116.3357 -1.768444 -4.485864 119.9314 0 3 -557 -710 -711 
664 3 1 1 218 -2.767972 -4.474067 123.3113 -1.802672 -3.800069 124.3357 0 3 202 241 544 
665 3 1 1 218 -4.504826 -5.297554 127.6505 -3.874868 -4.670175 130.6853 0 1 -59 
666 3 1 1 167 -6.941523 -2.753946 124.3357 -6.311593 -2.124383 130.6853 0 1 -475 
667 3 1 1 167 -8.544437 -1.743996 127.6287 -7.915011 -1.115143 129.5888 0 2 -549 629 
668 3 1 1 144 -8.411718 -5.484067 123.8385 -7.515663 -4.484078 124.3357 0 2 -364 -614 
669 3 1 1 144 -6.941517 -5.289418 127.6411 -6.311593 -4.671268 130.6853 0 1 -221 
670 3 1 1 134 -7.908562 -5.297569 124.3357 -7.278608 -4.678882 125.3455 0 2 -532 -591 
671 3 1 1 134 -8.544816000000001 -4.286963 124.3357 -7.914868 -3.667488 127.6504 0 2 512 -578 
672 3 1 1 448 -2.901357 3.660279 125.755 -2.271616 4.284892 128.1103 0 2 -161 -180 
673 3 1 1 448 -2.766978 4.484266 117.5549 -1.768464 5.483624 121.2778 0 2 -168 -189 
674 3 1 1 248 -4.504825 -1.742923 124.3357 -3.874868 -1.117367 127.6158 0 1 -290 
675 3 1 1 248 -3.868545 -1.744006 126.4523 -3.238608 -1.114184 130.6853 0 2 -706 -707 
676 3 1 1 511 -4.490509 1.116426 128.1702 -3.874934 1.740017 128.8671 0 2 -4 137 
677 3 1 1 511 -4.364749 0.9290303 116.3357 -3.371719 1.928826 120.64 0 2 -1 -10 
678 3 1 1 168 -6.795126 -2.93903 116.3357 -5.808444 -1.939085 119.8854 0 2 -473 563 
679 3 1 1 168 -8.544679 -1.73807 129.2942 -7.914868 -1.127073 130.6853 0 1 -629 
680 3 1 1 366 7.278638 4.673719 125.0639 7.908457 5.298944 127.4572 0 2 -112 -352 
681 3 1 1 366 7.91824 3.663432 125.2541 8.544720999999999 4.287028 127.4664 0 2 106 349 
682 3 1 1 99 7.412248 -1.929006 116.3357 8.411719 -0.9290322 118.9615 0 2 -633 -649 
683 3 1 1 99 7.278751 -1.73711 124.7961 7.908558 -1.124059 126.7859 0 2 -252 343 
684 3 1 1 240 -3.926536 -2.894135 123.2653 -3.238608 -1.97738 130.6853 0 2 -702 -703 
685 3 1 1 240 -4.504804 -2.753996 124.3357 -3.874868 -2.12438 130.6853 0 0 
$EndPartitionedEntities
$Nodes
14 52 1519 1676
0 8 0 1
1655
-4.7594 2.114698 55.85108
0 9 0 1
1661
-6.296021 -0.5027376 50.91992
1 42 0 2
1673
1525
-7.487221 -0.2598286 48.46753
-10.1106 -0.4390651 48.87698
1 53 0 3
1534
1670
1529
-2.588688 4.375094 43.55319
-2.719206 1.173623 42.38067
-0.8129327 -2.665412 43.69371
1 85 0 2
1646
1548
-3.998062 -2.610579 48.57629
-0.4121202 -1.87486 46.88256
1 98 0 1
1640
-4.736057 1.097589 53.73734
1 112 0 2
1631
1608
-3.063606 2.713627 54.02651
-1.191722 3.193934 54.79975
1 114 0 1
1602
-5.241291 5.037415 54.75383
2 61 0 1
1609
-2.969423 4.571786 54.76468
2 226 0 5
1568
1648
1584
1591
1630
-10.00411 1.118362 51.8572
-7.316291 1.596936 52.03764
-8.743316999999999 3.47164 52.0709
-6.532902 4.828735 52.12933
-5.640549 3.078457 53.01514
2 366 0 5
1638
1637
1567
1577
1600
-1.99011 0.3075877 54.29419
-2.434785 -0.4932103 52.16137
-0.1703788 -1.093136 49.72241
-0.05040039 -0.005978161 52.29767
-0.1829033 1.148052 54.84058
2 480 0 9
1642
1532
1644
1519
1676
1663
1533
1551
1645
-3.608537 -2.368787 45.28097
-8.695361999999999 3.521415 46.95394
-5.799591 0.8320189 45.9765
-9.948352999999999 1.340005 46.5418
-2.202257 1.104625 45.11704
-4.188163 2.5991 47.02856
-6.576447 4.81551 46.79392
-4.046823 4.93052 46.55301
-6.365527 -2.403992 47.50566
2 628 0 2
1554
1560
-0.05780391 0.2731367 44.76256
-0.6210213 2.329361 42.36719
3 22 0 17
1552
1530
1553
1540
1596
1643
1660
1662
1575
1664
1559
1587
1576
1564
1541
1557
1597
-1.863657 3.871512 46.81825
-0.8629637999999999 2.744066 44.90258
-0.4498788 1.966454 47.21515
-0.0508839 0.07006427 47.6182
-4.092243 4.939913 52.10772
-4.844796 -0.1725593 48.21806
-3.850291 3.181039 50.92787
-5.987531 2.265512 49.52051
-2.962443 4.568542 49.42379
-2.83422 1.614345 48.96541
-5.302918 5.035188 49.43469
-0.5605897 2.209553 52.26104
-1.135514 3.124071 49.59683
-0.1749159 1.113359 49.80494
-9.549205000000001 2.348324 49.33558
-7.736209 4.289105 49.48606
-1.993749 3.976323 52.1504
$EndNodes
$Elements
14 181 1782 68032
0 8 15 1
68031 1655 
0 9 15 1
68032 1661 
1 42 1 2
67841 1673 1525 
67962 1661 1673 
1 53 1 2
67860 1534 1670 
67886 1670 1529 
1 85 1 2
67919 1646 1661 
67968 1548 1646 
1 98 1 2
67944 1640 1655 
67978 1661 1640 
1 112 1 2
67987 1655 1631 
67993 1631 1608 
1 114 1 1
67990 1602 1655 
2 61 2 3
63025 1609 1631 1608 
65362 1602 1655 1631 
67135 1609 1602 1631 
2 226 2 11
63352 1568 1648 1673 
63535 1568 1673 1525 
64772 1648 1584 1591 
64898 1648 1568 1584 
65430 1648 1591 1630 
65433 1630 1591 1602 
65440 1630 1640 1661 
65443 1602 1655 1630 
65452 1673 1648 1661 
66401 1630 1655 1640 
67569 1630 1661 1648 
2 366 2 12
63792 1631 1638 1637 
63805 1646 1637 1567 
64998 1637 1577 1567 
65311 1638 1577 1637 
65394 1600 1577 1638 
65895 1646 1567 1548 
65995 1608 1638 1631 
66199 1631 1637 1640 
66425 1608 1600 1638 
67231 1637 1646 1661 
67290 1631 1640 1655 
67342 1637 1661 1640 
2 480 2 20
64459 1548 1646 1642 
65078 1532 1644 1519 
65225 1676 1644 1663 
65365 1548 1642 1529 
65366 1663 1533 1551 
65369 1529 1642 1670 
65371 1642 1646 1645 
65374 1673 1519 1644 
65375 1673 1525 1519 
65377 1673 1644 1645 
65381 1533 1644 1532 
65382 1661 1645 1646 
65510 1676 1670 1642 
65564 1533 1663 1644 
65821 1663 1551 1534 
66143 1676 1663 1534 
67013 1642 1644 1676 
67287 1673 1645 1661 
67555 1676 1534 1670 
67610 1642 1645 1644 
2 628 2 3
66054 1670 1554 1560 
66673 1670 1560 1534 
67176 1670 1529 1554 
3 22 4 119
1927 1552 1663 1534 1676 
1974 1552 1534 1530 1676 
1983 1560 1530 1534 1676 
2024 1529 1670 1642 1676 
2044 1554 1529 1548 1676 
2070 1560 1670 1554 1676 
2088 1560 1554 1530 1676 
2095 1554 1553 1530 1676 
2097 1553 1552 1530 1676 
2098 1554 1548 1540 1676 
2124 1554 1670 1529 1676 
2151 1552 1551 1534 1663 
2158 1548 1529 1642 1676 
2221 1560 1534 1670 1676 
2317 1554 1540 1553 1676 
1782 1602 1630 1596 1631 
1797 1642 1643 1644 1645 
1815 1596 1630 1591 1660 
1816 1630 1661 1648 1662 
1818 1575 1662 1663 1664 
1819 1575 1660 1559 1662 
1820 1587 1660 1576 1664 
1821 1591 1559 1660 1662 
1822 1637 1640 1660 1661 
1825 1630 1640 1631 1655 
1846 1643 1645 1646 1661 
1853 1643 1661 1662 1673 
1862 1567 1637 1643 1646 
1902 1643 1663 1664 1676 
1903 1553 1552 1663 1664 
1904 1575 1663 1552 1664 
1905 1631 1637 1640 1660 
1907 1630 1631 1640 1660 
1909 1630 1660 1640 1661 
1910 1587 1564 1637 1664 
1911 1591 1660 1630 1662 
1912 1587 1637 1660 1664 
1915 1575 1551 1552 1663 
1929 1540 1643 1664 1676 
1930 1541 1532 1662 1673 
1931 1533 1532 1644 1662 
1932 1567 1643 1548 1646 
1934 1591 1648 1557 1662 
1935 1541 1662 1648 1673 
1936 1548 1643 1540 1676 
1937 1597 1631 1596 1660 
1938 1591 1630 1648 1662 
1939 1567 1540 1643 1664 
1940 1660 1661 1662 1664 
1943 1587 1637 1631 1660 
1948 1609 1602 1596 1631 
1957 1643 1644 1645 1673 
1963 1541 1525 1519 1673 
1972 1532 1644 1662 1673 
1978 1532 1519 1644 1673 
1980 1576 1575 1552 1664 
1987 1642 1643 1645 1646 
1993 1567 1540 1548 1643 
2004 1557 1532 1533 1662 
2009 1559 1557 1533 1662 
2016 1596 1631 1630 1660 
2017 1541 1519 1532 1673 
2018 1648 1662 1661 1673 
2025 1557 1541 1532 1662 
2026 1637 1661 1660 1664 
2027 1576 1660 1575 1664 
2031 1568 1525 1541 1673 
2050 1642 1644 1643 1676 
2051 1591 1557 1559 1662 
2055 1575 1559 1551 1663 
2073 1576 1553 1564 1664 
2079 1637 1643 1646 1661 
2093 1643 1645 1661 1673 
2099 1533 1662 1644 1663 
2112 1559 1533 1551 1663 
2117 1596 1591 1559 1660 
2119 1548 1643 1642 1646 
2131 1587 1637 1577 1638 
2138 1575 1662 1559 1663 
2142 1575 1660 1662 1664 
2143 1553 1663 1552 1676 
2145 1559 1662 1533 1663 
2152 1643 1662 1644 1673 
2154 1548 1642 1643 1676 
2155 1643 1663 1662 1664 
2160 1553 1664 1663 1676 
2166 1553 1540 1664 1676 
2180 1597 1587 1631 1660 
2182 1567 1564 1540 1664 
2183 1587 1631 1637 1638 
2187 1643 1644 1662 1663 
2188 1564 1553 1540 1664 
2194 1643 1644 1663 1676 
2195 1584 1541 1557 1648 
2202 1568 1541 1648 1673 
2214 1567 1643 1637 1664 
2233 1596 1559 1575 1660 
2243 1597 1576 1587 1660 
2244 1587 1564 1577 1637 
2251 1637 1643 1661 1664 
2271 1577 1564 1567 1637 
2272 1597 1575 1576 1660 
2274 1602 1630 1631 1655 
2278 1643 1662 1661 1664 
2293 1584 1568 1541 1648 
2298 1602 1591 1596 1630 
2306 1587 1576 1564 1664 
2322 1597 1596 1575 1660 
2333 1591 1584 1557 1648 
2356 1608 1597 1587 1631 
2360 1609 1596 1597 1631 
2372 1576 1552 1553 1664 
2381 1557 1648 1541 1662 
2383 1630 1660 1661 1662 
2400 1567 1637 1564 1664 
2438 1609 1597 1608 1631 
2137 1608 1631 1587 1638 
2246 1600 1587 1577 1638 
2288 1608 1587 1600 1638 
$EndElements
